t_over_theta,r
0.000000000000e+00,1.000000000000e+00
1.000050002500e-02,9.996259562966e-01
2.000100005000e-02,9.985088209889e-01
3.000150007500e-02,9.966544583917e-01
4.000200010001e-02,9.940665992354e-01
5.000250012501e-02,9.907468656288e-01
6.000300015001e-02,9.866947681563e-01
7.000350017501e-02,9.819076748239e-01
8.000400020001e-02,9.763807509448e-01
9.000450022501e-02,9.701068678107e-01
1.000050002500e-01,9.630764776520e-01
1.100055002750e-01,9.552774500213e-01
1.200060003000e-01,9.466948646736e-01
1.300065003250e-01,9.373107530643e-01
1.400070003500e-01,9.271037793713e-01
1.500075003750e-01,9.160488478671e-01
1.600080004000e-01,9.041166206685e-01
1.700085004250e-01,8.912729246335e-01
1.800090004500e-01,8.774780184850e-01
1.900095004750e-01,8.626856828669e-01
2.000100005000e-01,8.468420827018e-01
2.100105005250e-01,8.298843321391e-01
2.200110005500e-01,8.117386666601e-01
2.300115005750e-01,7.923180887934e-01
2.400120006000e-01,7.715192950351e-01
2.500125006250e-01,7.492186076927e-01
2.600130006500e-01,7.252664999153e-01
2.700135006750e-01,6.994800938028e-01
2.800140007000e-01,6.716326728307e-01
2.900145007250e-01,6.414386978613e-01
3.000150007500e-01,6.085319002450e-01
3.100155007750e-01,5.724325360506e-01
3.200160008000e-01,5.324976660295e-01
3.300165008250e-01,4.878463900977e-01
3.400170008500e-01,4.372595519528e-01
3.500175008750e-01,3.791367846627e-01
3.600180009000e-01,3.122673742889e-01
3.700185009250e-01,2.437242021988e-01
3.800190009500e-01,2.230626047923e-01
3.900195009750e-01,2.705531973151e-01
4.000200010001e-01,3.285528426580e-01
4.100205010251e-01,3.807083270948e-01
4.200210010501e-01,4.263776329578e-01
4.300215010751e-01,4.666819689468e-01
4.400220011001e-01,5.026632526413e-01
4.500225011251e-01,5.351173944344e-01
4.600230011501e-01,5.646391752471e-01
4.700235011751e-01,5.916781664188e-01
4.800240012001e-01,6.165806313080e-01
4.900245012251e-01,6.396184874603e-01
5.000250012501e-01,6.610091538127e-01
5.100255012751e-01,6.809293108341e-01
5.200260013001e-01,6.995246110397e-01
5.300265013251e-01,7.169166634446e-01
5.400270013501e-01,7.332081509137e-01
5.500275013751e-01,7.484866453534e-01
5.600280014001e-01,7.628274977690e-01
5.700285014251e-01,7.762960600190e-01
5.800290014501e-01,7.889494155814e-01
5.900295014751e-01,8.008377446675e-01
6.000300015001e-01,8.120054127173e-01
6.100305015251e-01,8.224918474790e-01
6.200310015501e-01,8.323322522470e-01
6.300315015751e-01,8.415581908608e-01
6.400320016001e-01,8.501980714717e-01
6.500325016251e-01,8.582775493195e-01
6.600330016501e-01,8.658198644599e-01
6.700335016751e-01,8.728461267287e-01
6.800340017001e-01,8.793755574498e-01
6.900345017251e-01,8.854256956559e-01
7.000350017501e-01,8.910125747542e-01
7.100355017751e-01,8.961508747564e-01
7.200360018001e-01,9.008540537183e-01
7.300365018251e-01,9.051344618793e-01
7.400370018501e-01,9.090034409501e-01
7.500375018751e-01,9.124714109026e-01
7.600380019001e-01,9.155479458189e-01
7.700385019251e-01,9.182418405298e-01
7.800390019501e-01,9.205611690991e-01
7.900395019751e-01,9.225133363897e-01
8.000400020001e-01,9.241051233810e-01
8.100405020251e-01,9.253427271585e-01
8.200410020501e-01,9.262317961079e-01
8.300415020751e-01,9.267774608616e-01
8.400420021001e-01,9.269843615252e-01
8.500425021251e-01,9.268566714287e-01
8.600430021501e-01,9.263981178754e-01
8.700435021751e-01,9.256120000816e-01
8.800440022001e-01,9.245012045689e-01
8.900445022251e-01,9.230682182403e-01
9.000450022501e-01,9.213151392462e-01
9.100455022751e-01,9.192436858501e-01
9.200460023001e-01,9.168552033734e-01
9.300465023251e-01,9.141506693274e-01
9.400470023501e-01,9.111306968276e-01
9.500475023751e-01,9.077955363227e-01
9.600480024001e-01,9.041450757197e-01
9.700485024251e-01,9.001788389233e-01
9.800490024501e-01,8.958959828220e-01
9.900495024751e-01,8.912952927461e-01
1.000050002500e+00,8.863751763968e-01
1.010050502525e+00,8.811336562709e-01
1.020051002550e+00,8.755683605836e-01
1.030051502575e+00,8.696765127094e-01
1.040052002600e+00,8.634549191547e-01
1.050052502625e+00,8.568999561277e-01
1.060053002650e+00,8.500075547454e-01
1.070053502675e+00,8.427731850228e-01
1.080054002700e+00,8.351918388081e-01
1.090054502725e+00,8.272580118356e-01
1.100055002750e+00,8.189656854428e-01
1.110055502775e+00,8.103083082495e-01
1.120056002800e+00,8.012787787732e-01
1.130056502825e+00,7.918694299854e-01
1.140057002850e+00,7.820720168315e-01
1.150057502875e+00,7.718777097574e-01
1.160058002900e+00,7.612770960601e-01
1.170058502925e+00,7.502601936544e-01
1.180059002950e+00,7.388164825546e-01
1.190059502975e+00,7.269349618081e-01
1.200060003000e+00,7.146042426987e-01
1.210060503025e+00,7.018126929240e-01
1.220061003050e+00,6.885486531784e-01
1.230061503075e+00,6.748007559385e-01
1.240062003100e+00,6.605583874687e-01
1.250062503125e+00,6.458123542356e-01
1.260063003150e+00,6.305558372738e-01
1.270063503175e+00,6.147857559584e-01
1.280064003200e+00,5.985047143784e-01
1.290064503225e+00,5.817237741375e-01
1.300065003250e+00,5.644664011362e-01
1.310065503275e+00,5.467740630806e-01
1.320066003300e+00,5.287141181515e-01
1.330066503325e+00,5.103907970947e-01
1.340067003350e+00,4.919601518119e-01
1.350067503375e+00,4.736496008908e-01
1.360068003400e+00,4.557816625799e-01
1.370068503425e+00,4.387987810622e-01
1.380069003450e+00,4.232807703408e-01
1.390069503475e+00,4.099382412698e-01
1.400070003500e+00,3.995584745811e-01
1.410070503525e+00,3.928861988774e-01
1.420071003550e+00,3.904544239775e-01
1.430071503575e+00,3.924312125733e-01
1.440072003600e+00,3.985679774656e-01
1.450072503625e+00,4.082819283124e-01
1.460073003650e+00,4.208201767213e-01
1.470073503675e+00,4.354192333292e-01
1.480074003700e+00,4.514070517403e-01
1.490074503725e+00,4.682434753352e-01
1.500075003750e+00,4.855197739080e-01
1.510075503775e+00,5.029392201313e-01
1.520076003800e+00,5.202928877132e-01
1.530076503825e+00,5.374374394207e-01
1.540077003850e+00,5.542771464066e-01
1.550077503875e+00,5.707502348438e-01
1.560078003900e+00,5.868188758761e-01
1.570078503925e+00,6.024619869336e-01
1.580079003950e+00,6.176701095326e-01
1.590079503975e+00,6.324417829294e-01
1.600080004000e+00,6.467809834139e-01
1.610080504025e+00,6.606953173980e-01
1.620081004050e+00,6.741947474708e-01
1.630081504075e+00,6.872906949935e-01
1.640082004100e+00,6.999954094752e-01
1.650082504125e+00,7.123215273645e-01
1.660083004150e+00,7.242817654795e-01
1.670083504175e+00,7.358887106532e-01
1.680084004200e+00,7.471546778970e-01
1.690084504225e+00,7.580916176097e-01
1.700085004250e+00,7.687110577681e-01
1.710085504275e+00,7.790240709471e-01
1.720086004300e+00,7.890412590060e-01
1.730086504325e+00,7.987727501071e-01
1.740087004350e+00,8.082282042802e-01
1.750087504375e+00,8.174168248131e-01
1.760088004400e+00,8.263473734432e-01
1.770088504425e+00,8.350281879347e-01
1.780089004450e+00,8.434672009881e-01
1.790089504475e+00,8.516719597674e-01
1.800090004500e+00,8.596496455000e-01
1.810090504525e+00,8.674070928551e-01
1.820091004550e+00,8.749508086620e-01
1.830091504575e+00,8.822869901064e-01
1.840092004600e+00,8.894215420255e-01
1.850092504625e+00,8.963600933985e-01
1.860093004650e+00,9.031080129745e-01
1.870093504675e+00,9.096704239987e-01
1.880094004700e+00,9.160522181242e-01
1.890094504725e+00,9.222580684669e-01
1.900095004750e+00,9.282924418727e-01
1.910095504775e+00,9.341596104255e-01
1.920096004800e+00,9.398636622322e-01
1.930096504825e+00,9.454085115309e-01
1.940097004850e+00,9.507979081578e-01
1.950097504875e+00,9.560354464147e-01
1.960098004900e+00,9.611245733735e-01
1.970098504925e+00,9.660685966590e-01
1.980099004950e+00,9.708706917368e-01
1.990099504975e+00,9.755339087471e-01
2.000100005000e+00,9.800611789108e-01
2.010100505025e+00,9.844553205373e-01
2.020101005050e+00,9.887190446651e-01
2.030101505075e+00,9.928549603535e-01
2.040102005100e+00,9.968655796560e-01
2.050102505125e+00,1.000753322293e+00
2.060103005150e+00,1.004520520045e+00
2.070103505175e+00,1.008169420889e+00
2.080104005200e+00,1.011702192888e+00
2.090104505225e+00,1.015120927858e+00
2.100105005250e+00,1.018427644821e+00
2.110105505275e+00,1.021624293265e+00
2.120106005300e+00,1.024712756218e+00
2.130106505325e+00,1.027694853150e+00
2.140107005350e+00,1.030572342713e+00
2.150107505375e+00,1.033346925335e+00
2.160108005400e+00,1.036020245671e+00
2.170108505425e+00,1.038593894923e+00
2.180109005450e+00,1.041069413034e+00
2.190109505475e+00,1.043448290773e+00
2.200110005500e+00,1.045731971707e+00
2.210110505525e+00,1.047921854069e+00
2.220111005550e+00,1.050019292541e+00
2.230111505575e+00,1.052025599934e+00
2.240112005600e+00,1.053942048796e+00
2.250112505625e+00,1.055769872932e+00
2.260113005650e+00,1.057510268857e+00
2.270113505675e+00,1.059164397174e+00
2.280114005700e+00,1.060733383887e+00
2.290114505725e+00,1.062218321654e+00
2.300115005750e+00,1.063620270984e+00
2.310115505775e+00,1.064940261369e+00
2.320116005800e+00,1.066179292375e+00
2.330116505825e+00,1.067338334681e+00
2.340117005850e+00,1.068418331070e+00
2.350117505875e+00,1.069420197374e+00
2.360118005900e+00,1.070344823388e+00
2.370118505925e+00,1.071193073732e+00
2.380119005950e+00,1.071965788688e+00
2.390119505975e+00,1.072663784994e+00
2.400120006000e+00,1.073287856611e+00
2.410120506025e+00,1.073838775456e+00
2.420121006050e+00,1.074317292107e+00
2.430121506075e+00,1.074724136480e+00
2.440122006100e+00,1.075060018479e+00
2.450122506125e+00,1.075325628627e+00
2.460123006150e+00,1.075521638665e+00
2.470123506175e+00,1.075648702134e+00
2.480124006200e+00,1.075707454940e+00
2.490124506225e+00,1.075698515890e+00
2.500125006250e+00,1.075622487221e+00
2.510125506275e+00,1.075479955101e+00
2.520126006300e+00,1.075271490122e+00
2.530126506325e+00,1.074997647771e+00
2.540127006350e+00,1.074658968896e+00
2.550127506375e+00,1.074255980148e+00
2.560128006400e+00,1.073789194415e+00
2.570128506425e+00,1.073259111250e+00
2.580129006450e+00,1.072666217277e+00
2.590129506475e+00,1.072010986595e+00
2.600130006500e+00,1.071293881173e+00
2.610130506525e+00,1.070515351230e+00
2.620131006550e+00,1.069675835614e+00
2.630131506575e+00,1.068775762170e+00
2.640132006600e+00,1.067815548105e+00
2.650132506625e+00,1.066795600342e+00
2.660133006650e+00,1.065716315875e+00
2.670133506675e+00,1.064578082118e+00
2.680134006700e+00,1.063381277246e+00
2.690134506725e+00,1.062126270541e+00
2.700135006750e+00,1.060813422727e+00
2.710135506775e+00,1.059443086315e+00
2.720136006800e+00,1.058015605932e+00
2.730136506825e+00,1.056531318667e+00
2.740137006850e+00,1.054990554401e+00
2.750137506875e+00,1.053393636152e+00
2.760138006900e+00,1.051740880414e+00
2.770138506925e+00,1.050032597505e+00
2.780139006950e+00,1.048269091907e+00
2.790139506975e+00,1.046450662629e+00
2.800140007000e+00,1.044577603557e+00
2.810140507025e+00,1.042650203821e+00
2.820141007050e+00,1.040668748167e+00
2.830141507075e+00,1.038633517333e+00
2.840142007100e+00,1.036544788441e+00
2.850142507125e+00,1.034402835391e+00
2.860143007150e+00,1.032207929273e+00
2.870143507175e+00,1.029960338786e+00
2.880144007200e+00,1.027660330670e+00
2.890144507225e+00,1.025308170160e+00
2.900145007250e+00,1.022904121445e+00
2.910145507275e+00,1.020448448150e+00
2.920146007300e+00,1.017941413834e+00
2.930146507325e+00,1.015383282513e+00
2.940147007350e+00,1.012774319195e+00
2.950147507375e+00,1.010114790443e+00
2.960148007400e+00,1.007404964965e+00
2.970148507425e+00,1.004645114225e+00
2.980149007450e+00,1.001835513086e+00
2.990149507475e+00,9.989764404795e-01
3.000150007500e+00,9.960681801083e-01
3.010150507525e+00,9.931110211872e-01
3.020151007550e+00,9.901052592146e-01
3.030151507575e+00,9.870511967866e-01
3.040152007600e+00,9.839491444509e-01
3.050152507625e+00,9.807994216062e-01
3.060153007650e+00,9.776023574475e-01
3.070153507675e+00,9.743582919614e-01
3.080154007700e+00,9.710675769754e-01
3.090154507725e+00,9.677305772624e-01
3.100155007750e+00,9.643476717055e-01
3.110155507775e+00,9.609192545262e-01
3.120156007800e+00,9.574457365799e-01
3.130156507825e+00,9.539275467221e-01
3.140157007850e+00,9.503651332502e-01
3.150157507875e+00,9.467589654251e-01
3.160158007900e+00,9.431095350768e-01
3.170158507925e+00,9.394173582986e-01
3.180159007950e+00,9.356829772359e-01
3.190159507975e+00,9.319069619726e-01
3.200160008000e+00,9.280899125227e-01
3.210160508025e+00,9.242324609309e-01
3.220161008050e+00,9.203352734877e-01
3.230161508075e+00,9.163990530660e-01
3.240162008100e+00,9.124245415837e-01
3.250162508125e+00,9.084125225978e-01
3.260163008150e+00,9.043638240375e-01
3.270163508175e+00,9.002793210805e-01
3.280164008200e+00,8.961599391784e-01
3.290164508225e+00,8.920066572382e-01
3.300165008250e+00,8.878205109631e-01
3.310165508275e+00,8.836025963589e-01
3.320166008300e+00,8.793540734107e-01
3.330166508325e+00,8.750761699330e-01
3.340167008350e+00,8.707701855971e-01
3.350167508375e+00,8.664374961381e-01
3.360168008400e+00,8.620795577428e-01
3.370168508425e+00,8.576979116183e-01
3.380169008450e+00,8.532941887399e-01
3.390169508475e+00,8.488701147750e-01
3.400170008500e+00,8.444275151776e-01
3.410170508525e+00,8.399683204442e-01
3.420171008550e+00,8.354945715226e-01
3.430171508575e+00,8.310084253560e-01
3.440172008600e+00,8.265121605477e-01
3.450172508625e+00,8.220081831210e-01
3.460173008650e+00,8.174990323476e-01
3.470173508675e+00,8.129873866161e-01
3.480174008700e+00,8.084760692929e-01
3.490174508725e+00,8.039680545384e-01
3.500175008750e+00,7.994664730208e-01
3.510175508775e+00,7.949746174642e-01
3.520176008800e+00,7.904959479730e-01
3.530176508825e+00,7.860340970331e-01
3.540177008850e+00,7.815928741208e-01
3.550177508875e+00,7.771762698066e-01
3.560178008900e+00,7.727884592446e-01
3.570178508925e+00,7.684338049418e-01
3.580179008950e+00,7.641168586452e-01
3.590179508975e+00,7.598423622340e-01
3.600180009000e+00,7.556152474457e-01
3.610180509025e+00,7.514406342774e-01
3.620181009050e+00,7.473238279082e-01
3.630181509075e+00,7.432703139416e-01
3.640182009100e+00,7.392857518180e-01
3.650182509125e+00,7.353759662072e-01
3.660183009150e+00,7.315469362171e-01
3.670183509175e+00,7.278047822534e-01
3.680184009200e+00,7.241557503909e-01
3.690184509225e+00,7.206061941269e-01
3.700185009250e+00,7.171625534267e-01
3.710185509275e+00,7.138313310105e-01
3.720186009300e+00,7.106190658186e-01
3.730186509325e+00,7.075323037675e-01
3.740187009350e+00,7.045775658065e-01
3.750187509375e+00,7.017613134782e-01
3.760188009400e+00,6.990899122075e-01
3.770188509425e+00,6.965695925308e-01
3.780189009450e+00,6.942064097795e-01
3.790189509475e+00,6.920062025145e-01
3.800190009500e+00,6.899745503039e-01
3.810190509525e+00,6.881167314037e-01
3.820191009550e+00,6.864376809113e-01
3.830191509575e+00,6.849419501545e-01
3.840192009600e+00,6.836336679146e-01
3.850192509625e+00,6.825165042185e-01
3.860193009650e+00,6.815936373717e-01
3.870193509675e+00,6.808677248991e-01
3.880194009700e+00,6.803408789234e-01
3.890194509725e+00,6.800146465652e-01
3.900195009750e+00,6.798899957054e-01
3.910195509775e+00,6.799673065104e-01
3.920196009800e+00,6.802463687878e-01
3.930196509825e+00,6.807263853340e-01
3.940197009850e+00,6.814059811153e-01
3.950197509875e+00,6.822832181543e-01
3.960198009900e+00,6.833556157270e-01
3.970198509925e+00,6.846201754874e-01
3.980199009950e+00,6.860734109756e-01
3.990199509975e+00,6.877113809042e-01
4.000200010001e+00,6.895297256273e-01
4.010200510026e+00,6.915237060114e-01
4.020201010051e+00,6.936882441142e-01
4.030201510076e+00,6.960179649362e-01
4.040202010101e+00,6.985072385939e-01
4.050202510126e+00,7.011502223127e-01
4.060203010151e+00,7.039409016677e-01
4.070203510176e+00,7.068731305831e-01
4.080204010201e+00,7.099406696700e-01
4.090204510226e+00,7.131372225042e-01
4.100205010251e+00,7.164564696456e-01
4.110205510276e+00,7.198921000997e-01
4.120206010301e+00,7.234378401463e-01
4.130206510326e+00,7.270874794222e-01
4.140207010351e+00,7.308348942080e-01
4.150207510376e+00,7.346740680266e-01
4.160208010401e+00,7.385991095212e-01
4.170208510426e+00,7.426042677719e-01
4.180209010451e+00,7.466839451585e-01
4.190209510476e+00,7.508327079070e-01
4.200210010501e+00,7.550452945018e-01
4.210210510526e+00,7.593166221121e-01
4.220211010551e+00,7.636417912152e-01
4.230211510576e+00,7.680160885907e-01
4.240212010601e+00,7.724349888634e-01
4.250212510626e+00,7.768941547407e-01
4.260213010651e+00,7.813894361307e-01
4.270213510676e+00,7.859168682661e-01
4.280214010701e+00,7.904726689897e-01
4.290214510726e+00,7.950532353340e-01
4.300215010751e+00,7.996551394883e-01
4.310215510776e+00,8.042751242964e-01
4.320216010801e+00,8.089100983540e-01
4.330216510826e+00,8.135571308071e-01
4.340217010851e+00,8.182134459339e-01
4.350217510876e+00,8.228764175545e-01
4.360218010901e+00,8.275435633577e-01
4.370218510926e+00,8.322125391762e-01
4.380219010951e+00,8.368811332617e-01
4.390219510976e+00,8.415472606029e-01
4.400220011001e+00,8.462089573046e-01
4.410220511026e+00,8.508643750694e-01
4.420221011051e+00,8.555117757941e-01
4.430221511076e+00,8.601495263027e-01
4.440222011101e+00,8.647760932295e-01
4.450222511126e+00,8.693900380603e-01
4.460223011151e+00,8.739900123435e-01
4.470223511176e+00,8.785747530732e-01
4.480224011201e+00,8.831430782494e-01
4.490224511226e+00,8.876938826167e-01
4.500225011251e+00,8.922261335804e-01
4.510225511276e+00,8.967388672994e-01
4.520226011301e+00,9.012311849541e-01
4.530226511326e+00,9.057022491850e-01
4.540227011351e+00,9.101512806992e-01
4.550227511376e+00,9.145775550397e-01
4.560228011401e+00,9.189803995121e-01
4.570228511426e+00,9.233591902655e-01
4.580229011451e+00,9.277133495197e-01
4.590229511476e+00,9.320423429349e-01
4.600230011501e+00,9.363456771180e-01
4.610230511526e+00,9.406228972585e-01
4.620231011551e+00,9.448735848909e-01
4.630231511576e+00,9.490973557756e-01
4.640232011601e+00,9.532938578932e-01
4.650232511626e+00,9.574627695493e-01
4.660233011651e+00,9.616037975807e-01
4.670233511676e+00,9.657166756612e-01
4.680234011701e+00,9.698011627001e-01
4.690234511726e+00,9.738570413294e-01
4.700235011751e+00,9.778841164760e-01
4.710235511776e+00,9.818822140121e-01
4.720236011801e+00,9.858511794823e-01
4.730236511826e+00,9.897908769019e-01
4.740237011851e+00,9.937011876227e-01
4.750237511876e+00,9.975820092630e-01
4.760238011901e+00,1.001433254698e+00
4.770238511926e+00,1.005254851107e+00
4.780239011951e+00,1.009046739077e+00
4.790239511976e+00,1.012808871752e+00
4.800240012001e+00,1.016541214039e+00
4.810240512026e+00,1.020243741850e+00
4.820241012051e+00,1.023916441394e+00
4.830241512076e+00,1.027559308509e+00
4.840242012101e+00,1.031172348024e+00
4.850242512126e+00,1.034755573173e+00
4.860243012151e+00,1.038309005026e+00
4.870243512176e+00,1.041832671964e+00
4.880244012201e+00,1.045326609179e+00
4.890244512226e+00,1.048790858207e+00
4.900245012251e+00,1.052225466478e+00
4.910245512276e+00,1.055630486908e+00
4.920246012301e+00,1.059005977496e+00
4.930246512326e+00,1.062352000962e+00
4.940247012351e+00,1.065668624390e+00
4.950247512376e+00,1.068955918906e+00
4.960248012401e+00,1.072213959361e+00
4.970248512426e+00,1.075442824042e+00
4.980249012451e+00,1.078642594400e+00
4.990249512476e+00,1.081813354783e+00
5.000250012501e+00,1.084955192198e+00
5.010250512526e+00,1.088068196080e+00
5.020251012551e+00,1.091152458071e+00
5.030251512576e+00,1.094208071822e+00
5.040252012601e+00,1.097235132796e+00
5.050252512626e+00,1.100233738090e+00
5.060253012651e+00,1.103203986265e+00
5.070253512676e+00,1.106145977182e+00
5.080254012701e+00,1.109059811856e+00
5.090254512726e+00,1.111945592311e+00
5.100255012751e+00,1.114803421448e+00
5.110255512776e+00,1.117633402917e+00
5.120256012801e+00,1.120435641005e+00
5.130256512826e+00,1.123210240517e+00
5.140257012851e+00,1.125957306677e+00
5.150257512876e+00,1.128676945031e+00
5.160258012901e+00,1.131369261350e+00
5.170258512926e+00,1.134034361546e+00
5.180259012951e+00,1.136672351594e+00
5.190259512976e+00,1.139283337452e+00
5.200260013001e+00,1.141867424989e+00
5.210260513026e+00,1.144424719922e+00
5.220261013051e+00,1.146955327750e+00
5.230261513076e+00,1.149459353698e+00
5.240262013101e+00,1.151936902658e+00
5.250262513126e+00,1.154388079142e+00
5.260263013151e+00,1.156812987231e+00
5.270263513176e+00,1.159211730530e+00
5.280264013201e+00,1.161584412128e+00
5.290264513226e+00,1.163931134559e+00
5.300265013251e+00,1.166251999761e+00
5.310265513276e+00,1.168547109048e+00
5.320266013301e+00,1.170816563074e+00
5.330266513326e+00,1.173060461807e+00
5.340267013351e+00,1.175278904497e+00
5.350267513376e+00,1.177471989657e+00
5.360268013401e+00,1.179639815033e+00
5.370268513426e+00,1.181782477588e+00
5.380269013451e+00,1.183900073476e+00
5.390269513476e+00,1.185992698032e+00
5.400270013501e+00,1.188060445745e+00
5.410270513526e+00,1.190103410250e+00
5.420271013551e+00,1.192121684311e+00
5.430271513576e+00,1.194115359808e+00
5.440272013601e+00,1.196084527726e+00
5.450272513626e+00,1.198029278143e+00
5.460273013651e+00,1.199949700221e+00
5.470273513676e+00,1.201845882197e+00
5.480274013701e+00,1.203717911377e+00
5.490274513726e+00,1.205565874126e+00
5.500275013751e+00,1.207389855865e+00
5.510275513776e+00,1.209189941062e+00
5.520276013801e+00,1.210966213233e+00
5.530276513826e+00,1.212718754931e+00
5.540277013851e+00,1.214447647749e+00
5.550277513876e+00,1.216152972314e+00
5.560278013901e+00,1.217834808285e+00
5.570278513926e+00,1.219493234353e+00
5.580279013951e+00,1.221128328238e+00
5.590279513976e+00,1.222740166690e+00
5.600280014001e+00,1.224328825487e+00
5.610280514026e+00,1.225894379438e+00
5.620281014051e+00,1.227436902380e+00
5.630281514076e+00,1.228956467182e+00
5.640282014101e+00,1.230453145744e+00
5.650282514126e+00,1.231927009002e+00
5.660283014151e+00,1.233378126924e+00
5.670283514176e+00,1.234806568518e+00
5.680284014201e+00,1.236212401832e+00
5.690284514226e+00,1.237595693955e+00
5.700285014251e+00,1.238956511023e+00
5.710285514276e+00,1.240294918220e+00
5.720286014301e+00,1.241610979782e+00
5.730286514326e+00,1.242904758999e+00
5.740287014351e+00,1.244176318221e+00
5.750287514376e+00,1.245425718859e+00
5.760288014401e+00,1.246653021391e+00
5.770288514426e+00,1.247858285365e+00
5.780289014451e+00,1.249041569402e+00
5.790289514476e+00,1.250202931203e+00
5.800290014501e+00,1.251342427550e+00
5.810290514526e+00,1.252460114312e+00
5.820291014551e+00,1.253556046449e+00
5.830291514576e+00,1.254630278018e+00
5.840292014601e+00,1.255682862173e+00
5.850292514626e+00,1.256713851175e+00
5.860293014651e+00,1.257723296393e+00
5.870293514676e+00,1.258711248312e+00
5.880294014701e+00,1.259677756532e+00
5.890294514726e+00,1.260622869779e+00
5.900295014751e+00,1.261546635906e+00
5.910295514776e+00,1.262449101896e+00
5.920296014801e+00,1.263330313874e+00
5.930296514826e+00,1.264190317104e+00
5.940297014851e+00,1.265029155995e+00
5.950297514876e+00,1.265846874112e+00
5.960298014901e+00,1.266643514173e+00
5.970298514926e+00,1.267419118058e+00
5.980299014951e+00,1.268173726810e+00
5.990299514976e+00,1.268907380647e+00
6.000300015001e+00,1.269620118958e+00
6.010300515026e+00,1.270311980313e+00
6.020301015051e+00,1.270983002466e+00
6.030301515076e+00,1.271633222359e+00
6.040302015101e+00,1.272262676129e+00
6.050302515126e+00,1.272871399109e+00
6.060303015151e+00,1.273459425836e+00
6.070303515176e+00,1.274026790053e+00
6.080304015201e+00,1.274573524715e+00
6.090304515226e+00,1.275099661990e+00
6.100305015251e+00,1.275605233271e+00
6.110305515276e+00,1.276090269171e+00
6.120306015301e+00,1.276554799533e+00
6.130306515326e+00,1.276998853435e+00
6.140307015351e+00,1.277422459190e+00
6.150307515376e+00,1.277825644352e+00
6.160308015401e+00,1.278208435723e+00
6.170308515426e+00,1.278570859354e+00
6.180309015451e+00,1.278912940547e+00
6.190309515476e+00,1.279234703866e+00
6.200310015501e+00,1.279536173134e+00
6.210310515526e+00,1.279817371440e+00
6.220311015551e+00,1.280078321144e+00
6.230311515576e+00,1.280319043879e+00
6.240312015601e+00,1.280539560554e+00
6.250312515626e+00,1.280739891362e+00
6.260313015651e+00,1.280920055779e+00
6.270313515676e+00,1.281080072569e+00
6.280314015701e+00,1.281219959791e+00
6.290314515726e+00,1.281339734798e+00
6.300315015751e+00,1.281439414244e+00
6.310315515776e+00,1.281519014084e+00
6.320316015801e+00,1.281578549583e+00
6.330316515826e+00,1.281618035314e+00
6.340317015851e+00,1.281637485166e+00
6.350317515876e+00,1.281636912342e+00
6.360318015901e+00,1.281616329370e+00
6.370318515926e+00,1.281575748098e+00
6.380319015951e+00,1.281515179705e+00
6.390319515976e+00,1.281434634699e+00
6.400320016001e+00,1.281334122924e+00
6.410320516026e+00,1.281213653559e+00
6.420321016051e+00,1.281073235126e+00
6.430321516076e+00,1.280912875491e+00
6.440322016101e+00,1.280732581867e+00
6.450322516126e+00,1.280532360818e+00
6.460323016151e+00,1.280312218262e+00
6.470323516176e+00,1.280072159474e+00
6.480324016201e+00,1.279812189089e+00
6.490324516226e+00,1.279532311107e+00
6.500325016251e+00,1.279232528895e+00
6.510325516276e+00,1.278912845189e+00
6.520326016301e+00,1.278573262098e+00
6.530326516326e+00,1.278213781110e+00
6.540327016351e+00,1.277834403091e+00
6.550327516376e+00,1.277435128290e+00
6.560328016401e+00,1.277015956344e+00
6.570328516426e+00,1.276576886278e+00
6.580329016451e+00,1.276117916511e+00
6.590329516476e+00,1.275639044858e+00
6.600330016501e+00,1.275140268535e+00
6.610330516526e+00,1.274621584159e+00
6.620331016551e+00,1.274082987756e+00
6.630331516576e+00,1.273524474759e+00
6.640332016601e+00,1.272946040018e+00
6.650332516626e+00,1.272347677798e+00
6.660333016651e+00,1.271729381785e+00
6.670333516676e+00,1.271091145091e+00
6.680334016701e+00,1.270432960253e+00
6.690334516726e+00,1.269754819244e+00
6.700335016751e+00,1.269056713470e+00
6.710335516776e+00,1.268338633778e+00
6.720336016801e+00,1.267600570459e+00
6.730336516826e+00,1.266842513251e+00
6.740337016851e+00,1.266064451345e+00
6.750337516876e+00,1.265266373389e+00
6.760338016901e+00,1.264448267491e+00
6.770338516926e+00,1.263610121226e+00
6.780339016951e+00,1.262751921638e+00
6.790339516976e+00,1.261873655245e+00
6.800340017001e+00,1.260975308048e+00
6.810340517026e+00,1.260056865530e+00
6.820341017051e+00,1.259118312666e+00
6.830341517076e+00,1.258159633927e+00
6.840342017101e+00,1.257180813283e+00
6.850342517126e+00,1.256181834213e+00
6.860343017151e+00,1.255162679708e+00
6.870343517176e+00,1.254123332279e+00
6.880344017201e+00,1.253063773960e+00
6.890344517226e+00,1.251983986319e+00
6.900345017251e+00,1.250883950462e+00
6.910345517276e+00,1.249763647040e+00
6.920346017301e+00,1.248623056258e+00
6.930346517326e+00,1.247462157880e+00
6.940347017351e+00,1.246280931240e+00
6.950347517376e+00,1.245079355247e+00
6.960348017401e+00,1.243857408396e+00
6.970348517426e+00,1.242615068773e+00
6.980349017451e+00,1.241352314070e+00
6.990349517476e+00,1.240069121589e+00
7.000350017501e+00,1.238765468253e+00
7.010350517526e+00,1.237441330619e+00
7.020351017551e+00,1.236096684884e+00
7.030351517576e+00,1.234731506902e+00
7.040352017601e+00,1.233345772189e+00
7.050352517626e+00,1.231939455938e+00
7.060353017651e+00,1.230512533034e+00
7.070353517676e+00,1.229064978060e+00
7.080354017701e+00,1.227596765318e+00
7.090354517726e+00,1.226107868838e+00
7.100355017751e+00,1.224598262394e+00
7.110355517776e+00,1.223067919520e+00
7.120356017801e+00,1.221516813525e+00
7.130356517826e+00,1.219944917508e+00
7.140357017851e+00,1.218352204378e+00
7.150357517876e+00,1.216738646870e+00
7.160358017901e+00,1.215104217564e+00
7.170358517926e+00,1.213448888905e+00
7.180359017951e+00,1.211772633221e+00
7.190359517976e+00,1.210075422747e+00
7.200360018001e+00,1.208357229645e+00
7.210360518026e+00,1.206618026029e+00
7.220361018051e+00,1.204857783984e+00
7.230361518076e+00,1.203076475597e+00
7.240362018101e+00,1.201274072980e+00
7.250362518126e+00,1.199450548296e+00
7.260363018151e+00,1.197605873788e+00
7.270363518176e+00,1.195740021810e+00
7.280364018201e+00,1.193852964856e+00
7.290364518226e+00,1.191944675593e+00
7.300365018251e+00,1.190015126891e+00
7.310365518276e+00,1.188064291864e+00
7.320366018301e+00,1.186092143900e+00
7.330366518326e+00,1.184098656704e+00
7.340367018351e+00,1.182083804333e+00
7.350367518376e+00,1.180047561241e+00
7.360368018401e+00,1.177989902318e+00
7.370368518426e+00,1.175910802939e+00
7.380369018451e+00,1.173810239007e+00
7.390369518476e+00,1.171688187007e+00
7.400370018501e+00,1.169544624048e+00
7.410370518526e+00,1.167379527926e+00
7.420371018551e+00,1.165192877172e+00
7.430371518576e+00,1.162984651115e+00
7.440372018601e+00,1.160754829938e+00
7.450372518626e+00,1.158503394744e+00
7.460373018651e+00,1.156230327618e+00
7.470373518676e+00,1.153935611701e+00
7.480374018701e+00,1.151619231257e+00
7.490374518726e+00,1.149281171748e+00
7.500375018751e+00,1.146921419914e+00
7.510375518776e+00,1.144539963852e+00
7.520376018801e+00,1.142136793102e+00
7.530376518826e+00,1.139711898734e+00
7.540377018851e+00,1.137265273443e+00
7.550377518876e+00,1.134796911642e+00
7.560378018901e+00,1.132306809564e+00
7.570378518926e+00,1.129794965367e+00
7.580379018951e+00,1.127261379244e+00
7.590379518976e+00,1.124706053534e+00
7.600380019001e+00,1.122128992846e+00
7.610380519026e+00,1.119530204180e+00
7.620381019051e+00,1.116909697055e+00
7.630381519076e+00,1.114267483652e+00
7.640382019101e+00,1.111603578945e+00
7.650382519126e+00,1.108918000858e+00
7.660383019151e+00,1.106210770411e+00
7.670383519176e+00,1.103481911886e+00
7.680384019201e+00,1.100731452994e+00
7.690384519226e+00,1.097959425046e+00
7.700385019251e+00,1.095165863139e+00
7.710385519276e+00,1.092350806346e+00
7.720386019301e+00,1.089514297915e+00
7.730386519326e+00,1.086656385474e+00
7.740387019351e+00,1.083777121250e+00
7.750387519376e+00,1.080876562292e+00
7.760388019401e+00,1.077954770709e+00
7.770388519426e+00,1.075011813914e+00
7.780389019451e+00,1.072047764882e+00
7.790389519476e+00,1.069062702414e+00
7.800390019501e+00,1.066056711420e+00
7.810390519526e+00,1.063029883206e+00
7.820391019551e+00,1.059982315778e+00
7.830391519576e+00,1.056914114160e+00
7.840392019601e+00,1.053825390723e+00
7.850392519626e+00,1.050716265526e+00
7.860393019651e+00,1.047586866679e+00
7.870393519676e+00,1.044437330710e+00
7.880394019701e+00,1.041267802962e+00
7.890394519726e+00,1.038078437990e+00
7.900395019751e+00,1.034869399992e+00
7.910395519776e+00,1.031640863239e+00
7.920396019801e+00,1.028393012544e+00
7.930396519826e+00,1.025126043731e+00
7.940397019851e+00,1.021840164134e+00
7.950397519876e+00,1.018535593115e+00
7.960398019901e+00,1.015212562601e+00
7.970398519926e+00,1.011871317641e+00
7.980399019951e+00,1.008512116994e+00
7.990399519976e+00,1.005135233724e+00
8.000400020001e+00,1.001740955838e+00
8.010400520026e+00,9.983295869316e-01
8.020401020051e+00,9.949014468695e-01
8.030401520076e+00,9.914568724889e-01
8.040402020101e+00,9.879962183287e-01
8.050402520126e+00,9.845198573861e-01
8.060403020151e+00,9.810281819007e-01
8.070403520176e+00,9.775216041670e-01
8.080404020201e+00,9.740005573751e-01
8.090404520226e+00,9.704654964802e-01
8.100405020251e+00,9.669168991022e-01
8.110405520276e+00,9.633552664543e-01
8.120406020301e+00,9.597811243017e-01
8.130406520326e+00,9.561950239503e-01
8.140407020351e+00,9.525975432653e-01
8.150407520376e+00,9.489892877196e-01
8.160408020401e+00,9.453708914713e-01
8.170408520426e+00,9.417430184712e-01
8.180409020451e+00,9.381063635970e-01
8.190409520476e+00,9.344616538165e-01
8.200410020501e+00,9.308096493761e-01
8.210410520526e+00,9.271511450142e-01
8.220411020551e+00,9.234869711983e-01
8.230411520576e+00,9.198179953827e-01
8.240412020601e+00,9.161451232850e-01
8.250412520626e+00,9.124693001791e-01
8.260413020651e+00,9.087915122001e-01
8.270413520676e+00,9.051127876589e-01
8.280414020701e+00,9.014341983618e-01
8.290414520726e+00,8.977568609299e-01
8.300415020751e+00,8.940819381134e-01
8.310415520776e+00,8.904106400954e-01
8.320416020801e+00,8.867442257776e-01
8.330416520826e+00,8.830840040406e-01
8.340417020851e+00,8.794313349727e-01
8.350417520876e+00,8.757876310551e-01
8.360418020901e+00,8.721543582963e-01
8.370418520926e+00,8.685330373043e-01
8.380419020951e+00,8.649252442844e-01
8.390419520976e+00,8.613326119525e-01
8.400420021001e+00,8.577568303469e-01
8.410420521026e+00,8.541996475275e-01
8.420421021051e+00,8.506628701460e-01
8.430421521076e+00,8.471483638700e-01
8.440422021101e+00,8.436580536455e-01
8.450422521126e+00,8.401939237784e-01
8.460423021151e+00,8.367580178168e-01
8.470423521176e+00,8.333524382143e-01
8.480424021201e+00,8.299793457547e-01
8.490424521226e+00,8.266409587164e-01
8.500425021251e+00,8.233395517561e-01
8.510425521276e+00,8.200774544906e-01
8.520426021301e+00,8.168570497554e-01
8.530426521326e+00,8.136807715190e-01
8.540427021351e+00,8.105511024338e-01
8.550427521376e+00,8.074705710026e-01
8.560428021401e+00,8.044417483437e-01
8.570428521426e+00,8.014672445391e-01
8.580429021451e+00,7.985497045490e-01
8.590429521476e+00,7.956918036829e-01
8.600430021501e+00,7.928962426180e-01
8.610430521526e+00,7.901657419582e-01
8.620431021551e+00,7.875030363347e-01
8.630431521576e+00,7.849108680480e-01
8.640432021601e+00,7.823919802592e-01
8.650432521626e+00,7.799491097483e-01
8.660433021651e+00,7.775849792495e-01
8.670433521676e+00,7.753022893963e-01
8.680434021701e+00,7.731037103025e-01
8.690434521726e+00,7.709918728131e-01
8.700435021751e+00,7.689693594794e-01
8.710435521776e+00,7.670386952952e-01
8.720436021801e+00,7.652023382601e-01
8.730436521826e+00,7.634626698279e-01
8.740437021851e+00,7.618219853047e-01
8.750437521876e+00,7.602824842792e-01
8.760438021901e+00,7.588462611508e-01
8.770438521926e+00,7.575152958428e-01
8.780439021951e+00,7.562914447807e-01
8.790439521976e+00,7.551764322189e-01
8.800440022001e+00,7.541718420008e-01
8.810440522026e+00,7.532791098335e-01
8.820441022051e+00,7.524995161550e-01
8.830441522076e+00,7.518341796713e-01
8.840442022101e+00,7.512840516373e-01
8.850442522126e+00,7.508499109312e-01
8.860443022151e+00,7.505323599955e-01
8.870443522176e+00,7.503318216746e-01
8.880444022201e+00,7.502485369950e-01
8.890444522226e+00,7.502825639182e-01
8.900445022251e+00,7.504337770593e-01
8.910445522276e+00,7.507018684031e-01
8.920446022301e+00,7.510863489846e-01
8.930446522326e+00,7.515865515290e-01
8.940447022351e+00,7.522016340216e-01
8.950447522376e+00,7.529305841471e-01
8.960448022401e+00,7.537722245741e-01
8.970448522426e+00,7.547252190065e-01
8.980449022451e+00,7.557880789430e-01
8.990449522476e+00,7.569591710763e-01
9.000450022501e+00,7.582367252411e-01
9.010450522526e+00,7.596188428450e-01
9.020451022551e+00,7.611035056909e-01
9.030451522576e+00,7.626885851097e-01
9.040452022601e+00,7.643718513206e-01
9.050452522626e+00,7.661509829366e-01
9.060453022651e+00,7.680235765369e-01
9.070453522676e+00,7.699871562333e-01
9.080454022701e+00,7.720391831577e-01
9.090454522726e+00,7.741770648049e-01
9.100455022751e+00,7.763981641777e-01
9.110455522776e+00,7.786998086720e-01
9.120456022801e+00,7.810792986632e-01
9.130456522826e+00,7.835339157489e-01
9.140457022851e+00,7.860609306120e-01
9.150457522876e+00,7.886576104859e-01
9.160458022901e+00,7.913212261881e-01
9.170458522926e+00,7.940490587156e-01
9.180459022951e+00,7.968384053879e-01
9.190459522976e+00,7.996865855297e-01
9.200460023001e+00,8.025909457009e-01
9.210460523026e+00,8.055488644679e-01
9.220461023051e+00,8.085577567289e-01
9.230461523076e+00,8.116150776021e-01
9.240462023101e+00,8.147183258881e-01
9.250462523126e+00,8.178650471249e-01
9.260463023151e+00,8.210528362504e-01
9.270463523176e+00,8.242793398904e-01
9.280464023201e+00,8.275422582937e-01
9.290464523226e+00,8.308393469338e-01
9.300465023251e+00,8.341684177977e-01
9.310465523276e+00,8.375273403829e-01
9.320466023301e+00,8.409140424249e-01
9.330466523326e+00,8.443265103740e-01
9.340467023351e+00,8.477627896439e-01
9.350467523376e+00,8.512209846497e-01
9.360468023401e+00,8.546992586563e-01
9.370468523426e+00,8.581958334551e-01
9.380469023451e+00,8.617089888851e-01
9.390469523476e+00,8.652370622184e-01
9.400470023501e+00,8.687784474210e-01
9.410470523526e+00,8.723315943090e-01
9.420471023551e+00,8.758950076090e-01
9.430471523576e+00,8.794672459398e-01
9.440472023601e+00,8.830469207250e-01
9.450472523626e+00,8.866326950471e-01
9.460473023651e+00,8.902232824554e-01
9.470473523676e+00,8.938174457354e-01
9.480474023701e+00,8.974139956479e-01
9.490474523726e+00,9.010117896475e-01
9.500475023751e+00,9.046097305848e-01
9.510475523776e+00,9.082067654006e-01
9.520476023801e+00,9.118018838170e-01
9.530476523826e+00,9.153941170305e-01
9.540477023851e+00,9.189825364114e-01
9.550477523876e+00,9.225662522136e-01
9.560478023901e+00,9.261444122985e-01
9.570478523926e+00,9.297162008751e-01
9.580479023951e+00,9.332808372607e-01
9.590479523976e+00,9.368375746618e-01
9.600480024001e+00,9.403856989799e-01
9.610480524026e+00,9.439245276415e-01
9.620481024051e+00,9.474534084552e-01
9.630481524076e+00,9.509717184955e-01
9.640482024101e+00,9.544788630157e-01
9.650482524126e+00,9.579742743890e-01
9.660483024151e+00,9.614574110793e-01
9.670483524176e+00,9.649277566412e-01
9.680484024201e+00,9.683848187500e-01
9.690484524226e+00,9.718281282612e-01
9.700485024251e+00,9.752572382993e-01
9.710485524276e+00,9.786717233761e-01
9.720486024301e+00,9.820711785379e-01
9.730486524326e+00,9.854552185413e-01
9.740487024351e+00,9.888234770571e-01
9.750487524376e+00,9.921756059015e-01
9.760488024401e+00,9.955112742949e-01
9.770488524426e+00,9.988301681472e-01
9.780489024451e+00,1.002131989368e+00
9.790489524476e+00,1.005416455203e+00
9.800490024501e+00,1.008683297595e+00
9.810490524526e+00,1.011932262569e+00
9.820491024551e+00,1.015163109636e+00
9.830491524576e+00,1.018375611231e+00
9.840492024601e+00,1.021569552157e+00
9.850492524626e+00,1.024744729063e+00
9.860493024651e+00,1.027900949938e+00
9.870493524676e+00,1.031038033621e+00
9.880494024701e+00,1.034155809336e+00
9.890494524726e+00,1.037254116246e+00
9.900495024751e+00,1.040332803015e+00
9.910495524776e+00,1.043391727402e+00
9.920496024801e+00,1.046430755859e+00
9.930496524826e+00,1.049449763149e+00
9.940497024851e+00,1.052448631986e+00
9.950497524876e+00,1.055427252678e+00
9.960498024901e+00,1.058385522792e+00
9.970498524926e+00,1.061323346834e+00
9.980499024951e+00,1.064240635935e+00
9.990499524976e+00,1.067137307556e+00
1.000050002500e+01,1.070013285205e+00
1.001050052503e+01,1.072868498159e+00
1.002050102505e+01,1.075702881206e+00
1.003050152508e+01,1.078516374393e+00
1.004050202510e+01,1.081308922785e+00
1.005050252513e+01,1.084080476235e+00
1.006050302515e+01,1.086830989162e+00
1.007050352518e+01,1.089560420337e+00
1.008050402520e+01,1.092268732684e+00
1.009050452523e+01,1.094955893083e+00
1.010050502525e+01,1.097621872185e+00
1.011050552528e+01,1.100266644228e+00
1.012050602530e+01,1.102890186873e+00
1.013050652533e+01,1.105492481033e+00
1.014050702535e+01,1.108073510722e+00
1.015050752538e+01,1.110633262897e+00
1.016050802540e+01,1.113171727321e+00
1.017050852543e+01,1.115688896417e+00
1.018050902545e+01,1.118184765142e+00
1.019050952548e+01,1.120659330855e+00
1.020051002550e+01,1.123112593199e+00
1.021051052553e+01,1.125544553980e+00
1.022051102555e+01,1.127955217059e+00
1.023051152558e+01,1.130344588242e+00
1.024051202560e+01,1.132712675179e+00
1.025051252563e+01,1.135059487266e+00
1.026051302565e+01,1.137385035548e+00
1.027051352568e+01,1.139689332632e+00
1.028051402570e+01,1.141972392598e+00
1.029051452573e+01,1.144234230918e+00
1.030051502575e+01,1.146474864375e+00
1.031051552578e+01,1.148694310987e+00
1.032051602580e+01,1.150892589935e+00
1.033051652583e+01,1.153069721492e+00
1.034051702585e+01,1.155225726959e+00
1.035051752588e+01,1.157360628595e+00
1.036051802590e+01,1.159474449561e+00
1.037051852593e+01,1.161567213860e+00
1.038051902595e+01,1.163638946279e+00
1.039051952598e+01,1.165689672336e+00
1.040052002600e+01,1.167719418227e+00
1.041052052603e+01,1.169728210778e+00
1.042052102605e+01,1.171716077399e+00
1.043052152608e+01,1.173683046033e+00
1.044052202610e+01,1.175629145119e+00
1.045052252613e+01,1.177554403544e+00
1.046052302615e+01,1.179458850610e+00
1.047052352618e+01,1.181342515989e+00
1.048052402620e+01,1.183205429689e+00
1.049052452623e+01,1.185047622020e+00
1.050052502625e+01,1.186869123560e+00
1.051052552628e+01,1.188669965121e+00
1.052052602630e+01,1.190450177719e+00
1.053052652633e+01,1.192209792545e+00
1.054052702635e+01,1.193948840938e+00
1.055052752638e+01,1.195667354353e+00
1.056052802640e+01,1.197365364341e+00
1.057052852643e+01,1.199042902520e+00
1.058052902645e+01,1.200700000553e+00
1.059052952648e+01,1.202336690126e+00
1.060053002650e+01,1.203953002923e+00
1.061053052653e+01,1.205548970608e+00
1.062053102655e+01,1.207124624807e+00
1.063053152658e+01,1.208679997081e+00
1.064053202660e+01,1.210215118916e+00
1.065053252663e+01,1.211730021703e+00
1.066053302665e+01,1.213224736719e+00
1.067053352668e+01,1.214699295113e+00
1.068053402670e+01,1.216153727890e+00
1.069053452673e+01,1.217588065897e+00
1.070053502675e+01,1.219002339808e+00
1.071053552678e+01,1.220396580112e+00
1.072053602680e+01,1.221770817100e+00
1.073053652683e+01,1.223125080849e+00
1.074053702685e+01,1.224459401217e+00
1.075053752688e+01,1.225773807825e+00
1.076053802690e+01,1.227068330053e+00
1.077053852693e+01,1.228342997024e+00
1.078053902695e+01,1.229597837595e+00
1.079053952698e+01,1.230832880353e+00
1.080054002700e+01,1.232048153600e+00
1.081054052703e+01,1.233243685347e+00
1.082054102705e+01,1.234419503304e+00
1.083054152708e+01,1.235575634879e+00
1.084054202710e+01,1.236712107159e+00
1.085054252713e+01,1.237828946914e+00
1.086054302715e+01,1.238926180584e+00
1.087054352718e+01,1.240003834275e+00
1.088054402720e+01,1.241061933752e+00
1.089054452723e+01,1.242100504432e+00
1.090054502725e+01,1.243119571383e+00
1.091054552728e+01,1.244119159312e+00
1.092054602730e+01,1.245099292567e+00
1.093054652733e+01,1.246059995125e+00
1.094054702735e+01,1.247001290593e+00
1.095054752738e+01,1.247923202204e+00
1.096054802740e+01,1.248825752808e+00
1.097054852743e+01,1.249708964870e+00
1.098054902745e+01,1.250572860470e+00
1.099054952748e+01,1.251417461295e+00
1.100055002750e+01,1.252242788638e+00
1.101055052753e+01,1.253048863393e+00
1.102055102755e+01,1.253835706054e+00
1.103055152758e+01,1.254603336711e+00
1.104055202760e+01,1.255351775047e+00
1.105055252763e+01,1.256081040337e+00
1.106055302765e+01,1.256791151443e+00
1.107055352768e+01,1.257482126816e+00
1.108055402770e+01,1.258153984489e+00
1.109055452773e+01,1.258806742078e+00
1.110055502775e+01,1.259440416779e+00
1.111055552778e+01,1.260055025366e+00
1.112055602780e+01,1.260650584192e+00
1.113055652783e+01,1.261227109183e+00
1.114055702785e+01,1.261784615840e+00
1.115055752788e+01,1.262323119236e+00
1.116055802790e+01,1.262842634015e+00
1.117055852793e+01,1.263343174393e+00
1.118055902795e+01,1.263824754152e+00
1.119055952798e+01,1.264287386644e+00
1.120056002800e+01,1.264731084787e+00
1.121056052803e+01,1.265155861066e+00
1.122056102805e+01,1.265561727532e+00
1.123056152808e+01,1.265948695798e+00
1.124056202810e+01,1.266316777045e+00
1.125056252813e+01,1.266665982014e+00
1.126056302815e+01,1.266996321011e+00
1.127056352818e+01,1.267307803904e+00
1.128056402820e+01,1.267600440124e+00
1.129056452823e+01,1.267874238663e+00
1.130056502825e+01,1.268129208075e+00
1.131056552828e+01,1.268365356476e+00
1.132056602830e+01,1.268582691543e+00
1.133056652833e+01,1.268781220515e+00
1.134056702835e+01,1.268960950191e+00
1.135056752838e+01,1.269121886932e+00
1.136056802840e+01,1.269264036661e+00
1.137056852843e+01,1.269387404861e+00
1.138056902845e+01,1.269491996579e+00
1.139056952848e+01,1.269577816423e+00
1.140057002850e+01,1.269644868561e+00
1.141057052853e+01,1.269693156726e+00
1.142057102855e+01,1.269722684214e+00
1.143057152858e+01,1.269733453884e+00
1.144057202860e+01,1.269725468158e+00
1.145057252863e+01,1.269698729023e+00
1.146057302865e+01,1.269653238031e+00
1.147057352868e+01,1.269588996299e+00
1.148057402870e+01,1.269506004510e+00
1.149057452873e+01,1.269404262916e+00
1.150057502875e+01,1.269283771335e+00
1.151057552878e+01,1.269144529152e+00
1.152057602880e+01,1.268986535325e+00
1.153057652883e+01,1.268809788379e+00
1.154057702885e+01,1.268614286412e+00
1.155057752888e+01,1.268400027094e+00
1.156057802890e+01,1.268167007668e+00
1.157057852893e+01,1.267915224953e+00
1.158057902895e+01,1.267644675341e+00
1.159057952898e+01,1.267355354803e+00
1.160058002900e+01,1.267047258888e+00
1.161058052903e+01,1.266720382725e+00
1.162058102905e+01,1.266374721023e+00
1.163058152908e+01,1.266010268074e+00
1.164058202910e+01,1.265627017756e+00
1.165058252913e+01,1.265224963531e+00
1.166058302915e+01,1.264804098448e+00
1.167058352918e+01,1.264364415148e+00
1.168058402920e+01,1.263905905863e+00
1.169058452923e+01,1.263428562415e+00
1.170058502925e+01,1.262932376226e+00
1.171058552928e+01,1.262417338312e+00
1.172058602930e+01,1.261883439291e+00
1.173058652933e+01,1.261330669383e+00
1.174058702935e+01,1.260759018412e+00
1.175058752938e+01,1.260168475808e+00
1.176058802940e+01,1.259559030613e+00
1.177058852943e+01,1.258930671481e+00
1.178058902945e+01,1.258283386680e+00
1.179058952948e+01,1.257617164099e+00
1.180059002950e+01,1.256931991247e+00
1.181059052953e+01,1.256227855258e+00
1.182059102955e+01,1.255504742894e+00
1.183059152958e+01,1.254762640549e+00
1.184059202960e+01,1.254001534254e+00
1.185059252963e+01,1.253221409677e+00
1.186059302965e+01,1.252422252131e+00
1.187059352968e+01,1.251604046576e+00
1.188059402970e+01,1.250766777624e+00
1.189059452973e+01,1.249910429543e+00
1.190059502975e+01,1.249034986262e+00
1.191059552978e+01,1.248140431378e+00
1.192059602980e+01,1.247226748156e+00
1.193059652983e+01,1.246293919539e+00
1.194059702985e+01,1.245341928153e+00
1.195059752988e+01,1.244370756310e+00
1.196059802990e+01,1.243380386016e+00
1.197059852993e+01,1.242370798979e+00
1.198059902995e+01,1.241341976611e+00
1.199059952998e+01,1.240293900039e+00
1.200060003000e+01,1.239226550108e+00
1.201060053003e+01,1.238139907395e+00
1.202060103005e+01,1.237033952209e+00
1.203060153008e+01,1.235908664602e+00
1.204060203010e+01,1.234764024381e+00
1.205060253013e+01,1.233600011109e+00
1.206060303015e+01,1.232416604123e+00
1.207060353018e+01,1.231213782534e+00
1.208060403020e+01,1.229991525245e+00
1.209060453023e+01,1.228749810957e+00
1.210060503025e+01,1.227488618177e+00
1.211060553028e+01,1.226207925237e+00
1.212060603030e+01,1.224907710298e+00
1.213060653033e+01,1.223587951364e+00
1.214060703035e+01,1.222248626295e+00
1.215060753038e+01,1.220889712823e+00
1.216060803040e+01,1.219511188559e+00
1.217060853043e+01,1.218113031011e+00
1.218060903045e+01,1.216695217598e+00
1.219060953048e+01,1.215257725668e+00
1.220061003050e+01,1.213800532506e+00
1.221061053053e+01,1.212323615359e+00
1.222061103055e+01,1.210826951448e+00
1.223061153058e+01,1.209310517987e+00
1.224061203060e+01,1.207774292205e+00
1.225061253063e+01,1.206218251357e+00
1.226061303065e+01,1.204642372753e+00
1.227061353068e+01,1.203046633775e+00
1.228061403070e+01,1.201431011898e+00
1.229061453073e+01,1.199795484712e+00
1.230061503075e+01,1.198140029952e+00
1.231061553078e+01,1.196464625512e+00
1.232061603080e+01,1.194769249481e+00
1.233061653083e+01,1.193053880162e+00
1.234061703085e+01,1.191318496104e+00
1.235061753088e+01,1.189563076129e+00
1.236061803090e+01,1.187787599363e+00
1.237061853093e+01,1.185992045265e+00
1.238061903095e+01,1.184176393663e+00
1.239061953098e+01,1.182340624785e+00
1.240062003100e+01,1.180484719295e+00
1.241062053103e+01,1.178608658331e+00
1.242062103105e+01,1.176712423539e+00
1.243062153108e+01,1.174795997119e+00
1.244062203110e+01,1.172859361861e+00
1.245062253113e+01,1.170902501189e+00
1.246062303115e+01,1.168925399209e+00
1.247062353118e+01,1.166928040752e+00
1.248062403120e+01,1.164910411423e+00
1.249062453123e+01,1.162872497653e+00
1.250062503125e+01,1.160814286751e+00
1.251062553128e+01,1.158735766955e+00
1.252062603130e+01,1.156636927498e+00
1.253062653133e+01,1.154517758656e+00
1.254062703135e+01,1.152378251818e+00
1.255062753138e+01,1.150218399546e+00
1.256062803140e+01,1.148038195643e+00
1.257062853143e+01,1.145837635223e+00
1.258062903145e+01,1.143616714783e+00
1.259062953148e+01,1.141375432276e+00
1.260063003150e+01,1.139113787195e+00
1.261063053153e+01,1.136831780647e+00
1.262063103155e+01,1.134529415445e+00
1.263063153158e+01,1.132206696192e+00
1.264063203160e+01,1.129863629375e+00
1.265063253163e+01,1.127500223458e+00
1.266063303165e+01,1.125116488987e+00
1.267063353168e+01,1.122712438687e+00
1.268063403170e+01,1.120288087576e+00
1.269063453173e+01,1.117843453073e+00
1.270063503175e+01,1.115378555116e+00
1.271063553178e+01,1.112893416288e+00
1.272063603180e+01,1.110388061935e+00
1.273063653183e+01,1.107862520306e+00
1.274063703185e+01,1.105316822687e+00
1.275063753188e+01,1.102751003541e+00
1.276063803190e+01,1.100165100663e+00
1.277063853193e+01,1.097559155328e+00
1.278063903195e+01,1.094933212455e+00
1.279063953198e+01,1.092287320775e+00
1.280064003200e+01,1.089621533005e+00
1.281064053203e+01,1.086935906027e+00
1.282064103205e+01,1.084230501078e+00
1.283064153208e+01,1.081505383947e+00
1.284064203210e+01,1.078760625177e+00
1.285064253213e+01,1.075996300279e+00
1.286064303215e+01,1.073212489951e+00
1.287064353218e+01,1.070409280310e+00
1.288064403220e+01,1.067586763128e+00
1.289064453223e+01,1.064745036082e+00
1.290064503225e+01,1.061884203010e+00
1.291064553228e+01,1.059004374181e+00
1.292064603230e+01,1.056105666576e+00
1.293064653233e+01,1.053188204171e+00
1.294064703235e+01,1.050252118246e+00
1.295064753238e+01,1.047297547692e+00
1.296064803240e+01,1.044324639339e+00
1.297064853243e+01,1.041333548294e+00
1.298064903245e+01,1.038324438290e+00
1.299064953248e+01,1.035297482048e+00
1.300065003250e+01,1.032252861662e+00
1.301065053253e+01,1.029190768984e+00
1.302065103255e+01,1.026111406034e+00
1.303065153258e+01,1.023014985421e+00
1.304065203260e+01,1.019901730782e+00
1.305065253263e+01,1.016771877237e+00
1.306065303265e+01,1.013625671854e+00
1.307065353268e+01,1.010463374142e+00
1.308065403270e+01,1.007285256553e+00
1.309065453273e+01,1.004091605003e+00
1.310065503275e+01,1.000882719417e+00
1.311065553278e+01,9.976589142811e-01
1.312065603280e+01,9.944205192283e-01
1.313065653283e+01,9.911678796305e-01
1.314065703285e+01,9.879013572171e-01
1.315065753288e+01,9.846213307120e-01
1.316065803290e+01,9.813281964897e-01
1.317065853293e+01,9.780223692532e-01
1.318065903295e+01,9.747042827307e-01
1.319065953298e+01,9.713743903944e-01
1.320066003300e+01,9.680331661981e-01
1.321066053303e+01,9.646811053368e-01
1.322066103305e+01,9.613187250255e-01
1.323066153308e+01,9.579465652981e-01
1.324066203310e+01,9.545651898263e-01
1.325066253313e+01,9.511751867572e-01
1.326066303315e+01,9.477771695693e-01
1.327066353318e+01,9.443717779467e-01
1.328066403320e+01,9.409596786694e-01
1.329066453323e+01,9.375415665195e-01
1.330066503325e+01,9.341181652015e-01
1.331066553328e+01,9.306902282756e-01
1.332066603330e+01,9.272585401015e-01
1.333066653333e+01,9.238239167912e-01
1.334066703335e+01,9.203872071687e-01
1.335066753338e+01,9.169492937334e-01
1.336066803340e+01,9.135110936241e-01
1.337066853343e+01,9.100735595818e-01
1.338066903345e+01,9.066376809052e-01
1.339066953348e+01,9.032044843976e-01
1.340067003350e+01,8.997750352985e-01
1.341067053353e+01,8.963504381962e-01
1.342067103355e+01,8.929318379158e-01
1.343067153358e+01,8.895204203764e-01
1.344067203360e+01,8.861174134119e-01
1.345067253363e+01,8.827240875478e-01
1.346067303365e+01,8.793417567267e-01
1.347067353368e+01,8.759717789752e-01
1.348067403370e+01,8.726155570022e-01
1.349067453373e+01,8.692745387217e-01
1.350067503375e+01,8.659502176880e-01
1.351067553378e+01,8.626441334348e-01
1.352067603380e+01,8.593578717065e-01
1.353067653383e+01,8.560930645704e-01
1.354067703385e+01,8.528513903994e-01
1.355067753388e+01,8.496345737098e-01
1.356067803390e+01,8.464443848447e-01
1.357067853393e+01,8.432826394883e-01
1.358067903395e+01,8.401511979980e-01
1.359067953398e+01,8.370519645409e-01
1.360068003400e+01,8.339868860211e-01
1.361068053403e+01,8.309579507847e-01
1.362068103405e+01,8.279671870882e-01
1.363068153408e+01,8.250166613189e-01
1.364068203410e+01,8.221084759537e-01
1.365068253413e+01,8.192447672449e-01
1.366068303415e+01,8.164277026229e-01
1.367068353418e+01,8.136594778062e-01
1.368068403420e+01,8.109423136099e-01
1.369068453423e+01,8.082784524467e-01
1.370068503425e+01,8.056701545173e-01
1.371068553428e+01,8.031196936850e-01
1.372068603430e+01,8.006293530382e-01
1.373068653433e+01,7.982014201411e-01
1.374068703435e+01,7.958381819789e-01
1.375068753438e+01,7.935419196086e-01
1.376068803440e+01,7.913149025252e-01
1.377068853443e+01,7.891593827617e-01
1.378068903445e+01,7.870775887412e-01
1.379068953448e+01,7.850717189042e-01
1.380069003450e+01,7.831439351427e-01
1.381069053453e+01,7.812963560666e-01
1.382069103455e+01,7.795310501420e-01
1.383069153458e+01,7.778500287396e-01
1.384069203460e+01,7.762552391310e-01
1.385069253463e+01,7.747485574862e-01
1.386069303465e+01,7.733317819126e-01
1.387069353468e+01,7.720066255897e-01
1.388069403470e+01,7.707747100511e-01
1.389069453473e+01,7.696375586648e-01
1.390069503475e+01,7.685965903684e-01
1.391069553478e+01,7.676531137101e-01
1.392069603480e+01,7.668083212475e-01
1.393069653483e+01,7.660632843571e-01
1.394069703485e+01,7.654189485017e-01
1.395069753488e+01,7.648761289968e-01
1.396069803490e+01,7.644355073238e-01
1.397069853493e+01,7.640976280188e-01
1.398069903495e+01,7.638628961723e-01
1.399069953498e+01,7.637315755680e-01
1.400070003500e+01,7.637037874674e-01
1.401070053503e+01,7.637795100677e-01
1.402070103505e+01,7.639585786268e-01
1.403070153508e+01,7.642406862594e-01
1.404070203510e+01,7.646253853998e-01
1.405070253513e+01,7.651120899025e-01
1.406070303515e+01,7.657000777766e-01
1.407070353518e+01,7.663884945132e-01
1.408070403520e+01,7.671763569796e-01
1.409070453523e+01,7.680625578433e-01
1.410070503525e+01,7.690458704741e-01
1.411070553528e+01,7.701249542902e-01
1.412070603530e+01,7.712983604908e-01
1.413070653533e+01,7.725645381273e-01
1.414070703535e+01,7.739218404613e-01
1.415070753538e+01,7.753685315519e-01
1.416070803540e+01,7.769027930238e-01
1.417070853543e+01,7.785227309608e-01
1.418070903545e+01,7.802263828748e-01
1.419070953548e+01,7.820117246993e-01
1.420071003550e+01,7.838766777628e-01
1.421071053553e+01,7.858191156970e-01
1.422071103555e+01,7.878368712389e-01
1.423071153558e+01,7.899277428902e-01
1.424071203560e+01,7.920895013983e-01
1.425071253563e+01,7.943198960334e-01
1.426071303565e+01,7.966166606313e-01
1.427071353568e+01,7.989775193823e-01
1.428071403570e+01,8.014001923477e-01
1.429071453573e+01,8.038824006864e-01
1.430071503575e+01,8.064218715866e-01
1.431071553578e+01,8.090163428881e-01
1.432071603580e+01,8.116635673945e-01
1.433071653583e+01,8.143613168731e-01
1.434071703585e+01,8.171073857404e-01
1.435071753588e+01,8.198995944409e-01
1.436071803590e+01,8.227357925202e-01
1.437071853593e+01,8.256138614027e-01
1.438071903595e+01,8.285317168790e-01
1.439071953598e+01,8.314873113168e-01
1.440072003600e+01,8.344786356030e-01
1.441072053603e+01,8.375037208311e-01
1.442072103605e+01,8.405606397449e-01
1.443072153608e+01,8.436475079524e-01
1.444072203610e+01,8.467624849232e-01
1.445072253613e+01,8.499037747822e-01
1.446072303615e+01,8.530696269135e-01
1.447072353618e+01,8.562583363883e-01
1.448072403620e+01,8.594682442283e-01
1.449072453623e+01,8.626977375206e-01
1.450072503625e+01,8.659452493927e-01
1.451072553628e+01,8.692092588627e-01
1.452072603630e+01,8.724882905751e-01
1.453072653633e+01,8.757809144329e-01
1.454072703635e+01,8.790857451379e-01
1.455072753638e+01,8.824014416476e-01
1.456072803640e+01,8.857267065590e-01
1.457072853643e+01,8.890602854283e-01
1.458072903645e+01,8.924009660345e-01
1.459072953648e+01,8.957475775944e-01
1.460073003650e+01,8.990989899361e-01
1.461073053653e+01,9.024541126393e-01
1.462073103655e+01,9.058118941454e-01
1.463073153658e+01,9.091713208459e-01
1.464073203660e+01,9.125314161537e-01
1.465073253663e+01,9.158912395597e-01
1.466073303665e+01,9.192498856830e-01
1.467073353668e+01,9.226064833145e-01
1.468073403670e+01,9.259601944603e-01
1.469073453673e+01,9.293102133869e-01
1.470073503675e+01,9.326557656708e-01
1.471073553678e+01,9.359961072554e-01
1.472073603680e+01,9.393305235177e-01
1.473073653683e+01,9.426583283455e-01
1.474073703685e+01,9.459788632287e-01
1.475073753688e+01,9.492914963645e-01
1.476073803690e+01,9.525956217783e-01
1.477073853693e+01,9.558906584616e-01
1.478073903695e+01,9.591760495280e-01
1.479073953698e+01,9.624512613868e-01
1.480074003700e+01,9.657157829367e-01
1.481074053703e+01,9.689691247781e-01
1.482074103705e+01,9.722108184457e-01
1.483074153708e+01,9.754404156613e-01
1.484074203710e+01,9.786574876064e-01
1.485074253713e+01,9.818616242156e-01
1.486074303715e+01,9.850524334895e-01
1.487074353718e+01,9.882295408289e-01
1.488074403720e+01,9.913925883882e-01
1.489074453723e+01,9.945412344484e-01
1.490074503725e+01,9.976751528106e-01
1.491074553728e+01,1.000794032208e+00
1.492074603730e+01,1.003897575738e+00
1.493074653733e+01,1.006985500312e+00
1.494074703735e+01,1.010057536121e+00
1.495074753738e+01,1.013113426126e+00
1.496074803740e+01,1.016152925559e+00
1.497074853743e+01,1.019175801446e+00
1.498074903745e+01,1.022181832141e+00
1.499074953748e+01,1.025170806882e+00
1.500075003750e+01,1.028142525360e+00
1.501075053753e+01,1.031096797305e+00
1.502075103755e+01,1.034033442084e+00
1.503075153758e+01,1.036952288314e+00
1.504075203760e+01,1.039853173495e+00
1.505075253763e+01,1.042735943647e+00
1.506075303765e+01,1.045600452967e+00
1.507075353768e+01,1.048446563497e+00
1.508075403770e+01,1.051274144804e+00
1.509075453773e+01,1.054083073673e+00
1.510075503775e+01,1.056873233807e+00
1.511075553778e+01,1.059644515549e+00
1.512075603780e+01,1.062396815598e+00
1.513075653783e+01,1.065130036754e+00
1.514075703785e+01,1.067844087658e+00
1.515075753788e+01,1.070538882550e+00
1.516075803790e+01,1.073214341036e+00
1.517075853793e+01,1.075870387856e+00
1.518075903795e+01,1.078506952674e+00
1.519075953798e+01,1.081123969864e+00
1.520076003800e+01,1.083721378312e+00
1.521076053803e+01,1.086299121219e+00
1.522076103805e+01,1.088857145921e+00
1.523076153808e+01,1.091395403706e+00
1.524076203810e+01,1.093913849644e+00
1.525076253813e+01,1.096412442422e+00
1.526076303815e+01,1.098891144185e+00
1.527076353818e+01,1.101349920386e+00
1.528076403820e+01,1.103788739636e+00
1.529076453823e+01,1.106207573565e+00
1.530076503825e+01,1.108606396689e+00
1.531076553828e+01,1.110985186276e+00
1.532076603830e+01,1.113343922223e+00
1.533076653833e+01,1.115682586938e+00
1.534076703835e+01,1.118001165222e+00
1.535076753838e+01,1.120299644157e+00
1.536076803840e+01,1.122578013005e+00
1.537076853843e+01,1.124836263101e+00
1.538076903845e+01,1.127074387754e+00
1.539076953848e+01,1.129292382157e+00
1.540077003850e+01,1.131490243294e+00
1.541077053853e+01,1.133667969852e+00
1.542077103855e+01,1.135825562137e+00
1.543077153858e+01,1.137963021997e+00
1.544077203860e+01,1.140080352738e+00
1.545077253863e+01,1.142177559059e+00
1.546077303865e+01,1.144254646971e+00
1.547077353868e+01,1.146311623735e+00
1.548077403870e+01,1.148348497795e+00
1.549077453873e+01,1.150365278711e+00
1.550077503875e+01,1.152361977102e+00
1.551077553878e+01,1.154338604587e+00
1.552077603880e+01,1.156295173727e+00
1.553077653883e+01,1.158231697975e+00
1.554077703885e+01,1.160148191617e+00
1.555077753888e+01,1.162044669730e+00
1.556077803890e+01,1.163921148131e+00
1.557077853893e+01,1.165777643328e+00
1.558077903895e+01,1.167614172481e+00
1.559077953898e+01,1.169430753358e+00
1.560078003900e+01,1.171227404290e+00
1.561078053903e+01,1.173004144139e+00
1.562078103905e+01,1.174760992254e+00
1.563078153908e+01,1.176497968440e+00
1.564078203910e+01,1.178215092918e+00
1.565078253913e+01,1.179912386298e+00
1.566078303915e+01,1.181589869540e+00
1.567078353918e+01,1.183247563929e+00
1.568078403920e+01,1.184885491042e+00
1.569078453923e+01,1.186503672721e+00
1.570078503925e+01,1.188102131045e+00
1.571078553928e+01,1.189680888305e+00
1.572078603930e+01,1.191239966978e+00
1.573078653933e+01,1.192779389702e+00
1.574078703935e+01,1.194299179253e+00
1.575078753938e+01,1.195799358527e+00
1.576078803940e+01,1.197279950510e+00
1.577078853943e+01,1.198740978266e+00
1.578078903945e+01,1.200182464912e+00
1.579078953948e+01,1.201604433601e+00
1.580079003950e+01,1.203006907504e+00
1.581079053953e+01,1.204389909791e+00
1.582079103955e+01,1.205753463615e+00
1.583079153958e+01,1.207097592097e+00
1.584079203960e+01,1.208422318309e+00
1.585079253963e+01,1.209727665260e+00
1.586079303965e+01,1.211013655882e+00
1.587079353968e+01,1.212280313014e+00
1.588079403970e+01,1.213527659393e+00
1.589079453973e+01,1.214755717636e+00
1.590079503975e+01,1.215964510235e+00
1.591079553978e+01,1.217154059538e+00
1.592079603980e+01,1.218324387743e+00
1.593079653983e+01,1.219475516885e+00
1.594079703985e+01,1.220607468827e+00
1.595079753988e+01,1.221720265247e+00
1.596079803990e+01,1.222813927635e+00
1.597079853993e+01,1.223888477277e+00
1.598079903995e+01,1.224943935252e+00
1.599079953998e+01,1.225980322418e+00
1.600080004000e+01,1.226997659411e+00
1.601080054003e+01,1.227995966631e+00
1.602080104005e+01,1.228975264237e+00
1.603080154008e+01,1.229935572142e+00
1.604080204010e+01,1.230876910005e+00
1.605080254013e+01,1.231799297222e+00
1.606080304015e+01,1.232702752925e+00
1.607080354018e+01,1.233587295970e+00
1.608080404020e+01,1.234452944938e+00
1.609080454023e+01,1.235299718123e+00
1.610080504025e+01,1.236127633535e+00
1.611080554028e+01,1.236936708885e+00
1.612080604030e+01,1.237726961589e+00
1.613080654033e+01,1.238498408760e+00
1.614080704035e+01,1.239251067202e+00
1.615080754038e+01,1.239984953410e+00
1.616080804040e+01,1.240700083564e+00
1.617080854043e+01,1.241396473523e+00
1.618080904045e+01,1.242074138827e+00
1.619080954048e+01,1.242733094689e+00
1.620081004050e+01,1.243373355992e+00
1.621081054053e+01,1.243994937290e+00
1.622081104055e+01,1.244597852800e+00
1.623081154058e+01,1.245182116404e+00
1.624081204060e+01,1.245747741643e+00
1.625081254063e+01,1.246294741715e+00
1.626081304065e+01,1.246823129475e+00
1.627081354068e+01,1.247332917431e+00
1.628081404070e+01,1.247824117740e+00
1.629081454073e+01,1.248296742212e+00
1.630081504075e+01,1.248750802303e+00
1.631081554078e+01,1.249186309112e+00
1.632081604080e+01,1.249603273387e+00
1.633081654083e+01,1.250001705515e+00
1.634081704085e+01,1.250381615527e+00
1.635081754088e+01,1.250743013092e+00
1.636081804090e+01,1.251085907520e+00
1.637081854093e+01,1.251410307757e+00
1.638081904095e+01,1.251716222387e+00
1.639081954098e+01,1.252003659630e+00
1.640082004100e+01,1.252272627341e+00
1.641082054103e+01,1.252523133010e+00
1.642082104105e+01,1.252755183759e+00
1.643082154108e+01,1.252968786347e+00
1.644082204110e+01,1.253163947163e+00
1.645082254113e+01,1.253340672229e+00
1.646082304115e+01,1.253498967200e+00
1.647082354118e+01,1.253638837363e+00
1.648082404120e+01,1.253760287637e+00
1.649082454123e+01,1.253863322571e+00
1.650082504125e+01,1.253947946349e+00
1.651082554128e+01,1.254014162786e+00
1.652082604130e+01,1.254061975327e+00
1.653082654133e+01,1.254091387051e+00
1.654082704135e+01,1.254102400672e+00
1.655082754138e+01,1.254095018533e+00
1.656082804140e+01,1.254069242614e+00
1.657082854143e+01,1.254025074527e+00
1.658082904145e+01,1.253962515519e+00
1.659082954148e+01,1.253881566475e+00
1.660083004150e+01,1.253782227914e+00
1.661083054153e+01,1.253664499992e+00
1.662083104155e+01,1.253528382504e+00
1.663083154158e+01,1.253373874883e+00
1.664083204160e+01,1.253200976204e+00
1.665083254163e+01,1.253009685183e+00
1.666083304165e+01,1.252800000177e+00
1.667083354168e+01,1.252571919188e+00
1.668083404170e+01,1.252325439863e+00
1.669083454173e+01,1.252060559497e+00
1.670083504175e+01,1.251777275033e+00
1.671083554178e+01,1.251475583063e+00
1.672083604180e+01,1.251155479832e+00
1.673083654183e+01,1.250816961239e+00
1.674083704185e+01,1.250460022839e+00
1.675083754188e+01,1.250084659843e+00
1.676083804190e+01,1.249690867124e+00
1.677083854193e+01,1.249278639217e+00
1.678083904195e+01,1.248847970321e+00
1.679083954198e+01,1.248398854303e+00
1.680084004200e+01,1.247931284698e+00
1.681084054203e+01,1.247445254716e+00
1.682084104205e+01,1.246940757241e+00
1.683084154208e+01,1.246417784835e+00
1.684084204210e+01,1.245876329742e+00
1.685084254213e+01,1.245316383891e+00
1.686084304215e+01,1.244737938898e+00
1.687084354218e+01,1.244140986071e+00
1.688084404220e+01,1.243525516413e+00
1.689084454223e+01,1.242891520627e+00
1.690084504225e+01,1.242238989116e+00
1.691084554228e+01,1.241567911994e+00
1.692084604230e+01,1.240878279083e+00
1.693084654233e+01,1.240170079922e+00
1.694084704235e+01,1.239443303770e+00
1.695084754238e+01,1.238697939613e+00
1.696084804240e+01,1.237933976165e+00
1.697084854243e+01,1.237151401876e+00
1.698084904245e+01,1.236350204937e+00
1.699084954248e+01,1.235530373285e+00
1.700085004250e+01,1.234691894611e+00
1.701085054253e+01,1.233834756362e+00
1.702085104255e+01,1.232958945751e+00
1.703085154258e+01,1.232064449762e+00
1.704085204260e+01,1.231151255157e+00
1.705085254263e+01,1.230219348483e+00
1.706085304265e+01,1.229268716080e+00
1.707085354268e+01,1.228299344088e+00
1.708085404270e+01,1.227311218454e+00
1.709085454273e+01,1.226304324943e+00
1.710085504275e+01,1.225278649143e+00
1.711085554278e+01,1.224234176477e+00
1.712085604280e+01,1.223170892210e+00
1.713085654283e+01,1.222088781460e+00
1.714085704285e+01,1.220987829208e+00
1.715085754288e+01,1.219868020307e+00
1.716085804290e+01,1.218729339493e+00
1.717085854293e+01,1.217571771398e+00
1.718085904295e+01,1.216395300558e+00
1.719085954298e+01,1.215199911429e+00
1.720086004300e+01,1.213985588398e+00
1.721086054303e+01,1.212752315794e+00
1.722086104305e+01,1.211500077903e+00
1.723086154308e+01,1.210228858983e+00
1.724086204310e+01,1.208938643277e+00
1.725086254313e+01,1.207629415027e+00
1.726086304315e+01,1.206301158493e+00
1.727086354318e+01,1.204953857966e+00
1.728086404320e+01,1.203587497787e+00
1.729086454323e+01,1.202202062361e+00
1.730086504325e+01,1.200797536181e+00
1.731086554328e+01,1.199373903840e+00
1.732086604330e+01,1.197931150056e+00
1.733086654333e+01,1.196469259690e+00
1.734086704335e+01,1.194988217765e+00
1.735086754338e+01,1.193488009494e+00
1.736086804340e+01,1.191968620294e+00
1.737086854343e+01,1.190430035817e+00
1.738086904345e+01,1.188872241972e+00
1.739086954348e+01,1.187295224949e+00
1.740087004350e+01,1.185698971247e+00
1.741087054353e+01,1.184083467699e+00
1.742087104355e+01,1.182448701505e+00
1.743087154358e+01,1.180794660256e+00
1.744087204360e+01,1.179121331969e+00
1.745087254363e+01,1.177428705116e+00
1.746087304365e+01,1.175716768659e+00
1.747087354368e+01,1.173985512081e+00
1.748087404370e+01,1.172234925426e+00
1.749087454373e+01,1.170464999333e+00
1.750087504375e+01,1.168675725075e+00
1.751087554378e+01,1.166867094600e+00
1.752087604380e+01,1.165039100568e+00
1.753087654383e+01,1.163191736400e+00
1.754087704385e+01,1.161324996319e+00
1.755087754388e+01,1.159438875396e+00
1.756087804390e+01,1.157533369600e+00
1.757087854393e+01,1.155608475845e+00
1.758087904395e+01,1.153664192046e+00
1.759087954398e+01,1.151700517167e+00
1.760088004400e+01,1.149717451284e+00
1.761088054403e+01,1.147714995636e+00
1.762088104405e+01,1.145693152688e+00
1.763088154408e+01,1.143651926196e+00
1.764088204410e+01,1.141591321267e+00
1.765088254413e+01,1.139511344431e+00
1.766088304415e+01,1.137412003707e+00
1.767088354418e+01,1.135293308679e+00
1.768088404420e+01,1.133155270569e+00
1.769088454423e+01,1.130997902314e+00
1.770088504425e+01,1.128821218654e+00
1.771088554428e+01,1.126625236207e+00
1.772088604430e+01,1.124409973563e+00
1.773088654433e+01,1.122175451375e+00
1.774088704435e+01,1.119921692450e+00
1.775088754438e+01,1.117648721849e+00
1.776088804440e+01,1.115356566987e+00
1.777088854443e+01,1.113045257744e+00
1.778088904445e+01,1.110714826567e+00
1.779088954448e+01,1.108365308591e+00
1.780089004450e+01,1.105996741752e+00
1.781089054453e+01,1.103609166913e+00
1.782089104455e+01,1.101202627989e+00
1.783089154458e+01,1.098777172081e+00
1.784089204460e+01,1.096332849614e+00
1.785089254463e+01,1.093869714477e+00
1.786089304465e+01,1.091387824172e+00
1.787089354468e+01,1.088887239967e+00
1.788089404470e+01,1.086368027057e+00
1.789089454473e+01,1.083830254727e+00
1.790089504475e+01,1.081273996524e+00
1.791089554478e+01,1.078699330436e+00
1.792089604480e+01,1.076106339076e+00
1.793089654483e+01,1.073495109871e+00
1.794089704485e+01,1.070865735264e+00
1.795089754488e+01,1.068218312918e+00
1.796089804490e+01,1.065552945930e+00
1.797089854493e+01,1.062869743052e+00
1.798089904495e+01,1.060168818921e+00
1.799089954498e+01,1.057450294295e+00
1.800090004500e+01,1.054714296303e+00
1.801090054503e+01,1.051960958696e+00
1.802090104505e+01,1.049190422116e+00
1.803090154508e+01,1.046402834368e+00
1.804090204510e+01,1.043598350704e+00
1.805090254513e+01,1.040777134116e+00
1.806090304515e+01,1.037939355644e+00
1.807090354518e+01,1.035085194686e+00
1.808090404520e+01,1.032214839331e+00
1.809090454523e+01,1.029328486687e+00
1.810090504525e+01,1.026426343239e+00
1.811090554528e+01,1.023508625204e+00
1.812090604530e+01,1.020575558905e+00
1.813090654533e+01,1.017627381158e+00
1.814090704535e+01,1.014664339667e+00
1.815090754538e+01,1.011686693438e+00
1.816090804540e+01,1.008694713200e+00
1.817090854543e+01,1.005688681845e+00
1.818090904545e+01,1.002668894875e+00
1.819090954548e+01,9.996356608729e-01
1.820091004550e+01,9.965893019760e-01
1.821091054553e+01,9.935301543713e-01
1.822091104555e+01,9.904585688026e-01
1.823091154558e+01,9.873749110919e-01
1.824091204560e+01,9.842795626757e-01
1.825091254563e+01,9.811729211552e-01
1.826091304565e+01,9.780554008613e-01
1.827091354568e+01,9.749274334334e-01
1.828091404570e+01,9.717894684132e-01
1.829091454573e+01,9.686419738510e-01
1.830091504575e+01,9.654854369272e-01
1.831091554578e+01,9.623203645855e-01
1.832091604580e+01,9.591472841799e-01
1.833091654583e+01,9.559667441335e-01
1.834091704585e+01,9.527793146085e-01
1.835091754588e+01,9.495855881876e-01
1.836091804590e+01,9.463861805643e-01
1.837091854593e+01,9.431817312431e-01
1.838091904595e+01,9.399729042459e-01
1.839091954598e+01,9.367603888256e-01
1.840092004600e+01,9.335449001838e-01
1.841092054603e+01,9.303271801919e-01
1.842092104605e+01,9.271079981125e-01
1.843092154608e+01,9.238881513200e-01
1.844092204610e+01,9.206684660183e-01
1.845092254613e+01,9.174497979512e-01
1.846092304615e+01,9.142330331049e-01
1.847092354618e+01,9.110190883979e-01
1.848092404620e+01,9.078089123554e-01
1.849092454623e+01,9.046034857651e-01
1.850092504625e+01,9.014038223089e-01
1.851092554628e+01,8.982109691679e-01
1.852092604630e+01,8.950260075951e-01
1.853092654633e+01,8.918500534503e-01
1.854092704635e+01,8.886842576934e-01
1.855092754638e+01,8.855298068291e-01
1.856092804640e+01,8.823879232970e-01
1.857092854643e+01,8.792598658017e-01
1.858092904645e+01,8.761469295750e-01
1.859092954648e+01,8.730504465639e-01
1.860093004650e+01,8.699717855362e-01
1.861093054653e+01,8.669123520970e-01
1.862093104655e+01,8.638735886067e-01
1.863093154658e+01,8.608569739932e-01
1.864093204660e+01,8.578640234500e-01
1.865093254663e+01,8.548962880099e-01
1.866093304665e+01,8.519553539876e-01
1.867093354668e+01,8.490428422797e-01
1.868093404670e+01,8.461604075160e-01
1.869093454673e+01,8.433097370511e-01
1.870093504675e+01,8.404925497879e-01
1.871093554678e+01,8.377105948258e-01
1.872093604680e+01,8.349656499232e-01
1.873093654683e+01,8.322595197697e-01
1.874093704685e+01,8.295940340578e-01
1.875093754688e+01,8.269710453495e-01
1.876093804690e+01,8.243924267330e-01
1.877093854693e+01,8.218600692630e-01
1.878093904695e+01,8.193758791831e-01
1.879093954698e+01,8.169417749273e-01
1.880094004700e+01,8.145596839010e-01
1.881094054703e+01,8.122315390419e-01
1.882094104705e+01,8.099592751645e-01
1.883094154708e+01,8.077448250921e-01
1.884094204710e+01,8.055901155833e-01
1.885094254713e+01,8.034970630641e-01
1.886094304715e+01,8.014675691732e-01
1.887094354718e+01,7.995035161386e-01
1.888094404720e+01,7.976067619973e-01
1.889094454723e+01,7.957791356790e-01
1.890094504725e+01,7.940224319749e-01
1.891094554728e+01,7.923384064135e-01
1.892094604730e+01,7.907287700693e-01
1.893094654733e+01,7.891951843328e-01
1.894094704735e+01,7.877392556690e-01
1.895094754738e+01,7.863625303993e-01
1.896094804740e+01,7.850664895365e-01
1.897094854743e+01,7.838525437076e-01
1.898094904745e+01,7.827220282004e-01
1.899094954748e+01,7.816761981670e-01
1.900095004750e+01,7.807162240220e-01
1.901095054753e+01,7.798431870687e-01
1.902095104755e+01,7.790580753876e-01
1.903095154758e+01,7.783617800210e-01
1.904095204760e+01,7.777550914860e-01
1.905095254763e+01,7.772386966412e-01
1.906095304765e+01,7.768131759395e-01
1.907095354768e+01,7.764790010849e-01
1.908095404770e+01,7.762365331186e-01
1.909095454773e+01,7.760860209514e-01
1.910095504775e+01,7.760276003481e-01
1.911095554778e+01,7.760612933850e-01
1.912095604780e+01,7.761870083737e-01
1.913095654783e+01,7.764045402593e-01
1.914095704785e+01,7.767135714899e-01
1.915095754788e+01,7.771136733399e-01
1.916095804790e+01,7.776043076883e-01
1.917095854793e+01,7.781848292258e-01
1.918095904795e+01,7.788544880762e-01
1.919095954798e+01,7.796124328104e-01
1.920096004800e+01,7.804577138197e-01
1.921096054803e+01,7.813892870297e-01
1.922096104805e+01,7.824060179158e-01
1.923096154808e+01,7.835066857931e-01
1.924096204810e+01,7.846899883447e-01
1.925096254813e+01,7.859545463524e-01
1.926096304815e+01,7.872989085971e-01
1.927096354818e+01,7.887215568923e-01
1.928096404820e+01,7.902209112152e-01
1.929096454823e+01,7.917953349025e-01
1.930096504825e+01,7.934431398775e-01
1.931096554828e+01,7.951625918758e-01
1.932096604830e+01,7.969519156412e-01
1.933096654833e+01,7.988093000632e-01
1.934096704835e+01,8.007329032276e-01
1.935096754838e+01,8.027208573621e-01
1.936096804840e+01,8.047712736490e-01
1.937096854843e+01,8.068822468900e-01
1.938096904845e+01,8.090518600058e-01
1.939096954848e+01,8.112781883530e-01
1.940097004850e+01,8.135593038527e-01
1.941097054853e+01,8.158932789135e-01
1.942097104855e+01,8.182781901479e-01
1.943097154858e+01,8.207121218725e-01
1.944097204860e+01,8.231931693896e-01
1.945097254863e+01,8.257194420506e-01
1.946097304865e+01,8.282890660974e-01
1.947097354868e+01,8.309001872864e-01
1.948097404870e+01,8.335509732973e-01
1.949097454873e+01,8.362396159287e-01
1.950097504875e+01,8.389643330896e-01
1.951097554878e+01,8.417233705885e-01
1.952097604880e+01,8.445150037303e-01
1.953097654883e+01,8.473375387265e-01
1.954097704885e+01,8.501893139271e-01
1.955097754888e+01,8.530687008835e-01
1.956097804890e+01,8.559741052493e-01
1.957097854893e+01,8.589039675292e-01
1.958097904895e+01,8.618567636845e-01
1.959097954898e+01,8.648310056033e-01
1.960098004900e+01,8.678252414461e-01
1.961098054903e+01,8.708380558734e-01
1.962098104905e+01,8.738680701656e-01
1.963098154908e+01,8.769139422418e-01
1.964098204910e+01,8.799743665885e-01
1.965098254913e+01,8.830480741017e-01
1.966098304915e+01,8.861338318542e-01
1.967098354918e+01,8.892304427929e-01
1.968098404920e+01,8.923367453728e-01
1.969098454923e+01,8.954516131358e-01
1.970098504925e+01,8.985739542388e-01
1.971098554928e+01,9.017027109380e-01
1.972098604930e+01,9.048368590337e-01
1.973098654933e+01,9.079754072823e-01
1.974098704935e+01,9.111173967787e-01
1.975098754938e+01,9.142619003140e-01
1.976098804940e+01,9.174080217132e-01
1.977098854943e+01,9.205548951558e-01
1.978098904945e+01,9.237016844832e-01
1.979098954948e+01,9.268475824966e-01
1.980099004950e+01,9.299918102466e-01
1.981099054953e+01,9.331336163198e-01
1.982099104955e+01,9.362722761221e-01
1.983099154958e+01,9.394070911633e-01
1.984099204960e+01,9.425373883428e-01
1.985099254963e+01,9.456625192401e-01
1.986099304965e+01,9.487818594103e-01
1.987099354968e+01,9.518948076868e-01
1.988099404970e+01,9.550007854921e-01
1.989099454973e+01,9.580992361580e-01
1.990099504975e+01,9.611896242559e-01
1.991099554978e+01,9.642714349385e-01
1.992099604980e+01,9.673441732927e-01
1.993099654983e+01,9.704073637055e-01
1.994099704985e+01,9.734605492428e-01
1.995099754988e+01,9.765032910408e-01
1.996099804990e+01,9.795351677120e-01
1.997099854993e+01,9.825557747646e-01
1.998099904995e+01,9.855647240357e-01
1.999099954998e+01,9.885616431393e-01
2.000100005000e+01,9.915461749284e-01
2.001100055003e+01,9.945179769708e-01
2.002100105005e+01,9.974767210403e-01
2.003100155008e+01,1.000422092621e+00
2.004100205010e+01,1.003353790425e+00
2.005100255013e+01,1.006271525928e+00
2.006100305015e+01,1.009175022913e+00
2.007100355018e+01,1.012064017032e+00
2.008100405020e+01,1.014938255377e+00
2.009100455023e+01,1.017797496071e+00
2.010100505025e+01,1.020641507864e+00
2.011100555028e+01,1.023470069745e+00
2.012100605030e+01,1.026282970569e+00
2.013100655033e+01,1.029080008694e+00
2.014100705035e+01,1.031860991624e+00
2.015100755038e+01,1.034625735678e+00
2.016100805040e+01,1.037374065652e+00
2.017100855043e+01,1.040105814510e+00
2.018100905045e+01,1.042820823071e+00
2.019100955048e+01,1.045518939714e+00
2.020101005050e+01,1.048200020095e+00
2.021101055053e+01,1.050863926864e+00
2.022101105055e+01,1.053510529404e+00
2.023101155058e+01,1.056139703570e+00
2.024101205060e+01,1.058751331442e+00
2.025101255063e+01,1.061345301084e+00
2.026101305065e+01,1.063921506310e+00
2.027101355068e+01,1.066479846467e+00
2.028101405070e+01,1.069020226211e+00
2.029101455073e+01,1.071542555308e+00
2.030101505075e+01,1.074046748426e+00
2.031101555078e+01,1.076532724944e+00
2.032101605080e+01,1.079000408771e+00
2.033101655083e+01,1.081449728157e+00
2.034101705085e+01,1.083880615526e+00
2.035101755088e+01,1.086293007308e+00
2.036101805090e+01,1.088686843778e+00
2.037101855093e+01,1.091062068899e+00
2.038101905095e+01,1.093418630176e+00
2.039101955098e+01,1.095756478509e+00
2.040102005100e+01,1.098075568054e+00
2.041102055103e+01,1.100375856094e+00
2.042102105105e+01,1.102657302902e+00
2.043102155108e+01,1.104919871626e+00
2.044102205110e+01,1.107163528163e+00
2.045102255113e+01,1.109388241045e+00
2.046102305115e+01,1.111593981331e+00
2.047102355118e+01,1.113780722496e+00
2.048102405120e+01,1.115948440330e+00
2.049102455123e+01,1.118097112839e+00
2.050102505125e+01,1.120226720151e+00
2.051102555128e+01,1.122337244418e+00
2.052102605130e+01,1.124428669736e+00
2.053102655133e+01,1.126500982050e+00
2.054102705135e+01,1.128554169082e+00
2.055102755138e+01,1.130588220242e+00
2.056102805140e+01,1.132603126560e+00
2.057102855143e+01,1.134598880605e+00
2.058102905145e+01,1.136575476421e+00
2.059102955148e+01,1.138532909454e+00
2.060103005150e+01,1.140471176489e+00
2.061103055153e+01,1.142390275585e+00
2.062103105155e+01,1.144290206016e+00
2.063103155158e+01,1.146170968211e+00
2.064103205160e+01,1.148032563698e+00
2.065103255163e+01,1.149874995047e+00
2.066103305165e+01,1.151698265824e+00
2.067103355168e+01,1.153502380534e+00
2.068103405170e+01,1.155287344575e+00
2.069103455173e+01,1.157053164193e+00
2.070103505175e+01,1.158799846433e+00
2.071103555178e+01,1.160527399098e+00
2.072103605180e+01,1.162235830708e+00
2.073103655183e+01,1.163925150457e+00
2.074103705185e+01,1.165595368178e+00
2.075103755188e+01,1.167246494301e+00
2.076103805190e+01,1.168878539822e+00
2.077103855193e+01,1.170491516263e+00
2.078103905195e+01,1.172085435645e+00
2.079103955198e+01,1.173660310448e+00
2.080104005200e+01,1.175216153590e+00
2.081104055203e+01,1.176752978387e+00
2.082104105205e+01,1.178270798531e+00
2.083104155208e+01,1.179769628061e+00
2.084104205210e+01,1.181249481334e+00
2.085104255213e+01,1.182710373004e+00
2.086104305215e+01,1.184152317991e+00
2.087104355218e+01,1.185575331464e+00
2.088104405220e+01,1.186979428813e+00
2.089104455223e+01,1.188364625631e+00
2.090104505225e+01,1.189730937688e+00
2.091104555228e+01,1.191078380916e+00
2.092104605230e+01,1.192406971385e+00
2.093104655233e+01,1.193716725286e+00
2.094104705235e+01,1.195007658915e+00
2.095104755238e+01,1.196279788649e+00
2.096104805240e+01,1.197533130938e+00
2.097104855243e+01,1.198767702280e+00
2.098104905245e+01,1.199983519211e+00
2.099104955248e+01,1.201180598289e+00
2.100105005250e+01,1.202358956079e+00
2.101105055253e+01,1.203518609137e+00
2.102105105255e+01,1.204659574001e+00
2.103105155258e+01,1.205781867174e+00
2.104105205260e+01,1.206885505116e+00
2.105105255263e+01,1.207970504225e+00
2.106105305265e+01,1.209036880835e+00
2.107105355268e+01,1.210084651195e+00
2.108105405270e+01,1.211113831469e+00
2.109105455273e+01,1.212124437714e+00
2.110105505275e+01,1.213116485881e+00
2.111105555278e+01,1.214089991799e+00
2.112105605280e+01,1.215044971168e+00
2.113105655283e+01,1.215981439550e+00
2.114105705285e+01,1.216899412363e+00
2.115105755288e+01,1.217798904867e+00
2.116105805290e+01,1.218679932163e+00
2.117105855293e+01,1.219542509182e+00
2.118105905295e+01,1.220386650679e+00
2.119105955298e+01,1.221212371224e+00
2.120106005300e+01,1.222019685200e+00
2.121106055303e+01,1.222808606792e+00
2.122106105305e+01,1.223579149983e+00
2.123106155308e+01,1.224331328550e+00
2.124106205310e+01,1.225065156055e+00
2.125106255313e+01,1.225780645842e+00
2.126106305315e+01,1.226477811032e+00
2.127106355318e+01,1.227156664517e+00
2.128106405320e+01,1.227817218956e+00
2.129106455323e+01,1.228459486770e+00
2.130106505325e+01,1.229083480139e+00
2.131106555328e+01,1.229689210999e+00
2.132106605330e+01,1.230276691032e+00
2.133106655333e+01,1.230845931671e+00
2.134106705335e+01,1.231396944091e+00
2.135106755338e+01,1.231929739206e+00
2.136106805340e+01,1.232444327669e+00
2.137106855343e+01,1.232940719864e+00
2.138106905345e+01,1.233418925910e+00
2.139106955348e+01,1.233878955650e+00
2.140107005350e+01,1.234320818657e+00
2.141107055353e+01,1.234744524224e+00
2.142107105355e+01,1.235150081368e+00
2.143107155358e+01,1.235537498824e+00
2.144107205360e+01,1.235906785043e+00
2.145107255363e+01,1.236257948195e+00
2.146107305365e+01,1.236590996159e+00
2.147107355368e+01,1.236905936530e+00
2.148107405370e+01,1.237202776611e+00
2.149107455373e+01,1.237481523416e+00
2.150107505375e+01,1.237742183666e+00
2.151107555378e+01,1.237984763790e+00
2.152107605380e+01,1.238209269921e+00
2.153107655383e+01,1.238415707899e+00
2.154107705385e+01,1.238604083268e+00
2.155107755388e+01,1.238774401274e+00
2.156107805390e+01,1.238926666869e+00
2.157107855393e+01,1.239060884705e+00
2.158107905395e+01,1.239177059137e+00
2.159107955398e+01,1.239275194222e+00
2.160108005400e+01,1.239355293719e+00
2.161108055403e+01,1.239417361090e+00
2.162108105405e+01,1.239461399496e+00
2.163108155408e+01,1.239487411803e+00
2.164108205410e+01,1.239495400578e+00
2.165108255413e+01,1.239485368091e+00
2.166108305415e+01,1.239457316314e+00
2.167108355418e+01,1.239411246924e+00
2.168108405420e+01,1.239347161302e+00
2.169108455423e+01,1.239265060534e+00
2.170108505425e+01,1.239164945413e+00
2.171108555428e+01,1.239046816437e+00
2.172108605430e+01,1.238910673814e+00
2.173108655433e+01,1.238756517460e+00
2.174108705435e+01,1.238584347002e+00
2.175108755438e+01,1.238394161778e+00
2.176108805440e+01,1.238185960841e+00
2.177108855443e+01,1.237959742958e+00
2.178108905445e+01,1.237715506613e+00
2.179108955448e+01,1.237453250008e+00
2.180109005450e+01,1.237172971066e+00
2.181109055453e+01,1.236874667434e+00
2.182109105455e+01,1.236558336481e+00
2.183109155458e+01,1.236223975304e+00
2.184109205460e+01,1.235871580731e+00
2.185109255463e+01,1.235501149319e+00
2.186109305465e+01,1.235112677364e+00
2.187109355468e+01,1.234706160895e+00
2.188109405470e+01,1.234281595685e+00
2.189109455473e+01,1.233838977248e+00
2.190109505475e+01,1.233378300847e+00
2.191109555478e+01,1.232899561493e+00
2.192109605480e+01,1.232402753953e+00
2.193109655483e+01,1.231887872749e+00
2.194109705485e+01,1.231354912166e+00
2.195109755488e+01,1.230803866253e+00
2.196109805490e+01,1.230234728830e+00
2.197109855493e+01,1.229647493489e+00
2.198109905495e+01,1.229042153601e+00
2.199109955498e+01,1.228418702320e+00
2.200110005500e+01,1.227777132588e+00
2.201110055503e+01,1.227117437139e+00
2.202110105505e+01,1.226439608506e+00
2.203110155508e+01,1.225743639026e+00
2.204110205510e+01,1.225029520844e+00
2.205110255513e+01,1.224297245923e+00
2.206110305515e+01,1.223546806043e+00
2.207110355518e+01,1.222778192817e+00
2.208110405520e+01,1.221991397690e+00
2.209110455523e+01,1.221186411946e+00
2.210110505525e+01,1.220363226722e+00
2.211110555528e+01,1.219521833008e+00
2.212110605530e+01,1.218662221658e+00
2.213110655533e+01,1.217784383398e+00
2.214110705535e+01,1.216888308833e+00
2.215110755538e+01,1.215973988458e+00
2.216110805540e+01,1.215041412663e+00
2.217110855543e+01,1.214090571747e+00
2.218110905545e+01,1.213121455921e+00
2.219110955548e+01,1.212134055326e+00
2.220111005550e+01,1.211128360037e+00
2.221111055553e+01,1.210104360076e+00
2.222111105555e+01,1.209062045422e+00
2.223111155558e+01,1.208001406024e+00
2.224111205560e+01,1.206922431813e+00
2.225111255563e+01,1.205825112711e+00
2.226111305565e+01,1.204709438646e+00
2.227111355568e+01,1.203575399568e+00
2.228111405570e+01,1.202422985455e+00
2.229111455573e+01,1.201252186336e+00
2.230111505575e+01,1.200062992300e+00
2.231111555578e+01,1.198855393511e+00
2.232111605580e+01,1.197629380228e+00
2.233111655583e+01,1.196384942816e+00
2.234111705585e+01,1.195122071767e+00
2.235111755588e+01,1.193840757715e+00
2.236111805590e+01,1.192540991457e+00
2.237111855593e+01,1.191222763967e+00
2.238111905595e+01,1.189886066420e+00
2.239111955598e+01,1.188530890209e+00
2.240112005600e+01,1.187157226968e+00
2.241112055603e+01,1.185765068593e+00
2.242112105605e+01,1.184354407263e+00
2.243112155608e+01,1.182925235465e+00
2.244112205610e+01,1.181477546018e+00
2.245112255613e+01,1.180011332095e+00
2.246112305615e+01,1.178526587254e+00
2.247112355618e+01,1.177023305460e+00
2.248112405620e+01,1.175501481113e+00
2.249112455623e+01,1.173961109080e+00
2.250112505625e+01,1.172402184722e+00
2.251112555628e+01,1.170824703925e+00
2.252112605630e+01,1.169228663134e+00
2.253112655633e+01,1.167614059383e+00
2.254112705635e+01,1.165980890330e+00
2.255112755638e+01,1.164329154293e+00
2.256112805640e+01,1.162658850289e+00
2.257112855643e+01,1.160969978068e+00
2.258112905645e+01,1.159262538153e+00
2.259112955648e+01,1.157536531884e+00
2.260113005650e+01,1.155791961459e+00
2.261113055653e+01,1.154028829974e+00
2.262113105655e+01,1.152247141474e+00
2.263113155658e+01,1.150446900997e+00
2.264113205660e+01,1.148628114623e+00
2.265113255663e+01,1.146790789527e+00
2.266113305665e+01,1.144934934025e+00
2.267113355668e+01,1.143060557637e+00
2.268113405670e+01,1.141167671136e+00
2.269113455673e+01,1.139256286609e+00
2.270113505675e+01,1.137326417517e+00
2.271113555678e+01,1.135378078759e+00
2.272113605680e+01,1.133411286734e+00
2.273113655683e+01,1.131426059411e+00
2.274113705685e+01,1.129422416393e+00
2.275113755688e+01,1.127400378997e+00
2.276113805690e+01,1.125359970323e+00
2.277113855693e+01,1.123301215332e+00
2.278113905695e+01,1.121224140927e+00
2.279113955698e+01,1.119128776035e+00
2.280114005700e+01,1.117015151695e+00
2.281114055703e+01,1.114883301144e+00
2.282114105705e+01,1.112733259911e+00
2.283114155708e+01,1.110565065912e+00
2.284114205710e+01,1.108378759549e+00
2.285114255713e+01,1.106174383811e+00
2.286114305715e+01,1.103951984383e+00
2.287114355718e+01,1.101711609754e+00
2.288114405720e+01,1.099453311330e+00
2.289114455723e+01,1.097177143552e+00
2.290114505725e+01,1.094883164022e+00
2.291114555728e+01,1.092571433622e+00
2.292114605730e+01,1.090242016651e+00
2.293114655733e+01,1.087894980957e+00
2.294114705735e+01,1.085530398081e+00
2.295114755738e+01,1.083148343396e+00
2.296114805740e+01,1.080748896262e+00
2.297114855743e+01,1.078332140180e+00
2.298114905745e+01,1.075898162953e+00
2.299114955748e+01,1.073447056853e+00
2.300115005750e+01,1.070978918790e+00
2.301115055753e+01,1.068493850495e+00
2.302115105755e+01,1.065991958701e+00
2.303115155758e+01,1.063473355334e+00
2.304115205760e+01,1.060938157712e+00
2.305115255763e+01,1.058386488746e+00
2.306115305765e+01,1.055818477152e+00
2.307115355768e+01,1.053234257669e+00
2.308115405770e+01,1.050633971283e+00
2.309115455773e+01,1.048017765462e+00
2.310115505775e+01,1.045385794391e+00
2.311115555778e+01,1.042738219227e+00
2.312115605780e+01,1.040075208348e+00
2.313115655783e+01,1.037396937622e+00
2.314115705785e+01,1.034703590680e+00
2.315115755788e+01,1.031995359193e+00
2.316115805790e+01,1.029272443167e+00
2.317115855793e+01,1.026535051239e+00
2.318115905795e+01,1.023783400989e+00
2.319115955798e+01,1.021017719255e+00
2.320116005800e+01,1.018238242459e+00
2.321116055803e+01,1.015445216950e+00
2.322116105805e+01,1.012638899345e+00
2.323116155808e+01,1.009819556889e+00
2.324116205810e+01,1.006987467820e+00
2.325116255813e+01,1.004142921749e+00
2.326116305815e+01,1.001286220046e+00
2.327116355818e+01,9.984176762342e-01
2.328116405820e+01,9.955376164045e-01
2.329116455823e+01,9.926463796292e-01
2.330116505825e+01,9.897443183921e-01
2.331116555828e+01,9.868317990270e-01
2.332116605830e+01,9.839092021672e-01
2.333116655833e+01,9.809769232040e-01
2.334116705835e+01,9.780353727557e-01
2.335116755838e+01,9.750849771458e-01
2.336116805840e+01,9.721261788906e-01
2.337116855843e+01,9.691594371956e-01
2.338116905845e+01,9.661852284606e-01
2.339116955848e+01,9.632040467924e-01
2.340117005850e+01,9.602164045253e-01
2.341117055853e+01,9.572228327478e-01
2.342117105855e+01,9.542238818364e-01
2.343117155858e+01,9.512201219929e-01
2.344117205860e+01,9.482121437876e-01
2.345117255863e+01,9.452005587046e-01
2.346117305865e+01,9.421859996892e-01
2.347117355868e+01,9.391691216966e-01
2.348117405870e+01,9.361506022392e-01
2.349117455873e+01,9.331311419314e-01
2.350117505875e+01,9.301114650312e-01
2.351117555878e+01,9.270923199750e-01
2.352117605880e+01,9.240744799046e-01
2.353117655883e+01,9.210587431840e-01
2.354117705885e+01,9.180459339033e-01
2.355117755888e+01,9.150369023676e-01
2.356117805890e+01,9.120325255670e-01
2.357117855893e+01,9.090337076264e-01
2.358117905895e+01,9.060413802300e-01
2.359117955898e+01,9.030565030184e-01
2.360118005900e+01,9.000800639537e-01
2.361118055903e+01,8.971130796497e-01
2.362118105905e+01,8.941565956616e-01
2.363118155908e+01,8.912116867324e-01
2.364118205910e+01,8.882794569907e-01
2.365118255913e+01,8.853610400943e-01
2.366118305915e+01,8.824575993164e-01
2.367118355918e+01,8.795703275675e-01
2.368118405920e+01,8.767004473480e-01
2.369118455923e+01,8.738492106274e-01
2.370118505925e+01,8.710178986415e-01
2.371118555928e+01,8.682078216043e-01
2.372118605930e+01,8.654203183276e-01
2.373118655933e+01,8.626567557422e-01
2.374118705935e+01,8.599185283149e-01
2.375118755938e+01,8.572070573549e-01
2.376118805940e+01,8.545237902045e-01
2.377118855943e+01,8.518701993071e-01
2.378118905945e+01,8.492477811476e-01
2.379118955948e+01,8.466580550600e-01
2.380119005950e+01,8.441025618957e-01
2.381119055953e+01,8.415828625501e-01
2.382119105955e+01,8.391005363407e-01
2.383119155958e+01,8.366571792355e-01
2.384119205960e+01,8.342544019262e-01
2.385119255963e+01,8.318938277464e-01
2.386119305965e+01,8.295770904311e-01
2.387119355968e+01,8.273058317191e-01
2.388119405970e+01,8.250816987964e-01
2.389119455973e+01,8.229063415844e-01
2.390119505975e+01,8.207814098745e-01
2.391119555978e+01,8.187085503129e-01
2.392119605980e+01,8.166894032423e-01
2.393119655983e+01,8.147255994063e-01
2.394119705985e+01,8.128187565236e-01
2.395119755988e+01,8.109704757454e-01
2.396119805990e+01,8.091823380032e-01
2.397119855993e+01,8.074559002623e-01
2.398119905995e+01,8.057926916950e-01
2.399119955998e+01,8.041942097883e-01
2.400120006000e+01,8.026619164043e-01
2.401120056003e+01,8.011972338122e-01
2.402120106005e+01,7.998015407110e-01
2.403120156008e+01,7.984761682635e-01
2.404120206010e+01,7.972223961651e-01
2.405120256013e+01,7.960414487688e-01
2.406120306015e+01,7.949344912904e-01
2.407120356018e+01,7.939026261170e-01
2.408120406020e+01,7.929468892436e-01
2.409120456023e+01,7.920682468614e-01
2.410120506025e+01,7.912675921195e-01
2.411120556028e+01,7.905457420863e-01
2.412120606030e+01,7.899034349285e-01
2.413120656033e+01,7.893413273315e-01
2.414120706035e+01,7.888599921802e-01
2.415120756038e+01,7.884599165152e-01
2.416120806040e+01,7.881414997838e-01
2.417120856043e+01,7.879050523969e-01
2.418120906045e+01,7.877507946041e-01
2.419120956048e+01,7.876788556978e-01
2.420121006050e+01,7.876892735476e-01
2.421121056053e+01,7.877819944745e-01
2.422121106055e+01,7.879568734615e-01
2.423121156058e+01,7.882136747017e-01
2.424121206060e+01,7.885520724794e-01
2.425121256063e+01,7.889716523727e-01
2.426121306065e+01,7.894719127750e-01
2.427121356068e+01,7.900522667173e-01
2.428121406070e+01,7.907120439802e-01
2.429121456073e+01,7.914504934800e-01
2.430121506075e+01,7.922667859060e-01
2.431121556078e+01,7.931600165957e-01
2.432121606080e+01,7.941292086215e-01
2.433121656083e+01,7.951733160698e-01
2.434121706085e+01,7.962912274891e-01
2.435121756088e+01,7.974817694814e-01
2.436121806090e+01,7.987437104161e-01
2.437121856093e+01,8.000757642406e-01
2.438121906095e+01,8.014765943649e-01
2.439121956098e+01,8.029448175964e-01
2.440122006100e+01,8.044790081033e-01
2.441122056103e+01,8.060777013829e-01
2.442122106105e+01,8.077393982180e-01
2.443122156108e+01,8.094625685972e-01
2.444122206110e+01,8.112456555842e-01
2.445122256113e+01,8.130870791185e-01
2.446122306115e+01,8.149852397313e-01
2.447122356118e+01,8.169385221637e-01
2.448122406120e+01,8.189452988743e-01
2.449122456123e+01,8.210039334246e-01
2.450122506125e+01,8.231127837351e-01
2.451122556128e+01,8.252702052019e-01
2.452122606130e+01,8.274745536684e-01
2.453122656133e+01,8.297241882477e-01
2.454122706135e+01,8.320174739900e-01
2.455122756138e+01,8.343527843952e-01
2.456122806140e+01,8.367285037675e-01
2.457122856143e+01,8.391430294126e-01
2.458122906145e+01,8.415947736780e-01
2.459122956148e+01,8.440821658376e-01
2.460123006150e+01,8.466036538246e-01
2.461123056153e+01,8.491577058145e-01
2.462123106155e+01,8.517428116622e-01
2.463123156158e+01,8.543574841980e-01
2.464123206160e+01,8.570002603869e-01
2.465123256163e+01,8.596697023568e-01
2.466123306165e+01,8.623643983005e-01
2.467123356168e+01,8.650829632572e-01
2.468123406170e+01,8.678240397805e-01
2.469123456173e+01,8.705862984968e-01
2.470123506175e+01,8.733684385624e-01
2.471123556178e+01,8.761691880232e-01
2.472123606180e+01,8.789873040847e-01
2.473123656183e+01,8.818215732972e-01
2.474123706185e+01,8.846708116620e-01
2.475123756188e+01,8.875338646652e-01
2.476123806190e+01,8.904096072438e-01
2.477123856193e+01,8.932969436886e-01
2.478123906195e+01,8.961948074919e-01
2.479123956198e+01,8.991021611415e-01
2.480124006200e+01,9.020179958684e-01
2.481124056203e+01,9.049413313506e-01
2.482124106205e+01,9.078712153796e-01
2.483124156208e+01,9.108067234914e-01
2.484124206210e+01,9.137469585674e-01
2.485124256213e+01,9.166910504078e-01
2.486124306215e+01,9.196381552818e-01
2.487124356218e+01,9.225874554573e-01
2.488124406220e+01,9.255381587124e-01
2.489124456223e+01,9.284894978332e-01
2.490124506225e+01,9.314407300989e-01
2.491124556228e+01,9.343911367567e-01
2.492124606230e+01,9.373400224897e-01
2.493124656233e+01,9.402867148793e-01
2.494124706235e+01,9.432305638630e-01
2.495124756238e+01,9.461709411910e-01
2.496124806240e+01,9.491072398820e-01
2.497124856243e+01,9.520388736798e-01
2.498124906245e+01,9.549652765121e-01
2.499124956248e+01,9.578859019528e-01
2.500125006250e+01,9.608002226885e-01
2.501125056253e+01,9.637077299900e-01
2.502125106255e+01,9.666079331904e-01
2.503125156258e+01,9.695003591696e-01
2.504125206260e+01,9.723845518465e-01
2.505125256263e+01,9.752600716791e-01
2.506125306265e+01,9.781264951727e-01
2.507125356268e+01,9.809834143977e-01
2.508125406270e+01,9.838304365159e-01
2.509125456273e+01,9.866671833170e-01
2.510125506275e+01,9.894932907641e-01
2.511125556278e+01,9.923084085496e-01
2.512125606280e+01,9.951121996613e-01
2.513125656283e+01,9.979043399578e-01
2.514125706285e+01,1.000684517755e+00
2.515125756288e+01,1.003452433424e+00
2.516125806290e+01,1.006207798994e+00
2.517125856293e+01,1.008950337773e+00
2.518125906295e+01,1.011679783973e+00
2.519125956298e+01,1.014395882348e+00
2.520126006300e+01,1.017098387839e+00
2.521126056303e+01,1.019787065233e+00
2.522126106305e+01,1.022461688828e+00
2.523126156308e+01,1.025122042114e+00
2.524126206310e+01,1.027767917449e+00
2.525126256313e+01,1.030399115763e+00
2.526126306315e+01,1.033015446258e+00
2.527126356318e+01,1.035616726123e+00
2.528126406320e+01,1.038202780250e+00
2.529126456323e+01,1.040773440974e+00
2.530126506325e+01,1.043328547800e+00
2.531126556328e+01,1.045867947161e+00
2.532126606330e+01,1.048391492164e+00
2.533126656333e+01,1.050899042357e+00
2.534126706335e+01,1.053390463498e+00
2.535126756338e+01,1.055865627331e+00
2.536126806340e+01,1.058324411375e+00
2.537126856343e+01,1.060766698708e+00
2.538126906345e+01,1.063192377775e+00
2.539126956348e+01,1.065601342183e+00
2.540127006350e+01,1.067993490521e+00
2.541127056353e+01,1.070368726173e+00
2.542127106355e+01,1.072726957143e+00
2.543127156358e+01,1.075068095883e+00
2.544127206360e+01,1.077392059132e+00
2.545127256363e+01,1.079698767752e+00
2.546127306365e+01,1.081988146579e+00
2.547127356368e+01,1.084260124271e+00
2.548127406370e+01,1.086514633165e+00
2.549127456373e+01,1.088751609139e+00
2.550127506375e+01,1.090970991479e+00
2.551127556378e+01,1.093172722747e+00
2.552127606380e+01,1.095356748657e+00
2.553127656383e+01,1.097523017955e+00
2.554127706385e+01,1.099671482302e+00
2.555127756388e+01,1.101802096160e+00
2.556127806390e+01,1.103914816686e+00
2.557127856393e+01,1.106009603625e+00
2.558127906395e+01,1.108086419208e+00
2.559127956398e+01,1.110145228057e+00
2.560128006400e+01,1.112185997087e+00
2.561128056403e+01,1.114208695416e+00
2.562128106405e+01,1.116213294280e+00
2.563128156408e+01,1.118199766942e+00
2.564128206410e+01,1.120168088614e+00
2.565128256413e+01,1.122118236379e+00
2.566128306415e+01,1.124050189110e+00
2.567128356418e+01,1.125963927399e+00
2.568128406420e+01,1.127859433485e+00
2.569128456423e+01,1.129736691187e+00
2.570128506425e+01,1.131595685834e+00
2.571128556428e+01,1.133436404205e+00
2.572128606430e+01,1.135258834463e+00
2.573128656433e+01,1.137062966099e+00
2.574128706435e+01,1.138848789872e+00
2.575128756438e+01,1.140616297754e+00
2.576128806440e+01,1.142365482876e+00
2.577128856443e+01,1.144096339478e+00
2.578128906445e+01,1.145808862857e+00
2.579128956448e+01,1.147503049319e+00
2.580129006450e+01,1.149178896133e+00
2.581129056453e+01,1.150836401485e+00
2.582129106455e+01,1.152475564438e+00
2.583129156458e+01,1.154096384884e+00
2.584129206460e+01,1.155698863510e+00
2.585129256463e+01,1.157283001755e+00
2.586129306465e+01,1.158848801774e+00
2.587129356468e+01,1.160396266401e+00
2.588129406470e+01,1.161925399114e+00
2.589129456473e+01,1.163436204002e+00
2.590129506475e+01,1.164928685731e+00
2.591129556478e+01,1.166402849514e+00
2.592129606480e+01,1.167858701080e+00
2.593129656483e+01,1.169296246643e+00
2.594129706485e+01,1.170715492878e+00
2.595129756488e+01,1.172116446888e+00
2.596129806490e+01,1.173499116183e+00
2.597129856493e+01,1.174863508650e+00
2.598129906495e+01,1.176209632534e+00
2.599129956498e+01,1.177537496408e+00
2.600130006500e+01,1.178847109153e+00
2.601130056503e+01,1.180138479940e+00
2.602130106505e+01,1.181411618200e+00
2.603130156508e+01,1.182666533612e+00
2.604130206510e+01,1.183903236079e+00
2.605130256513e+01,1.185121735708e+00
2.606130306515e+01,1.186322042794e+00
2.607130356518e+01,1.187504167803e+00
2.608130406520e+01,1.188668121352e+00
2.609130456523e+01,1.189813914194e+00
2.610130506525e+01,1.190941557200e+00
2.611130556528e+01,1.192051061350e+00
2.612130606530e+01,1.193142437711e+00
2.613130656533e+01,1.194215697424e+00
2.614130706535e+01,1.195270851695e+00
2.615130756538e+01,1.196307911778e+00
2.616130806540e+01,1.197326888960e+00
2.617130856543e+01,1.198327794555e+00
2.618130906545e+01,1.199310639885e+00
2.619130956548e+01,1.200275436277e+00
2.620131006550e+01,1.201222195041e+00
2.621131056553e+01,1.202150927471e+00
2.622131106555e+01,1.203061644827e+00
2.623131156558e+01,1.203954358326e+00
2.624131206560e+01,1.204829079138e+00
2.625131256563e+01,1.205685818368e+00
2.626131306565e+01,1.206524587056e+00
2.627131356568e+01,1.207345396164e+00
2.628131406570e+01,1.208148256566e+00
2.629131456573e+01,1.208933179047e+00
2.630131506575e+01,1.209700174288e+00
2.631131556578e+01,1.210449252863e+00
2.632131606580e+01,1.211180425233e+00
2.633131656583e+01,1.211893701733e+00
2.634131706585e+01,1.212589092576e+00
2.635131756588e+01,1.213266607837e+00
2.636131806590e+01,1.213926257452e+00
2.637131856593e+01,1.214568051212e+00
2.638131906595e+01,1.215191998757e+00
2.639131956598e+01,1.215798109572e+00
2.640132006600e+01,1.216386392980e+00
2.641132056603e+01,1.216956858137e+00
2.642132106605e+01,1.217509514032e+00
2.643132156608e+01,1.218044369477e+00
2.644132206610e+01,1.218561433107e+00
2.645132256613e+01,1.219060713374e+00
2.646132306615e+01,1.219542218543e+00
2.647132356618e+01,1.220005956691e+00
2.648132406620e+01,1.220451935701e+00
2.649132456623e+01,1.220880163259e+00
2.650132506625e+01,1.221290646854e+00
2.651132556628e+01,1.221683393770e+00
2.652132606630e+01,1.222058411089e+00
2.653132656633e+01,1.222415705684e+00
2.654132706635e+01,1.222755284220e+00
2.655132756638e+01,1.223077153147e+00
2.656132806640e+01,1.223381318706e+00
2.657132856643e+01,1.223667786918e+00
2.658132906645e+01,1.223936563589e+00
2.659132956648e+01,1.224187654303e+00
2.660133006650e+01,1.224421064428e+00
2.661133056653e+01,1.224636799106e+00
2.662133106655e+01,1.224834863258e+00
2.663133156658e+01,1.225015261579e+00
2.664133206660e+01,1.225177998540e+00
2.665133256663e+01,1.225323078387e+00
2.666133306665e+01,1.225450505139e+00
2.667133356668e+01,1.225560282585e+00
2.668133406670e+01,1.225652414291e+00
2.669133456673e+01,1.225726903591e+00
2.670133506675e+01,1.225783753594e+00
2.671133556678e+01,1.225822967180e+00
2.672133606680e+01,1.225844547000e+00
2.673133656683e+01,1.225848495479e+00
2.674133706685e+01,1.225834814813e+00
2.675133756688e+01,1.225803506973e+00
2.676133806690e+01,1.225754573701e+00
2.677133856693e+01,1.225688016515e+00
2.678133906695e+01,1.225603836709e+00
2.679133956698e+01,1.225502035352e+00
2.680134006700e+01,1.225382613290e+00
2.681134056703e+01,1.225245571148e+00
2.682134106705e+01,1.225090909331e+00
2.683134156708e+01,1.224918628025e+00
2.684134206710e+01,1.224728727200e+00
2.685134256713e+01,1.224521206608e+00
2.686134306715e+01,1.224296065790e+00
2.687134356718e+01,1.224053304075e+00
2.688134406720e+01,1.223792920583e+00
2.689134456723e+01,1.223514914225e+00
2.690134506725e+01,1.223219283709e+00
2.691134556728e+01,1.222906027542e+00
2.692134606730e+01,1.222575144029e+00
2.693134656733e+01,1.222226631282e+00
2.694134706735e+01,1.221860487216e+00
2.695134756738e+01,1.221476709558e+00
2.696134806740e+01,1.221075295847e+00
2.697134856743e+01,1.220656243440e+00
2.698134906745e+01,1.220219549513e+00
2.699134956748e+01,1.219765211066e+00
2.700135006750e+01,1.219293224929e+00
2.701135056753e+01,1.218803587761e+00
2.702135106755e+01,1.218296296061e+00
2.703135156758e+01,1.217771346166e+00
2.704135206760e+01,1.217228734262e+00
2.705135256763e+01,1.216668456384e+00
2.706135306765e+01,1.216090508423e+00
2.707135356768e+01,1.215494886133e+00
2.708135406770e+01,1.214881585132e+00
2.709135456773e+01,1.214250600914e+00
2.710135506775e+01,1.213601928848e+00
2.711135556778e+01,1.212935564192e+00
2.712135606780e+01,1.212251502092e+00
2.713135656783e+01,1.211549737594e+00
2.714135706785e+01,1.210830265648e+00
2.715135756788e+01,1.210093081117e+00
2.716135806790e+01,1.209338178783e+00
2.717135856793e+01,1.208565553356e+00
2.718135906795e+01,1.207775199481e+00
2.719135956798e+01,1.206967111748e+00
2.720136006800e+01,1.206141284699e+00
2.721136056803e+01,1.205297712836e+00
2.722136106805e+01,1.204436390635e+00
2.723136156808e+01,1.203557312548e+00
2.724136206810e+01,1.202660473022e+00
2.725136256813e+01,1.201745866500e+00
2.726136306815e+01,1.200813487441e+00
2.727136356818e+01,1.199863330321e+00
2.728136406820e+01,1.198895389653e+00
2.729136456823e+01,1.197909659996e+00
2.730136506825e+01,1.196906135965e+00
2.731136556828e+01,1.195884812245e+00
2.732136606830e+01,1.194845683606e+00
2.733136656833e+01,1.193788744913e+00
2.734136706835e+01,1.192713991145e+00
2.735136756838e+01,1.191621417403e+00
2.736136806840e+01,1.190511018931e+00
2.737136856843e+01,1.189382791129e+00
2.738136906845e+01,1.188236729566e+00
2.739136956848e+01,1.187072830004e+00
2.740137006850e+01,1.185891088407e+00
2.741137056853e+01,1.184691500965e+00
2.742137106855e+01,1.183474064109e+00
2.743137156858e+01,1.182238774531e+00
2.744137206860e+01,1.180985629203e+00
2.745137256863e+01,1.179714625401e+00
2.746137306865e+01,1.178425760718e+00
2.747137356868e+01,1.177119033095e+00
2.748137406870e+01,1.175794440837e+00
2.749137456873e+01,1.174451982638e+00
2.750137506875e+01,1.173091657607e+00
2.751137556878e+01,1.171713465291e+00
2.752137606880e+01,1.170317405701e+00
2.753137656883e+01,1.168903479338e+00
2.754137706885e+01,1.167471687222e+00
2.755137756888e+01,1.166022030919e+00
2.756137806890e+01,1.164554512571e+00
2.757137856893e+01,1.163069134928e+00
2.758137906895e+01,1.161565901376e+00
2.759137956898e+01,1.160044815973e+00
2.760138006900e+01,1.158505883480e+00
2.761138056903e+01,1.156949109397e+00
2.762138106905e+01,1.155374500001e+00
2.763138156908e+01,1.153782062378e+00
2.764138206910e+01,1.152171804466e+00
2.765138256913e+01,1.150543735095e+00
2.766138306915e+01,1.148897864025e+00
2.767138356918e+01,1.147234201989e+00
2.768138406920e+01,1.145552760741e+00
2.769138456923e+01,1.143853553097e+00
2.770138506925e+01,1.142136592983e+00
2.771138556928e+01,1.140401895487e+00
2.772138606930e+01,1.138649476905e+00
2.773138656933e+01,1.136879354794e+00
2.774138706935e+01,1.135091548029e+00
2.775138756938e+01,1.133286076854e+00
2.776138806940e+01,1.131462962943e+00
2.777138856943e+01,1.129622229458e+00
2.778138906945e+01,1.127763901112e+00
2.779138956948e+01,1.125888004229e+00
2.780139006950e+01,1.123994566814e+00
2.781139056953e+01,1.122083618620e+00
2.782139106955e+01,1.120155191215e+00
2.783139156958e+01,1.118209318060e+00
2.784139206960e+01,1.116246034579e+00
2.785139256963e+01,1.114265378240e+00
2.786139306965e+01,1.112267388635e+00
2.787139356968e+01,1.110252107563e+00
2.788139406970e+01,1.108219579112e+00
2.789139456973e+01,1.106169849755e+00
2.790139506975e+01,1.104102968435e+00
2.791139556978e+01,1.102018986663e+00
2.792139606980e+01,1.099917958616e+00
2.793139656983e+01,1.097799941237e+00
2.794139706985e+01,1.095664994340e+00
2.795139756988e+01,1.093513180719e+00
2.796139806990e+01,1.091344566259e+00
2.797139856993e+01,1.089159220048e+00
2.798139906995e+01,1.086957214505e+00
2.799139956998e+01,1.084738625493e+00
2.800140007000e+01,1.082503532452e+00
2.801140057003e+01,1.080252018531e+00
2.802140107005e+01,1.077984170717e+00
2.803140157008e+01,1.075700079985e+00
2.804140207010e+01,1.073399841434e+00
2.805140257013e+01,1.071083554438e+00
2.806140307015e+01,1.068751322806e+00
2.807140357018e+01,1.066403254933e+00
2.808140407020e+01,1.064039463967e+00
2.809140457023e+01,1.061660067982e+00
2.810140507025e+01,1.059265190145e+00
2.811140557028e+01,1.056854958903e+00
2.812140607030e+01,1.054429508164e+00
2.813140657033e+01,1.051988977493e+00
2.814140707035e+01,1.049533512304e+00
2.815140757038e+01,1.047063264066e+00
2.816140807040e+01,1.044578390513e+00
2.817140857043e+01,1.042079055858e+00
2.818140907045e+01,1.039565431017e+00
2.819140957048e+01,1.037037693837e+00
2.820141007050e+01,1.034496029329e+00
2.821141057053e+01,1.031940629913e+00
2.822141107055e+01,1.029371695669e+00
2.823141157058e+01,1.026789434586e+00
2.824141207060e+01,1.024194062831e+00
2.825141257063e+01,1.021585805019e+00
2.826141307065e+01,1.018964894489e+00
2.827141357068e+01,1.016331573587e+00
2.828141407070e+01,1.013686093964e+00
2.829141457073e+01,1.011028716870e+00
2.830141507075e+01,1.008359713467e+00
2.831141557078e+01,1.005679365139e+00
2.832141607080e+01,1.002987963817e+00
2.833141657083e+01,1.000285812308e+00
2.834141707085e+01,9.975732246335e-01
2.835141757088e+01,9.948505263741e-01
2.836141807090e+01,9.921180550201e-01
2.837141857093e+01,9.893761603323e-01
2.838141907095e+01,9.866252047074e-01
2.839141957098e+01,9.838655635515e-01
2.840142007100e+01,9.810976256595e-01
2.841142057103e+01,9.783217936012e-01
2.842142107105e+01,9.755384841128e-01
2.843142157108e+01,9.727481284951e-01
2.844142207110e+01,9.699511730155e-01
2.845142257113e+01,9.671480793160e-01
2.846142307115e+01,9.643393248245e-01
2.847142357118e+01,9.615254031703e-01
2.848142407120e+01,9.587068246021e-01
2.849142457123e+01,9.558841164081e-01
2.850142507125e+01,9.530578233381e-01
2.851142557128e+01,9.502285080252e-01
2.852142607130e+01,9.473967514078e-01
2.853142657133e+01,9.445631531488e-01
2.854142707135e+01,9.417283320537e-01
2.855142757138e+01,9.388929264825e-01
2.856142807140e+01,9.360575947579e-01
2.857142857143e+01,9.332230155655e-01
2.858142907145e+01,9.303898883455e-01
2.859142957148e+01,9.275589336741e-01
2.860143007150e+01,9.247308936323e-01
2.861143057153e+01,9.219065321610e-01
2.862143107155e+01,9.190866353990e-01
2.863143157158e+01,9.162720120021e-01
2.864143207160e+01,9.134634934418e-01
2.865143257163e+01,9.106619342793e-01
2.866143307165e+01,9.078682124135e-01
2.867143357168e+01,9.050832292990e-01
2.868143407170e+01,9.023079101326e-01
2.869143457173e+01,8.995432040030e-01
2.870143507175e+01,8.967900840022e-01
2.871143557178e+01,8.940495472948e-01
2.872143607180e+01,8.913226151400e-01
2.873143657183e+01,8.886103328656e-01
2.874143707185e+01,8.859137697871e-01
2.875143757188e+01,8.832340190697e-01
2.876143807190e+01,8.805721975294e-01
2.877143857193e+01,8.779294453673e-01
2.878143907195e+01,8.753069258356e-01
2.879143957198e+01,8.727058248288e-01
2.880144007200e+01,8.701273503969e-01
2.881144057203e+01,8.675727321768e-01
2.882144107205e+01,8.650432207373e-01
2.883144157208e+01,8.625400868339e-01
2.884144207210e+01,8.600646205693e-01
2.885144257213e+01,8.576181304564e-01
2.886144307215e+01,8.552019423798e-01
2.887144357218e+01,8.528173984534e-01
2.888144407220e+01,8.504658557701e-01
2.889144457223e+01,8.481486850420e-01
2.890144507225e+01,8.458672691285e-01
2.891144557228e+01,8.436230014510e-01
2.892144607230e+01,8.414172842933e-01
2.893144657233e+01,8.392515269861e-01
2.894144707235e+01,8.371271439773e-01
2.895144757238e+01,8.350455527877e-01
2.896144807240e+01,8.330081718544e-01
2.897144857243e+01,8.310164182645e-01
2.898144907245e+01,8.290717053815e-01
2.899144957248e+01,8.271754403690e-01
2.900145007250e+01,8.253290216177e-01
2.901145057253e+01,8.235338360801e-01
2.902145107255e+01,8.217912565218e-01
2.903145157258e+01,8.201026386955e-01
2.904145207260e+01,8.184693184487e-01
2.905145257263e+01,8.168926087734e-01
2.906145307265e+01,8.153737968104e-01
2.907145357268e+01,8.139141408193e-01
2.908145407270e+01,8.125148671262e-01
2.909145457273e+01,8.111771670646e-01
2.910145507275e+01,8.099021939226e-01
2.911145557278e+01,8.086910599116e-01
2.912145607280e+01,8.075448331722e-01
2.913145657283e+01,8.064645348328e-01
2.914145707285e+01,8.054511361389e-01
2.915145757288e+01,8.045055556663e-01
2.916145807290e+01,8.036286566386e-01
2.917145857293e+01,8.028212443614e-01
2.918145907295e+01,8.020840637919e-01
2.919145957298e+01,8.014177972588e-01
2.920146007300e+01,8.008230623461e-01
2.921146057303e+01,8.003004099562e-01
2.922146107305e+01,7.998503225646e-01
2.923146157308e+01,7.994732126785e-01
2.924146207310e+01,7.991694215107e-01
2.925146257313e+01,7.989392178753e-01
2.926146307315e+01,7.987827973171e-01
2.927146357318e+01,7.987002814769e-01
2.928146407320e+01,7.986917177002e-01
2.929146457323e+01,7.987570788917e-01
2.930146507325e+01,7.988962636130e-01
2.931146557328e+01,7.991090964293e-01
2.932146607330e+01,7.993953284957e-01
2.933146657333e+01,7.997546383842e-01
2.934146707335e+01,8.001866331432e-01
2.935146757338e+01,8.006908495804e-01
2.936146807340e+01,8.012667557638e-01
2.937146857343e+01,8.019137527273e-01
2.938146907345e+01,8.026311763697e-01
2.939146957348e+01,8.034182995365e-01
2.940147007350e+01,8.042743342667e-01
2.941147057353e+01,8.051984341933e-01
2.942147107355e+01,8.061896970806e-01
2.943147157358e+01,8.072471674823e-01
2.944147207360e+01,8.083698395060e-01
2.945147257363e+01,8.095566596639e-01
2.946147307365e+01,8.108065297981e-01
2.947147357368e+01,8.121183100603e-01
2.948147407370e+01,8.134908219321e-01
2.949147457373e+01,8.149228512692e-01
2.950147507375e+01,8.164131513553e-01
2.951147557378e+01,8.179604459499e-01
2.952147607380e+01,8.195634323187e-01
2.953147657383e+01,8.212207842303e-01
2.954147707385e+01,8.229311549099e-01
2.955147757388e+01,8.246931799382e-01
2.956147807390e+01,8.265054800844e-01
2.957147857393e+01,8.283666640648e-01
2.958147907395e+01,8.302753312193e-01
2.959147957398e+01,8.322300740967e-01
2.960148007400e+01,8.342294809458e-01
2.961148057403e+01,8.362721381032e-01
2.962148107405e+01,8.383566322763e-01
2.963148157408e+01,8.404815527177e-01
2.964148207410e+01,8.426454932860e-01
2.965148257413e+01,8.448470543953e-01
2.966148307415e+01,8.470848448489e-01
2.967148357418e+01,8.493574835585e-01
2.968148407420e+01,8.516636011495e-01
2.969148457423e+01,8.540018414521e-01
2.970148507425e+01,8.563708628816e-01
2.971148557428e+01,8.587693397075e-01
2.972148607430e+01,8.611959632167e-01
2.973148657433e+01,8.636494427709e-01
2.974148707435e+01,8.661285067628e-01
2.975148757438e+01,8.686319034746e-01
2.976148807440e+01,8.711584018417e-01
2.977148857443e+01,8.737067921257e-01
2.978148907445e+01,8.762758865007e-01
2.979148957448e+01,8.788645195572e-01
2.980149007450e+01,8.814715487272e-01
2.981149057453e+01,8.840958546348e-01
2.982149107455e+01,8.867363413768e-01
2.983149157458e+01,8.893919367366e-01
2.984149207460e+01,8.920615923369e-01
2.985149257463e+01,8.947442837334e-01
2.986149307465e+01,8.974390104550e-01
2.987149357468e+01,9.001447959933e-01
2.988149407470e+01,9.028606877455e-01
2.989149457473e+01,9.055857569150e-01
2.990149507475e+01,9.083190983712e-01
2.991149557478e+01,9.110598304741e-01
2.992149607480e+01,9.138070948655e-01
2.993149657483e+01,9.165600562306e-01
2.994149707485e+01,9.193179020315e-01
2.995149757488e+01,9.220798422178e-01
2.996149807490e+01,9.248451089143e-01
2.997149857493e+01,9.276129560902e-01
2.998149907495e+01,9.303826592107e-01
2.999149957498e+01,9.331535148746e-01
3.000150007500e+01,9.359248404384e-01
3.001150057503e+01,9.386959736301e-01
3.002150107505e+01,9.414662721538e-01
3.003150157508e+01,9.442351132867e-01
3.004150207510e+01,9.470018934706e-01
3.005150257513e+01,9.497660278987e-01
3.006150307515e+01,9.525269500994e-01
3.007150357518e+01,9.552841115181e-01
3.008150407520e+01,9.580369810978e-01
3.009150457523e+01,9.607850448608e-01
3.010150507525e+01,9.635278054907e-01
3.011150557528e+01,9.662647819164e-01
3.012150607530e+01,9.689955088992e-01
3.013150657533e+01,9.717195366230e-01
3.014150707535e+01,9.744364302884e-01
3.015150757538e+01,9.771457697119e-01
3.016150807540e+01,9.798471489290e-01
3.017150857543e+01,9.825401758043e-01
3.018150907545e+01,9.852244716458e-01
3.019150957548e+01,9.878996708267e-01
3.020151007550e+01,9.905654204130e-01
3.021151057553e+01,9.932213797977e-01
3.022151107555e+01,9.958672203424e-01
3.023151157558e+01,9.985026250254e-01
3.024151207560e+01,1.001127288097e+00
3.025151257563e+01,1.003740914744e+00
3.026151307565e+01,1.006343220756e+00
3.027151357568e+01,1.008933932209e+00
3.028151407570e+01,1.011512785144e+00
3.029151457573e+01,1.014079525263e+00
3.030151507575e+01,1.016633907632e+00
3.031151557578e+01,1.019175696380e+00
3.032151607580e+01,1.021704664422e+00
3.033151657583e+01,1.024220593177e+00
3.034151707585e+01,1.026723272299e+00
3.035151757588e+01,1.029212499411e+00
3.036151807590e+01,1.031688079852e+00
3.037151857593e+01,1.034149826425e+00
3.038151907595e+01,1.036597559156e+00
3.039151957598e+01,1.039031105057e+00
3.040152007600e+01,1.041450297897e+00
3.041152057603e+01,1.043854977981e+00
3.042152107605e+01,1.046244991932e+00
3.043152157608e+01,1.048620192482e+00
3.044152207610e+01,1.050980438268e+00
3.045152257613e+01,1.053325593633e+00
3.046152307615e+01,1.055655528436e+00
3.047152357618e+01,1.057970117866e+00
3.048152407620e+01,1.060269242258e+00
3.049152457623e+01,1.062552786924e+00
3.050152507625e+01,1.064820641976e+00
3.051152557628e+01,1.067072702167e+00
3.052152607630e+01,1.069308866730e+00
3.053152657633e+01,1.071529039220e+00
3.054152707635e+01,1.073733127372e+00
3.055152757638e+01,1.075921042947e+00
3.056152807640e+01,1.078092701599e+00
3.057152857643e+01,1.080248022731e+00
3.058152907645e+01,1.082386929373e+00
3.059152957648e+01,1.084509348045e+00
3.060153007650e+01,1.086615208639e+00
3.061153057653e+01,1.088704444299e+00
3.062153107655e+01,1.090776991301e+00
3.063153157658e+01,1.092832788946e+00
3.064153207660e+01,1.094871779450e+00
3.065153257663e+01,1.096893907835e+00
3.066153307665e+01,1.098899121833e+00
3.067153357668e+01,1.100887371786e+00
3.068153407670e+01,1.102858610548e+00
3.069153457673e+01,1.104812793395e+00
3.070153507675e+01,1.106749877938e+00
3.071153557678e+01,1.108669824033e+00
3.072153607680e+01,1.110572593698e+00
3.073153657683e+01,1.112458151037e+00
3.074153707685e+01,1.114326462156e+00
3.075153757688e+01,1.116177495090e+00
3.076153807690e+01,1.118011219730e+00
3.077153857693e+01,1.119827607754e+00
3.078153907695e+01,1.121626632556e+00
3.079153957698e+01,1.123408269181e+00
3.080154007700e+01,1.125172494260e+00
3.081154057703e+01,1.126919285951e+00
3.082154107705e+01,1.128648623877e+00
3.083154157708e+01,1.130360489069e+00
3.084154207710e+01,1.132054863909e+00
3.085154257713e+01,1.133731732077e+00
3.086154307715e+01,1.135391078499e+00
3.087154357718e+01,1.137032889297e+00
3.088154407720e+01,1.138657151737e+00
3.089154457723e+01,1.140263854185e+00
3.090154507725e+01,1.141852986061e+00
3.091154557728e+01,1.143424537792e+00
3.092154607730e+01,1.144978500773e+00
3.093154657733e+01,1.146514867324e+00
3.094154707735e+01,1.148033630650e+00
3.095154757738e+01,1.149534784802e+00
3.096154807740e+01,1.151018324640e+00
3.097154857743e+01,1.152484245799e+00
3.098154907745e+01,1.153932544649e+00
3.099154957748e+01,1.155363218267e+00
3.100155007750e+01,1.156776264401e+00
3.101155057753e+01,1.158171681441e+00
3.102155107755e+01,1.159549468384e+00
3.103155157758e+01,1.160909624810e+00
3.104155207760e+01,1.162252150850e+00
3.105155257763e+01,1.163577047159e+00
3.106155307765e+01,1.164884314891e+00
3.107155357768e+01,1.166173955671e+00
3.108155407770e+01,1.167445971573e+00
3.109155457773e+01,1.168700365092e+00
3.110155507775e+01,1.169937139125e+00
3.111155557778e+01,1.171156296947e+00
3.112155607780e+01,1.172357842187e+00
3.113155657783e+01,1.173541778810e+00
3.114155707785e+01,1.174708111097e+00
3.115155757788e+01,1.175856843623e+00
3.116155807790e+01,1.176987981239e+00
3.117155857793e+01,1.178101529055e+00
3.118155907795e+01,1.179197492422e+00
3.119155957798e+01,1.180275876912e+00
3.120156007800e+01,1.181336688308e+00
3.121156057803e+01,1.182379932580e+00
3.122156107805e+01,1.183405615877e+00
3.123156157808e+01,1.184413744506e+00
3.124156207810e+01,1.185404324924e+00
3.125156257813e+01,1.186377363717e+00
3.126156307815e+01,1.187332867594e+00
3.127156357818e+01,1.188270843369e+00
3.128156407820e+01,1.189191297951e+00
3.129156457823e+01,1.190094238329e+00
3.130156507825e+01,1.190979671566e+00
3.131156557828e+01,1.191847604782e+00
3.132156607830e+01,1.192698045147e+00
3.133156657833e+01,1.193530999869e+00
3.134156707835e+01,1.194346476185e+00
3.135156757838e+01,1.195144481351e+00
3.136156807840e+01,1.195925022631e+00
3.137156857843e+01,1.196688107291e+00
3.138156907845e+01,1.197433742588e+00
3.139156957848e+01,1.198161935764e+00
3.140157007850e+01,1.198872694037e+00
3.141157057853e+01,1.199566024590e+00
3.142157107855e+01,1.200241934571e+00
3.143157157858e+01,1.200900431079e+00
3.144157207860e+01,1.201541521160e+00
3.145157257863e+01,1.202165211802e+00
3.146157307865e+01,1.202771509924e+00
3.147157357868e+01,1.203360422377e+00
3.148157407870e+01,1.203931955930e+00
3.149157457873e+01,1.204486117272e+00
3.150157507875e+01,1.205022913003e+00
3.151157557878e+01,1.205542349629e+00
3.152157607880e+01,1.206044433555e+00
3.153157657883e+01,1.206529171089e+00
3.154157707885e+01,1.206996568425e+00
3.155157757888e+01,1.207446631650e+00
3.156157807890e+01,1.207879366735e+00
3.157157857893e+01,1.208294779529e+00
3.158157907895e+01,1.208692875760e+00
3.159157957898e+01,1.209073661030e+00
3.160158007900e+01,1.209437140811e+00
3.161158057903e+01,1.209783320443e+00
3.162158107905e+01,1.210112205130e+00
3.163158157908e+01,1.210423799939e+00
3.164158207910e+01,1.210718109794e+00
3.165158257913e+01,1.210995139480e+00
3.166158307915e+01,1.211254893635e+00
3.167158357918e+01,1.211497376750e+00
3.168158407920e+01,1.211722593168e+00
3.169158457923e+01,1.211930547081e+00
3.170158507925e+01,1.212121242530e+00
3.171158557928e+01,1.212294683402e+00
3.172158607930e+01,1.212450873431e+00
3.173158657933e+01,1.212589816194e+00
3.174158707935e+01,1.212711515113e+00
3.175158757938e+01,1.212815973453e+00
3.176158807940e+01,1.212903194320e+00
3.177158857943e+01,1.212973180664e+00
3.178158907945e+01,1.213025935276e+00
3.179158957948e+01,1.213061460789e+00
3.180159007950e+01,1.213079759677e+00
3.181159057953e+01,1.213080834256e+00
3.182159107955e+01,1.213064686685e+00
3.183159157958e+01,1.213031318965e+00
3.184159207960e+01,1.212980732940e+00
3.185159257963e+01,1.212912930299e+00
3.186159307965e+01,1.212827912575e+00
3.187159357968e+01,1.212725681148e+00
3.188159407970e+01,1.212606237243e+00
3.189159457973e+01,1.212469581937e+00
3.190159507975e+01,1.212315716153e+00
3.191159557978e+01,1.212144640670e+00
3.192159607980e+01,1.211956356117e+00
3.193159657983e+01,1.211750862979e+00
3.194159707985e+01,1.211528161601e+00
3.195159757988e+01,1.211288252185e+00
3.196159807990e+01,1.211031134797e+00
3.197159857993e+01,1.210756809368e+00
3.198159907995e+01,1.210465275694e+00
3.199159957998e+01,1.210156533446e+00
3.200160008000e+01,1.209830582165e+00
3.201160058003e+01,1.209487421270e+00
3.202160108005e+01,1.209127050061e+00
3.203160158008e+01,1.208749467722e+00
3.204160208010e+01,1.208354673325e+00
3.205160258013e+01,1.207942665832e+00
3.206160308015e+01,1.207513444103e+00
3.207160358018e+01,1.207067006898e+00
3.208160408020e+01,1.206603352882e+00
3.209160458023e+01,1.206122480630e+00
3.210160508025e+01,1.205624388629e+00
3.211160558028e+01,1.205109075291e+00
3.212160608030e+01,1.204576538949e+00
3.213160658033e+01,1.204026777868e+00
3.214160708035e+01,1.203459790252e+00
3.215160758038e+01,1.202875574245e+00
3.216160808040e+01,1.202274127942e+00
3.217160858043e+01,1.201655449393e+00
3.218160908045e+01,1.201019536611e+00
3.219160958048e+01,1.200366387578e+00
3.220161008050e+01,1.199696000254e+00
3.221161058053e+01,1.199008372584e+00
3.222161108055e+01,1.198303502505e+00
3.223161158058e+01,1.197581387953e+00
3.224161208060e+01,1.196842026876e+00
3.225161258063e+01,1.196085417238e+00
3.226161308065e+01,1.195311557031e+00
3.227161358068e+01,1.194520444284e+00
3.228161408070e+01,1.193712077070e+00
3.229161458073e+01,1.192886453521e+00
3.230161508075e+01,1.192043571833e+00
3.231161558078e+01,1.191183430283e+00
3.232161608080e+01,1.190306027232e+00
3.233161658083e+01,1.189411361145e+00
3.234161708085e+01,1.188499430597e+00
3.235161758088e+01,1.187570234288e+00
3.236161808090e+01,1.186623771056e+00
3.237161858093e+01,1.185660039887e+00
3.238161908095e+01,1.184679039933e+00
3.239161958098e+01,1.183680770524e+00
3.240162008100e+01,1.182665231182e+00
3.241162058103e+01,1.181632421635e+00
3.242162108105e+01,1.180582341836e+00
3.243162158108e+01,1.179514991977e+00
3.244162208110e+01,1.178430372505e+00
3.245162258113e+01,1.177328484141e+00
3.246162308115e+01,1.176209327894e+00
3.247162358118e+01,1.175072905084e+00
3.248162408120e+01,1.173919217358e+00
3.249162458123e+01,1.172748266710e+00
3.250162508125e+01,1.171560055501e+00
3.251162558128e+01,1.170354586480e+00
3.252162608130e+01,1.169131862806e+00
3.253162658133e+01,1.167891888070e+00
3.254162708135e+01,1.166634666316e+00
3.255162758138e+01,1.165360202067e+00
3.256162808140e+01,1.164068500350e+00
3.257162858143e+01,1.162759566717e+00
3.258162908145e+01,1.161433407275e+00
3.259162958148e+01,1.160090028714e+00
3.260163008150e+01,1.158729438329e+00
3.261163058153e+01,1.157351644054e+00
3.262163108155e+01,1.155956654489e+00
3.263163158158e+01,1.154544478933e+00
3.264163208160e+01,1.153115127411e+00
3.265163258163e+01,1.151668610711e+00
3.266163308165e+01,1.150204940418e+00
3.267163358168e+01,1.148724128942e+00
3.268163408170e+01,1.147226189563e+00
3.269163458173e+01,1.145711136462e+00
3.270163508175e+01,1.144178984760e+00
3.271163558178e+01,1.142629750560e+00
3.272163608180e+01,1.141063450984e+00
3.273163658183e+01,1.139480104219e+00
3.274163708185e+01,1.137879729557e+00
3.275163758188e+01,1.136262347443e+00
3.276163808190e+01,1.134627979518e+00
3.277163858193e+01,1.132976648668e+00
3.278163908195e+01,1.131308379074e+00
3.279163958198e+01,1.129623196264e+00
3.280164008200e+01,1.127921127162e+00
3.281164058203e+01,1.126202200144e+00
3.282164108205e+01,1.124466445096e+00
3.283164158208e+01,1.122713893467e+00
3.284164208210e+01,1.120944578335e+00
3.285164258213e+01,1.119158534462e+00
3.286164308215e+01,1.117355798361e+00
3.287164358218e+01,1.115536408362e+00
3.288164408220e+01,1.113700404679e+00
3.289164458223e+01,1.111847829476e+00
3.290164508225e+01,1.109978726945e+00
3.291164558228e+01,1.108093143378e+00
3.292164608230e+01,1.106191127242e+00
3.293164658233e+01,1.104272729259e+00
3.294164708235e+01,1.102338002488e+00
3.295164758238e+01,1.100387002409e+00
3.296164808240e+01,1.098419787010e+00
3.297164858243e+01,1.096436416875e+00
3.298164908245e+01,1.094436955280e+00
3.299164958248e+01,1.092421468284e+00
3.300165008250e+01,1.090390024828e+00
3.301165058253e+01,1.088342696838e+00
3.302165108255e+01,1.086279559329e+00
3.303165158258e+01,1.084200690512e+00
3.304165208260e+01,1.082106171905e+00
3.305165258263e+01,1.079996088446e+00
3.306165308265e+01,1.077870528612e+00
3.307165358268e+01,1.075729584544e+00
3.308165408270e+01,1.073573352163e+00
3.309165458273e+01,1.071401931309e+00
3.310165508275e+01,1.069215425867e+00
3.311165558278e+01,1.067013943905e+00
3.312165608280e+01,1.064797597817e+00
3.313165658283e+01,1.062566504465e+00
3.314165708285e+01,1.060320785331e+00
3.315165758288e+01,1.058060566666e+00
3.316165808290e+01,1.055785979654e+00
3.317165858293e+01,1.053497160569e+00
3.318165908295e+01,1.051194250946e+00
3.319165958298e+01,1.048877397749e+00
3.320166008300e+01,1.046546753551e+00
3.321166058303e+01,1.044202476714e+00
3.322166108305e+01,1.041844731576e+00
3.323166158308e+01,1.039473688641e+00
3.324166208310e+01,1.037089524778e+00
3.325166258313e+01,1.034692423422e+00
3.326166308315e+01,1.032282574780e+00
3.327166358318e+01,1.029860176045e+00
3.328166408320e+01,1.027425431613e+00
3.329166458323e+01,1.024978553308e+00
3.330166508325e+01,1.022519760608e+00
3.331166558328e+01,1.020049280885e+00
3.332166608330e+01,1.017567349636e+00
3.333166658333e+01,1.015074210737e+00
3.334166708335e+01,1.012570116691e+00
3.335166758338e+01,1.010055328884e+00
3.336166808340e+01,1.007530117846e+00
3.337166858343e+01,1.004994763522e+00
3.338166908345e+01,1.002449555544e+00
3.339166958348e+01,9.998947935070e-01
3.340167008350e+01,9.973307872551e-01
3.341167058353e+01,9.947578571693e-01
3.342167108355e+01,9.921763344609e-01
3.343167158358e+01,9.895865614704e-01
3.344167208360e+01,9.869888919700e-01
3.345167258363e+01,9.843836914709e-01
3.346167308365e+01,9.817713375346e-01
3.347167358368e+01,9.791522200882e-01
3.348167408370e+01,9.765267417422e-01
3.349167458373e+01,9.738953181126e-01
3.350167508375e+01,9.712583781443e-01
3.351167558378e+01,9.686163644376e-01
3.352167608380e+01,9.659697335754e-01
3.353167658383e+01,9.633189564523e-01
3.354167708385e+01,9.606645186034e-01
3.355167758388e+01,9.580069205328e-01
3.356167808390e+01,9.553466780416e-01
3.357167858393e+01,9.526843225529e-01
3.358167908395e+01,9.500204014355e-01
3.359167958398e+01,9.473554783221e-01
3.360168008400e+01,9.446901334243e-01
3.361168058403e+01,9.420249638408e-01
3.362168108405e+01,9.393605838584e-01
3.363168158408e+01,9.366976252455e-01
3.364168208410e+01,9.340367375345e-01
3.365168258413e+01,9.313785882944e-01
3.366168308415e+01,9.287238633899e-01
3.367168358418e+01,9.260732672257e-01
3.368168408420e+01,9.234275229759e-01
3.369168458423e+01,9.207873727941e-01
3.370168508425e+01,9.181535780045e-01
3.371168558428e+01,9.155269192708e-01
3.372168608430e+01,9.129081967407e-01
3.373168658433e+01,9.102982301646e-01
3.374168708435e+01,9.076978589854e-01
3.375168758438e+01,9.051079423977e-01
3.376168808440e+01,9.025293593723e-01
3.377168858443e+01,8.999630086463e-01
3.378168908445e+01,8.974098086730e-01
3.379168958448e+01,8.948706975309e-01
3.380169008450e+01,8.923466327884e-01
3.381169058453e+01,8.898385913212e-01
3.382169108455e+01,8.873475690798e-01
3.383169158458e+01,8.848745808038e-01
3.384169208460e+01,8.824206596809e-01
3.385169258463e+01,8.799868569464e-01
3.386169308465e+01,8.775742414215e-01
3.387169358468e+01,8.751838989873e-01
3.388169408470e+01,8.728169319909e-01
3.389169458473e+01,8.704744585821e-01
3.390169508475e+01,8.681576119774e-01
3.391169558478e+01,8.658675396490e-01
3.392169608480e+01,8.636054024370e-01
3.393169658483e+01,8.613723735819e-01
3.394169708485e+01,8.591696376765e-01
3.395169758488e+01,8.569983895354e-01
3.396169808490e+01,8.548598329805e-01
3.397169858493e+01,8.527551795426e-01
3.398169908495e+01,8.506856470771e-01
3.399169958498e+01,8.486524582957e-01
3.400170008500e+01,8.466568392130e-01
3.401170058503e+01,8.447000175092e-01
3.402170108505e+01,8.427832208107e-01
3.403170158508e+01,8.409076748911e-01
3.404170208510e+01,8.390746017928e-01
3.405170258513e+01,8.372852178760e-01
3.406170308515e+01,8.355407317949e-01
3.407170358518e+01,8.338423424097e-01
3.408170408520e+01,8.321912366351e-01
3.409170458523e+01,8.305885872348e-01
3.410170508525e+01,8.290355505668e-01
3.411170558528e+01,8.275332642856e-01
3.412170608530e+01,8.260828450115e-01
3.413170658533e+01,8.246853859729e-01
3.414170708535e+01,8.233419546319e-01
3.415170758538e+01,8.220535903022e-01
3.416170808540e+01,8.208213017698e-01
3.417170858543e+01,8.196460649254e-01
3.418170908545e+01,8.185288204218e-01
3.419170958548e+01,8.174704713647e-01
3.420171008550e+01,8.164718810499e-01
3.421171058553e+01,8.155338707585e-01
3.422171108555e+01,8.146572176198e-01
3.423171158558e+01,8.138426525562e-01
3.424171208560e+01,8.130908583182e-01
3.425171258563e+01,8.124024676237e-01
3.426171308565e+01,8.117780614103e-01
3.427171358568e+01,8.112181672105e-01
3.428171408570e+01,8.107232576622e-01
3.429171458573e+01,8.102937491608e-01
3.430171508575e+01,8.099300006618e-01
3.431171558578e+01,8.096323126431e-01
3.432171608580e+01,8.094009262304e-01
3.433171658583e+01,8.092360224945e-01
3.434171708585e+01,8.091377219235e-01
3.435171758588e+01,8.091060840724e-01
3.436171808590e+01,8.091411073936e-01
3.437171858593e+01,8.092427292497e-01
3.438171908595e+01,8.094108261068e-01
3.439171958598e+01,8.096452139097e-01
3.440172008600e+01,8.099456486328e-01
3.441172058603e+01,8.103118270071e-01
3.442172108605e+01,8.107433874156e-01
3.443172158608e+01,8.112399109534e-01
3.444172208610e+01,8.118009226447e-01
3.445172258613e+01,8.124258928089e-01
3.446172308615e+01,8.131142385690e-01
3.447172358618e+01,8.138653254905e-01
3.448172408620e+01,8.146784693434e-01
3.449172458623e+01,8.155529379769e-01
3.450172508625e+01,8.164879532929e-01
3.451172558628e+01,8.174826933114e-01
3.452172608630e+01,8.185362943139e-01
3.453172658633e+01,8.196478530539e-01
3.454172708635e+01,8.208164290227e-01
3.455172758638e+01,8.220410467602e-01
3.456172808640e+01,8.233206981977e-01
3.457172858643e+01,8.246543450237e-01
3.458172908645e+01,8.260409210597e-01
3.459172958648e+01,8.274793346376e-01
3.460173008650e+01,8.289684709682e-01
3.461173058653e+01,8.305071944904e-01
3.462173108655e+01,8.320943511948e-01
3.463173158658e+01,8.337287709104e-01
3.464173208660e+01,8.354092695489e-01
3.465173258663e+01,8.371346512996e-01
3.466173308665e+01,8.389037107672e-01
3.467173358668e+01,8.407152350481e-01
3.468173408670e+01,8.425680057404e-01
3.469173458673e+01,8.444608008815e-01
3.470173508675e+01,8.463923968119e-01
3.471173558678e+01,8.483615699608e-01
3.472173608680e+01,8.503670985514e-01
3.473173658683e+01,8.524077642234e-01
3.474173708685e+01,8.544823535727e-01
3.475173758688e+01,8.565896596062e-01
3.476173808690e+01,8.587284831120e-01
3.477173858693e+01,8.608976339449e-01
3.478173908695e+01,8.630959322280e-01
3.479173958698e+01,8.653222094704e-01
3.480174008700e+01,8.675753096042e-01
3.481174058703e+01,8.698540899393e-01
3.482174108705e+01,8.721574220414e-01
3.483174158708e+01,8.744841925321e-01
3.484174208710e+01,8.768333038151e-01
3.485174258713e+01,8.792036747305e-01
3.486174308715e+01,8.815942411400e-01
3.487174358718e+01,8.840039564448e-01
3.488174408720e+01,8.864317920401e-01
3.489174458723e+01,8.888767377087e-01
3.490174508725e+01,8.913378019556e-01
3.491174558728e+01,8.938140122883e-01
3.492174608730e+01,8.963044154440e-01
3.493174658733e+01,8.988080775678e-01
3.494174708735e+01,9.013240843436e-01
3.495174758738e+01,9.038515410823e-01
3.496174808740e+01,9.063895727678e-01
3.497174858743e+01,9.089373240653e-01
3.498174908745e+01,9.114939592942e-01
3.499174958748e+01,9.140586623669e-01
3.500175008750e+01,9.166306366981e-01
3.501175058753e+01,9.192091050851e-01
3.502175108755e+01,9.217933095623e-01
3.503175158758e+01,9.243825112323e-01
3.504175208760e+01,9.269759900748e-01
3.505175258763e+01,9.295730447364e-01
3.506175308765e+01,9.321729923025e-01
3.507175358768e+01,9.347751680528e-01
3.508175408770e+01,9.373789252037e-01
3.509175458773e+01,9.399836346371e-01
3.510175508775e+01,9.425886846190e-01
3.511175558778e+01,9.451934805075e-01
3.512175608780e+01,9.477974444536e-01
3.513175658783e+01,9.504000150946e-01
3.514175708785e+01,9.530006472416e-01
3.515175758788e+01,9.555988115624e-01
3.516175808790e+01,9.581939942605e-01
3.517175858793e+01,9.607856967522e-01
3.518175908795e+01,9.633734353405e-01
3.519175958798e+01,9.659567408893e-01
3.520176008800e+01,9.685351584964e-01
3.521176058803e+01,9.711082471673e-01
3.522176108805e+01,9.736755794900e-01
3.523176158808e+01,9.762367413109e-01
3.524176208810e+01,9.787913314139e-01
3.525176258813e+01,9.813389612007e-01
3.526176308815e+01,9.838792543751e-01
3.527176358818e+01,9.864118466303e-01
3.528176408820e+01,9.889363853399e-01
3.529176458823e+01,9.914525292532e-01
3.530176508825e+01,9.939599481942e-01
3.531176558828e+01,9.964583227660e-01
3.532176608830e+01,9.989473440588e-01
3.533176658833e+01,1.001426713364e+00
3.534176708835e+01,1.003896141893e+00
3.535176758838e+01,1.006355350500e+00
3.536176808840e+01,1.008804069411e+00
3.537176858843e+01,1.011242037960e+00
3.538176908845e+01,1.013669004328e+00
3.539176958848e+01,1.016084725286e+00
3.540177008850e+01,1.018488965950e+00
3.541177058853e+01,1.020881499533e+00
3.542177108855e+01,1.023262107110e+00
3.543177158858e+01,1.025630577384e+00
3.544177208860e+01,1.027986706460e+00
3.545177258863e+01,1.030330297621e+00
3.546177308865e+01,1.032661161114e+00
3.547177358868e+01,1.034979113938e+00
3.548177408870e+01,1.037283979637e+00
3.549177458873e+01,1.039575588102e+00
3.550177508875e+01,1.041853775376e+00
3.551177558878e+01,1.044118383461e+00
3.552177608880e+01,1.046369260135e+00
3.553177658883e+01,1.048606258771e+00
3.554177708885e+01,1.050829238162e+00
3.555177758888e+01,1.053038062351e+00
3.556177808890e+01,1.055232600465e+00
3.557177858893e+01,1.057412726552e+00
3.558177908895e+01,1.059578319427e+00
3.559177958898e+01,1.061729262516e+00
3.560178008900e+01,1.063865443712e+00
3.561178058903e+01,1.065986755229e+00
3.562178108905e+01,1.068093093462e+00
3.563178158908e+01,1.070184358853e+00
3.564178208910e+01,1.072260455756e+00
3.565178258913e+01,1.074321292313e+00
3.566178308915e+01,1.076366780327e+00
3.567178358918e+01,1.078396835142e+00
3.568178408920e+01,1.080411375527e+00
3.569178458923e+01,1.082410323563e+00
3.570178508925e+01,1.084393604530e+00
3.571178558928e+01,1.086361146803e+00
3.572178608930e+01,1.088312881746e+00
3.573178658933e+01,1.090248743614e+00
3.574178708935e+01,1.092168669453e+00
3.575178758938e+01,1.094072599009e+00
3.576178808940e+01,1.095960474631e+00
3.577178858943e+01,1.097832241186e+00
3.578178908945e+01,1.099687845974e+00
3.579178958948e+01,1.101527238639e+00
3.580179008950e+01,1.103350371094e+00
3.581179058953e+01,1.105157197438e+00
3.582179108955e+01,1.106947673884e+00
3.583179158958e+01,1.108721758679e+00
3.584179208960e+01,1.110479412042e+00
3.585179258963e+01,1.112220596083e+00
3.586179308965e+01,1.113945274748e+00
3.587179358968e+01,1.115653413743e+00
3.588179408970e+01,1.117344980479e+00
3.589179458973e+01,1.119019944008e+00
3.590179508975e+01,1.120678274962e+00
3.591179558978e+01,1.122319945499e+00
3.592179608980e+01,1.123944929244e+00
3.593179658983e+01,1.125553201240e+00
3.594179708985e+01,1.127144737890e+00
3.595179758988e+01,1.128719516911e+00
3.596179808990e+01,1.130277517284e+00
3.597179858993e+01,1.131818719205e+00
3.598179908995e+01,1.133343104041e+00
3.599179958998e+01,1.134850654285e+00
3.600180009000e+01,1.136341353512e+00
3.601180059003e+01,1.137815186340e+00
3.602180109005e+01,1.139272138385e+00
3.603180159008e+01,1.140712196228e+00
3.604180209010e+01,1.142135347370e+00
3.605180259013e+01,1.143541580202e+00
3.606180309015e+01,1.144930883966e+00
3.607180359018e+01,1.146303248721e+00
3.608180409020e+01,1.147658665310e+00
3.609180459023e+01,1.148997125327e+00
3.610180509025e+01,1.150318621087e+00
3.611180559028e+01,1.151623145595e+00
3.612180609030e+01,1.152910692519e+00
3.613180659033e+01,1.154181256156e+00
3.614180709035e+01,1.155434831412e+00
3.615180759038e+01,1.156671413768e+00
3.616180809040e+01,1.157890999261e+00
3.617180859043e+01,1.159093584455e+00
3.618180909045e+01,1.160279166417e+00
3.619180959048e+01,1.161447742696e+00
3.620181009050e+01,1.162599311300e+00
3.621181059053e+01,1.163733870670e+00
3.622181109055e+01,1.164851419666e+00
3.623181159058e+01,1.165951957541e+00
3.624181209060e+01,1.167035483921e+00
3.625181259063e+01,1.168101998793e+00
3.626181309065e+01,1.169151502475e+00
3.627181359068e+01,1.170183995610e+00
3.628181409070e+01,1.171199479140e+00
3.629181459073e+01,1.172197954293e+00
3.630181509075e+01,1.173179422565e+00
3.631181559078e+01,1.174143885709e+00
3.632181609080e+01,1.175091345712e+00
3.633181659083e+01,1.176021804788e+00
3.634181709085e+01,1.176935265359e+00
3.635181759088e+01,1.177831730042e+00
3.636181809090e+01,1.178711201640e+00
3.637181859093e+01,1.179573683121e+00
3.638181909095e+01,1.180419177615e+00
3.639181959098e+01,1.181247688396e+00
3.640182009100e+01,1.182059218871e+00
3.641182059103e+01,1.182853772572e+00
3.642182109105e+01,1.183631353142e+00
3.643182159108e+01,1.184391964326e+00
3.644182209110e+01,1.185135609962e+00
3.645182259113e+01,1.185862293971e+00
3.646182309115e+01,1.186572020344e+00
3.647182359118e+01,1.187264793139e+00
3.648182409120e+01,1.187940616470e+00
3.649182459123e+01,1.188599494496e+00
3.650182509125e+01,1.189241431418e+00
3.651182559128e+01,1.189866431466e+00
3.652182609130e+01,1.190474498897e+00
3.653182659133e+01,1.191065637984e+00
3.654182709135e+01,1.191639853009e+00
3.655182759138e+01,1.192197148261e+00
3.656182809140e+01,1.192737528025e+00
3.657182859143e+01,1.193260996577e+00
3.658182909145e+01,1.193767558180e+00
3.659182959148e+01,1.194257217078e+00
3.660183009150e+01,1.194729977488e+00
3.661183059153e+01,1.195185843599e+00
3.662183109155e+01,1.195624819565e+00
3.663183159158e+01,1.196046909501e+00
3.664183209160e+01,1.196452117476e+00
3.665183259163e+01,1.196840447516e+00
3.666183309165e+01,1.197211903592e+00
3.667183359168e+01,1.197566489620e+00
3.668183409170e+01,1.197904209458e+00
3.669183459173e+01,1.198225066902e+00
3.670183509175e+01,1.198529065683e+00
3.671183559178e+01,1.198816209464e+00
3.672183609180e+01,1.199086501836e+00
3.673183659183e+01,1.199339946318e+00
3.674183709185e+01,1.199576546354e+00
3.675183759188e+01,1.199796305308e+00
3.676183809190e+01,1.199999226468e+00
3.677183859193e+01,1.200185313038e+00
3.678183909195e+01,1.200354568138e+00
3.679183959198e+01,1.200506994807e+00
3.680184009200e+01,1.200642595995e+00
3.681184059203e+01,1.200761374568e+00
3.682184109205e+01,1.200863333302e+00
3.683184159208e+01,1.200948474886e+00
3.684184209210e+01,1.201016801919e+00
3.685184259213e+01,1.201068316913e+00
3.686184309215e+01,1.201103022287e+00
3.687184359218e+01,1.201120920374e+00
3.688184409220e+01,1.201122013414e+00
3.689184459223e+01,1.201106303560e+00
3.690184509225e+01,1.201073792876e+00
3.691184559228e+01,1.201024483336e+00
3.692184609230e+01,1.200958376829e+00
3.693184659233e+01,1.200875475157e+00
3.694184709235e+01,1.200775780036e+00
3.695184759238e+01,1.200659293096e+00
3.696184809240e+01,1.200526015889e+00
3.697184859243e+01,1.200375949881e+00
3.698184909245e+01,1.200209096463e+00
3.699184959248e+01,1.200025456946e+00
3.700185009250e+01,1.199825032567e+00
3.701185059253e+01,1.199607824489e+00
3.702185109255e+01,1.199373833806e+00
3.703185159258e+01,1.199123061543e+00
3.704185209260e+01,1.198855508663e+00
3.705185259263e+01,1.198571176064e+00
3.706185309265e+01,1.198270064587e+00
3.707185359268e+01,1.197952175017e+00
3.708185409270e+01,1.197617508088e+00
3.709185459273e+01,1.197266064488e+00
3.710185509275e+01,1.196897844858e+00
3.711185559278e+01,1.196512849801e+00
3.712185609280e+01,1.196111079886e+00
3.713185659283e+01,1.195692535650e+00
3.714185709285e+01,1.195257217605e+00
3.715185759288e+01,1.194805126243e+00
3.716185809290e+01,1.194336262039e+00
3.717185859293e+01,1.193850625459e+00
3.718185909295e+01,1.193348216966e+00
3.719185959298e+01,1.192829037023e+00
3.720186009300e+01,1.192293086103e+00
3.721186059303e+01,1.191740364692e+00
3.722186109305e+01,1.191170873298e+00
3.723186159308e+01,1.190584612458e+00
3.724186209310e+01,1.189981582741e+00
3.725186259313e+01,1.189361784764e+00
3.726186309315e+01,1.188725219192e+00
3.727186359318e+01,1.188071886747e+00
3.728186409320e+01,1.187401788223e+00
3.729186459323e+01,1.186714924485e+00
3.730186509325e+01,1.186011296486e+00
3.731186559328e+01,1.185290905272e+00
3.732186609330e+01,1.184553751992e+00
3.733186659333e+01,1.183799837911e+00
3.734186709335e+01,1.183029164414e+00
3.735186759338e+01,1.182241733023e+00
3.736186809340e+01,1.181437545407e+00
3.737186859343e+01,1.180616603390e+00
3.738186909345e+01,1.179778908963e+00
3.739186959348e+01,1.178924464301e+00
3.740187009350e+01,1.178053271771e+00
3.741187059353e+01,1.177165333945e+00
3.742187109355e+01,1.176260653617e+00
3.743187159358e+01,1.175339233813e+00
3.744187209360e+01,1.174401077806e+00
3.745187259363e+01,1.173446189133e+00
3.746187309365e+01,1.172474571607e+00
3.747187359368e+01,1.171486229336e+00
3.748187409370e+01,1.170481166736e+00
3.749187459373e+01,1.169459388549e+00
3.750187509375e+01,1.168420899863e+00
3.751187559378e+01,1.167365706123e+00
3.752187609380e+01,1.166293813158e+00
3.753187659383e+01,1.165205227192e+00
3.754187709385e+01,1.164099954868e+00
3.755187759388e+01,1.162978003267e+00
3.756187809390e+01,1.161839379932e+00
3.757187859393e+01,1.160684092881e+00
3.758187909395e+01,1.159512150638e+00
3.759187959398e+01,1.158323562253e+00
3.760188009400e+01,1.157118337322e+00
3.761188059403e+01,1.155896486016e+00
3.762188109405e+01,1.154658019105e+00
3.763188159408e+01,1.153402947979e+00
3.764188209410e+01,1.152131284684e+00
3.765188259413e+01,1.150843041939e+00
3.766188309415e+01,1.149538233173e+00
3.767188359418e+01,1.148216872549e+00
3.768188409420e+01,1.146878974994e+00
3.769188459423e+01,1.145524556235e+00
3.770188509425e+01,1.144153632824e+00
3.771188559428e+01,1.142766222176e+00
3.772188609430e+01,1.141362342602e+00
3.773188659433e+01,1.139942013344e+00
3.774188709435e+01,1.138505254607e+00
3.775188759438e+01,1.137052087605e+00
3.776188809440e+01,1.135582534589e+00
3.777188859443e+01,1.134096618896e+00
3.778188909445e+01,1.132594364983e+00
3.779188959448e+01,1.131075798473e+00
3.780189009450e+01,1.129540946196e+00
3.781189059453e+01,1.127989836235e+00
3.782189109455e+01,1.126422497970e+00
3.783189159458e+01,1.124838962129e+00
3.784189209460e+01,1.123239260833e+00
3.785189259463e+01,1.121623427651e+00
3.786189309465e+01,1.119991497645e+00
3.787189359468e+01,1.118343507431e+00
3.788189409470e+01,1.116679495228e+00
3.789189459473e+01,1.114999500919e+00
3.790189509475e+01,1.113303566108e+00
3.791189559478e+01,1.111591734178e+00
3.792189609480e+01,1.109864050358e+00
3.793189659483e+01,1.108120561782e+00
3.794189709485e+01,1.106361317557e+00
3.795189759488e+01,1.104586368832e+00
3.796189809490e+01,1.102795768866e+00
3.797189859493e+01,1.100989573100e+00
3.798189909495e+01,1.099167839233e+00
3.799189959498e+01,1.097330627295e+00
3.800190009500e+01,1.095477999730e+00
3.801190059503e+01,1.093610021473e+00
3.802190109505e+01,1.091726760034e+00
3.803190159508e+01,1.089828285585e+00
3.804190209510e+01,1.087914671048e+00
3.805190259513e+01,1.085985992185e+00
3.806190309515e+01,1.084042327691e+00
3.807190359518e+01,1.082083759292e+00
3.808190409520e+01,1.080110371843e+00
3.809190459523e+01,1.078122253428e+00
3.810190509525e+01,1.076119495466e+00
3.811190559528e+01,1.074102192820e+00
3.812190609530e+01,1.072070443905e+00
3.813190659533e+01,1.070024350805e+00
3.814190709535e+01,1.067964019384e+00
3.815190759538e+01,1.065889559415e+00
3.816190809540e+01,1.063801084695e+00
3.817190859543e+01,1.061698713176e+00
3.818190909545e+01,1.059582567095e+00
3.819190959548e+01,1.057452773107e+00
3.820191009550e+01,1.055309462423e+00
3.821191059553e+01,1.053152770952e+00
3.822191109555e+01,1.050982839442e+00
3.823191159558e+01,1.048799813633e+00
3.824191209560e+01,1.046603844405e+00
3.825191259563e+01,1.044395087940e+00
3.826191309565e+01,1.042173705875e+00
3.827191359568e+01,1.039939865471e+00
3.828191409570e+01,1.037693739779e+00
3.829191459573e+01,1.035435507814e+00
3.830191509575e+01,1.033165354729e+00
3.831191559578e+01,1.030883471995e+00
3.832191609580e+01,1.028590057590e+00
3.833191659583e+01,1.026285316182e+00
3.834191709585e+01,1.023969459325e+00
3.835191759588e+01,1.021642705654e+00
3.836191809590e+01,1.019305281089e+00
3.837191859593e+01,1.016957419038e+00
3.838191909595e+01,1.014599360607e+00
3.839191959598e+01,1.012231354813e+00
3.840192009600e+01,1.009853658803e+00
3.841192059603e+01,1.007466538073e+00
3.842192109605e+01,1.005070266696e+00
3.843192159608e+01,1.002665127549e+00
3.844192209610e+01,1.000251412547e+00
3.845192259613e+01,9.978294228776e-01
3.846192309615e+01,9.953994692430e-01
3.847192359618e+01,9.929618721010e-01
3.848192409620e+01,9.905169619115e-01
3.849192459623e+01,9.880650793847e-01
3.850192509625e+01,9.856065757325e-01
3.851192559628e+01,9.831418129219e-01
3.852192609630e+01,9.806711639298e-01
3.853192659633e+01,9.781950130004e-01
3.854192709635e+01,9.757137559029e-01
3.855192759638e+01,9.732278001909e-01
3.856192809640e+01,9.707375654611e-01
3.857192859643e+01,9.682434836128e-01
3.858192909645e+01,9.657459991067e-01
3.859192959648e+01,9.632455692218e-01
3.860193009650e+01,9.607426643114e-01
3.861193059653e+01,9.582377680556e-01
3.862193109655e+01,9.557313777121e-01
3.863193159658e+01,9.532240043611e-01
3.864193209660e+01,9.507161731475e-01
3.865193259663e+01,9.482084235156e-01
3.866193309665e+01,9.457013094388e-01
3.867193359668e+01,9.431953996404e-01
3.868193409670e+01,9.406912778070e-01
3.869193459673e+01,9.381895427912e-01
3.870193509675e+01,9.356908088042e-01
3.871193559678e+01,9.331957055955e-01
3.872193609680e+01,9.307048786196e-01
3.873193659683e+01,9.282189891880e-01
3.874193709685e+01,9.257387146047e-01
3.875193759688e+01,9.232647482837e-01
3.876193809690e+01,9.207977998478e-01
3.877193859693e+01,9.183385952058e-01
3.878193909695e+01,9.158878766071e-01
3.879193959698e+01,9.134464026724e-01
3.880194009700e+01,9.110149483976e-01
3.881194059703e+01,9.085943051294e-01
3.882194109705e+01,9.061852805116e-01
3.883194159708e+01,9.037886983987e-01
3.884194209710e+01,9.014053987355e-01
3.885194259713e+01,8.990362374011e-01
3.886194309715e+01,8.966820860146e-01
3.887194359718e+01,8.943438316999e-01
3.888194409720e+01,8.920223768095e-01
3.889194459723e+01,8.897186386028e-01
3.890194509725e+01,8.874335488788e-01
3.891194559728e+01,8.851680535597e-01
3.892194609730e+01,8.829231122247e-01
3.893194659733e+01,8.806996975911e-01
3.894194709735e+01,8.784987949416e-01
3.895194759738e+01,8.763214014955e-01
3.896194809740e+01,8.741685257223e-01
3.897194859743e+01,8.720411865969e-01
3.898194909745e+01,8.699404127943e-01
3.899194959748e+01,8.678672418221e-01
3.900195009750e+01,8.658227190924e-01
3.901195059753e+01,8.638078969287e-01
3.902195109755e+01,8.618238335110e-01
3.903195159758e+01,8.598715917562e-01
3.904195209760e+01,8.579522381352e-01
3.905195259763e+01,8.560668414269e-01
3.906195309765e+01,8.542164714097e-01
3.907195359768e+01,8.524021974923e-01
3.908195409770e+01,8.506250872835e-01
3.909195459773e+01,8.488862051058e-01
3.910195509775e+01,8.471866104521e-01
3.911195559778e+01,8.455273563900e-01
3.912195609780e+01,8.439094879172e-01
3.913195659783e+01,8.423340402700e-01
3.914195709785e+01,8.408020371902e-01
3.915195759788e+01,8.393144891547e-01
3.916195809790e+01,8.378723915727e-01
3.917195859793e+01,8.364767229559e-01
3.918195909795e+01,8.351284430674e-01
3.919195959798e+01,8.338284910552e-01
3.920196009800e+01,8.325777835787e-01
3.921196059803e+01,8.313772129320e-01
3.922196109805e+01,8.302276451746e-01
3.923196159808e+01,8.291299182744e-01
3.924196209810e+01,8.280848402728e-01
3.925196259813e+01,8.270931874780e-01
3.926196309815e+01,8.261557026967e-01
3.927196359818e+01,8.252730935104e-01
3.928196409820e+01,8.244460306055e-01
3.929196459823e+01,8.236751461655e-01
3.930196509825e+01,8.229610323332e-01
3.931196559828e+01,8.223042397496e-01
3.932196609830e+01,8.217052761796e-01
3.933196659833e+01,8.211646052288e-01
3.934196709835e+01,8.206826451615e-01
3.935196759838e+01,8.202597678230e-01
3.936196809840e+01,8.198962976757e-01
3.937196859843e+01,8.195925109510e-01
3.938196909845e+01,8.193486349244e-01
3.939196959848e+01,8.191648473177e-01
3.940197009850e+01,8.190412758289e-01
3.941197059853e+01,8.189779977973e-01
3.942197109855e+01,8.189750400009e-01
3.943197159858e+01,8.190323785911e-01
3.944197209860e+01,8.191499391628e-01
3.945197259863e+01,8.193275969600e-01
3.946197309865e+01,8.195651772165e-01
3.947197359868e+01,8.198624556282e-01
3.948197409870e+01,8.202191589555e-01
3.949197459873e+01,8.206349657527e-01
3.950197509875e+01,8.211095072174e-01
3.951197559878e+01,8.216423681594e-01
3.952197609880e+01,8.222330880789e-01
3.953197659883e+01,8.228811623526e-01
3.954197709885e+01,8.235860435175e-01
3.955197759888e+01,8.243471426474e-01
3.956197809890e+01,8.251638308141e-01
3.957197859893e+01,8.260354406263e-01
3.958197909895e+01,8.269612678370e-01
3.959197959898e+01,8.279405730138e-01
3.960198009900e+01,8.289725832604e-01
3.961198059903e+01,8.300564939849e-01
3.962198109905e+01,8.311914707041e-01
3.963198159908e+01,8.323766508763e-01
3.964198209910e+01,8.336111457558e-01
3.965198259913e+01,8.348940422599e-01
3.966198309915e+01,8.362244048412e-01
3.967198359918e+01,8.376012773588e-01
3.968198409920e+01,8.390236849406e-01
3.969198459923e+01,8.404906358301e-01
3.970198509925e+01,8.420011232125e-01
3.971198559928e+01,8.435541270126e-01
3.972198609930e+01,8.451486156615e-01
3.973198659933e+01,8.467835478246e-01
3.974198709935e+01,8.484578740881e-01
3.975198759938e+01,8.501705385998e-01
3.976198809940e+01,8.519204806598e-01
3.977198859943e+01,8.537066362587e-01
3.978198909945e+01,8.555279395604e-01
3.979198959948e+01,8.573833243269e-01
3.980199009950e+01,8.592717252840e-01
3.981199059953e+01,8.611920794247e-01
3.982199109955e+01,8.631433272521e-01
3.983199159958e+01,8.651244139581e-01
3.984199209960e+01,8.671342905386e-01
3.985199259963e+01,8.691719148463e-01
3.986199309965e+01,8.712362525794e-01
3.987199359968e+01,8.733262782074e-01
3.988199409970e+01,8.754409758357e-01
3.989199459973e+01,8.775793400078e-01
3.990199509975e+01,8.797403764485e-01
3.991199559978e+01,8.819231027480e-01
3.992199609980e+01,8.841265489890e-01
3.993199659983e+01,8.863497583175e-01
3.994199709985e+01,8.885917874608e-01
3.995199759988e+01,8.908517071923e-01
3.996199809990e+01,8.931286027471e-01
3.997199859993e+01,8.954215741890e-01
3.998199909995e+01,8.977297367308e-01
3.999199959998e+01,9.000522210118e-01
4.000200010001e+01,9.023881733315e-01
4.001200060003e+01,9.047367558447e-01
4.002200110006e+01,9.070971467180e-01
4.003200160008e+01,9.094685402506e-01
4.004200210011e+01,9.118501469607e-01
4.005200260013e+01,9.142411936413e-01
4.006200310016e+01,9.166409233842e-01
4.007200360018e+01,9.190485955780e-01
4.008200410021e+01,9.214634858783e-01
4.009200460023e+01,9.238848861544e-01
4.010200510026e+01,9.263121044138e-01
4.011200560028e+01,9.287444647041e-01
4.012200610031e+01,9.311813069981e-01
4.013200660033e+01,9.336219870589e-01
4.014200710036e+01,9.360658762902e-01
4.015200760038e+01,9.385123615714e-01
4.016200810041e+01,9.409608450792e-01
4.017200860043e+01,9.434107440973e-01
4.018200910046e+01,9.458614908149e-01
4.019200960048e+01,9.483125321162e-01
4.020201010051e+01,9.507633293603e-01
4.021201060053e+01,9.532133581546e-01
4.022201110056e+01,9.556621081208e-01
4.023201160058e+01,9.581090826557e-01
4.024201210061e+01,9.605537986873e-01
4.025201260063e+01,9.629957864265e-01
4.026201310066e+01,9.654345891162e-01
4.027201360068e+01,9.678697627777e-01
4.028201410071e+01,9.703008759545e-01
4.029201460073e+01,9.727275094564e-01
4.030201510076e+01,9.751492561017e-01
4.031201560078e+01,9.775657204598e-01
4.032201610081e+01,9.799765185937e-01
4.033201660083e+01,9.823812778042e-01
4.034201710086e+01,9.847796363743e-01
4.035201760088e+01,9.871712433158e-01
4.036201810091e+01,9.895557581172e-01
4.037201860093e+01,9.919328504950e-01
4.038201910096e+01,9.943022001457e-01
4.039201960098e+01,9.966634965023e-01
4.040202010101e+01,9.990164384927e-01
4.041202060103e+01,1.001360734301e+00
4.042202110106e+01,1.003696101135e+00
4.043202160108e+01,1.006022264990e+00
4.044202210111e+01,1.008338960426e+00
4.045202260113e+01,1.010645930343e+00
4.046202310116e+01,1.012942925756e+00
4.047202360118e+01,1.015229705586e+00
4.048202410121e+01,1.017506036442e+00
4.049202460123e+01,1.019771692415e+00
4.050202510126e+01,1.022026454875e+00
4.051202560128e+01,1.024270112268e+00
4.052202610131e+01,1.026502459922e+00
4.053202660133e+01,1.028723299856e+00
4.054202710136e+01,1.030932440590e+00
4.055202760138e+01,1.033129696962e+00
4.056202810141e+01,1.035314889953e+00
4.057202860143e+01,1.037487846503e+00
4.058202910146e+01,1.039648399347e+00
4.059202960148e+01,1.041796386846e+00
4.060203010151e+01,1.043931652822e+00
4.061203060153e+01,1.046054046401e+00
4.062203110156e+01,1.048163421855e+00
4.063203160158e+01,1.050259638452e+00
4.064203210161e+01,1.052342560310e+00
4.065203260163e+01,1.054412056249e+00
4.066203310166e+01,1.056467999652e+00
4.067203360168e+01,1.058510268333e+00
4.068203410171e+01,1.060538744394e+00
4.069203460173e+01,1.062553314106e+00
4.070203510176e+01,1.064553867776e+00
4.071203560178e+01,1.066540299625e+00
4.072203610181e+01,1.068512507670e+00
4.073203660183e+01,1.070470393606e+00
4.074203710186e+01,1.072413862697e+00
4.075203760188e+01,1.074342823657e+00
4.076203810191e+01,1.076257188554e+00
4.077203860193e+01,1.078156872695e+00
4.078203910196e+01,1.080041794535e+00
4.079203960198e+01,1.081911875569e+00
4.080204010201e+01,1.083767040243e+00
4.081204060203e+01,1.085607215858e+00
4.082204110206e+01,1.087432332482e+00
4.083204160208e+01,1.089242322858e+00
4.084204210211e+01,1.091037122322e+00
4.085204260213e+01,1.092816668721e+00
4.086204310216e+01,1.094580902328e+00
4.087204360218e+01,1.096329765768e+00
4.088204410221e+01,1.098063203942e+00
4.089204460223e+01,1.099781163948e+00
4.090204510226e+01,1.101483595016e+00
4.091204560228e+01,1.103170448435e+00
4.092204610231e+01,1.104841677486e+00
4.093204660233e+01,1.106497237376e+00
4.094204710236e+01,1.108137085176e+00
4.095204760238e+01,1.109761179756e+00
4.096204810241e+01,1.111369481729e+00
4.097204860243e+01,1.112961953390e+00
4.098204910246e+01,1.114538558661e+00
4.099204960248e+01,1.116099263034e+00
4.100205010251e+01,1.117644033521e+00
4.101205060253e+01,1.119172838599e+00
4.102205110256e+01,1.120685648165e+00
4.103205160258e+01,1.122182433479e+00
4.104205210261e+01,1.123663167126e+00
4.105205260263e+01,1.125127822965e+00
4.106205310266e+01,1.126576376083e+00
4.107205360268e+01,1.128008802759e+00
4.108205410271e+01,1.129425080414e+00
4.109205460273e+01,1.130825187578e+00
4.110205510276e+01,1.132209103843e+00
4.111205560278e+01,1.133576809832e+00
4.112205610281e+01,1.134928287157e+00
4.113205660283e+01,1.136263518386e+00
4.114205710286e+01,1.137582487008e+00
4.115205760288e+01,1.138885177397e+00
4.116205810291e+01,1.140171574782e+00
4.117205860293e+01,1.141441665212e+00
4.118205910296e+01,1.142695435531e+00
4.119205960298e+01,1.143932873341e+00
4.120206010301e+01,1.145153966978e+00
4.121206060303e+01,1.146358705484e+00
4.122206110306e+01,1.147547078576e+00
4.123206160308e+01,1.148719076624e+00
4.124206210311e+01,1.149874690623e+00
4.125206260313e+01,1.151013912168e+00
4.126206310316e+01,1.152136733432e+00
4.127206360318e+01,1.153243147141e+00
4.128206410321e+01,1.154333146551e+00
4.129206460323e+01,1.155406725431e+00
4.130206510326e+01,1.156463878033e+00
4.131206560328e+01,1.157504599081e+00
4.132206610331e+01,1.158528883744e+00
4.133206660333e+01,1.159536727620e+00
4.134206710336e+01,1.160528126719e+00
4.135206760338e+01,1.161503077439e+00
4.136206810341e+01,1.162461576557e+00
4.137206860343e+01,1.163403621204e+00
4.138206910346e+01,1.164329208854e+00
4.139206960348e+01,1.165238337305e+00
4.140207010351e+01,1.166131004666e+00
4.141207060353e+01,1.167007209340e+00
4.142207110356e+01,1.167866950013e+00
4.143207160358e+01,1.168710225636e+00
4.144207210361e+01,1.169537035413e+00
4.145207260363e+01,1.170347378790e+00
4.146207310366e+01,1.171141255440e+00
4.147207360368e+01,1.171918665253e+00
4.148207410371e+01,1.172679608321e+00
4.149207460373e+01,1.173424084931e+00
4.150207510376e+01,1.174152095549e+00
4.151207560378e+01,1.174863640815e+00
4.152207610381e+01,1.175558721528e+00
4.153207660383e+01,1.176237338639e+00
4.154207710386e+01,1.176899493242e+00
4.155207760388e+01,1.177545186561e+00
4.156207810391e+01,1.178174419944e+00
4.157207860393e+01,1.178787194857e+00
4.158207910396e+01,1.179383512871e+00
4.159207960398e+01,1.179963375655e+00
4.160208010401e+01,1.180526784973e+00
4.161208060403e+01,1.181073742669e+00
4.162208110406e+01,1.181604250668e+00
4.163208160408e+01,1.182118310965e+00
4.164208210411e+01,1.182615925618e+00
4.165208260413e+01,1.183097096743e+00
4.166208310416e+01,1.183561826510e+00
4.167208360418e+01,1.184010117134e+00
4.168208410421e+01,1.184441970872e+00
4.169208460423e+01,1.184857390016e+00
4.170208510426e+01,1.185256376890e+00
4.171208560428e+01,1.185638933844e+00
4.172208610431e+01,1.186005063251e+00
4.173208660433e+01,1.186354767501e+00
4.174208710436e+01,1.186688048998e+00
4.175208760438e+01,1.187004910156e+00
4.176208810441e+01,1.187305353396e+00
4.177208860443e+01,1.187589381142e+00
4.178208910446e+01,1.187856995819e+00
4.179208960448e+01,1.188108199848e+00
4.180209010451e+01,1.188342995646e+00
4.181209060453e+01,1.188561385621e+00
4.182209110456e+01,1.188763372171e+00
4.183209160458e+01,1.188948957683e+00
4.184209210461e+01,1.189118144529e+00
4.185209260463e+01,1.189270935064e+00
4.186209310466e+01,1.189407331629e+00
4.187209360468e+01,1.189527336543e+00
4.188209410471e+01,1.189630952108e+00
4.189209460473e+01,1.189718180602e+00
4.190209510476e+01,1.189789024285e+00
4.191209560478e+01,1.189843485394e+00
4.192209610481e+01,1.189881566142e+00
4.193209660483e+01,1.189903268723e+00
4.194209710486e+01,1.189908595304e+00
4.195209760488e+01,1.189897548034e+00
4.196209810491e+01,1.189870129038e+00
4.197209860493e+01,1.189826340418e+00
4.198209910496e+01,1.189766184259e+00
4.199209960498e+01,1.189689662624e+00
4.200210010501e+01,1.189596777557e+00
4.201210060503e+01,1.189487531086e+00
4.202210110506e+01,1.189361925223e+00
4.203210160508e+01,1.189219961964e+00
4.204210210511e+01,1.189061643295e+00
4.205210260513e+01,1.188886971190e+00
4.206210310516e+01,1.188695947617e+00
4.207210360518e+01,1.188488574535e+00
4.208210410521e+01,1.188264853905e+00
4.209210460523e+01,1.188024787682e+00
4.210210510526e+01,1.187768377828e+00
4.211210560528e+01,1.187495626310e+00
4.212210610531e+01,1.187206535104e+00
4.213210660533e+01,1.186901106199e+00
4.214210710536e+01,1.186579341603e+00
4.215210760538e+01,1.186241243341e+00
4.216210810541e+01,1.185886813467e+00
4.217210860543e+01,1.185516054063e+00
4.218210910546e+01,1.185128967247e+00
4.219210960548e+01,1.184725555175e+00
4.220211010551e+01,1.184305820047e+00
4.221211060553e+01,1.183869764114e+00
4.222211110556e+01,1.183417389684e+00
4.223211160558e+01,1.182948699123e+00
4.224211210561e+01,1.182463694869e+00
4.225211260563e+01,1.181962379430e+00
4.226211310566e+01,1.181444755397e+00
4.227211360568e+01,1.180910825448e+00
4.228211410571e+01,1.180360592356e+00
4.229211460573e+01,1.179794058994e+00
4.230211510576e+01,1.179211228349e+00
4.231211560578e+01,1.178612103521e+00
4.232211610581e+01,1.177996687741e+00
4.233211660583e+01,1.177364984372e+00
4.234211710586e+01,1.176716996921e+00
4.235211760588e+01,1.176052729047e+00
4.236211810591e+01,1.175372184575e+00
4.237211860593e+01,1.174675367498e+00
4.238211910596e+01,1.173962281994e+00
4.239211960598e+01,1.173232932434e+00
4.240212010601e+01,1.172487323393e+00
4.241212060603e+01,1.171725459661e+00
4.242212110606e+01,1.170947346253e+00
4.243212160608e+01,1.170152988428e+00
4.244212210611e+01,1.169342391691e+00
4.245212260613e+01,1.168515561814e+00
4.246212310616e+01,1.167672504847e+00
4.247212360618e+01,1.166813227129e+00
4.248212410621e+01,1.165937735307e+00
4.249212460623e+01,1.165046036344e+00
4.250212510626e+01,1.164138137542e+00
4.251212560628e+01,1.163214046549e+00
4.252212610631e+01,1.162273771384e+00
4.253212660633e+01,1.161317320444e+00
4.254212710636e+01,1.160344702529e+00
4.255212760638e+01,1.159355926855e+00
4.256212810641e+01,1.158351003073e+00
4.257212860643e+01,1.157329941286e+00
4.258212910646e+01,1.156292752075e+00
4.259212960648e+01,1.155239446507e+00
4.260213010651e+01,1.154170036168e+00
4.261213060653e+01,1.153084533175e+00
4.262213110656e+01,1.151982950200e+00
4.263213160658e+01,1.150865300495e+00
4.264213210661e+01,1.149731597910e+00
4.265213260663e+01,1.148581856923e+00
4.266213310666e+01,1.147416092656e+00
4.267213360668e+01,1.146234320910e+00
4.268213410671e+01,1.145036558181e+00
4.269213460673e+01,1.143822821694e+00
4.270213510676e+01,1.142593129427e+00
4.271213560678e+01,1.141347500138e+00
4.272213610681e+01,1.140085953398e+00
4.273213660683e+01,1.138808509616e+00
4.274213710686e+01,1.137515190076e+00
4.275213760688e+01,1.136206016962e+00
4.276213810691e+01,1.134881013396e+00
4.277213860693e+01,1.133540203466e+00
4.278213910696e+01,1.132183612267e+00
4.279213960698e+01,1.130811265932e+00
4.280214010701e+01,1.129423191671e+00
4.281214060703e+01,1.128019417806e+00
4.282214110706e+01,1.126599973815e+00
4.283214160708e+01,1.125164890364e+00
4.284214210711e+01,1.123714199357e+00
4.285214260713e+01,1.122247933972e+00
4.286214310716e+01,1.120766128706e+00
4.287214360718e+01,1.119268819422e+00
4.288214410721e+01,1.117756043392e+00
4.289214460723e+01,1.116227839346e+00
4.290214510726e+01,1.114684247523e+00
4.291214560728e+01,1.113125309716e+00
4.292214610731e+01,1.111551069328e+00
4.293214660733e+01,1.109961571425e+00
4.294214710736e+01,1.108356862788e+00
4.295214760738e+01,1.106736991971e+00
4.296214810741e+01,1.105102009357e+00
4.297214860743e+01,1.103451967223e+00
4.298214910746e+01,1.101786919794e+00
4.299214960748e+01,1.100106923310e+00
4.300215010751e+01,1.098412036090e+00
4.301215060753e+01,1.096702318598e+00
4.302215110756e+01,1.094977833511e+00
4.303215160758e+01,1.093238645791e+00
4.304215210761e+01,1.091484822756e+00
4.305215260763e+01,1.089716434154e+00
4.306215310766e+01,1.087933552239e+00
4.307215360768e+01,1.086136251850e+00
4.308215410771e+01,1.084324610493e+00
4.309215460773e+01,1.082498708419e+00
4.310215510776e+01,1.080658628716e+00
4.311215560778e+01,1.078804457389e+00
4.312215610781e+01,1.076936283454e+00
4.313215660783e+01,1.075054199029e+00
4.314215710786e+01,1.073158299427e+00
4.315215760788e+01,1.071248683256e+00
4.316215810791e+01,1.069325452515e+00
4.317215860793e+01,1.067388712697e+00
4.318215910796e+01,1.065438572896e+00
4.319215960798e+01,1.063475145910e+00
4.320216010801e+01,1.061498548355e+00
4.321216060803e+01,1.059508900777e+00
4.322216110806e+01,1.057506327765e+00
4.323216160808e+01,1.055490958072e+00
4.324216210811e+01,1.053462924737e+00
4.325216260813e+01,1.051422365206e+00
4.326216310816e+01,1.049369421464e+00
4.327216360818e+01,1.047304240160e+00
4.328216410821e+01,1.045226972745e+00
4.329216460823e+01,1.043137775607e+00
4.330216510826e+01,1.041036810209e+00
4.331216560828e+01,1.038924243232e+00
4.332216610831e+01,1.036800246725e+00
4.333216660833e+01,1.034664998247e+00
4.334216710836e+01,1.032518681025e+00
4.335216760838e+01,1.030361484106e+00
4.336216810841e+01,1.028193602517e+00
4.337216860843e+01,1.026015237425e+00
4.338216910846e+01,1.023826596305e+00
4.339216960848e+01,1.021627893105e+00
4.340217010851e+01,1.019419348416e+00
4.341217060853e+01,1.017201189650e+00
4.342217110856e+01,1.014973651212e+00
4.343217160858e+01,1.012736974685e+00
4.344217210861e+01,1.010491409010e+00
4.345217260863e+01,1.008237210669e+00
4.346217310866e+01,1.005974643879e+00
4.347217360868e+01,1.003703980778e+00
4.348217410871e+01,1.001425501620e+00
4.349217460873e+01,9.991394949709e-01
4.350217510876e+01,9.968462579046e-01
4.351217560878e+01,9.945460962037e-01
4.352217610881e+01,9.922393245603e-01
4.353217660883e+01,9.899262667789e-01
4.354217710886e+01,9.876072559807e-01
4.355217760888e+01,9.852826348085e-01
4.356217810891e+01,9.829527556331e-01
4.357217860893e+01,9.806179807590e-01
4.358217910896e+01,9.782786826315e-01
4.359217960898e+01,9.759352440428e-01
4.360218010901e+01,9.735880583376e-01
4.361218060903e+01,9.712375296176e-01
4.362218110906e+01,9.688840729447e-01
4.363218160908e+01,9.665281145420e-01
4.364218210911e+01,9.641700919924e-01
4.365218260913e+01,9.618104544340e-01
4.366218310916e+01,9.594496627520e-01
4.367218360918e+01,9.570881897659e-01
4.368218410921e+01,9.547265204124e-01
4.369218460923e+01,9.523651519220e-01
4.370218510926e+01,9.500045939895e-01
4.371218560928e+01,9.476453689367e-01
4.372218610931e+01,9.452880118679e-01
4.373218660933e+01,9.429330708159e-01
4.374218710936e+01,9.405811068777e-01
4.375218760938e+01,9.382326943401e-01
4.376218810941e+01,9.358884207928e-01
4.377218860943e+01,9.335488872289e-01
4.378218910946e+01,9.312147081309e-01
4.379218960948e+01,9.288865115417e-01
4.380219010951e+01,9.265649391191e-01
4.381219060953e+01,9.242506461727e-01
4.382219110956e+01,9.219443016810e-01
4.383219160958e+01,9.196465882896e-01
4.384219210961e+01,9.173582022865e-01
4.385219260963e+01,9.150798535546e-01
4.386219310966e+01,9.128122654999e-01
4.387219360968e+01,9.105561749538e-01
4.388219410971e+01,9.083123320474e-01
4.389219460973e+01,9.060815000574e-01
4.390219510976e+01,9.038644552214e-01
4.391219560978e+01,9.016619865213e-01
4.392219610981e+01,8.994748954332e-01
4.393219660983e+01,8.973039956421e-01
4.394219710986e+01,8.951501127212e-01
4.395219760988e+01,8.930140837718e-01
4.396219810991e+01,8.908967570258e-01
4.397219860993e+01,8.887989914062e-01
4.398219910996e+01,8.867216560466e-01
4.399219960998e+01,8.846656297671e-01
4.400220011001e+01,8.826318005066e-01
4.401220061003e+01,8.806210647098e-01
4.402220111006e+01,8.786343266677e-01
4.403220161008e+01,8.766724978120e-01
4.404220211011e+01,8.747364959614e-01
4.405220261013e+01,8.728272445203e-01
4.406220311016e+01,8.709456716294e-01
4.407220361018e+01,8.690927092681e-01
4.408220411021e+01,8.672692923080e-01
4.409220461023e+01,8.654763575196e-01
4.410220511026e+01,8.637148425308e-01
4.411220561028e+01,8.619856847396e-01
4.412220611031e+01,8.602898201812e-01
4.413220661033e+01,8.586281823506e-01
4.414220711036e+01,8.570017009836e-01
4.415220761038e+01,8.554113007968e-01
4.416220811041e+01,8.538579001892e-01
4.417220861043e+01,8.523424099085e-01
4.418220911046e+01,8.508657316845e-01
4.419220961048e+01,8.494287568321e-01
4.420221011051e+01,8.480323648285e-01
4.421221061053e+01,8.466774218682e-01
4.422221111056e+01,8.453647793986e-01
4.423221161058e+01,8.440952726424e-01
4.424221211061e+01,8.428697191093e-01
4.425221261063e+01,8.416889171044e-01
4.426221311066e+01,8.405536442358e-01
4.427221361068e+01,8.394646559286e-01
4.428221411071e+01,8.384226839498e-01
4.429221461073e+01,8.374284349499e-01
4.430221511076e+01,8.364825890277e-01
4.431221561078e+01,8.355857983230e-01
4.432221611081e+01,8.347386856440e-01
4.433221661083e+01,8.339418431346e-01
4.434221711086e+01,8.331958309885e-01
4.435221761088e+01,8.325011762150e-01
4.436221811091e+01,8.318583714624e-01
4.437221861093e+01,8.312678739047e-01
4.438221911096e+01,8.307301041973e-01
4.439221961098e+01,8.302454455063e-01
4.440222011101e+01,8.298142426155e-01
4.441222061103e+01,8.294368011177e-01
4.442222111106e+01,8.291133866924e-01
4.443222161108e+01,8.288442244739e-01
4.444222211111e+01,8.286294985149e-01
4.445222261113e+01,8.284693513450e-01
4.446222311116e+01,8.283638836306e-01
4.447222361118e+01,8.283131539338e-01
4.448222411121e+01,8.283171785748e-01
4.449222461123e+01,8.283759315969e-01
4.450222511126e+01,8.284893448349e-01
4.451222561128e+01,8.286573080858e-01
4.452222611131e+01,8.288796693817e-01
4.453222661133e+01,8.291562353631e-01
4.454222711136e+01,8.294867717511e-01
4.455222761138e+01,8.298710039143e-01
4.456222811141e+01,8.303086175300e-01
4.457222861143e+01,8.307992593343e-01
4.458222911146e+01,8.313425379578e-01
4.459222961148e+01,8.319380248435e-01
4.460223011151e+01,8.325852552406e-01
4.461223061153e+01,8.332837292708e-01
4.462223111156e+01,8.340329130615e-01
4.463223161158e+01,8.348322399398e-01
4.464223211161e+01,8.356811116831e-01
4.465223261163e+01,8.365788998186e-01
4.466223311166e+01,8.375249469680e-01
4.467223361168e+01,8.385185682298e-01
4.468223411171e+01,8.395590525944e-01
4.469223461173e+01,8.406456643852e-01
4.470223511176e+01,8.417776447207e-01
4.471223561178e+01,8.429542129914e-01
4.472223611181e+01,8.441745683459e-01
4.473223661183e+01,8.454378911811e-01
4.474223711186e+01,8.467433446308e-01
4.475223761188e+01,8.480900760487e-01
4.476223811191e+01,8.494772184789e-01
4.477223861193e+01,8.509038921127e-01
4.478223911196e+01,8.523692057235e-01
4.479223961198e+01,8.538722580797e-01
4.480224011201e+01,8.554121393294e-01
4.481224061203e+01,8.569879323539e-01
4.482224111206e+01,8.585987140886e-01
4.483224161208e+01,8.602435568063e-01
4.484224211211e+01,8.619215293620e-01
4.485224261213e+01,8.636316983969e-01
4.486224311216e+01,8.653731294991e-01
4.487224361218e+01,8.671448883203e-01
4.488224411221e+01,8.689460416465e-01
4.489224461223e+01,8.707756584222e-01
4.490224511226e+01,8.726328107277e-01
4.491224561228e+01,8.745165747076e-01
4.492224611231e+01,8.764260314522e-01
4.493224661233e+01,8.783602678306e-01
4.494224711236e+01,8.803183772748e-01
4.495224761238e+01,8.822994605177e-01
4.496224811241e+01,8.843026262829e-01
4.497224861243e+01,8.863269919289e-01
4.498224911246e+01,8.883716840466e-01
4.499224961248e+01,8.904358390130e-01
4.500225011251e+01,8.925186035013e-01
4.501225061253e+01,8.946191349476e-01
4.502225111256e+01,8.967366019772e-01
4.503225161258e+01,8.988701847905e-01
4.504225211261e+01,9.010190755105e-01
4.505225261263e+01,9.031824784927e-01
4.506225311266e+01,9.053596105993e-01
4.507225361268e+01,9.075497014396e-01
4.508225411271e+01,9.097519935769e-01
4.509225461273e+01,9.119657427041e-01
4.510225511276e+01,9.141902177899e-01
4.511225561278e+01,9.164247011962e-01
4.512225611281e+01,9.186684887688e-01
4.513225661283e+01,9.209208899024e-01
4.514225711286e+01,9.231812275822e-01
4.515225761288e+01,9.254488384021e-01
4.516225811291e+01,9.277230725623e-01
4.517225861293e+01,9.300032938471e-01
4.518225911296e+01,9.322888795835e-01
4.519225961298e+01,9.345792205830e-01
4.520226011301e+01,9.368737210675e-01
4.521226061303e+01,9.391717985799e-01
4.522226111306e+01,9.414728838813e-01
4.523226161308e+01,9.437764208352e-01
4.524226211311e+01,9.460818662807e-01
4.525226261313e+01,9.483886898947e-01
4.526226311316e+01,9.506963740444e-01
4.527226361318e+01,9.530044136313e-01
4.528226411321e+01,9.553123159277e-01
4.529226461323e+01,9.576196004056e-01
4.530226511326e+01,9.599257985597e-01
4.531226561328e+01,9.622304537247e-01
4.532226611331e+01,9.645331208885e-01
4.533226661333e+01,9.668333665001e-01
4.534226711336e+01,9.691307682751e-01
4.535226761338e+01,9.714249149981e-01
4.536226811341e+01,9.737154063218e-01
4.537226861343e+01,9.760018525654e-01
4.538226911346e+01,9.782838745111e-01
4.539226961348e+01,9.805611031997e-01
4.540227011351e+01,9.828331797252e-01
4.541227061353e+01,9.850997550305e-01
4.542227111356e+01,9.873604897019e-01
4.543227161358e+01,9.896150537647e-01
4.544227211361e+01,9.918631264801e-01
4.545227261363e+01,9.941043961422e-01
4.546227311366e+01,9.963385598774e-01
4.547227361368e+01,9.985653234445e-01
4.548227411371e+01,1.000784401037e+00
4.549227461373e+01,1.002995515088e+00
4.550227511376e+01,1.005198396075e+00
4.551227561378e+01,1.007392782330e+00
4.552227611381e+01,1.009578419852e+00
4.553227661383e+01,1.011755062116e+00
4.554227711386e+01,1.013922469895e+00
4.555227761388e+01,1.016080411074e+00
4.556227811391e+01,1.018228660478e+00
4.557227861393e+01,1.020366999689e+00
4.558227911396e+01,1.022495216882e+00
4.559227961398e+01,1.024613106650e+00
4.560228011401e+01,1.026720469841e+00
4.561228061403e+01,1.028817113395e+00
4.562228111406e+01,1.030902850182e+00
4.563228161408e+01,1.032977498847e+00
4.564228211411e+01,1.035040883657e+00
4.565228261413e+01,1.037092834349e+00
4.566228311416e+01,1.039133185983e+00
4.567228361418e+01,1.041161778800e+00
4.568228411421e+01,1.043178458077e+00
4.569228461423e+01,1.045183073993e+00
4.570228511426e+01,1.047175481492e+00
4.571228561428e+01,1.049155540153e+00
4.572228611431e+01,1.051123114057e+00
4.573228661433e+01,1.053078071665e+00
4.574228711436e+01,1.055020285697e+00
4.575228761438e+01,1.056949633005e+00
4.576228811441e+01,1.058865994464e+00
4.577228861443e+01,1.060769254850e+00
4.578228911446e+01,1.062659302735e+00
4.579228961448e+01,1.064536030375e+00
4.580229011451e+01,1.066399333605e+00
4.581229061453e+01,1.068249111735e+00
4.582229111456e+01,1.070085267450e+00
4.583229161458e+01,1.071907706709e+00
4.584229211461e+01,1.073716338655e+00
4.585229261463e+01,1.075511075516e+00
4.586229311466e+01,1.077291832518e+00
4.587229361468e+01,1.079058527795e+00
4.588229411471e+01,1.080811082301e+00
4.589229461473e+01,1.082549419731e+00
4.590229511476e+01,1.084273466434e+00
4.591229561478e+01,1.085983151337e+00
4.592229611481e+01,1.087678405868e+00
4.593229661483e+01,1.089359163876e+00
4.594229711486e+01,1.091025361563e+00
4.595229761488e+01,1.092676937412e+00
4.596229811491e+01,1.094313832114e+00
4.597229861493e+01,1.095935988504e+00
4.598229911496e+01,1.097543351495e+00
4.599229961498e+01,1.099135868011e+00
4.600230011501e+01,1.100713486930e+00
4.601230061503e+01,1.102276159020e+00
4.602230111506e+01,1.103823836881e+00
4.603230161508e+01,1.105356474888e+00
4.604230211511e+01,1.106874029138e+00
4.605230261513e+01,1.108376457391e+00
4.606230311516e+01,1.109863719022e+00
4.607230361518e+01,1.111335774969e+00
4.608230411521e+01,1.112792587680e+00
4.609230461523e+01,1.114234121071e+00
4.610230511526e+01,1.115660340475e+00
4.611230561528e+01,1.117071212597e+00
4.612230611531e+01,1.118466705471e+00
4.613230661533e+01,1.119846788416e+00
4.614230711536e+01,1.121211431995e+00
4.615230761538e+01,1.122560607975e+00
4.616230811541e+01,1.123894289286e+00
4.617230861543e+01,1.125212449984e+00
4.618230911546e+01,1.126515065214e+00
4.619230961548e+01,1.127802111173e+00
4.620231011551e+01,1.129073565075e+00
4.621231061553e+01,1.130329405119e+00
4.622231111556e+01,1.131569610454e+00
4.623231161558e+01,1.132794161146e+00
4.624231211561e+01,1.134003038150e+00
4.625231261563e+01,1.135196223277e+00
4.626231311566e+01,1.136373699167e+00
4.627231361568e+01,1.137535449257e+00
4.628231411571e+01,1.138681457758e+00
4.629231461573e+01,1.139811709623e+00
4.630231511576e+01,1.140926190527e+00
4.631231561578e+01,1.142024886835e+00
4.632231611581e+01,1.143107785582e+00
4.633231661583e+01,1.144174874449e+00
4.634231711586e+01,1.145226141737e+00
4.635231761588e+01,1.146261576348e+00
4.636231811591e+01,1.147281167761e+00
4.637231861593e+01,1.148284906011e+00
4.638231911596e+01,1.149272781671e+00
4.639231961598e+01,1.150244785828e+00
4.640232011601e+01,1.151200910067e+00
4.641232061603e+01,1.152141146452e+00
4.642232111606e+01,1.153065487506e+00
4.643232161608e+01,1.153973926195e+00
4.644232211611e+01,1.154866455913e+00
4.645232261613e+01,1.155743070460e+00
4.646232311616e+01,1.156603764030e+00
4.647232361618e+01,1.157448531198e+00
4.648232411621e+01,1.158277366898e+00
4.649232461623e+01,1.159090266414e+00
4.650232511626e+01,1.159887225364e+00
4.651232561628e+01,1.160668239688e+00
4.652232611631e+01,1.161433305633e+00
4.653232661633e+01,1.162182419740e+00
4.654232711636e+01,1.162915578833e+00
4.655232761638e+01,1.163632780007e+00
4.656232811641e+01,1.164334020617e+00
4.657232861643e+01,1.165019298265e+00
4.658232911646e+01,1.165688610791e+00
4.659232961648e+01,1.166341956262e+00
4.660233011651e+01,1.166979332961e+00
4.661233061653e+01,1.167600739379e+00
4.662233111656e+01,1.168206174205e+00
4.663233161658e+01,1.168795636318e+00
4.664233211661e+01,1.169369124777e+00
4.665233261663e+01,1.169926638811e+00
4.666233311666e+01,1.170468177816e+00
4.667233361668e+01,1.170993741342e+00
4.668233411671e+01,1.171503329090e+00
4.669233461673e+01,1.171996940902e+00
4.670233511676e+01,1.172474576753e+00
4.671233561678e+01,1.172936236749e+00
4.672233611681e+01,1.173381921118e+00
4.673233661683e+01,1.173811630203e+00
4.674233711686e+01,1.174225364457e+00
4.675233761688e+01,1.174623124441e+00
4.676233811691e+01,1.175004910811e+00
4.677233861693e+01,1.175370724323e+00
4.678233911696e+01,1.175720565818e+00
4.679233961698e+01,1.176054436226e+00
4.680234011701e+01,1.176372336557e+00
4.681234061703e+01,1.176674267899e+00
4.682234111706e+01,1.176960231413e+00
4.683234161708e+01,1.177230228330e+00
4.684234211711e+01,1.177484259947e+00
4.685234261713e+01,1.177722327627e+00
4.686234311716e+01,1.177944432791e+00
4.687234361718e+01,1.178150576920e+00
4.688234411721e+01,1.178340761550e+00
4.689234461723e+01,1.178514988270e+00
4.690234511726e+01,1.178673258720e+00
4.691234561728e+01,1.178815574591e+00
4.692234611731e+01,1.178941937622e+00
4.693234661733e+01,1.179052349597e+00
4.694234711736e+01,1.179146812346e+00
4.695234761738e+01,1.179225327745e+00
4.696234811741e+01,1.179287897712e+00
4.697234861743e+01,1.179334524209e+00
4.698234911746e+01,1.179365209239e+00
4.699234961748e+01,1.179379954849e+00
4.700235011751e+01,1.179378763129e+00
4.701235061753e+01,1.179361636211e+00
4.702235111756e+01,1.179328576270e+00
4.703235161758e+01,1.179279585524e+00
4.704235211761e+01,1.179214666238e+00
4.705235261763e+01,1.179133820720e+00
4.706235311766e+01,1.179037051327e+00
4.707235361768e+01,1.178924360463e+00
4.708235411771e+01,1.178795750582e+00
4.709235461773e+01,1.178651224189e+00
4.710235511776e+01,1.178490783845e+00
4.711235561778e+01,1.178314432164e+00
4.712235611781e+01,1.178122171821e+00
4.713235661783e+01,1.177914005551e+00
4.714235711786e+01,1.177689936152e+00
4.715235761788e+01,1.177449966490e+00
4.716235811791e+01,1.177194099501e+00
4.717235861793e+01,1.176922338195e+00
4.718235911796e+01,1.176634685659e+00
4.719235961798e+01,1.176331145062e+00
4.720236011801e+01,1.176011719658e+00
4.721236061803e+01,1.175676412790e+00
4.722236111806e+01,1.175325227899e+00
4.723236161808e+01,1.174958168521e+00
4.724236211811e+01,1.174575238300e+00
4.725236261813e+01,1.174176440989e+00
4.726236311816e+01,1.173761780455e+00
4.727236361818e+01,1.173331260688e+00
4.728236411821e+01,1.172884885805e+00
4.729236461823e+01,1.172422660056e+00
4.730236511826e+01,1.171944587833e+00
4.731236561828e+01,1.171450673673e+00
4.732236611831e+01,1.170940922269e+00
4.733236661833e+01,1.170415338475e+00
4.734236711836e+01,1.169873927315e+00
4.735236761838e+01,1.169316693990e+00
4.736236811841e+01,1.168743643888e+00
4.737236861843e+01,1.168154782590e+00
4.738236911846e+01,1.167550115881e+00
4.739236961848e+01,1.166929649758e+00
4.740237011851e+01,1.166293390441e+00
4.741237061853e+01,1.165641344382e+00
4.742237111856e+01,1.164973518273e+00
4.743237161858e+01,1.164289919061e+00
4.744237211861e+01,1.163590553956e+00
4.745237261863e+01,1.162875430442e+00
4.746237311866e+01,1.162144556292e+00
4.747237361868e+01,1.161397939574e+00
4.748237411871e+01,1.160635588670e+00
4.749237461873e+01,1.159857512284e+00
4.750237511876e+01,1.159063719457e+00
4.751237561878e+01,1.158254219581e+00
4.752237611881e+01,1.157429022412e+00
4.753237661883e+01,1.156588138086e+00
4.754237711886e+01,1.155731577132e+00
4.755237761888e+01,1.154859350488e+00
4.756237811891e+01,1.153971469519e+00
4.757237861893e+01,1.153067946030e+00
4.758237911896e+01,1.152148792284e+00
4.759237961898e+01,1.151214021020e+00
4.760238011901e+01,1.150263645472e+00
4.761238061903e+01,1.149297679383e+00
4.762238111906e+01,1.148316137030e+00
4.763238161908e+01,1.147319033238e+00
4.764238211911e+01,1.146306383403e+00
4.765238261913e+01,1.145278203512e+00
4.766238311916e+01,1.144234510165e+00
4.767238361918e+01,1.143175320595e+00
4.768238411921e+01,1.142100652692e+00
4.769238461923e+01,1.141010525027e+00
4.770238511926e+01,1.139904956872e+00
4.771238561928e+01,1.138783968231e+00
4.772238611931e+01,1.137647579858e+00
4.773238661933e+01,1.136495813289e+00
4.774238711936e+01,1.135328690864e+00
4.775238761938e+01,1.134146235758e+00
4.776238811941e+01,1.132948472007e+00
4.777238861943e+01,1.131735424540e+00
4.778238911946e+01,1.130507119203e+00
4.779238961948e+01,1.129263582798e+00
4.780239011951e+01,1.128004843108e+00
4.781239061953e+01,1.126730928930e+00
4.782239111956e+01,1.125441870113e+00
4.783239161958e+01,1.124137697587e+00
4.784239211961e+01,1.122818443404e+00
4.785239261963e+01,1.121484140769e+00
4.786239311966e+01,1.120134824077e+00
4.787239361968e+01,1.118770528959e+00
4.788239411971e+01,1.117391292311e+00
4.789239461973e+01,1.115997152344e+00
4.790239511976e+01,1.114588148618e+00
4.791239561978e+01,1.113164322089e+00
4.792239611981e+01,1.111725715154e+00
4.793239661983e+01,1.110272371690e+00
4.794239711986e+01,1.108804337110e+00
4.795239761988e+01,1.107321658399e+00
4.796239811991e+01,1.105824384176e+00
4.797239861993e+01,1.104312564731e+00
4.798239911996e+01,1.102786252087e+00
4.799239961998e+01,1.101245500048e+00
4.800240012001e+01,1.099690364255e+00
4.801240062003e+01,1.098120902242e+00
4.802240112006e+01,1.096537173491e+00
4.803240162008e+01,1.094939239495e+00
4.804240212011e+01,1.093327163814e+00
4.805240262013e+01,1.091701012142e+00
4.806240312016e+01,1.090060852367e+00
4.807240362018e+01,1.088406754637e+00
4.808240412021e+01,1.086738791428e+00
4.809240462023e+01,1.085057037614e+00
4.810240512026e+01,1.083361570533e+00
4.811240562028e+01,1.081652470064e+00
4.812240612031e+01,1.079929818702e+00
4.813240662033e+01,1.078193701627e+00
4.814240712036e+01,1.076444206791e+00
4.815240762038e+01,1.074681424992e+00
4.816240812041e+01,1.072905449958e+00
4.817240862043e+01,1.071116378432e+00
4.818240912046e+01,1.069314310256e+00
4.819240962048e+01,1.067499348459e+00
4.820241012051e+01,1.065671599351e+00
4.821241062053e+01,1.063831172612e+00
4.822241112056e+01,1.061978181386e+00
4.823241162058e+01,1.060112742381e+00
4.824241212061e+01,1.058234975966e+00
4.825241262063e+01,1.056345006274e+00
4.826241312066e+01,1.054442961302e+00
4.827241362068e+01,1.052528973022e+00
4.828241412071e+01,1.050603177487e+00
4.829241462073e+01,1.048665714940e+00
4.830241512076e+01,1.046716729930e+00
4.831241562078e+01,1.044756371427e+00
4.832241612081e+01,1.042784792939e+00
4.833241662083e+01,1.040802152633e+00
4.834241712086e+01,1.038808613456e+00
4.835241762088e+01,1.036804343264e+00
4.836241812091e+01,1.034789514946e+00
4.837241862093e+01,1.032764306557e+00
4.838241912096e+01,1.030728901449e+00
4.839241962098e+01,1.028683488405e+00
4.840242012101e+01,1.026628261777e+00
4.841242062103e+01,1.024563421628e+00
4.842242112106e+01,1.022489173870e+00
4.843242162108e+01,1.020405730410e+00
4.844242212111e+01,1.018313309297e+00
4.845242262113e+01,1.016212134869e+00
4.846242312116e+01,1.014102437906e+00
4.847242362118e+01,1.011984455778e+00
4.848242412121e+01,1.009858432605e+00
4.849242462123e+01,1.007724619410e+00
4.850242512126e+01,1.005583274276e+00
4.851242562128e+01,1.003434662510e+00
4.852242612131e+01,1.001279056798e+00
4.853242662133e+01,9.991167373731e-01
4.854242712136e+01,9.969479921749e-01
4.855242762138e+01,9.947731170153e-01
4.856242812141e+01,9.925924157436e-01
4.857242862143e+01,9.904062004123e-01
4.858242912146e+01,9.882147914423e-01
4.859242962148e+01,9.860185177897e-01
4.860243012151e+01,9.838177171114e-01
4.861243062153e+01,9.816127359301e-01
4.862243112156e+01,9.794039297993e-01
4.863243162158e+01,9.771916634663e-01
4.864243212161e+01,9.749763110343e-01
4.865243262163e+01,9.727582561227e-01
4.866243312166e+01,9.705378920242e-01
4.867243362168e+01,9.683156218604e-01
4.868243412171e+01,9.660918587336e-01
4.869243462173e+01,9.638670258752e-01
4.870243512176e+01,9.616415567894e-01
4.871243562178e+01,9.594158953931e-01
4.872243612181e+01,9.571904961499e-01
4.873243662183e+01,9.549658241983e-01
4.874243712186e+01,9.527423554736e-01
4.875243762188e+01,9.505205768226e-01
4.876243812191e+01,9.483009861104e-01
4.877243862193e+01,9.460840923182e-01
4.878243912196e+01,9.438704156328e-01
4.879243962198e+01,9.416604875247e-01
4.880244012201e+01,9.394548508164e-01
4.881244062203e+01,9.372540597377e-01
4.882244112206e+01,9.350586799695e-01
4.883244162208e+01,9.328692886731e-01
4.884244212211e+01,9.306864745053e-01
4.885244262213e+01,9.285108376178e-01
4.886244312216e+01,9.263429896406e-01
4.887244362218e+01,9.241835536468e-01
4.888244412221e+01,9.220331641001e-01
4.889244462223e+01,9.198924667813e-01
4.890244512226e+01,9.177621186955e-01
4.891244562228e+01,9.156427879563e-01
4.892244612231e+01,9.135351536474e-01
4.893244662233e+01,9.114399056608e-01
4.894244712236e+01,9.093577445094e-01
4.895244762238e+01,9.072893811128e-01
4.896244812241e+01,9.052355365574e-01
4.897244862243e+01,9.031969418265e-01
4.898244912246e+01,9.011743375020e-01
4.899244962248e+01,8.991684734354e-01
4.900245012251e+01,8.971801083876e-01
4.901245062253e+01,8.952100096363e-01
4.902245112256e+01,8.932589525500e-01
4.903245162258e+01,8.913277201284e-01
4.904245212261e+01,8.894171025082e-01
4.905245262263e+01,8.875278964332e-01
4.906245312266e+01,8.856609046883e-01
4.907245362268e+01,8.838169354982e-01
4.908245412271e+01,8.819968018881e-01
4.909245462273e+01,8.802013210080e-01
4.910245512276e+01,8.784313134203e-01
4.911245562278e+01,8.766876023500e-01
4.912245612281e+01,8.749710128979e-01
4.913245662283e+01,8.732823712182e-01
4.914245712286e+01,8.716225036592e-01
4.915245762288e+01,8.699922358696e-01
4.916245812291e+01,8.683923918699e-01
4.917245862293e+01,8.668237930912e-01
4.918245912296e+01,8.652872573815e-01
4.919245962298e+01,8.637835979823e-01
4.920246012301e+01,8.623136224756e-01
4.921246062303e+01,8.608781317049e-01
4.922246112306e+01,8.594779186713e-01
4.923246162308e+01,8.581137674071e-01
4.924246212311e+01,8.567864518304e-01
4.925246262313e+01,8.554967345817e-01
4.926246312316e+01,8.542453658479e-01
4.927246362318e+01,8.530330821741e-01
4.928246412321e+01,8.518606052695e-01
4.929246462323e+01,8.507286408082e-01
4.930246512326e+01,8.496378772310e-01
4.931246562328e+01,8.485889845499e-01
4.932246612331e+01,8.475826131616e-01
4.933246662333e+01,8.466193926716e-01
4.934246712336e+01,8.456999307354e-01
4.935246762338e+01,8.448248119198e-01
4.936246812341e+01,8.439945965884e-01
4.937246862343e+01,8.432098198167e-01
4.938246912346e+01,8.424709903403e-01
4.939246962348e+01,8.417785895411e-01
4.940247012351e+01,8.411330704745e-01
4.941247062353e+01,8.405348569437e-01
4.942247112356e+01,8.399843426233e-01
4.943247162358e+01,8.394818902368e-01
4.944247212361e+01,8.390278307921e-01
4.945247262363e+01,8.386224628774e-01
4.946247312366e+01,8.382660520220e-01
4.947247362368e+01,8.379588301235e-01
4.948247412371e+01,8.377009949458e-01
4.949247462373e+01,8.374927096885e-01
4.950247512376e+01,8.373341026314e-01
4.951247562378e+01,8.372252668542e-01
4.952247612381e+01,8.371662600341e-01
4.953247662383e+01,8.371571043214e-01
4.954247712386e+01,8.371977862947e-01
4.955247762388e+01,8.372882569941e-01
4.956247812391e+01,8.374284320342e-01
4.957247862393e+01,8.376181917953e-01
4.958247912396e+01,8.378573816920e-01
4.959247962398e+01,8.381458125183e-01
4.960248012401e+01,8.384832608663e-01
4.961248062403e+01,8.388694696187e-01
4.962248112406e+01,8.393041485104e-01
4.963248162408e+01,8.397869747581e-01
4.964248212411e+01,8.403175937547e-01
4.965248262413e+01,8.408956198243e-01
4.966248312416e+01,8.415206370362e-01
4.967248362418e+01,8.421922000721e-01
4.968248412421e+01,8.429098351450e-01
4.969248462423e+01,8.436730409634e-01
4.970248512426e+01,8.444812897385e-01
4.971248562428e+01,8.453340282299e-01
4.972248612431e+01,8.462306788239e-01
4.973248662433e+01,8.471706406430e-01
4.974248712436e+01,8.481532906792e-01
4.975248762438e+01,8.491779849492e-01
4.976248812441e+01,8.502440596657e-01
4.977248862443e+01,8.513508324210e-01
4.978248912446e+01,8.524976033796e-01
4.979248962448e+01,8.536836564745e-01
4.980249012451e+01,8.549082606038e-01
4.981249062453e+01,8.561706708247e-01
4.982249112456e+01,8.574701295399e-01
4.983249162458e+01,8.588058676742e-01
4.984249212461e+01,8.601771058371e-01
4.985249262463e+01,8.615830554699e-01
4.986249312466e+01,8.630229199720e-01
4.987249362468e+01,8.644958958071e-01
4.988249412471e+01,8.660011735837e-01
4.989249462473e+01,8.675379391099e-01
4.990249512476e+01,8.691053744196e-01
4.991249562478e+01,8.707026587689e-01
4.992249612481e+01,8.723289696002e-01
4.993249662483e+01,8.739834834743e-01
4.994249712486e+01,8.756653769678e-01
4.995249762488e+01,8.773738275354e-01
4.996249812491e+01,8.791080143372e-01
4.997249862493e+01,8.808671190292e-01
4.998249912496e+01,8.826503265170e-01
4.999249962498e+01,8.844568256733e-01
5.000250012501e+01,8.862858100179e-01
5.001250062503e+01,8.881364783610e-01
5.002250112506e+01,8.900080354101e-01
5.003250162508e+01,8.918996923405e-01
5.004250212511e+01,8.938106673293e-01
5.005250262513e+01,8.957401860551e-01
5.006250312516e+01,8.976874821627e-01
5.007250362518e+01,8.996517976929e-01
5.008250412521e+01,9.016323834807e-01
5.009250462523e+01,9.036284995201e-01
5.010250512526e+01,9.056394152977e-01
5.011250562528e+01,9.076644100960e-01
5.012250612531e+01,9.097027732673e-01
5.013250662533e+01,9.117538044791e-01
5.014250712536e+01,9.138168139322e-01
5.015250762538e+01,9.158911225522e-01
5.016250812541e+01,9.179760621567e-01
5.017250862543e+01,9.200709755970e-01
5.018250912546e+01,9.221752168784e-01
5.019250962548e+01,9.242881512572e-01
5.020251012551e+01,9.264091553178e-01
5.021251062553e+01,9.285376170295e-01
5.022251112556e+01,9.306729357850e-01
5.023251162558e+01,9.328145224209e-01
5.024251212561e+01,9.349617992220e-01
5.025251262563e+01,9.371141999092e-01
5.026251312566e+01,9.392711696137e-01
5.027251362568e+01,9.414321648368e-01
5.028251412571e+01,9.435966533968e-01
5.029251462573e+01,9.457641143647e-01
5.030251512576e+01,9.479340379882e-01
5.031251562578e+01,9.501059256054e-01
5.032251612581e+01,9.522792895496e-01
5.033251662583e+01,9.544536530449e-01
5.034251712586e+01,9.566285500941e-01
5.035251762588e+01,9.588035253592e-01
5.036251812591e+01,9.609781340353e-01
5.037251862593e+01,9.631519417190e-01
5.038251912596e+01,9.653245242705e-01
5.039251962598e+01,9.674954676716e-01
5.040252012601e+01,9.696643678797e-01
5.041252062603e+01,9.718308306773e-01
5.042252112606e+01,9.739944715188e-01
5.043252162608e+01,9.761549153741e-01
5.044252212611e+01,9.783117965709e-01
5.045252262613e+01,9.804647586333e-01
5.046252312616e+01,9.826134541205e-01
5.047252362618e+01,9.847575444635e-01
5.048252412621e+01,9.868966998008e-01
5.049252462623e+01,9.890305988142e-01
5.050252512626e+01,9.911589285637e-01
5.051252562628e+01,9.932813843225e-01
5.052252612631e+01,9.953976694126e-01
5.053252662633e+01,9.975074950409e-01
5.054252712636e+01,9.996105801353e-01
5.055252762638e+01,1.001706651182e+00
5.056252812641e+01,1.003795442066e+00
5.057252862643e+01,1.005876693907e+00
5.058252912646e+01,1.007950154905e+00
5.059252962648e+01,1.010015580179e+00
5.060253012651e+01,1.012072731616e+00
5.061253062653e+01,1.014121377712e+00
5.062253112656e+01,1.016161293423e+00
5.063253162658e+01,1.018192260016e+00
5.064253212661e+01,1.020214064917e+00
5.065253262663e+01,1.022226501570e+00
5.066253312666e+01,1.024229369289e+00
5.067253362668e+01,1.026222473121e+00
5.068253412671e+01,1.028205623700e+00
5.069253462673e+01,1.030178637120e+00
5.070253512676e+01,1.032141334789e+00
5.071253562678e+01,1.034093543307e+00
5.072253612681e+01,1.036035094329e+00
5.073253662683e+01,1.037965824443e+00
5.074253712686e+01,1.039885575041e+00
5.075253762688e+01,1.041794192196e+00
5.076253812691e+01,1.043691526548e+00
5.077253862693e+01,1.045577433179e+00
5.078253912696e+01,1.047451771501e+00
5.079253962698e+01,1.049314405143e+00
5.080254012701e+01,1.051165201840e+00
5.081254062703e+01,1.053004033325e+00
5.082254112706e+01,1.054830775223e+00
5.083254162708e+01,1.056645306947e+00
5.084254212711e+01,1.058447511598e+00
5.085254262713e+01,1.060237275864e+00
5.086254312716e+01,1.062014489926e+00
5.087254362718e+01,1.063779047360e+00
5.088254412721e+01,1.065530845047e+00
5.089254462723e+01,1.067269783084e+00
5.090254512726e+01,1.068995764691e+00
5.091254562728e+01,1.070708696132e+00
5.092254612731e+01,1.072408486624e+00
5.093254662733e+01,1.074095048261e+00
5.094254712736e+01,1.075768295928e+00
5.095254762738e+01,1.077428147231e+00
5.096254812741e+01,1.079074522412e+00
5.097254862743e+01,1.080707344282e+00
5.098254912746e+01,1.082326538145e+00
5.099254962748e+01,1.083932031728e+00
5.100255012751e+01,1.085523755112e+00
5.101255062753e+01,1.087101640667e+00
5.102255112756e+01,1.088665622985e+00
5.103255162758e+01,1.090215638814e+00
5.104255212761e+01,1.091751627003e+00
5.105255262763e+01,1.093273528432e+00
5.106255312766e+01,1.094781285962e+00
5.107255362768e+01,1.096274844372e+00
5.108255412771e+01,1.097754150306e+00
5.109255462773e+01,1.099219152216e+00
5.110255512776e+01,1.100669800312e+00
5.111255562778e+01,1.102106046509e+00
5.112255612781e+01,1.103527844376e+00
5.113255662783e+01,1.104935149089e+00
5.114255712786e+01,1.106327917382e+00
5.115255762788e+01,1.107706107499e+00
5.116255812791e+01,1.109069679155e+00
5.117255862793e+01,1.110418593484e+00
5.118255912796e+01,1.111752813004e+00
5.119255962798e+01,1.113072301570e+00
5.120256012801e+01,1.114377024334e+00
5.121256062803e+01,1.115666947710e+00
5.122256112806e+01,1.116942039332e+00
5.123256162808e+01,1.118202268017e+00
5.124256212811e+01,1.119447603731e+00
5.125256262813e+01,1.120678017549e+00
5.126256312816e+01,1.121893481628e+00
5.127256362818e+01,1.123093969168e+00
5.128256412821e+01,1.124279454381e+00
5.129256462823e+01,1.125449912461e+00
5.130256512826e+01,1.126605319552e+00
5.131256562828e+01,1.127745652718e+00
5.132256612831e+01,1.128870889916e+00
5.133256662833e+01,1.129981009966e+00
5.134256712836e+01,1.131075992523e+00
5.135256762838e+01,1.132155818054e+00
5.136256812841e+01,1.133220467809e+00
5.137256862843e+01,1.134269923797e+00
5.138256912846e+01,1.135304168760e+00
5.139256962848e+01,1.136323186154e+00
5.140257012851e+01,1.137326960120e+00
5.141257062853e+01,1.138315475467e+00
5.142257112856e+01,1.139288717646e+00
5.143257162858e+01,1.140246672733e+00
5.144257212861e+01,1.141189327404e+00
5.145257262863e+01,1.142116668919e+00
5.146257312866e+01,1.143028685101e+00
5.147257362868e+01,1.143925364320e+00
5.148257412871e+01,1.144806695468e+00
5.149257462873e+01,1.145672667950e+00
5.150257512876e+01,1.146523271661e+00
5.151257562878e+01,1.147358496972e+00
5.152257612881e+01,1.148178334712e+00
5.153257662883e+01,1.148982776157e+00
5.154257712886e+01,1.149771813007e+00
5.155257762888e+01,1.150545437381e+00
5.156257812891e+01,1.151303641794e+00
5.157257862893e+01,1.152046419148e+00
5.158257912896e+01,1.152773762719e+00
5.159257962898e+01,1.153485666143e+00
5.160258012901e+01,1.154182123403e+00
5.161258062903e+01,1.154863128816e+00
5.162258112906e+01,1.155528677024e+00
5.163258162908e+01,1.156178762984e+00
5.164258212911e+01,1.156813381950e+00
5.165258262913e+01,1.157432529470e+00
5.166258312916e+01,1.158036201374e+00
5.167258362918e+01,1.158624393760e+00
5.168258412921e+01,1.159197102989e+00
5.169258462923e+01,1.159754325676e+00
5.170258512926e+01,1.160296058677e+00
5.171258562928e+01,1.160822299086e+00
5.172258612931e+01,1.161333044222e+00
5.173258662933e+01,1.161828291625e+00
5.174258712936e+01,1.162308039044e+00
5.175258762938e+01,1.162772284436e+00
5.176258812941e+01,1.163221025952e+00
5.177258862943e+01,1.163654261936e+00
5.178258912946e+01,1.164071990917e+00
5.179258962948e+01,1.164474211599e+00
5.180259012951e+01,1.164860922862e+00
5.181259062953e+01,1.165232123751e+00
5.182259112956e+01,1.165587813473e+00
5.183259162958e+01,1.165927991392e+00
5.184259212961e+01,1.166252657023e+00
5.185259262963e+01,1.166561810028e+00
5.186259312966e+01,1.166855450214e+00
5.187259362968e+01,1.167133577525e+00
5.188259412971e+01,1.167396192039e+00
5.189259462973e+01,1.167643293969e+00
5.190259512976e+01,1.167874883652e+00
5.191259562978e+01,1.168090961554e+00
5.192259612981e+01,1.168291528261e+00
5.193259662983e+01,1.168476584478e+00
5.194259712986e+01,1.168646131029e+00
5.195259762988e+01,1.168800168852e+00
5.196259812991e+01,1.168938698998e+00
5.197259862993e+01,1.169061722628e+00
5.198259912996e+01,1.169169241016e+00
5.199259962998e+01,1.169261255541e+00
5.200260013001e+01,1.169337767691e+00
5.201260063003e+01,1.169398779060e+00
5.202260113006e+01,1.169444291347e+00
5.203260163008e+01,1.169474306359e+00
5.204260213011e+01,1.169488826003e+00
5.205260263013e+01,1.169487852296e+00
5.206260313016e+01,1.169471387358e+00
5.207260363018e+01,1.169439433414e+00
5.208260413021e+01,1.169391992797e+00
5.209260463023e+01,1.169329067944e+00
5.210260513026e+01,1.169250661402e+00
5.211260563028e+01,1.169156775829e+00
5.212260613031e+01,1.169047413989e+00
5.213260663033e+01,1.168922578763e+00
5.214260713036e+01,1.168782273144e+00
5.215260763038e+01,1.168626500240e+00
5.216260813041e+01,1.168455263281e+00
5.217260863043e+01,1.168268565615e+00
5.218260913046e+01,1.168066410715e+00
5.219260963048e+01,1.167848802182e+00
5.220261013051e+01,1.167615743747e+00
5.221261063053e+01,1.167367239271e+00
5.222261113056e+01,1.167103292758e+00
5.223261163058e+01,1.166823908347e+00
5.224261213061e+01,1.166529090327e+00
5.225261263063e+01,1.166218843135e+00
5.226261313066e+01,1.165893171360e+00
5.227261363068e+01,1.165552079752e+00
5.228261413071e+01,1.165195573226e+00
5.229261463073e+01,1.164823656864e+00
5.230261513076e+01,1.164436335924e+00
5.231261563078e+01,1.164033615845e+00
5.232261613081e+01,1.163615502252e+00
5.233261663083e+01,1.163182000965e+00
5.234261713086e+01,1.162733118003e+00
5.235261763088e+01,1.162268859589e+00
5.236261813091e+01,1.161789232166e+00
5.237261863093e+01,1.161294242392e+00
5.238261913096e+01,1.160783897158e+00
5.239261963098e+01,1.160258203591e+00
5.240262013101e+01,1.159717169065e+00
5.241262063103e+01,1.159160801205e+00
5.242262113106e+01,1.158589107903e+00
5.243262163108e+01,1.158002097320e+00
5.244262213111e+01,1.157399777901e+00
5.245262263113e+01,1.156782158383e+00
5.246262313116e+01,1.156149247805e+00
5.247262363118e+01,1.155501055517e+00
5.248262413121e+01,1.154837591195e+00
5.249262463123e+01,1.154158864849e+00
5.250262513126e+01,1.153464886837e+00
5.251262563128e+01,1.152755667874e+00
5.252262613131e+01,1.152031219047e+00
5.253262663133e+01,1.151291551827e+00
5.254262713136e+01,1.150536678083e+00
5.255262763138e+01,1.149766610094e+00
5.256262813141e+01,1.148981360564e+00
5.257262863143e+01,1.148180942637e+00
5.258262913146e+01,1.147365369910e+00
5.259262963148e+01,1.146534656452e+00
5.260263013151e+01,1.145688816816e+00
5.261263063153e+01,1.144827866056e+00
5.262263113156e+01,1.143951819747e+00
5.263263163158e+01,1.143060693997e+00
5.264263213161e+01,1.142154505469e+00
5.265263263163e+01,1.141233271399e+00
5.266263313166e+01,1.140297009612e+00
5.267263363168e+01,1.139345738543e+00
5.268263413171e+01,1.138379477258e+00
5.269263463173e+01,1.137398245472e+00
5.270263513176e+01,1.136402063573e+00
5.271263563178e+01,1.135390952640e+00
5.272263613181e+01,1.134364934470e+00
5.273263663183e+01,1.133324031596e+00
5.274263713186e+01,1.132268267314e+00
5.275263763188e+01,1.131197665703e+00
5.276263813191e+01,1.130112251657e+00
5.277263863193e+01,1.129012050903e+00
5.278263913196e+01,1.127897090031e+00
5.279263963198e+01,1.126767396521e+00
5.280264013201e+01,1.125622998769e+00
5.281264063203e+01,1.124463926119e+00
5.282264113206e+01,1.123290208885e+00
5.283264163208e+01,1.122101878390e+00
5.284264213211e+01,1.120898966990e+00
5.285264263213e+01,1.119681508109e+00
5.286264313216e+01,1.118449536271e+00
5.287264363218e+01,1.117203087131e+00
5.288264413221e+01,1.115942197513e+00
5.289264463223e+01,1.114666905444e+00
5.290264513226e+01,1.113377250186e+00
5.291264563228e+01,1.112073272280e+00
5.292264613231e+01,1.110755013578e+00
5.293264663233e+01,1.109422517287e+00
5.294264713236e+01,1.108075828005e+00
5.295264763238e+01,1.106714991763e+00
5.296264813241e+01,1.105340056070e+00
5.297264863243e+01,1.103951069951e+00
5.298264913246e+01,1.102548083998e+00
5.299264963248e+01,1.101131150410e+00
5.300265013251e+01,1.099700323040e+00
5.301265063253e+01,1.098255657449e+00
5.302265113256e+01,1.096797210947e+00
5.303265163258e+01,1.095325042649e+00
5.304265213261e+01,1.093839213522e+00
5.305265263263e+01,1.092339786444e+00
5.306265313266e+01,1.090826826252e+00
5.307265363268e+01,1.089300399802e+00
5.308265413271e+01,1.087760576023e+00
5.309265463273e+01,1.086207425979e+00
5.310265513276e+01,1.084641022923e+00
5.311265563278e+01,1.083061442365e+00
5.312265613281e+01,1.081468762130e+00
5.313265663283e+01,1.079863062423e+00
5.314265713286e+01,1.078244425896e+00
5.315265763288e+01,1.076612937717e+00
5.316265813291e+01,1.074968685633e+00
5.317265863293e+01,1.073311760047e+00
5.318265913296e+01,1.071642254087e+00
5.319265963298e+01,1.069960263679e+00
5.320266013301e+01,1.068265887626e+00
5.321266063303e+01,1.066559227682e+00
5.322266113306e+01,1.064840388631e+00
5.323266163308e+01,1.063109478372e+00
5.324266213311e+01,1.061366607995e+00
5.325266263313e+01,1.059611891871e+00
5.326266313316e+01,1.057845447734e+00
5.327266363318e+01,1.056067396772e+00
5.328266413321e+01,1.054277863715e+00
5.329266463323e+01,1.052476976927e+00
5.330266513326e+01,1.050664868500e+00
5.331266563328e+01,1.048841674349e+00
5.332266613331e+01,1.047007534309e+00
5.333266663333e+01,1.045162592235e+00
5.334266713336e+01,1.043306996102e+00
5.335266763338e+01,1.041440898108e+00
5.336266813341e+01,1.039564454780e+00
5.337266863343e+01,1.037677827080e+00
5.338266913346e+01,1.035781180512e+00
5.339266963348e+01,1.033874685237e+00
5.340267013351e+01,1.031958516178e+00
5.341267063353e+01,1.030032853140e+00
5.342267113356e+01,1.028097880926e+00
5.343267163358e+01,1.026153789448e+00
5.344267213361e+01,1.024200773854e+00
5.345267263363e+01,1.022239034645e+00
5.346267313366e+01,1.020268777796e+00
5.347267363368e+01,1.018290214884e+00
5.348267413371e+01,1.016303563211e+00
5.349267463373e+01,1.014309045931e+00
5.350267513376e+01,1.012306892177e+00
5.351267563378e+01,1.010297337195e+00
5.352267613381e+01,1.008280622469e+00
5.353267663383e+01,1.006256995855e+00
5.354267713386e+01,1.004226711715e+00
5.355267763388e+01,1.002190031046e+00
5.356267813391e+01,1.000147221619e+00
5.357267863393e+01,9.980985581086e-01
5.358267913396e+01,9.960443222295e-01
5.359267963398e+01,9.939848028716e-01
5.360268013401e+01,9.919202962339e-01
5.361268063403e+01,9.898511059587e-01
5.362268113406e+01,9.877775432659e-01
5.363268163408e+01,9.856999270854e-01
5.364268213411e+01,9.836185841893e-01
5.365268263413e+01,9.815338493228e-01
5.366268313416e+01,9.794460653334e-01
5.367268363418e+01,9.773555832979e-01
5.368268413421e+01,9.752627626475e-01
5.369268463423e+01,9.731679712908e-01
5.370268513426e+01,9.710715857330e-01
5.371268563428e+01,9.689739911924e-01
5.372268613431e+01,9.668755817132e-01
5.373268663433e+01,9.647767602738e-01
5.374268713436e+01,9.626779388910e-01
5.375268763438e+01,9.605795387189e-01
5.376268813441e+01,9.584819901423e-01
5.377268863443e+01,9.563857328640e-01
5.378268913446e+01,9.542912159855e-01
5.379268963448e+01,9.521988980810e-01
5.380269013451e+01,9.501092472631e-01
5.381269063453e+01,9.480227412403e-01
5.382269113456e+01,9.459398673656e-01
5.383269163458e+01,9.438611226759e-01
5.384269213461e+01,9.417870139203e-01
5.385269263463e+01,9.397180575783e-01
5.386269313466e+01,9.376547798653e-01
5.387269363468e+01,9.355977167269e-01
5.388269413471e+01,9.335474138190e-01
5.389269463473e+01,9.315044264749e-01
5.390269513476e+01,9.294693196564e-01
5.391269563478e+01,9.274426678911e-01
5.392269613481e+01,9.254250551919e-01
5.393269663483e+01,9.234170749602e-01
5.394269713486e+01,9.214193298713e-01
5.395269763488e+01,9.194324317405e-01
5.396269813491e+01,9.174570013699e-01
5.397269863493e+01,9.154936683751e-01
5.398269913496e+01,9.135430709906e-01
5.399269963498e+01,9.116058558529e-01
5.400270013501e+01,9.096826777617e-01
5.401270063503e+01,9.077741994166e-01
5.402270113506e+01,9.058810911304e-01
5.403270163508e+01,9.040040305176e-01
5.404270213511e+01,9.021437021562e-01
5.405270263513e+01,9.003007972252e-01
5.406270313516e+01,8.984760131136e-01
5.407270363518e+01,8.966700530033e-01
5.408270413521e+01,8.948836254240e-01
5.409270463523e+01,8.931174437799e-01
5.410270513526e+01,8.913722258486e-01
5.411270563528e+01,8.896486932508e-01
5.412270613531e+01,8.879475708914e-01
5.413270663533e+01,8.862695863726e-01
5.414270713536e+01,8.846154693775e-01
5.415270763538e+01,8.829859510257e-01
5.416270813541e+01,8.813817632006e-01
5.417270863543e+01,8.798036378489e-01
5.418270913546e+01,8.782523062532e-01
5.419270963548e+01,8.767284982777e-01
5.420271013551e+01,8.752329415883e-01
5.421271063553e+01,8.737663608481e-01
5.422271113556e+01,8.723294768894e-01
5.423271163558e+01,8.709230058630e-01
5.424271213561e+01,8.695476583666e-01
5.425271263563e+01,8.682041385541e-01
5.426271313566e+01,8.668931432269e-01
5.427271363568e+01,8.656153609098e-01
5.428271413571e+01,8.643714709126e-01
5.429271463573e+01,8.631621423803e-01
5.430271513576e+01,8.619880333345e-01
5.431271563578e+01,8.608497897070e-01
5.432271613581e+01,8.597480443700e-01
5.433271663583e+01,8.586834161640e-01
5.434271713586e+01,8.576565089275e-01
5.435271763588e+01,8.566679105307e-01
5.436271813591e+01,8.557181919159e-01
5.437271863593e+01,8.548079061488e-01
5.438271913596e+01,8.539375874825e-01
5.439271963598e+01,8.531077504386e-01
5.440272013601e+01,8.523188889076e-01
5.441272063603e+01,8.515714752727e-01
5.442272113606e+01,8.508659595588e-01
5.443272163608e+01,8.502027686123e-01
5.444272213611e+01,8.495823053120e-01
5.445272263613e+01,8.490049478164e-01
5.446272313616e+01,8.484710488492e-01
5.447272363618e+01,8.479809350261e-01
5.448272413621e+01,8.475349062258e-01
5.449272463623e+01,8.471332350079e-01
5.450272513626e+01,8.467761660800e-01
5.451272563628e+01,8.464639158157e-01
5.452272613631e+01,8.461966718267e-01
5.453272663633e+01,8.459745925898e-01
5.454272713636e+01,8.457978071313e-01
5.455272763638e+01,8.456664147694e-01
5.456272813641e+01,8.455804849158e-01
5.457272863643e+01,8.455400569382e-01
5.458272913646e+01,8.455451400835e-01
5.459272963648e+01,8.455957134620e-01
5.460273013651e+01,8.456917260934e-01
5.461273063653e+01,8.458330970136e-01
5.462273113656e+01,8.460197154421e-01
5.463273163658e+01,8.462514410097e-01
5.464273213661e+01,8.465281040446e-01
5.465273263663e+01,8.468495059164e-01
5.466273313666e+01,8.472154194363e-01
5.467273363668e+01,8.476255893114e-01
5.468273413671e+01,8.480797326516e-01
5.469273463673e+01,8.485775395272e-01
5.470273513676e+01,8.491186735731e-01
5.471273563678e+01,8.497027726401e-01
5.472273613681e+01,8.503294494877e-01
5.473273663683e+01,8.509982925172e-01
5.474273713686e+01,8.517088665420e-01
5.475273763688e+01,8.524607135912e-01
5.476273813691e+01,8.532533537448e-01
5.477273863693e+01,8.540862859963e-01
5.478273913696e+01,8.549589891394e-01
5.479273963698e+01,8.558709226767e-01
5.480274013701e+01,8.568215277461e-01
5.481274063703e+01,8.578102280617e-01
5.482274113706e+01,8.588364308676e-01
5.483274163708e+01,8.598995278989e-01
5.484274213711e+01,8.609988963493e-01
5.485274263713e+01,8.621338998412e-01
5.486274313716e+01,8.633038893952e-01
5.487274363718e+01,8.645082043970e-01
5.488274413721e+01,8.657461735586e-01
5.489274463723e+01,8.670171158716e-01
5.490274513726e+01,8.683203415496e-01
5.491274563728e+01,8.696551529586e-01
5.492274613731e+01,8.710208455318e-01
5.493274663733e+01,8.724167086685e-01
5.494274713736e+01,8.738420266136e-01
5.495274763738e+01,8.752960793182e-01
5.496274813741e+01,8.767781432770e-01
5.497274863743e+01,8.782874923444e-01
5.498274913746e+01,8.798233985252e-01
5.499274963748e+01,8.813851327406e-01
5.500275013751e+01,8.829719655682e-01
5.501275063753e+01,8.845831679556e-01
5.502275113756e+01,8.862180119054e-01
5.503275163758e+01,8.878757711337e-01
5.504275213761e+01,8.895557216993e-01
5.505275263763e+01,8.912571426051e-01
5.506275313766e+01,8.929793163705e-01
5.507275363768e+01,8.947215295755e-01
5.508275413771e+01,8.964830733758e-01
5.509275463773e+01,8.982632439899e-01
5.510275513776e+01,9.000613431582e-01
5.511275563778e+01,9.018766785739e-01
5.512275613781e+01,9.037085642866e-01
5.513275663783e+01,9.055563210797e-01
5.514275713786e+01,9.074192768203e-01
5.515275763788e+01,9.092967667845e-01
5.516275813791e+01,9.111881339565e-01
5.517275863793e+01,9.130927293041e-01
5.518275913796e+01,9.150099120300e-01
5.519275963798e+01,9.169390498001e-01
5.520276013801e+01,9.188795189495e-01
5.521276063803e+01,9.208307046673e-01
5.522276113806e+01,9.227920011604e-01
5.523276163808e+01,9.247628117974e-01
5.524276213811e+01,9.267425492337e-01
5.525276263813e+01,9.287306355182e-01
5.526276313816e+01,9.307265021823e-01
5.527276363818e+01,9.327295903124e-01
5.528276413821e+01,9.347393506069e-01
5.529276463823e+01,9.367552434176e-01
5.530276513826e+01,9.387767387771e-01
5.531276563828e+01,9.408033164126e-01
5.532276613831e+01,9.428344657470e-01
5.533276663833e+01,9.448696858881e-01
5.534276713836e+01,9.469084856060e-01
5.535276763838e+01,9.489503833008e-01
5.536276813841e+01,9.509949069592e-01
5.537276863843e+01,9.530415941028e-01
5.538276913846e+01,9.550899917275e-01
5.539276963848e+01,9.571396562344e-01
5.540277013851e+01,9.591901533541e-01
5.541277063853e+01,9.612410580633e-01
5.542277113856e+01,9.632919544960e-01
5.543277163858e+01,9.653424358476e-01
5.544277213861e+01,9.673921042755e-01
5.545277263863e+01,9.694405707932e-01
5.546277313866e+01,9.714874551608e-01
5.547277363868e+01,9.735323857721e-01
5.548277413871e+01,9.755749995370e-01
5.549277463873e+01,9.776149417618e-01
5.550277513876e+01,9.796518660262e-01
5.551277563878e+01,9.816854340584e-01
5.552277613881e+01,9.837153156077e-01
5.553277663883e+01,9.857411883155e-01
5.554277713886e+01,9.877627375851e-01
5.555277763888e+01,9.897796564499e-01
5.556277813891e+01,9.917916454414e-01
5.557277863893e+01,9.937984124556e-01
5.558277913896e+01,9.957996726198e-01
5.559277963898e+01,9.977951481591e-01
5.560278013901e+01,9.997845682622e-01
5.561278063903e+01,1.001767668948e+00
5.562278113906e+01,1.003744192934e+00
5.563278163908e+01,1.005713889500e+00
5.564278213911e+01,1.007676514360e+00
5.565278263913e+01,1.009631829530e+00
5.566278313916e+01,1.011579603195e+00
5.567278363918e+01,1.013519609583e+00
5.568278413921e+01,1.015451628838e+00
5.569278463923e+01,1.017375446889e+00
5.570278513926e+01,1.019290855327e+00
5.571278563928e+01,1.021197651281e+00
5.572278613931e+01,1.023095637296e+00
5.573278663933e+01,1.024984621210e+00
5.574278713936e+01,1.026864416037e+00
5.575278763938e+01,1.028734839847e+00
5.576278813941e+01,1.030595715651e+00
5.577278863943e+01,1.032446871289e+00
5.578278913946e+01,1.034288139311e+00
5.579278963948e+01,1.036119356874e+00
5.580279013951e+01,1.037940365630e+00
5.581279063953e+01,1.039751011615e+00
5.582279113956e+01,1.041551145150e+00
5.583279163958e+01,1.043340620735e+00
5.584279213961e+01,1.045119296946e+00
5.585279263963e+01,1.046887036338e+00
5.586279313966e+01,1.048643705346e+00
5.587279363968e+01,1.050389174189e+00
5.588279413971e+01,1.052123316777e+00
5.589279463973e+01,1.053846010618e+00
5.590279513976e+01,1.055557136727e+00
5.591279563978e+01,1.057256579540e+00
5.592279613981e+01,1.058944226824e+00
5.593279663983e+01,1.060619969597e+00
5.594279713986e+01,1.062283702039e+00
5.595279763988e+01,1.063935321416e+00
5.596279813991e+01,1.065574727996e+00
5.597279863993e+01,1.067201824978e+00
5.598279913996e+01,1.068816518407e+00
5.599279963998e+01,1.070418717107e+00
5.600280014001e+01,1.072008332604e+00
5.601280064003e+01,1.073585279058e+00
5.602280114006e+01,1.075149473192e+00
5.603280164008e+01,1.076700834224e+00
5.604280214011e+01,1.078239283801e+00
5.605280264013e+01,1.079764745935e+00
5.606280314016e+01,1.081277146939e+00
5.607280364018e+01,1.082776415365e+00
5.608280414021e+01,1.084262481946e+00
5.609280464023e+01,1.085735279535e+00
5.610280514026e+01,1.087194743046e+00
5.611280564028e+01,1.088640809405e+00
5.612280614031e+01,1.090073417486e+00
5.613280664033e+01,1.091492508064e+00
5.614280714036e+01,1.092898023764e+00
5.615280764038e+01,1.094289909003e+00
5.616280814041e+01,1.095668109949e+00
5.617280864043e+01,1.097032574467e+00
5.618280914046e+01,1.098383252076e+00
5.619280964048e+01,1.099720093898e+00
5.620281014051e+01,1.101043052620e+00
5.621281064053e+01,1.102352082445e+00
5.622281114056e+01,1.103647139053e+00
5.623281164058e+01,1.104928179555e+00
5.624281214061e+01,1.106195162460e+00
5.625281264063e+01,1.107448047629e+00
5.626281314066e+01,1.108686796240e+00
5.627281364068e+01,1.109911370751e+00
5.628281414071e+01,1.111121734861e+00
5.629281464073e+01,1.112317853477e+00
5.630281514076e+01,1.113499692680e+00
5.631281564078e+01,1.114667219690e+00
5.632281614081e+01,1.115820402833e+00
5.633281664083e+01,1.116959211511e+00
5.634281714086e+01,1.118083616170e+00
5.635281764088e+01,1.119193588268e+00
5.636281814091e+01,1.120289100252e+00
5.637281864093e+01,1.121370125520e+00
5.638281914096e+01,1.122436638401e+00
5.639281964098e+01,1.123488614125e+00
5.640282014101e+01,1.124526028798e+00
5.641282064103e+01,1.125548859373e+00
5.642282114106e+01,1.126557083629e+00
5.643282164108e+01,1.127550680146e+00
5.644282214111e+01,1.128529628279e+00
5.645282264113e+01,1.129493908138e+00
5.646282314116e+01,1.130443500565e+00
5.647282364118e+01,1.131378387111e+00
5.648282414121e+01,1.132298550016e+00
5.649282464123e+01,1.133203972190e+00
5.650282514126e+01,1.134094637190e+00
5.651282564128e+01,1.134970529203e+00
5.652282614131e+01,1.135831633027e+00
5.653282664133e+01,1.136677934051e+00
5.654282714136e+01,1.137509418242e+00
5.655282764138e+01,1.138326072120e+00
5.656282814141e+01,1.139127882750e+00
5.657282864143e+01,1.139914837719e+00
5.658282914146e+01,1.140686925124e+00
5.659282964148e+01,1.141444133556e+00
5.660283014151e+01,1.142186452084e+00
5.661283064153e+01,1.142913870243e+00
5.662283114156e+01,1.143626378017e+00
5.663283164158e+01,1.144323965830e+00
5.664283214161e+01,1.145006624528e+00
5.665283264163e+01,1.145674345368e+00
5.666283314166e+01,1.146327120009e+00
5.667283364168e+01,1.146964940496e+00
5.668283414171e+01,1.147587799250e+00
5.669283464173e+01,1.148195689057e+00
5.670283514176e+01,1.148788603057e+00
5.671283564178e+01,1.149366534735e+00
5.672283614181e+01,1.149929477909e+00
5.673283664183e+01,1.150477426721e+00
5.674283714186e+01,1.151010375630e+00
5.675283764188e+01,1.151528319397e+00
5.676283814191e+01,1.152031253085e+00
5.677283864193e+01,1.152519172042e+00
5.678283914196e+01,1.152992071898e+00
5.679283964198e+01,1.153449948558e+00
5.680284014201e+01,1.153892798191e+00
5.681284064203e+01,1.154320617225e+00
5.682284114206e+01,1.154733402339e+00
5.683284164208e+01,1.155131150459e+00
5.684284214211e+01,1.155513858749e+00
5.685284264213e+01,1.155881524606e+00
5.686284314216e+01,1.156234145655e+00
5.687284364218e+01,1.156571719743e+00
5.688284414221e+01,1.156894244932e+00
5.689284464223e+01,1.157201719497e+00
5.690284514226e+01,1.157494141922e+00
5.691284564228e+01,1.157771510890e+00
5.692284614231e+01,1.158033825286e+00
5.693284664233e+01,1.158281084189e+00
5.694284714236e+01,1.158513286867e+00
5.695284764238e+01,1.158730432779e+00
5.696284814241e+01,1.158932521566e+00
5.697284864243e+01,1.159119553052e+00
5.698284914246e+01,1.159291527239e+00
5.699284964248e+01,1.159448444307e+00
5.700285014251e+01,1.159590304609e+00
5.701285064253e+01,1.159717108670e+00
5.702285114256e+01,1.159828857187e+00
5.703285164258e+01,1.159925551025e+00
5.704285214261e+01,1.160007191217e+00
5.705285264263e+01,1.160073778963e+00
5.706285314266e+01,1.160125315627e+00
5.707285364268e+01,1.160161802740e+00
5.708285414271e+01,1.160183241998e+00
5.709285464273e+01,1.160189635260e+00
5.710285514276e+01,1.160180984550e+00
5.711285564278e+01,1.160157292057e+00
5.712285614281e+01,1.160118560136e+00
5.713285664283e+01,1.160064791308e+00
5.714285714286e+01,1.159995988258e+00
5.715285764288e+01,1.159912153843e+00
5.716285814291e+01,1.159813291087e+00
5.717285864293e+01,1.159699403186e+00
5.718285914296e+01,1.159570493509e+00
5.719285964298e+01,1.159426565598e+00
5.720286014301e+01,1.159267623175e+00
5.721286064303e+01,1.159093670139e+00
5.722286114306e+01,1.158904710572e+00
5.723286164308e+01,1.158700748743e+00
5.724286214311e+01,1.158481789106e+00
5.725286264313e+01,1.158247836311e+00
5.726286314316e+01,1.157998895201e+00
5.727286364318e+01,1.157734970818e+00
5.728286414321e+01,1.157456068408e+00
5.729286464323e+01,1.157162193427e+00
5.730286514326e+01,1.156853351540e+00
5.731286564328e+01,1.156529548632e+00
5.732286614331e+01,1.156190790810e+00
5.733286664333e+01,1.155837084408e+00
5.734286714336e+01,1.155468435994e+00
5.735286764338e+01,1.155084852376e+00
5.736286814341e+01,1.154686340606e+00
5.737286864343e+01,1.154272907990e+00
5.738286914346e+01,1.153844562092e+00
5.739286964348e+01,1.153401310741e+00
5.740287014351e+01,1.152943162040e+00
5.741287064353e+01,1.152470124371e+00
5.742287114356e+01,1.151982206405e+00
5.743287164358e+01,1.151479417112e+00
5.744287214361e+01,1.150961765762e+00
5.745287264363e+01,1.150429261943e+00
5.746287314366e+01,1.149881915563e+00
5.747287364368e+01,1.149319736864e+00
5.748287414371e+01,1.148742736428e+00
5.749287464373e+01,1.148150925191e+00
5.750287514376e+01,1.147544314449e+00
5.751287564378e+01,1.146922915872e+00
5.752287614381e+01,1.146286741513e+00
5.753287664383e+01,1.145635803821e+00
5.754287714386e+01,1.144970115654e+00
5.755287764388e+01,1.144289690285e+00
5.756287814391e+01,1.143594541422e+00
5.757287864393e+01,1.142884683217e+00
5.758287914396e+01,1.142160130280e+00
5.759287964398e+01,1.141420897692e+00
5.760288014401e+01,1.140667001021e+00
5.761288064403e+01,1.139898456333e+00
5.762288114406e+01,1.139115280212e+00
5.763288164408e+01,1.138317489771e+00
5.764288214411e+01,1.137505102671e+00
5.765288264413e+01,1.136678137134e+00
5.766288314416e+01,1.135836611963e+00
5.767288364418e+01,1.134980546556e+00
5.768288414421e+01,1.134109960929e+00
5.769288464423e+01,1.133224875727e+00
5.770288514426e+01,1.132325312250e+00
5.771288564428e+01,1.131411292465e+00
5.772288614431e+01,1.130482839033e+00
5.773288664433e+01,1.129539975325e+00
5.774288714436e+01,1.128582725443e+00
5.775288764438e+01,1.127611114243e+00
5.776288814441e+01,1.126625167356e+00
5.777288864443e+01,1.125624911212e+00
5.778288914446e+01,1.124610373060e+00
5.779288964448e+01,1.123581580998e+00
5.780289014451e+01,1.122538563990e+00
5.781289064453e+01,1.121481351896e+00
5.782289114456e+01,1.120409975497e+00
5.783289164458e+01,1.119324466522e+00
5.784289214461e+01,1.118224857672e+00
5.785289264463e+01,1.117111182652e+00
5.786289314466e+01,1.115983476198e+00
5.787289364468e+01,1.114841774106e+00
5.788289414471e+01,1.113686113261e+00
5.789289464473e+01,1.112516531672e+00
5.790289514476e+01,1.111333068498e+00
5.791289564478e+01,1.110135764087e+00
5.792289614481e+01,1.108924660002e+00
5.793289664483e+01,1.107699799062e+00
5.794289714486e+01,1.106461225372e+00
5.795289764488e+01,1.105208984364e+00
5.796289814491e+01,1.103943122827e+00
5.797289864493e+01,1.102663688952e+00
5.798289914496e+01,1.101370732365e+00
5.799289964498e+01,1.100064304168e+00
5.800290014501e+01,1.098744456984e+00
5.801290064503e+01,1.097411244992e+00
5.802290114506e+01,1.096064723974e+00
5.803290164508e+01,1.094704951355e+00
5.804290214511e+01,1.093331986254e+00
5.805290264513e+01,1.091945889522e+00
5.806290314516e+01,1.090546723794e+00
5.807290364518e+01,1.089134553535e+00
5.808290414521e+01,1.087709445091e+00
5.809290464523e+01,1.086271466735e+00
5.810290514526e+01,1.084820688725e+00
5.811290564528e+01,1.083357183349e+00
5.812290614531e+01,1.081881024985e+00
5.813290664533e+01,1.080392290153e+00
5.814290714536e+01,1.078891057572e+00
5.815290764538e+01,1.077377408218e+00
5.816290814541e+01,1.075851425381e+00
5.817290864543e+01,1.074313194727e+00
5.818290914546e+01,1.072762804360e+00
5.819290964548e+01,1.071200344884e+00
5.820291014551e+01,1.069625909465e+00
5.821291064553e+01,1.068039593900e+00
5.822291114556e+01,1.066441496682e+00
5.823291164558e+01,1.064831719070e+00
5.824291214561e+01,1.063210365155e+00
5.825291264563e+01,1.061577541937e+00
5.826291314566e+01,1.059933359393e+00
5.827291364568e+01,1.058277930551e+00
5.828291414571e+01,1.056611371568e+00
5.829291464573e+01,1.054933801808e+00
5.830291514576e+01,1.053245343917e+00
5.831291564578e+01,1.051546123903e+00
5.832291614581e+01,1.049836271221e+00
5.833291664583e+01,1.048115918854e+00
5.834291714586e+01,1.046385203396e+00
5.835291764588e+01,1.044644265140e+00
5.836291814591e+01,1.042893248165e+00
5.837291864593e+01,1.041132300423e+00
5.838291914596e+01,1.039361573832e+00
5.839291964598e+01,1.037581224366e+00
5.840292014601e+01,1.035791412148e+00
5.841292064603e+01,1.033992301545e+00
5.842292114606e+01,1.032184061264e+00
5.843292164608e+01,1.030366864450e+00
5.844292214611e+01,1.028540888782e+00
5.845292264613e+01,1.026706316574e+00
5.846292314616e+01,1.024863334879e+00
5.847292364618e+01,1.023012135586e+00
5.848292414621e+01,1.021152915526e+00
5.849292464623e+01,1.019285876577e+00
5.850292514626e+01,1.017411225768e+00
5.851292564628e+01,1.015529175385e+00
5.852292614631e+01,1.013639943080e+00
5.853292664633e+01,1.011743751975e+00
5.854292714636e+01,1.009840830776e+00
5.855292764638e+01,1.007931413878e+00
5.856292814641e+01,1.006015741474e+00
5.857292864643e+01,1.004094059668e+00
5.858292914646e+01,1.002166620582e+00
5.859292964648e+01,1.000233682469e+00
5.860293014651e+01,9.982955098204e-01
5.861293064653e+01,9.963523734765e-01
5.862293114656e+01,9.944045507363e-01
5.863293164658e+01,9.924523254660e-01
5.864293214661e+01,9.904959882067e-01
5.865293264663e+01,9.885358362819e-01
5.866293314666e+01,9.865721739027e-01
5.867293364668e+01,9.846053122723e-01
5.868293414671e+01,9.826355696890e-01
5.869293464673e+01,9.806632716465e-01
5.870293514676e+01,9.786887509328e-01
5.871293564678e+01,9.767123477260e-01
5.872293614681e+01,9.747344096877e-01
5.873293664683e+01,9.727552920533e-01
5.874293714686e+01,9.707753577185e-01
5.875293764688e+01,9.687949773225e-01
5.876293814691e+01,9.668145293271e-01
5.877293864693e+01,9.648344000904e-01
5.878293914696e+01,9.628549839371e-01
5.879293964698e+01,9.608766832220e-01
5.880294014701e+01,9.588999083887e-01
5.881294064703e+01,9.569250780221e-01
5.882294114706e+01,9.549526188933e-01
5.883294164708e+01,9.529829659989e-01
5.884294214711e+01,9.510165625914e-01
5.885294264713e+01,9.490538602024e-01
5.886294314716e+01,9.470953186561e-01
5.887294364718e+01,9.451414060751e-01
5.888294414721e+01,9.431925988751e-01
5.889294464723e+01,9.412493817502e-01
5.890294514726e+01,9.393122476473e-01
5.891294564728e+01,9.373816977283e-01
5.892294614731e+01,9.354582413213e-01
5.893294664733e+01,9.335423958587e-01
5.894294714736e+01,9.316346868018e-01
5.895294764738e+01,9.297356475523e-01
5.896294814741e+01,9.278458193490e-01
5.897294864743e+01,9.259657511487e-01
5.898294914746e+01,9.240959994931e-01
5.899294964748e+01,9.222371283577e-01
5.900295014751e+01,9.203897089851e-01
5.901295064753e+01,9.185543197002e-01
5.902295114756e+01,9.167315457075e-01
5.903295164758e+01,9.149219788700e-01
5.904295214761e+01,9.131262174687e-01
5.905295264763e+01,9.113448659427e-01
5.906295314766e+01,9.095785346093e-01
5.907295364768e+01,9.078278393629e-01
5.908295414771e+01,9.060934013539e-01
5.909295464773e+01,9.043758466455e-01
5.910295514776e+01,9.026758058489e-01
5.911295564778e+01,9.009939137372e-01
5.912295614781e+01,8.993308088359e-01
5.913295664783e+01,8.976871329924e-01
5.914295714786e+01,8.960635309222e-01
5.915295764788e+01,8.944606497326e-01
5.916295814791e+01,8.928791384246e-01
5.917295864793e+01,8.913196473717e-01
5.918295914796e+01,8.897828277774e-01
5.919295964798e+01,8.882693311098e-01
5.920296014801e+01,8.867798085158e-01
5.921296064803e+01,8.853149102137e-01
5.922296114806e+01,8.838752848658e-01
5.923296164808e+01,8.824615789305e-01
5.924296214811e+01,8.810744359965e-01
5.925296264813e+01,8.797144960981e-01
5.926296314816e+01,8.783823950136e-01
5.927296364818e+01,8.770787635482e-01
5.928296414821e+01,8.758042268013e-01
5.929296464823e+01,8.745594034213e-01
5.930296514826e+01,8.733449048472e-01
5.931296564828e+01,8.721613345410e-01
5.932296614831e+01,8.710092872106e-01
5.933296664833e+01,8.698893480252e-01
5.934296714836e+01,8.688020918267e-01
5.935296764838e+01,8.677480823364e-01
5.936296814841e+01,8.667278713612e-01
5.937296864843e+01,8.657419980008e-01
5.938296914846e+01,8.647909878572e-01
5.939296964848e+01,8.638753522499e-01
5.940297014851e+01,8.629955874388e-01
5.941297064853e+01,8.621521738563e-01
5.942297114856e+01,8.613455753526e-01
5.943297164858e+01,8.605762384548e-01
5.944297214861e+01,8.598445916435e-01
5.945297264863e+01,8.591510446490e-01
5.946297314866e+01,8.584959877691e-01
5.947297364868e+01,8.578797912110e-01
5.948297414871e+01,8.573028044606e-01
5.949297464873e+01,8.567653556795e-01
5.950297514876e+01,8.562677511338e-01
5.951297564878e+01,8.558102746561e-01
5.952297614881e+01,8.553931871423e-01
5.953297664883e+01,8.550167260857e-01
5.954297714886e+01,8.546811051500e-01
5.955297764888e+01,8.543865137832e-01
5.956297814891e+01,8.541331168727e-01
5.957297864893e+01,8.539210544451e-01
5.958297914896e+01,8.537504414093e-01
5.959297964898e+01,8.536213673467e-01
5.960298014901e+01,8.535338963464e-01
5.961298064903e+01,8.534880668892e-01
5.962298114906e+01,8.534838917777e-01
5.963298164908e+01,8.535213581156e-01
5.964298214911e+01,8.536004273343e-01
5.965298264913e+01,8.537210352678e-01
5.966298314916e+01,8.538830922746e-01
5.967298364918e+01,8.540864834076e-01
5.968298414921e+01,8.543310686298e-01
5.969298464923e+01,8.546166830755e-01
5.970298514926e+01,8.549431373564e-01
5.971298564928e+01,8.553102179105e-01
5.972298614931e+01,8.557176873933e-01
5.973298664933e+01,8.561652851089e-01
5.974298714936e+01,8.566527274804e-01
5.975298764938e+01,8.571797085561e-01
5.976298814941e+01,8.577459005517e-01
5.977298864943e+01,8.583509544247e-01
5.978298914946e+01,8.589945004797e-01
5.979298964948e+01,8.596761490024e-01
5.980299014951e+01,8.603954909196e-01
5.981299064953e+01,8.611520984831e-01
5.982299114956e+01,8.619455259752e-01
5.983299164958e+01,8.627753104338e-01
5.984299214961e+01,8.636409723932e-01
5.985299264963e+01,8.645420166403e-01
5.986299314966e+01,8.654779329822e-01
5.987299364968e+01,8.664481970232e-01
5.988299414971e+01,8.674522709496e-01
5.989299464973e+01,8.684896043188e-01
5.990299514976e+01,8.695596348516e-01
5.991299564978e+01,8.706617892249e-01
5.992299614981e+01,8.717954838626e-01
5.993299664983e+01,8.729601257235e-01
5.994299714986e+01,8.741551130832e-01
5.995299764988e+01,8.753798363088e-01
5.996299814991e+01,8.766336786250e-01
5.997299864993e+01,8.779160168689e-01
5.998299914996e+01,8.792262222332e-01
5.999299964998e+01,8.805636609953e-01
6.000300015001e+01,8.819276952322e-01
6.001300065003e+01,8.833176835186e-01
6.002300115006e+01,8.847329816078e-01
6.003300165008e+01,8.861729430957e-01
6.004300215011e+01,8.876369200638e-01
6.005300265013e+01,8.891242637043e-01
6.006300315016e+01,8.906343249235e-01
6.007300365018e+01,8.921664549251e-01
6.008300415021e+01,8.937200057709e-01
6.009300465023e+01,8.952943309213e-01
6.010300515026e+01,8.968887857521e-01
6.011300565028e+01,8.985027280502e-01
6.012300615031e+01,9.001355184862e-01
6.013300665033e+01,9.017865210650e-01
6.014300715036e+01,9.034551035536e-01
6.015300765038e+01,9.051406378873e-01
6.016300815041e+01,9.068425005531e-01
6.017300865043e+01,9.085600729516e-01
6.018300915046e+01,9.102927417376e-01
6.019300965048e+01,9.120398991384e-01
6.020301015051e+01,9.138009432527e-01
6.021301065053e+01,9.155752783279e-01
6.022301115056e+01,9.173623150181e-01
6.023301165058e+01,9.191614706219e-01
6.024301215061e+01,9.209721693022e-01
6.025301265063e+01,9.227938422864e-01
6.026301315066e+01,9.246259280497e-01
6.027301365068e+01,9.264678724803e-01
6.028301415071e+01,9.283191290284e-01
6.029301465073e+01,9.301791588389e-01
6.030301515076e+01,9.320474308683e-01
6.031301565078e+01,9.339234219870e-01
6.032301615081e+01,9.358066170669e-01
6.033301665083e+01,9.376965090561e-01
6.034301715086e+01,9.395925990391e-01
6.035301765088e+01,9.414943962859e-01
6.036301815091e+01,9.434014182886e-01
6.037301865093e+01,9.453131907860e-01
6.038301915096e+01,9.472292477789e-01
6.039301965098e+01,9.491491315339e-01
6.040302015101e+01,9.510723925783e-01
6.041302065103e+01,9.529985896858e-01
6.042302115106e+01,9.549272898534e-01
6.043302165108e+01,9.568580682705e-01
6.044302215111e+01,9.587905082804e-01
6.045302265113e+01,9.607242013348e-01
6.046302315116e+01,9.626587469417e-01
6.047302365118e+01,9.645937526073e-01
6.048302415121e+01,9.665288337716e-01
6.049302465123e+01,9.684636137399e-01
6.050302515126e+01,9.703977236082e-01
6.051302565128e+01,9.723308021854e-01
6.052302615131e+01,9.742624959099e-01
6.053302665133e+01,9.761924587640e-01
6.054302715136e+01,9.781203521839e-01
6.055302765138e+01,9.800458449670e-01
6.056302815141e+01,9.819686131765e-01
6.057302865143e+01,9.838883400433e-01
6.058302915146e+01,9.858047158662e-01
6.059302965148e+01,9.877174379096e-01
6.060303015151e+01,9.896262102999e-01
6.061303065153e+01,9.915307439203e-01
6.062303115156e+01,9.934307563051e-01
6.063303165158e+01,9.953259715316e-01
6.064303215161e+01,9.972161201130e-01
6.065303265163e+01,9.991009388891e-01
6.066303315166e+01,1.000980170918e+00
6.067303365168e+01,1.002853565365e+00
6.068303415171e+01,1.004720877398e+00
6.069303465173e+01,1.006581868071e+00
6.070303515176e+01,1.008436304222e+00
6.071303565178e+01,1.010283958361e+00
6.072303615181e+01,1.012124608560e+00
6.073303665183e+01,1.013958038351e+00
6.074303715186e+01,1.015784036613e+00
6.075303765188e+01,1.017602397468e+00
6.076303815191e+01,1.019412920176e+00
6.077303865193e+01,1.021215409031e+00
6.078303915196e+01,1.023009673255e+00
6.079303965198e+01,1.024795526899e+00
6.080304015201e+01,1.026572788737e+00
6.081304065203e+01,1.028341282169e+00
6.082304115206e+01,1.030100835124e+00
6.083304165208e+01,1.031851279955e+00
6.084304215211e+01,1.033592453350e+00
6.085304265213e+01,1.035324196233e+00
6.086304315216e+01,1.037046353672e+00
6.087304365218e+01,1.038758774783e+00
6.088304415221e+01,1.040461312644e+00
6.089304465223e+01,1.042153824203e+00
6.090304515226e+01,1.043836170187e+00
6.091304565228e+01,1.045508215022e+00
6.092304615231e+01,1.047169826740e+00
6.093304665233e+01,1.048820876903e+00
6.094304715236e+01,1.050461240513e+00
6.095304765238e+01,1.052090795939e+00
6.096304815241e+01,1.053709424829e+00
6.097304865243e+01,1.055317012040e+00
6.098304915246e+01,1.056913445556e+00
6.099304965248e+01,1.058498616419e+00
6.100305015251e+01,1.060072418647e+00
6.101305065253e+01,1.061634749170e+00
6.102305115256e+01,1.063185507755e+00
6.103305165258e+01,1.064724596937e+00
6.104305215261e+01,1.066251921954e+00
6.105305265263e+01,1.067767390676e+00
6.106305315266e+01,1.069270913546e+00
6.107305365268e+01,1.070762403509e+00
6.108305415271e+01,1.072241775957e+00
6.109305465273e+01,1.073708948663e+00
6.110305515276e+01,1.075163841723e+00
6.111305565278e+01,1.076606377497e+00
6.112305615281e+01,1.078036480555e+00
6.113305665283e+01,1.079454077615e+00
6.114305715286e+01,1.080859097495e+00
6.115305765288e+01,1.082251471056e+00
6.116305815291e+01,1.083631131150e+00
6.117305865293e+01,1.084998012570e+00
6.118305915296e+01,1.086352052000e+00
6.119305965298e+01,1.087693187967e+00
6.120306015301e+01,1.089021360790e+00
6.121306065303e+01,1.090336512539e+00
6.122306115306e+01,1.091638586985e+00
6.123306165308e+01,1.092927529560e+00
6.124306215311e+01,1.094203287308e+00
6.125306265313e+01,1.095465808849e+00
6.126306315316e+01,1.096715044334e+00
6.127306365318e+01,1.097950945406e+00
6.128306415321e+01,1.099173465161e+00
6.129306465323e+01,1.100382558108e+00
6.130306515326e+01,1.101578180134e+00
6.131306565328e+01,1.102760288468e+00
6.132306615331e+01,1.103928841640e+00
6.133306665333e+01,1.105083799456e+00
6.134306715336e+01,1.106225122953e+00
6.135306765338e+01,1.107352774375e+00
6.136306815341e+01,1.108466717137e+00
6.137306865343e+01,1.109566915793e+00
6.138306915346e+01,1.110653336008e+00
6.139306965348e+01,1.111725944527e+00
6.140307015351e+01,1.112784709145e+00
6.141307065353e+01,1.113829598679e+00
6.142307115356e+01,1.114860582943e+00
6.143307165358e+01,1.115877632717e+00
6.144307215361e+01,1.116880719726e+00
6.145307265363e+01,1.117869816609e+00
6.146307315366e+01,1.118844896898e+00
6.147307365368e+01,1.119805934992e+00
6.148307415371e+01,1.120752906136e+00
6.149307465373e+01,1.121685786395e+00
6.150307515376e+01,1.122604552632e+00
6.151307565378e+01,1.123509182491e+00
6.152307615381e+01,1.124399654368e+00
6.153307665383e+01,1.125275947398e+00
6.154307715386e+01,1.126138041430e+00
6.155307765388e+01,1.126985917010e+00
6.156307815391e+01,1.127819555362e+00
6.157307865393e+01,1.128638938369e+00
6.158307915396e+01,1.129444048554e+00
6.159307965398e+01,1.130234869067e+00
6.160308015401e+01,1.131011383662e+00
6.161308065403e+01,1.131773576685e+00
6.162308115406e+01,1.132521433057e+00
6.163308165408e+01,1.133254938258e+00
6.164308215411e+01,1.133974078314e+00
6.165308265413e+01,1.134678839778e+00
6.166308315416e+01,1.135369209720e+00
6.167308365418e+01,1.136045175714e+00
6.168308415421e+01,1.136706725819e+00
6.169308465423e+01,1.137353848573e+00
6.170308515426e+01,1.137986532977e+00
6.171308565428e+01,1.138604768480e+00
6.172308615431e+01,1.139208544976e+00
6.173308665433e+01,1.139797852783e+00
6.174308715436e+01,1.140372682637e+00
6.175308765438e+01,1.140933025682e+00
6.176308815441e+01,1.141478873458e+00
6.177308865443e+01,1.142010217890e+00
6.178308915446e+01,1.142527051282e+00
6.179308965448e+01,1.143029366305e+00
6.180309015451e+01,1.143517155988e+00
6.181309065453e+01,1.143990413710e+00
6.182309115456e+01,1.144449133194e+00
6.183309165458e+01,1.144893308496e+00
6.184309215461e+01,1.145322933996e+00
6.185309265463e+01,1.145738004397e+00
6.186309315466e+01,1.146138514711e+00
6.187309365468e+01,1.146524460256e+00
6.188309415471e+01,1.146895836649e+00
6.189309465473e+01,1.147252639799e+00
6.190309515476e+01,1.147594865903e+00
6.191309565478e+01,1.147922511438e+00
6.192309615481e+01,1.148235573155e+00
6.193309665483e+01,1.148534048079e+00
6.194309715486e+01,1.148817933497e+00
6.195309765488e+01,1.149087226960e+00
6.196309815491e+01,1.149341926275e+00
6.197309865493e+01,1.149582029501e+00
6.198309915496e+01,1.149807534947e+00
6.199309965498e+01,1.150018441166e+00
6.200310015501e+01,1.150214746955e+00
6.201310065503e+01,1.150396451349e+00
6.202310115506e+01,1.150563553620e+00
6.203310165508e+01,1.150716053271e+00
6.204310215511e+01,1.150853950041e+00
6.205310265513e+01,1.150977243893e+00
6.206310315516e+01,1.151085935022e+00
6.207310365518e+01,1.151180023846e+00
6.208310415521e+01,1.151259511008e+00
6.209310465523e+01,1.151324397375e+00
6.210310515526e+01,1.151374684035e+00
6.211310565528e+01,1.151410372297e+00
6.212310615531e+01,1.151431463694e+00
6.213310665533e+01,1.151437959978e+00
6.214310715536e+01,1.151429863120e+00
6.215310765538e+01,1.151407175316e+00
6.216310815541e+01,1.151369898981e+00
6.217310865543e+01,1.151318036752e+00
6.218310915546e+01,1.151251591490e+00
6.219310965548e+01,1.151170566281e+00
6.220311015551e+01,1.151074964434e+00
6.221311065553e+01,1.150964789487e+00
6.222311115556e+01,1.150840045208e+00
6.223311165558e+01,1.150700735593e+00
6.224311215561e+01,1.150546864875e+00
6.225311265563e+01,1.150378437519e+00
6.226311315566e+01,1.150195458232e+00
6.227311365568e+01,1.149997931961e+00
6.228311415571e+01,1.149785863897e+00
6.229311465573e+01,1.149559259482e+00
6.230311515576e+01,1.149318124407e+00
6.231311565578e+01,1.149062464622e+00
6.232311615581e+01,1.148792286334e+00
6.233311665583e+01,1.148507596018e+00
6.234311715586e+01,1.148208400415e+00
6.235311765588e+01,1.147894706543e+00
6.236311815591e+01,1.147566521699e+00
6.237311865593e+01,1.147223853464e+00
6.238311915596e+01,1.146866709710e+00
6.239311965598e+01,1.146495098607e+00
6.240312015601e+01,1.146109028628e+00
6.241312065603e+01,1.145708508553e+00
6.242312115606e+01,1.145293547482e+00
6.243312165608e+01,1.144864154836e+00
6.244312215611e+01,1.144420340368e+00
6.245312265613e+01,1.143962114170e+00
6.246312315616e+01,1.143489486679e+00
6.247312365618e+01,1.143002468689e+00
6.248312415621e+01,1.142501071356e+00
6.249312465623e+01,1.141985306209e+00
6.250312515626e+01,1.141455185158e+00
6.251312565628e+01,1.140910720505e+00
6.252312615631e+01,1.140351924951e+00
6.253312665633e+01,1.139778811611e+00
6.254312715636e+01,1.139191394018e+00
6.255312765638e+01,1.138589686141e+00
6.256312815641e+01,1.137973702389e+00
6.257312865643e+01,1.137343457630e+00
6.258312915646e+01,1.136698967196e+00
6.259312965648e+01,1.136040246899e+00
6.260313015651e+01,1.135367313044e+00
6.261313065653e+01,1.134680182441e+00
6.262313115656e+01,1.133978872417e+00
6.263313165658e+01,1.133263400831e+00
6.264313215661e+01,1.132533786091e+00
6.265313265663e+01,1.131790047164e+00
6.266313315666e+01,1.131032203594e+00
6.267313365668e+01,1.130260275515e+00
6.268313415671e+01,1.129474283670e+00
6.269313465673e+01,1.128674249426e+00
6.270313515676e+01,1.127860194789e+00
6.271313565678e+01,1.127032142425e+00
6.272313615681e+01,1.126190115675e+00
6.273313665683e+01,1.125334138573e+00
6.274313715686e+01,1.124464235865e+00
6.275313765688e+01,1.123580433032e+00
6.276313815691e+01,1.122682756303e+00
6.277313865693e+01,1.121771232682e+00
6.278313915696e+01,1.120845889962e+00
6.279313965698e+01,1.119906756753e+00
6.280314015701e+01,1.118953862500e+00
6.281314065703e+01,1.117987237505e+00
6.282314115706e+01,1.117006912954e+00
6.283314165708e+01,1.116012920936e+00
6.284314215711e+01,1.115005294468e+00
6.285314265713e+01,1.113984067525e+00
6.286314315716e+01,1.112949275057e+00
6.287314365718e+01,1.111900953024e+00
6.288314415721e+01,1.110839138415e+00
6.289314465723e+01,1.109763869280e+00
6.290314515726e+01,1.108675184758e+00
6.291314565728e+01,1.107573125103e+00
6.292314615731e+01,1.106457731718e+00
6.293314665733e+01,1.105329047178e+00
6.294314715736e+01,1.104187115271e+00
6.295314765738e+01,1.103031981021e+00
6.296314815741e+01,1.101863690723e+00
6.297314865743e+01,1.100682291980e+00
6.298314915746e+01,1.099487833731e+00
6.299314965748e+01,1.098280366290e+00
6.300315015751e+01,1.097059941383e+00
6.301315065753e+01,1.095826612178e+00
6.302315115756e+01,1.094580433329e+00
6.303315165758e+01,1.093321461012e+00
6.304315215761e+01,1.092049752962e+00
6.305315265763e+01,1.090765368516e+00
6.306315315766e+01,1.089468368653e+00
6.307315365768e+01,1.088158816035e+00
6.308315415771e+01,1.086836775051e+00
6.309315465773e+01,1.085502311859e+00
6.310315515776e+01,1.084155494435e+00
6.311315565778e+01,1.082796392611e+00
6.312315615781e+01,1.081425078131e+00
6.313315665783e+01,1.080041624690e+00
6.314315715786e+01,1.078646107990e+00
6.315315765788e+01,1.077238605784e+00
6.316315815791e+01,1.075819197932e+00
6.317315865793e+01,1.074387966448e+00
6.318315915796e+01,1.072944995556e+00
6.319315965798e+01,1.071490371746e+00
6.320316015801e+01,1.070024183822e+00
6.321316065803e+01,1.068546522968e+00
6.322316115806e+01,1.067057482796e+00
6.323316165808e+01,1.065557159412e+00
6.324316215811e+01,1.064045651471e+00
6.325316265813e+01,1.062523060241e+00
6.326316315816e+01,1.060989489662e+00
6.327316365818e+01,1.059445046412e+00
6.328316415821e+01,1.057889839970e+00
6.329316465823e+01,1.056323982682e+00
6.330316515826e+01,1.054747589825e+00
6.331316565828e+01,1.053160779681e+00
6.332316615831e+01,1.051563673599e+00
6.333316665833e+01,1.049956396071e+00
6.334316715836e+01,1.048339074801e+00
6.335316765838e+01,1.046711840775e+00
6.336316815841e+01,1.045074828339e+00
6.337316865843e+01,1.043428175272e+00
6.338316915846e+01,1.041772022862e+00
6.339316965848e+01,1.040106515984e+00
6.340317015851e+01,1.038431803175e+00
6.341317065853e+01,1.036748036718e+00
6.342317115856e+01,1.035055372718e+00
6.343317165858e+01,1.033353971188e+00
6.344317215861e+01,1.031643996125e+00
6.345317265863e+01,1.029925615599e+00
6.346317315866e+01,1.028199001835e+00
6.347317365868e+01,1.026464331298e+00
6.348317415871e+01,1.024721784779e+00
6.349317465873e+01,1.022971547482e+00
6.350317515876e+01,1.021213809111e+00
6.351317565878e+01,1.019448763958e+00
6.352317615881e+01,1.017676610993e+00
6.353317665883e+01,1.015897553952e+00
6.354317715886e+01,1.014111801426e+00
6.355317765888e+01,1.012319566953e+00
6.356317815891e+01,1.010521069108e+00
6.357317865893e+01,1.008716531591e+00
6.358317915896e+01,1.006906183322e+00
6.359317965898e+01,1.005090258528e+00
6.360318015901e+01,1.003268996833e+00
6.361318065903e+01,1.001442643354e+00
6.362318115906e+01,9.996114487823e-01
6.363318165908e+01,9.977756694805e-01
6.364318215911e+01,9.959355675662e-01
6.365318265913e+01,9.940914110018e-01
6.366318315916e+01,9.922434736807e-01
6.367318365918e+01,9.903920355131e-01
6.368318415921e+01,9.885373825103e-01
6.369318465923e+01,9.866798068668e-01
6.370318515926e+01,9.848196070419e-01
6.371318565928e+01,9.829570878380e-01
6.372318615931e+01,9.810925604774e-01
6.373318665933e+01,9.792263426768e-01
6.374318715936e+01,9.773587587183e-01
6.375318765938e+01,9.754901395184e-01
6.376318815941e+01,9.736208226927e-01
6.377318865943e+01,9.717511526184e-01
6.378318915946e+01,9.698814804916e-01
6.379318965948e+01,9.680121643812e-01
6.380319015951e+01,9.661435692786e-01
6.381319065953e+01,9.642760671417e-01
6.382319115956e+01,9.624100369347e-01
6.383319165958e+01,9.605458646620e-01
6.384319215961e+01,9.586839433958e-01
6.385319265963e+01,9.568246732988e-01
6.386319315966e+01,9.549684616385e-01
6.387319365968e+01,9.531157227958e-01
6.388319415971e+01,9.512668782660e-01
6.389319465973e+01,9.494223566510e-01
6.390319515976e+01,9.475825936445e-01
6.391319565978e+01,9.457480320078e-01
6.392319615981e+01,9.439191215361e-01
6.393319665983e+01,9.420963190160e-01
6.394319715986e+01,9.402800881726e-01
6.395319765988e+01,9.384708996057e-01
6.396319815991e+01,9.366692307153e-01
6.397319865993e+01,9.348755656159e-01
6.398319915996e+01,9.330903950387e-01
6.399319965998e+01,9.313142162209e-01
6.400320016001e+01,9.295475327829e-01
6.401320066003e+01,9.277908545921e-01
6.402320116006e+01,9.260446976123e-01
6.403320166008e+01,9.243095837398e-01
6.404320216011e+01,9.225860406243e-01
6.405320266013e+01,9.208746014751e-01
6.406320316016e+01,9.191758048516e-01
6.407320366018e+01,9.174901944383e-01
6.408320416021e+01,9.158183188039e-01
6.409320466023e+01,9.141607311429e-01
6.410320516026e+01,9.125179890018e-01
6.411320566028e+01,9.108906539874e-01
6.412320616031e+01,9.092792914584e-01
6.413320666033e+01,9.076844701986e-01
6.414320716036e+01,9.061067620742e-01
6.415320766038e+01,9.045467416713e-01
6.416320816041e+01,9.030049859177e-01
6.417320866043e+01,9.014820736852e-01
6.418320916046e+01,8.999785853756e-01
6.419320966048e+01,8.984951024880e-01
6.420321016051e+01,8.970322071692e-01
6.421321066053e+01,8.955904817470e-01
6.422321116056e+01,8.941705082459e-01
6.423321166058e+01,8.927728678872e-01
6.424321216061e+01,8.913981405722e-01
6.425321266063e+01,8.900469043500e-01
6.426321316066e+01,8.887197348704e-01
6.427321366068e+01,8.874172048223e-01
6.428321416071e+01,8.861398833588e-01
6.429321466073e+01,8.848883355089e-01
6.430321516076e+01,8.836631215777e-01
6.431321566078e+01,8.824647965357e-01
6.432321616081e+01,8.812939093983e-01
6.433321666083e+01,8.801510025959e-01
6.434321716086e+01,8.790366113379e-01
6.435321766088e+01,8.779512629687e-01
6.436321816091e+01,8.768954763205e-01
6.437321866093e+01,8.758697610617e-01
6.438321916096e+01,8.748746170436e-01
6.439321966098e+01,8.739105336470e-01
6.440322016101e+01,8.729779891299e-01
6.441322066103e+01,8.720774499780e-01
6.442322116106e+01,8.712093702602e-01
6.443322166108e+01,8.703741909903e-01
6.444322216111e+01,8.695723394967e-01
6.445322266113e+01,8.688042288026e-01
6.446322316116e+01,8.680702570175e-01
6.447322366118e+01,8.673708067427e-01
6.448322416121e+01,8.667062444921e-01
6.449322466123e+01,8.660769201305e-01
6.450322516126e+01,8.654831663308e-01
6.451322566128e+01,8.649252980519e-01
6.452322616131e+01,8.644036120396e-01
6.453322666133e+01,8.639183863517e-01
6.454322716136e+01,8.634698799086e-01
6.455322766138e+01,8.630583320716e-01
6.456322816141e+01,8.626839622503e-01
6.457322866143e+01,8.623469695399e-01
6.458322916146e+01,8.620475323903e-01
6.459322966148e+01,8.617858083085e-01
6.460323016151e+01,8.615619335934e-01
6.461323066153e+01,8.613760231074e-01
6.462323116156e+01,8.612281700822e-01
6.463323166158e+01,8.611184459615e-01
6.464323216161e+01,8.610469002811e-01
6.465323266163e+01,8.610135605855e-01
6.466323316166e+01,8.610184323832e-01
6.467323366168e+01,8.610614991394e-01
6.468323416171e+01,8.611427223066e-01
6.469323466173e+01,8.612620413935e-01
6.470323516176e+01,8.614193740707e-01
6.471323566178e+01,8.616146163143e-01
6.472323616181e+01,8.618476425858e-01
6.473323666183e+01,8.621183060476e-01
6.474323716186e+01,8.624264388147e-01
6.475323766188e+01,8.627718522391e-01
6.476323816191e+01,8.631543372289e-01
6.477323866193e+01,8.635736645984e-01
6.478323916196e+01,8.640295854495e-01
6.479323966198e+01,8.645218315820e-01
6.480324016201e+01,8.650501159324e-01
6.481324066203e+01,8.656141330391e-01
6.482324116206e+01,8.662135595318e-01
6.483324166208e+01,8.668480546449e-01
6.484324216211e+01,8.675172607517e-01
6.485324266213e+01,8.682208039190e-01
6.486324316216e+01,8.689582944786e-01
6.487324366218e+01,8.697293276165e-01
6.488324416221e+01,8.705334839745e-01
6.489324466223e+01,8.713703302660e-01
6.490324516226e+01,8.722394199012e-01
6.491324566228e+01,8.731402936219e-01
6.492324616231e+01,8.740724801430e-01
6.493324666233e+01,8.750354967992e-01
6.494324716236e+01,8.760288501957e-01
6.495324766238e+01,8.770520368605e-01
6.496324816241e+01,8.781045438966e-01
6.497324866243e+01,8.791858496335e-01
6.498324916246e+01,8.802954242756e-01
6.499324966248e+01,8.814327305462e-01
6.500325016251e+01,8.825972243254e-01
6.501325066253e+01,8.837883552824e-01
6.502325116256e+01,8.850055674975e-01
6.503325166258e+01,8.862483000765e-01
6.504325216261e+01,8.875159877535e-01
6.505325266263e+01,8.888080614826e-01
6.506325316266e+01,8.901239490173e-01
6.507325366268e+01,8.914630754759e-01
6.508325416271e+01,8.928248638937e-01
6.509325466273e+01,8.942087357599e-01
6.510325516276e+01,8.956141115397e-01
6.511325566278e+01,8.970404111793e-01
6.512325616281e+01,8.984870545960e-01
6.513325666283e+01,8.999534621509e-01
6.514325716286e+01,9.014390551040e-01
6.515325766288e+01,9.029432560530e-01
6.516325816291e+01,9.044654893539e-01
6.517325866293e+01,9.060051815241e-01
6.518325916296e+01,9.075617616278e-01
6.519325966298e+01,9.091346616441e-01
6.520326016301e+01,9.107233168165e-01
6.521326066303e+01,9.123271659861e-01
6.522326116306e+01,9.139456519057e-01
6.523326166308e+01,9.155782215386e-01
6.524326216311e+01,9.172243263385e-01
6.525326266313e+01,9.188834225138e-01
6.526326316316e+01,9.205549712747e-01
6.527326366318e+01,9.222384390649e-01
6.528326416321e+01,9.239332977764e-01
6.529326466323e+01,9.256390249495e-01
6.530326516326e+01,9.273551039577e-01
6.531326566328e+01,9.290810241773e-01
6.532326616331e+01,9.308162811434e-01
6.533326666333e+01,9.325603766917e-01
6.534326716336e+01,9.343128190867e-01
6.535326766338e+01,9.360731231374e-01
6.536326816341e+01,9.378408102999e-01
6.537326866343e+01,9.396154087687e-01
6.538326916346e+01,9.413964535553e-01
6.539326966348e+01,9.431834865570e-01
6.540327016351e+01,9.449760566138e-01
6.541327066353e+01,9.467737195559e-01
6.542327116356e+01,9.485760382409e-01
6.543327166358e+01,9.503825825822e-01
6.544327216361e+01,9.521929295683e-01
6.545327266363e+01,9.540066632732e-01
6.546327316366e+01,9.558233748597e-01
6.547327366368e+01,9.576426625746e-01
6.548327416371e+01,9.594641317366e-01
6.549327466373e+01,9.612873947176e-01
6.550327516376e+01,9.631120709182e-01
6.551327566378e+01,9.649377867358e-01
6.552327616381e+01,9.667641755289e-01
6.553327666383e+01,9.685908775744e-01
6.554327716386e+01,9.704175400213e-01
6.555327766388e+01,9.722438168390e-01
6.556327816391e+01,9.740693687620e-01
6.557327866393e+01,9.758938632299e-01
6.558327916396e+01,9.777169743246e-01
6.559327966398e+01,9.795383827032e-01
6.560328016401e+01,9.813577755289e-01
6.561328066403e+01,9.831748463984e-01
6.562328116406e+01,9.849892952666e-01
6.563328166408e+01,9.868008283696e-01
6.564328216411e+01,9.886091581451e-01
6.565328266413e+01,9.904140031513e-01
6.566328316416e+01,9.922150879840e-01
6.567328366418e+01,9.940121431919e-01
6.568328416421e+01,9.958049051915e-01
6.569328466423e+01,9.975931161799e-01
6.570328516426e+01,9.993765240477e-01
6.571328566428e+01,1.001154882290e+00
6.572328616431e+01,1.002927949919e+00
6.573328666433e+01,1.004695491371e+00
6.574328716436e+01,1.006457276421e+00
6.575328766438e+01,1.008213080091e+00
6.576328816441e+01,1.009962682559e+00
6.577328866443e+01,1.011705869070e+00
6.578328916446e+01,1.013442429847e+00
6.579328966448e+01,1.015172159998e+00
6.580329016451e+01,1.016894859433e+00
6.581329066453e+01,1.018610332768e+00
6.582329116456e+01,1.020318389243e+00
6.583329166458e+01,1.022018842629e+00
6.584329216461e+01,1.023711511145e+00
6.585329266463e+01,1.025396217368e+00
6.586329316466e+01,1.027072788151e+00
6.587329366468e+01,1.028741054536e+00
6.588329416471e+01,1.030400851668e+00
6.589329466473e+01,1.032052018716e+00
6.590329516476e+01,1.033694398790e+00
6.591329566478e+01,1.035327838856e+00
6.592329616481e+01,1.036952189660e+00
6.593329666483e+01,1.038567305647e+00
6.594329716486e+01,1.040173044884e+00
6.595329766488e+01,1.041769268980e+00
6.596329816491e+01,1.043355843015e+00
6.597329866493e+01,1.044932635459e+00
6.598329916496e+01,1.046499518105e+00
6.599329966498e+01,1.048056365990e+00
6.600330016501e+01,1.049603057329e+00
6.601330066503e+01,1.051139473442e+00
6.602330116506e+01,1.052665498685e+00
6.603330166508e+01,1.054181020380e+00
6.604330216511e+01,1.055685928756e+00
6.605330266513e+01,1.057180116872e+00
6.606330316516e+01,1.058663480563e+00
6.607330366518e+01,1.060135918371e+00
6.608330416521e+01,1.061597331483e+00
6.609330466523e+01,1.063047623673e+00
6.610330516526e+01,1.064486701240e+00
6.611330566528e+01,1.065914472949e+00
6.612330616531e+01,1.067330849976e+00
6.613330666533e+01,1.068735745848e+00
6.614330716536e+01,1.070129076391e+00
6.615330766538e+01,1.071510759674e+00
6.616330816541e+01,1.072880715956e+00
6.617330866543e+01,1.074238867635e+00
6.618330916546e+01,1.075585139197e+00
6.619330966548e+01,1.076919457164e+00
6.620331016551e+01,1.078241750048e+00
6.621331066553e+01,1.079551948302e+00
6.622331116556e+01,1.080849984271e+00
6.623331166558e+01,1.082135792152e+00
6.624331216561e+01,1.083409307943e+00
6.625331266563e+01,1.084670469402e+00
6.626331316566e+01,1.085919216005e+00
6.627331366568e+01,1.087155488902e+00
6.628331416571e+01,1.088379230877e+00
6.629331466573e+01,1.089590386308e+00
6.630331516576e+01,1.090788901130e+00
6.631331566578e+01,1.091974722790e+00
6.632331616581e+01,1.093147800219e+00
6.633331666583e+01,1.094308083787e+00
6.634331716586e+01,1.095455525272e+00
6.635331766588e+01,1.096590077824e+00
6.636331816591e+01,1.097711695931e+00
6.637331866593e+01,1.098820335386e+00
6.638331916596e+01,1.099915953253e+00
6.639331966598e+01,1.100998507837e+00
6.640332016601e+01,1.102067958652e+00
6.641332066603e+01,1.103124266392e+00
6.642332116606e+01,1.104167392900e+00
6.643332166608e+01,1.105197301140e+00
6.644332216611e+01,1.106213955169e+00
6.645332266613e+01,1.107217320109e+00
6.646332316616e+01,1.108207362121e+00
6.647332366618e+01,1.109184048378e+00
6.648332416621e+01,1.110147347042e+00
6.649332466623e+01,1.111097227235e+00
6.650332516626e+01,1.112033659018e+00
6.651332566628e+01,1.112956613367e+00
6.652332616631e+01,1.113866062150e+00
6.653332666633e+01,1.114761978102e+00
6.654332716636e+01,1.115644334810e+00
6.655332766638e+01,1.116513106682e+00
6.656332816641e+01,1.117368268934e+00
6.657332866643e+01,1.118209797569e+00
6.658332916646e+01,1.119037669353e+00
6.659332966648e+01,1.119851861800e+00
6.660333016651e+01,1.120652353151e+00
6.661333066653e+01,1.121439122359e+00
6.662333116656e+01,1.122212149068e+00
6.663333166658e+01,1.122971413596e+00
6.664333216661e+01,1.123716896922e+00
6.665333266663e+01,1.124448580666e+00
6.666333316666e+01,1.125166447076e+00
6.667333366668e+01,1.125870479009e+00
6.668333416671e+01,1.126560659920e+00
6.669333466673e+01,1.127236973846e+00
6.670333516676e+01,1.127899405392e+00
6.671333566678e+01,1.128547939718e+00
6.672333616681e+01,1.129182562522e+00
6.673333666683e+01,1.129803260035e+00
6.674333716686e+01,1.130410019001e+00
6.675333766688e+01,1.131002826668e+00
6.676333816691e+01,1.131581670778e+00
6.677333866693e+01,1.132146539553e+00
6.678333916696e+01,1.132697421683e+00
6.679333966698e+01,1.133234306320e+00
6.680334016701e+01,1.133757183064e+00
6.681334066703e+01,1.134266041956e+00
6.682334116706e+01,1.134760873463e+00
6.683334166708e+01,1.135241668476e+00
6.684334216711e+01,1.135708418296e+00
6.685334266713e+01,1.136161114626e+00
6.686334316716e+01,1.136599749566e+00
6.687334366718e+01,1.137024315601e+00
6.688334416721e+01,1.137434805594e+00
6.689334466723e+01,1.137831212782e+00
6.690334516726e+01,1.138213530766e+00
6.691334566728e+01,1.138581753503e+00
6.692334616731e+01,1.138935875304e+00
6.693334666733e+01,1.139275890823e+00
6.694334716736e+01,1.139601795054e+00
6.695334766738e+01,1.139913583324e+00
6.696334816741e+01,1.140211251289e+00
6.697334866743e+01,1.140494794928e+00
6.698334916746e+01,1.140764210537e+00
6.699334966748e+01,1.141019494726e+00
6.700335016751e+01,1.141260644416e+00
6.701335066753e+01,1.141487656831e+00
6.702335116756e+01,1.141700529497e+00
6.703335166758e+01,1.141899260238e+00
6.704335216761e+01,1.142083847174e+00
6.705335266763e+01,1.142254288714e+00
6.706335316766e+01,1.142410583558e+00
6.707335366768e+01,1.142552730689e+00
6.708335416771e+01,1.142680729378e+00
6.709335466773e+01,1.142794579175e+00
6.710335516776e+01,1.142894279909e+00
6.711335566778e+01,1.142979831691e+00
6.712335616781e+01,1.143051234905e+00
6.713335666783e+01,1.143108490213e+00
6.714335716786e+01,1.143151598552e+00
6.715335766788e+01,1.143180561132e+00
6.716335816791e+01,1.143195379437e+00
6.717335866793e+01,1.143196055226e+00
6.718335916796e+01,1.143182590531e+00
6.719335966798e+01,1.143154987656e+00
6.720336016801e+01,1.143113249183e+00
6.721336066803e+01,1.143057377967e+00
6.722336116806e+01,1.142987377139e+00
6.723336166808e+01,1.142903250109e+00
6.724336216811e+01,1.142805000564e+00
6.725336266813e+01,1.142692632474e+00
6.726336316816e+01,1.142566150088e+00
6.727336366818e+01,1.142425557943e+00
6.728336416821e+01,1.142270860861e+00
6.729336466823e+01,1.142102063954e+00
6.730336516826e+01,1.141919172627e+00
6.731336566828e+01,1.141722192580e+00
6.732336616831e+01,1.141511129814e+00
6.733336666833e+01,1.141285990629e+00
6.734336716836e+01,1.141046781634e+00
6.735336766838e+01,1.140793509748e+00
6.736336816841e+01,1.140526182205e+00
6.737336866843e+01,1.140244806558e+00
6.738336916846e+01,1.139949390685e+00
6.739336966848e+01,1.139639942792e+00
6.740337016851e+01,1.139316471422e+00
6.741337066853e+01,1.138978985457e+00
6.742337116856e+01,1.138627494126e+00
6.743337166858e+01,1.138262007009e+00
6.744337216861e+01,1.137882534047e+00
6.745337266863e+01,1.137489085546e+00
6.746337316866e+01,1.137081672185e+00
6.747337366868e+01,1.136660305021e+00
6.748337416871e+01,1.136224995502e+00
6.749337466873e+01,1.135775755467e+00
6.750337516876e+01,1.135312597164e+00
6.751337566878e+01,1.134835533247e+00
6.752337616881e+01,1.134344576796e+00
6.753337666883e+01,1.133839741317e+00
6.754337716886e+01,1.133321040758e+00
6.755337766888e+01,1.132788489513e+00
6.756337816891e+01,1.132242102438e+00
6.757337866893e+01,1.131681894856e+00
6.758337916896e+01,1.131107882571e+00
6.759337966898e+01,1.130520081878e+00
6.760338016901e+01,1.129918509572e+00
6.761338066903e+01,1.129303182966e+00
6.762338116906e+01,1.128674119895e+00
6.763338166908e+01,1.128031338735e+00
6.764338216911e+01,1.127374858413e+00
6.765338266913e+01,1.126704698420e+00
6.766338316916e+01,1.126020878824e+00
6.767338366918e+01,1.125323420287e+00
6.768338416921e+01,1.124612344075e+00
6.769338466923e+01,1.123887672077e+00
6.770338516926e+01,1.123149426817e+00
6.771338566928e+01,1.122397631471e+00
6.772338616931e+01,1.121632309882e+00
6.773338666933e+01,1.120853486578e+00
6.774338716936e+01,1.120061186787e+00
6.775338766938e+01,1.119255436457e+00
6.776338816941e+01,1.118436262269e+00
6.777338866943e+01,1.117603691662e+00
6.778338916946e+01,1.116757752844e+00
6.779338966948e+01,1.115898474819e+00
6.780339016951e+01,1.115025887400e+00
6.781339066953e+01,1.114140021232e+00
6.782339116956e+01,1.113240907814e+00
6.783339166958e+01,1.112328579519e+00
6.784339216961e+01,1.111403069615e+00
6.785339266963e+01,1.110464412288e+00
6.786339316966e+01,1.109512642663e+00
6.787339366968e+01,1.108547796832e+00
6.788339416971e+01,1.107569911874e+00
6.789339466973e+01,1.106579025880e+00
6.790339516976e+01,1.105575177979e+00
6.791339566978e+01,1.104558408363e+00
6.792339616981e+01,1.103528758315e+00
6.793339666983e+01,1.102486270235e+00
6.794339716986e+01,1.101430987664e+00
6.795339766988e+01,1.100362955320e+00
6.796339816991e+01,1.099282219120e+00
6.797339866993e+01,1.098188826212e+00
6.798339916996e+01,1.097082825007e+00
6.799339966998e+01,1.095964265206e+00
6.800340017001e+01,1.094833197835e+00
6.801340067003e+01,1.093689675276e+00
6.802340117006e+01,1.092533751301e+00
6.803340167008e+01,1.091365481104e+00
6.804340217011e+01,1.090184921337e+00
6.805340267013e+01,1.088992130144e+00
6.806340317016e+01,1.087787167201e+00
6.807340367018e+01,1.086570093746e+00
6.808340417021e+01,1.085340972624e+00
6.809340467023e+01,1.084099868319e+00
6.810340517026e+01,1.082846846997e+00
6.811340567028e+01,1.081581976547e+00
6.812340617031e+01,1.080305326618e+00
6.813340667033e+01,1.079016968665e+00
6.814340717036e+01,1.077716975987e+00
6.815340767038e+01,1.076405423776e+00
6.816340817041e+01,1.075082389157e+00
6.817340867043e+01,1.073747951235e+00
6.818340917046e+01,1.072402191140e+00
6.819340967048e+01,1.071045192075e+00
6.820341017051e+01,1.069677039366e+00
6.821341067053e+01,1.068297820505e+00
6.822341117056e+01,1.066907625207e+00
6.823341167058e+01,1.065506545454e+00
6.824341217061e+01,1.064094675552e+00
6.825341267063e+01,1.062672112179e+00
6.826341317066e+01,1.061238954444e+00
6.827341367068e+01,1.059795303935e+00
6.828341417071e+01,1.058341264779e+00
6.829341467073e+01,1.056876943697e+00
6.830341517076e+01,1.055402450060e+00
6.831341567078e+01,1.053917895951e+00
6.832341617081e+01,1.052423396217e+00
6.833341667083e+01,1.050919068538e+00
6.834341717086e+01,1.049405033481e+00
6.835341767088e+01,1.047881414564e+00
6.836341817091e+01,1.046348338321e+00
6.837341867093e+01,1.044805934362e+00
6.838341917096e+01,1.043254335440e+00
6.839341967098e+01,1.041693677517e+00
6.840342017101e+01,1.040124099827e+00
6.841342067103e+01,1.038545744946e+00
6.842342117106e+01,1.036958758861e+00
6.843342167108e+01,1.035363291033e+00
6.844342217111e+01,1.033759494474e+00
6.845342267113e+01,1.032147525811e+00
6.846342317116e+01,1.030527545360e+00
6.847342367118e+01,1.028899717197e+00
6.848342417121e+01,1.027264209229e+00
6.849342467123e+01,1.025621193268e+00
6.850342517126e+01,1.023970845104e+00
6.851342567128e+01,1.022313344579e+00
6.852342617131e+01,1.020648875657e+00
6.853342667133e+01,1.018977626506e+00
6.854342717136e+01,1.017299789567e+00
6.855342767138e+01,1.015615561629e+00
6.856342817141e+01,1.013925143907e+00
6.857342867143e+01,1.012228742117e+00
6.858342917146e+01,1.010526566546e+00
6.859342967148e+01,1.008818832135e+00
6.860343017151e+01,1.007105758546e+00
6.861343067153e+01,1.005387570243e+00
6.862343117156e+01,1.003664496562e+00
6.863343167158e+01,1.001936771785e+00
6.864343217161e+01,1.000204635216e+00
6.865343267163e+01,9.984683312484e-01
6.866343317166e+01,9.967281094410e-01
6.867343367168e+01,9.949842245851e-01
6.868343417171e+01,9.932369367745e-01
6.869343467173e+01,9.914865114733e-01
6.870343517176e+01,9.897332195821e-01
6.871343567178e+01,9.879773375025e-01
6.872343617181e+01,9.862191471995e-01
6.873343667183e+01,9.844589362625e-01
6.874343717186e+01,9.826969979632e-01
6.875343767188e+01,9.809336313120e-01
6.876343817191e+01,9.791691411111e-01
6.877343867193e+01,9.774038380047e-01
6.878343917196e+01,9.756380385265e-01
6.879343967198e+01,9.738720651434e-01
6.880344017201e+01,9.721062462961e-01
6.881344067203e+01,9.703409164356e-01
6.882344117206e+01,9.685764160551e-01
6.883344167208e+01,9.668130917184e-01
6.884344217211e+01,9.650512960833e-01
6.885344267213e+01,9.632913879195e-01
6.886344317216e+01,9.615337321218e-01
6.887344367218e+01,9.597786997179e-01
6.888344417221e+01,9.580266678698e-01
6.889344467223e+01,9.562780198691e-01
6.890344517226e+01,9.545331451261e-01
6.891344567228e+01,9.527924391518e-01
6.892344617231e+01,9.510563035325e-01
6.893344667233e+01,9.493251458975e-01
6.894344717236e+01,9.475993798782e-01
6.895344767238e+01,9.458794250591e-01
6.896344817241e+01,9.441657069208e-01
6.897344867243e+01,9.424586567732e-01
6.898344917246e+01,9.407587116800e-01
6.899344967248e+01,9.390663143732e-01
6.900345017251e+01,9.373819131579e-01
6.901345067253e+01,9.357059618063e-01
6.902345117256e+01,9.340389194413e-01
6.903345167258e+01,9.323812504092e-01
6.904345217261e+01,9.307334241406e-01
6.905345267263e+01,9.290959149995e-01
6.906345317266e+01,9.274692021215e-01
6.907345367268e+01,9.258537692379e-01
6.908345417271e+01,9.242501044890e-01
6.909345467273e+01,9.226587002229e-01
6.910345517276e+01,9.210800527827e-01
6.911345567278e+01,9.195146622791e-01
6.912345617281e+01,9.179630323503e-01
6.913345667283e+01,9.164256699077e-01
6.914345717286e+01,9.149030848679e-01
6.915345767288e+01,9.133957898708e-01
6.916345817291e+01,9.119042999832e-01
6.917345867293e+01,9.104291323890e-01
6.918345917296e+01,9.089708060642e-01
6.919345967298e+01,9.075298414389e-01
6.920346017301e+01,9.061067600444e-01
6.921346067303e+01,9.047020841465e-01
6.922346117306e+01,9.033163363654e-01
6.923346167308e+01,9.019500392816e-01
6.924346217311e+01,9.006037150281e-01
6.925346267313e+01,8.992778848707e-01
6.926346317316e+01,8.979730687741e-01
6.927346367318e+01,8.966897849572e-01
6.928346417321e+01,8.954285494354e-01
6.929346467323e+01,8.941898755519e-01
6.930346517326e+01,8.929742734993e-01
6.931346567328e+01,8.917822498292e-01
6.932346617331e+01,8.906143069545e-01
6.933346667333e+01,8.894709426415e-01
6.934346717336e+01,8.883526494952e-01
6.935346767338e+01,8.872599144370e-01
6.936346817341e+01,8.861932181771e-01
6.937346867343e+01,8.851530346816e-01
6.938346917346e+01,8.841398306353e-01
6.939346967348e+01,8.831540649023e-01
6.940347017351e+01,8.821961879845e-01
6.941347067353e+01,8.812666414797e-01
6.942347117356e+01,8.803658575405e-01
6.943347167358e+01,8.794942583349e-01
6.944347217361e+01,8.786522555104e-01
6.945347267363e+01,8.778402496630e-01
6.946347317366e+01,8.770586298115e-01
6.947347367368e+01,8.763077728797e-01
6.948347417371e+01,8.755880431874e-01
6.949347467373e+01,8.748997919510e-01
6.950347517376e+01,8.742433567962e-01
6.951347567378e+01,8.736190612833e-01
6.952347617381e+01,8.730272144473e-01
6.953347667383e+01,8.724681103531e-01
6.954347717386e+01,8.719420276681e-01
6.955347767388e+01,8.714492292531e-01
6.956347817391e+01,8.709899617729e-01
6.957347867393e+01,8.705644553277e-01
6.958347917396e+01,8.701729231066e-01
6.959347967398e+01,8.698155610639e-01
6.960348017401e+01,8.694925476205e-01
6.961348067403e+01,8.692040433896e-01
6.962348117406e+01,8.689501909289e-01
6.963348167408e+01,8.687311145199e-01
6.964348217411e+01,8.685469199749e-01
6.965348267413e+01,8.683976944719e-01
6.966348317416e+01,8.682835064191e-01
6.967348367418e+01,8.682044053481e-01
6.968348417421e+01,8.681604218377e-01
6.969348467423e+01,8.681515674668e-01
6.970348517426e+01,8.681778347983e-01
6.971348567428e+01,8.682391973927e-01
6.972348617431e+01,8.683356098521e-01
6.973348667433e+01,8.684670078941e-01
6.974348717436e+01,8.686333084559e-01
6.975348767438e+01,8.688344098271e-01
6.976348817441e+01,8.690701918123e-01
6.977348867443e+01,8.693405159211e-01
6.978348917446e+01,8.696452255870e-01
6.979348967448e+01,8.699841464124e-01
6.980349017451e+01,8.703570864400e-01
6.981349067453e+01,8.707638364499e-01
6.982349117456e+01,8.712041702802e-01
6.983349167458e+01,8.716778451718e-01
6.984349217461e+01,8.721846021344e-01
6.985349267463e+01,8.727241663338e-01
6.986349317466e+01,8.732962474995e-01
6.987349367468e+01,8.739005403494e-01
6.988349417471e+01,8.745367250329e-01
6.989349467473e+01,8.752044675894e-01
6.990349517476e+01,8.759034204206e-01
6.991349567478e+01,8.766332227768e-01
6.992349617481e+01,8.773935012544e-01
6.993349667483e+01,8.781838703034e-01
6.994349717486e+01,8.790039327440e-01
6.995349767488e+01,8.798532802908e-01
6.996349817491e+01,8.807314940829e-01
6.997349867493e+01,8.816381452186e-01
6.998349917496e+01,8.825727952937e-01
6.999349967498e+01,8.835349969418e-01
7.000350017501e+01,8.845242943754e-01
7.001350067503e+01,8.855402239266e-01
7.002350117506e+01,8.865823145861e-01
7.003350167508e+01,8.876500885396e-01
7.004350217511e+01,8.887430617006e-01
7.005350267513e+01,8.898607442372e-01
7.006350317516e+01,8.910026410947e-01
7.007350367518e+01,8.921682525099e-01
7.008350417521e+01,8.933570745184e-01
7.009350467523e+01,8.945685994536e-01
7.010350517526e+01,8.958023164357e-01
7.011350567528e+01,8.970577118511e-01
7.012350617531e+01,8.983342698217e-01
7.013350667533e+01,8.996314726616e-01
7.014350717536e+01,9.009488013239e-01
7.015350767538e+01,9.022857358333e-01
7.016350817541e+01,9.036417557078e-01
7.017350867543e+01,9.050163403664e-01
7.018350917546e+01,9.064089695235e-01
7.019350967548e+01,9.078191235706e-01
7.020351017551e+01,9.092462839430e-01
7.021351067553e+01,9.106899334736e-01
7.022351117556e+01,9.121495567323e-01
7.023351167558e+01,9.136246403512e-01
7.024351217561e+01,9.151146733357e-01
7.025351267563e+01,9.166191473618e-01
7.026351317566e+01,9.181375570590e-01
7.027351367568e+01,9.196694002793e-01
7.028351417571e+01,9.212141783527e-01
7.029351467573e+01,9.227713963281e-01
7.030351517576e+01,9.243405632021e-01
7.031351567578e+01,9.259211921329e-01
7.032351617581e+01,9.275128006424e-01
7.033351667583e+01,9.291149108046e-01
7.034351717586e+01,9.307270494218e-01
7.035351767588e+01,9.323487481885e-01
7.036351817591e+01,9.339795438432e-01
7.037351867593e+01,9.356189783085e-01
7.038351917596e+01,9.372665988195e-01
7.039351967598e+01,9.389219580421e-01
7.040352017601e+01,9.405846141795e-01
7.041352067603e+01,9.422541310691e-01
7.042352117606e+01,9.439300782686e-01
7.043352167608e+01,9.456120311337e-01
7.044352217611e+01,9.472995708849e-01
7.045352267613e+01,9.489922846666e-01
7.046352317616e+01,9.506897655971e-01
7.047352367618e+01,9.523916128104e-01
7.048352417621e+01,9.540974314899e-01
7.049352467623e+01,9.558068328946e-01
7.050352517626e+01,9.575194343789e-01
7.051352567628e+01,9.592348594041e-01
7.052352617631e+01,9.609527375444e-01
7.053352667633e+01,9.626727044863e-01
7.054352717636e+01,9.643944020222e-01
7.055352767638e+01,9.661174780386e-01
7.056352817641e+01,9.678415864984e-01
7.057352867643e+01,9.695663874189e-01
7.058352917646e+01,9.712915468449e-01
7.059352967648e+01,9.730167368170e-01
7.060353017651e+01,9.747416353364e-01
7.061353067653e+01,9.764659263256e-01
7.062353117656e+01,9.781892995850e-01
7.063353167658e+01,9.799114507468e-01
7.064353217661e+01,9.816320812258e-01
7.065353267663e+01,9.833508981662e-01
7.066353317666e+01,9.850676143875e-01
7.067353367668e+01,9.867819483262e-01
7.068353417671e+01,9.884936239765e-01
7.069353467673e+01,9.902023708282e-01
7.070353517676e+01,9.919079238030e-01
7.071353567678e+01,9.936100231891e-01
7.072353617681e+01,9.953084145745e-01
7.073353667683e+01,9.970028487780e-01
7.074353717686e+01,9.986930817804e-01
7.075353767688e+01,1.000378874654e+00
7.076353817691e+01,1.002059993489e+00
7.077353867693e+01,1.003736209326e+00
7.078353917696e+01,1.005407298076e+00
7.079353967698e+01,1.007073040455e+00
7.080354017701e+01,1.008733221904e+00
7.081354067703e+01,1.010387632516e+00
7.082354117706e+01,1.012036066963e+00
7.083354167708e+01,1.013678324421e+00
7.084354217711e+01,1.015314208496e+00
7.085354267713e+01,1.016943527147e+00
7.086354317716e+01,1.018566092614e+00
7.087354367718e+01,1.020181721343e+00
7.088354417721e+01,1.021790233912e+00
7.089354467723e+01,1.023391454958e+00
7.090354517726e+01,1.024985213102e+00
7.091354567728e+01,1.026571340878e+00
7.092354617731e+01,1.028149674663e+00
7.093354667733e+01,1.029720054598e+00
7.094354717736e+01,1.031282324525e+00
7.095354767738e+01,1.032836331912e+00
7.096354817741e+01,1.034381927785e+00
7.097354867743e+01,1.035918966657e+00
7.098354917746e+01,1.037447306463e+00
7.099354967748e+01,1.038966808488e+00
7.100355017751e+01,1.040477337305e+00
7.101355067753e+01,1.041978760707e+00
7.102355117756e+01,1.043470949639e+00
7.103355167758e+01,1.044953778139e+00
7.104355217761e+01,1.046427123271e+00
7.105355267763e+01,1.047890865065e+00
7.106355317766e+01,1.049344886452e+00
7.107355367768e+01,1.050789073208e+00
7.108355417771e+01,1.052223313889e+00
7.109355467773e+01,1.053647499776e+00
7.110355517776e+01,1.055061524817e+00
7.111355567778e+01,1.056465285568e+00
7.112355617781e+01,1.057858681138e+00
7.113355667783e+01,1.059241613133e+00
7.114355717786e+01,1.060613985604e+00
7.115355767788e+01,1.061975704992e+00
7.116355817791e+01,1.063326680076e+00
7.117355867793e+01,1.064666821922e+00
7.118355917796e+01,1.065996043833e+00
7.119355967798e+01,1.067314261297e+00
7.120356017801e+01,1.068621391943e+00
7.121356067803e+01,1.069917355487e+00
7.122356117806e+01,1.071202073692e+00
7.123356167808e+01,1.072475470316e+00
7.124356217811e+01,1.073737471073e+00
7.125356267813e+01,1.074988003584e+00
7.126356317816e+01,1.076226997335e+00
7.127356367818e+01,1.077454383635e+00
7.128356417821e+01,1.078670095577e+00
7.129356467823e+01,1.079874067991e+00
7.130356517826e+01,1.081066237412e+00
7.131356567828e+01,1.082246542033e+00
7.132356617831e+01,1.083414921675e+00
7.133356667833e+01,1.084571317740e+00
7.134356717836e+01,1.085715673186e+00
7.135356767838e+01,1.086847932479e+00
7.136356817841e+01,1.087968041567e+00
7.137356867843e+01,1.089075947841e+00
7.138356917846e+01,1.090171600104e+00
7.139356967848e+01,1.091254948536e+00
7.140357017851e+01,1.092325944663e+00
7.141357067853e+01,1.093384541326e+00
7.142357117856e+01,1.094430692648e+00
7.143357167858e+01,1.095464354009e+00
7.144357217861e+01,1.096485482009e+00
7.145357267863e+01,1.097494034447e+00
7.146357317866e+01,1.098489970290e+00
7.147357367868e+01,1.099473249641e+00
7.148357417871e+01,1.100443833722e+00
7.149357467873e+01,1.101401684840e+00
7.150357517876e+01,1.102346766362e+00
7.151357567878e+01,1.103279042695e+00
7.152357617881e+01,1.104198479258e+00
7.153357667883e+01,1.105105042459e+00
7.154357717886e+01,1.105998699672e+00
7.155357767888e+01,1.106879419213e+00
7.156357817891e+01,1.107747170321e+00
7.157357867893e+01,1.108601923134e+00
7.158357917896e+01,1.109443648670e+00
7.159357967898e+01,1.110272318803e+00
7.160358017901e+01,1.111087906247e+00
7.161358067903e+01,1.111890384536e+00
7.162358117906e+01,1.112679728002e+00
7.163358167908e+01,1.113455911760e+00
7.164358217911e+01,1.114218911689e+00
7.165358267913e+01,1.114968704413e+00
7.166358317916e+01,1.115705267286e+00
7.167358367918e+01,1.116428578375e+00
7.168358417921e+01,1.117138616442e+00
7.169358467923e+01,1.117835360931e+00
7.170358517926e+01,1.118518791952e+00
7.171358567928e+01,1.119188890264e+00
7.172358617931e+01,1.119845637263e+00
7.173358667933e+01,1.120489014968e+00
7.174358717936e+01,1.121119006004e+00
7.175358767938e+01,1.121735593594e+00
7.176358817941e+01,1.122338761542e+00
7.177358867943e+01,1.122928494223e+00
7.178358917946e+01,1.123504776567e+00
7.179358967948e+01,1.124067594054e+00
7.180359017951e+01,1.124616932695e+00
7.181359067953e+01,1.125152779027e+00
7.182359117956e+01,1.125675120100e+00
7.183359167958e+01,1.126183943465e+00
7.184359217961e+01,1.126679237167e+00
7.185359267963e+01,1.127160989733e+00
7.186359317966e+01,1.127629190163e+00
7.187359367968e+01,1.128083827924e+00
7.188359417971e+01,1.128524892935e+00
7.189359467973e+01,1.128952375567e+00
7.190359517976e+01,1.129366266627e+00
7.191359567978e+01,1.129766557355e+00
7.192359617981e+01,1.130153239413e+00
7.193359667983e+01,1.130526304882e+00
7.194359717986e+01,1.130885746253e+00
7.195359767988e+01,1.131231556420e+00
7.196359817991e+01,1.131563728672e+00
7.197359867993e+01,1.131882256691e+00
7.198359917996e+01,1.132187134545e+00
7.199359967998e+01,1.132478356678e+00
7.200360018001e+01,1.132755917912e+00
7.201360068003e+01,1.133019813438e+00
7.202360118006e+01,1.133270038809e+00
7.203360168008e+01,1.133506589940e+00
7.204360218011e+01,1.133729463104e+00
7.205360268013e+01,1.133938654923e+00
7.206360318016e+01,1.134134162369e+00
7.207360368018e+01,1.134315982759e+00
7.208360418021e+01,1.134484113751e+00
7.209360468023e+01,1.134638553344e+00
7.210360518026e+01,1.134779299871e+00
7.211360568028e+01,1.134906352001e+00
7.212360618031e+01,1.135019708732e+00
7.213360668033e+01,1.135119369394e+00
7.214360718036e+01,1.135205333645e+00
7.215360768038e+01,1.135277601467e+00
7.216360818041e+01,1.135336173171e+00
7.217360868043e+01,1.135381049390e+00
7.218360918046e+01,1.135412231080e+00
7.219360968048e+01,1.135429719523e+00
7.220361018051e+01,1.135433516320e+00
7.221361068053e+01,1.135423623399e+00
7.222361118056e+01,1.135400043007e+00
7.223361168058e+01,1.135362777716e+00
7.224361218061e+01,1.135311830424e+00
7.225361268063e+01,1.135247204350e+00
7.226361318066e+01,1.135168903042e+00
7.227361368068e+01,1.135076930376e+00
7.228361418071e+01,1.134971290554e+00
7.229361468073e+01,1.134851988111e+00
7.230361518076e+01,1.134719027915e+00
7.231361568078e+01,1.134572415170e+00
7.232361618081e+01,1.134412155416e+00
7.233361668083e+01,1.134238254535e+00
7.234361718086e+01,1.134050718752e+00
7.235361768088e+01,1.133849554641e+00
7.236361818091e+01,1.133634769124e+00
7.237361868093e+01,1.133406369479e+00
7.238361918096e+01,1.133164363342e+00
7.239361968098e+01,1.132908758712e+00
7.240362018101e+01,1.132639563955e+00
7.241362068103e+01,1.132356787809e+00
7.242362118106e+01,1.132060439390e+00
7.243362168108e+01,1.131750528195e+00
7.244362218111e+01,1.131427064110e+00
7.245362268113e+01,1.131090057414e+00
7.246362318116e+01,1.130739518788e+00
7.247362368118e+01,1.130375459316e+00
7.248362418121e+01,1.129997890498e+00
7.249362468123e+01,1.129606824253e+00
7.250362518126e+01,1.129202272925e+00
7.251362568128e+01,1.128784249297e+00
7.252362618131e+01,1.128352766590e+00
7.253362668133e+01,1.127907838477e+00
7.254362718136e+01,1.127449479092e+00
7.255362768138e+01,1.126977703032e+00
7.256362818141e+01,1.126492525375e+00
7.257362868143e+01,1.125993961681e+00
7.258362918146e+01,1.125482028008e+00
7.259362968148e+01,1.124956740917e+00
7.260363018151e+01,1.124418117485e+00
7.261363068153e+01,1.123866175317e+00
7.262363118156e+01,1.123300932550e+00
7.263363168158e+01,1.122722407874e+00
7.264363218161e+01,1.122130620536e+00
7.265363268163e+01,1.121525590353e+00
7.266363318166e+01,1.120907337729e+00
7.267363368168e+01,1.120275883661e+00
7.268363418171e+01,1.119631249757e+00
7.269363468173e+01,1.118973458247e+00
7.270363518176e+01,1.118302531996e+00
7.271363568178e+01,1.117618494521e+00
7.272363618181e+01,1.116921370001e+00
7.273363668183e+01,1.116211183298e+00
7.274363718186e+01,1.115487959966e+00
7.275363768188e+01,1.114751726269e+00
7.276363818191e+01,1.114002509200e+00
7.277363868193e+01,1.113240336492e+00
7.278363918196e+01,1.112465236639e+00
7.279363968198e+01,1.111677238912e+00
7.280364018201e+01,1.110876373377e+00
7.281364068203e+01,1.110062670913e+00
7.282364118206e+01,1.109236163230e+00
7.283364168208e+01,1.108396882890e+00
7.284364218211e+01,1.107544863323e+00
7.285364268213e+01,1.106680138853e+00
7.286364318216e+01,1.105802744712e+00
7.287364368218e+01,1.104912717065e+00
7.288364418221e+01,1.104010093032e+00
7.289364468223e+01,1.103094910708e+00
7.290364518226e+01,1.102167209183e+00
7.291364568228e+01,1.101227028574e+00
7.292364618231e+01,1.100274410040e+00
7.293364668233e+01,1.099309395808e+00
7.294364718236e+01,1.098332029201e+00
7.295364768238e+01,1.097342354660e+00
7.296364818241e+01,1.096340417773e+00
7.297364868243e+01,1.095326265297e+00
7.298364918246e+01,1.094299945188e+00
7.299364968248e+01,1.093261506631e+00
7.300365018251e+01,1.092211000061e+00
7.301365068253e+01,1.091148477200e+00
7.302365118256e+01,1.090073991079e+00
7.303365168258e+01,1.088987596075e+00
7.304365218261e+01,1.087889347937e+00
7.305365268263e+01,1.086779303819e+00
7.306365318266e+01,1.085657522311e+00
7.307365368268e+01,1.084524063474e+00
7.308365418271e+01,1.083378988871e+00
7.309365468273e+01,1.082222361601e+00
7.310365518276e+01,1.081054246336e+00
7.311365568278e+01,1.079874709354e+00
7.312365618281e+01,1.078683818578e+00
7.313365668283e+01,1.077481643607e+00
7.314365718286e+01,1.076268255762e+00
7.315365768288e+01,1.075043728116e+00
7.316365818291e+01,1.073808135539e+00
7.317365868293e+01,1.072561554734e+00
7.318365918296e+01,1.071304064280e+00
7.319365968298e+01,1.070035744670e+00
7.320366018301e+01,1.068756678356e+00
7.321366068303e+01,1.067466949793e+00
7.322366118306e+01,1.066166645475e+00
7.323366168308e+01,1.064855853989e+00
7.324366218311e+01,1.063534666051e+00
7.325366268313e+01,1.062203174561e+00
7.326366318316e+01,1.060861474639e+00
7.327366368318e+01,1.059509663682e+00
7.328366418321e+01,1.058147841404e+00
7.329366468323e+01,1.056776109891e+00
7.330366518326e+01,1.055394573647e+00
7.331366568328e+01,1.054003339645e+00
7.332366618331e+01,1.052602517378e+00
7.333366668333e+01,1.051192218911e+00
7.334366718336e+01,1.049772558933e+00
7.335366768338e+01,1.048343654811e+00
7.336366818341e+01,1.046905626644e+00
7.337366868343e+01,1.045458597316e+00
7.338366918346e+01,1.044002692551e+00
7.339366968348e+01,1.042538040974e+00
7.340367018351e+01,1.041064774159e+00
7.341367068353e+01,1.039583026695e+00
7.342367118356e+01,1.038092936238e+00
7.343367168358e+01,1.036594643571e+00
7.344367218361e+01,1.035088292664e+00
7.345367268363e+01,1.033574030731e+00
7.346367318366e+01,1.032052008295e+00
7.347367368368e+01,1.030522379242e+00
7.348367418371e+01,1.028985300887e+00
7.349367468373e+01,1.027440934032e+00
7.350367518376e+01,1.025889443029e+00
7.351367568378e+01,1.024330995843e+00
7.352367618381e+01,1.022765764113e+00
7.353367668383e+01,1.021193923214e+00
7.354367718386e+01,1.019615652320e+00
7.355367768388e+01,1.018031134467e+00
7.356367818391e+01,1.016440556615e+00
7.357367868393e+01,1.014844109713e+00
7.358367918396e+01,1.013241988757e+00
7.359367968398e+01,1.011634392857e+00
7.360368018401e+01,1.010021525296e+00
7.361368068403e+01,1.008403593592e+00
7.362368118406e+01,1.006780809562e+00
7.363368168408e+01,1.005153389380e+00
7.364368218411e+01,1.003521553638e+00
7.365368268413e+01,1.001885527406e+00
7.366368318416e+01,1.000245540290e+00
7.367368368418e+01,9.986018264881e-01
7.368368418421e+01,9.969546248514e-01
7.369368468423e+01,9.953041789348e-01
7.370368518426e+01,9.936507370534e-01
7.371368568428e+01,9.919945523345e-01
7.372368618431e+01,9.903358827686e-01
7.373368668433e+01,9.886749912585e-01
7.374368718436e+01,9.870121456666e-01
7.375368768438e+01,9.853476188604e-01
7.376368818441e+01,9.836816887547e-01
7.377368868443e+01,9.820146383528e-01
7.378368918446e+01,9.803467557841e-01
7.379368968448e+01,9.786783343391e-01
7.380369018451e+01,9.770096725018e-01
7.381369068453e+01,9.753410739782e-01
7.382369118456e+01,9.736728477223e-01
7.383369168458e+01,9.720053079574e-01
7.384369218461e+01,9.703387741947e-01
7.385369268463e+01,9.686735712468e-01
7.386369318466e+01,9.670100292379e-01
7.387369368468e+01,9.653484836084e-01
7.388369418471e+01,9.636892751157e-01
7.389369468473e+01,9.620327498292e-01
7.390369518476e+01,9.603792591207e-01
7.391369568478e+01,9.587291596486e-01
7.392369618481e+01,9.570828133367e-01
7.393369668483e+01,9.554405873471e-01
7.394369718486e+01,9.538028540460e-01
7.395369768488e+01,9.521699909638e-01
7.396369818491e+01,9.505423807479e-01
7.397369868493e+01,9.489204111080e-01
7.398369918496e+01,9.473044747548e-01
7.399369968498e+01,9.456949693299e-01
7.400370018501e+01,9.440922973291e-01
7.401370068503e+01,9.424968660160e-01
7.402370118506e+01,9.409090873280e-01
7.403370168508e+01,9.393293777735e-01
7.404370218511e+01,9.377581583193e-01
7.405370268513e+01,9.361958542698e-01
7.406370318516e+01,9.346428951357e-01
7.407370368518e+01,9.330997144934e-01
7.408370418521e+01,9.315667498343e-01
7.409370468523e+01,9.300444424040e-01
7.410370518526e+01,9.285332370308e-01
7.411370568528e+01,9.270335819440e-01
7.412370618531e+01,9.255459285809e-01
7.413370668533e+01,9.240707313832e-01
7.414370718536e+01,9.226084475826e-01
7.415370768538e+01,9.211595369745e-01
7.416370818541e+01,9.197244616813e-01
7.417370868543e+01,9.183036859036e-01
7.418370918546e+01,9.168976756605e-01
7.419370968548e+01,9.155068985185e-01
7.420371018551e+01,9.141318233086e-01
7.421371068553e+01,9.127729198329e-01
7.422371118556e+01,9.114306585592e-01
7.423371168558e+01,9.101055103048e-01
7.424371218561e+01,9.087979459096e-01
7.425371268563e+01,9.075084358976e-01
7.426371318566e+01,9.062374501292e-01
7.427371368568e+01,9.049854574419e-01
7.428371418571e+01,9.037529252815e-01
7.429371468573e+01,9.025403193243e-01
7.430371518576e+01,9.013481030890e-01
7.431371568578e+01,9.001767375408e-01
7.432371618581e+01,8.990266806862e-01
7.433371668583e+01,8.978983871609e-01
7.434371718586e+01,8.967923078103e-01
7.435371768588e+01,8.957088892627e-01
7.436371818591e+01,8.946485734972e-01
7.437371868593e+01,8.936117974065e-01
7.438371918596e+01,8.925989923543e-01
7.439371968598e+01,8.916105837301e-01
7.440372018601e+01,8.906469905000e-01
7.441372068603e+01,8.897086247559e-01
7.442372118606e+01,8.887958912638e-01
7.443372168608e+01,8.879091870114e-01
7.444372218611e+01,8.870489007566e-01
7.445372268613e+01,8.862154125773e-01
7.446372318616e+01,8.854090934247e-01
7.447372368618e+01,8.846303046797e-01
7.448372418621e+01,8.838793977141e-01
7.449372468623e+01,8.831567134577e-01
7.450372518626e+01,8.824625819727e-01
7.451372568628e+01,8.817973220354e-01
7.452372618631e+01,8.811612407277e-01
7.453372668633e+01,8.805546330382e-01
7.454372718636e+01,8.799777814747e-01
7.455372768638e+01,8.794309556892e-01
7.456372818641e+01,8.789144121162e-01
7.457372868643e+01,8.784283936248e-01
7.458372918646e+01,8.779731291871e-01
7.459372968648e+01,8.775488335624e-01
7.460373018651e+01,8.771557069986e-01
7.461373068653e+01,8.767939349517e-01
7.462373118656e+01,8.764636878250e-01
7.463373168658e+01,8.761651207272e-01
7.464373218661e+01,8.758983732514e-01
7.465373268663e+01,8.756635692756e-01
7.466373318666e+01,8.754608167847e-01
7.467373368668e+01,8.752902077148e-01
7.468373418671e+01,8.751518178209e-01
7.469373468673e+01,8.750457065673e-01
7.470373518676e+01,8.749719170424e-01
7.471373568678e+01,8.749304758965e-01
7.472373618681e+01,8.749213933046e-01
7.473373668683e+01,8.749446629529e-01
7.474373718686e+01,8.750002620499e-01
7.475373768688e+01,8.750881513616e-01
7.476373818691e+01,8.752082752710e-01
7.477373868693e+01,8.753605618612e-01
7.478373918696e+01,8.755449230225e-01
7.479373968698e+01,8.757612545829e-01
7.480374018701e+01,8.760094364615e-01
7.481374068703e+01,8.762893328435e-01
7.482374118706e+01,8.766007923787e-01
7.483374168708e+01,8.769436483997e-01
7.484374218711e+01,8.773177191620e-01
7.485374268713e+01,8.777228081024e-01
7.486374318716e+01,8.781587041181e-01
7.487374368718e+01,8.786251818630e-01
7.488374418721e+01,8.791220020614e-01
7.489374468723e+01,8.796489118386e-01
7.490374518726e+01,8.802056450664e-01
7.491374568728e+01,8.807919227233e-01
7.492374618731e+01,8.814074532678e-01
7.493374668733e+01,8.820519330247e-01
7.494374718736e+01,8.827250465824e-01
7.495374768738e+01,8.834264671998e-01
7.496374818741e+01,8.841558572234e-01
7.497374868743e+01,8.849128685120e-01
7.498374918746e+01,8.856971428680e-01
7.499374968748e+01,8.865083124756e-01
7.500375018751e+01,8.873460003428e-01
7.501375068753e+01,8.882098207477e-01
7.502375118756e+01,8.890993796878e-01
7.503375168758e+01,8.900142753308e-01
7.504375218761e+01,8.909540984658e-01
7.505375268763e+01,8.919184329553e-01
7.506375318766e+01,8.929068561848e-01
7.507375368768e+01,8.939189395119e-01
7.508375418771e+01,8.949542487111e-01
7.509375468773e+01,8.960123444160e-01
7.510375518776e+01,8.970927825565e-01
7.511375568778e+01,8.981951147907e-01
7.512375618781e+01,8.993188889317e-01
7.513375668783e+01,9.004636493668e-01
7.514375718786e+01,9.016289374703e-01
7.515375768788e+01,9.028142920083e-01
7.516375818791e+01,9.040192495351e-01
7.517375868793e+01,9.052433447814e-01
7.518375918796e+01,9.064861110328e-01
7.519375968798e+01,9.077470804985e-01
7.520376018801e+01,9.090257846713e-01
7.521376068803e+01,9.103217546761e-01
7.522376118806e+01,9.116345216083e-01
7.523376168808e+01,9.129636168618e-01
7.524376218811e+01,9.143085724459e-01
7.525376268813e+01,9.156689212909e-01
7.526376318816e+01,9.170441975426e-01
7.527376368818e+01,9.184339368461e-01
7.528376418821e+01,9.198376766172e-01
7.529376468823e+01,9.212549563035e-01
7.530376518826e+01,9.226853176335e-01
7.531376568828e+01,9.241283048549e-01
7.532376618831e+01,9.255834649610e-01
7.533376668833e+01,9.270503479065e-01
7.534376718836e+01,9.285285068123e-01
7.535376768838e+01,9.300174981589e-01
7.536376818841e+01,9.315168819695e-01
7.537376868843e+01,9.330262219823e-01
7.538376918846e+01,9.345450858125e-01
7.539376968848e+01,9.360730451037e-01
7.540377018851e+01,9.376096756702e-01
7.541377068853e+01,9.391545576286e-01
7.542377118856e+01,9.407072755201e-01
7.543377168858e+01,9.422674184240e-01
7.544377218861e+01,9.438345800616e-01
7.545377268863e+01,9.454083588913e-01
7.546377318866e+01,9.469883581959e-01
7.547377368868e+01,9.485741861605e-01
7.548377418871e+01,9.501654559435e-01
7.549377468873e+01,9.517617857394e-01
7.550377518876e+01,9.533627988339e-01
7.551377568878e+01,9.549681236523e-01
7.552377618881e+01,9.565773938010e-01
7.553377668883e+01,9.581902481017e-01
7.554377718886e+01,9.598063306205e-01
7.555377768888e+01,9.614252906894e-01
7.556377818891e+01,9.630467829235e-01
7.557377868893e+01,9.646704672314e-01
7.558377918896e+01,9.662960088209e-01
7.559377968898e+01,9.679230781998e-01
7.560378018901e+01,9.695513511715e-01
7.561378068903e+01,9.711805088263e-01
7.562378118906e+01,9.728102375283e-01
7.563378168908e+01,9.744402288983e-01
7.564378218911e+01,9.760701797926e-01
7.565378268913e+01,9.776997922787e-01
7.566378318916e+01,9.793287736067e-01
7.567378368918e+01,9.809568361787e-01
7.568378418921e+01,9.825836975140e-01
7.569378468923e+01,9.842090802122e-01
7.570378518926e+01,9.858327119134e-01
7.571378568928e+01,9.874543252562e-01
7.572378618931e+01,9.890736578330e-01
7.573378668933e+01,9.906904521438e-01
7.574378718936e+01,9.923044555474e-01
7.575378768938e+01,9.939154202114e-01
7.576378818941e+01,9.955231030601e-01
7.577378868943e+01,9.971272657214e-01
7.578378918946e+01,9.987276744719e-01
7.579378968948e+01,1.000324100181e+00
7.580379018951e+01,1.001916318254e+00
7.581379068953e+01,1.003504108574e+00
7.582379118956e+01,1.005087255443e+00
7.583379168958e+01,1.006665547523e+00
7.584379218961e+01,1.008238777774e+00
7.585379268963e+01,1.009806743396e+00
7.586379318966e+01,1.011369245766e+00
7.587379368968e+01,1.012926090374e+00
7.588379418971e+01,1.014477086768e+00
7.589379468973e+01,1.016022048485e+00
7.590379518976e+01,1.017560792992e+00
7.591379568978e+01,1.019093141625e+00
7.592379618981e+01,1.020618919523e+00
7.593379668983e+01,1.022137955570e+00
7.594379718986e+01,1.023650082330e+00
7.595379768988e+01,1.025155135987e+00
7.596379818991e+01,1.026652956284e+00
7.597379868993e+01,1.028143386457e+00
7.598379918996e+01,1.029626273182e+00
7.599379968998e+01,1.031101466507e+00
7.600380019001e+01,1.032568819799e+00
7.601380069003e+01,1.034028189675e+00
7.602380119006e+01,1.035479435955e+00
7.603380169008e+01,1.036922421590e+00
7.604380219011e+01,1.038357012617e+00
7.605380269013e+01,1.039783078090e+00
7.606380319016e+01,1.041200490033e+00
7.607380369018e+01,1.042609123375e+00
7.608380419021e+01,1.044008855902e+00
7.609380469023e+01,1.045399568196e+00
7.610380519026e+01,1.046781143585e+00
7.611380569028e+01,1.048153468086e+00
7.612380619031e+01,1.049516430355e+00
7.613380669033e+01,1.050869921633e+00
7.614380719036e+01,1.052213835697e+00
7.615380769038e+01,1.053548068804e+00
7.616380819041e+01,1.054872519647e+00
7.617380869043e+01,1.056187089303e+00
7.618380919046e+01,1.057491681184e+00
7.619380969048e+01,1.058786200990e+00
7.620381019051e+01,1.060070556664e+00
7.621381069053e+01,1.061344658341e+00
7.622381119056e+01,1.062608418307e+00
7.623381169058e+01,1.063861750951e+00
7.624381219061e+01,1.065104572726e+00
7.625381269063e+01,1.066336802099e+00
7.626381319066e+01,1.067558359514e+00
7.627381369068e+01,1.068769167348e+00
7.628381419071e+01,1.069969149869e+00
7.629381469073e+01,1.071158233200e+00
7.630381519076e+01,1.072336345275e+00
7.631381569078e+01,1.073503415801e+00
7.632381619081e+01,1.074659376222e+00
7.633381669083e+01,1.075804159681e+00
7.634381719086e+01,1.076937700984e+00
7.635381769088e+01,1.078059936560e+00
7.636381819091e+01,1.079170804431e+00
7.637381869093e+01,1.080270244176e+00
7.638381919096e+01,1.081358196896e+00
7.639381969098e+01,1.082434605182e+00
7.640382019101e+01,1.083499413080e+00
7.641382069103e+01,1.084552566065e+00
7.642382119106e+01,1.085594011003e+00
7.643382169108e+01,1.086623696125e+00
7.644382219111e+01,1.087641570995e+00
7.645382269113e+01,1.088647586484e+00
7.646382319116e+01,1.089641694736e+00
7.647382369118e+01,1.090623849144e+00
7.648382419121e+01,1.091594004323e+00
7.649382469123e+01,1.092552116079e+00
7.650382519126e+01,1.093498141388e+00
7.651382569128e+01,1.094432038366e+00
7.652382619131e+01,1.095353766249e+00
7.653382669133e+01,1.096263285361e+00
7.654382719136e+01,1.097160557099e+00
7.655382769138e+01,1.098045543901e+00
7.656382819141e+01,1.098918209229e+00
7.657382869143e+01,1.099778517545e+00
7.658382919146e+01,1.100626434289e+00
7.659382969148e+01,1.101461925856e+00
7.660383019151e+01,1.102284959580e+00
7.661383069153e+01,1.103095503707e+00
7.662383119156e+01,1.103893527380e+00
7.663383169158e+01,1.104679000620e+00
7.664383219161e+01,1.105451894303e+00
7.665383269163e+01,1.106212180145e+00
7.666383319166e+01,1.106959830683e+00
7.667383369168e+01,1.107694819259e+00
7.668383419171e+01,1.108417119998e+00
7.669383469173e+01,1.109126707799e+00
7.670383519176e+01,1.109823558311e+00
7.671383569178e+01,1.110507647924e+00
7.672383619181e+01,1.111178953747e+00
7.673383669183e+01,1.111837453600e+00
7.674383719186e+01,1.112483125993e+00
7.675383769188e+01,1.113115950116e+00
7.676383819191e+01,1.113735905825e+00
7.677383869193e+01,1.114342973626e+00
7.678383919196e+01,1.114937134664e+00
7.679383969198e+01,1.115518370710e+00
7.680384019201e+01,1.116086664148e+00
7.681384069203e+01,1.116641997964e+00
7.682384119206e+01,1.117184355734e+00
7.683384169208e+01,1.117713721612e+00
7.684384219211e+01,1.118230080323e+00
7.685384269213e+01,1.118733417144e+00
7.686384319216e+01,1.119223717905e+00
7.687384369218e+01,1.119700968967e+00
7.688384419221e+01,1.120165157224e+00
7.689384469223e+01,1.120616270086e+00
7.690384519226e+01,1.121054295471e+00
7.691384569228e+01,1.121479221800e+00
7.692384619231e+01,1.121891037986e+00
7.693384669233e+01,1.122289733425e+00
7.694384719236e+01,1.122675297991e+00
7.695384769238e+01,1.123047722027e+00
7.696384819241e+01,1.123406996337e+00
7.697384869243e+01,1.123753112182e+00
7.698384919246e+01,1.124086061268e+00
7.699384969248e+01,1.124405835748e+00
7.700385019251e+01,1.124712428208e+00
7.701385069253e+01,1.125005831664e+00
7.702385119256e+01,1.125286039560e+00
7.703385169258e+01,1.125553045757e+00
7.704385219261e+01,1.125806844532e+00
7.705385269263e+01,1.126047430571e+00
7.706385319266e+01,1.126274798967e+00
7.707385369268e+01,1.126488945214e+00
7.708385419271e+01,1.126689865202e+00
7.709385469273e+01,1.126877555217e+00
7.710385519276e+01,1.127052011934e+00
7.711385569278e+01,1.127213232416e+00
7.712385619281e+01,1.127361214111e+00
7.713385669283e+01,1.127495954846e+00
7.714385719286e+01,1.127617452831e+00
7.715385769288e+01,1.127725706648e+00
7.716385819291e+01,1.127820715260e+00
7.717385869293e+01,1.127902477999e+00
7.718385919296e+01,1.127970994570e+00
7.719385969298e+01,1.128026265050e+00
7.720386019301e+01,1.128068289883e+00
7.721386069303e+01,1.128097069884e+00
7.722386119306e+01,1.128112606237e+00
7.723386169308e+01,1.128114900491e+00
7.724386219311e+01,1.128103954567e+00
7.725386269313e+01,1.128079770751e+00
7.726386319316e+01,1.128042351700e+00
7.727386369318e+01,1.127991700438e+00
7.728386419321e+01,1.127927820361e+00
7.729386469323e+01,1.127850715237e+00
7.730386519326e+01,1.127760389204e+00
7.731386569328e+01,1.127656846777e+00
7.732386619331e+01,1.127540092847e+00
7.733386669333e+01,1.127410132680e+00
7.734386719336e+01,1.127266971928e+00
7.735386769338e+01,1.127110616621e+00
7.736386819341e+01,1.126941073179e+00
7.737386869343e+01,1.126758348408e+00
7.738386919346e+01,1.126562449509e+00
7.739386969348e+01,1.126353384076e+00
7.740387019351e+01,1.126131160104e+00
7.741387069353e+01,1.125895785992e+00
7.742387119356e+01,1.125647270548e+00
7.743387169358e+01,1.125385622989e+00
7.744387219361e+01,1.125110852952e+00
7.745387269363e+01,1.124822970496e+00
7.746387319366e+01,1.124521986106e+00
7.747387369368e+01,1.124207910702e+00
7.748387419371e+01,1.123880755641e+00
7.749387469373e+01,1.123540532728e+00
7.750387519376e+01,1.123187254216e+00
7.751387569378e+01,1.122820932817e+00
7.752387619381e+01,1.122441581709e+00
7.753387669383e+01,1.122049214540e+00
7.754387719386e+01,1.121643845440e+00
7.755387769388e+01,1.121225489023e+00
7.756387819391e+01,1.120794160402e+00
7.757387869393e+01,1.120349875189e+00
7.758387919396e+01,1.119892649512e+00
7.759387969398e+01,1.119422500016e+00
7.760388019401e+01,1.118939443881e+00
7.761388069403e+01,1.118443498821e+00
7.762388119406e+01,1.117934683104e+00
7.763388169408e+01,1.117413015554e+00
7.764388219411e+01,1.116878515567e+00
7.765388269413e+01,1.116331203119e+00
7.766388319416e+01,1.115771098777e+00
7.767388369418e+01,1.115198223712e+00
7.768388419421e+01,1.114612599708e+00
7.769388469423e+01,1.114014249178e+00
7.770388519426e+01,1.113403195172e+00
7.771388569428e+01,1.112779461392e+00
7.772388619431e+01,1.112143072207e+00
7.773388669433e+01,1.111494052663e+00
7.774388719436e+01,1.110832428497e+00
7.775388769438e+01,1.110158226154e+00
7.776388819441e+01,1.109471472799e+00
7.777388869443e+01,1.108772196334e+00
7.778388919446e+01,1.108060425410e+00
7.779388969448e+01,1.107336189447e+00
7.780389019451e+01,1.106599518646e+00
7.781389069453e+01,1.105850444009e+00
7.782389119456e+01,1.105088997353e+00
7.783389169458e+01,1.104315211328e+00
7.784389219461e+01,1.103529119438e+00
7.785389269463e+01,1.102730756053e+00
7.786389319466e+01,1.101920156434e+00
7.787389369468e+01,1.101097356746e+00
7.788389419471e+01,1.100262394083e+00
7.789389469473e+01,1.099415306484e+00
7.790389519476e+01,1.098556132956e+00
7.791389569478e+01,1.097684913492e+00
7.792389619481e+01,1.096801689095e+00
7.793389669483e+01,1.095906501798e+00
7.794389719486e+01,1.094999394687e+00
7.795389769488e+01,1.094080411924e+00
7.796389819491e+01,1.093149598769e+00
7.797389869493e+01,1.092207001606e+00
7.798389919496e+01,1.091252667966e+00
7.799389969498e+01,1.090286646549e+00
7.800390019501e+01,1.089308987254e+00
7.801390069503e+01,1.088319741204e+00
7.802390119506e+01,1.087318960768e+00
7.803390169508e+01,1.086306699594e+00
7.804390219511e+01,1.085283012631e+00
7.805390269513e+01,1.084247956161e+00
7.806390319516e+01,1.083201587825e+00
7.807390369518e+01,1.082143966654e+00
7.808390419521e+01,1.081075153097e+00
7.809390469523e+01,1.079995209053e+00
7.810390519526e+01,1.078904197900e+00
7.811390569528e+01,1.077802184527e+00
7.812390619531e+01,1.076689235368e+00
7.813390669533e+01,1.075565418432e+00
7.814390719536e+01,1.074430803337e+00
7.815390769538e+01,1.073285461344e+00
7.816390819541e+01,1.072129465392e+00
7.817390869543e+01,1.070962890132e+00
7.818390919546e+01,1.069785811962e+00
7.819390969548e+01,1.068598309068e+00
7.820391019551e+01,1.067400461453e+00
7.821391069553e+01,1.066192350982e+00
7.822391119556e+01,1.064974061415e+00
7.823391169558e+01,1.063745678449e+00
7.824391219561e+01,1.062507289756e+00
7.825391269563e+01,1.061258985021e+00
7.826391319566e+01,1.060000855987e+00
7.827391369568e+01,1.058732996492e+00
7.828391419571e+01,1.057455502516e+00
7.829391469573e+01,1.056168472216e+00
7.830391519576e+01,1.054872005976e+00
7.831391569578e+01,1.053566206446e+00
7.832391619581e+01,1.052251178589e+00
7.833391669583e+01,1.050927029727e+00
7.834391719586e+01,1.049593869580e+00
7.835391769588e+01,1.048251810319e+00
7.836391819591e+01,1.046900966609e+00
7.837391869593e+01,1.045541455657e+00
7.838391919596e+01,1.044173397260e+00
7.839391969598e+01,1.042796913850e+00
7.840392019601e+01,1.041412130549e+00
7.841392069603e+01,1.040019175210e+00
7.842392119606e+01,1.038618178474e+00
7.843392169608e+01,1.037209273812e+00
7.844392219611e+01,1.035792597585e+00
7.845392269613e+01,1.034368289087e+00
7.846392319616e+01,1.032936490597e+00
7.847392369618e+01,1.031497347434e+00
7.848392419621e+01,1.030051008007e+00
7.849392469623e+01,1.028597623865e+00
7.850392519626e+01,1.027137349752e+00
7.851392569628e+01,1.025670343657e+00
7.852392619631e+01,1.024196766867e+00
7.853392669633e+01,1.022716784022e+00
7.854392719636e+01,1.021230563163e+00
7.855392769638e+01,1.019738275790e+00
7.856392819641e+01,1.018240096909e+00
7.857392869643e+01,1.016736205087e+00
7.858392919646e+01,1.015226782507e+00
7.859392969648e+01,1.013712015014e+00
7.860393019651e+01,1.012192092172e+00
7.861393069653e+01,1.010667207311e+00
7.862393119656e+01,1.009137557582e+00
7.863393169658e+01,1.007603344002e+00
7.864393219661e+01,1.006064771511e+00
7.865393269663e+01,1.004522049012e+00
7.866393319666e+01,1.002975389426e+00
7.867393369668e+01,1.001425009737e+00
7.868393419671e+01,9.998711310374e-01
7.869393469673e+01,9.983139785745e-01
7.870393519676e+01,9.967537817932e-01
7.871393569678e+01,9.951907743792e-01
7.872393619681e+01,9.936251943002e-01
7.873393669683e+01,9.920572838456e-01
7.874393719686e+01,9.904872896639e-01
7.875393769688e+01,9.889154627993e-01
7.876393819691e+01,9.873420587255e-01
7.877393869693e+01,9.857673373780e-01
7.878393919696e+01,9.841915631838e-01
7.879393969698e+01,9.826150050885e-01
7.880394019701e+01,9.810379365818e-01
7.881394069703e+01,9.794606357189e-01
7.882394119706e+01,9.778833851402e-01
7.883394169708e+01,9.763064720875e-01
7.884394219711e+01,9.747301884165e-01
7.885394269713e+01,9.731548306071e-01
7.886394319716e+01,9.715806997687e-01
7.887394369718e+01,9.700081016427e-01
7.888394419721e+01,9.684373466007e-01
7.889394469723e+01,9.668687496386e-01
7.890394519726e+01,9.653026303661e-01
7.891394569728e+01,9.637393129918e-01
7.892394619731e+01,9.621791263038e-01
7.893394669733e+01,9.606224036449e-01
7.894394719736e+01,9.590694828825e-01
7.895394769738e+01,9.575207063739e-01
7.896394819741e+01,9.559764209248e-01
7.897394869743e+01,9.544369777430e-01
7.898394919746e+01,9.529027323853e-01
7.899394969748e+01,9.513740446990e-01
7.900395019751e+01,9.498512787556e-01
7.901395069753e+01,9.483348027794e-01
7.902395119756e+01,9.468249890679e-01
7.903395169758e+01,9.453222139055e-01
7.904395219761e+01,9.438268574704e-01
7.905395269763e+01,9.423393037334e-01
7.906395319766e+01,9.408599403489e-01
7.907395369768e+01,9.393891585386e-01
7.908395419771e+01,9.379273529669e-01
7.909395469773e+01,9.364749216077e-01
7.910395519776e+01,9.350322656032e-01
7.911395569778e+01,9.335997891142e-01
7.912395619781e+01,9.321778991617e-01
7.913395669783e+01,9.307670054590e-01
7.914395719786e+01,9.293675202363e-01
7.915395769788e+01,9.279798580549e-01
7.916395819791e+01,9.266044356131e-01
7.917395869793e+01,9.252416715430e-01
7.918395919796e+01,9.238919861972e-01
7.919395969798e+01,9.225558014277e-01
7.920396019801e+01,9.212335403545e-01
7.921396069803e+01,9.199256271254e-01
7.922396119806e+01,9.186324866668e-01
7.923396169808e+01,9.173545444250e-01
7.924396219811e+01,9.160922260991e-01
7.925396269813e+01,9.148459573646e-01
7.926396319816e+01,9.136161635884e-01
7.927396369818e+01,9.124032695357e-01
7.928396419821e+01,9.112076990679e-01
7.929396469823e+01,9.100298748329e-01
7.930396519826e+01,9.088702179477e-01
7.931396569828e+01,9.077291476729e-01
7.932396619831e+01,9.066070810811e-01
7.933396669833e+01,9.055044327174e-01
7.934396719836e+01,9.044216142545e-01
7.935396769838e+01,9.033590341409e-01
7.936396819841e+01,9.023170972447e-01
7.937396869843e+01,9.012962044916e-01
7.938396919846e+01,9.002967524985e-01
7.939396969848e+01,8.993191332043e-01
7.940397019851e+01,8.983637334958e-01
7.941397069853e+01,8.974309348324e-01
7.942397119856e+01,8.965211128678e-01
7.943397169858e+01,8.956346370711e-01
7.944397219861e+01,8.947718703471e-01
7.945397269863e+01,8.939331686562e-01
7.946397319866e+01,8.931188806361e-01
7.947397369868e+01,8.923293472249e-01
7.948397419871e+01,8.915649012860e-01
7.949397469873e+01,8.908258672372e-01
7.950397519876e+01,8.901125606833e-01
7.951397569878e+01,8.894252880539e-01
7.952397619881e+01,8.887643462471e-01
7.953397669883e+01,8.881300222794e-01
7.954397719886e+01,8.875225929434e-01
7.955397769888e+01,8.869423244735e-01
7.956397819891e+01,8.863894722215e-01
7.957397869893e+01,8.858642803412e-01
7.958397919896e+01,8.853669814842e-01
7.959397969898e+01,8.848977965075e-01
7.960398019901e+01,8.844569341934e-01
7.961398069903e+01,8.840445909821e-01
7.962398119906e+01,8.836609507188e-01
7.963398169908e+01,8.833061844147e-01
7.964398219911e+01,8.829804500238e-01
7.965398269913e+01,8.826838922355e-01
7.966398319916e+01,8.824166422830e-01
7.967398369918e+01,8.821788177695e-01
7.968398419921e+01,8.819705225115e-01
7.969398469923e+01,8.817918463999e-01
7.970398519926e+01,8.816428652801e-01
7.971398569928e+01,8.815236408502e-01
7.972398619931e+01,8.814342205782e-01
7.973398669933e+01,8.813746376390e-01
7.974398719936e+01,8.813449108702e-01
7.975398769938e+01,8.813450447482e-01
7.976398819941e+01,8.813750293832e-01
7.977398869943e+01,8.814348405341e-01
7.978398919946e+01,8.815244396436e-01
7.979398969948e+01,8.816437738920e-01
7.980399019951e+01,8.817927762705e-01
7.981399069953e+01,8.819713656742e-01
7.982399119956e+01,8.821794470133e-01
7.983399169958e+01,8.824169113431e-01
7.984399219961e+01,8.826836360124e-01
7.985399269963e+01,8.829794848287e-01
7.986399319966e+01,8.833043082419e-01
7.987399369968e+01,8.836579435437e-01
7.988399419971e+01,8.840402150834e-01
7.989399469973e+01,8.844509344997e-01
7.990399519976e+01,8.848899009662e-01
7.991399569978e+01,8.853569014526e-01
7.992399619981e+01,8.858517109980e-01
7.993399669983e+01,8.863740929976e-01
7.994399719986e+01,8.869237995015e-01
7.995399769989e+01,8.875005715239e-01
7.996399819991e+01,8.881041393633e-01
7.997399869993e+01,8.887342229321e-01
7.998399919996e+01,8.893905320948e-01
7.999399969998e+01,8.900727670137e-01
8.000400020001e+01,8.907806185025e-01
8.001400070004e+01,8.915137683852e-01
8.002400120006e+01,8.922718898604e-01
8.003400170009e+01,8.930546478707e-01
8.004400220011e+01,8.938616994752e-01
8.005400270014e+01,8.946926942251e-01
8.006400320016e+01,8.955472745408e-01
8.007400370019e+01,8.964250760913e-01
8.008400420021e+01,8.973257281730e-01
8.009400470024e+01,8.982488540889e-01
8.010400520026e+01,8.991940715267e-01
8.011400570029e+01,9.001609929350e-01
8.012400620031e+01,9.011492258978e-01
8.013400670034e+01,9.021583735049e-01
8.014400720036e+01,9.031880347198e-01
8.015400770039e+01,9.042378047432e-01
8.016400820041e+01,9.053072753712e-01
8.017400870044e+01,9.063960353492e-01
8.018400920046e+01,9.075036707191e-01
8.019400970049e+01,9.086297651613e-01
8.020401020051e+01,9.097739003292e-01
8.021401070054e+01,9.109356561778e-01
8.022401120056e+01,9.121146112840e-01
8.023401170059e+01,9.133103431598e-01
8.024401220061e+01,9.145224285574e-01
8.025401270064e+01,9.157504437663e-01
8.026401320066e+01,9.169939649021e-01
8.027401370069e+01,9.182525681858e-01
8.028401420071e+01,9.195258302162e-01
8.029401470074e+01,9.208133282310e-01
8.030401520076e+01,9.221146403614e-01
8.031401570079e+01,9.234293458753e-01
8.032401620081e+01,9.247570254133e-01
8.033401670084e+01,9.260972612142e-01
8.034401720086e+01,9.274496373320e-01
8.035401770089e+01,9.288137398435e-01
8.036401820091e+01,9.301891570466e-01
8.037401870094e+01,9.315754796501e-01
8.038401920096e+01,9.329723009536e-01
8.039401970099e+01,9.343792170194e-01
8.040402020101e+01,9.357958268349e-01
8.041402070104e+01,9.372217324664e-01
8.042402120106e+01,9.386565392048e-01
8.043402170109e+01,9.400998557021e-01
8.044402220111e+01,9.415512941003e-01
8.045402270114e+01,9.430104701518e-01
8.046402320116e+01,9.444770033319e-01
8.047402370119e+01,9.459505169436e-01
8.048402420121e+01,9.474306382151e-01
8.049402470124e+01,9.489169983890e-01
8.050402520126e+01,9.504092328057e-01
8.051402570129e+01,9.519069809785e-01
8.052402620131e+01,9.534098866628e-01
8.053402670134e+01,9.549175979182e-01
8.054402720136e+01,9.564297671649e-01
8.055402770139e+01,9.579460512331e-01
8.056402820141e+01,9.594661114070e-01
8.057402870144e+01,9.609896134634e-01
8.058402920146e+01,9.625162277040e-01
8.059402970149e+01,9.640456289831e-01
8.060403020151e+01,9.655774967297e-01
8.061403070154e+01,9.671115149652e-01
8.062403120156e+01,9.686473723164e-01
8.063403170159e+01,9.701847620236e-01
8.064403220161e+01,9.717233819447e-01
8.065403270164e+01,9.732629345556e-01
8.066403320166e+01,9.748031269461e-01
8.067403370169e+01,9.763436708128e-01
8.068403420171e+01,9.778842824477e-01
8.069403470174e+01,9.794246827243e-01
8.070403520176e+01,9.809645970801e-01
8.071403570179e+01,9.825037554964e-01
8.072403620181e+01,9.840418924748e-01
8.073403670184e+01,9.855787470120e-01
8.074403720186e+01,9.871140625710e-01
8.075403770189e+01,9.886475870512e-01
8.076403820191e+01,9.901790727551e-01
8.077403870194e+01,9.917082763539e-01
8.078403920196e+01,9.932349588510e-01
8.079403970199e+01,9.947588855432e-01
8.080404020201e+01,9.962798259813e-01
8.081404070204e+01,9.977975539282e-01
8.082404120206e+01,9.993118473163e-01
8.083404170209e+01,1.000822488203e+00
8.084404220211e+01,1.002329262727e+00
8.085404270214e+01,1.003831961059e+00
8.086404320216e+01,1.005330377357e+00
8.087404370219e+01,1.006824309718e+00
8.088404420221e+01,1.008313560127e+00
8.089404470224e+01,1.009797934412e+00
8.090404520226e+01,1.011277242187e+00
8.091404570229e+01,1.012751296808e+00
8.092404620231e+01,1.014219915320e+00
8.093404670234e+01,1.015682918403e+00
8.094404720236e+01,1.017140130324e+00
8.095404770239e+01,1.018591378881e+00
8.096404820241e+01,1.020036495357e+00
8.097404870244e+01,1.021475314461e+00
8.098404920246e+01,1.022907674281e+00
8.099404970249e+01,1.024333416231e+00
8.100405020251e+01,1.025752384996e+00
8.101405070254e+01,1.027164428481e+00
8.102405120256e+01,1.028569397764e+00
8.103405170259e+01,1.029967147037e+00
8.104405220261e+01,1.031357533560e+00
8.105405270264e+01,1.032740417607e+00
8.106405320266e+01,1.034115662417e+00
8.107405370269e+01,1.035483134141e+00
8.108405420271e+01,1.036842701796e+00
8.109405470274e+01,1.038194237210e+00
8.110405520276e+01,1.039537614978e+00
8.111405570279e+01,1.040872712408e+00
8.112405620281e+01,1.042199409478e+00
8.113405670284e+01,1.043517588782e+00
8.114405720286e+01,1.044827135487e+00
8.115405770289e+01,1.046127937286e+00
8.116405820291e+01,1.047419884349e+00
8.117405870294e+01,1.048702869279e+00
8.118405920296e+01,1.049976787064e+00
8.119405970299e+01,1.051241535037e+00
8.120406020301e+01,1.052497012828e+00
8.121406070304e+01,1.053743122322e+00
8.122406120306e+01,1.054979767614e+00
8.123406170309e+01,1.056206854971e+00
8.124406220311e+01,1.057424292785e+00
8.125406270314e+01,1.058631991534e+00
8.126406320316e+01,1.059829863743e+00
8.127406370319e+01,1.061017823943e+00
8.128406420321e+01,1.062195788628e+00
8.129406470324e+01,1.063363676222e+00
8.130406520326e+01,1.064521407039e+00
8.131406570329e+01,1.065668903243e+00
8.132406620331e+01,1.066806088813e+00
8.133406670334e+01,1.067932889508e+00
8.134406720336e+01,1.069049232829e+00
8.135406770339e+01,1.070155047985e+00
8.136406820341e+01,1.071250265860e+00
8.137406870344e+01,1.072334818974e+00
8.138406920346e+01,1.073408641459e+00
8.139406970349e+01,1.074471669015e+00
8.140407020351e+01,1.075523838889e+00
8.141407070354e+01,1.076565089835e+00
8.142407120356e+01,1.077595362087e+00
8.143407170359e+01,1.078614597330e+00
8.144407220361e+01,1.079622738667e+00
8.145407270364e+01,1.080619730592e+00
8.146407320366e+01,1.081605518961e+00
8.147407370369e+01,1.082580050964e+00
8.148407420371e+01,1.083543275098e+00
8.149407470374e+01,1.084495141139e+00
8.150407520376e+01,1.085435600116e+00
8.151407570379e+01,1.086364604285e+00
8.152407620381e+01,1.087282107108e+00
8.153407670384e+01,1.088188063219e+00
8.154407720386e+01,1.089082428410e+00
8.155407770389e+01,1.089965159599e+00
8.156407820391e+01,1.090836214813e+00
8.157407870394e+01,1.091695553161e+00
8.158407920396e+01,1.092543134814e+00
8.159407970399e+01,1.093378920983e+00
8.160408020401e+01,1.094202873897e+00
8.161408070404e+01,1.095014956783e+00
8.162408120406e+01,1.095815133845e+00
8.163408170409e+01,1.096603370244e+00
8.164408220411e+01,1.097379632080e+00
8.165408270414e+01,1.098143886373e+00
8.166408320416e+01,1.098896101040e+00
8.167408370419e+01,1.099636244885e+00
8.168408420421e+01,1.100364287575e+00
8.169408470424e+01,1.101080199623e+00
8.170408520426e+01,1.101783952375e+00
8.171408570429e+01,1.102475517992e+00
8.172408620431e+01,1.103154869432e+00
8.173408670434e+01,1.103821980435e+00
8.174408720436e+01,1.104476825511e+00
8.175408770439e+01,1.105119379922e+00
8.176408820441e+01,1.105749619667e+00
8.177408870444e+01,1.106367521472e+00
8.178408920446e+01,1.106973062771e+00
8.179408970449e+01,1.107566221697e+00
8.180409020451e+01,1.108146977067e+00
8.181409070454e+01,1.108715308370e+00
8.182409120456e+01,1.109271195754e+00
8.183409170459e+01,1.109814620015e+00
8.184409220461e+01,1.110345562585e+00
8.185409270464e+01,1.110864005520e+00
8.186409320466e+01,1.111369931491e+00
8.187409370469e+01,1.111863323773e+00
8.188409420471e+01,1.112344166231e+00
8.189409470474e+01,1.112812443317e+00
8.190409520476e+01,1.113268140053e+00
8.191409570479e+01,1.113711242028e+00
8.192409620481e+01,1.114141735384e+00
8.193409670484e+01,1.114559606812e+00
8.194409720486e+01,1.114964843538e+00
8.195409770489e+01,1.115357433319e+00
8.196409820491e+01,1.115737364436e+00
8.197409870494e+01,1.116104625683e+00
8.198409920496e+01,1.116459206360e+00
8.199409970499e+01,1.116801096270e+00
8.200410020501e+01,1.117130285708e+00
8.201410070504e+01,1.117446765457e+00
8.202410120506e+01,1.117750526781e+00
8.203410170509e+01,1.118041561417e+00
8.204410220511e+01,1.118319861576e+00
8.205410270514e+01,1.118585419930e+00
8.206410320516e+01,1.118838229610e+00
8.207410370519e+01,1.119078284203e+00
8.208410420521e+01,1.119305577745e+00
8.209410470524e+01,1.119520104718e+00
8.210410520526e+01,1.119721860044e+00
8.211410570529e+01,1.119910839083e+00
8.212410620531e+01,1.120087037631e+00
8.213410670534e+01,1.120250451911e+00
8.214410720536e+01,1.120401078578e+00
8.215410770539e+01,1.120538914708e+00
8.216410820541e+01,1.120663957801e+00
8.217410870544e+01,1.120776205776e+00
8.218410920546e+01,1.120875656971e+00
8.219410970549e+01,1.120962310140e+00
8.220411020551e+01,1.121036164448e+00
8.221411070554e+01,1.121097219478e+00
8.222411120556e+01,1.121145475220e+00
8.223411170559e+01,1.121180932077e+00
8.224411220561e+01,1.121203590864e+00
8.225411270564e+01,1.121213452801e+00
8.226411320566e+01,1.121210519522e+00
8.227411370569e+01,1.121194793067e+00
8.228411420571e+01,1.121166275889e+00
8.229411470574e+01,1.121124970849e+00
8.230411520576e+01,1.121070881219e+00
8.231411570579e+01,1.121004010685e+00
8.232411620581e+01,1.120924363342e+00
8.233411670584e+01,1.120831943705e+00
8.234411720586e+01,1.120726756700e+00
8.235411770589e+01,1.120608807675e+00
8.236411820591e+01,1.120478102395e+00
8.237411870594e+01,1.120334647051e+00
8.238411920596e+01,1.120178448257e+00
8.239411970599e+01,1.120009513055e+00
8.240412020601e+01,1.119827848919e+00
8.241412070604e+01,1.119633463757e+00
8.242412120606e+01,1.119426365915e+00
8.243412170609e+01,1.119206564181e+00
8.244412220611e+01,1.118974067789e+00
8.245412270614e+01,1.118728886423e+00
8.246412320616e+01,1.118471030222e+00
8.247412370619e+01,1.118200509785e+00
8.248412420621e+01,1.117917336174e+00
8.249412470624e+01,1.117621520921e+00
8.250412520626e+01,1.117313076037e+00
8.251412570629e+01,1.116992014009e+00
8.252412620631e+01,1.116658347815e+00
8.253412670634e+01,1.116312090926e+00
8.254412720636e+01,1.115953257312e+00
8.255412770639e+01,1.115581861451e+00
8.256412820641e+01,1.115197918337e+00
8.257412870644e+01,1.114801443481e+00
8.258412920646e+01,1.114392452929e+00
8.259412970649e+01,1.113970963261e+00
8.260413020651e+01,1.113536991602e+00
8.261413070654e+01,1.113090555634e+00
8.262413120656e+01,1.112631673599e+00
8.263413170659e+01,1.112160364312e+00
8.264413220661e+01,1.111676647171e+00
8.265413270664e+01,1.111180542161e+00
8.266413320666e+01,1.110672069873e+00
8.267413370669e+01,1.110151251506e+00
8.268413420671e+01,1.109618108881e+00
8.269413470674e+01,1.109072664454e+00
8.270413520676e+01,1.108514941324e+00
8.271413570679e+01,1.107944963243e+00
8.272413620681e+01,1.107362754635e+00
8.273413670684e+01,1.106768340600e+00
8.274413720686e+01,1.106161746932e+00
8.275413770689e+01,1.105543000130e+00
8.276413820691e+01,1.104912127409e+00
8.277413870694e+01,1.104269156719e+00
8.278413920696e+01,1.103614116753e+00
8.279413970699e+01,1.102947036966e+00
8.280414020701e+01,1.102267947585e+00
8.281414070704e+01,1.101576879628e+00
8.282414120706e+01,1.100873864917e+00
8.283414170709e+01,1.100158936095e+00
8.284414220711e+01,1.099432126641e+00
8.285414270714e+01,1.098693470887e+00
8.286414320716e+01,1.097943004035e+00
8.287414370719e+01,1.097180762173e+00
8.288414420721e+01,1.096406782295e+00
8.289414470724e+01,1.095621102316e+00
8.290414520726e+01,1.094823761093e+00
8.291414570729e+01,1.094014798443e+00
8.292414620731e+01,1.093194255162e+00
8.293414670734e+01,1.092362173043e+00
8.294414720736e+01,1.091518594899e+00
8.295414770739e+01,1.090663564585e+00
8.296414820741e+01,1.089797127011e+00
8.297414870744e+01,1.088919328173e+00
8.298414920746e+01,1.088030215168e+00
8.299414970749e+01,1.087129836220e+00
8.300415020751e+01,1.086218240702e+00
8.301415070754e+01,1.085295479157e+00
8.302415120756e+01,1.084361603325e+00
8.303415170759e+01,1.083416666164e+00
8.304415220761e+01,1.082460721878e+00
8.305415270764e+01,1.081493825939e+00
8.306415320766e+01,1.080516035113e+00
8.307415370769e+01,1.079527407489e+00
8.308415420771e+01,1.078528002501e+00
8.309415470774e+01,1.077517880959e+00
8.310415520776e+01,1.076497105073e+00
8.311415570779e+01,1.075465738484e+00
8.312415620781e+01,1.074423846292e+00
8.313415670784e+01,1.073371495084e+00
8.314415720786e+01,1.072308752963e+00
8.315415770789e+01,1.071235689578e+00
8.316415820791e+01,1.070152376159e+00
8.317415870794e+01,1.069058885541e+00
8.318415920796e+01,1.067955292200e+00
8.319415970799e+01,1.066841672285e+00
8.320416020801e+01,1.065718103649e+00
8.321416070804e+01,1.064584665882e+00
8.322416120806e+01,1.063441440347e+00
8.323416170809e+01,1.062288510211e+00
8.324416220811e+01,1.061125960482e+00
8.325416270814e+01,1.059953878042e+00
8.326416320816e+01,1.058772351685e+00
8.327416370819e+01,1.057581472151e+00
8.328416420821e+01,1.056381332166e+00
8.329416470824e+01,1.055172026472e+00
8.330416520826e+01,1.053953651874e+00
8.331416570829e+01,1.052726307270e+00
8.332416620831e+01,1.051490093694e+00
8.333416670834e+01,1.050245114354e+00
8.334416720836e+01,1.048991474671e+00
8.335416770839e+01,1.047729282318e+00
8.336416820841e+01,1.046458647263e+00
8.337416870844e+01,1.045179681808e+00
8.338416920846e+01,1.043892500627e+00
8.339416970849e+01,1.042597220815e+00
8.340417020851e+01,1.041293961922e+00
8.341417070854e+01,1.039982846001e+00
8.342417120856e+01,1.038663997647e+00
8.343417170859e+01,1.037337544039e+00
8.344417220861e+01,1.036003614990e+00
8.345417270864e+01,1.034662342980e+00
8.346417320866e+01,1.033313863208e+00
8.347417370869e+01,1.031958313632e+00
8.348417420871e+01,1.030595835015e+00
8.349417470874e+01,1.029226570964e+00
8.350417520876e+01,1.027850667983e+00
8.351417570879e+01,1.026468275510e+00
8.352417620881e+01,1.025079545962e+00
8.353417670884e+01,1.023684634783e+00
8.354417720886e+01,1.022283700487e+00
8.355417770889e+01,1.020876904699e+00
8.356417820891e+01,1.019464412203e+00
8.357417870894e+01,1.018046390985e+00
8.358417920896e+01,1.016623012273e+00
8.359417970899e+01,1.015194450585e+00
8.360418020901e+01,1.013760883772e+00
8.361418070904e+01,1.012322493054e+00
8.362418120906e+01,1.010879463072e+00
8.363418170909e+01,1.009431981919e+00
8.364418220911e+01,1.007980241190e+00
8.365418270914e+01,1.006524436016e+00
8.366418320916e+01,1.005064765106e+00
8.367418370919e+01,1.003601430786e+00
8.368418420921e+01,1.002134639034e+00
8.369418470924e+01,1.000664599519e+00
8.370418520926e+01,9.991915256368e-01
8.371418570929e+01,9.977156345423e-01
8.372418620931e+01,9.962371471834e-01
8.373418670934e+01,9.947562883329e-01
8.374418720936e+01,9.932732866178e-01
8.375418770939e+01,9.917883745484e-01
8.376418820941e+01,9.903017885448e-01
8.377418870944e+01,9.888137689614e-01
8.378418920946e+01,9.873245601104e-01
8.379418970949e+01,9.858344102818e-01
8.380419020951e+01,9.843435717628e-01
8.381419070954e+01,9.828523008534e-01
8.382419120956e+01,9.813608578805e-01
8.383419170959e+01,9.798695072087e-01
8.384419220961e+01,9.783785172488e-01
8.385419270964e+01,9.768881604634e-01
8.386419320966e+01,9.753987133690e-01
8.387419370969e+01,9.739104565353e-01
8.388419420971e+01,9.724236745810e-01
8.389419470974e+01,9.709386561661e-01
8.390419520976e+01,9.694556939805e-01
8.391419570979e+01,9.679750847287e-01
8.392419620981e+01,9.664971291108e-01
8.393419670984e+01,9.650221317989e-01
8.394419720986e+01,9.635504014093e-01
8.395419770989e+01,9.620822504706e-01
8.396419820991e+01,9.606179953864e-01
8.397419870994e+01,9.591579563940e-01
8.398419920996e+01,9.577024575173e-01
8.399419970999e+01,9.562518265150e-01
8.400420021001e+01,9.548063948234e-01
8.401420071004e+01,9.533664974934e-01
8.402420121006e+01,9.519324731225e-01
8.403420171009e+01,9.505046637800e-01
8.404420221011e+01,9.490834149271e-01
8.405420271014e+01,9.476690753304e-01
8.406420321016e+01,9.462619969691e-01
8.407420371019e+01,9.448625349357e-01
8.408420421021e+01,9.434710473307e-01
8.409420471024e+01,9.420878951497e-01
8.410420521026e+01,9.407134421644e-01
8.411420571029e+01,9.393480547962e-01
8.412420621031e+01,9.379921019829e-01
8.413420671034e+01,9.366459550382e-01
8.414420721036e+01,9.353099875040e-01
8.415420771039e+01,9.339845749955e-01
8.416420821041e+01,9.326700950385e-01
8.417420871044e+01,9.313669268994e-01
8.418420921046e+01,9.300754514085e-01
8.419420971049e+01,9.287960507742e-01
8.420421021051e+01,9.275291083914e-01
8.421421071054e+01,9.262750086410e-01
8.422421121056e+01,9.250341366833e-01
8.423421171059e+01,9.238068782425e-01
8.424421221061e+01,9.225936193851e-01
8.425421271064e+01,9.213947462901e-01
8.426421321066e+01,9.202106450131e-01
8.427421371069e+01,9.190417012420e-01
8.428421421071e+01,9.178883000473e-01
8.429421471074e+01,9.167508256243e-01
8.430421521076e+01,9.156296610300e-01
8.431421571079e+01,9.145251879129e-01
8.432421621081e+01,9.134377862372e-01
8.433421671084e+01,9.123678340011e-01
8.434421721086e+01,9.113157069494e-01
8.435421771089e+01,9.102817782815e-01
8.436421821091e+01,9.092664183542e-01
8.437421871094e+01,9.082699943800e-01
8.438421921096e+01,9.072928701218e-01
8.439421971099e+01,9.063354055834e-01
8.440422021101e+01,9.053979566974e-01
8.441422071104e+01,9.044808750103e-01
8.442422121106e+01,9.035845073648e-01
8.443422171109e+01,9.027091955813e-01
8.444422221111e+01,9.018552761373e-01
8.445422271114e+01,9.010230798473e-01
8.446422321116e+01,9.002129315417e-01
8.447422371119e+01,8.994251497466e-01
8.448422421121e+01,8.986600463649e-01
8.449422471124e+01,8.979179263591e-01
8.450422521126e+01,8.971990874362e-01
8.451422571129e+01,8.965038197365e-01
8.452422621131e+01,8.958324055248e-01
8.453422671134e+01,8.951851188874e-01
8.454422721136e+01,8.945622254330e-01
8.455422771139e+01,8.939639820000e-01
8.456422821141e+01,8.933906363699e-01
8.457422871144e+01,8.928424269876e-01
8.458422921146e+01,8.923195826897e-01
8.459422971149e+01,8.918223224405e-01
8.460423021151e+01,8.913508550783e-01
8.461423071154e+01,8.909053790695e-01
8.462423121156e+01,8.904860822743e-01
8.463423171159e+01,8.900931417227e-01
8.464423221161e+01,8.897267234015e-01
8.465423271164e+01,8.893869820541e-01
8.466423321166e+01,8.890740609920e-01
8.467423371169e+01,8.887880919194e-01
8.468423421171e+01,8.885291947714e-01
8.469423471174e+01,8.882974775656e-01
8.470423521176e+01,8.880930362688e-01
8.471423571179e+01,8.879159546770e-01
8.472423621181e+01,8.877663043116e-01
8.473423671184e+01,8.876441443299e-01
8.474423721186e+01,8.875495214516e-01
8.475423771189e+01,8.874824699004e-01
8.476423821191e+01,8.874430113623e-01
8.477423871194e+01,8.874311549585e-01
8.478423921196e+01,8.874468972358e-01
8.479423971199e+01,8.874902221719e-01
8.480424021201e+01,8.875611011970e-01
8.481424071204e+01,8.876594932318e-01
8.482424121206e+01,8.877853447406e-01
8.483424171209e+01,8.879385898009e-01
8.484424221211e+01,8.881191501876e-01
8.485424271214e+01,8.883269354736e-01
8.486424321216e+01,8.885618431439e-01
8.487424371219e+01,8.888237587262e-01
8.488424421221e+01,8.891125559339e-01
8.489424471224e+01,8.894280968246e-01
8.490424521226e+01,8.897702319714e-01
8.491424571229e+01,8.901388006473e-01
8.492424621231e+01,8.905336310220e-01
8.493424671234e+01,8.909545403713e-01
8.494424721236e+01,8.914013352977e-01
8.495424771239e+01,8.918738119615e-01
8.496424821241e+01,8.923717563232e-01
8.497424871244e+01,8.928949443948e-01
8.498424921246e+01,8.934431425009e-01
8.499424971249e+01,8.940161075475e-01
8.500425021251e+01,8.946135872995e-01
8.501425071254e+01,8.952353206651e-01
8.502425121256e+01,8.958810379863e-01
8.503425171259e+01,8.965504613358e-01
8.504425221261e+01,8.972433048190e-01
8.505425271264e+01,8.979592748806e-01
8.506425321266e+01,8.986980706146e-01
8.507425371269e+01,8.994593840785e-01
8.508425421271e+01,9.002429006087e-01
8.509425471274e+01,9.010482991396e-01
8.510425521276e+01,9.018752525224e-01
8.511425571279e+01,9.027234278454e-01
8.512425621281e+01,9.035924867549e-01
8.513425671284e+01,9.044820857744e-01
8.514425721286e+01,9.053918766238e-01
8.515425771289e+01,9.063215065369e-01
8.516425821291e+01,9.072706185764e-01
8.517425871294e+01,9.082388519471e-01
8.518425921296e+01,9.092258423049e-01
8.519425971299e+01,9.102312220636e-01
8.520426021301e+01,9.112546206972e-01
8.521426071304e+01,9.122956650376e-01
8.522426121306e+01,9.133539795681e-01
8.523426171309e+01,9.144291867119e-01
8.524426221311e+01,9.155209071145e-01
8.525426271314e+01,9.166287599214e-01
8.526426321316e+01,9.177523630496e-01
8.527426371319e+01,9.188913334520e-01
8.528426421321e+01,9.200452873768e-01
8.529426471324e+01,9.212138406190e-01
8.530426521326e+01,9.223966087664e-01
8.531426571329e+01,9.235932074370e-01
8.532426621331e+01,9.248032525107e-01
8.533426671334e+01,9.260263603535e-01
8.534426721336e+01,9.272621480336e-01
8.535426771339e+01,9.285102335308e-01
8.536426821341e+01,9.297702359388e-01
8.537426871344e+01,9.310417756591e-01
8.538426921346e+01,9.323244745881e-01
8.539426971349e+01,9.336179562964e-01
8.540427021351e+01,9.349218462010e-01
8.541427071354e+01,9.362357717294e-01
8.542427121356e+01,9.375593624772e-01
8.543427171359e+01,9.388922503575e-01
8.544427221361e+01,9.402340697438e-01
8.545427271364e+01,9.415844576050e-01
8.546427321366e+01,9.429430536340e-01
8.547427371369e+01,9.443095003690e-01
8.548427421371e+01,9.456834433079e-01
8.549427471374e+01,9.470645310160e-01
8.550427521376e+01,9.484524152272e-01
8.551427571379e+01,9.498467509389e-01
8.552427621381e+01,9.512471964999e-01
8.553427671384e+01,9.526534136932e-01
8.554427721386e+01,9.540650678114e-01
8.555427771389e+01,9.554818277278e-01
8.556427821391e+01,9.569033659603e-01
8.557427871394e+01,9.583293587311e-01
8.558427921396e+01,9.597594860197e-01
8.559427971399e+01,9.611934316120e-01
8.560428021401e+01,9.626308831432e-01
8.561428071404e+01,9.640715321369e-01
8.562428121406e+01,9.655150740384e-01
8.563428171409e+01,9.669612082444e-01
8.564428221411e+01,9.684096381275e-01
8.565428271414e+01,9.698600710576e-01
8.566428321416e+01,9.713122184180e-01
8.567428371419e+01,9.727657956182e-01
8.568428421421e+01,9.742205221037e-01
8.569428471424e+01,9.756761213606e-01
8.570428521426e+01,9.771323209185e-01
8.571428571429e+01,9.785888523488e-01
8.572428621431e+01,9.800454512611e-01
8.573428671434e+01,9.815018572957e-01
8.574428721436e+01,9.829578141134e-01
8.575428771439e+01,9.844130693836e-01
8.576428821441e+01,9.858673747686e-01
8.577428871444e+01,9.873204859062e-01
8.578428921446e+01,9.887721623903e-01
8.579428971449e+01,9.902221677485e-01
8.580429021451e+01,9.916702694184e-01
8.581429071454e+01,9.931162387221e-01
8.582429121456e+01,9.945598508383e-01
8.583429171459e+01,9.960008847733e-01
8.584429221461e+01,9.974391233302e-01
8.585429271464e+01,9.988743530768e-01
8.586429321466e+01,1.000306364312e+00
8.587429371469e+01,1.001734951031e+00
8.588429421471e+01,1.003159910891e+00
8.589429471474e+01,1.004581045170e+00
8.590429521476e+01,1.005998158734e+00
8.591429571479e+01,1.007411059996e+00
8.592429621481e+01,1.008819560876e+00
8.593429671484e+01,1.010223476760e+00
8.594429721486e+01,1.011622626463e+00
8.595429771489e+01,1.013016832182e+00
8.596429821491e+01,1.014405919458e+00
8.597429871494e+01,1.015789717134e+00
8.598429921496e+01,1.017168057307e+00
8.599429971499e+01,1.018540775292e+00
8.600430021501e+01,1.019907709572e+00
8.601430071504e+01,1.021268701761e+00
8.602430121506e+01,1.022623596552e+00
8.603430171509e+01,1.023972241683e+00
8.604430221511e+01,1.025314487884e+00
8.605430271514e+01,1.026650188838e+00
8.606430321516e+01,1.027979201137e+00
8.607430371519e+01,1.029301384236e+00
8.608430421521e+01,1.030616600411e+00
8.609430471524e+01,1.031924714714e+00
8.610430521526e+01,1.033225594931e+00
8.611430571529e+01,1.034519111537e+00
8.612430621531e+01,1.035805137654e+00
8.613430671534e+01,1.037083549010e+00
8.614430721536e+01,1.038354223891e+00
8.615430771539e+01,1.039617043104e+00
8.616430821541e+01,1.040871889934e+00
8.617430871544e+01,1.042118650099e+00
8.618430921546e+01,1.043357211714e+00
8.619430971549e+01,1.044587465247e+00
8.620431021551e+01,1.045809303476e+00
8.621431071554e+01,1.047022621457e+00
8.622431121556e+01,1.048227316475e+00
8.623431171559e+01,1.049423288011e+00
8.624431221561e+01,1.050610437699e+00
8.625431271564e+01,1.051788669293e+00
8.626431321566e+01,1.052957888624e+00
8.627431371569e+01,1.054118003565e+00
8.628431421571e+01,1.055268923993e+00
8.629431471574e+01,1.056410561754e+00
8.630431521576e+01,1.057542830625e+00
8.631431571579e+01,1.058665646281e+00
8.632431621581e+01,1.059778926258e+00
8.633431671584e+01,1.060882589919e+00
8.634431721586e+01,1.061976558421e+00
8.635431771589e+01,1.063060754680e+00
8.636431821591e+01,1.064135103339e+00
8.637431871594e+01,1.065199530737e+00
8.638431921596e+01,1.066253964873e+00
8.639431971599e+01,1.067298335379e+00
8.640432021601e+01,1.068332573485e+00
8.641432071604e+01,1.069356611992e+00
8.642432121606e+01,1.070370385242e+00
8.643432171609e+01,1.071373829085e+00
8.644432221611e+01,1.072366880855e+00
8.645432271614e+01,1.073349479336e+00
8.646432321616e+01,1.074321564740e+00
8.647432371619e+01,1.075283078677e+00
8.648432421621e+01,1.076233964125e+00
8.649432471624e+01,1.077174165409e+00
8.650432521626e+01,1.078103628173e+00
8.651432571629e+01,1.079022299352e+00
8.652432621631e+01,1.079930127152e+00
8.653432671634e+01,1.080827061019e+00
8.654432721636e+01,1.081713051624e+00
8.655432771639e+01,1.082588050829e+00
8.656432821641e+01,1.083452011673e+00
8.657432871644e+01,1.084304888343e+00
8.658432921646e+01,1.085146636156e+00
8.659432971649e+01,1.085977211536e+00
8.660433021651e+01,1.086796571989e+00
8.661433071654e+01,1.087604676091e+00
8.662433121656e+01,1.088401483457e+00
8.663433171659e+01,1.089186954730e+00
8.664433221661e+01,1.089961051556e+00
8.665433271664e+01,1.090723736567e+00
8.666433321666e+01,1.091474973362e+00
8.667433371669e+01,1.092214726489e+00
8.668433421671e+01,1.092942961425e+00
8.669433471674e+01,1.093659644562e+00
8.670433521676e+01,1.094364743189e+00
8.671433571679e+01,1.095058225472e+00
8.672433621681e+01,1.095740060442e+00
8.673433671684e+01,1.096410217978e+00
8.674433721686e+01,1.097068668788e+00
8.675433771689e+01,1.097715384400e+00
8.676433821691e+01,1.098350337141e+00
8.677433871694e+01,1.098973500127e+00
8.678433921696e+01,1.099584847247e+00
8.679433971699e+01,1.100184353149e+00
8.680434021701e+01,1.100771993229e+00
8.681434071704e+01,1.101347743614e+00
8.682434121706e+01,1.101911581152e+00
8.683434171709e+01,1.102463483400e+00
8.684434221711e+01,1.103003428611e+00
8.685434271714e+01,1.103531395723e+00
8.686434321716e+01,1.104047364344e+00
8.687434371719e+01,1.104551314749e+00
8.688434421721e+01,1.105043227861e+00
8.689434471724e+01,1.105523085243e+00
8.690434521726e+01,1.105990869092e+00
8.691434571729e+01,1.106446562225e+00
8.692434621731e+01,1.106890148069e+00
8.693434671734e+01,1.107321610654e+00
8.694434721736e+01,1.107740934604e+00
8.695434771739e+01,1.108148105127e+00
8.696434821741e+01,1.108543108009e+00
8.697434871744e+01,1.108925929603e+00
8.698434921746e+01,1.109296556823e+00
8.699434971749e+01,1.109654977135e+00
8.700435021751e+01,1.110001178553e+00
8.701435071754e+01,1.110335149630e+00
8.702435121756e+01,1.110656879448e+00
8.703435171759e+01,1.110966357620e+00
8.704435221761e+01,1.111263574274e+00
8.705435271764e+01,1.111548520056e+00
8.706435321766e+01,1.111821186117e+00
8.707435371769e+01,1.112081564113e+00
8.708435421771e+01,1.112329646198e+00
8.709435471774e+01,1.112565425017e+00
8.710435521776e+01,1.112788893706e+00
8.711435571779e+01,1.113000045884e+00
8.712435621781e+01,1.113198875649e+00
8.713435671784e+01,1.113385377576e+00
8.714435721786e+01,1.113559546714e+00
8.715435771789e+01,1.113721378578e+00
8.716435821791e+01,1.113870869153e+00
8.717435871794e+01,1.114008014883e+00
8.718435921796e+01,1.114132812675e+00
8.719435971799e+01,1.114245259894e+00
8.720436021801e+01,1.114345354361e+00
8.721436071804e+01,1.114433094351e+00
8.722436121806e+01,1.114508478589e+00
8.723436171809e+01,1.114571506255e+00
8.724436221811e+01,1.114622176975e+00
8.725436271814e+01,1.114660490825e+00
8.726436321816e+01,1.114686448330e+00
8.727436371819e+01,1.114700050461e+00
8.728436421821e+01,1.114701298636e+00
8.729436471824e+01,1.114690194719e+00
8.730436521826e+01,1.114666741023e+00
8.731436571829e+01,1.114630940308e+00
8.732436621831e+01,1.114582795782e+00
8.733436671834e+01,1.114522311100e+00
8.734436721836e+01,1.114449490370e+00
8.735436771839e+01,1.114364338149e+00
8.736436821841e+01,1.114266859448e+00
8.737436871844e+01,1.114157059732e+00
8.738436921846e+01,1.114034944923e+00
8.739436971849e+01,1.113900521401e+00
8.740437021851e+01,1.113753796008e+00
8.741437071854e+01,1.113594776050e+00
8.742437121856e+01,1.113423469299e+00
8.743437171859e+01,1.113239883998e+00
8.744437221861e+01,1.113044028864e+00
8.745437271864e+01,1.112835913088e+00
8.746437321866e+01,1.112615546346e+00
8.747437371869e+01,1.112382938796e+00
8.748437421871e+01,1.112138101088e+00
8.749437471874e+01,1.111881044363e+00
8.750437521876e+01,1.111611780263e+00
8.751437571879e+01,1.111330320933e+00
8.752437621881e+01,1.111036679029e+00
8.753437671884e+01,1.110730867719e+00
8.754437721886e+01,1.110412900694e+00
8.755437771889e+01,1.110082792171e+00
8.756437821891e+01,1.109740556900e+00
8.757437871894e+01,1.109386210172e+00
8.758437921896e+01,1.109019767822e+00
8.759437971899e+01,1.108641246241e+00
8.760438021901e+01,1.108250662380e+00
8.761438071904e+01,1.107848033760e+00
8.762438121906e+01,1.107433378478e+00
8.763438171909e+01,1.107006715214e+00
8.764438221911e+01,1.106568063244e+00
8.765438271914e+01,1.106117442445e+00
8.766438321916e+01,1.105654873305e+00
8.767438371919e+01,1.105180376934e+00
8.768438421921e+01,1.104693975068e+00
8.769438471924e+01,1.104195690088e+00
8.770438521926e+01,1.103685545020e+00
8.771438571929e+01,1.103163563555e+00
8.772438621931e+01,1.102629770051e+00
8.773438671934e+01,1.102084189552e+00
8.774438721936e+01,1.101526847794e+00
8.775438771939e+01,1.100957771217e+00
8.776438821941e+01,1.100376986980e+00
8.777438871944e+01,1.099784522972e+00
8.778438921946e+01,1.099180407822e+00
8.779438971949e+01,1.098564670917e+00
8.780439021951e+01,1.097937342409e+00
8.781439071954e+01,1.097298453234e+00
8.782439121956e+01,1.096648035123e+00
8.783439171959e+01,1.095986120619e+00
8.784439221961e+01,1.095312743087e+00
8.785439271964e+01,1.094627936732e+00
8.786439321966e+01,1.093931736615e+00
8.787439371969e+01,1.093224178666e+00
8.788439421971e+01,1.092505299704e+00
8.789439471974e+01,1.091775137448e+00
8.790439521976e+01,1.091033730536e+00
8.791439571979e+01,1.090281118545e+00
8.792439621981e+01,1.089517342005e+00
8.793439671984e+01,1.088742442416e+00
8.794439721986e+01,1.087956462270e+00
8.795439771989e+01,1.087159445067e+00
8.796439821991e+01,1.086351435331e+00
8.797439871994e+01,1.085532478638e+00
8.798439921996e+01,1.084702621626e+00
8.799439971999e+01,1.083861912022e+00
8.800440022001e+01,1.083010398658e+00
8.801440072004e+01,1.082148131494e+00
8.802440122006e+01,1.081275161640e+00
8.803440172009e+01,1.080391541377e+00
8.804440222011e+01,1.079497324177e+00
8.805440272014e+01,1.078592564728e+00
8.806440322016e+01,1.077677318958e+00
8.807440372019e+01,1.076751644054e+00
8.808440422021e+01,1.075815598489e+00
8.809440472024e+01,1.074869242048e+00
8.810440522026e+01,1.073912635846e+00
8.811440572029e+01,1.072945842360e+00
8.812440622031e+01,1.071968925451e+00
8.813440672034e+01,1.070981950389e+00
8.814440722036e+01,1.069984983883e+00
8.815440772039e+01,1.068978094105e+00
8.816440822041e+01,1.067961350715e+00
8.817440872044e+01,1.066934824893e+00
8.818440922046e+01,1.065898589367e+00
8.819440972049e+01,1.064852718436e+00
8.820441022051e+01,1.063797288005e+00
8.821441072054e+01,1.062732375610e+00
8.822441122056e+01,1.061658060451e+00
8.823441172059e+01,1.060574423419e+00
8.824441222061e+01,1.059481547128e+00
8.825441272064e+01,1.058379515946e+00
8.826441322066e+01,1.057268416028e+00
8.827441372069e+01,1.056148335344e+00
8.828441422071e+01,1.055019363713e+00
8.829441472074e+01,1.053881592837e+00
8.830441522076e+01,1.052735116330e+00
8.831441572079e+01,1.051580029757e+00
8.832441622081e+01,1.050416430661e+00
8.833441672084e+01,1.049244418602e+00
8.834441722086e+01,1.048064095191e+00
8.835441772089e+01,1.046875564120e+00
8.836441822091e+01,1.045678931203e+00
8.837441872094e+01,1.044474304406e+00
8.838441922096e+01,1.043261793889e+00
8.839441972099e+01,1.042041512034e+00
8.840442022101e+01,1.040813573486e+00
8.841442072104e+01,1.039578095191e+00
8.842442122106e+01,1.038335196427e+00
8.843442172109e+01,1.037084998845e+00
8.844442222111e+01,1.035827626505e+00
8.845442272114e+01,1.034563205911e+00
8.846442322116e+01,1.033291866054e+00
8.847442372119e+01,1.032013738442e+00
8.848442422121e+01,1.030728957142e+00
8.849442472124e+01,1.029437658817e+00
8.850442522126e+01,1.028139982763e+00
8.851442572129e+01,1.026836070945e+00
8.852442622131e+01,1.025526068040e+00
8.853442672134e+01,1.024210121465e+00
8.854442722136e+01,1.022888381423e+00
8.855442772139e+01,1.021561000937e+00
8.856442822141e+01,1.020228135886e+00
8.857442872144e+01,1.018889945041e+00
8.858442922146e+01,1.017546590106e+00
8.859442972149e+01,1.016198235747e+00
8.860443022151e+01,1.014845049633e+00
8.861443072154e+01,1.013487202472e+00
8.862443122156e+01,1.012124868040e+00
8.863443172159e+01,1.010758223220e+00
8.864443222161e+01,1.009387448033e+00
8.865443272164e+01,1.008012725674e+00
8.866443322166e+01,1.006634242540e+00
8.867443372169e+01,1.005252188263e+00
8.868443422171e+01,1.003866755743e+00
8.869443472174e+01,1.002478141172e+00
8.870443522176e+01,1.001086544068e+00
8.871443572179e+01,9.996921672984e-01
8.872443622181e+01,9.982952171075e-01
8.873443672184e+01,9.968959031415e-01
8.874443722186e+01,9.954944384716e-01
8.875443772189e+01,9.940910396160e-01
8.876443822191e+01,9.926859265601e-01
8.877443872194e+01,9.912793227757e-01
8.878443922196e+01,9.898714552379e-01
8.879443972199e+01,9.884625544398e-01
8.880444022201e+01,9.870528544063e-01
8.881444072204e+01,9.856425927049e-01
8.882444122206e+01,9.842320104549e-01
8.883444172209e+01,9.828213523336e-01
8.884444222211e+01,9.814108665813e-01
8.885444272214e+01,9.800008050025e-01
8.886444322216e+01,9.785914229649e-01
8.887444372219e+01,9.771829793965e-01
8.888444422221e+01,9.757757367784e-01
8.889444472224e+01,9.743699611352e-01
8.890444522226e+01,9.729659220229e-01
8.891444572229e+01,9.715638925126e-01
8.892444622231e+01,9.701641491711e-01
8.893444672234e+01,9.687669720379e-01
8.894444722236e+01,9.673726445990e-01
8.895444772239e+01,9.659814537566e-01
8.896444822241e+01,9.645936897941e-01
8.897444872244e+01,9.632096463387e-01
8.898444922246e+01,9.618296203183e-01
8.899444972249e+01,9.604539119145e-01
8.900445022251e+01,9.590828245117e-01
8.901445072254e+01,9.577166646411e-01
8.902445122256e+01,9.563557419195e-01
8.903445172259e+01,9.550003689844e-01
8.904445222261e+01,9.536508614234e-01
8.905445272264e+01,9.523075376981e-01
8.906445322266e+01,9.509707190642e-01
8.907445372269e+01,9.496407294844e-01
8.908445422271e+01,9.483178955375e-01
8.909445472274e+01,9.470025463212e-01
8.910445522276e+01,9.456950133490e-01
8.911445572279e+01,9.443956304422e-01
8.912445622281e+01,9.431047336152e-01
8.913445672284e+01,9.418226609558e-01
8.914445722286e+01,9.405497524985e-01
8.915445772289e+01,9.392863500929e-01
8.916445822291e+01,9.380327972651e-01
8.917445872294e+01,9.367894390734e-01
8.918445922296e+01,9.355566219583e-01
8.919445972299e+01,9.343346935854e-01
8.920446022301e+01,9.331240026826e-01
8.921446072304e+01,9.319248988716e-01
8.922446122306e+01,9.307377324927e-01
8.923446172309e+01,9.295628544233e-01
8.924446222311e+01,9.284006158913e-01
8.925446272314e+01,9.272513682814e-01
8.926446322316e+01,9.261154629364e-01
8.927446372319e+01,9.249932509522e-01
8.928446422321e+01,9.238850829672e-01
8.929446472324e+01,9.227913089464e-01
8.930446522326e+01,9.217122779596e-01
8.931446572329e+01,9.206483379548e-01
8.932446622331e+01,9.195998355266e-01
8.933446672334e+01,9.185671156791e-01
8.934446722336e+01,9.175505215851e-01
8.935446772339e+01,9.165503943401e-01
8.936446822341e+01,9.155670727129e-01
8.937446872344e+01,9.146008928917e-01
8.938446922346e+01,9.136521882270e-01
8.939446972349e+01,9.127212889715e-01
8.940447022351e+01,9.118085220167e-01
8.941447072354e+01,9.109142106271e-01
8.942447122356e+01,9.100386741726e-01
8.943447172359e+01,9.091822278586e-01
8.944447222361e+01,9.083451824552e-01
8.945447272364e+01,9.075278440251e-01
8.946447322366e+01,9.067305136515e-01
8.947447372369e+01,9.059534871655e-01
8.948447422371e+01,9.051970548744e-01
8.949447472374e+01,9.044615012902e-01
8.950447522376e+01,9.037471048606e-01
8.951447572379e+01,9.030541377009e-01
8.952447622381e+01,9.023828653288e-01
8.953447672384e+01,9.017335464020e-01
8.954447722386e+01,9.011064324595e-01
8.955447772389e+01,9.005017676668e-01
8.956447822391e+01,8.999197885650e-01
8.957447872394e+01,8.993607238262e-01
8.958447922396e+01,8.988247940129e-01
8.959447972399e+01,8.983122113453e-01
8.960448022401e+01,8.978231794731e-01
8.961448072404e+01,8.973578932564e-01
8.962448122406e+01,8.969165385532e-01
8.963448172409e+01,8.964992920146e-01
8.964448222411e+01,8.961063208898e-01
8.965448272414e+01,8.957377828391e-01
8.966448322416e+01,8.953938257570e-01
8.967448372419e+01,8.950745876047e-01
8.968448422421e+01,8.947801962536e-01
8.969448472424e+01,8.945107693386e-01
8.970448522426e+01,8.942664141237e-01
8.971448572429e+01,8.940472273776e-01
8.972448622431e+01,8.938532952623e-01
8.973448672434e+01,8.936846932329e-01
8.974448722436e+01,8.935414859498e-01
8.975448772439e+01,8.934237272037e-01
8.976448822441e+01,8.933314598532e-01
8.977448872444e+01,8.932647157746e-01
8.978448922446e+01,8.932235158258e-01
8.979448972449e+01,8.932078698221e-01
8.980449022451e+01,8.932177765261e-01
8.981449072454e+01,8.932532236498e-01
8.982449122456e+01,8.933141878711e-01
8.983449172459e+01,8.934006348619e-01
8.984449222461e+01,8.935125193304e-01
8.985449272464e+01,8.936497850756e-01
8.986449322466e+01,8.938123650553e-01
8.987449372469e+01,8.940001814658e-01
8.988449422471e+01,8.942131458348e-01
8.989449472474e+01,8.944511591259e-01
8.990449522476e+01,8.947141118551e-01
8.991449572479e+01,8.950018842194e-01
8.992449622481e+01,8.953143462358e-01
8.993449672484e+01,8.956513578921e-01
8.994449722486e+01,8.960127693074e-01
8.995449772489e+01,8.963984209035e-01
8.996449822491e+01,8.968081435856e-01
8.997449872494e+01,8.972417589325e-01
8.998449922496e+01,8.976990793955e-01
8.999449972499e+01,8.981799085058e-01
9.000450022501e+01,8.986840410896e-01
9.001450072504e+01,8.992112634912e-01
9.002450122506e+01,8.997613538020e-01
9.003450172509e+01,9.003340820968e-01
9.004450222511e+01,9.009292106753e-01
9.005450272514e+01,9.015464943096e-01
9.006450322516e+01,9.021856804962e-01
9.007450372519e+01,9.028465097116e-01
9.008450422521e+01,9.035287156731e-01
9.009450472524e+01,9.042320256018e-01
9.010450522526e+01,9.049561604882e-01
9.011450572529e+01,9.057008353610e-01
9.012450622531e+01,9.064657595566e-01
9.013450672534e+01,9.072506369905e-01
9.014450722536e+01,9.080551664288e-01
9.015450772539e+01,9.088790417605e-01
9.016450822541e+01,9.097219522694e-01
9.017450872544e+01,9.105835829053e-01
9.018450922546e+01,9.114636145541e-01
9.019450972549e+01,9.123617243063e-01
9.020451022551e+01,9.132775857241e-01
9.021451072554e+01,9.142108691052e-01
9.022451122556e+01,9.151612417454e-01
9.023451172559e+01,9.161283681965e-01
9.024451222561e+01,9.171119105223e-01
9.025451272564e+01,9.181115285500e-01
9.026451322566e+01,9.191268801183e-01
9.027451372569e+01,9.201576213210e-01
9.028451422571e+01,9.212034067458e-01
9.029451472574e+01,9.222638897092e-01
9.030451522576e+01,9.233387224858e-01
9.031451572579e+01,9.244275565325e-01
9.032451622581e+01,9.255300427080e-01
9.033451672584e+01,9.266458314863e-01
9.034451722586e+01,9.277745731648e-01
9.035451772589e+01,9.289159180663e-01
9.036451822591e+01,9.300695167361e-01
9.037451872594e+01,9.312350201323e-01
9.038451922596e+01,9.324120798103e-01
9.039451972599e+01,9.336003481015e-01
9.040452022601e+01,9.347994782858e-01
9.041452072604e+01,9.360091247580e-01
9.042452122606e+01,9.372289431876e-01
9.043452172609e+01,9.384585906735e-01
9.044452222611e+01,9.396977258912e-01
9.045452272614e+01,9.409460092355e-01
9.046452322616e+01,9.422031029553e-01
9.047452372619e+01,9.434686712840e-01
9.048452422621e+01,9.447423805631e-01
9.049452472624e+01,9.460238993598e-01
9.050452522626e+01,9.473128985791e-01
9.051452572629e+01,9.486090515702e-01
9.052452622631e+01,9.499120342269e-01
9.053452672634e+01,9.512215250823e-01
9.054452722636e+01,9.525372053987e-01
9.055452772639e+01,9.538587592516e-01
9.056452822641e+01,9.551858736084e-01
9.057452872644e+01,9.565182384020e-01
9.058452922646e+01,9.578555465996e-01
9.059452972649e+01,9.591974942666e-01
9.060453022651e+01,9.605437806252e-01
9.061453072654e+01,9.618941081087e-01
9.062453122656e+01,9.632481824116e-01
9.063453172659e+01,9.646057125345e-01
9.064453222661e+01,9.659664108256e-01
9.065453272664e+01,9.673299930173e-01
9.066453322666e+01,9.686961782593e-01
9.067453372669e+01,9.700646891477e-01
9.068453422671e+01,9.714352517502e-01
9.069453472674e+01,9.728075956279e-01
9.070453522676e+01,9.741814538538e-01
9.071453572679e+01,9.755565630272e-01
9.072453622681e+01,9.769326632859e-01
9.073453672684e+01,9.783094983147e-01
9.074453722686e+01,9.796868153508e-01
9.075453772689e+01,9.810643651870e-01
9.076453822691e+01,9.824419021717e-01
9.077453872694e+01,9.838191842064e-01
9.078453922696e+01,9.851959727409e-01
9.079453972699e+01,9.865720327660e-01
9.080454022701e+01,9.879471328038e-01
9.081454072704e+01,9.893210448964e-01
9.082454122706e+01,9.906935445919e-01
9.083454172709e+01,9.920644109293e-01
9.084454222711e+01,9.934334264205e-01
9.085454272714e+01,9.948003770319e-01
9.086454322716e+01,9.961650521631e-01
9.087454372719e+01,9.975272446253e-01
9.088454422721e+01,9.988867506169e-01
9.089454472724e+01,1.000243369699e+00
9.090454522726e+01,1.001596904771e+00
9.091454572729e+01,1.002947162037e+00
9.092454622731e+01,1.004293950987e+00
9.093454672734e+01,1.005637084359e+00
9.094454722736e+01,1.006976378112e+00
9.095454772739e+01,1.008311651395e+00
9.096454822741e+01,1.009642726515e+00
9.097454872744e+01,1.010969428903e+00
9.098454922746e+01,1.012291587081e+00
9.099454972749e+01,1.013609032630e+00
9.100455022751e+01,1.014921600150e+00
9.101455072754e+01,1.016229127234e+00
9.102455122756e+01,1.017531454422e+00
9.103455172759e+01,1.018828425174e+00
9.104455222761e+01,1.020119885827e+00
9.105455272764e+01,1.021405685566e+00
9.106455322766e+01,1.022685676380e+00
9.107455372769e+01,1.023959713029e+00
9.108455422771e+01,1.025227653006e+00
9.109455472774e+01,1.026489356501e+00
9.110455522776e+01,1.027744686362e+00
9.111455572779e+01,1.028993508061e+00
9.112455622781e+01,1.030235689651e+00
9.113455672784e+01,1.031471101736e+00
9.114455722786e+01,1.032699617429e+00
9.115455772789e+01,1.033921112315e+00
9.116455822791e+01,1.035135464418e+00
9.117455872794e+01,1.036342554159e+00
9.118455922796e+01,1.037542264326e+00
9.119455972799e+01,1.038734480029e+00
9.120456022801e+01,1.039919088671e+00
9.121456072804e+01,1.041095979910e+00
9.122456122806e+01,1.042265045623e+00
9.123456172809e+01,1.043426179868e+00
9.124456222811e+01,1.044579278853e+00
9.125456272814e+01,1.045724240901e+00
9.126456322816e+01,1.046860966411e+00
9.127456372819e+01,1.047989357827e+00
9.128456422821e+01,1.049109319605e+00
9.129456472824e+01,1.050220758178e+00
9.130456522826e+01,1.051323581922e+00
9.131456572829e+01,1.052417701125e+00
9.132456622831e+01,1.053503027952e+00
9.133456672834e+01,1.054579476417e+00
9.134456722836e+01,1.055646962348e+00
9.135456772839e+01,1.056705403356e+00
9.136456822841e+01,1.057754718805e+00
9.137456872844e+01,1.058794829781e+00
9.138456922846e+01,1.059825659062e+00
9.139456972849e+01,1.060847131090e+00
9.140457022851e+01,1.061859171939e+00
9.141457072854e+01,1.062861709287e+00
9.142457122856e+01,1.063854672388e+00
9.143457172859e+01,1.064837992045e+00
9.144457222861e+01,1.065811600581e+00
9.145457272864e+01,1.066775431812e+00
9.146457322866e+01,1.067729421020e+00
9.147457372869e+01,1.068673504928e+00
9.148457422871e+01,1.069607621674e+00
9.149457472874e+01,1.070531710784e+00
9.150457522876e+01,1.071445713148e+00
9.151457572879e+01,1.072349570996e+00
9.152457622881e+01,1.073243227871e+00
9.153457672884e+01,1.074126628610e+00
9.154457722886e+01,1.074999719318e+00
9.155457772889e+01,1.075862447342e+00
9.156457822891e+01,1.076714761255e+00
9.157457872894e+01,1.077556610830e+00
9.158457922896e+01,1.078387947016e+00
9.159457972899e+01,1.079208721923e+00
9.160458022901e+01,1.080018888797e+00
9.161458072904e+01,1.080818401997e+00
9.162458122906e+01,1.081607216983e+00
9.163458172909e+01,1.082385290287e+00
9.164458222911e+01,1.083152579501e+00
9.165458272914e+01,1.083909043254e+00
9.166458322916e+01,1.084654641194e+00
9.167458372919e+01,1.085389333973e+00
9.168458422921e+01,1.086113083222e+00
9.169458472924e+01,1.086825851544e+00
9.170458522926e+01,1.087527602488e+00
9.171458572929e+01,1.088218300535e+00
9.172458622931e+01,1.088897911085e+00
9.173458672934e+01,1.089566400436e+00
9.174458722936e+01,1.090223735772e+00
9.175458772939e+01,1.090869885146e+00
9.176458822941e+01,1.091504817466e+00
9.177458872944e+01,1.092128502480e+00
9.178458922946e+01,1.092740910762e+00
9.179458972949e+01,1.093342013698e+00
9.180459022951e+01,1.093931783473e+00
9.181459072954e+01,1.094510193057e+00
9.182459122956e+01,1.095077216191e+00
9.183459172959e+01,1.095632827378e+00
9.184459222961e+01,1.096177001868e+00
9.185459272964e+01,1.096709715646e+00
9.186459322966e+01,1.097230945422e+00
9.187459372969e+01,1.097740668618e+00
9.188459422971e+01,1.098238863359e+00
9.189459472974e+01,1.098725508460e+00
9.190459522976e+01,1.099200583417e+00
9.191459572979e+01,1.099664068397e+00
9.192459622981e+01,1.100115944228e+00
9.193459672984e+01,1.100556192387e+00
9.194459722986e+01,1.100984794996e+00
9.195459772989e+01,1.101401734810e+00
9.196459822991e+01,1.101806995205e+00
9.197459872994e+01,1.102200560178e+00
9.198459922996e+01,1.102582414331e+00
9.199459972999e+01,1.102952542865e+00
9.200460023001e+01,1.103310931576e+00
9.201460073004e+01,1.103657566844e+00
9.202460123006e+01,1.103992435628e+00
9.203460173009e+01,1.104315525458e+00
9.204460223011e+01,1.104626824427e+00
9.205460273014e+01,1.104926321190e+00
9.206460323016e+01,1.105214004952e+00
9.207460373019e+01,1.105489865466e+00
9.208460423021e+01,1.105753893027e+00
9.209460473024e+01,1.106006078463e+00
9.210460523026e+01,1.106246413136e+00
9.211460573029e+01,1.106474888934e+00
9.212460623031e+01,1.106691498267e+00
9.213460673034e+01,1.106896234060e+00
9.214460723036e+01,1.107089089754e+00
9.215460773039e+01,1.107270059299e+00
9.216460823041e+01,1.107439137151e+00
9.217460873044e+01,1.107596318270e+00
9.218460923046e+01,1.107741598112e+00
9.219460973049e+01,1.107874972635e+00
9.220461023051e+01,1.107996438287e+00
9.221461073054e+01,1.108105992010e+00
9.222461123056e+01,1.108203631235e+00
9.223461173059e+01,1.108289353881e+00
9.224461223061e+01,1.108363158352e+00
9.225461273064e+01,1.108425043539e+00
9.226461323066e+01,1.108475008814e+00
9.227461373069e+01,1.108513054031e+00
9.228461423071e+01,1.108539179528e+00
9.229461473074e+01,1.108553386122e+00
9.230461523076e+01,1.108555675111e+00
9.231461573079e+01,1.108546048273e+00
9.232461623081e+01,1.108524507867e+00
9.233461673084e+01,1.108491056633e+00
9.234461723086e+01,1.108445697793e+00
9.235461773089e+01,1.108388435049e+00
9.236461823091e+01,1.108319272589e+00
9.237461873094e+01,1.108238215084e+00
9.238461923096e+01,1.108145267691e+00
9.239461973099e+01,1.108040436054e+00
9.240462023101e+01,1.107923726308e+00
9.241462073104e+01,1.107795145077e+00
9.242462123106e+01,1.107654699483e+00
9.243462173109e+01,1.107502397140e+00
9.244462223111e+01,1.107338246165e+00
9.245462273114e+01,1.107162255175e+00
9.246462323116e+01,1.106974433294e+00
9.247462373119e+01,1.106774790155e+00
9.248462423121e+01,1.106563335903e+00
9.249462473124e+01,1.106340081200e+00
9.250462523126e+01,1.106105037231e+00
9.251462573129e+01,1.105858215703e+00
9.252462623131e+01,1.105599628857e+00
9.253462673134e+01,1.105329289466e+00
9.254462723136e+01,1.105047210844e+00
9.255462773139e+01,1.104753406852e+00
9.256462823141e+01,1.104447891900e+00
9.257462873144e+01,1.104130680958e+00
9.258462923146e+01,1.103801789555e+00
9.259462973149e+01,1.103461233793e+00
9.260463023151e+01,1.103109030349e+00
9.261463073154e+01,1.102745196483e+00
9.262463123156e+01,1.102369750046e+00
9.263463173159e+01,1.101982709484e+00
9.264463223161e+01,1.101584093851e+00
9.265463273164e+01,1.101173922811e+00
9.266463323166e+01,1.100752216653e+00
9.267463373169e+01,1.100318996292e+00
9.268463423171e+01,1.099874283283e+00
9.269463473174e+01,1.099418099827e+00
9.270463523176e+01,1.098950468782e+00
9.271463573179e+01,1.098471413672e+00
9.272463623181e+01,1.097980958696e+00
9.273463673184e+01,1.097479128740e+00
9.274463723186e+01,1.096965949382e+00
9.275463773189e+01,1.096441446912e+00
9.276463823191e+01,1.095905648332e+00
9.277463873194e+01,1.095358581376e+00
9.278463923196e+01,1.094800274516e+00
9.279463973199e+01,1.094230756977e+00
9.280464023201e+01,1.093650058746e+00
9.281464073204e+01,1.093058210589e+00
9.282464123206e+01,1.092455244056e+00
9.283464173209e+01,1.091841191503e+00
9.284464223211e+01,1.091216086098e+00
9.285464273214e+01,1.090579961839e+00
9.286464323216e+01,1.089932853564e+00
9.287464373219e+01,1.089274796969e+00
9.288464423221e+01,1.088605828622e+00
9.289464473224e+01,1.087925985974e+00
9.290464523226e+01,1.087235307377e+00
9.291464573229e+01,1.086533832101e+00
9.292464623231e+01,1.085821600348e+00
9.293464673234e+01,1.085098653265e+00
9.294464723236e+01,1.084365032967e+00
9.295464773239e+01,1.083620782548e+00
9.296464823241e+01,1.082865946101e+00
9.297464873244e+01,1.082100568735e+00
9.298464923246e+01,1.081324696594e+00
9.299464973249e+01,1.080538376870e+00
9.300465023251e+01,1.079741657829e+00
9.301465073254e+01,1.078934588824e+00
9.302465123256e+01,1.078117220317e+00
9.303465173259e+01,1.077289603897e+00
9.304465223261e+01,1.076451792301e+00
9.305465273264e+01,1.075603839434e+00
9.306465323266e+01,1.074745800389e+00
9.307465373269e+01,1.073877731468e+00
9.308465423271e+01,1.072999690205e+00
9.309465473274e+01,1.072111735385e+00
9.310465523276e+01,1.071213927068e+00
9.311465573279e+01,1.070306326611e+00
9.312465623281e+01,1.069388996688e+00
9.313465673284e+01,1.068462001320e+00
9.314465723286e+01,1.067525405889e+00
9.315465773289e+01,1.066579277170e+00
9.316465823291e+01,1.065623683351e+00
9.317465873294e+01,1.064658694058e+00
9.318465923296e+01,1.063684380382e+00
9.319465973299e+01,1.062700814900e+00
9.320466023301e+01,1.061708071705e+00
9.321466073304e+01,1.060706226430e+00
9.322466123306e+01,1.059695356273e+00
9.323466173309e+01,1.058675540026e+00
9.324466223311e+01,1.057646858101e+00
9.325466273314e+01,1.056609392555e+00
9.326466323316e+01,1.055563227123e+00
9.327466373319e+01,1.054508447239e+00
9.328466423321e+01,1.053445140072e+00
9.329466473324e+01,1.052373394546e+00
9.330466523326e+01,1.051293301375e+00
9.331466573329e+01,1.050204953091e+00
9.332466623331e+01,1.049108444072e+00
9.333466673334e+01,1.048003870572e+00
9.334466723336e+01,1.046891330751e+00
9.335466773339e+01,1.045770924706e+00
9.336466823341e+01,1.044642754500e+00
9.337466873344e+01,1.043506924195e+00
9.338466923346e+01,1.042363539878e+00
9.339466973349e+01,1.041212709698e+00
9.340467023351e+01,1.040054543894e+00
9.341467073354e+01,1.038889154826e+00
9.342467123356e+01,1.037716657007e+00
9.343467173359e+01,1.036537167136e+00
9.344467223361e+01,1.035350804128e+00
9.345467273364e+01,1.034157689146e+00
9.346467323366e+01,1.032957945633e+00
9.347467373369e+01,1.031751699346e+00
9.348467423371e+01,1.030539078384e+00
9.349467473374e+01,1.029320213222e+00
9.350467523376e+01,1.028095236744e+00
9.351467573379e+01,1.026864284273e+00
9.352467623381e+01,1.025627493603e+00
9.353467673384e+01,1.024385005031e+00
9.354467723386e+01,1.023136961387e+00
9.355467773389e+01,1.021883508068e+00
9.356467823391e+01,1.020624793065e+00
9.357467873394e+01,1.019360966997e+00
9.358467923396e+01,1.018092183139e+00
9.359467973399e+01,1.016818597454e+00
9.360468023401e+01,1.015540368619e+00
9.361468073404e+01,1.014257658060e+00
9.362468123406e+01,1.012970629973e+00
9.363468173409e+01,1.011679451358e+00
9.364468223411e+01,1.010384292043e+00
9.365468273414e+01,1.009085324712e+00
9.366468323416e+01,1.007782724932e+00
9.367468373419e+01,1.006476671175e+00
9.368468423421e+01,1.005167344845e+00
9.369468473424e+01,1.003854930300e+00
9.370468523426e+01,1.002539614877e+00
9.371468573429e+01,1.001221588908e+00
9.372468623431e+01,9.999010457470e-01
9.373468673434e+01,9.985781817839e-01
9.374468723436e+01,9.972531964649e-01
9.375468773439e+01,9.959262923084e-01
9.376468823441e+01,9.945976749198e-01
9.377468873444e+01,9.932675530057e-01
9.378468923446e+01,9.919361383857e-01
9.379468973449e+01,9.906036460024e-01
9.380469023451e+01,9.892702939309e-01
9.381469073454e+01,9.879363033849e-01
9.382469123456e+01,9.866018987217e-01
9.383469173459e+01,9.852673074455e-01
9.384469223461e+01,9.839327602078e-01
9.385469273464e+01,9.825984908060e-01
9.386469323466e+01,9.812647361796e-01
9.387469373469e+01,9.799317364043e-01
9.388469423471e+01,9.785997346833e-01
9.389469473474e+01,9.772689773358e-01
9.390469523476e+01,9.759397137830e-01
9.391469573479e+01,9.746121965319e-01
9.392469623481e+01,9.732866811547e-01
9.393469673484e+01,9.719634262670e-01
9.394469723486e+01,9.706426935011e-01
9.395469773489e+01,9.693247474774e-01
9.396469823491e+01,9.680098557717e-01
9.397469873494e+01,9.666982888794e-01
9.398469923496e+01,9.653903201760e-01
9.399469973499e+01,9.640862258738e-01
9.400470023501e+01,9.627862849754e-01
9.401470073504e+01,9.614907792222e-01
9.402470123506e+01,9.601999930405e-01
9.403470173509e+01,9.589142134817e-01
9.404470223511e+01,9.576337301603e-01
9.405470273514e+01,9.563588351855e-01
9.406470323516e+01,9.550898230907e-01
9.407470373519e+01,9.538269907564e-01
9.408470423521e+01,9.525706373302e-01
9.409470473524e+01,9.513210641412e-01
9.410470523526e+01,9.500785746103e-01
9.411470573529e+01,9.488434741552e-01
9.412470623531e+01,9.476160700915e-01
9.413470673534e+01,9.463966715273e-01
9.414470723536e+01,9.451855892548e-01
9.415470773539e+01,9.439831356354e-01
9.416470823541e+01,9.427896244807e-01
9.417470873544e+01,9.416053709279e-01
9.418470923546e+01,9.404306913101e-01
9.419470973549e+01,9.392659030226e-01
9.420471023551e+01,9.381113243822e-01
9.421471073554e+01,9.369672744834e-01
9.422471123556e+01,9.358340730480e-01
9.423471173559e+01,9.347120402708e-01
9.424471223561e+01,9.336014966593e-01
9.425471273564e+01,9.325027628695e-01
9.426471323566e+01,9.314161595361e-01
9.427471373569e+01,9.303420070979e-01
9.428471423571e+01,9.292806256192e-01
9.429471473574e+01,9.282323346056e-01
9.430471523576e+01,9.271974528160e-01
9.431471573579e+01,9.261762980703e-01
9.432471623581e+01,9.251691870523e-01
9.433471673584e+01,9.241764351091e-01
9.434471723586e+01,9.231983560464e-01
9.435471773589e+01,9.222352619202e-01
9.436471823591e+01,9.212874628248e-01
9.437471873594e+01,9.203552666779e-01
9.438471923596e+01,9.194389790023e-01
9.439471973599e+01,9.185389027051e-01
9.440472023601e+01,9.176553378543e-01
9.441472073604e+01,9.167885814530e-01
9.442472123606e+01,9.159389272119e-01
9.443472173609e+01,9.151066653198e-01
9.444472223611e+01,9.142920822136e-01
9.445472273614e+01,9.134954603458e-01
9.446472323616e+01,9.127170779532e-01
9.447472373619e+01,9.119572088236e-01
9.448472423621e+01,9.112161220639e-01
9.449472473624e+01,9.104940818677e-01
9.450472523626e+01,9.097913472841e-01
9.451472573629e+01,9.091081719881e-01
9.452472623631e+01,9.084448040516e-01
9.453472673634e+01,9.078014857177e-01
9.454472723636e+01,9.071784531764e-01
9.455472773639e+01,9.065759363438e-01
9.456472823641e+01,9.059941586439e-01
9.457472873644e+01,9.054333367952e-01
9.458472923646e+01,9.048936806001e-01
9.459472973649e+01,9.043753927398e-01
9.460473023651e+01,9.038786685739e-01
9.461473073654e+01,9.034036959450e-01
9.462473123656e+01,9.029506549896e-01
9.463473173659e+01,9.025197179549e-01
9.464473223661e+01,9.021110490222e-01
9.465473273664e+01,9.017248041372e-01
9.466473323666e+01,9.013611308478e-01
9.467473373669e+01,9.010201681496e-01
9.468473423671e+01,9.007020463391e-01
9.469473473674e+01,9.004068868757e-01
9.470473523676e+01,9.001348022519e-01
9.471473573679e+01,8.998858958732e-01
9.472473623681e+01,8.996602619468e-01
9.473473673684e+01,8.994579853793e-01
9.474473723686e+01,8.992791416856e-01
9.475473773689e+01,8.991237969062e-01
9.476473823691e+01,8.989920075360e-01
9.477473873694e+01,8.988838204625e-01
9.478473923696e+01,8.987992729150e-01
9.479473973699e+01,8.987383924242e-01
9.480474023701e+01,8.987011967928e-01
9.481474073704e+01,8.986876940767e-01
9.482474123706e+01,8.986978825767e-01
9.483474173709e+01,8.987317508420e-01
9.484474223711e+01,8.987892776833e-01
9.485474273714e+01,8.988704321979e-01
9.486474323716e+01,8.989751738047e-01
9.487474373719e+01,8.991034522904e-01
9.488474423721e+01,8.992552078658e-01
9.489474473724e+01,8.994303712330e-01
9.490474523726e+01,8.996288636625e-01
9.491474573729e+01,8.998505970806e-01
9.492474623731e+01,9.000954741663e-01
9.493474673734e+01,9.003633884585e-01
9.494474723736e+01,9.006542244720e-01
9.495474773739e+01,9.009678578224e-01
9.496474823741e+01,9.013041553611e-01
9.497474873744e+01,9.016629753171e-01
9.498474923746e+01,9.020441674480e-01
9.499474973749e+01,9.024475731991e-01
9.500475023751e+01,9.028730258690e-01
9.501475073754e+01,9.033203507830e-01
9.502475123756e+01,9.037893654733e-01
9.503475173759e+01,9.042798798652e-01
9.504475223761e+01,9.047916964694e-01
9.505475273764e+01,9.053246105798e-01
9.506475323766e+01,9.058784104766e-01
9.507475373769e+01,9.064528776341e-01
9.508475423771e+01,9.070477869322e-01
9.509475473774e+01,9.076629068729e-01
9.510475523776e+01,9.082979997993e-01
9.511475573779e+01,9.089528221182e-01
9.512475623781e+01,9.096271245248e-01
9.513475673784e+01,9.103206522300e-01
9.514475723786e+01,9.110331451899e-01
9.515475773789e+01,9.117643383353e-01
9.516475823791e+01,9.125139618040e-01
9.517475873794e+01,9.132817411724e-01
9.518475923796e+01,9.140673976878e-01
9.519475973799e+01,9.148706485007e-01
9.520476023801e+01,9.156912068963e-01
9.521476073804e+01,9.165287825251e-01
9.522476123806e+01,9.173830816332e-01
9.523476173809e+01,9.182538072896e-01
9.524476223811e+01,9.191406596133e-01
9.525476273814e+01,9.200433359968e-01
9.526476323816e+01,9.209615313285e-01
9.527476373819e+01,9.218949382116e-01
9.528476423821e+01,9.228432471804e-01
9.529476473824e+01,9.238061469133e-01
9.530476523826e+01,9.247833244429e-01
9.531476573829e+01,9.257744653617e-01
9.532476623831e+01,9.267792540247e-01
9.533476673834e+01,9.277973737480e-01
9.534476723836e+01,9.288285070025e-01
9.535476773839e+01,9.298723356044e-01
9.536476823841e+01,9.309285409009e-01
9.537476873844e+01,9.319968039505e-01
9.538476923846e+01,9.330768057003e-01
9.539476973849e+01,9.341682271571e-01
9.540477023851e+01,9.352707495542e-01
9.541477073854e+01,9.363840545136e-01
9.542477123856e+01,9.375078242029e-01
9.543477173859e+01,9.386417414873e-01
9.544477223861e+01,9.397854900763e-01
9.545477273864e+01,9.409387546658e-01
9.546477323866e+01,9.421012210750e-01
9.547477373869e+01,9.432725763779e-01
9.548477423871e+01,9.444525090303e-01
9.549477473874e+01,9.456407089910e-01
9.550477523876e+01,9.468368678390e-01
9.551477573879e+01,9.480406788845e-01
9.552477623881e+01,9.492518372762e-01
9.553477673884e+01,9.504700401027e-01
9.554477723886e+01,9.516949864895e-01
9.555477773889e+01,9.529263776915e-01
9.556477823891e+01,9.541639171799e-01
9.557477873894e+01,9.554073107258e-01
9.558477923896e+01,9.566562664776e-01
9.559477973899e+01,9.579104950356e-01
9.560478023901e+01,9.591697095209e-01
9.561478073904e+01,9.604336256408e-01
9.562478123906e+01,9.617019617494e-01
9.563478173909e+01,9.629744389047e-01
9.564478223911e+01,9.642507809212e-01
9.565478273914e+01,9.655307144189e-01
9.566478323916e+01,9.668139688682e-01
9.567478373919e+01,9.681002766313e-01
9.568478423921e+01,9.693893730002e-01
9.569478473924e+01,9.706809962304e-01
9.570478523926e+01,9.719748875723e-01
9.571478573929e+01,9.732707912987e-01
9.572478623931e+01,9.745684547289e-01
9.573478673934e+01,9.758676282503e-01
9.574478723936e+01,9.771680653367e-01
9.575478773939e+01,9.784695225638e-01
9.576478823941e+01,9.797717596220e-01
9.577478873944e+01,9.810745393266e-01
9.578478923946e+01,9.823776276251e-01
9.579478973949e+01,9.836807936025e-01
9.580479023951e+01,9.849838094842e-01
9.581479073954e+01,9.862864506363e-01
9.582479123956e+01,9.875884955639e-01
9.583479173959e+01,9.888897259078e-01
9.584479223961e+01,9.901899264385e-01
9.585479273964e+01,9.914888850489e-01
9.586479323966e+01,9.927863927447e-01
9.587479373969e+01,9.940822436340e-01
9.588479423971e+01,9.953762349140e-01
9.589479473974e+01,9.966681668573e-01
9.590479523976e+01,9.979578427963e-01
9.591479573979e+01,9.992450691061e-01
9.592479623981e+01,1.000529655186e+00
9.593479673984e+01,1.001811413442e+00
9.594479723986e+01,1.003090159263e+00
9.595479773989e+01,1.004365711000e+00
9.596479823991e+01,1.005637889948e+00
9.597479873994e+01,1.006906520315e+00
9.598479923996e+01,1.008171429202e+00
9.599479973999e+01,1.009432446578e+00
9.600480024001e+01,1.010689405253e+00
9.601480074004e+01,1.011942140850e+00
9.602480124006e+01,1.013190491780e+00
9.603480174009e+01,1.014434299212e+00
9.604480224011e+01,1.015673407046e+00
9.605480274014e+01,1.016907661883e+00
9.606480324016e+01,1.018136912996e+00
9.607480374019e+01,1.019361012303e+00
9.608480424021e+01,1.020579814329e+00
9.609480474024e+01,1.021793176185e+00
9.610480524026e+01,1.023000957532e+00
9.611480574029e+01,1.024203020550e+00
9.612480624031e+01,1.025399229909e+00
9.613480674034e+01,1.026589452736e+00
9.614480724036e+01,1.027773558584e+00
9.615480774039e+01,1.028951419401e+00
9.616480824041e+01,1.030122909500e+00
9.617480874044e+01,1.031287905522e+00
9.618480924046e+01,1.032446286410e+00
9.619480974049e+01,1.033597933376e+00
9.620481024051e+01,1.034742729867e+00
9.621481074054e+01,1.035880561538e+00
9.622481124056e+01,1.037011316214e+00
9.623481174059e+01,1.038134883866e+00
9.624481224061e+01,1.039251156575e+00
9.625481274064e+01,1.040360028504e+00
9.626481324066e+01,1.041461395864e+00
9.627481374069e+01,1.042555156886e+00
9.628481424071e+01,1.043641211790e+00
9.629481474074e+01,1.044719462753e+00
9.630481524076e+01,1.045789813881e+00
9.631481574079e+01,1.046852171180e+00
9.632481624081e+01,1.047906442524e+00
9.633481674084e+01,1.048952537627e+00
9.634481724086e+01,1.049990368014e+00
9.635481774089e+01,1.051019846992e+00
9.636481824091e+01,1.052040889622e+00
9.637481874094e+01,1.053053412690e+00
9.638481924096e+01,1.054057334683e+00
9.639481974099e+01,1.055052575754e+00
9.640482024101e+01,1.056039057703e+00
9.641482074104e+01,1.057016703945e+00
9.642482124106e+01,1.057985439484e+00
9.643482174109e+01,1.058945190889e+00
9.644482224111e+01,1.059895886267e+00
9.645482274114e+01,1.060837455238e+00
9.646482324116e+01,1.061769828907e+00
9.647482374119e+01,1.062692939844e+00
9.648482424121e+01,1.063606722057e+00
9.649482474124e+01,1.064511110966e+00
9.650482524126e+01,1.065406043384e+00
9.651482574129e+01,1.066291457487e+00
9.652482624131e+01,1.067167292800e+00
9.653482674134e+01,1.068033490166e+00
9.654482724136e+01,1.068889991726e+00
9.655482774139e+01,1.069736740901e+00
9.656482824141e+01,1.070573682365e+00
9.657482874144e+01,1.071400762028e+00
9.658482924146e+01,1.072217927011e+00
9.659482974149e+01,1.073025125629e+00
9.660483024151e+01,1.073822307371e+00
9.661483074154e+01,1.074609422876e+00
9.662483124156e+01,1.075386423919e+00
9.663483174159e+01,1.076153263386e+00
9.664483224161e+01,1.076909895262e+00
9.665483274164e+01,1.077656274606e+00
9.666483324166e+01,1.078392357538e+00
9.667483374169e+01,1.079118101219e+00
9.668483424171e+01,1.079833463833e+00
9.669483474174e+01,1.080538404571e+00
9.670483524176e+01,1.081232883615e+00
9.671483574179e+01,1.081916862120e+00
9.672483624181e+01,1.082590302198e+00
9.673483674184e+01,1.083253166905e+00
9.674483724186e+01,1.083905420222e+00
9.675483774189e+01,1.084547027043e+00
9.676483824191e+01,1.085177953156e+00
9.677483874194e+01,1.085798165235e+00
9.678483924196e+01,1.086407630821e+00
9.679483974199e+01,1.087006318308e+00
9.680484024201e+01,1.087594196934e+00
9.681484074204e+01,1.088171236762e+00
9.682484124206e+01,1.088737408671e+00
9.683484174209e+01,1.089292684345e+00
9.684484224211e+01,1.089837036256e+00
9.685484274214e+01,1.090370437653e+00
9.686484324216e+01,1.090892862554e+00
9.687484374219e+01,1.091404285732e+00
9.688484424221e+01,1.091904682703e+00
9.689484474224e+01,1.092394029718e+00
9.690484524226e+01,1.092872303751e+00
9.691484574229e+01,1.093339482486e+00
9.692484624231e+01,1.093795544313e+00
9.693484674234e+01,1.094240468314e+00
9.694484724236e+01,1.094674234254e+00
9.695484774239e+01,1.095096822573e+00
9.696484824241e+01,1.095508214377e+00
9.697484874244e+01,1.095908391430e+00
9.698484924246e+01,1.096297336143e+00
9.699484974249e+01,1.096675031569e+00
9.700485024251e+01,1.097041461394e+00
9.701485074254e+01,1.097396609929e+00
9.702485124256e+01,1.097740462103e+00
9.703485174259e+01,1.098073003458e+00
9.704485224261e+01,1.098394220137e+00
9.705485274264e+01,1.098704098884e+00
9.706485324266e+01,1.099002627034e+00
9.707485374269e+01,1.099289792505e+00
9.708485424271e+01,1.099565583798e+00
9.709485474274e+01,1.099829989987e+00
9.710485524276e+01,1.100083000714e+00
9.711485574279e+01,1.100324606186e+00
9.712485624281e+01,1.100554797169e+00
9.713485674284e+01,1.100773564982e+00
9.714485724286e+01,1.100980901495e+00
9.715485774289e+01,1.101176799124e+00
9.716485824291e+01,1.101361250828e+00
9.717485874294e+01,1.101534250102e+00
9.718485924296e+01,1.101695790977e+00
9.719485974299e+01,1.101845868017e+00
9.720486024301e+01,1.101984476312e+00
9.721486074304e+01,1.102111611481e+00
9.722486124306e+01,1.102227269663e+00
9.723486174309e+01,1.102331447522e+00
9.724486224311e+01,1.102424142237e+00
9.725486274314e+01,1.102505351507e+00
9.726486324316e+01,1.102575073545e+00
9.727486374319e+01,1.102633307079e+00
9.728486424321e+01,1.102680051350e+00
9.729486474324e+01,1.102715306109e+00
9.730486524326e+01,1.102739071620e+00
9.731486574329e+01,1.102751348658e+00
9.732486624331e+01,1.102752138505e+00
9.733486674334e+01,1.102741442957e+00
9.734486724336e+01,1.102719264318e+00
9.735486774339e+01,1.102685605403e+00
9.736486824341e+01,1.102640469538e+00
9.737486874344e+01,1.102583860561e+00
9.738486924346e+01,1.102515782823e+00
9.739486974349e+01,1.102436241189e+00
9.740487024351e+01,1.102345241038e+00
9.741487074354e+01,1.102242788269e+00
9.742487124356e+01,1.102128889296e+00
9.743487174359e+01,1.102003551058e+00
9.744487224361e+01,1.101866781014e+00
9.745487274364e+01,1.101718587151e+00
9.746487324366e+01,1.101558977983e+00
9.747487374369e+01,1.101387962556e+00
9.748487424371e+01,1.101205550451e+00
9.749487474374e+01,1.101011751786e+00
9.750487524376e+01,1.100806577221e+00
9.751487574379e+01,1.100590037963e+00
9.752487624381e+01,1.100362145766e+00
9.753487674384e+01,1.100122912938e+00
9.754487724386e+01,1.099872352348e+00
9.755487774389e+01,1.099610477424e+00
9.756487824391e+01,1.099337302167e+00
9.757487874394e+01,1.099052841146e+00
9.758487924396e+01,1.098757109512e+00
9.759487974399e+01,1.098450123000e+00
9.760488024401e+01,1.098131897934e+00
9.761488074404e+01,1.097802451234e+00
9.762488124406e+01,1.097461800425e+00
9.763488174409e+01,1.097109963639e+00
9.764488224411e+01,1.096746959626e+00
9.765488274414e+01,1.096372807759e+00
9.766488324416e+01,1.095987528039e+00
9.767488374419e+01,1.095591141108e+00
9.768488424421e+01,1.095183668254e+00
9.769488474424e+01,1.094765131417e+00
9.770488524426e+01,1.094335553202e+00
9.771488574429e+01,1.093894956882e+00
9.772488624431e+01,1.093443366412e+00
9.773488674434e+01,1.092980806436e+00
9.774488724436e+01,1.092507302295e+00
9.775488774439e+01,1.092022880038e+00
9.776488824441e+01,1.091527566431e+00
9.777488874444e+01,1.091021388970e+00
9.778488924446e+01,1.090504375887e+00
9.779488974449e+01,1.089976556164e+00
9.780489024451e+01,1.089437959542e+00
9.781489074454e+01,1.088888616534e+00
9.782489124456e+01,1.088328558433e+00
9.783489174459e+01,1.087757817329e+00
9.784489224461e+01,1.087176426116e+00
9.785489274464e+01,1.086584418507e+00
9.786489324466e+01,1.085981829047e+00
9.787489374469e+01,1.085368693123e+00
9.788489424471e+01,1.084745046981e+00
9.789489474474e+01,1.084110927735e+00
9.790489524476e+01,1.083466373384e+00
9.791489574479e+01,1.082811422826e+00
9.792489624481e+01,1.082146115871e+00
9.793489674484e+01,1.081470493255e+00
9.794489724486e+01,1.080784596656e+00
9.795489774489e+01,1.080088468710e+00
9.796489824491e+01,1.079382153025e+00
9.797489874494e+01,1.078665694195e+00
9.798489924496e+01,1.077939137822e+00
9.799489974499e+01,1.077202530527e+00
9.800490024501e+01,1.076455919966e+00
9.801490074504e+01,1.075699354852e+00
9.802490124506e+01,1.074932884970e+00
9.803490174509e+01,1.074156561191e+00
9.804490224511e+01,1.073370435496e+00
9.805490274514e+01,1.072574560989e+00
9.806490324516e+01,1.071768991918e+00
9.807490374519e+01,1.070953783696e+00
9.808490424521e+01,1.070128992913e+00
9.809490474524e+01,1.069294677364e+00
9.810490524526e+01,1.068450896063e+00
9.811490574529e+01,1.067597709264e+00
9.812490624531e+01,1.066735178483e+00
9.813490674534e+01,1.065863366517e+00
9.814490724536e+01,1.064982337466e+00
9.815490774539e+01,1.064092156754e+00
9.816490824541e+01,1.063192891149e+00
9.817490874544e+01,1.062284608788e+00
9.818490924546e+01,1.061367379195e+00
9.819490974549e+01,1.060441273308e+00
9.820491024551e+01,1.059506363497e+00
9.821491074554e+01,1.058562723590e+00
9.822491124556e+01,1.057610428896e+00
9.823491174559e+01,1.056649556229e+00
9.824491224561e+01,1.055680183927e+00
9.825491274564e+01,1.054702391884e+00
9.826491324566e+01,1.053716261567e+00
9.827491374569e+01,1.052721876047e+00
9.828491424571e+01,1.051719320016e+00
9.829491474574e+01,1.050708679819e+00
9.830491524576e+01,1.049690043479e+00
9.831491574579e+01,1.048663500715e+00
9.832491624581e+01,1.047629142976e+00
9.833491674584e+01,1.046587063465e+00
9.834491724586e+01,1.045537357160e+00
9.835491774589e+01,1.044480120848e+00
9.836491824591e+01,1.043415453144e+00
9.837491874594e+01,1.042343454524e+00
9.838491924596e+01,1.041264227346e+00
9.839491974599e+01,1.040177875882e+00
9.840492024601e+01,1.039084506340e+00
9.841492074604e+01,1.037984226897e+00
9.842492124606e+01,1.036877147718e+00
9.843492174609e+01,1.035763380992e+00
9.844492224611e+01,1.034643040952e+00
9.845492274614e+01,1.033516243906e+00
9.846492324616e+01,1.032383108264e+00
9.847492374619e+01,1.031243754564e+00
9.848492424621e+01,1.030098305500e+00
9.849492474624e+01,1.028946885947e+00
9.850492524626e+01,1.027789622992e+00
9.851492574629e+01,1.026626645956e+00
9.852492624631e+01,1.025458086427e+00
9.853492674634e+01,1.024284078277e+00
9.854492724636e+01,1.023104757699e+00
9.855492774639e+01,1.021920263225e+00
9.856492824641e+01,1.020730735755e+00
9.857492874644e+01,1.019536318582e+00
9.858492924646e+01,1.018337157418e+00
9.859492974649e+01,1.017133400417e+00
9.860493024651e+01,1.015925198201e+00
9.861493074654e+01,1.014712703879e+00
9.862493124656e+01,1.013496073080e+00
9.863493174659e+01,1.012275463964e+00
9.864493224661e+01,1.011051037254e+00
9.865493274664e+01,1.009822956251e+00
9.866493324666e+01,1.008591386856e+00
9.867493374669e+01,1.007356497594e+00
9.868493424671e+01,1.006118459627e+00
9.869493474674e+01,1.004877446778e+00
9.870493524676e+01,1.003633635544e+00
9.871493574679e+01,1.002387205115e+00
9.872493624681e+01,1.001138337388e+00
9.873493674684e+01,9.998872169837e-01
9.874493724686e+01,9.986340312555e-01
9.875493774689e+01,9.973789703055e-01
9.876493824691e+01,9.961222269929e-01
9.877493874694e+01,9.948639969442e-01
9.878493924696e+01,9.936044785605e-01
9.879493974699e+01,9.923438730242e-01
9.880494024701e+01,9.910823843038e-01
9.881494074704e+01,9.898202191572e-01
9.882494124706e+01,9.885575871326e-01
9.883494174709e+01,9.872947005690e-01
9.884494224711e+01,9.860317745933e-01
9.885494274714e+01,9.847690271164e-01
9.886494324716e+01,9.835066788272e-01
9.887494374719e+01,9.822449531839e-01
9.888494424721e+01,9.809840764038e-01
9.889494474724e+01,9.797242774507e-01
9.890494524726e+01,9.784657880192e-01
9.891494574729e+01,9.772088425177e-01
9.892494624731e+01,9.759536780478e-01
9.893494674734e+01,9.747005343819e-01
9.894494724736e+01,9.734496539378e-01
9.895494774739e+01,9.722012817502e-01
9.896494824741e+01,9.709556654397e-01
9.897494874744e+01,9.697130551789e-01
9.898494924746e+01,9.684737036548e-01
9.899494974749e+01,9.672378660293e-01
9.900495024751e+01,9.660057998950e-01
9.901495074754e+01,9.647777652290e-01
9.902495124756e+01,9.635540243422e-01
9.903495174759e+01,9.623348418264e-01
9.904495224761e+01,9.611204844964e-01
9.905495274764e+01,9.599112213299e-01
9.906495324766e+01,9.587073234028e-01
9.907495374769e+01,9.575090638211e-01
9.908495424771e+01,9.563167176487e-01
9.909495474774e+01,9.551305618320e-01
9.910495524776e+01,9.539508751196e-01
9.911495574779e+01,9.527779379791e-01
9.912495624781e+01,9.516120325089e-01
9.913495674784e+01,9.504534423461e-01
9.914495724786e+01,9.493024525714e-01
9.915495774789e+01,9.481593496077e-01
9.916495824791e+01,9.470244211170e-01
9.917495874794e+01,9.458979558909e-01
9.918495924796e+01,9.447802437383e-01
9.919495974799e+01,9.436715753685e-01
9.920496024801e+01,9.425722422698e-01
9.921496074804e+01,9.414825365842e-01
9.922496124806e+01,9.404027509778e-01
9.923496174809e+01,9.393331785069e-01
9.924496224811e+01,9.382741124804e-01
9.925496274814e+01,9.372258463175e-01
9.926496324816e+01,9.361886734018e-01
9.927496374819e+01,9.351628869315e-01
9.928496424821e+01,9.341487797651e-01
9.929496474824e+01,9.331466442639e-01
9.930496524826e+01,9.321567721307e-01
9.931496574829e+01,9.311794542445e-01
9.932496624831e+01,9.302149804919e-01
9.933496674834e+01,9.292636395955e-01
9.934496724836e+01,9.283257189385e-01
9.935496774839e+01,9.274015043864e-01
9.936496824841e+01,9.264912801059e-01
9.937496874844e+01,9.255953283811e-01
9.938496924846e+01,9.247139294268e-01
9.939496974849e+01,9.238473612000e-01
9.940497024851e+01,9.229958992085e-01
9.941497074854e+01,9.221598163181e-01
9.942497124856e+01,9.213393825582e-01
9.943497174859e+01,9.205348649252e-01
9.944497224861e+01,9.197465271858e-01
9.945497274864e+01,9.189746296781e-01
9.946497324866e+01,9.182194291130e-01
9.947497374869e+01,9.174811783747e-01
9.948497424871e+01,9.167601263214e-01
9.949497474874e+01,9.160565175857e-01
9.950497524876e+01,9.153705923761e-01
9.951497574879e+01,9.147025862787e-01
9.952497624881e+01,9.140527300605e-01
9.953497674884e+01,9.134212494741e-01
9.954497724886e+01,9.128083650637e-01
9.955497774889e+01,9.122142919737e-01
9.956497824891e+01,9.116392397595e-01
9.957497874894e+01,9.110834122012e-01
9.958497924896e+01,9.105470071205e-01
9.959497974899e+01,9.100302162006e-01
9.960498024901e+01,9.095332248105e-01
9.961498074904e+01,9.090562118327e-01
9.962498124906e+01,9.085993494965e-01
9.963498174909e+01,9.081628032146e-01
9.964498224911e+01,9.077467314260e-01
9.965498274914e+01,9.073512854438e-01
9.966498324916e+01,9.069766093090e-01
9.967498374919e+01,9.066228396499e-01
9.968498424921e+01,9.062901055482e-01
9.969498474924e+01,9.059785284118e-01
9.970498524926e+01,9.056882218543e-01
9.971498574929e+01,9.054192915811e-01
9.972498624931e+01,9.051718352845e-01
9.973498674934e+01,9.049459425441e-01
9.974498724936e+01,9.047416947374e-01
9.975498774939e+01,9.045591649567e-01
9.976498824941e+01,9.043984179348e-01
9.977498874944e+01,9.042595099796e-01
9.978498924946e+01,9.041424889163e-01
9.979498974949e+01,9.040473940388e-01
9.980499024951e+01,9.039742560698e-01
9.981499074954e+01,9.039230971300e-01
9.982499124956e+01,9.038939307155e-01
9.983499174959e+01,9.038867616848e-01
9.984499224961e+01,9.039015862548e-01
9.985499274964e+01,9.039383920054e-01
9.986499324966e+01,9.039971578936e-01
9.987499374969e+01,9.040778542763e-01
9.988499424971e+01,9.041804429417e-01
9.989499474974e+01,9.043048771504e-01
9.990499524976e+01,9.044511016843e-01
9.991499574979e+01,9.046190529052e-01
9.992499624981e+01,9.048086588205e-01
9.993499674984e+01,9.050198391587e-01
9.994499724986e+01,9.052525054523e-01
9.995499774989e+01,9.055065611288e-01
9.996499824991e+01,9.057819016096e-01
9.997499874994e+01,9.060784144167e-01
9.998499924996e+01,9.063959792861e-01
9.999499974999e+01,9.067344682892e-01
1.000050002500e+02,9.070937459605e-01
1.000150007500e+02,9.074736694318e-01
1.000250012501e+02,9.078740885730e-01
1.000350017501e+02,9.082948461389e-01
1.000450022501e+02,9.087357779217e-01
1.000550027501e+02,9.091967129083e-01
1.000650032502e+02,9.096774734439e-01
1.000750037502e+02,9.101778753988e-01
1.000850042502e+02,9.106977283413e-01
1.000950047502e+02,9.112368357133e-01
1.001050052503e+02,9.117949950103e-01
1.001150057503e+02,9.123719979647e-01
1.001250062503e+02,9.129676307323e-01
1.001350067503e+02,9.135816740816e-01
1.001450072504e+02,9.142139035847e-01
1.001550077504e+02,9.148640898116e-01
1.001650082504e+02,9.155319985253e-01
1.001750087504e+02,9.162173908785e-01
1.001850092505e+02,9.169200236115e-01
1.001950097505e+02,9.176396492508e-01
1.002050102505e+02,9.183760163084e-01
1.002150107505e+02,9.191288694806e-01
1.002250112506e+02,9.198979498476e-01
1.002350117506e+02,9.206829950719e-01
1.002450122506e+02,9.214837395963e-01
1.002550127506e+02,9.222999148410e-01
1.002650132507e+02,9.231312493994e-01
1.002750137507e+02,9.239774692322e-01
1.002850142507e+02,9.248382978600e-01
1.002950147507e+02,9.257134565541e-01
1.003050152508e+02,9.266026645248e-01
1.003150157508e+02,9.275056391074e-01
1.003250162508e+02,9.284220959460e-01
1.003350167508e+02,9.293517491736e-01
1.003450172509e+02,9.302943115906e-01
1.003550177509e+02,9.312494948391e-01
1.003650182509e+02,9.322170095747e-01
1.003750187509e+02,9.331965656341e-01
1.003850192510e+02,9.341878722002e-01
1.003950197510e+02,9.351906379629e-01
1.004050202510e+02,9.362045712762e-01
1.004150207510e+02,9.372293803121e-01
1.004250212511e+02,9.382647732094e-01
1.004350217511e+02,9.393104582203e-01
1.004450222511e+02,9.403661438509e-01
1.004550227511e+02,9.414315389994e-01
1.004650232512e+02,9.425063530892e-01
1.004750237512e+02,9.435902961979e-01
1.004850242512e+02,9.446830791827e-01
1.004950247512e+02,9.457844138009e-01
1.005050252513e+02,9.468940128263e-01
1.005150257513e+02,9.480115901621e-01
1.005250262513e+02,9.491368609487e-01
1.005350267513e+02,9.502695416678e-01
1.005450272514e+02,9.514093502422e-01
1.005550277514e+02,9.525560061314e-01
1.005650282514e+02,9.537092304234e-01
1.005750287514e+02,9.548687459220e-01
1.005850292515e+02,9.560342772302e-01
1.005950297515e+02,9.572055508303e-01
1.006050302515e+02,9.583822951586e-01
1.006150307515e+02,9.595642406780e-01
1.006250312516e+02,9.607511199455e-01
1.006350317516e+02,9.619426676763e-01
1.006450322516e+02,9.631386208047e-01
1.006550327516e+02,9.643387185410e-01
1.006650332517e+02,9.655427024247e-01
1.006750337517e+02,9.667503163746e-01
1.006850342517e+02,9.679613067357e-01
1.006950347517e+02,9.691754223223e-01
1.007050352518e+02,9.703924144580e-01
1.007150357518e+02,9.716120370132e-01
1.007250362518e+02,9.728340464388e-01
1.007350367518e+02,9.740582017973e-01
1.007450372519e+02,9.752842647909e-01
1.007550377519e+02,9.765119997874e-01
1.007650382519e+02,9.777411738421e-01
1.007750387519e+02,9.789715567188e-01
1.007850392520e+02,9.802029209067e-01
1.007950397520e+02,9.814350416360e-01
1.008050402520e+02,9.826676968906e-01
1.008150407520e+02,9.839006674185e-01
1.008250412521e+02,9.851337367404e-01
1.008350417521e+02,9.863666911558e-01
1.008450422521e+02,9.875993197473e-01
1.008550427521e+02,9.888314143828e-01
1.008650432522e+02,9.900627697161e-01
1.008750437522e+02,9.912931831855e-01
1.008850442522e+02,9.925224550109e-01
1.008950447522e+02,9.937503881888e-01
1.009050452523e+02,9.949767884861e-01
1.009150457523e+02,9.962014644329e-01
1.009250462523e+02,9.974242273127e-01
1.009350467523e+02,9.986448911522e-01
1.009450472524e+02,9.998632727098e-01
1.009550477524e+02,1.001079191462e+00
1.009650482524e+02,1.002292469590e+00
1.009750487524e+02,1.003502931965e+00
1.009850492525e+02,1.004710406128e+00
1.009950497525e+02,1.005914722280e+00
1.010050502525e+02,1.007115713257e+00
1.010150507525e+02,1.008313214513e+00
1.010250512526e+02,1.009507064103e+00
1.010350517526e+02,1.010697102660e+00
1.010450522526e+02,1.011883173373e+00
1.010550527526e+02,1.013065121967e+00
1.010650532527e+02,1.014242796681e+00
1.010750537527e+02,1.015416048241e+00
1.010850542527e+02,1.016584729842e+00
1.010950547527e+02,1.017748697120e+00
1.011050552528e+02,1.018907808131e+00
1.011150557528e+02,1.020061923321e+00
1.011250562528e+02,1.021210905506e+00
1.011350567528e+02,1.022354619844e+00
1.011450572529e+02,1.023492933809e+00
1.011550577529e+02,1.024625717168e+00
1.011650582529e+02,1.025752841950e+00
1.011750587529e+02,1.026874182422e+00
1.011850592530e+02,1.027989615066e+00
1.011950597530e+02,1.029099018545e+00
1.012050602530e+02,1.030202273682e+00
1.012150607530e+02,1.031299263430e+00
1.012250612531e+02,1.032389872848e+00
1.012350617531e+02,1.033473989070e+00
1.012450622531e+02,1.034551501284e+00
1.012550627531e+02,1.035622300698e+00
1.012650632532e+02,1.036686280517e+00
1.012750637532e+02,1.037743335919e+00
1.012850642532e+02,1.038793364022e+00
1.012950647532e+02,1.039836263860e+00
1.013050652533e+02,1.040871936359e+00
1.013150657533e+02,1.041900284308e+00
1.013250662533e+02,1.042921212330e+00
1.013350667533e+02,1.043934626864e+00
1.013450672534e+02,1.044940436130e+00
1.013550677534e+02,1.045938550109e+00
1.013650682534e+02,1.046928880514e+00
1.013750687534e+02,1.047911340769e+00
1.013850692535e+02,1.048885845976e+00
1.013950697535e+02,1.049852312901e+00
1.014050702535e+02,1.050810659938e+00
1.014150707535e+02,1.051760807092e+00
1.014250712536e+02,1.052702675953e+00
1.014350717536e+02,1.053636189669e+00
1.014450722536e+02,1.054561272925e+00
1.014550727536e+02,1.055477851922e+00
1.014650732537e+02,1.056385854346e+00
1.014750737537e+02,1.057285209354e+00
1.014850742537e+02,1.058175847543e+00
1.014950747537e+02,1.059057700935e+00
1.015050752538e+02,1.059930702950e+00
1.015150757538e+02,1.060794788385e+00
1.015250762538e+02,1.061649893393e+00
1.015350767538e+02,1.062495955464e+00
1.015450772539e+02,1.063332913398e+00
1.015550777539e+02,1.064160707292e+00
1.015650782539e+02,1.064979278512e+00
1.015750787539e+02,1.065788569680e+00
1.015850792540e+02,1.066588524648e+00
1.015950797540e+02,1.067379088483e+00
1.016050802540e+02,1.068160207445e+00
1.016150807540e+02,1.068931828971e+00
1.016250812541e+02,1.069693901653e+00
1.016350817541e+02,1.070446375224e+00
1.016450822541e+02,1.071189200533e+00
1.016550827541e+02,1.071922329537e+00
1.016650832542e+02,1.072645715275e+00
1.016750837542e+02,1.073359311856e+00
1.016850842542e+02,1.074063074441e+00
1.016950847542e+02,1.074756959226e+00
1.017050852543e+02,1.075440923425e+00
1.017150857543e+02,1.076114925257e+00
1.017250862543e+02,1.076778923929e+00
1.017350867543e+02,1.077432879620e+00
1.017450872544e+02,1.078076753465e+00
1.017550877544e+02,1.078710507545e+00
1.017650882544e+02,1.079334104867e+00
1.017750887544e+02,1.079947509355e+00
1.017850892545e+02,1.080550685832e+00
1.017950897545e+02,1.081143600010e+00
1.018050902545e+02,1.081726218472e+00
1.018150907545e+02,1.082298508666e+00
1.018250912546e+02,1.082860438886e+00
1.018350917546e+02,1.083411978263e+00
1.018450922546e+02,1.083953096754e+00
1.018550927546e+02,1.084483765124e+00
1.018650932547e+02,1.085003954943e+00
1.018750937547e+02,1.085513638568e+00
1.018850942547e+02,1.086012789137e+00
1.018950947547e+02,1.086501380554e+00
1.019050952548e+02,1.086979387480e+00
1.019150957548e+02,1.087446785325e+00
1.019250962548e+02,1.087903550236e+00
1.019350967548e+02,1.088349659087e+00
1.019450972549e+02,1.088785089469e+00
1.019550977549e+02,1.089209819686e+00
1.019650982549e+02,1.089623828740e+00
1.019750987549e+02,1.090027096322e+00
1.019850992550e+02,1.090419602812e+00
1.019950997550e+02,1.090801329261e+00
1.020051002550e+02,1.091172257388e+00
1.020151007550e+02,1.091532369573e+00
1.020251012551e+02,1.091881648846e+00
1.020351017551e+02,1.092220078884e+00
1.020451022551e+02,1.092547644002e+00
1.020551027551e+02,1.092864329145e+00
1.020651032552e+02,1.093170119885e+00
1.020751037552e+02,1.093465002413e+00
1.020851042552e+02,1.093748963530e+00
1.020951047552e+02,1.094021990647e+00
1.021051052553e+02,1.094284071775e+00
1.021151057553e+02,1.094535195525e+00
1.021251062553e+02,1.094775351093e+00
1.021351067553e+02,1.095004528269e+00
1.021451072554e+02,1.095222717418e+00
1.021551077554e+02,1.095429909488e+00
1.021651082554e+02,1.095626095998e+00
1.021751087554e+02,1.095811269036e+00
1.021851092555e+02,1.095985421257e+00
1.021951097555e+02,1.096148545880e+00
1.022051102555e+02,1.096300636679e+00
1.022151107555e+02,1.096441687988e+00
1.022251112556e+02,1.096571694692e+00
1.022351117556e+02,1.096690652228e+00
1.022451122556e+02,1.096798556580e+00
1.022551127556e+02,1.096895404278e+00
1.022651132557e+02,1.096981192399e+00
1.022751137557e+02,1.097055918559e+00
1.022851142557e+02,1.097119580916e+00
1.022951147557e+02,1.097172178168e+00
1.023051152558e+02,1.097213709550e+00
1.023151157558e+02,1.097244174837e+00
1.023251162558e+02,1.097263574339e+00
1.023351167558e+02,1.097271908902e+00
1.023451172559e+02,1.097269179909e+00
1.023551177559e+02,1.097255389278e+00
1.023651182559e+02,1.097230539465e+00
1.023751187559e+02,1.097194633461e+00
1.023851192560e+02,1.097147674794e+00
1.023951197560e+02,1.097089667530e+00
1.024051202560e+02,1.097020616274e+00
1.024151207560e+02,1.096940526171e+00
1.024251212561e+02,1.096849402908e+00
1.024351217561e+02,1.096747252714e+00
1.024451222561e+02,1.096634082363e+00
1.024551227561e+02,1.096509899176e+00
1.024651232562e+02,1.096374711024e+00
1.024751237562e+02,1.096228526328e+00
1.024851242562e+02,1.096071354065e+00
1.024951247562e+02,1.095903203767e+00
1.025051252563e+02,1.095724085529e+00
1.025151257563e+02,1.095534010006e+00
1.025251262563e+02,1.095332988423e+00
1.025351267563e+02,1.095121032575e+00
1.025451272564e+02,1.094898154831e+00
1.025551277564e+02,1.094664368139e+00
1.025651282564e+02,1.094419686031e+00
1.025751287564e+02,1.094164122626e+00
1.025851292565e+02,1.093897692637e+00
1.025951297565e+02,1.093620411372e+00
1.026051302565e+02,1.093332294745e+00
1.026151307565e+02,1.093033359278e+00
1.026251312566e+02,1.092723622104e+00
1.026351317566e+02,1.092403100979e+00
1.026451322566e+02,1.092071814286e+00
1.026551327566e+02,1.091729781037e+00
1.026651332567e+02,1.091377020886e+00
1.026751337567e+02,1.091013554132e+00
1.026851342567e+02,1.090639401727e+00
1.026951347567e+02,1.090254585285e+00
1.027051352568e+02,1.089859127083e+00
1.027151357568e+02,1.089453050080e+00
1.027251362568e+02,1.089036377914e+00
1.027351367568e+02,1.088609134916e+00
1.027451372569e+02,1.088171346117e+00
1.027551377569e+02,1.087723037259e+00
1.027651382569e+02,1.087264234798e+00
1.027751387569e+02,1.086794965920e+00
1.027851392570e+02,1.086315258546e+00
1.027951397570e+02,1.085825141343e+00
1.028051402570e+02,1.085324643736e+00
1.028151407570e+02,1.084813795914e+00
1.028251412571e+02,1.084292628842e+00
1.028351417571e+02,1.083761174274e+00
1.028451422571e+02,1.083219464760e+00
1.028551427571e+02,1.082667533662e+00
1.028651432572e+02,1.082105415160e+00
1.028751437572e+02,1.081533144267e+00
1.028851442572e+02,1.080950756840e+00
1.028951447572e+02,1.080358289593e+00
1.029051452573e+02,1.079755780107e+00
1.029151457573e+02,1.079143266845e+00
1.029251462573e+02,1.078520789166e+00
1.029351467573e+02,1.077888387334e+00
1.029451472574e+02,1.077246102535e+00
1.029551477574e+02,1.076593976889e+00
1.029651482574e+02,1.075932053466e+00
1.029751487574e+02,1.075260376296e+00
1.029851492575e+02,1.074578990390e+00
1.029951497575e+02,1.073887941748e+00
1.030051502575e+02,1.073187277378e+00
1.030151507575e+02,1.072477045311e+00
1.030251512576e+02,1.071757294615e+00
1.030351517576e+02,1.071028075412e+00
1.030451522576e+02,1.070289438894e+00
1.030551527576e+02,1.069541437339e+00
1.030651532577e+02,1.068784124127e+00
1.030751537577e+02,1.068017553760e+00
1.030851542577e+02,1.067241781873e+00
1.030951547577e+02,1.066456865258e+00
1.031051552578e+02,1.065662861878e+00
1.031151557578e+02,1.064859830885e+00
1.031251562578e+02,1.064047832640e+00
1.031351567578e+02,1.063226928728e+00
1.031451572579e+02,1.062397181982e+00
1.031551577579e+02,1.061558656495e+00
1.031651582579e+02,1.060711417647e+00
1.031751587579e+02,1.059855532117e+00
1.031851592580e+02,1.058991067908e+00
1.031951597580e+02,1.058118094363e+00
1.032051602580e+02,1.057236682189e+00
1.032151607580e+02,1.056346903474e+00
1.032251612581e+02,1.055448831709e+00
1.032351617581e+02,1.054542541808e+00
1.032451622581e+02,1.053628110131e+00
1.032551627581e+02,1.052705614502e+00
1.032651632582e+02,1.051775134234e+00
1.032751637582e+02,1.050836750146e+00
1.032851642582e+02,1.049890544591e+00
1.032951647582e+02,1.048936601471e+00
1.033051652583e+02,1.047975006265e+00
1.033151657583e+02,1.047005846047e+00
1.033251662583e+02,1.046029209512e+00
1.033351667583e+02,1.045045186995e+00
1.033451672584e+02,1.044053870496e+00
1.033551677584e+02,1.043055353702e+00
1.033651682584e+02,1.042049732012e+00
1.033751687584e+02,1.041037102555e+00
1.033851692585e+02,1.040017564220e+00
1.033951697585e+02,1.038991217671e+00
1.034051702585e+02,1.037958165378e+00
1.034151707585e+02,1.036918511636e+00
1.034251712586e+02,1.035872362589e+00
1.034351717586e+02,1.034819826252e+00
1.034451722586e+02,1.033761012538e+00
1.034551727586e+02,1.032696033277e+00
1.034651732587e+02,1.031625002241e+00
1.034751737587e+02,1.030548035169e+00
1.034851742587e+02,1.029465249787e+00
1.034951747587e+02,1.028376765829e+00
1.035051752588e+02,1.027282705068e+00
1.035151757588e+02,1.026183191329e+00
1.035251762588e+02,1.025078350517e+00
1.035351767588e+02,1.023968310638e+00
1.035451772589e+02,1.022853201820e+00
1.035551777589e+02,1.021733156336e+00
1.035651782589e+02,1.020608308623e+00
1.035751787589e+02,1.019478795306e+00
1.035851792590e+02,1.018344755216e+00
1.035951797590e+02,1.017206329413e+00
1.036051802590e+02,1.016063661201e+00
1.036151807590e+02,1.014916896153e+00
1.036251812591e+02,1.013766182127e+00
1.036351817591e+02,1.012611669282e+00
1.036451822591e+02,1.011453510100e+00
1.036551827591e+02,1.010291859400e+00
1.036651832592e+02,1.009126874356e+00
1.036751837592e+02,1.007958714511e+00
1.036851842592e+02,1.006787541792e+00
1.036951847592e+02,1.005613520527e+00
1.037051852593e+02,1.004436817452e+00
1.037151857593e+02,1.003257601731e+00
1.037251862593e+02,1.002076044960e+00
1.037351867593e+02,1.000892321183e+00
1.037451872594e+02,9.997066068970e-01
1.037551877594e+02,9.985190810627e-01
1.037651882594e+02,9.973299251101e-01
1.037751887594e+02,9.961393229445e-01
1.037851892595e+02,9.949474609510e-01
1.037951897595e+02,9.937545279974e-01
1.038051902595e+02,9.925607154359e-01
1.038151907595e+02,9.913662171029e-01
1.038251912596e+02,9.901712293180e-01
1.038351917596e+02,9.889759508805e-01
1.038451922596e+02,9.877805830654e-01
1.038551927596e+02,9.865853296163e-01
1.038651932597e+02,9.853903967375e-01
1.038751937597e+02,9.841959930837e-01
1.038851942597e+02,9.830023297485e-01
1.038951947597e+02,9.818096202495e-01
1.039051952598e+02,9.806180805131e-01
1.039151957598e+02,9.794279288555e-01
1.039251962598e+02,9.782393859629e-01
1.039351967598e+02,9.770526748682e-01
1.039451972599e+02,9.758680209261e-01
1.039551977599e+02,9.746856517857e-01
1.039651982599e+02,9.735057973605e-01
1.039751987599e+02,9.723286897954e-01
1.039851992600e+02,9.711545634322e-01
1.039951997600e+02,9.699836547712e-01
1.040052002600e+02,9.688162024307e-01
1.040152007600e+02,9.676524471034e-01
1.040252012601e+02,9.664926315104e-01
1.040352017601e+02,9.653370003515e-01
1.040452022601e+02,9.641858002530e-01
1.040552027601e+02,9.630392797124e-01
1.040652032602e+02,9.618976890398e-01
1.040752037602e+02,9.607612802960e-01
1.040852042602e+02,9.596303072282e-01
1.040952047602e+02,9.585050252009e-01
1.041052052603e+02,9.573856911253e-01
1.041152057603e+02,9.562725633836e-01
1.041252062603e+02,9.551659017513e-01
1.041352067603e+02,9.540659673152e-01
1.041452072604e+02,9.529730223885e-01
1.041552077604e+02,9.518873304216e-01
1.041652082604e+02,9.508091559107e-01
1.041752087604e+02,9.497387643014e-01
1.041852092605e+02,9.486764218902e-01
1.041952097605e+02,9.476223957212e-01
1.042052102605e+02,9.465769534802e-01
1.042152107605e+02,9.455403633849e-01
1.042252112606e+02,9.445128940716e-01
1.042352117606e+02,9.434948144785e-01
1.042452122606e+02,9.424863937258e-01
1.042552127606e+02,9.414879009916e-01
1.042652132607e+02,9.404996053857e-01
1.042752137607e+02,9.395217758188e-01
1.042852142607e+02,9.385546808694e-01
1.042952147607e+02,9.375985886472e-01
1.043052152608e+02,9.366537666530e-01
1.043152157608e+02,9.357204816365e-01
1.043252162608e+02,9.347989994507e-01
1.043352167608e+02,9.338895849027e-01
1.043452172609e+02,9.329925016038e-01
1.043552177609e+02,9.321080118146e-01
1.043652182609e+02,9.312363762898e-01
1.043752187609e+02,9.303778541195e-01
1.043852192610e+02,9.295327025684e-01
1.043952197610e+02,9.287011769135e-01
1.044052202610e+02,9.278835302798e-01
1.044152207610e+02,9.270800134740e-01
1.044252212611e+02,9.262908748176e-01
1.044352217611e+02,9.255163599773e-01
1.044452222611e+02,9.247567117961e-01
1.044552227611e+02,9.240121701219e-01
1.044652232612e+02,9.232829716367e-01
1.044752237612e+02,9.225693496848e-01
1.044852242612e+02,9.218715341008e-01
1.044952247612e+02,9.211897510378e-01
1.045052252613e+02,9.205242227959e-01
1.045152257613e+02,9.198751676512e-01
1.045252262613e+02,9.192427996857e-01
1.045352267613e+02,9.186273286182e-01
1.045452272614e+02,9.180289596364e-01
1.045552277614e+02,9.174478932308e-01
1.045652282614e+02,9.168843250304e-01
1.045752287614e+02,9.163384456406e-01
1.045852292615e+02,9.158104404832e-01
1.045952297615e+02,9.153004896397e-01
1.046052302615e+02,9.148087676968e-01
1.046152307615e+02,9.143354435958e-01
1.046252312616e+02,9.138806804850e-01
1.046352317616e+02,9.134446355763e-01
1.046452322616e+02,9.130274600056e-01
1.046552327616e+02,9.126292986972e-01
1.046652332617e+02,9.122502902337e-01
1.046752337617e+02,9.118905667295e-01
1.046852342617e+02,9.115502537102e-01
1.046952347617e+02,9.112294699971e-01
1.047052352618e+02,9.109283275969e-01
1.047152357618e+02,9.106469315976e-01
1.047252362618e+02,9.103853800699e-01
1.047352367618e+02,9.101437639752e-01
1.047452372619e+02,9.099221670794e-01
1.047552377619e+02,9.097206658737e-01
1.047652382619e+02,9.095393295020e-01
1.047752387619e+02,9.093782196944e-01
1.047852392620e+02,9.092373907090e-01
1.047952397620e+02,9.091168892795e-01
1.048052402620e+02,9.090167545707e-01
1.048152407620e+02,9.089370181412e-01
1.048252412621e+02,9.088777039131e-01
1.048352417621e+02,9.088388281499e-01
1.048452422621e+02,9.088203994409e-01
1.048552427621e+02,9.088224186937e-01
1.048652432622e+02,9.088448791345e-01
1.048752437622e+02,9.088877663151e-01
1.048852442622e+02,9.089510581281e-01
1.048952447622e+02,9.090347248292e-01
1.049052452623e+02,9.091387290672e-01
1.049152457623e+02,9.092630259212e-01
1.049252462623e+02,9.094075629453e-01
1.049352467623e+02,9.095722802198e-01
1.049452472624e+02,9.097571104106e-01
1.049552477624e+02,9.099619788346e-01
1.049652482624e+02,9.101868035323e-01
1.049752487624e+02,9.104314953474e-01
1.049852492625e+02,9.106959580119e-01
1.049952497625e+02,9.109800882388e-01
1.050052502625e+02,9.112837758200e-01
1.050152507625e+02,9.116069037306e-01
1.050252512626e+02,9.119493482386e-01
1.050352517626e+02,9.123109790206e-01
1.050452522626e+02,9.126916592822e-01
1.050552527626e+02,9.130912458837e-01
1.050652532627e+02,9.135095894711e-01
1.050752537627e+02,9.139465346107e-01
1.050852542627e+02,9.144019199286e-01
1.050952547627e+02,9.148755782542e-01
1.051052552628e+02,9.153673367672e-01
1.051152557628e+02,9.158770171488e-01
1.051252562628e+02,9.164044357348e-01
1.051352567628e+02,9.169494036731e-01
1.051452572629e+02,9.175117270833e-01
1.051552577629e+02,9.180912072180e-01
1.051652582629e+02,9.186876406276e-01
1.051752587629e+02,9.193008193261e-01
1.051852592630e+02,9.199305309584e-01
1.051952597630e+02,9.205765589695e-01
1.052052602630e+02,9.212386827743e-01
1.052152607630e+02,9.219166779287e-01
1.052252612631e+02,9.226103163002e-01
1.052352617631e+02,9.233193662404e-01
1.052452622631e+02,9.240435927561e-01
1.052552627631e+02,9.247827576811e-01
1.052652632632e+02,9.255366198472e-01
1.052752637632e+02,9.263049352547e-01
1.052852642632e+02,9.270874572418e-01
1.052952647632e+02,9.278839366538e-01
1.053052652633e+02,9.286941220095e-01
1.053152657633e+02,9.295177596678e-01
1.053252662633e+02,9.303545939915e-01
1.053352667633e+02,9.312043675099e-01
1.053452672634e+02,9.320668210790e-01
1.053552677634e+02,9.329416940400e-01
1.053652682634e+02,9.338287243751e-01
1.053752687634e+02,9.347276488611e-01
1.053852692635e+02,9.356382032206e-01
1.053952697635e+02,9.365601222698e-01
1.054052702635e+02,9.374931400648e-01
1.054152707635e+02,9.384369900432e-01
1.054252712636e+02,9.393914051648e-01
1.054352717636e+02,9.403561180473e-01
1.054452722636e+02,9.413308611000e-01
1.054552727636e+02,9.423153666541e-01
1.054652732637e+02,9.433093670892e-01
1.054752737637e+02,9.443125949572e-01
1.054852742637e+02,9.453247831019e-01
1.054952747637e+02,9.463456647764e-01
1.055052752638e+02,9.473749737555e-01
1.055152757638e+02,9.484124444463e-01
1.055252762638e+02,9.494578119936e-01
1.055352767638e+02,9.505108123833e-01
1.055452772639e+02,9.515711825414e-01
1.055552777639e+02,9.526386604294e-01
1.055652782639e+02,9.537129851371e-01
1.055752787639e+02,9.547938969707e-01
1.055852792640e+02,9.558811375384e-01
1.055952797640e+02,9.569744498323e-01
1.056052802640e+02,9.580735783063e-01
1.056152807640e+02,9.591782689514e-01
1.056252812641e+02,9.602882693673e-01
1.056352817641e+02,9.614033288308e-01
1.056452822641e+02,9.625231983605e-01
1.056552827641e+02,9.636476307791e-01
1.056652832642e+02,9.647763807715e-01
1.056752837642e+02,9.659092049409e-01
1.056852842642e+02,9.670458618609e-01
1.056952847642e+02,9.681861121253e-01
1.057052852643e+02,9.693297183941e-01
1.057152857643e+02,9.704764454377e-01
1.057252862643e+02,9.716260601774e-01
1.057352867643e+02,9.727783317237e-01
1.057452872644e+02,9.739330314113e-01
1.057552877644e+02,9.750899328324e-01
1.057652882644e+02,9.762488118664e-01
1.057752887644e+02,9.774094467081e-01
1.057852892645e+02,9.785716178926e-01
1.057952897645e+02,9.797351083184e-01
1.058052902645e+02,9.808997032681e-01
1.058152907645e+02,9.820651904270e-01
1.058252912646e+02,9.832313598993e-01
1.058352917646e+02,9.843980042224e-01
1.058452922646e+02,9.855649183789e-01
1.058552927646e+02,9.867318998074e-01
1.058652932647e+02,9.878987484109e-01
1.058752937647e+02,9.890652665629e-01
1.058852942647e+02,9.902312591132e-01
1.058952947647e+02,9.913965333905e-01
1.059052952648e+02,9.925608992041e-01
1.059152957648e+02,9.937241688448e-01
1.059252962648e+02,9.948861570823e-01
1.059352967648e+02,9.960466811638e-01
1.059452972649e+02,9.972055608088e-01
1.059552977649e+02,9.983626182043e-01
1.059652982649e+02,9.995176779980e-01
1.059752987649e+02,1.000670567291e+00
1.059852992650e+02,1.001821115626e+00
1.059952997650e+02,1.002969154984e+00
1.060053002650e+02,1.004114519766e+00
1.060153007650e+02,1.005257046783e+00
1.060253012651e+02,1.006396575247e+00
1.060353017651e+02,1.007532946753e+00
1.060453022651e+02,1.008666005266e+00
1.060553027651e+02,1.009795597105e+00
1.060653032652e+02,1.010921570927e+00
1.060753037652e+02,1.012043777713e+00
1.060853042652e+02,1.013162070747e+00
1.060953047652e+02,1.014276305599e+00
1.061053052653e+02,1.015386340108e+00
1.061153057653e+02,1.016492034360e+00
1.061253062653e+02,1.017593250672e+00
1.061353067653e+02,1.018689853572e+00
1.061453072654e+02,1.019781709774e+00
1.061553077654e+02,1.020868688161e+00
1.061653082654e+02,1.021950659767e+00
1.061753087654e+02,1.023027497747e+00
1.061853092655e+02,1.024099077363e+00
1.061953097655e+02,1.025165275960e+00
1.062053102655e+02,1.026225972942e+00
1.062153107655e+02,1.027281049753e+00
1.062253112656e+02,1.028330389849e+00
1.062353117656e+02,1.029373878683e+00
1.062453122656e+02,1.030411403677e+00
1.062553127656e+02,1.031442854198e+00
1.062653132657e+02,1.032468121541e+00
1.062753137657e+02,1.033487098902e+00
1.062853142657e+02,1.034499681352e+00
1.062953147657e+02,1.035505765823e+00
1.063053152658e+02,1.036505251074e+00
1.063153157658e+02,1.037498037678e+00
1.063253162658e+02,1.038484027991e+00
1.063353167658e+02,1.039463126136e+00
1.063453172659e+02,1.040435237973e+00
1.063553177659e+02,1.041400271084e+00
1.063653182659e+02,1.042358134743e+00
1.063753187659e+02,1.043308739898e+00
1.063853192660e+02,1.044251999147e+00
1.063953197660e+02,1.045187826717e+00
1.064053202660e+02,1.046116138438e+00
1.064153207660e+02,1.047036851727e+00
1.064253212661e+02,1.047949885561e+00
1.064353217661e+02,1.048855160457e+00
1.064453222661e+02,1.049752598450e+00
1.064553227661e+02,1.050642123075e+00
1.064653232662e+02,1.051523659338e+00
1.064753237662e+02,1.052397133706e+00
1.064853242662e+02,1.053262474075e+00
1.064953247662e+02,1.054119609757e+00
1.065053252663e+02,1.054968471457e+00
1.065153257663e+02,1.055808991255e+00
1.065253262663e+02,1.056641102581e+00
1.065353267663e+02,1.057464740201e+00
1.065453272664e+02,1.058279840193e+00
1.065553277664e+02,1.059086339934e+00
1.065653282664e+02,1.059884178073e+00
1.065753287664e+02,1.060673294517e+00
1.065853292665e+02,1.061453630415e+00
1.065953297665e+02,1.062225128133e+00
1.066053302665e+02,1.062987731242e+00
1.066153307665e+02,1.063741384496e+00
1.066253312666e+02,1.064486033819e+00
1.066353317666e+02,1.065221626283e+00
1.066453322666e+02,1.065948110095e+00
1.066553327666e+02,1.066665434578e+00
1.066653332667e+02,1.067373550157e+00
1.066753337667e+02,1.068072408338e+00
1.066853342667e+02,1.068761961698e+00
1.066953347667e+02,1.069442163865e+00
1.067053352668e+02,1.070112969506e+00
1.067153357668e+02,1.070774334309e+00
1.067253362668e+02,1.071426214970e+00
1.067353367668e+02,1.072068569176e+00
1.067453372669e+02,1.072701355594e+00
1.067553377669e+02,1.073324533857e+00
1.067653382669e+02,1.073938064545e+00
1.067753387669e+02,1.074541909177e+00
1.067853392670e+02,1.075136030197e+00
1.067953397670e+02,1.075720390957e+00
1.068053402670e+02,1.076294955710e+00
1.068153407670e+02,1.076859689591e+00
1.068253412671e+02,1.077414558612e+00
1.068353417671e+02,1.077959529643e+00
1.068453422671e+02,1.078494570407e+00
1.068553427671e+02,1.079019649461e+00
1.068653432672e+02,1.079534736193e+00
1.068753437672e+02,1.080039800804e+00
1.068853442672e+02,1.080534814301e+00
1.068953447672e+02,1.081019748485e+00
1.069053452673e+02,1.081494575944e+00
1.069153457673e+02,1.081959270037e+00
1.069253462673e+02,1.082413804889e+00
1.069353467673e+02,1.082858155382e+00
1.069453472674e+02,1.083292297141e+00
1.069553477674e+02,1.083716206530e+00
1.069653482674e+02,1.084129860639e+00
1.069753487674e+02,1.084533237281e+00
1.069853492675e+02,1.084926314977e+00
1.069953497675e+02,1.085309072952e+00
1.070053502675e+02,1.085681491128e+00
1.070153507675e+02,1.086043550113e+00
1.070253512676e+02,1.086395231195e+00
1.070353517676e+02,1.086736516337e+00
1.070453522676e+02,1.087067388166e+00
1.070553527676e+02,1.087387829972e+00
1.070653532677e+02,1.087697825695e+00
1.070753537677e+02,1.087997359922e+00
1.070853542677e+02,1.088286417883e+00
1.070953547677e+02,1.088564985441e+00
1.071053552678e+02,1.088833049090e+00
1.071153557678e+02,1.089090595946e+00
1.071253562678e+02,1.089337613746e+00
1.071353567678e+02,1.089574090840e+00
1.071453572679e+02,1.089800016187e+00
1.071553577679e+02,1.090015379352e+00
1.071653582679e+02,1.090220170499e+00
1.071753587679e+02,1.090414380389e+00
1.071853592680e+02,1.090598000376e+00
1.071953597680e+02,1.090771022402e+00
1.072053602680e+02,1.090933438994e+00
1.072153607680e+02,1.091085243264e+00
1.072253612681e+02,1.091226428901e+00
1.072353617681e+02,1.091356990169e+00
1.072453622681e+02,1.091476921908e+00
1.072553627681e+02,1.091586219529e+00
1.072653632682e+02,1.091684879011e+00
1.072753637682e+02,1.091772896900e+00
1.072853642682e+02,1.091850270310e+00
1.072953647682e+02,1.091916996916e+00
1.073053652683e+02,1.091973074955e+00
1.073153657683e+02,1.092018503227e+00
1.073253662683e+02,1.092053281091e+00
1.073353667683e+02,1.092077408466e+00
1.073453672684e+02,1.092090885829e+00
1.073553677684e+02,1.092093714215e+00
1.073653682684e+02,1.092085895220e+00
1.073753687684e+02,1.092067430995e+00
1.073853692685e+02,1.092038324250e+00
1.073953697685e+02,1.091998578255e+00
1.074053702685e+02,1.091948196839e+00
1.074153707685e+02,1.091887184391e+00
1.074253712686e+02,1.091815545861e+00
1.074353717686e+02,1.091733286763e+00
1.074453722686e+02,1.091640413173e+00
1.074553727686e+02,1.091536931734e+00
1.074653732687e+02,1.091422849656e+00
1.074753737687e+02,1.091298174717e+00
1.074853742687e+02,1.091162915270e+00
1.074953747687e+02,1.091017080238e+00
1.075053752688e+02,1.090860679123e+00
1.075153757688e+02,1.090693722007e+00
1.075253762688e+02,1.090516219553e+00
1.075353767688e+02,1.090328183011e+00
1.075453772689e+02,1.090129624218e+00
1.075553777689e+02,1.089920555606e+00
1.075653782689e+02,1.089700990204e+00
1.075753787689e+02,1.089470941639e+00
1.075853792690e+02,1.089230424147e+00
1.075953797690e+02,1.088979452569e+00
1.076053802690e+02,1.088718042364e+00
1.076153807690e+02,1.088446209607e+00
1.076253812691e+02,1.088163970999e+00
1.076353817691e+02,1.087871343870e+00
1.076453822691e+02,1.087568346183e+00
1.076553827691e+02,1.087254996544e+00
1.076653832692e+02,1.086931314204e+00
1.076753837692e+02,1.086597319068e+00
1.076853842692e+02,1.086253031698e+00
1.076953847692e+02,1.085898473323e+00
1.077053852693e+02,1.085533665844e+00
1.077153857693e+02,1.085158631841e+00
1.077253862693e+02,1.084773394580e+00
1.077353867693e+02,1.084377978021e+00
1.077453872694e+02,1.083972406828e+00
1.077553877694e+02,1.083556706370e+00
1.077653882694e+02,1.083130902737e+00
1.077753887694e+02,1.082695022743e+00
1.077853892695e+02,1.082249093937e+00
1.077953897695e+02,1.081793144611e+00
1.078053902695e+02,1.081327203808e+00
1.078153907695e+02,1.080851301333e+00
1.078253912696e+02,1.080365467761e+00
1.078353917696e+02,1.079869734448e+00
1.078453922696e+02,1.079364133540e+00
1.078553927696e+02,1.078848697982e+00
1.078653932697e+02,1.078323461530e+00
1.078753937697e+02,1.077788458761e+00
1.078853942697e+02,1.077243725084e+00
1.078953947697e+02,1.076689296750e+00
1.079053952698e+02,1.076125210866e+00
1.079153957698e+02,1.075551505401e+00
1.079253962698e+02,1.074968219203e+00
1.079353967698e+02,1.074375392010e+00
1.079453972699e+02,1.073773064460e+00
1.079553977699e+02,1.073161278103e+00
1.079653982699e+02,1.072540075419e+00
1.079753987699e+02,1.071909499822e+00
1.079853992700e+02,1.071269595682e+00
1.079953997700e+02,1.070620408333e+00
1.080054002700e+02,1.069961984088e+00
1.080154007700e+02,1.069294370251e+00
1.080254012701e+02,1.068617615135e+00
1.080354017701e+02,1.067931768072e+00
1.080454022701e+02,1.067236879431e+00
1.080554027701e+02,1.066533000629e+00
1.080654032702e+02,1.065820184147e+00
1.080754037702e+02,1.065098483550e+00
1.080854042702e+02,1.064367953495e+00
1.080954047702e+02,1.063628649749e+00
1.081054052703e+02,1.062880629207e+00
1.081154057703e+02,1.062123949908e+00
1.081254062703e+02,1.061358671046e+00
1.081354067703e+02,1.060584852994e+00
1.081454072704e+02,1.059802557314e+00
1.081554077704e+02,1.059011846777e+00
1.081654082704e+02,1.058212785381e+00
1.081754087704e+02,1.057405438365e+00
1.081854092705e+02,1.056589872230e+00
1.081954097705e+02,1.055766154752e+00
1.082054102705e+02,1.054934355007e+00
1.082154107705e+02,1.054094543381e+00
1.082254112706e+02,1.053246791592e+00
1.082354117706e+02,1.052391172709e+00
1.082454122706e+02,1.051527761170e+00
1.082554127706e+02,1.050656632800e+00
1.082654132707e+02,1.049777864828e+00
1.082754137707e+02,1.048891535910e+00
1.082854142707e+02,1.047997726146e+00
1.082954147707e+02,1.047096517097e+00
1.083054152708e+02,1.046187991809e+00
1.083154157708e+02,1.045272234828e+00
1.083254162708e+02,1.044349332223e+00
1.083354167708e+02,1.043419371603e+00
1.083454172709e+02,1.042482442138e+00
1.083554177709e+02,1.041538634578e+00
1.083654182709e+02,1.040588041273e+00
1.083754187709e+02,1.039630756196e+00
1.083854192710e+02,1.038666874957e+00
1.083954197710e+02,1.037696494828e+00
1.084054202710e+02,1.036719714758e+00
1.084154207710e+02,1.035736635400e+00
1.084254212711e+02,1.034747359125e+00
1.084354217711e+02,1.033751990042e+00
1.084454222711e+02,1.032750634021e+00
1.084554227711e+02,1.031743398712e+00
1.084654232712e+02,1.030730393563e+00
1.084754237712e+02,1.029711729839e+00
1.084854242712e+02,1.028687520645e+00
1.084954247712e+02,1.027657880941e+00
1.085054252713e+02,1.026622927564e+00
1.085154257713e+02,1.025582779246e+00
1.085254262713e+02,1.024537556632e+00
1.085354267713e+02,1.023487382298e+00
1.085454272714e+02,1.022432380773e+00
1.085554277714e+02,1.021372678550e+00
1.085654282714e+02,1.020308404109e+00
1.085754287714e+02,1.019239687933e+00
1.085854292715e+02,1.018166662524e+00
1.085954297715e+02,1.017089462419e+00
1.086054302715e+02,1.016008224207e+00
1.086154307715e+02,1.014923086542e+00
1.086254312716e+02,1.013834190163e+00
1.086354317716e+02,1.012741677903e+00
1.086454322716e+02,1.011645694706e+00
1.086554327716e+02,1.010546387638e+00
1.086654332717e+02,1.009443905901e+00
1.086754337717e+02,1.008338400846e+00
1.086854342717e+02,1.007230025981e+00
1.086954347717e+02,1.006118936985e+00
1.087054352718e+02,1.005005291712e+00
1.087154357718e+02,1.003889250207e+00
1.087254362718e+02,1.002770974708e+00
1.087354367718e+02,1.001650629656e+00
1.087454372719e+02,1.000528381698e+00
1.087554377719e+02,9.994043996963e-01
1.087654382719e+02,9.982788547264e-01
1.087754387719e+02,9.971519200848e-01
1.087854392720e+02,9.960237712875e-01
1.087954397720e+02,9.948945860714e-01
1.088054402720e+02,9.937645443925e-01
1.088154407720e+02,9.926338284240e-01
1.088254412721e+02,9.915026225522e-01
1.088354417721e+02,9.903711133716e-01
1.088454422721e+02,9.892394896775e-01
1.088554427721e+02,9.881079424585e-01
1.088654432722e+02,9.869766648861e-01
1.088754437722e+02,9.858458523033e-01
1.088854442722e+02,9.847157022112e-01
1.088954447722e+02,9.835864142540e-01
1.089054452723e+02,9.824581902025e-01
1.089154457723e+02,9.813312339348e-01
1.089254462723e+02,9.802057514157e-01
1.089354467723e+02,9.790819506743e-01
1.089454472724e+02,9.779600417790e-01
1.089554477724e+02,9.768402368105e-01
1.089654482724e+02,9.757227498333e-01
1.089754487724e+02,9.746077968637e-01
1.089854492725e+02,9.734955958368e-01
1.089954497725e+02,9.723863665705e-01
1.090054502725e+02,9.712803307270e-01
1.090154507725e+02,9.701777117724e-01
1.090254512726e+02,9.690787349335e-01
1.090354517726e+02,9.679836271519e-01
1.090454522726e+02,9.668926170359e-01
1.090554527726e+02,9.658059348094e-01
1.090654532727e+02,9.647238122584e-01
1.090754537727e+02,9.636464826747e-01
1.090854542727e+02,9.625741807970e-01
1.090954547727e+02,9.615071427488e-01
1.091054552728e+02,9.604456059737e-01
1.091154557728e+02,9.593898091682e-01
1.091254562728e+02,9.583399922113e-01
1.091354567728e+02,9.572963960909e-01
1.091454572729e+02,9.562592628279e-01
1.091554577729e+02,9.552288353968e-01
1.091654582729e+02,9.542053576441e-01
1.091754587729e+02,9.531890742026e-01
1.091854592730e+02,9.521802304041e-01
1.091954597730e+02,9.511790721879e-01
1.092054602730e+02,9.501858460071e-01
1.092154607730e+02,9.492007987320e-01
1.092254612731e+02,9.482241775501e-01
1.092354617731e+02,9.472562298632e-01
1.092454622731e+02,9.462972031826e-01
1.092554627731e+02,9.453473450199e-01
1.092654632732e+02,9.444069027766e-01
1.092754637732e+02,9.434761236296e-01
1.092854642732e+02,9.425552544152e-01
1.092954647732e+02,9.416445415091e-01
1.093054652733e+02,9.407442307053e-01
1.093154657733e+02,9.398545670916e-01
1.093254662733e+02,9.389757949227e-01
1.093354667733e+02,9.381081574914e-01
1.093454672734e+02,9.372518969970e-01
1.093554677734e+02,9.364072544124e-01
1.093654682734e+02,9.355744693481e-01
1.093754687734e+02,9.347537799154e-01
1.093854692735e+02,9.339454225868e-01
1.093954697735e+02,9.331496320555e-01
1.094054702735e+02,9.323666410930e-01
1.094154707735e+02,9.315966804055e-01
1.094254712736e+02,9.308399784887e-01
1.094354717736e+02,9.300967614823e-01
1.094454722736e+02,9.293672530227e-01
1.094554727736e+02,9.286516740956e-01
1.094654732737e+02,9.279502428878e-01
1.094754737737e+02,9.272631746386e-01
1.094854742737e+02,9.265906814909e-01
1.094954747737e+02,9.259329723429e-01
1.095054752738e+02,9.252902526992e-01
1.095154757738e+02,9.246627245228e-01
1.095254762738e+02,9.240505860874e-01
1.095354767738e+02,9.234540318310e-01
1.095454772739e+02,9.228732522102e-01
1.095554777739e+02,9.223084335555e-01
1.095654782739e+02,9.217597579286e-01
1.095754787739e+02,9.212274029811e-01
1.095854792740e+02,9.207115418151e-01
1.095954797740e+02,9.202123428462e-01
1.096054802740e+02,9.197299696683e-01
1.096154807740e+02,9.192645809218e-01
1.096254812741e+02,9.188163301635e-01
1.096354817741e+02,9.183853657410e-01
1.096454822741e+02,9.179718306687e-01
1.096554827741e+02,9.175758625085e-01
1.096654832742e+02,9.171975932538e-01
1.096754837742e+02,9.168371492168e-01
1.096854842742e+02,9.164946509211e-01
1.096954847742e+02,9.161702129971e-01
1.097054852743e+02,9.158639440832e-01
1.097154857743e+02,9.155759467308e-01
1.097254862743e+02,9.153063173144e-01
1.097354867743e+02,9.150551459468e-01
1.097454872744e+02,9.148225163991e-01
1.097554877744e+02,9.146085060269e-01
1.097654882744e+02,9.144131857005e-01
1.097754887744e+02,9.142366197422e-01
1.097854892745e+02,9.140788658681e-01
1.097954897745e+02,9.139399751368e-01
1.098054902745e+02,9.138199919032e-01
1.098154907745e+02,9.137189537785e-01
1.098254912746e+02,9.136368915969e-01
1.098354917746e+02,9.135738293874e-01
1.098454922746e+02,9.135297843529e-01
1.098554927746e+02,9.135047668549e-01
1.098654932747e+02,9.134987804046e-01
1.098754937747e+02,9.135118216606e-01
1.098854942747e+02,9.135438804326e-01
1.098954947747e+02,9.135949396915e-01
1.099054952748e+02,9.136649755860e-01
1.099154957748e+02,9.137539574650e-01
1.099254962748e+02,9.138618479068e-01
1.099354967748e+02,9.139886027540e-01
1.099454972749e+02,9.141341711546e-01
1.099554977749e+02,9.142984956091e-01
1.099654982749e+02,9.144815120237e-01
1.099754987749e+02,9.146831497690e-01
1.099854992750e+02,9.149033317448e-01
1.099954997750e+02,9.151419744496e-01
1.100055002750e+02,9.153989880569e-01
1.100155007750e+02,9.156742764954e-01
1.100255012751e+02,9.159677375351e-01
1.100355017751e+02,9.162792628783e-01
1.100455022751e+02,9.166087382551e-01
1.100555027751e+02,9.169560435238e-01
1.100655032752e+02,9.173210527754e-01
1.100755037752e+02,9.177036344427e-01
1.100855042752e+02,9.181036514133e-01
1.100955047752e+02,9.185209611462e-01
1.101055052753e+02,9.189554157922e-01
1.101155057753e+02,9.194068623178e-01
1.101255062753e+02,9.198751426323e-01
1.101355067753e+02,9.203600937173e-01
1.101455072754e+02,9.208615477599e-01
1.101555077754e+02,9.213793322878e-01
1.101655082754e+02,9.219132703067e-01
1.101755087754e+02,9.224631804400e-01
1.101855092755e+02,9.230288770703e-01
1.101955097755e+02,9.236101704827e-01
1.102055102755e+02,9.242068670090e-01
1.102155107755e+02,9.248187691737e-01
1.102255112756e+02,9.254456758408e-01
1.102355117756e+02,9.260873823609e-01
1.102455122756e+02,9.267436807198e-01
1.102555127756e+02,9.274143596866e-01
1.102655132757e+02,9.280992049625e-01
1.102755137757e+02,9.287979993292e-01
1.102855142757e+02,9.295105227972e-01
1.102955147757e+02,9.302365527538e-01
1.103055152758e+02,9.309758641105e-01
1.103155157758e+02,9.317282294493e-01
1.103255162758e+02,9.324934191688e-01
1.103355167758e+02,9.332712016279e-01
1.103455172759e+02,9.340613432897e-01
1.103555177759e+02,9.348636088633e-01
1.103655182759e+02,9.356777614439e-01
1.103755187759e+02,9.365035626512e-01
1.103855192760e+02,9.373407727668e-01
1.103955197760e+02,9.381891508687e-01
1.104055202760e+02,9.390484549640e-01
1.104155207760e+02,9.399184421199e-01
1.104255212761e+02,9.407988685921e-01
1.104355217761e+02,9.416894899506e-01
1.104455222761e+02,9.425900612036e-01
1.104555227761e+02,9.435003369187e-01
1.104655232762e+02,9.444200713412e-01
1.104755237762e+02,9.453490185104e-01
1.104855242762e+02,9.462869323726e-01
1.104955247762e+02,9.472335668915e-01
1.105055252763e+02,9.481886761563e-01
1.105155257763e+02,9.491520144859e-01
1.105255262763e+02,9.501233365315e-01
1.105355267763e+02,9.511023973755e-01
1.105455272764e+02,9.520889526274e-01
1.105555277764e+02,9.530827585173e-01
1.105655282764e+02,9.540835719862e-01
1.105755287764e+02,9.550911507734e-01
1.105855292765e+02,9.561052535004e-01
1.105955297765e+02,9.571256397532e-01
1.106055302765e+02,9.581520701599e-01
1.106155307765e+02,9.591843064671e-01
1.106255312766e+02,9.602221116120e-01
1.106355317766e+02,9.612652497924e-01
1.106455322766e+02,9.623134865339e-01
1.106555327766e+02,9.633665887533e-01
1.106655332767e+02,9.644243248208e-01
1.106755337767e+02,9.654864646179e-01
1.106855342767e+02,9.665527795931e-01
1.106955347767e+02,9.676230428157e-01
1.107055352768e+02,9.686970290255e-01
1.107155357768e+02,9.697745146810e-01
1.107255362768e+02,9.708552780046e-01
1.107355367768e+02,9.719390990254e-01
1.107455372769e+02,9.730257596194e-01
1.107555377769e+02,9.741150435475e-01
1.107655382769e+02,9.752067364906e-01
1.107755387769e+02,9.763006260834e-01
1.107855392770e+02,9.773965019448e-01
1.107955397770e+02,9.784941557070e-01
1.108055402770e+02,9.795933810418e-01
1.108155407770e+02,9.806939736850e-01
1.108255412771e+02,9.817957314594e-01
1.108355417771e+02,9.828984542943e-01
1.108455422771e+02,9.840019442451e-01
1.108555427771e+02,9.851060055090e-01
1.108655432772e+02,9.862104444405e-01
1.108755437772e+02,9.873150695642e-01
1.108855442772e+02,9.884196915861e-01
1.108955447772e+02,9.895241234037e-01
1.109055452773e+02,9.906281801137e-01
1.109155457773e+02,9.917316790190e-01
1.109255462773e+02,9.928344396334e-01
1.109355467773e+02,9.939362836859e-01
1.109455472774e+02,9.950370351226e-01
1.109555477774e+02,9.961365201076e-01
1.109655482774e+02,9.972345670233e-01
1.109755487774e+02,9.983310064684e-01
1.109855492775e+02,9.994256712556e-01
1.109955497775e+02,1.000518396407e+00
1.110055502775e+02,1.001609019152e+00
1.110155507775e+02,1.002697378917e+00
1.110255512776e+02,1.003783317322e+00
1.110355517776e+02,1.004866678173e+00
1.110455522776e+02,1.005947307449e+00
1.110555527776e+02,1.007025053300e+00
1.110655532777e+02,1.008099766028e+00
1.110755537777e+02,1.009171298085e+00
1.110855542777e+02,1.010239504052e+00
1.110955547777e+02,1.011304240635e+00
1.111055552778e+02,1.012365366646e+00
1.111155557778e+02,1.013422742991e+00
1.111255562778e+02,1.014476232657e+00
1.111355567778e+02,1.015525700696e+00
1.111455572779e+02,1.016571014211e+00
1.111555577779e+02,1.017612042337e+00
1.111655582779e+02,1.018648656229e+00
1.111755587779e+02,1.019680729042e+00
1.111855592780e+02,1.020708135917e+00
1.111955597780e+02,1.021730753960e+00
1.112055602780e+02,1.022748462228e+00
1.112155607780e+02,1.023761141709e+00
1.112255612781e+02,1.024768675303e+00
1.112355617781e+02,1.025770947806e+00
1.112455622781e+02,1.026767845891e+00
1.112555627781e+02,1.027759258086e+00
1.112655632782e+02,1.028745074758e+00
1.112755637782e+02,1.029725188095e+00
1.112855642782e+02,1.030699492081e+00
1.112955647782e+02,1.031667882483e+00
1.113055652783e+02,1.032630256827e+00
1.113155657783e+02,1.033586514381e+00
1.113255662783e+02,1.034536556136e+00
1.113355667783e+02,1.035480284781e+00
1.113455672784e+02,1.036417604690e+00
1.113555677784e+02,1.037348421899e+00
1.113655682784e+02,1.038272644085e+00
1.113755687784e+02,1.039190180550e+00
1.113855692785e+02,1.040100942199e+00
1.113955697785e+02,1.041004841518e+00
1.114055702785e+02,1.041901792561e+00
1.114155707785e+02,1.042791710924e+00
1.114255712786e+02,1.043674513730e+00
1.114355717786e+02,1.044550119606e+00
1.114455722786e+02,1.045418448667e+00
1.114555727786e+02,1.046279422495e+00
1.114655732787e+02,1.047132964123e+00
1.114755737787e+02,1.047978998010e+00
1.114855742787e+02,1.048817450029e+00
1.114955747787e+02,1.049648247446e+00
1.115055752788e+02,1.050471318898e+00
1.115155757788e+02,1.051286594381e+00
1.115255762788e+02,1.052094005227e+00
1.115355767788e+02,1.052893484089e+00
1.115455772789e+02,1.053684964923e+00
1.115555777789e+02,1.054468382967e+00
1.115655782789e+02,1.055243674729e+00
1.115755787789e+02,1.056010777964e+00
1.115855792790e+02,1.056769631664e+00
1.115955797790e+02,1.057520176034e+00
1.116055802790e+02,1.058262352479e+00
1.116155807790e+02,1.058996103590e+00
1.116255812791e+02,1.059721373122e+00
1.116355817791e+02,1.060438105983e+00
1.116455822791e+02,1.061146248215e+00
1.116555827791e+02,1.061845746980e+00
1.116655832792e+02,1.062536550547e+00
1.116755837792e+02,1.063218608270e+00
1.116855842792e+02,1.063891870581e+00
1.116955847792e+02,1.064556288971e+00
1.117055852793e+02,1.065211815975e+00
1.117155857793e+02,1.065858405160e+00
1.117255862793e+02,1.066496011112e+00
1.117355867793e+02,1.067124589417e+00
1.117455872794e+02,1.067744096653e+00
1.117555877794e+02,1.068354490374e+00
1.117655882794e+02,1.068955729098e+00
1.117755887794e+02,1.069547772293e+00
1.117855892795e+02,1.070130580364e+00
1.117955897795e+02,1.070704114644e+00
1.118055902795e+02,1.071268337376e+00
1.118155907795e+02,1.071823211709e+00
1.118255912796e+02,1.072368701677e+00
1.118355917796e+02,1.072904772196e+00
1.118455922796e+02,1.073431389046e+00
1.118555927796e+02,1.073948518866e+00
1.118655932797e+02,1.074456129137e+00
1.118755937797e+02,1.074954188176e+00
1.118855942797e+02,1.075442665126e+00
1.118955947797e+02,1.075921529941e+00
1.119055952798e+02,1.076390753382e+00
1.119155957798e+02,1.076850307002e+00
1.119255962798e+02,1.077300163141e+00
1.119355967798e+02,1.077740294913e+00
1.119455972799e+02,1.078170676202e+00
1.119555977799e+02,1.078591281647e+00
1.119655982799e+02,1.079002086637e+00
1.119755987799e+02,1.079403067304e+00
1.119855992800e+02,1.079794200512e+00
1.119955997800e+02,1.080175463848e+00
1.120056002800e+02,1.080546835620e+00
1.120156007800e+02,1.080908294844e+00
1.120256012801e+02,1.081259821239e+00
1.120356017801e+02,1.081601395219e+00
1.120456022801e+02,1.081932997887e+00
1.120556027801e+02,1.082254611030e+00
1.120656032802e+02,1.082566217109e+00
1.120756037802e+02,1.082867799253e+00
1.120856042802e+02,1.083159341259e+00
1.120956047802e+02,1.083440827577e+00
1.121056052803e+02,1.083712243312e+00
1.121156057803e+02,1.083973574215e+00
1.121256062803e+02,1.084224806679e+00
1.121356067803e+02,1.084465927733e+00
1.121456072804e+02,1.084696925038e+00
1.121556077804e+02,1.084917786883e+00
1.121656082804e+02,1.085128502179e+00
1.121756087804e+02,1.085329060457e+00
1.121856092805e+02,1.085519451862e+00
1.121956097805e+02,1.085699667149e+00
1.122056102805e+02,1.085869697684e+00
1.122156107805e+02,1.086029535434e+00
1.122256112806e+02,1.086179172967e+00
1.122356117806e+02,1.086318603451e+00
1.122456122806e+02,1.086447820649e+00
1.122556127806e+02,1.086566818915e+00
1.122656132807e+02,1.086675593195e+00
1.122756137807e+02,1.086774139022e+00
1.122856142807e+02,1.086862452516e+00
1.122956147807e+02,1.086940530380e+00
1.123056152808e+02,1.087008369903e+00
1.123156157808e+02,1.087065968951e+00
1.123256162808e+02,1.087113325973e+00
1.123356167808e+02,1.087150439997e+00
1.123456172809e+02,1.087177310628e+00
1.123556177809e+02,1.087193938049e+00
1.123656182809e+02,1.087200323020e+00
1.123756187809e+02,1.087196466879e+00
1.123856192810e+02,1.087182371540e+00
1.123956197810e+02,1.087158039494e+00
1.124056202810e+02,1.087123473810e+00
1.124156207810e+02,1.087078678133e+00
1.124256212811e+02,1.087023656687e+00
1.124356217811e+02,1.086958414278e+00
1.124456222811e+02,1.086882956288e+00
1.124556227811e+02,1.086797288684e+00
1.124656232812e+02,1.086701418015e+00
1.124756237812e+02,1.086595351415e+00
1.124856242812e+02,1.086479096604e+00
1.124956247812e+02,1.086352661891e+00
1.125056252813e+02,1.086216056176e+00
1.125156257813e+02,1.086069288952e+00
1.125256262813e+02,1.085912370307e+00
1.125356267813e+02,1.085745310930e+00
1.125456272814e+02,1.085568122108e+00
1.125556277814e+02,1.085380815736e+00
1.125656282814e+02,1.085183404316e+00
1.125756287814e+02,1.084975900961e+00
1.125856292815e+02,1.084758319400e+00
1.125956297815e+02,1.084530673981e+00
1.126056302815e+02,1.084292979676e+00
1.126156307815e+02,1.084045252085e+00
1.126256312816e+02,1.083787507438e+00
1.126356317816e+02,1.083519762606e+00
1.126456322816e+02,1.083242035099e+00
1.126556327816e+02,1.082954343074e+00
1.126656332817e+02,1.082656705343e+00
1.126756337817e+02,1.082349141372e+00
1.126856342817e+02,1.082031671294e+00
1.126956347817e+02,1.081704315909e+00
1.127056352818e+02,1.081367096694e+00
1.127156357818e+02,1.081020035807e+00
1.127256362818e+02,1.080663156096e+00
1.127356367818e+02,1.080296481101e+00
1.127456372819e+02,1.079920035066e+00
1.127556377819e+02,1.079533842943e+00
1.127656382819e+02,1.079137930402e+00
1.127756387819e+02,1.078732323834e+00
1.127856392820e+02,1.078317050364e+00
1.127956397820e+02,1.077892137853e+00
1.128056402820e+02,1.077457614914e+00
1.128156407820e+02,1.077013510913e+00
1.128256412821e+02,1.076559855978e+00
1.128356417821e+02,1.076096681015e+00
1.128456422821e+02,1.075624017708e+00
1.128556427821e+02,1.075141898534e+00
1.128656432822e+02,1.074650356767e+00
1.128756437822e+02,1.074149426496e+00
1.128856442822e+02,1.073639142625e+00
1.128956447822e+02,1.073119540889e+00
1.129056452823e+02,1.072590657862e+00
1.129156457823e+02,1.072052530970e+00
1.129256462823e+02,1.071505198496e+00
1.129356467823e+02,1.070948699597e+00
1.129456472824e+02,1.070383074310e+00
1.129556477824e+02,1.069808363568e+00
1.129656482824e+02,1.069224609205e+00
1.129756487824e+02,1.068631853973e+00
1.129856492825e+02,1.068030141554e+00
1.129956497825e+02,1.067419516566e+00
1.130056502825e+02,1.066800024580e+00
1.130156507825e+02,1.066171712134e+00
1.130256512826e+02,1.065534626740e+00
1.130356517826e+02,1.064888816901e+00
1.130456522826e+02,1.064234332122e+00
1.130556527826e+02,1.063571222924e+00
1.130656532827e+02,1.062899540857e+00
1.130756537827e+02,1.062219338514e+00
1.130856542827e+02,1.061530669543e+00
1.130956547827e+02,1.060833588663e+00
1.131056552828e+02,1.060128151677e+00
1.131156557828e+02,1.059414415488e+00
1.131256562828e+02,1.058692438110e+00
1.131356567828e+02,1.057962278683e+00
1.131456572829e+02,1.057223997494e+00
1.131556577829e+02,1.056477655983e+00
1.131656582829e+02,1.055723316763e+00
1.131756587829e+02,1.054961043637e+00
1.131856592830e+02,1.054190901607e+00
1.131956597830e+02,1.053412956897e+00
1.132056602830e+02,1.052627276964e+00
1.132156607830e+02,1.051833930514e+00
1.132256612831e+02,1.051032987520e+00
1.132356617831e+02,1.050224519238e+00
1.132456622831e+02,1.049408598221e+00
1.132556627831e+02,1.048585298337e+00
1.132656632832e+02,1.047754694786e+00
1.132756637832e+02,1.046916864115e+00
1.132856642832e+02,1.046071884236e+00
1.132956647832e+02,1.045219834442e+00
1.133056652833e+02,1.044360795424e+00
1.133156657833e+02,1.043494849287e+00
1.133256662833e+02,1.042622079569e+00
1.133356667833e+02,1.041742571257e+00
1.133456672834e+02,1.040856410804e+00
1.133556677834e+02,1.039963686144e+00
1.133656682834e+02,1.039064486715e+00
1.133756687834e+02,1.038158903467e+00
1.133856692835e+02,1.037247028889e+00
1.133956697835e+02,1.036328957018e+00
1.134056702835e+02,1.035404783463e+00
1.134156707835e+02,1.034474605414e+00
1.134256712836e+02,1.033538521668e+00
1.134356717836e+02,1.032596632637e+00
1.134456722836e+02,1.031649040371e+00
1.134556727836e+02,1.030695848573e+00
1.134656732837e+02,1.029737162615e+00
1.134756737837e+02,1.028773089554e+00
1.134856742837e+02,1.027803738148e+00
1.134956747837e+02,1.026829218876e+00
1.135056752838e+02,1.025849643948e+00
1.135156757838e+02,1.024865127323e+00
1.135256762838e+02,1.023875784728e+00
1.135356767838e+02,1.022881733665e+00
1.135456772839e+02,1.021883093436e+00
1.135556777839e+02,1.020879985149e+00
1.135656782839e+02,1.019872531735e+00
1.135756787839e+02,1.018860857965e+00
1.135856792840e+02,1.017845090459e+00
1.135956797840e+02,1.016825357700e+00
1.136056802840e+02,1.015801790050e+00
1.136156807840e+02,1.014774519757e+00
1.136256812841e+02,1.013743680970e+00
1.136356817841e+02,1.012709409749e+00
1.136456822841e+02,1.011671844076e+00
1.136556827841e+02,1.010631123866e+00
1.136656832842e+02,1.009587390972e+00
1.136756837842e+02,1.008540789200e+00
1.136856842842e+02,1.007491464311e+00
1.136956847842e+02,1.006439564032e+00
1.137056852843e+02,1.005385238062e+00
1.137156857843e+02,1.004328638076e+00
1.137256862843e+02,1.003269917731e+00
1.137356867843e+02,1.002209232671e+00
1.137456872844e+02,1.001146740528e+00
1.137556877844e+02,1.000082600926e+00
1.137656882844e+02,9.990169754779e-01
1.137756887844e+02,9.979500277931e-01
1.137856892845e+02,9.968819234696e-01
1.137956897845e+02,9.958128300952e-01
1.138056902845e+02,9.947429172431e-01
1.138156907845e+02,9.936723564679e-01
1.138256912846e+02,9.926013212995e-01
1.138356917846e+02,9.915299872364e-01
1.138456922846e+02,9.904585317366e-01
1.138556927846e+02,9.893871342087e-01
1.138656932847e+02,9.883159759999e-01
1.138756937847e+02,9.872452403838e-01
1.138856942847e+02,9.861751125458e-01
1.138956947847e+02,9.851057795674e-01
1.139056952848e+02,9.840374304090e-01
1.139156957848e+02,9.829702558904e-01
1.139256962848e+02,9.819044486701e-01
1.139356967848e+02,9.808402032230e-01
1.139456972849e+02,9.797777158155e-01
1.139556977849e+02,9.787171844799e-01
1.139656982849e+02,9.776588089856e-01
1.139756987849e+02,9.766027908095e-01
1.139856992850e+02,9.755493331037e-01
1.139956997850e+02,9.744986406615e-01
1.140057002850e+02,9.734509198815e-01
1.140157007850e+02,9.724063787287e-01
1.140257012851e+02,9.713652266946e-01
1.140357017851e+02,9.703276747546e-01
1.140457022851e+02,9.692939353230e-01
1.140557027851e+02,9.682642222057e-01
1.140657032852e+02,9.672387505515e-01
1.140757037852e+02,9.662177367998e-01
1.140857042852e+02,9.652013986267e-01
1.140957047852e+02,9.641899548886e-01
1.141057052853e+02,9.631836255636e-01
1.141157057853e+02,9.621826316899e-01
1.141257062853e+02,9.611871953022e-01
1.141357067853e+02,9.601975393656e-01
1.141457072854e+02,9.592138877069e-01
1.141557077854e+02,9.582364649437e-01
1.141657082854e+02,9.572654964105e-01
1.141757087854e+02,9.563012080826e-01
1.141857092855e+02,9.553438264977e-01
1.141957097855e+02,9.543935786748e-01
1.142057102855e+02,9.534506920303e-01
1.142157107855e+02,9.525153942926e-01
1.142257112856e+02,9.515879134130e-01
1.142357117856e+02,9.506684774749e-01
1.142457122856e+02,9.497573146010e-01
1.142557127856e+02,9.488546528569e-01
1.142657132857e+02,9.479607201536e-01
1.142757137857e+02,9.470757441469e-01
1.142857142857e+02,9.461999521351e-01
1.142957147857e+02,9.453335709541e-01
1.143057152858e+02,9.444768268703e-01
1.143157157858e+02,9.436299454721e-01
1.143257162858e+02,9.427931515586e-01
1.143357167858e+02,9.419666690270e-01
1.143457172859e+02,9.411507207572e-01
1.143557177859e+02,9.403455284963e-01
1.143657182859e+02,9.395513127392e-01
1.143757187859e+02,9.387682926100e-01
1.143857192860e+02,9.379966857399e-01
1.143957197860e+02,9.372367081447e-01
1.144057202860e+02,9.364885741015e-01
1.144157207860e+02,9.357524960227e-01
1.144257212861e+02,9.350286843309e-01
1.144357217861e+02,9.343173473313e-01
1.144457222861e+02,9.336186910842e-01
1.144557227861e+02,9.329329192770e-01
1.144657232862e+02,9.322602330950e-01
1.144757237862e+02,9.316008310925e-01
1.144857242862e+02,9.309549090636e-01
1.144957247862e+02,9.303226599129e-01
1.145057252863e+02,9.297042735263e-01
1.145157257863e+02,9.290999366425e-01
1.145257262863e+02,9.285098327243e-01
1.145357267863e+02,9.279341418312e-01
1.145457272864e+02,9.273730404926e-01
1.145557277864e+02,9.268267015822e-01
1.145657282864e+02,9.262952941928e-01
1.145757287864e+02,9.257789835137e-01
1.145857292865e+02,9.252779307087e-01
1.145957297865e+02,9.247922927963e-01
1.146057302865e+02,9.243222225316e-01
1.146157307865e+02,9.238678682901e-01
1.146257312866e+02,9.234293739548e-01
1.146357317866e+02,9.230068788042e-01
1.146457322866e+02,9.226005174042e-01
1.146557327866e+02,9.222104195023e-01
1.146657332867e+02,9.218367099247e-01
1.146757337867e+02,9.214795084771e-01
1.146857342867e+02,9.211389298480e-01
1.146957347867e+02,9.208150835164e-01
1.147057352868e+02,9.205080736624e-01
1.147157357868e+02,9.202179990821e-01
1.147257362868e+02,9.199449531063e-01
1.147357367868e+02,9.196890235231e-01
1.147457372869e+02,9.194502925053e-01
1.147557377869e+02,9.192288365416e-01
1.147657382869e+02,9.190247263725e-01
1.147757387869e+02,9.188380269310e-01
1.147857392870e+02,9.186687972877e-01
1.147957397870e+02,9.185170906011e-01
1.148057402870e+02,9.183829540726e-01
1.148157407870e+02,9.182664289062e-01
1.148257412871e+02,9.181675502742e-01
1.148357417871e+02,9.180863472867e-01
1.148457422871e+02,9.180228429679e-01
1.148557427871e+02,9.179770542360e-01
1.148657432872e+02,9.179489918898e-01
1.148757437872e+02,9.179386605995e-01
1.148857442872e+02,9.179460589038e-01
1.148957447872e+02,9.179711792113e-01
1.149057452873e+02,9.180140078083e-01
1.149157457873e+02,9.180745248710e-01
1.149257462873e+02,9.181527044835e-01
1.149357467873e+02,9.182485146610e-01
1.149457472874e+02,9.183619173781e-01
1.149557477874e+02,9.184928686023e-01
1.149657482874e+02,9.186413183324e-01
1.149757487874e+02,9.188072106426e-01
1.149857492875e+02,9.189904837305e-01
1.149957497875e+02,9.191910699707e-01
1.150057502875e+02,9.194088959734e-01
1.150157507875e+02,9.196438826465e-01
1.150257512876e+02,9.198959452633e-01
1.150357517876e+02,9.201649935342e-01
1.150457522876e+02,9.204509316829e-01
1.150557527876e+02,9.207536585261e-01
1.150657532877e+02,9.210730675582e-01
1.150757537877e+02,9.214090470389e-01
1.150857542877e+02,9.217614800850e-01
1.150957547877e+02,9.221302447658e-01
1.151057552878e+02,9.225152142016e-01
1.151157557878e+02,9.229162566654e-01
1.151257562878e+02,9.233332356881e-01
1.151357567878e+02,9.237660101658e-01
1.151457572879e+02,9.242144344706e-01
1.151557577879e+02,9.246783585630e-01
1.151657582879e+02,9.251576281078e-01
1.151757587879e+02,9.256520845909e-01
1.151857592880e+02,9.261615654389e-01
1.151957597880e+02,9.266859041403e-01
1.152057602880e+02,9.272249303680e-01
1.152157607880e+02,9.277784701034e-01
1.152257612881e+02,9.283463457621e-01
1.152357617881e+02,9.289283763202e-01
1.152457622881e+02,9.295243774412e-01
1.152557627881e+02,9.301341616045e-01
1.152657632882e+02,9.307575382339e-01
1.152757637882e+02,9.313943138263e-01
1.152857642882e+02,9.320442920807e-01
1.152957647882e+02,9.327072740278e-01
1.153057652883e+02,9.333830581585e-01
1.153157657883e+02,9.340714405530e-01
1.153257662883e+02,9.347722150088e-01
1.153357667883e+02,9.354851731689e-01
1.153457672884e+02,9.362101046482e-01
1.153557677884e+02,9.369467971602e-01
1.153657682884e+02,9.376950366420e-01
1.153757687884e+02,9.384546073781e-01
1.153857692885e+02,9.392252921238e-01
1.153957697885e+02,9.400068722265e-01
1.154057702885e+02,9.407991277453e-01
1.154157707885e+02,9.416018375706e-01
1.154257712886e+02,9.424147795396e-01
1.154357717886e+02,9.432377305527e-01
1.154457722886e+02,9.440704666860e-01
1.154557727886e+02,9.449127633030e-01
1.154657732887e+02,9.457643951640e-01
1.154757737887e+02,9.466251365333e-01
1.154857742887e+02,9.474947612846e-01
1.154957747887e+02,9.483730430042e-01
1.155057752888e+02,9.492597550916e-01
1.155157757888e+02,9.501546708579e-01
1.155257762888e+02,9.510575636226e-01
1.155357767888e+02,9.519682068072e-01
1.155457772889e+02,9.528863740265e-01
1.155557777889e+02,9.538118391781e-01
1.155657782889e+02,9.547443765287e-01
1.155757787889e+02,9.556837607986e-01
1.155857792890e+02,9.566297672431e-01
1.155957797890e+02,9.575821717322e-01
1.156057802890e+02,9.585407508267e-01
1.156157807890e+02,9.595052818534e-01
1.156257812891e+02,9.604755429759e-01
1.156357817891e+02,9.614513132646e-01
1.156457822891e+02,9.624323727635e-01
1.156557827891e+02,9.634185025539e-01
1.156657832892e+02,9.644094848173e-01
1.156757837892e+02,9.654051028944e-01
1.156857842892e+02,9.664051413421e-01
1.156957847892e+02,9.674093859885e-01
1.157057852893e+02,9.684176239852e-01
1.157157857893e+02,9.694296438574e-01
1.157257862893e+02,9.704452355516e-01
1.157357867893e+02,9.714641904809e-01
1.157457872894e+02,9.724863015689e-01
1.157557877894e+02,9.735113632899e-01
1.157657882894e+02,9.745391717087e-01
1.157757887894e+02,9.755695245167e-01
1.157857892895e+02,9.766022210672e-01
1.157957897895e+02,9.776370624078e-01
1.158057902895e+02,9.786738513110e-01
1.158157907895e+02,9.797123923034e-01
1.158257912896e+02,9.807524916921e-01
1.158357917896e+02,9.817939575902e-01
1.158457922896e+02,9.828365999394e-01
1.158557927896e+02,9.838802305320e-01
1.158657932897e+02,9.849246630302e-01
1.158757937897e+02,9.859697129844e-01
1.158857942897e+02,9.870151978495e-01
1.158957947897e+02,9.880609369996e-01
1.159057952898e+02,9.891067517415e-01
1.159157957898e+02,9.901524653262e-01
1.159257962898e+02,9.911979029598e-01
1.159357967898e+02,9.922428918116e-01
1.159457972899e+02,9.932872610225e-01
1.159557977899e+02,9.943308417110e-01
1.159657982899e+02,9.953734669779e-01
1.159757987899e+02,9.964149719107e-01
1.159857992900e+02,9.974551935857e-01
1.159957997900e+02,9.984939710698e-01
1.160058002900e+02,9.995311454211e-01
1.160158007900e+02,1.000566559687e+00
1.160258012901e+02,1.001600058906e+00
1.160358017901e+02,1.002631490099e+00
1.160458022901e+02,1.003660702273e+00
1.160558027901e+02,1.004687546411e+00
1.160658032902e+02,1.005711875469e+00
1.160758037902e+02,1.006733544371e+00
1.160858042902e+02,1.007752409999e+00
1.160958047902e+02,1.008768331190e+00
1.161058052903e+02,1.009781168723e+00
1.161158057903e+02,1.010790785312e+00
1.161258062903e+02,1.011797045598e+00
1.161358067903e+02,1.012799816137e+00
1.161458072904e+02,1.013798965388e+00
1.161558077904e+02,1.014794363706e+00
1.161658082904e+02,1.015785883326e+00
1.161758087904e+02,1.016773398352e+00
1.161858092905e+02,1.017756784746e+00
1.161958097905e+02,1.018735920312e+00
1.162058102905e+02,1.019710684683e+00
1.162158107905e+02,1.020680959312e+00
1.162258112906e+02,1.021646627450e+00
1.162358117906e+02,1.022607574137e+00
1.162458122906e+02,1.023563686184e+00
1.162558127906e+02,1.024514852161e+00
1.162658132907e+02,1.025460962378e+00
1.162758137907e+02,1.026401908873e+00
1.162858142907e+02,1.027337585394e+00
1.162958147907e+02,1.028267887383e+00
1.163058152908e+02,1.029192711960e+00
1.163158157908e+02,1.030111957909e+00
1.163258162908e+02,1.031025525657e+00
1.163358167908e+02,1.031933317261e+00
1.163458172909e+02,1.032835236392e+00
1.163558177909e+02,1.033731188315e+00
1.163658182909e+02,1.034621079874e+00
1.163758187909e+02,1.035504819476e+00
1.163858192910e+02,1.036382317072e+00
1.163958197910e+02,1.037253484142e+00
1.164058202910e+02,1.038118233678e+00
1.164158207910e+02,1.038976480164e+00
1.164258212911e+02,1.039828139565e+00
1.164358217911e+02,1.040673129303e+00
1.164458222911e+02,1.041511368248e+00
1.164558227911e+02,1.042342776694e+00
1.164658232912e+02,1.043167276347e+00
1.164758237912e+02,1.043984790304e+00
1.164858242912e+02,1.044795243044e+00
1.164958247912e+02,1.045598560401e+00
1.165058252913e+02,1.046394669558e+00
1.165158257913e+02,1.047183499023e+00
1.165258262913e+02,1.047964978617e+00
1.165358267913e+02,1.048739039455e+00
1.165458272914e+02,1.049505613934e+00
1.165558277914e+02,1.050264635712e+00
1.165658282914e+02,1.051016039699e+00
1.165758287914e+02,1.051759762033e+00
1.165858292915e+02,1.052495740071e+00
1.165958297915e+02,1.053223912373e+00
1.166058302915e+02,1.053944218684e+00
1.166158307915e+02,1.054656599921e+00
1.166258312916e+02,1.055360998159e+00
1.166358317916e+02,1.056057356612e+00
1.166458322916e+02,1.056745619626e+00
1.166558327916e+02,1.057425732657e+00
1.166658332917e+02,1.058097642263e+00
1.166758337917e+02,1.058761296084e+00
1.166858342917e+02,1.059416642834e+00
1.166958347917e+02,1.060063632284e+00
1.167058352918e+02,1.060702215251e+00
1.167158357918e+02,1.061332343581e+00
1.167258362918e+02,1.061953970140e+00
1.167358367918e+02,1.062567048798e+00
1.167458372919e+02,1.063171534419e+00
1.167558377919e+02,1.063767382847e+00
1.167658382919e+02,1.064354550894e+00
1.167758387919e+02,1.064932996327e+00
1.167858392920e+02,1.065502677859e+00
1.167958397920e+02,1.066063555134e+00
1.168058402920e+02,1.066615588717e+00
1.168158407920e+02,1.067158740083e+00
1.168258412921e+02,1.067692971607e+00
1.168358417921e+02,1.068218246550e+00
1.168458422921e+02,1.068734529049e+00
1.168558427921e+02,1.069241784112e+00
1.168658432922e+02,1.069739977598e+00
1.168758437922e+02,1.070229076216e+00
1.168858442922e+02,1.070709047510e+00
1.168958447922e+02,1.071179859852e+00
1.169058452923e+02,1.071641482429e+00
1.169158457923e+02,1.072093885238e+00
1.169258462923e+02,1.072537039075e+00
1.169358467923e+02,1.072970915524e+00
1.169458472924e+02,1.073395486954e+00
1.169558477924e+02,1.073810726504e+00
1.169658482924e+02,1.074216608079e+00
1.169758487924e+02,1.074613106341e+00
1.169858492925e+02,1.075000196700e+00
1.169958497925e+02,1.075377855308e+00
1.170058502925e+02,1.075746059051e+00
1.170158507925e+02,1.076104785541e+00
1.170258512926e+02,1.076454013108e+00
1.170358517926e+02,1.076793720798e+00
1.170458522926e+02,1.077123888361e+00
1.170558527926e+02,1.077444496246e+00
1.170658532927e+02,1.077755525595e+00
1.170758537927e+02,1.078056958240e+00
1.170858542927e+02,1.078348776690e+00
1.170958547927e+02,1.078630964133e+00
1.171058552928e+02,1.078903504425e+00
1.171158557928e+02,1.079166382088e+00
1.171258562928e+02,1.079419582302e+00
1.171358567928e+02,1.079663090905e+00
1.171458572929e+02,1.079896894380e+00
1.171558577929e+02,1.080120979861e+00
1.171658582929e+02,1.080335335118e+00
1.171758587929e+02,1.080539948562e+00
1.171858592930e+02,1.080734809234e+00
1.171958597930e+02,1.080919906806e+00
1.172058602930e+02,1.081095231575e+00
1.172158607930e+02,1.081260774459e+00
1.172258612931e+02,1.081416526996e+00
1.172358617931e+02,1.081562481341e+00
1.172458622931e+02,1.081698630261e+00
1.172558627931e+02,1.081824967131e+00
1.172658632932e+02,1.081941485938e+00
1.172758637932e+02,1.082048181272e+00
1.172858642932e+02,1.082145048327e+00
1.172958647932e+02,1.082232082899e+00
1.173058652933e+02,1.082309281382e+00
1.173158657933e+02,1.082376640771e+00
1.173258662933e+02,1.082434158654e+00
1.173358667933e+02,1.082481833219e+00
1.173458672934e+02,1.082519663246e+00
1.173558677934e+02,1.082547648108e+00
1.173658682934e+02,1.082565787772e+00
1.173758687934e+02,1.082574082798e+00
1.173858692935e+02,1.082572534337e+00
1.173958697935e+02,1.082561144135e+00
1.174058702935e+02,1.082539914526e+00
1.174158707935e+02,1.082508848439e+00
1.174258712936e+02,1.082467949395e+00
1.174358717936e+02,1.082417221509e+00
1.174458722936e+02,1.082356669490e+00
1.174558727936e+02,1.082286298641e+00
1.174658732937e+02,1.082206114863e+00
1.174758737937e+02,1.082116124654e+00
1.174858742937e+02,1.082016335111e+00
1.174958747937e+02,1.081906753930e+00
1.175058752938e+02,1.081787389413e+00
1.175158757938e+02,1.081658250463e+00
1.175258762938e+02,1.081519346593e+00
1.175358767938e+02,1.081370687923e+00
1.175458772939e+02,1.081212285186e+00
1.175558777939e+02,1.081044149729e+00
1.175658782939e+02,1.080866293516e+00
1.175758787939e+02,1.080678729132e+00
1.175858792940e+02,1.080481469786e+00
1.175958797940e+02,1.080274529315e+00
1.176058802940e+02,1.080057922185e+00
1.176158807940e+02,1.079831663498e+00
1.176258812941e+02,1.079595768996e+00
1.176358817941e+02,1.079350255061e+00
1.176458822941e+02,1.079095138725e+00
1.176558827941e+02,1.078830437670e+00
1.176658832942e+02,1.078556170237e+00
1.176758837942e+02,1.078272355426e+00
1.176858842942e+02,1.077979012905e+00
1.176958847942e+02,1.077676163014e+00
1.177058852943e+02,1.077363826770e+00
1.177158857943e+02,1.077042025872e+00
1.177258862943e+02,1.076710782711e+00
1.177358867943e+02,1.076370120370e+00
1.177458872944e+02,1.076020062633e+00
1.177558877944e+02,1.075660633993e+00
1.177658882944e+02,1.075291859658e+00
1.177758887944e+02,1.074913765553e+00
1.177858892945e+02,1.074526378333e+00
1.177958897945e+02,1.074129725389e+00
1.178058902945e+02,1.073723834853e+00
1.178158907945e+02,1.073308735604e+00
1.178258912946e+02,1.072884457283e+00
1.178358917946e+02,1.072451030292e+00
1.178458922946e+02,1.072008485809e+00
1.178558927946e+02,1.071556855791e+00
1.178658932947e+02,1.071096172986e+00
1.178758937947e+02,1.070626470941e+00
1.178858942947e+02,1.070147784008e+00
1.178958947947e+02,1.069660147357e+00
1.179058952948e+02,1.069163596981e+00
1.179158957948e+02,1.068658169709e+00
1.179258962948e+02,1.068143903215e+00
1.179358967948e+02,1.067620836023e+00
1.179458972949e+02,1.067089007523e+00
1.179558977949e+02,1.066548457979e+00
1.179658982949e+02,1.065999228537e+00
1.179758987949e+02,1.065441361237e+00
1.179858992950e+02,1.064874899024e+00
1.179958997950e+02,1.064299885759e+00
1.180059002950e+02,1.063716366228e+00
1.180159007950e+02,1.063124386155e+00
1.180259012951e+02,1.062523992211e+00
1.180359017951e+02,1.061915232030e+00
1.180459022951e+02,1.061298154213e+00
1.180559027951e+02,1.060672808349e+00
1.180659032952e+02,1.060039245018e+00
1.180759037952e+02,1.059397515809e+00
1.180859042952e+02,1.058747673331e+00
1.180959047952e+02,1.058089771222e+00
1.181059052953e+02,1.057423864167e+00
1.181159057953e+02,1.056750007906e+00
1.181259062953e+02,1.056068259250e+00
1.181359067953e+02,1.055378676091e+00
1.181459072954e+02,1.054681317419e+00
1.181559077954e+02,1.053976243331e+00
1.181659082954e+02,1.053263515046e+00
1.181759087954e+02,1.052543194920e+00
1.181859092955e+02,1.051815346459e+00
1.181959097955e+02,1.051080034329e+00
1.182059102955e+02,1.050337324376e+00
1.182159107955e+02,1.049587283636e+00
1.182259112956e+02,1.048829980349e+00
1.182359117956e+02,1.048065483974e+00
1.182459122956e+02,1.047293865204e+00
1.182559127956e+02,1.046515195979e+00
1.182659132957e+02,1.045729549502e+00
1.182759137957e+02,1.044937000250e+00
1.182859142957e+02,1.044137623993e+00
1.182959147957e+02,1.043331497805e+00
1.183059152958e+02,1.042518700081e+00
1.183159157958e+02,1.041699310550e+00
1.183259162958e+02,1.040873410289e+00
1.183359167958e+02,1.040041081742e+00
1.183459172959e+02,1.039202408729e+00
1.183559177959e+02,1.038357476465e+00
1.183659182959e+02,1.037506371571e+00
1.183759187959e+02,1.036649182092e+00
1.183859192960e+02,1.035785997510e+00
1.183959197960e+02,1.034916908758e+00
1.184059202960e+02,1.034042008238e+00
1.184159207960e+02,1.033161389828e+00
1.184259212961e+02,1.032275148906e+00
1.184359217961e+02,1.031383382355e+00
1.184459222961e+02,1.030486188583e+00
1.184559227961e+02,1.029583667537e+00
1.184659232962e+02,1.028675920712e+00
1.184759237962e+02,1.027763051170e+00
1.184859242962e+02,1.026845163550e+00
1.184959247962e+02,1.025922364084e+00
1.185059252963e+02,1.024994760607e+00
1.185159257963e+02,1.024062462572e+00
1.185259262963e+02,1.023125581062e+00
1.185359267963e+02,1.022184228803e+00
1.185459272964e+02,1.021238520174e+00
1.185559277964e+02,1.020288571221e+00
1.185659282964e+02,1.019334499667e+00
1.185759287964e+02,1.018376424922e+00
1.185859292965e+02,1.017414468096e+00
1.185959297965e+02,1.016448752009e+00
1.186059302965e+02,1.015479401199e+00
1.186159307965e+02,1.014506541930e+00
1.186259312966e+02,1.013530302205e+00
1.186359317966e+02,1.012550811773e+00
1.186459322966e+02,1.011568202132e+00
1.186559327966e+02,1.010582606545e+00
1.186659332967e+02,1.009594160039e+00
1.186759337967e+02,1.008602999412e+00
1.186859342967e+02,1.007609263243e+00
1.186959347967e+02,1.006613091891e+00
1.187059352968e+02,1.005614627503e+00
1.187159357968e+02,1.004614014015e+00
1.187259362968e+02,1.003611397155e+00
1.187359367968e+02,1.002606924443e+00
1.187459372969e+02,1.001600745196e+00
1.187559377969e+02,1.000593010523e+00
1.187659382969e+02,9.995838733245e-01
1.187759387969e+02,9.985734882949e-01
1.187859392970e+02,9.975620119144e-01
1.187959397970e+02,9.965496024473e-01
1.188059402970e+02,9.955364199365e-01
1.188159407970e+02,9.945226261969e-01
1.188259412971e+02,9.935083848088e-01
1.188359417971e+02,9.924938611086e-01
1.188459422971e+02,9.914792221795e-01
1.188559427971e+02,9.904646368403e-01
1.188659432972e+02,9.894502756333e-01
1.188759437972e+02,9.884363108105e-01
1.188859442972e+02,9.874229163187e-01
1.188959447972e+02,9.864102677832e-01
1.189059452973e+02,9.853985424898e-01
1.189159457973e+02,9.843879193658e-01
1.189259462973e+02,9.833785789591e-01
1.189359467973e+02,9.823707034153e-01
1.189459472974e+02,9.813644764548e-01
1.189559477974e+02,9.803600833462e-01
1.189659482974e+02,9.793577108797e-01
1.189759487974e+02,9.783575473379e-01
1.189859492975e+02,9.773597824650e-01
1.189959497975e+02,9.763646074348e-01
1.190059502975e+02,9.753722148158e-01
1.190159507975e+02,9.743827985359e-01
1.190259512976e+02,9.733965538436e-01
1.190359517976e+02,9.724136772689e-01
1.190459522976e+02,9.714343665811e-01
1.190559527976e+02,9.704588207452e-01
1.190659532977e+02,9.694872398763e-01
1.190759537977e+02,9.685198251916e-01
1.190859542977e+02,9.675567789613e-01
1.190959547977e+02,9.665983044562e-01
1.191059552978e+02,9.656446058942e-01
1.191159557978e+02,9.646958883845e-01
1.191259562978e+02,9.637523578695e-01
1.191359567978e+02,9.628142210647e-01
1.191459572979e+02,9.618816853967e-01
1.191559577979e+02,9.609549589388e-01
1.191659582979e+02,9.600342503447e-01
1.191759587979e+02,9.591197687797e-01
1.191859592980e+02,9.582117238508e-01
1.191959597980e+02,9.573103255332e-01
1.192059602980e+02,9.564157840957e-01
1.192159607980e+02,9.555283100245e-01
1.192259612981e+02,9.546481139431e-01
1.192359617981e+02,9.537754065323e-01
1.192459622981e+02,9.529103984468e-01
1.192559627981e+02,9.520533002302e-01
1.192659632982e+02,9.512043222281e-01
1.192759637982e+02,9.503636744995e-01
1.192859642982e+02,9.495315667257e-01
1.192959647982e+02,9.487082081179e-01
1.193059652983e+02,9.478938073230e-01
1.193159657983e+02,9.470885723273e-01
1.193259662983e+02,9.462927103593e-01
1.193359667983e+02,9.455064277895e-01
1.193459672984e+02,9.447299300303e-01
1.193559677984e+02,9.439634214334e-01
1.193659682984e+02,9.432071051861e-01
1.193759687984e+02,9.424611832063e-01
1.193859692985e+02,9.417258560362e-01
1.193959697985e+02,9.410013227350e-01
1.194059702985e+02,9.402877807706e-01
1.194159707985e+02,9.395854259099e-01
1.194259712986e+02,9.388944521093e-01
1.194359717986e+02,9.382150514029e-01
1.194459722986e+02,9.375474137918e-01
1.194559727986e+02,9.368917271318e-01
1.194659732987e+02,9.362481770209e-01
1.194759737987e+02,9.356169466867e-01
1.194859742987e+02,9.349982168740e-01
1.194959747987e+02,9.343921657313e-01
1.195059752988e+02,9.337989686990e-01
1.195159757988e+02,9.332187983966e-01
1.195259762988e+02,9.326518245108e-01
1.195359767988e+02,9.320982136840e-01
1.195459772989e+02,9.315581294040e-01
1.195559777989e+02,9.310317318938e-01
1.195659782989e+02,9.305191780027e-01
1.195759787989e+02,9.300206210990e-01
1.195859792990e+02,9.295362109630e-01
1.195959797990e+02,9.290660936825e-01
1.196059802990e+02,9.286104115488e-01
1.196159807990e+02,9.281693029558e-01
1.196259812991e+02,9.277429022994e-01
1.196359817991e+02,9.273313398803e-01
1.196459822991e+02,9.269347418081e-01
1.196559827991e+02,9.265532299082e-01
1.196659832992e+02,9.261869216310e-01
1.196759837992e+02,9.258359299639e-01
1.196859842992e+02,9.255003633455e-01
1.196959847992e+02,9.251803255834e-01
1.197059852993e+02,9.248759157748e-01
1.197159857993e+02,9.245872282299e-01
1.197259862993e+02,9.243143523990e-01
1.197359867993e+02,9.240573728031e-01
1.197459872994e+02,9.238163689673e-01
1.197559877994e+02,9.235914153588e-01
1.197659882994e+02,9.233825813280e-01
1.197759887994e+02,9.231899310535e-01
1.197859892995e+02,9.230135234914e-01
1.197959897995e+02,9.228534123282e-01
1.198059902995e+02,9.227096459380e-01
1.198159907995e+02,9.225822673440e-01
1.198259912996e+02,9.224713141838e-01
1.198359917996e+02,9.223768186797e-01
1.198459922996e+02,9.222988076129e-01
1.198559927996e+02,9.222373023021e-01
1.198659932997e+02,9.221923185865e-01
1.198759937997e+02,9.221638668137e-01
1.198859942997e+02,9.221519518320e-01
1.198959947997e+02,9.221565729863e-01
1.199059952998e+02,9.221777241201e-01
1.199159957998e+02,9.222153935804e-01
1.199259962998e+02,9.222695642287e-01
1.199359967998e+02,9.223402134550e-01
1.199459972999e+02,9.224273131969e-01
1.199559977999e+02,9.225308299639e-01
1.199659982999e+02,9.226507248643e-01
1.199759987999e+02,9.227869536385e-01
1.199859993000e+02,9.229394666948e-01
1.199959998000e+02,9.231082091502e-01
1.200060003000e+02,9.232931208760e-01
1.200160008000e+02,9.234941365459e-01
1.200260013001e+02,9.237111856895e-01
1.200360018001e+02,9.239441927489e-01
1.200460023001e+02,9.241930771395e-01
1.200560028001e+02,9.244577533141e-01
1.200660033002e+02,9.247381308308e-01
1.200760038002e+02,9.250341144245e-01
1.200860043002e+02,9.253456040815e-01
1.200960048002e+02,9.256724951174e-01
1.201060053003e+02,9.260146782580e-01
1.201160058003e+02,9.263720397233e-01
1.201260063003e+02,9.267444613145e-01
1.201360068003e+02,9.271318205029e-01
1.201460073004e+02,9.275339905226e-01
1.201560078004e+02,9.279508404642e-01
1.201660083004e+02,9.283822353720e-01
1.201760088004e+02,9.288280363423e-01
1.201860093005e+02,9.292881006244e-01
1.201960098005e+02,9.297622817229e-01
1.202060103005e+02,9.302504295021e-01
1.202160108005e+02,9.307523902914e-01
1.202260113006e+02,9.312680069927e-01
1.202360118006e+02,9.317971191880e-01
1.202460123006e+02,9.323395632494e-01
1.202560128006e+02,9.328951724488e-01
1.202660133007e+02,9.334637770692e-01
1.202760138007e+02,9.340452045158e-01
1.202860143007e+02,9.346392794288e-01
1.202960148007e+02,9.352458237952e-01
1.203060153008e+02,9.358646570614e-01
1.203160158008e+02,9.364955962463e-01
1.203260163008e+02,9.371384560535e-01
1.203360168008e+02,9.377930489841e-01
1.203460173009e+02,9.384591854484e-01
1.203560178009e+02,9.391366738775e-01
1.203660183009e+02,9.398253208351e-01
1.203760188009e+02,9.405249311271e-01
1.203860193010e+02,9.412353079116e-01
1.203960198010e+02,9.419562528078e-01
1.204060203010e+02,9.426875660036e-01
1.204160208010e+02,9.434290463623e-01
1.204260213011e+02,9.441804915281e-01
1.204360218011e+02,9.449416980306e-01
1.204460223011e+02,9.457124613875e-01
1.204560228011e+02,9.464925762060e-01
1.204660233012e+02,9.472818362830e-01
1.204760238012e+02,9.480800347037e-01
1.204860243012e+02,9.488869639378e-01
1.204960248012e+02,9.497024159352e-01
1.205060253013e+02,9.505261822192e-01
1.205160258013e+02,9.513580539777e-01
1.205260263013e+02,9.521978221534e-01
1.205360268013e+02,9.530452775313e-01
1.205460273014e+02,9.539002108249e-01
1.205560278014e+02,9.547624127596e-01
1.205660283014e+02,9.556316741551e-01
1.205760288014e+02,9.565077860052e-01
1.205860293015e+02,9.573905395553e-01
1.205960298015e+02,9.582797263788e-01
1.206060303015e+02,9.591751384502e-01
1.206160308015e+02,9.600765682174e-01
1.206260313016e+02,9.609838086704e-01
1.206360318016e+02,9.618966534094e-01
1.206460323016e+02,9.628148967097e-01
1.206560328016e+02,9.637383335853e-01
1.206660333017e+02,9.646667598496e-01
1.206760338017e+02,9.655999721745e-01
1.206860343017e+02,9.665377681474e-01
1.206960348017e+02,9.674799463263e-01
1.207060353018e+02,9.684263062919e-01
1.207160358018e+02,9.693766486990e-01
1.207260363018e+02,9.703307753251e-01
1.207360368018e+02,9.712884891166e-01
1.207460373019e+02,9.722495942344e-01
1.207560378019e+02,9.732138960957e-01
1.207660383019e+02,9.741812014159e-01
1.207760388019e+02,9.751513182464e-01
1.207860393020e+02,9.761240560128e-01
1.207960398020e+02,9.770992255493e-01
1.208060403020e+02,9.780766391324e-01
1.208160408020e+02,9.790561105126e-01
1.208260413021e+02,9.800374549442e-01
1.208360418021e+02,9.810204892134e-01
1.208460423021e+02,9.820050316652e-01
1.208560428021e+02,9.829909022275e-01
1.208660433022e+02,9.839779224351e-01
1.208760438022e+02,9.849659154510e-01
1.208860443022e+02,9.859547060866e-01
1.208960448022e+02,9.869441208204e-01
1.209060453023e+02,9.879339878152e-01
1.209160458023e+02,9.889241369338e-01
1.209260463023e+02,9.899143997537e-01
1.209360468023e+02,9.909046095797e-01
1.209460473024e+02,9.918946014559e-01
1.209560478024e+02,9.928842121764e-01
1.209660483024e+02,9.938732802943e-01
1.209760488024e+02,9.948616461299e-01
1.209860493025e+02,9.958491517774e-01
1.209960498025e+02,9.968356411111e-01
1.210060503025e+02,9.978209597900e-01
1.210160508025e+02,9.988049552612e-01
1.210260513026e+02,9.997874767631e-01
1.210360518026e+02,1.000768375327e+00
1.210460523026e+02,1.001747503777e+00
1.210560528026e+02,1.002724716732e+00
1.210660533027e+02,1.003699870601e+00
1.210760538027e+02,1.004672823588e+00
1.210860543027e+02,1.005643435680e+00
1.210960548027e+02,1.006611568653e+00
1.211060553028e+02,1.007577086061e+00
1.211160558028e+02,1.008539853235e+00
1.211260563028e+02,1.009499737276e+00
1.211360568028e+02,1.010456607050e+00
1.211460573029e+02,1.011410333180e+00
1.211560578029e+02,1.012360788039e+00
1.211660583029e+02,1.013307845744e+00
1.211760588029e+02,1.014251382145e+00
1.211860593030e+02,1.015191274816e+00
1.211960598030e+02,1.016127403050e+00
1.212060603030e+02,1.017059647844e+00
1.212160608030e+02,1.017987891890e+00
1.212260613031e+02,1.018912019569e+00
1.212360618031e+02,1.019831916933e+00
1.212460623031e+02,1.020747471698e+00
1.212560628031e+02,1.021658573232e+00
1.212660633032e+02,1.022565112541e+00
1.212760638032e+02,1.023466982259e+00
1.212860643032e+02,1.024364076636e+00
1.212960648032e+02,1.025256291522e+00
1.213060653033e+02,1.026143524355e+00
1.213160658033e+02,1.027025674152e+00
1.213260663033e+02,1.027902641489e+00
1.213360668033e+02,1.028774328492e+00
1.213460673034e+02,1.029640638823e+00
1.213560678034e+02,1.030501477664e+00
1.213660683034e+02,1.031356751704e+00
1.213760688034e+02,1.032206369125e+00
1.213860693035e+02,1.033050239589e+00
1.213960698035e+02,1.033888274222e+00
1.214060703035e+02,1.034720385598e+00
1.214160708035e+02,1.035546487730e+00
1.214260713036e+02,1.036366496052e+00
1.214360718036e+02,1.037180327402e+00
1.214460723036e+02,1.037987900014e+00
1.214560728036e+02,1.038789133497e+00
1.214660733037e+02,1.039583948825e+00
1.214760738037e+02,1.040372268320e+00
1.214860743037e+02,1.041154015639e+00
1.214960748037e+02,1.041929115758e+00
1.215060753038e+02,1.042697494961e+00
1.215160758038e+02,1.043459080818e+00
1.215260763038e+02,1.044213802182e+00
1.215360768038e+02,1.044961589163e+00
1.215460773039e+02,1.045702373124e+00
1.215560778039e+02,1.046436086660e+00
1.215660783039e+02,1.047162663585e+00
1.215760788039e+02,1.047882038923e+00
1.215860793040e+02,1.048594148886e+00
1.215960798040e+02,1.049298930869e+00
1.216060803040e+02,1.049996323430e+00
1.216160808040e+02,1.050686266279e+00
1.216260813041e+02,1.051368700264e+00
1.216360818041e+02,1.052043567359e+00
1.216460823041e+02,1.052710810648e+00
1.216560828041e+02,1.053370374316e+00
1.216660833042e+02,1.054022203632e+00
1.216760838042e+02,1.054666244941e+00
1.216860843042e+02,1.055302445645e+00
1.216960848042e+02,1.055930754197e+00
1.217060853043e+02,1.056551120086e+00
1.217160858043e+02,1.057163493822e+00
1.217260863043e+02,1.057767826929e+00
1.217360868043e+02,1.058364071932e+00
1.217460873044e+02,1.058952182340e+00
1.217560878044e+02,1.059532112644e+00
1.217660883044e+02,1.060103818296e+00
1.217760888044e+02,1.060667255704e+00
1.217860893045e+02,1.061222382220e+00
1.217960898045e+02,1.061769156126e+00
1.218060903045e+02,1.062307536629e+00
1.218160908045e+02,1.062837483842e+00
1.218260913046e+02,1.063358958784e+00
1.218360918046e+02,1.063871923362e+00
1.218460923046e+02,1.064376340362e+00
1.218560928046e+02,1.064872173445e+00
1.218660933047e+02,1.065359387129e+00
1.218760938047e+02,1.065837946785e+00
1.218860943047e+02,1.066307818627e+00
1.218960948047e+02,1.066768969703e+00
1.219060953048e+02,1.067221367882e+00
1.219160958048e+02,1.067664981852e+00
1.219260963048e+02,1.068099781105e+00
1.219360968048e+02,1.068525735935e+00
1.219460973049e+02,1.068942817423e+00
1.219560978049e+02,1.069350997433e+00
1.219660983049e+02,1.069750248606e+00
1.219760988049e+02,1.070140544346e+00
1.219860993050e+02,1.070521858820e+00
1.219960998050e+02,1.070894166943e+00
1.220061003050e+02,1.071257444378e+00
1.220161008050e+02,1.071611667524e+00
1.220261013051e+02,1.071956813513e+00
1.220361018051e+02,1.072292860199e+00
1.220461023051e+02,1.072619786156e+00
1.220561028051e+02,1.072937570668e+00
1.220661033052e+02,1.073246193728e+00
1.220761038052e+02,1.073545636025e+00
1.220861043052e+02,1.073835878944e+00
1.220961048052e+02,1.074116904559e+00
1.221061053053e+02,1.074388695628e+00
1.221161058053e+02,1.074651235585e+00
1.221261063053e+02,1.074904508538e+00
1.221361068053e+02,1.075148499264e+00
1.221461073054e+02,1.075383193205e+00
1.221561078054e+02,1.075608576458e+00
1.221661083054e+02,1.075824635779e+00
1.221761088054e+02,1.076031358573e+00
1.221861093055e+02,1.076228732893e+00
1.221961098055e+02,1.076416747435e+00
1.222061103055e+02,1.076595391534e+00
1.222161108055e+02,1.076764655160e+00
1.222261113056e+02,1.076924528920e+00
1.222361118056e+02,1.077075004046e+00
1.222461123056e+02,1.077216072401e+00
1.222561128056e+02,1.077347726471e+00
1.222661133057e+02,1.077469959362e+00
1.222761138057e+02,1.077582764801e+00
1.222861143057e+02,1.077686137133e+00
1.222961148057e+02,1.077780071318e+00
1.223061153058e+02,1.077864562927e+00
1.223161158058e+02,1.077939608145e+00
1.223261163058e+02,1.078005203766e+00
1.223361168058e+02,1.078061347195e+00
1.223461173059e+02,1.078108036441e+00
1.223561178059e+02,1.078145270122e+00
1.223661183059e+02,1.078173047461e+00
1.223761188059e+02,1.078191368287e+00
1.223861193060e+02,1.078200233034e+00
1.223961198060e+02,1.078199642738e+00
1.224061203060e+02,1.078189599041e+00
1.224161208060e+02,1.078170104190e+00
1.224261213061e+02,1.078141161033e+00
1.224361218061e+02,1.078102773027e+00
1.224461223061e+02,1.078054944232e+00
1.224561228061e+02,1.077997679313e+00
1.224661233062e+02,1.077930983543e+00
1.224761238062e+02,1.077854862804e+00
1.224861243062e+02,1.077769323585e+00
1.224961248062e+02,1.077674372987e+00
1.225061253063e+02,1.077570018721e+00
1.225161258063e+02,1.077456269114e+00
1.225261263063e+02,1.077333133107e+00
1.225361268063e+02,1.077200620258e+00
1.225461273064e+02,1.077058740746e+00
1.225561278064e+02,1.076907505372e+00
1.225661283064e+02,1.076746925561e+00
1.225761288064e+02,1.076577013365e+00
1.225861293065e+02,1.076397781468e+00
1.225961298065e+02,1.076209243186e+00
1.226061303065e+02,1.076011412471e+00
1.226161308065e+02,1.075804303915e+00
1.226261313066e+02,1.075587932755e+00
1.226361318066e+02,1.075362314873e+00
1.226461323066e+02,1.075127466803e+00
1.226561328066e+02,1.074883405735e+00
1.226661333067e+02,1.074630149516e+00
1.226761338067e+02,1.074367716658e+00
1.226861343067e+02,1.074096126342e+00
1.226961348067e+02,1.073815398420e+00
1.227061353068e+02,1.073525553423e+00
1.227161358068e+02,1.073226612564e+00
1.227261363068e+02,1.072918597746e+00
1.227361368068e+02,1.072601531563e+00
1.227461373069e+02,1.072275437309e+00
1.227561378069e+02,1.071940338984e+00
1.227661383069e+02,1.071596261296e+00
1.227761388069e+02,1.071243229672e+00
1.227861393070e+02,1.070881270262e+00
1.227961398070e+02,1.070510409943e+00
1.228061403070e+02,1.070130676329e+00
1.228161408070e+02,1.069742097779e+00
1.228261413071e+02,1.069344703397e+00
1.228361418071e+02,1.068938523046e+00
1.228461423071e+02,1.068523587354e+00
1.228561428071e+02,1.068099927718e+00
1.228661433072e+02,1.067667576314e+00
1.228761438072e+02,1.067226566104e+00
1.228861443072e+02,1.066776930847e+00
1.228961448072e+02,1.066318705100e+00
1.229061453073e+02,1.065851924234e+00
1.229161458073e+02,1.065376624437e+00
1.229261463073e+02,1.064892842725e+00
1.229361468073e+02,1.064400616949e+00
1.229461473074e+02,1.063899985806e+00
1.229561478074e+02,1.063390988847e+00
1.229661483074e+02,1.062873666483e+00
1.229761488074e+02,1.062348060002e+00
1.229861493075e+02,1.061814211570e+00
1.229961498075e+02,1.061272164244e+00
1.230061503075e+02,1.060721961986e+00
1.230161508075e+02,1.060163649663e+00
1.230261513076e+02,1.059597273068e+00
1.230361518076e+02,1.059022878922e+00
1.230461523076e+02,1.058440514889e+00
1.230561528076e+02,1.057850229583e+00
1.230661533077e+02,1.057252072583e+00
1.230761538077e+02,1.056646094438e+00
1.230861543077e+02,1.056032346684e+00
1.230961548077e+02,1.055410881849e+00
1.231061553078e+02,1.054781753468e+00
1.231161558078e+02,1.054145016095e+00
1.231261563078e+02,1.053500725311e+00
1.231361568078e+02,1.052848937736e+00
1.231461573079e+02,1.052189711043e+00
1.231561578079e+02,1.051523103968e+00
1.231661583079e+02,1.050849176322e+00
1.231761588079e+02,1.050167989002e+00
1.231861593080e+02,1.049479604005e+00
1.231961598080e+02,1.048784084439e+00
1.232061603080e+02,1.048081494532e+00
1.232161608080e+02,1.047371899651e+00
1.232261613081e+02,1.046655366308e+00
1.232361618081e+02,1.045931962177e+00
1.232461623081e+02,1.045201756100e+00
1.232561628081e+02,1.044464818109e+00
1.232661633082e+02,1.043721219428e+00
1.232761638082e+02,1.042971032494e+00
1.232861643082e+02,1.042214330965e+00
1.232961648082e+02,1.041451189734e+00
1.233061653083e+02,1.040681684941e+00
1.233161658083e+02,1.039905893986e+00
1.233261663083e+02,1.039123895542e+00
1.233361668083e+02,1.038335769567e+00
1.233461673084e+02,1.037541597317e+00
1.233561678084e+02,1.036741461356e+00
1.233661683084e+02,1.035935445575e+00
1.233761688084e+02,1.035123635197e+00
1.233861693085e+02,1.034306116792e+00
1.233961698085e+02,1.033482978294e+00
1.234061703085e+02,1.032654309005e+00
1.234161708085e+02,1.031820199613e+00
1.234261713086e+02,1.030980742202e+00
1.234361718086e+02,1.030136030265e+00
1.234461723086e+02,1.029286158714e+00
1.234561728086e+02,1.028431223892e+00
1.234661733087e+02,1.027571323587e+00
1.234761738087e+02,1.026706557038e+00
1.234861743087e+02,1.025837024954e+00
1.234961748087e+02,1.024962829515e+00
1.235061753088e+02,1.024084074391e+00
1.235161758088e+02,1.023200864749e+00
1.235261763088e+02,1.022313307262e+00
1.235361768088e+02,1.021421510119e+00
1.235461773089e+02,1.020525583039e+00
1.235561778089e+02,1.019625637274e+00
1.235661783089e+02,1.018721785621e+00
1.235761788089e+02,1.017814142431e+00
1.235861793090e+02,1.016902823615e+00
1.235961798090e+02,1.015987946654e+00
1.236061803090e+02,1.015069630604e+00
1.236161808090e+02,1.014147996106e+00
1.236261813091e+02,1.013223165387e+00
1.236361818091e+02,1.012295262274e+00
1.236461823091e+02,1.011364412189e+00
1.236561828091e+02,1.010430742165e+00
1.236661833092e+02,1.009494380840e+00
1.236761838092e+02,1.008555458468e+00
1.236861843092e+02,1.007614106919e+00
1.236961848092e+02,1.006670459681e+00
1.237061853093e+02,1.005724651862e+00
1.237161858093e+02,1.004776820194e+00
1.237261863093e+02,1.003827103027e+00
1.237361868093e+02,1.002875640336e+00
1.237461873094e+02,1.001922573713e+00
1.237561878094e+02,1.000968046369e+00
1.237661883094e+02,1.000012203130e+00
1.237761888094e+02,9.990551904341e-01
1.237861893095e+02,9.980971563240e-01
1.237961898095e+02,9.971382504446e-01
1.238061903095e+02,9.961786240344e-01
1.238161908095e+02,9.952184299188e-01
1.238261913096e+02,9.942578225012e-01
1.238361918096e+02,9.932969577531e-01
1.238461923096e+02,9.923359932037e-01
1.238561928096e+02,9.913750879274e-01
1.238661933097e+02,9.904144025316e-01
1.238761938097e+02,9.894540991416e-01
1.238861943097e+02,9.884943413856e-01
1.238961948097e+02,9.875352943779e-01
1.239061953098e+02,9.865771247007e-01
1.239161958098e+02,9.856200003848e-01
1.239261963098e+02,9.846640908894e-01
1.239361968098e+02,9.837095670794e-01
1.239461973099e+02,9.827566012022e-01
1.239561978099e+02,9.818053668629e-01
1.239661983099e+02,9.808560389980e-01
1.239761988099e+02,9.799087938473e-01
1.239861993100e+02,9.789638089246e-01
1.239961998100e+02,9.780212629871e-01
1.240062003100e+02,9.770813360024e-01
1.240162008100e+02,9.761442091148e-01
1.240262013101e+02,9.752100646096e-01
1.240362018101e+02,9.742790858754e-01
1.240462023101e+02,9.733514573654e-01
1.240562028101e+02,9.724273645565e-01
1.240662033102e+02,9.715069939072e-01
1.240762038102e+02,9.705905328129e-01
1.240862043102e+02,9.696781695605e-01
1.240962048102e+02,9.687700932807e-01
1.241062053103e+02,9.678664938984e-01
1.241162058103e+02,9.669675620815e-01
1.241262063103e+02,9.660734891884e-01
1.241362068103e+02,9.651844672125e-01
1.241462073104e+02,9.643006887264e-01
1.241562078104e+02,9.634223468231e-01
1.241662083104e+02,9.625496350557e-01
1.241762088104e+02,9.616827473762e-01
1.241862093105e+02,9.608218780709e-01
1.241962098105e+02,9.599672216954e-01
1.242062103105e+02,9.591189730072e-01
1.242162108105e+02,9.582773268968e-01
1.242262113106e+02,9.574424783168e-01
1.242362118106e+02,9.566146222092e-01
1.242462123106e+02,9.557939534317e-01
1.242562128106e+02,9.549806666815e-01
1.242662133107e+02,9.541749564181e-01
1.242762138107e+02,9.533770167839e-01
1.242862143107e+02,9.525870415238e-01
1.242962148107e+02,9.518052239030e-01
1.243062153108e+02,9.510317566231e-01
1.243162158108e+02,9.502668317375e-01
1.243262163108e+02,9.495106405644e-01
1.243362168108e+02,9.487633735993e-01
1.243462173109e+02,9.480252204260e-01
1.243562178109e+02,9.472963696260e-01
1.243662183109e+02,9.465770086873e-01
1.243762188109e+02,9.458673239119e-01
1.243862193110e+02,9.451675003224e-01
1.243962198110e+02,9.444777215671e-01
1.244062203110e+02,9.437981698253e-01
1.244162208110e+02,9.431290257111e-01
1.244262213111e+02,9.424704681764e-01
1.244362218111e+02,9.418226744140e-01
1.244462223111e+02,9.411858197596e-01
1.244562228111e+02,9.405600775938e-01
1.244662233112e+02,9.399456192432e-01
1.244762238112e+02,9.393426138825e-01
1.244862243112e+02,9.387512284349e-01
1.244962248112e+02,9.381716274741e-01
1.245062253113e+02,9.376039731251e-01
1.245162258113e+02,9.370484249664e-01
1.245262263113e+02,9.365051399316e-01
1.245362268113e+02,9.359742722122e-01
1.245462273114e+02,9.354559731605e-01
1.245562278114e+02,9.349503911934e-01
1.245662283114e+02,9.344576716972e-01
1.245762288114e+02,9.339779569331e-01
1.245862293115e+02,9.335113859438e-01
1.245962298115e+02,9.330580944618e-01
1.246062303115e+02,9.326182148182e-01
1.246162308115e+02,9.321918758534e-01
1.246262313116e+02,9.317792028299e-01
1.246362318116e+02,9.313803173458e-01
1.246462323116e+02,9.309953372506e-01
1.246562328116e+02,9.306243765633e-01
1.246662333117e+02,9.302675453921e-01
1.246762338117e+02,9.299249498562e-01
1.246862343117e+02,9.295966920104e-01
1.246962348117e+02,9.292828697718e-01
1.247062353118e+02,9.289835768492e-01
1.247162358118e+02,9.286989026746e-01
1.247262363118e+02,9.284289323385e-01
1.247362368118e+02,9.281737465268e-01
1.247462373119e+02,9.279334214619e-01
1.247562378119e+02,9.277080288457e-01
1.247662383119e+02,9.274976358065e-01
1.247762388119e+02,9.273023048487e-01
1.247862393120e+02,9.271220938064e-01
1.247962398120e+02,9.269570557995e-01
1.248062403120e+02,9.268072391938e-01
1.248162408120e+02,9.266726875648e-01
1.248262413121e+02,9.265534396645e-01
1.248362418121e+02,9.264495293920e-01
1.248462423121e+02,9.263609857685e-01
1.248562428121e+02,9.262878329147e-01
1.248662433122e+02,9.262300900334e-01
1.248762438122e+02,9.261877713946e-01
1.248862443122e+02,9.261608863251e-01
1.248962448122e+02,9.261494392021e-01
1.249062453123e+02,9.261534294503e-01
1.249162458123e+02,9.261728515425e-01
1.249262463123e+02,9.262076950051e-01
1.249362468123e+02,9.262579444262e-01
1.249462473124e+02,9.263235794684e-01
1.249562478124e+02,9.264045748852e-01
1.249662483124e+02,9.265009005409e-01
1.249762488124e+02,9.266125214346e-01
1.249862493125e+02,9.267393977274e-01
1.249962498125e+02,9.268814847739e-01
1.250062503125e+02,9.270387331571e-01
1.250162508125e+02,9.272110887262e-01
1.250262513126e+02,9.273984926390e-01
1.250362518126e+02,9.276008814064e-01
1.250462523126e+02,9.278181869418e-01
1.250562528126e+02,9.280503366124e-01
1.250662533127e+02,9.282972532940e-01
1.250762538127e+02,9.285588554295e-01
1.250862543127e+02,9.288350570898e-01
1.250962548127e+02,9.291257680377e-01
1.251062553128e+02,9.294308937947e-01
1.251162558128e+02,9.297503357102e-01
1.251262563128e+02,9.300839910339e-01
1.251362568128e+02,9.304317529901e-01
1.251462573129e+02,9.307935108544e-01
1.251562578129e+02,9.311691500331e-01
1.251662583129e+02,9.315585521440e-01
1.251762588129e+02,9.319615951001e-01
1.251862593130e+02,9.323781531943e-01
1.251962598130e+02,9.328080971864e-01
1.252062603130e+02,9.332512943916e-01
1.252162608130e+02,9.337076087706e-01
1.252262613131e+02,9.341769010209e-01
1.252362618131e+02,9.346590286693e-01
1.252462623131e+02,9.351538461662e-01
1.252562628131e+02,9.356612049799e-01
1.252662633132e+02,9.361809536928e-01
1.252762638132e+02,9.367129380973e-01
1.252862643132e+02,9.372570012936e-01
1.252962648132e+02,9.378129837870e-01
1.253062653133e+02,9.383807235862e-01
1.253162658133e+02,9.389600563012e-01
1.253262663133e+02,9.395508152429e-01
1.253362668133e+02,9.401528315205e-01
1.253462673134e+02,9.407659341413e-01
1.253562678134e+02,9.413899501082e-01
1.253662683134e+02,9.420247045188e-01
1.253762688134e+02,9.426700206624e-01
1.253862693135e+02,9.433257201184e-01
1.253962698135e+02,9.439916228523e-01
1.254062703135e+02,9.446675473127e-01
1.254162708135e+02,9.453533105265e-01
1.254262713136e+02,9.460487281935e-01
1.254362718136e+02,9.467536147806e-01
1.254462723136e+02,9.474677836148e-01
1.254562728136e+02,9.481910469745e-01
1.254662733137e+02,9.489232161807e-01
1.254762738137e+02,9.496641016865e-01
1.254862743137e+02,9.504135131655e-01
1.254962748137e+02,9.511712595986e-01
1.255062753138e+02,9.519371493599e-01
1.255162758138e+02,9.527109903009e-01
1.255262763138e+02,9.534925898335e-01
1.255362768138e+02,9.542817550110e-01
1.255462773139e+02,9.550782926079e-01
1.255562778139e+02,9.558820091986e-01
1.255662783139e+02,9.566927112333e-01
1.255762788139e+02,9.575102051135e-01
1.255862793140e+02,9.583342972646e-01
1.255962798140e+02,9.591647942083e-01
1.256062803140e+02,9.600015026317e-01
1.256162808140e+02,9.608442294556e-01
1.256262813141e+02,9.616927819011e-01
1.256362818141e+02,9.625469675539e-01
1.256462823141e+02,9.634065944270e-01
1.256562828141e+02,9.642714710218e-01
1.256662833142e+02,9.651414063876e-01
1.256762838142e+02,9.660162101786e-01
1.256862843142e+02,9.668956927094e-01
1.256962848142e+02,9.677796650095e-01
1.257062853143e+02,9.686679388746e-01
1.257162858143e+02,9.695603269175e-01
1.257262863143e+02,9.704566426161e-01
1.257362868143e+02,9.713567003604e-01
1.257462873144e+02,9.722603154974e-01
1.257562878144e+02,9.731673043746e-01
1.257662883144e+02,9.740774843813e-01
1.257762888144e+02,9.749906739886e-01
1.257862893145e+02,9.759066927875e-01
1.257962898145e+02,9.768253615256e-01
1.258062903145e+02,9.777465021421e-01
1.258162908145e+02,9.786699378006e-01
1.258262913146e+02,9.795954929216e-01
1.258362918146e+02,9.805229932121e-01
1.258462923146e+02,9.814522656943e-01
1.258562928146e+02,9.823831387330e-01
1.258662933147e+02,9.833154420613e-01
1.258762938147e+02,9.842490068045e-01
1.258862943147e+02,9.851836655029e-01
1.258962948147e+02,9.861192521338e-01
1.259062953148e+02,9.870556021310e-01
1.259162958148e+02,9.879925524035e-01
1.259262963148e+02,9.889299413535e-01
1.259362968148e+02,9.898676088921e-01
1.259462973149e+02,9.908053964544e-01
1.259562978149e+02,9.917431470133e-01
1.259662983149e+02,9.926807050920e-01
1.259762988149e+02,9.936179167754e-01
1.259862993150e+02,9.945546297208e-01
1.259962998150e+02,9.954906931666e-01
1.260063003150e+02,9.964259579411e-01
1.260163008150e+02,9.973602764691e-01
1.260263013151e+02,9.982935027788e-01
1.260363018151e+02,9.992254925066e-01
1.260463023151e+02,1.000156102902e+00
1.260563028151e+02,1.001085192829e+00
1.260663033152e+02,1.002012622774e+00
1.260763038152e+02,1.002938254840e+00
1.260863043152e+02,1.003861952754e+00
1.260963048152e+02,1.004783581865e+00
1.261063053153e+02,1.005703009142e+00
1.261163058153e+02,1.006620103174e+00
1.261263063153e+02,1.007534734171e+00
1.261363068153e+02,1.008446773955e+00
1.261463073154e+02,1.009356095962e+00
1.261563078154e+02,1.010262575238e+00
1.261663083154e+02,1.011166088430e+00
1.261763088154e+02,1.012066513788e+00
1.261863093155e+02,1.012963731153e+00
1.261963098155e+02,1.013857621956e+00
1.262063103155e+02,1.014748069207e+00
1.262163108155e+02,1.015634957493e+00
1.262263113156e+02,1.016518172966e+00
1.262363118156e+02,1.017397603339e+00
1.262463123156e+02,1.018273137875e+00
1.262563128156e+02,1.019144667381e+00
1.262663133157e+02,1.020012084198e+00
1.262763138157e+02,1.020875282189e+00
1.262863143157e+02,1.021734156736e+00
1.262963148157e+02,1.022588604722e+00
1.263063153158e+02,1.023438524530e+00
1.263163158158e+02,1.024283816023e+00
1.263263163158e+02,1.025124380544e+00
1.263363168158e+02,1.025960120893e+00
1.263463173159e+02,1.026790941329e+00
1.263563178159e+02,1.027616747547e+00
1.263663183159e+02,1.028437446675e+00
1.263763188159e+02,1.029252947259e+00
1.263863193160e+02,1.030063159252e+00
1.263963198160e+02,1.030867994001e+00
1.264063203160e+02,1.031667364236e+00
1.264163208160e+02,1.032461184060e+00
1.264263213161e+02,1.033249368932e+00
1.264363218161e+02,1.034031835661e+00
1.264463223161e+02,1.034808502388e+00
1.264563228161e+02,1.035579288576e+00
1.264663233162e+02,1.036344115001e+00
1.264763238162e+02,1.037102903732e+00
1.264863243162e+02,1.037855578126e+00
1.264963248162e+02,1.038602062811e+00
1.265063253163e+02,1.039342283677e+00
1.265163258163e+02,1.040076167858e+00
1.265263263163e+02,1.040803643726e+00
1.265363268163e+02,1.041524640876e+00
1.265463273164e+02,1.042239090111e+00
1.265563278164e+02,1.042946923433e+00
1.265663283164e+02,1.043648074031e+00
1.265763288164e+02,1.044342476265e+00
1.265863293165e+02,1.045030065657e+00
1.265963298165e+02,1.045710778878e+00
1.266063303165e+02,1.046384553737e+00
1.266163308165e+02,1.047051329166e+00
1.266263313166e+02,1.047711045210e+00
1.266363318166e+02,1.048363643017e+00
1.266463323166e+02,1.049009064821e+00
1.266563328166e+02,1.049647253935e+00
1.266663333167e+02,1.050278154740e+00
1.266763338167e+02,1.050901712669e+00
1.266863343167e+02,1.051517874199e+00
1.266963348167e+02,1.052126586837e+00
1.267063353168e+02,1.052727799114e+00
1.267163358168e+02,1.053321460568e+00
1.267263363168e+02,1.053907521737e+00
1.267363368168e+02,1.054485934146e+00
1.267463373169e+02,1.055056650299e+00
1.267563378169e+02,1.055619623663e+00
1.267663383169e+02,1.056174808666e+00
1.267763388169e+02,1.056722160679e+00
1.267863393170e+02,1.057261636011e+00
1.267963398170e+02,1.057793191893e+00
1.268063403170e+02,1.058316786478e+00
1.268163408170e+02,1.058832378820e+00
1.268263413171e+02,1.059339928872e+00
1.268363418171e+02,1.059839397476e+00
1.268463423171e+02,1.060330746349e+00
1.268563428171e+02,1.060813938079e+00
1.268663433172e+02,1.061288936114e+00
1.268763438172e+02,1.061755704752e+00
1.268863443172e+02,1.062214209134e+00
1.268963448172e+02,1.062664415237e+00
1.269063453173e+02,1.063106289861e+00
1.269163458173e+02,1.063539800626e+00
1.269263463173e+02,1.063964915958e+00
1.269363468173e+02,1.064381605087e+00
1.269463473174e+02,1.064789838039e+00
1.269563478174e+02,1.065189585621e+00
1.269663483174e+02,1.065580819424e+00
1.269763488174e+02,1.065963511807e+00
1.269863493175e+02,1.066337635896e+00
1.269963498175e+02,1.066703165574e+00
1.270063503175e+02,1.067060075474e+00
1.270163508175e+02,1.067408340975e+00
1.270263513176e+02,1.067747938192e+00
1.270363518176e+02,1.068078843973e+00
1.270463523176e+02,1.068401035890e+00
1.270563528176e+02,1.068714492238e+00
1.270663533177e+02,1.069019192022e+00
1.270763538177e+02,1.069315114957e+00
1.270863543177e+02,1.069602241459e+00
1.270963548177e+02,1.069880552645e+00
1.271063553178e+02,1.070150030321e+00
1.271163558178e+02,1.070410656982e+00
1.271263563178e+02,1.070662415803e+00
1.271363568178e+02,1.070905290641e+00
1.271463573179e+02,1.071139266023e+00
1.271563578179e+02,1.071364327146e+00
1.271663583179e+02,1.071580459873e+00
1.271763588179e+02,1.071787650726e+00
1.271863593180e+02,1.071985886886e+00
1.271963598180e+02,1.072175156186e+00
1.272063603180e+02,1.072355447110e+00
1.272163608180e+02,1.072526748788e+00
1.272263613181e+02,1.072689050993e+00
1.272363618181e+02,1.072842344139e+00
1.272463623181e+02,1.072986619277e+00
1.272563628181e+02,1.073121868093e+00
1.272663633182e+02,1.073248082905e+00
1.272763638182e+02,1.073365256661e+00
1.272863643182e+02,1.073473382938e+00
1.272963648182e+02,1.073572455936e+00
1.273063653183e+02,1.073662470481e+00
1.273163658183e+02,1.073743422019e+00
1.273263663183e+02,1.073815306617e+00
1.273363668183e+02,1.073878120962e+00
1.273463673184e+02,1.073931862358e+00
1.273563678184e+02,1.073976528724e+00
1.273663683184e+02,1.074012118597e+00
1.273763688184e+02,1.074038631127e+00
1.273863693185e+02,1.074056066080e+00
1.273963698185e+02,1.074064423834e+00
1.274063703185e+02,1.074063705381e+00
1.274163708185e+02,1.074053912327e+00
1.274263713186e+02,1.074035046889e+00
1.274363718186e+02,1.074007111899e+00
1.274463723186e+02,1.073970110804e+00
1.274563728186e+02,1.073924047663e+00
1.274663733187e+02,1.073868927149e+00
1.274763738187e+02,1.073804754555e+00
1.274863743187e+02,1.073731535785e+00
1.274963748187e+02,1.073649277364e+00
1.275063753188e+02,1.073557986436e+00
1.275163758188e+02,1.073457670764e+00
1.275263763188e+02,1.073348338733e+00
1.275363768188e+02,1.073229999352e+00
1.275463773189e+02,1.073102662255e+00
1.275563778189e+02,1.072966337704e+00
1.275663783189e+02,1.072821036591e+00
1.275763788189e+02,1.072666770439e+00
1.275863793190e+02,1.072503551407e+00
1.275963798190e+02,1.072331392289e+00
1.276063803190e+02,1.072150306521e+00
1.276163808190e+02,1.071960308182e+00
1.276263813191e+02,1.071761411995e+00
1.276363818191e+02,1.071553633335e+00
1.276463823191e+02,1.071336988228e+00
1.276563828191e+02,1.071111493358e+00
1.276663833192e+02,1.070877166067e+00
1.276763838192e+02,1.070634024363e+00
1.276863843192e+02,1.070382086921e+00
1.276963848192e+02,1.070121373089e+00
1.277063853193e+02,1.069851902892e+00
1.277163858193e+02,1.069573697034e+00
1.277263863193e+02,1.069286776908e+00
1.277363868193e+02,1.068991164594e+00
1.277463873194e+02,1.068686882871e+00
1.277563878194e+02,1.068373955218e+00
1.277663883194e+02,1.068052405818e+00
1.277763888194e+02,1.067722259568e+00
1.277863893195e+02,1.067383542079e+00
1.277963898195e+02,1.067036279689e+00
1.278063903195e+02,1.066680499460e+00
1.278163908195e+02,1.066316229192e+00
1.278263913196e+02,1.065943497425e+00
1.278363918196e+02,1.065562333445e+00
1.278463923196e+02,1.065172767292e+00
1.278563928196e+02,1.064774829767e+00
1.278663933197e+02,1.064368552437e+00
1.278763938197e+02,1.063953967643e+00
1.278863943197e+02,1.063531108509e+00
1.278963948197e+02,1.063100008943e+00
1.279063953198e+02,1.062660703652e+00
1.279163958198e+02,1.062213228144e+00
1.279263963198e+02,1.061757618739e+00
1.279363968198e+02,1.061293912573e+00
1.279463973199e+02,1.060822147609e+00
1.279563978199e+02,1.060342362646e+00
1.279663983199e+02,1.059854597323e+00
1.279763988199e+02,1.059358892130e+00
1.279863993200e+02,1.058855288417e+00
1.279963998200e+02,1.058343828400e+00
1.280064003200e+02,1.057824555173e+00
1.280164008200e+02,1.057297512713e+00
1.280264013201e+02,1.056762745893e+00
1.280364018201e+02,1.056220300487e+00
1.280464023201e+02,1.055670223182e+00
1.280564028201e+02,1.055112561587e+00
1.280664033202e+02,1.054547364239e+00
1.280764038202e+02,1.053974680619e+00
1.280864043202e+02,1.053394561156e+00
1.280964048202e+02,1.052807057237e+00
1.281064053203e+02,1.052212221221e+00
1.281164058203e+02,1.051610106444e+00
1.281264063203e+02,1.051000767233e+00
1.281364068203e+02,1.050384258912e+00
1.281464073204e+02,1.049760637818e+00
1.281564078204e+02,1.049129961303e+00
1.281664083204e+02,1.048492287753e+00
1.281764088204e+02,1.047847676593e+00
1.281864093205e+02,1.047196188297e+00
1.281964098205e+02,1.046537884402e+00
1.282064103205e+02,1.045872827518e+00
1.282164108205e+02,1.045201081336e+00
1.282264113206e+02,1.044522710639e+00
1.282364118206e+02,1.043837781318e+00
1.282464123206e+02,1.043146360373e+00
1.282564128206e+02,1.042448515935e+00
1.282664133207e+02,1.041744317268e+00
1.282764138207e+02,1.041033834784e+00
1.282864143207e+02,1.040317140051e+00
1.282964148207e+02,1.039594305810e+00
1.283064153208e+02,1.038865405976e+00
1.283164158208e+02,1.038130515659e+00
1.283264163208e+02,1.037389711167e+00
1.283364168208e+02,1.036643070021e+00
1.283464173209e+02,1.035890670964e+00
1.283564178209e+02,1.035132593973e+00
1.283664183209e+02,1.034368920267e+00
1.283764188209e+02,1.033599732320e+00
1.283864193210e+02,1.032825113872e+00
1.283964198210e+02,1.032045149934e+00
1.284064203210e+02,1.031259926806e+00
1.284164208210e+02,1.030469532081e+00
1.284264213211e+02,1.029674054659e+00
1.284364218211e+02,1.028873584752e+00
1.284464223211e+02,1.028068213899e+00
1.284564228211e+02,1.027258034973e+00
1.284664233212e+02,1.026443142189e+00
1.284764238212e+02,1.025623631117e+00
1.284864243212e+02,1.024799598687e+00
1.284964248212e+02,1.023971143199e+00
1.285064253213e+02,1.023138364332e+00
1.285164258213e+02,1.022301363152e+00
1.285264263213e+02,1.021460242122e+00
1.285364268213e+02,1.020615105103e+00
1.285464273214e+02,1.019766057370e+00
1.285564278214e+02,1.018913205613e+00
1.285664283214e+02,1.018056657947e+00
1.285764288214e+02,1.017196523915e+00
1.285864293215e+02,1.016332914497e+00
1.285964298215e+02,1.015465942116e+00
1.286064303215e+02,1.014595720640e+00
1.286164308215e+02,1.013722365388e+00
1.286264313216e+02,1.012845993137e+00
1.286364318216e+02,1.011966722120e+00
1.286464323216e+02,1.011084672037e+00
1.286564328216e+02,1.010199964051e+00
1.286664333217e+02,1.009312720792e+00
1.286764338217e+02,1.008423066364e+00
1.286864343217e+02,1.007531126336e+00
1.286964348217e+02,1.006637027752e+00
1.287064353218e+02,1.005740899126e+00
1.287164358218e+02,1.004842870442e+00
1.287264363218e+02,1.003943073154e+00
1.287364368218e+02,1.003041640182e+00
1.287464373219e+02,1.002138705908e+00
1.287564378219e+02,1.001234406177e+00
1.287664383219e+02,1.000328878288e+00
1.287764388219e+02,9.994222609919e-01
1.287864393220e+02,9.985146944820e-01
1.287964398220e+02,9.976063203906e-01
1.288064403220e+02,9.966972817794e-01
1.288164408220e+02,9.957877231312e-01
1.288264413221e+02,9.948777903400e-01
1.288364418221e+02,9.939676307007e-01
1.288464423221e+02,9.930573928977e-01
1.288564428221e+02,9.921472269915e-01
1.288664433222e+02,9.912372844060e-01
1.288764438222e+02,9.903277179134e-01
1.288864443222e+02,9.894186816180e-01
1.288964448222e+02,9.885103309401e-01
1.289064453223e+02,9.876028225974e-01
1.289164458223e+02,9.866963145857e-01
1.289264463223e+02,9.857909661589e-01
1.289364468223e+02,9.848869378072e-01
1.289464473224e+02,9.839843912337e-01
1.289564478224e+02,9.830834893312e-01
1.289664483224e+02,9.821843961558e-01
1.289764488224e+02,9.812872769009e-01
1.289864493225e+02,9.803922978686e-01
1.289964498225e+02,9.794996264404e-01
1.290064503225e+02,9.786094310465e-01
1.290164508225e+02,9.777218811333e-01
1.290264513226e+02,9.768371471300e-01
1.290364518226e+02,9.759554004135e-01
1.290464523226e+02,9.750768132716e-01
1.290564528226e+02,9.742015588653e-01
1.290664533227e+02,9.733298111895e-01
1.290764538227e+02,9.724617450312e-01
1.290864543227e+02,9.715975359282e-01
1.290964548227e+02,9.707373601241e-01
1.291064553228e+02,9.698813945234e-01
1.291164558228e+02,9.690298166443e-01
1.291264563228e+02,9.681828045702e-01
1.291364568228e+02,9.673405368994e-01
1.291464573229e+02,9.665031926937e-01
1.291564578229e+02,9.656709514253e-01
1.291664583229e+02,9.648439929217e-01
1.291764588229e+02,9.640224973099e-01
1.291864593230e+02,9.632066449585e-01
1.291964598230e+02,9.623966164186e-01
1.292064603230e+02,9.615925923626e-01
1.292164608230e+02,9.607947535226e-01
1.292264613231e+02,9.600032806261e-01
1.292364618231e+02,9.592183543314e-01
1.292464623231e+02,9.584401551607e-01
1.292564628231e+02,9.576688634321e-01
1.292664633232e+02,9.569046591905e-01
1.292764638232e+02,9.561477221368e-01
1.292864643232e+02,9.553982315557e-01
1.292964648232e+02,9.546563662430e-01
1.293064653233e+02,9.539223044303e-01
1.293164658233e+02,9.531962237101e-01
1.293264663233e+02,9.524783009584e-01
1.293364668233e+02,9.517687122570e-01
1.293464673234e+02,9.510676328144e-01
1.293564678234e+02,9.503752368861e-01
1.293664683234e+02,9.496916976931e-01
1.293764688234e+02,9.490171873408e-01
1.293864693235e+02,9.483518767358e-01
1.293964698235e+02,9.476959355026e-01
1.294064703235e+02,9.470495319000e-01
1.294164708235e+02,9.464128327357e-01
1.294264713236e+02,9.457860032818e-01
1.294364718236e+02,9.451692071886e-01
1.294464723236e+02,9.445626063986e-01
1.294564728236e+02,9.439663610604e-01
1.294664733237e+02,9.433806294418e-01
1.294764738237e+02,9.428055678432e-01
1.294864743237e+02,9.422413305110e-01
1.294964748237e+02,9.416880695504e-01
1.295064753238e+02,9.411459348393e-01
1.295164758238e+02,9.406150739418e-01
1.295264763238e+02,9.400956320218e-01
1.295364768238e+02,9.395877517580e-01
1.295464773239e+02,9.390915732585e-01
1.295564778239e+02,9.386072339763e-01
1.295664783239e+02,9.381348686256e-01
1.295764788239e+02,9.376746090990e-01
1.295864793240e+02,9.372265843856e-01
1.295964798240e+02,9.367909204899e-01
1.296064803240e+02,9.363677403519e-01
1.296164808240e+02,9.359571637689e-01
1.296264813241e+02,9.355593073181e-01
1.296364818241e+02,9.351742842808e-01
1.296464823241e+02,9.348022045683e-01
1.296564828241e+02,9.344431746492e-01
1.296664833242e+02,9.340972974789e-01
1.296764838242e+02,9.337646724302e-01
1.296864843242e+02,9.334453952267e-01
1.296964848242e+02,9.331395578777e-01
1.297064853243e+02,9.328472486152e-01
1.297164858243e+02,9.325685518337e-01
1.297264863243e+02,9.323035480316e-01
1.297364868243e+02,9.320523137553e-01
1.297464873244e+02,9.318149215463e-01
1.297564878244e+02,9.315914398897e-01
1.297664883244e+02,9.313819331666e-01
1.297764888244e+02,9.311864616084e-01
1.297864893245e+02,9.310050812540e-01
1.297964898245e+02,9.308378439106e-01
1.298064903245e+02,9.306847971158e-01
1.298164908245e+02,9.305459841048e-01
1.298264913246e+02,9.304214437788e-01
1.298364918246e+02,9.303112106771e-01
1.298464923246e+02,9.302153149532e-01
1.298564928246e+02,9.301337823521e-01
1.298664933247e+02,9.300666341932e-01
1.298764938247e+02,9.300138873542e-01
1.298864943247e+02,9.299755542596e-01
1.298964948247e+02,9.299516428722e-01
1.299064953248e+02,9.299421566874e-01
1.299164958248e+02,9.299470947316e-01
1.299264963248e+02,9.299664515632e-01
1.299364968248e+02,9.300002172768e-01
1.299464973249e+02,9.300483775117e-01
1.299564978249e+02,9.301109134624e-01
1.299664983249e+02,9.301878018932e-01
1.299764988249e+02,9.302790151557e-01
1.299864993250e+02,9.303845212092e-01
1.299964998250e+02,9.305042836452e-01
1.300065003250e+02,9.306382617142e-01
1.300165008250e+02,9.307864103556e-01
1.300265013251e+02,9.309486802309e-01
1.300365018251e+02,9.311250177603e-01
1.300465023251e+02,9.313153651613e-01
1.300565028251e+02,9.315196604905e-01
1.300665033252e+02,9.317378376891e-01
1.300765038252e+02,9.319698266295e-01
1.300865043252e+02,9.322155531661e-01
1.300965048252e+02,9.324749391875e-01
1.301065053253e+02,9.327479026722e-01
1.301165058253e+02,9.330343577459e-01
1.301265063253e+02,9.333342147417e-01
1.301365068253e+02,9.336473802622e-01
1.301465073254e+02,9.339737572441e-01
1.301565078254e+02,9.343132450242e-01
1.301665083254e+02,9.346657394084e-01
1.301765088254e+02,9.350311327418e-01
1.301865093255e+02,9.354093139806e-01
1.301965098255e+02,9.358001687661e-01
1.302065103255e+02,9.362035794997e-01
1.302165108255e+02,9.366194254201e-01
1.302265113256e+02,9.370475826813e-01
1.302365118256e+02,9.374879244320e-01
1.302465123256e+02,9.379403208960e-01
1.302565128256e+02,9.384046394545e-01
1.302665133257e+02,9.388807447278e-01
1.302765138257e+02,9.393684986595e-01
1.302865143257e+02,9.398677606005e-01
1.302965148257e+02,9.403783873937e-01
1.303065153258e+02,9.409002334595e-01
1.303165158258e+02,9.414331508818e-01
1.303265163258e+02,9.419769894940e-01
1.303365168258e+02,9.425315969656e-01
1.303465173259e+02,9.430968188889e-01
1.303565178259e+02,9.436724988655e-01
1.303665183259e+02,9.442584785931e-01
1.303765188259e+02,9.448545979519e-01
1.303865193260e+02,9.454606950914e-01
1.303965198260e+02,9.460766065160e-01
1.304065203260e+02,9.467021671708e-01
1.304165208260e+02,9.473372105272e-01
1.304265213261e+02,9.479815686672e-01
1.304365218261e+02,9.486350723680e-01
1.304465223261e+02,9.492975511852e-01
1.304565228261e+02,9.499688335354e-01
1.304665233262e+02,9.506487467788e-01
1.304765238262e+02,9.513371172995e-01
1.304865243262e+02,9.520337705862e-01
1.304965248262e+02,9.527385313112e-01
1.305065253263e+02,9.534512234087e-01
1.305165258263e+02,9.541716701514e-01
1.305265263263e+02,9.548996942272e-01
1.305365268263e+02,9.556351178131e-01
1.305465273264e+02,9.563777626496e-01
1.305565278264e+02,9.571274501121e-01
1.305665283264e+02,9.578840012826e-01
1.305765288264e+02,9.586472370187e-01
1.305865293265e+02,9.594169780227e-01
1.305965298265e+02,9.601930449075e-01
1.306065303265e+02,9.609752582629e-01
1.306165308265e+02,9.617634387191e-01
1.306265313266e+02,9.625574070096e-01
1.306365318266e+02,9.633569840322e-01
1.306465323266e+02,9.641619909084e-01
1.306565328266e+02,9.649722490420e-01
1.306665333267e+02,9.657875801752e-01
1.306765338267e+02,9.666078064439e-01
1.306865343267e+02,9.674327504312e-01
1.306965348267e+02,9.682622352195e-01
1.307065353268e+02,9.690960844409e-01
1.307165358268e+02,9.699341223262e-01
1.307265363268e+02,9.707761737522e-01
1.307365368268e+02,9.716220642878e-01
1.307465373269e+02,9.724716202384e-01
1.307565378269e+02,9.733246686884e-01
1.307665383269e+02,9.741810375430e-01
1.307765388269e+02,9.750405555679e-01
1.307865393270e+02,9.759030524279e-01
1.307965398270e+02,9.767683587233e-01
1.308065403270e+02,9.776363060260e-01
1.308165408270e+02,9.785067269133e-01
1.308265413271e+02,9.793794550006e-01
1.308365418271e+02,9.802543249724e-01
1.308465423271e+02,9.811311726125e-01
1.308565428271e+02,9.820098348324e-01
1.308665433272e+02,9.828901496984e-01
1.308765438272e+02,9.837719564574e-01
1.308865443272e+02,9.846550955617e-01
1.308965448272e+02,9.855394086920e-01
1.309065453273e+02,9.864247387795e-01
1.309165458273e+02,9.873109300269e-01
1.309265463273e+02,9.881978279280e-01
1.309365468273e+02,9.890852792859e-01
1.309465473274e+02,9.899731322304e-01
1.309565478274e+02,9.908612362342e-01
1.309665483274e+02,9.917494421283e-01
1.309765488274e+02,9.926376021153e-01
1.309865493275e+02,9.935255697829e-01
1.309965498275e+02,9.944132001160e-01
1.310065503275e+02,9.953003495068e-01
1.310165508275e+02,9.961868757659e-01
1.310265513276e+02,9.970726381304e-01
1.310365518276e+02,9.979574972726e-01
1.310465523276e+02,9.988413153072e-01
1.310565528276e+02,9.997239557974e-01
1.310665533277e+02,1.000605283761e+00
1.310765538277e+02,1.001485165673e+00
1.310865543277e+02,1.002363469475e+00
1.310965548277e+02,1.003240064572e+00
1.311065553278e+02,1.004114821837e+00
1.311165558278e+02,1.004987613615e+00
1.311265563278e+02,1.005858313723e+00
1.311365568278e+02,1.006726797448e+00
1.311465573279e+02,1.007592941550e+00
1.311565578279e+02,1.008456624260e+00
1.311665583279e+02,1.009317725277e+00
1.311765588279e+02,1.010176125769e+00
1.311865593280e+02,1.011031708369e+00
1.311965598280e+02,1.011884357170e+00
1.312065603280e+02,1.012733957725e+00
1.312165608280e+02,1.013580397042e+00
1.312265613281e+02,1.014423563577e+00
1.312365618281e+02,1.015263347232e+00
1.312465623281e+02,1.016099639349e+00
1.312565628281e+02,1.016932332703e+00
1.312665633282e+02,1.017761321498e+00
1.312765638282e+02,1.018586501357e+00
1.312865643282e+02,1.019407769319e+00
1.312965648282e+02,1.020225023832e+00
1.313065653283e+02,1.021038164742e+00
1.313165658283e+02,1.021847093286e+00
1.313265663283e+02,1.022651712088e+00
1.313365668283e+02,1.023451925146e+00
1.313465673284e+02,1.024247637827e+00
1.313565678284e+02,1.025038756854e+00
1.313665683284e+02,1.025825190303e+00
1.313765688284e+02,1.026606847589e+00
1.313865693285e+02,1.027383639458e+00
1.313965698285e+02,1.028155477977e+00
1.314065703285e+02,1.028922276528e+00
1.314165708285e+02,1.029683949793e+00
1.314265713286e+02,1.030440413746e+00
1.314365718286e+02,1.031191585646e+00
1.314465723286e+02,1.031937384021e+00
1.314565728286e+02,1.032677728664e+00
1.314665733287e+02,1.033412540617e+00
1.314765738287e+02,1.034141742164e+00
1.314865743287e+02,1.034865256821e+00
1.314965748287e+02,1.035583009323e+00
1.315065753288e+02,1.036294925614e+00
1.315165758288e+02,1.037000932838e+00
1.315265763288e+02,1.037700959326e+00
1.315365768288e+02,1.038394934589e+00
1.315465773289e+02,1.039082789304e+00
1.315565778289e+02,1.039764455302e+00
1.315665783289e+02,1.040439865562e+00
1.315765788289e+02,1.041108954198e+00
1.315865793290e+02,1.041771656447e+00
1.315965798290e+02,1.042427908660e+00
1.316065803290e+02,1.043077648291e+00
1.316165808290e+02,1.043720813887e+00
1.316265813291e+02,1.044357345076e+00
1.316365818291e+02,1.044987182559e+00
1.316465823291e+02,1.045610268096e+00
1.316565828291e+02,1.046226544498e+00
1.316665833292e+02,1.046835955619e+00
1.316765838292e+02,1.047438446339e+00
1.316865843292e+02,1.048033962562e+00
1.316965848292e+02,1.048622451199e+00
1.317065853293e+02,1.049203860162e+00
1.317165858293e+02,1.049778138354e+00
1.317265863293e+02,1.050345235655e+00
1.317365868293e+02,1.050905102920e+00
1.317465873294e+02,1.051457691962e+00
1.317565878294e+02,1.052002955545e+00
1.317665883294e+02,1.052540847376e+00
1.317765888294e+02,1.053071322095e+00
1.317865893295e+02,1.053594335264e+00
1.317965898295e+02,1.054109843360e+00
1.318065903295e+02,1.054617803766e+00
1.318165908295e+02,1.055118174760e+00
1.318265913296e+02,1.055610915509e+00
1.318365918296e+02,1.056095986058e+00
1.318465923296e+02,1.056573347322e+00
1.318565928296e+02,1.057042961082e+00
1.318665933297e+02,1.057504789968e+00
1.318765938297e+02,1.057958797458e+00
1.318865943297e+02,1.058404947869e+00
1.318965948297e+02,1.058843206346e+00
1.319065953298e+02,1.059273538858e+00
1.319165958298e+02,1.059695912187e+00
1.319265963298e+02,1.060110293922e+00
1.319365968298e+02,1.060516652455e+00
1.319465973299e+02,1.060914956967e+00
1.319565978299e+02,1.061305177427e+00
1.319665983299e+02,1.061687284581e+00
1.319765988299e+02,1.062061249949e+00
1.319865993300e+02,1.062427045816e+00
1.319965998300e+02,1.062784645224e+00
1.320066003300e+02,1.063134021970e+00
1.320166008300e+02,1.063475150596e+00
1.320266013301e+02,1.063808006384e+00
1.320366018301e+02,1.064132565353e+00
1.320466023301e+02,1.064448804248e+00
1.320566028301e+02,1.064756700537e+00
1.320666033302e+02,1.065056232408e+00
1.320766038302e+02,1.065347378761e+00
1.320866043302e+02,1.065630119200e+00
1.320966048302e+02,1.065904434034e+00
1.321066053303e+02,1.066170304269e+00
1.321166058303e+02,1.066427711604e+00
1.321266063303e+02,1.066676638423e+00
1.321366068303e+02,1.066917067798e+00
1.321466073304e+02,1.067148983476e+00
1.321566078304e+02,1.067372369882e+00
1.321666083304e+02,1.067587212110e+00
1.321766088304e+02,1.067793495925e+00
1.321866093305e+02,1.067991207750e+00
1.321966098305e+02,1.068180334673e+00
1.322066103305e+02,1.068360864437e+00
1.322166108305e+02,1.068532785437e+00
1.322266113306e+02,1.068696086719e+00
1.322366118306e+02,1.068850757979e+00
1.322466123306e+02,1.068996789554e+00
1.322566128306e+02,1.069134172425e+00
1.322666133307e+02,1.069262898212e+00
1.322766138307e+02,1.069382959171e+00
1.322866143307e+02,1.069494348195e+00
1.322966148307e+02,1.069597058807e+00
1.323066153308e+02,1.069691085164e+00
1.323166158308e+02,1.069776422049e+00
1.323266163308e+02,1.069853064876e+00
1.323366168308e+02,1.069921009682e+00
1.323466173309e+02,1.069980253129e+00
1.323566178309e+02,1.070030792505e+00
1.323666183309e+02,1.070072625719e+00
1.323766188309e+02,1.070105751300e+00
1.323866193310e+02,1.070130168400e+00
1.323966198310e+02,1.070145876791e+00
1.324066203310e+02,1.070152876865e+00
1.324166208310e+02,1.070151169633e+00
1.324266213311e+02,1.070140756726e+00
1.324366218311e+02,1.070121640393e+00
1.324466223311e+02,1.070093823504e+00
1.324566228311e+02,1.070057309550e+00
1.324666233312e+02,1.070012102639e+00
1.324766238312e+02,1.069958207502e+00
1.324866243312e+02,1.069895629492e+00
1.324966248312e+02,1.069824374584e+00
1.325066253313e+02,1.069744449375e+00
1.325166258313e+02,1.069655861090e+00
1.325266263313e+02,1.069558617576e+00
1.325366268313e+02,1.069452727311e+00
1.325466273314e+02,1.069338199400e+00
1.325566278314e+02,1.069215043578e+00
1.325666283314e+02,1.069083270215e+00
1.325766288314e+02,1.068942890315e+00
1.325866293315e+02,1.068793915516e+00
1.325966298315e+02,1.068636358100e+00
1.326066303315e+02,1.068470230988e+00
1.326166308315e+02,1.068295547743e+00
1.326266313316e+02,1.068112322580e+00
1.326366318316e+02,1.067920570359e+00
1.326466323316e+02,1.067720306596e+00
1.326566328316e+02,1.067511547463e+00
1.326666333317e+02,1.067294309788e+00
1.326766338317e+02,1.067068611067e+00
1.326866343317e+02,1.066834469457e+00
1.326966348317e+02,1.066591903789e+00
1.327066353318e+02,1.066340933567e+00
1.327166358318e+02,1.066081578972e+00
1.327266363318e+02,1.065813860868e+00
1.327366368318e+02,1.065537800805e+00
1.327466373319e+02,1.065253421025e+00
1.327566378319e+02,1.064960744464e+00
1.327666383319e+02,1.064659794759e+00
1.327766388319e+02,1.064350596251e+00
1.327866393320e+02,1.064033173993e+00
1.327966398320e+02,1.063707553750e+00
1.328066403320e+02,1.063373762011e+00
1.328166408320e+02,1.063031825986e+00
1.328266413321e+02,1.062681773621e+00
1.328366418321e+02,1.062323633596e+00
1.328466423321e+02,1.061957435335e+00
1.328566428321e+02,1.061583209008e+00
1.328666433322e+02,1.061200985541e+00
1.328766438322e+02,1.060810796623e+00
1.328866443322e+02,1.060412674706e+00
1.328966448322e+02,1.060006653018e+00
1.329066453323e+02,1.059592765566e+00
1.329166458323e+02,1.059171047143e+00
1.329266463323e+02,1.058741533337e+00
1.329366468323e+02,1.058304260533e+00
1.329466473324e+02,1.057859265927e+00
1.329566478324e+02,1.057406587527e+00
1.329666483324e+02,1.056946264164e+00
1.329766488324e+02,1.056478335496e+00
1.329866493325e+02,1.056002842020e+00
1.329966498325e+02,1.055519825074e+00
1.330066503325e+02,1.055029326851e+00
1.330166508325e+02,1.054531390400e+00
1.330266513326e+02,1.054026059640e+00
1.330366518326e+02,1.053513379365e+00
1.330466523326e+02,1.052993395251e+00
1.330566528326e+02,1.052466153866e+00
1.330666533327e+02,1.051931702680e+00
1.330766538327e+02,1.051390090069e+00
1.330866543327e+02,1.050841365326e+00
1.330966548327e+02,1.050285578670e+00
1.331066553328e+02,1.049722781253e+00
1.331166558328e+02,1.049153025170e+00
1.331266563328e+02,1.048576363467e+00
1.331366568328e+02,1.047992850151e+00
1.331466573329e+02,1.047402540197e+00
1.331566578329e+02,1.046805489558e+00
1.331666583329e+02,1.046201755174e+00
1.331766588329e+02,1.045591394981e+00
1.331866593330e+02,1.044974467921e+00
1.331966598330e+02,1.044351033948e+00
1.332066603330e+02,1.043721154041e+00
1.332166608330e+02,1.043084890213e+00
1.332266613331e+02,1.042442305514e+00
1.332366618331e+02,1.041793464051e+00
1.332466623331e+02,1.041138430987e+00
1.332566628331e+02,1.040477272556e+00
1.332666633332e+02,1.039810056070e+00
1.332766638332e+02,1.039136849932e+00
1.332866643332e+02,1.038457723638e+00
1.332966648332e+02,1.037772747794e+00
1.333066653333e+02,1.037081994119e+00
1.333166658333e+02,1.036385535460e+00
1.333266663333e+02,1.035683445795e+00
1.333366668333e+02,1.034975800246e+00
1.333466673334e+02,1.034262675089e+00
1.333566678334e+02,1.033544147757e+00
1.333666683334e+02,1.032820296857e+00
1.333766688334e+02,1.032091202172e+00
1.333866693335e+02,1.031356944672e+00
1.333966698335e+02,1.030617606525e+00
1.334066703335e+02,1.029873271101e+00
1.334166708335e+02,1.029124022983e+00
1.334266713336e+02,1.028369947976e+00
1.334366718336e+02,1.027611133111e+00
1.334466723336e+02,1.026847666659e+00
1.334566728336e+02,1.026079638132e+00
1.334666733337e+02,1.025307138295e+00
1.334766738337e+02,1.024530259173e+00
1.334866743337e+02,1.023749094054e+00
1.334966748337e+02,1.022963737502e+00
1.335066753338e+02,1.022174285358e+00
1.335166758338e+02,1.021380834751e+00
1.335266763338e+02,1.020583484100e+00
1.335366768338e+02,1.019782333122e+00
1.335466773339e+02,1.018977482837e+00
1.335566778339e+02,1.018169035575e+00
1.335666783339e+02,1.017357094976e+00
1.335766788339e+02,1.016541766000e+00
1.335866793340e+02,1.015723154927e+00
1.335966798340e+02,1.014901369365e+00
1.336066803340e+02,1.014076518247e+00
1.336166808340e+02,1.013248711841e+00
1.336266813341e+02,1.012418061748e+00
1.336366818341e+02,1.011584680906e+00
1.336466823341e+02,1.010748683588e+00
1.336566828341e+02,1.009910185409e+00
1.336666833342e+02,1.009069303323e+00
1.336766838342e+02,1.008226155623e+00
1.336866843342e+02,1.007380861939e+00
1.336966848342e+02,1.006533543243e+00
1.337066853343e+02,1.005684321841e+00
1.337166858343e+02,1.004833321372e+00
1.337266863343e+02,1.003980666807e+00
1.337366868343e+02,1.003126484446e+00
1.337466873344e+02,1.002270901911e+00
1.337566878344e+02,1.001414048142e+00
1.337666883344e+02,1.000556053392e+00
1.337766888344e+02,9.996970492205e-01
1.337866893345e+02,9.988371684868e-01
1.337966898345e+02,9.979765453408e-01
1.338066903345e+02,9.971153152152e-01
1.338166908345e+02,9.962536148157e-01
1.338266913346e+02,9.953915821109e-01
1.338366918346e+02,9.945293563203e-01
1.338466923346e+02,9.936670779032e-01
1.338566928346e+02,9.928048885445e-01
1.338666933347e+02,9.919429311416e-01
1.338766938347e+02,9.910813497891e-01
1.338866943347e+02,9.902202897624e-01
1.338966948347e+02,9.893598975017e-01
1.339066953348e+02,9.885003205931e-01
1.339166958348e+02,9.876417077503e-01
1.339266963348e+02,9.867842087940e-01
1.339366968348e+02,9.859279746309e-01
1.339466973349e+02,9.850731572317e-01
1.339566978349e+02,9.842199096074e-01
1.339666983349e+02,9.833683857848e-01
1.339766988349e+02,9.825187407811e-01
1.339866993350e+02,9.816711305764e-01
1.339966998350e+02,9.808257120866e-01
1.340067003350e+02,9.799826431332e-01
1.340167008350e+02,9.791420824135e-01
1.340267013351e+02,9.783041894684e-01
1.340367018351e+02,9.774691246497e-01
1.340467023351e+02,9.766370490859e-01
1.340567028351e+02,9.758081246465e-01
1.340667033352e+02,9.749825139053e-01
1.340767038352e+02,9.741603801022e-01
1.340867043352e+02,9.733418871041e-01
1.340967048352e+02,9.725271993640e-01
1.341067053353e+02,9.717164818790e-01
1.341167058353e+02,9.709099001470e-01
1.341267063353e+02,9.701076201221e-01
1.341367068353e+02,9.693098081686e-01
1.341467073354e+02,9.685166310139e-01
1.341567078354e+02,9.677282556996e-01
1.341667083354e+02,9.669448495319e-01
1.341767088354e+02,9.661665800302e-01
1.341867093355e+02,9.653936148751e-01
1.341967098355e+02,9.646261218538e-01
1.342067103355e+02,9.638642688057e-01
1.342167108355e+02,9.631082235662e-01
1.342267113356e+02,9.623581539086e-01
1.342367118356e+02,9.616142274857e-01
1.342467123356e+02,9.608766117699e-01
1.342567128356e+02,9.601454739921e-01
1.342667133357e+02,9.594209810791e-01
1.342767138357e+02,9.587032995904e-01
1.342867143357e+02,9.579925956539e-01
1.342967148357e+02,9.572890349000e-01
1.343067153358e+02,9.565927823951e-01
1.343167158358e+02,9.559040025742e-01
1.343267163358e+02,9.552228591720e-01
1.343367168358e+02,9.545495151539e-01
1.343467173359e+02,9.538841326454e-01
1.343567178359e+02,9.532268728611e-01
1.343667183359e+02,9.525778960324e-01
1.343767188359e+02,9.519373613356e-01
1.343867193360e+02,9.513054268182e-01
1.343967198360e+02,9.506822493246e-01
1.344067203360e+02,9.500679844226e-01
1.344167208360e+02,9.494627863276e-01
1.344267213361e+02,9.488668078276e-01
1.344367218361e+02,9.482802002076e-01
1.344467223361e+02,9.477031131732e-01
1.344567228361e+02,9.471356947747e-01
1.344667233362e+02,9.465780913304e-01
1.344767238362e+02,9.460304473504e-01
1.344867243362e+02,9.454929054597e-01
1.344967248362e+02,9.449656063222e-01
1.345067253363e+02,9.444486885643e-01
1.345167258363e+02,9.439422886985e-01
1.345267263363e+02,9.434465410481e-01
1.345367268363e+02,9.429615776716e-01
1.345467273364e+02,9.424875282876e-01
1.345567278364e+02,9.420245202011e-01
1.345667283364e+02,9.415726782291e-01
1.345767288364e+02,9.411321246279e-01
1.345867293365e+02,9.407029790210e-01
1.345967298365e+02,9.402853583279e-01
1.346067303365e+02,9.398793766935e-01
1.346167308365e+02,9.394851454192e-01
1.346267313366e+02,9.391027728946e-01
1.346367318366e+02,9.387323645308e-01
1.346467323366e+02,9.383740226952e-01
1.346567328366e+02,9.380278466467e-01
1.346667333367e+02,9.376939324738e-01
1.346767338367e+02,9.373723730335e-01
1.346867343367e+02,9.370632578915e-01
1.346967348367e+02,9.367666732652e-01
1.347067353368e+02,9.364827019675e-01
1.347167358368e+02,9.362114233533e-01
1.347267363368e+02,9.359529132671e-01
1.347367368368e+02,9.357072439936e-01
1.347467373369e+02,9.354744842098e-01
1.347567378369e+02,9.352546989393e-01
1.347667383369e+02,9.350479495093e-01
1.347767388369e+02,9.348542935091e-01
1.347867393370e+02,9.346737847521e-01
1.347967398370e+02,9.345064732390e-01
1.348067403370e+02,9.343524051244e-01
1.348167408370e+02,9.342116226856e-01
1.348267413371e+02,9.340841642940e-01
1.348367418371e+02,9.339700643887e-01
1.348467423371e+02,9.338693534538e-01
1.348567428371e+02,9.337820579971e-01
1.348667433372e+02,9.337082005327e-01
1.348767438372e+02,9.336477995655e-01
1.348867443372e+02,9.336008695789e-01
1.348967448372e+02,9.335674210251e-01
1.349067453373e+02,9.335474603182e-01
1.349167458373e+02,9.335409898307e-01
1.349267463373e+02,9.335480078916e-01
1.349367468373e+02,9.335685087886e-01
1.349467473374e+02,9.336024827722e-01
1.349567478374e+02,9.336499160633e-01
1.349667483374e+02,9.337107908631e-01
1.349767488374e+02,9.337850853659e-01
1.349867493375e+02,9.338727737749e-01
1.349967498375e+02,9.339738263206e-01
1.350067503375e+02,9.340882092817e-01
1.350167508375e+02,9.342158850091e-01
1.350267513376e+02,9.343568119521e-01
1.350367518376e+02,9.345109446877e-01
1.350467523376e+02,9.346782339521e-01
1.350567528376e+02,9.348586266749e-01
1.350667533377e+02,9.350520660153e-01
1.350767538377e+02,9.352584914018e-01
1.350867543377e+02,9.354778385730e-01
1.350967548377e+02,9.357100396216e-01
1.351067553378e+02,9.359550230402e-01
1.351167558378e+02,9.362127137691e-01
1.351267563378e+02,9.364830332472e-01
1.351367568378e+02,9.367658994634e-01
1.351467573379e+02,9.370612270112e-01
1.351567578379e+02,9.373689271448e-01
1.351667583379e+02,9.376889078367e-01
1.351767588379e+02,9.380210738373e-01
1.351867593380e+02,9.383653267366e-01
1.351967598380e+02,9.387215650263e-01
1.352067603380e+02,9.390896841645e-01
1.352167608380e+02,9.394695766412e-01
1.352267613381e+02,9.398611320456e-01
1.352367618381e+02,9.402642371338e-01
1.352467623381e+02,9.406787758984e-01
1.352567628381e+02,9.411046296391e-01
1.352667633382e+02,9.415416770338e-01
1.352767638382e+02,9.419897942108e-01
1.352867643382e+02,9.424488548223e-01
1.352967648382e+02,9.429187301176e-01
1.353067653383e+02,9.433992890178e-01
1.353167658383e+02,9.438903981906e-01
1.353267663383e+02,9.443919221259e-01
1.353367668383e+02,9.449037232111e-01
1.353467673384e+02,9.454256618078e-01
1.353567678384e+02,9.459575963275e-01
1.353667683384e+02,9.464993833081e-01
1.353767688384e+02,9.470508774905e-01
1.353867693385e+02,9.476119318951e-01
1.353967698385e+02,9.481823978977e-01
1.354067703385e+02,9.487621253063e-01
1.354167708385e+02,9.493509624363e-01
1.354267713386e+02,9.499487561866e-01
1.354367718386e+02,9.505553521150e-01
1.354467723386e+02,9.511705945123e-01
1.354567728386e+02,9.517943264773e-01
1.354667733387e+02,9.524263899902e-01
1.354767738387e+02,9.530666259858e-01
1.354867743387e+02,9.537148744261e-01
1.354967748387e+02,9.543709743717e-01
1.355067753388e+02,9.550347640530e-01
1.355167758388e+02,9.557060809404e-01
1.355267763388e+02,9.563847618132e-01
1.355367768388e+02,9.570706428282e-01
1.355467773389e+02,9.577635595873e-01
1.355567778389e+02,9.584633472033e-01
1.355667783389e+02,9.591698403656e-01
1.355767788389e+02,9.598828734047e-01
1.355867793390e+02,9.606022803550e-01
1.355967798390e+02,9.613278950169e-01
1.356067803390e+02,9.620595510181e-01
1.356167808390e+02,9.627970818728e-01
1.356267813391e+02,9.635403210406e-01
1.356367818391e+02,9.642891019836e-01
1.356467823391e+02,9.650432582229e-01
1.356567828391e+02,9.658026233926e-01
1.356667833392e+02,9.665670312941e-01
1.356767838392e+02,9.673363159481e-01
1.356867843392e+02,9.681103116454e-01
1.356967848392e+02,9.688888529969e-01
1.357067853393e+02,9.696717749817e-01
1.357167858393e+02,9.704589129943e-01
1.357267863393e+02,9.712501028903e-01
1.357367868393e+02,9.720451810309e-01
1.357467873394e+02,9.728439843257e-01
1.357567878394e+02,9.736463502750e-01
1.357667883394e+02,9.744521170101e-01
1.357767888394e+02,9.752611233323e-01
1.357867893395e+02,9.760732087511e-01
1.357967898395e+02,9.768882135206e-01
1.358067903395e+02,9.777059786748e-01
1.358167908395e+02,9.785263460622e-01
1.358267913396e+02,9.793491583778e-01
1.358367918396e+02,9.801742591952e-01
1.358467923396e+02,9.810014929969e-01
1.358567928396e+02,9.818307052032e-01
1.358667933397e+02,9.826617422003e-01
1.358767938397e+02,9.834944513669e-01
1.358867943397e+02,9.843286811000e-01
1.358967948397e+02,9.851642808389e-01
1.359067953398e+02,9.860011010889e-01
1.359167958398e+02,9.868389934431e-01
1.359267963398e+02,9.876778106038e-01
1.359367968398e+02,9.885174064020e-01
1.359467973399e+02,9.893576358170e-01
1.359567978399e+02,9.901983549936e-01
1.359667983399e+02,9.910394212595e-01
1.359767988399e+02,9.918806931408e-01
1.359867993400e+02,9.927220303770e-01
1.359967998400e+02,9.935632939352e-01
1.360068003400e+02,9.944043460228e-01
1.360168008400e+02,9.952450500999e-01
1.360268013401e+02,9.960852708899e-01
1.360368018401e+02,9.969248743909e-01
1.360468023401e+02,9.977637278843e-01
1.360568028401e+02,9.986016999438e-01
1.360668033402e+02,9.994386604434e-01
1.360768038402e+02,1.000274480564e+00
1.360868043402e+02,1.001109032802e+00
1.360968048402e+02,1.001942190970e+00
1.361068053403e+02,1.002773830208e+00
1.361168058403e+02,1.003603826983e+00
1.361268063403e+02,1.004432059093e+00
1.361368068403e+02,1.005258405673e+00
1.361468073404e+02,1.006082747194e+00
1.361568078404e+02,1.006904965467e+00
1.361668083404e+02,1.007724943642e+00
1.361768088404e+02,1.008542566210e+00
1.361868093405e+02,1.009357719003e+00
1.361968098405e+02,1.010170289191e+00
1.362068103405e+02,1.010980165286e+00
1.362168108405e+02,1.011787237136e+00
1.362268113406e+02,1.012591395924e+00
1.362368118406e+02,1.013392534167e+00
1.362468123406e+02,1.014190545712e+00
1.362568128406e+02,1.014985325732e+00
1.362668133407e+02,1.015776770724e+00
1.362768138407e+02,1.016564778504e+00
1.362868143407e+02,1.017349248203e+00
1.362968148407e+02,1.018130080262e+00
1.363068153408e+02,1.018907176426e+00
1.363168158408e+02,1.019680439740e+00
1.363268163408e+02,1.020449774543e+00
1.363368168408e+02,1.021215086462e+00
1.363468173409e+02,1.021976282405e+00
1.363568178409e+02,1.022733270555e+00
1.363668183409e+02,1.023485960363e+00
1.363768188409e+02,1.024234262543e+00
1.363868193410e+02,1.024978089061e+00
1.363968198410e+02,1.025717353130e+00
1.364068203410e+02,1.026451969203e+00
1.364168208410e+02,1.027181852965e+00
1.364268213411e+02,1.027906921324e+00
1.364368218411e+02,1.028627092402e+00
1.364468223411e+02,1.029342285529e+00
1.364568228411e+02,1.030052421236e+00
1.364668233412e+02,1.030757421241e+00
1.364768238412e+02,1.031457208447e+00
1.364868243412e+02,1.032151706928e+00
1.364968248412e+02,1.032840841924e+00
1.365068253413e+02,1.033524539831e+00
1.365168258413e+02,1.034202728189e+00
1.365268263413e+02,1.034875335679e+00
1.365368268413e+02,1.035542292110e+00
1.365468273414e+02,1.036203528411e+00
1.365568278414e+02,1.036858976619e+00
1.365668283414e+02,1.037508569877e+00
1.365768288414e+02,1.038152242417e+00
1.365868293415e+02,1.038789929557e+00
1.365968298415e+02,1.039421567687e+00
1.366068303415e+02,1.040047094263e+00
1.366168308415e+02,1.040666447796e+00
1.366268313416e+02,1.041279567846e+00
1.366368318416e+02,1.041886395007e+00
1.366468323416e+02,1.042486870905e+00
1.366568328416e+02,1.043080938184e+00
1.366668333417e+02,1.043668540498e+00
1.366768338417e+02,1.044249622502e+00
1.366868343417e+02,1.044824129846e+00
1.366968348417e+02,1.045392009160e+00
1.367068353418e+02,1.045953208051e+00
1.367168358418e+02,1.046507675092e+00
1.367268363418e+02,1.047055359813e+00
1.367368368418e+02,1.047596212690e+00
1.367468373419e+02,1.048130185143e+00
1.367568378419e+02,1.048657229522e+00
1.367668383419e+02,1.049177299097e+00
1.367768388419e+02,1.049690348058e+00
1.367868393420e+02,1.050196331496e+00
1.367968398420e+02,1.050695205404e+00
1.368068403420e+02,1.051186926663e+00
1.368168408420e+02,1.051671453037e+00
1.368268413421e+02,1.052148743164e+00
1.368368418421e+02,1.052618756548e+00
1.368468423421e+02,1.053081453552e+00
1.368568428421e+02,1.053536795390e+00
1.368668433422e+02,1.053984744119e+00
1.368768438422e+02,1.054425262631e+00
1.368868443422e+02,1.054858314651e+00
1.368968448422e+02,1.055283864720e+00
1.369068453423e+02,1.055701878197e+00
1.369168458423e+02,1.056112321249e+00
1.369268463423e+02,1.056515160842e+00
1.369368468423e+02,1.056910364736e+00
1.369468473424e+02,1.057297901479e+00
1.369568478424e+02,1.057677740401e+00
1.369668483424e+02,1.058049851604e+00
1.369768488424e+02,1.058414205961e+00
1.369868493425e+02,1.058770775105e+00
1.369968498425e+02,1.059119531427e+00
1.370068503425e+02,1.059460448066e+00
1.370168508425e+02,1.059793498909e+00
1.370268513426e+02,1.060118658578e+00
1.370368518426e+02,1.060435902431e+00
1.370468523426e+02,1.060745206553e+00
1.370568528426e+02,1.061046547753e+00
1.370668533427e+02,1.061339903556e+00
1.370768538427e+02,1.061625252202e+00
1.370868543427e+02,1.061902572637e+00
1.370968548427e+02,1.062171844511e+00
1.371068553428e+02,1.062433048172e+00
1.371168558428e+02,1.062686164663e+00
1.371268563428e+02,1.062931175717e+00
1.371368568428e+02,1.063168063751e+00
1.371468573429e+02,1.063396811866e+00
1.371568578429e+02,1.063617403839e+00
1.371668583429e+02,1.063829824121e+00
1.371768588429e+02,1.064034057835e+00
1.371868593430e+02,1.064230090769e+00
1.371968598430e+02,1.064417909375e+00
1.372068603430e+02,1.064597500764e+00
1.372168608430e+02,1.064768852706e+00
1.372268613431e+02,1.064931953625e+00
1.372368618431e+02,1.065086792594e+00
1.372468623431e+02,1.065233359337e+00
1.372568628431e+02,1.065371644223e+00
1.372668633432e+02,1.065501638264e+00
1.372768638432e+02,1.065623333114e+00
1.372868643432e+02,1.065736721067e+00
1.372968648432e+02,1.065841795050e+00
1.373068653433e+02,1.065938548631e+00
1.373168658433e+02,1.066026976008e+00
1.373268663433e+02,1.066107072011e+00
1.373368668433e+02,1.066178832100e+00
1.373468673434e+02,1.066242252366e+00
1.373568678434e+02,1.066297329527e+00
1.373668683434e+02,1.066344060925e+00
1.373768688434e+02,1.066382444532e+00
1.373868693435e+02,1.066412478943e+00
1.373968698435e+02,1.066434163377e+00
1.374068703435e+02,1.066447497676e+00
1.374168708435e+02,1.066452482309e+00
1.374268713436e+02,1.066449118363e+00
1.374368718436e+02,1.066437407553e+00
1.374468723436e+02,1.066417352213e+00
1.374568728436e+02,1.066388955303e+00
1.374668733437e+02,1.066352220405e+00
1.374768738437e+02,1.066307151724e+00
1.374868743437e+02,1.066253754092e+00
1.374968748437e+02,1.066192032964e+00
1.375068753438e+02,1.066121994422e+00
1.375168758438e+02,1.066043645173e+00
1.375268763438e+02,1.065956992555e+00
1.375368768438e+02,1.065862044531e+00
1.375468773439e+02,1.065758809699e+00
1.375568778439e+02,1.065647297286e+00
1.375668783439e+02,1.065527517154e+00
1.375768788439e+02,1.065399479798e+00
1.375868793440e+02,1.065263196353e+00
1.375968798440e+02,1.065118678591e+00
1.376068803440e+02,1.064965938927e+00
1.376168808440e+02,1.064804990420e+00
1.376268813441e+02,1.064635846771e+00
1.376368818441e+02,1.064458522335e+00
1.376468823441e+02,1.064273032114e+00
1.376568828441e+02,1.064079391766e+00
1.376668833442e+02,1.063877617606e+00
1.376768838442e+02,1.063667726607e+00
1.376868843442e+02,1.063449736407e+00
1.376968848442e+02,1.063223665309e+00
1.377068853443e+02,1.062989532288e+00
1.377168858443e+02,1.062747356990e+00
1.377268863443e+02,1.062497159739e+00
1.377368868443e+02,1.062238961539e+00
1.377468873444e+02,1.061972784081e+00
1.377568878444e+02,1.061698649742e+00
1.377668883444e+02,1.061416581595e+00
1.377768888444e+02,1.061126603407e+00
1.377868893445e+02,1.060828739649e+00
1.377968898445e+02,1.060523015497e+00
1.378068903445e+02,1.060209456840e+00
1.378168908445e+02,1.059888090279e+00
1.378268913446e+02,1.059558943139e+00
1.378368918446e+02,1.059222043470e+00
1.378468923446e+02,1.058877420050e+00
1.378568928446e+02,1.058525102397e+00
1.378668933447e+02,1.058165120767e+00
1.378768938447e+02,1.057797506165e+00
1.378868943447e+02,1.057422290346e+00
1.378968948447e+02,1.057039505825e+00
1.379068953448e+02,1.056649185881e+00
1.379168958448e+02,1.056251364561e+00
1.379268963448e+02,1.055846076689e+00
1.379368968448e+02,1.055433357870e+00
1.379468973449e+02,1.055013244499e+00
1.379568978449e+02,1.054585773762e+00
1.379668983449e+02,1.054150983649e+00
1.379768988449e+02,1.053708912956e+00
1.379868993450e+02,1.053259601293e+00
1.379968998450e+02,1.052803089090e+00
1.380069003450e+02,1.052339417604e+00
1.380169008450e+02,1.051868628928e+00
1.380269013451e+02,1.051390765994e+00
1.380369018451e+02,1.050905872585e+00
1.380469023451e+02,1.050413993336e+00
1.380569028451e+02,1.049915173747e+00
1.380669033452e+02,1.049409460186e+00
1.380769038452e+02,1.048896899899e+00
1.380869043452e+02,1.048377541016e+00
1.380969048452e+02,1.047851432560e+00
1.381069053453e+02,1.047318624453e+00
1.381169058453e+02,1.046779167521e+00
1.381269063453e+02,1.046233113510e+00
1.381369068453e+02,1.045680515084e+00
1.381469073454e+02,1.045121425840e+00
1.381569078454e+02,1.044555900309e+00
1.381669083454e+02,1.043983993972e+00
1.381769088454e+02,1.043405763261e+00
1.381869093455e+02,1.042821265569e+00
1.381969098455e+02,1.042230559259e+00
1.382069103455e+02,1.041633703671e+00
1.382169108455e+02,1.041030759130e+00
1.382269113456e+02,1.040421786953e+00
1.382369118456e+02,1.039806849459e+00
1.382469123456e+02,1.039186009975e+00
1.382569128456e+02,1.038559332844e+00
1.382669133457e+02,1.037926883436e+00
1.382769138457e+02,1.037288728149e+00
1.382869143457e+02,1.036644934425e+00
1.382969148457e+02,1.035995570753e+00
1.383069153458e+02,1.035340706676e+00
1.383169158458e+02,1.034680412802e+00
1.383269163458e+02,1.034014760809e+00
1.383369168458e+02,1.033343823455e+00
1.383469173459e+02,1.032667674583e+00
1.383569178459e+02,1.031986389128e+00
1.383669183459e+02,1.031300043130e+00
1.383769188459e+02,1.030608713731e+00
1.383869193460e+02,1.029912479193e+00
1.383969198460e+02,1.029211418898e+00
1.384069203460e+02,1.028505613357e+00
1.384169208460e+02,1.027795144216e+00
1.384269213461e+02,1.027080094265e+00
1.384369218461e+02,1.026360547439e+00
1.384469223461e+02,1.025636588832e+00
1.384569228461e+02,1.024908304695e+00
1.384669233462e+02,1.024175782448e+00
1.384769238462e+02,1.023439110683e+00
1.384869243462e+02,1.022698379168e+00
1.384969248462e+02,1.021953678856e+00
1.385069253463e+02,1.021205101887e+00
1.385169258463e+02,1.020452741592e+00
1.385269263463e+02,1.019696692502e+00
1.385369268463e+02,1.018937050345e+00
1.385469273464e+02,1.018173912059e+00
1.385569278464e+02,1.017407375786e+00
1.385669283464e+02,1.016637540882e+00
1.385769288464e+02,1.015864507917e+00
1.385869293465e+02,1.015088378679e+00
1.385969298465e+02,1.014309256173e+00
1.386069303465e+02,1.013527244628e+00
1.386169308465e+02,1.012742449494e+00
1.386269313466e+02,1.011954977443e+00
1.386369318466e+02,1.011164936374e+00
1.386469323466e+02,1.010372435408e+00
1.386569328466e+02,1.009577584890e+00
1.386669333467e+02,1.008780496389e+00
1.386769338467e+02,1.007981282693e+00
1.386869343467e+02,1.007180057812e+00
1.386969348467e+02,1.006376936973e+00
1.387069353468e+02,1.005572036616e+00
1.387169358468e+02,1.004765474392e+00
1.387269363468e+02,1.003957369161e+00
1.387369368468e+02,1.003147840982e+00
1.387469373469e+02,1.002337011113e+00
1.387569378469e+02,1.001525002000e+00
1.387669383469e+02,1.000711937277e+00
1.387769388469e+02,9.998979417511e-01
1.387869393470e+02,9.990831414003e-01
1.387969398470e+02,9.982676633624e-01
1.388069403470e+02,9.974516359257e-01
1.388169408470e+02,9.966351885189e-01
1.388269413471e+02,9.958184517007e-01
1.388369418471e+02,9.950015571472e-01
1.388469423471e+02,9.941846376399e-01
1.388569428471e+02,9.933678270524e-01
1.388669433472e+02,9.925512603356e-01
1.388769438472e+02,9.917350735033e-01
1.388869443472e+02,9.909194036157e-01
1.388969448472e+02,9.901043887629e-01
1.389069453473e+02,9.892901680470e-01
1.389169458473e+02,9.884768815634e-01
1.389269463473e+02,9.876646703811e-01
1.389369468473e+02,9.868536765223e-01
1.389469473474e+02,9.860440429403e-01
1.389569478474e+02,9.852359134977e-01
1.389669483474e+02,9.844294329421e-01
1.389769488474e+02,9.836247468818e-01
1.389869493475e+02,9.828220017603e-01
1.389969498475e+02,9.820213448292e-01
1.390069503475e+02,9.812229241208e-01
1.390169508475e+02,9.804268884190e-01
1.390269513476e+02,9.796333872297e-01
1.390369518476e+02,9.788425707493e-01
1.390469523476e+02,9.780545898332e-01
1.390569528476e+02,9.772695959620e-01
1.390669533477e+02,9.764877412078e-01
1.390769538477e+02,9.757091781981e-01
1.390869543477e+02,9.749340600795e-01
1.390969548477e+02,9.741625404802e-01
1.391069553478e+02,9.733947734706e-01
1.391169558478e+02,9.726309135242e-01
1.391269563478e+02,9.718711154754e-01
1.391369568478e+02,9.711155344781e-01
1.391469573479e+02,9.703643259621e-01
1.391569578479e+02,9.696176455884e-01
1.391669583479e+02,9.688756492038e-01
1.391769588479e+02,9.681384927941e-01
1.391869593480e+02,9.674063324362e-01
1.391969598480e+02,9.666793242494e-01
1.392069603480e+02,9.659576243452e-01
1.392169608480e+02,9.652413887763e-01
1.392269613481e+02,9.645307734845e-01
1.392369618481e+02,9.638259342476e-01
1.392469623481e+02,9.631270266251e-01
1.392569628481e+02,9.624342059032e-01
1.392669633482e+02,9.617476270387e-01
1.392769638482e+02,9.610674446017e-01
1.392869643482e+02,9.603938127180e-01
1.392969648482e+02,9.597268850099e-01
1.393069653483e+02,9.590668145368e-01
1.393169658483e+02,9.584137537344e-01
1.393269663483e+02,9.577678543535e-01
1.393369668483e+02,9.571292673977e-01
1.393469673484e+02,9.564981430612e-01
1.393569678484e+02,9.558746306646e-01
1.393669683484e+02,9.552588785913e-01
1.393769688484e+02,9.546510342226e-01
1.393869693485e+02,9.540512438726e-01
1.393969698485e+02,9.534596527224e-01
1.394069703485e+02,9.528764047540e-01
1.394169708485e+02,9.523016426839e-01
1.394269713486e+02,9.517355078958e-01
1.394369718486e+02,9.511781403741e-01
1.394469723486e+02,9.506296786358e-01
1.394569728486e+02,9.500902596637e-01
1.394669733487e+02,9.495600188382e-01
1.394769738487e+02,9.490390898699e-01
1.394869743487e+02,9.485276047320e-01
1.394969748487e+02,9.480256935923e-01
1.395069753488e+02,9.475334847465e-01
1.395169758488e+02,9.470511045505e-01
1.395269763488e+02,9.465786773536e-01
1.395369768488e+02,9.461163254320e-01
1.395469773489e+02,9.456641689227e-01
1.395569778489e+02,9.452223257580e-01
1.395669783489e+02,9.447909116003e-01
1.395769788489e+02,9.443700397775e-01
1.395869793490e+02,9.439598212200e-01
1.395969798490e+02,9.435603643971e-01
1.396069803490e+02,9.431717752552e-01
1.396169808490e+02,9.427941571568e-01
1.396269813491e+02,9.424276108205e-01
1.396369818491e+02,9.420722342615e-01
1.396469823491e+02,9.417281227343e-01
1.396569828491e+02,9.413953686756e-01
1.396669833492e+02,9.410740616493e-01
1.396769838492e+02,9.407642882922e-01
1.396869843492e+02,9.404661322614e-01
1.396969848492e+02,9.401796741837e-01
1.397069853493e+02,9.399049916056e-01
1.397169858493e+02,9.396421589454e-01
1.397269863493e+02,9.393912474473e-01
1.397369868493e+02,9.391523251368e-01
1.397469873494e+02,9.389254567782e-01
1.397569878494e+02,9.387107038333e-01
1.397669883494e+02,9.385081244233e-01
1.397769888494e+02,9.383177732915e-01
1.397869893495e+02,9.381397017684e-01
1.397969898495e+02,9.379739577391e-01
1.398069903495e+02,9.378205856128e-01
1.398169908495e+02,9.376796262939e-01
1.398269913496e+02,9.375511171559e-01
1.398369918496e+02,9.374350920177e-01
1.398469923496e+02,9.373315811211e-01
1.398569928496e+02,9.372406111120e-01
1.398669933497e+02,9.371622050232e-01
1.398769938497e+02,9.370963822591e-01
1.398869943497e+02,9.370431585838e-01
1.398969948497e+02,9.370025461112e-01
1.399069953498e+02,9.369745532968e-01
1.399169958498e+02,9.369591849331e-01
1.399269963498e+02,9.369564421468e-01
1.399369968498e+02,9.369663223981e-01
1.399469973499e+02,9.369888194833e-01
1.399569978499e+02,9.370239235391e-01
1.399669983499e+02,9.370716210495e-01
1.399769988499e+02,9.371318948556e-01
1.399869993500e+02,9.372047241668e-01
1.399969998500e+02,9.372900845756e-01
1.400070003500e+02,9.373879480736e-01
1.400170008500e+02,9.374982830708e-01
1.400270013501e+02,9.376210544165e-01
1.400370018501e+02,9.377562234228e-01
1.400470023501e+02,9.379037478905e-01
1.400570028501e+02,9.380635821369e-01
1.400670033502e+02,9.382356770260e-01
1.400770038502e+02,9.384199800004e-01
1.400870043502e+02,9.386164351161e-01
1.400970048502e+02,9.388249830786e-01
1.401070053503e+02,9.390455612811e-01
1.401170058503e+02,9.392781038450e-01
1.401270063503e+02,9.395225416623e-01
1.401370068503e+02,9.397788024389e-01
1.401470073504e+02,9.400468107408e-01
1.401570078504e+02,9.403264880417e-01
1.401670083504e+02,9.406177527716e-01
1.401770088504e+02,9.409205203679e-01
1.401870093505e+02,9.412347033274e-01
1.401970098505e+02,9.415602112599e-01
1.402070103505e+02,9.418969509433e-01
1.402170108505e+02,9.422448263796e-01
1.402270113506e+02,9.426037388531e-01
1.402370118506e+02,9.429735869882e-01
1.402470123506e+02,9.433542668100e-01
1.402570128506e+02,9.437456718048e-01
1.402670133507e+02,9.441476929816e-01
1.402770138507e+02,9.445602189353e-01
1.402870143507e+02,9.449831359096e-01
1.402970148507e+02,9.454163278618e-01
1.403070153508e+02,9.458596765268e-01
1.403170158508e+02,9.463130614834e-01
1.403270163508e+02,9.467763602196e-01
1.403370168508e+02,9.472494481993e-01
1.403470173509e+02,9.477321989292e-01
1.403570178509e+02,9.482244840253e-01
1.403670183509e+02,9.487261732809e-01
1.403770188509e+02,9.492371347336e-01
1.403870193510e+02,9.497572347331e-01
1.403970198510e+02,9.502863380086e-01
1.404070203510e+02,9.508243077369e-01
1.404170208510e+02,9.513710056091e-01
1.404270213511e+02,9.519262918989e-01
1.404370218511e+02,9.524900255290e-01
1.404470223511e+02,9.530620641384e-01
1.404570228511e+02,9.536422641489e-01
1.404670233512e+02,9.542304808311e-01
1.404770238512e+02,9.548265683706e-01
1.404870243512e+02,9.554303799328e-01
1.404970248512e+02,9.560417677280e-01
1.405070253513e+02,9.566605830756e-01
1.405170258513e+02,9.572866764675e-01
1.405270263513e+02,9.579198976312e-01
1.405370268513e+02,9.585600955919e-01
1.405470273514e+02,9.592071187341e-01
1.405570278514e+02,9.598608148620e-01
1.405670283514e+02,9.605210312599e-01
1.405770288514e+02,9.611876147510e-01
1.405870293515e+02,9.618604117552e-01
1.405970298515e+02,9.625392683470e-01
1.406070303515e+02,9.632240303114e-01
1.406170308515e+02,9.639145431995e-01
1.406270313516e+02,9.646106523827e-01
1.406370318516e+02,9.653122031062e-01
1.406470323516e+02,9.660190405413e-01
1.406570328516e+02,9.667310098367e-01
1.406670333517e+02,9.674479561689e-01
1.406770338517e+02,9.681697247912e-01
1.406870343517e+02,9.688961610819e-01
1.406970348517e+02,9.696271105912e-01
1.407070353518e+02,9.703624190873e-01
1.407170358518e+02,9.711019326011e-01
1.407270363518e+02,9.718454974696e-01
1.407370368518e+02,9.725929603788e-01
1.407470373519e+02,9.733441684050e-01
1.407570378519e+02,9.740989690549e-01
1.407670383519e+02,9.748572103050e-01
1.407770388519e+02,9.756187406395e-01
1.407870393520e+02,9.763834090871e-01
1.407970398520e+02,9.771510652571e-01
1.408070403520e+02,9.779215593736e-01
1.408170408520e+02,9.786947423093e-01
1.408270413521e+02,9.794704656179e-01
1.408370418521e+02,9.802485815654e-01
1.408470423521e+02,9.810289431602e-01
1.408570428521e+02,9.818114041825e-01
1.408670433522e+02,9.825958192123e-01
1.408770438522e+02,9.833820436562e-01
1.408870443522e+02,9.841699337736e-01
1.408970448522e+02,9.849593467016e-01
1.409070453523e+02,9.857501404788e-01
1.409170458523e+02,9.865421740683e-01
1.409270463523e+02,9.873353073795e-01
1.409370468523e+02,9.881294012893e-01
1.409470473524e+02,9.889243176614e-01
1.409570478524e+02,9.897199193663e-01
1.409670483524e+02,9.905160702984e-01
1.409770488524e+02,9.913126353937e-01
1.409870493525e+02,9.921094806460e-01
1.409970498525e+02,9.929064731222e-01
1.410070503525e+02,9.937034809768e-01
1.410170508525e+02,9.945003734657e-01
1.410270513526e+02,9.952970209588e-01
1.410370518526e+02,9.960932949523e-01
1.410470523526e+02,9.968890680799e-01
1.410570528526e+02,9.976842141231e-01
1.410670533527e+02,9.984786080208e-01
1.410770538527e+02,9.992721258790e-01
1.410870543527e+02,1.000064644978e+00
1.410970548527e+02,1.000856043781e+00
1.411070553528e+02,1.001646201940e+00
1.411170558528e+02,1.002435000303e+00
1.411270563528e+02,1.003222320919e+00
1.411370568528e+02,1.004008047042e+00
1.411470573529e+02,1.004792063139e+00
1.411570578529e+02,1.005574254888e+00
1.411670583529e+02,1.006354509186e+00
1.411770588529e+02,1.007132714151e+00
1.411870593530e+02,1.007908759120e+00
1.411970598530e+02,1.008682534657e+00
1.412070603530e+02,1.009453932549e+00
1.412170608530e+02,1.010222845808e+00
1.412270613531e+02,1.010989168672e+00
1.412370618531e+02,1.011752796605e+00
1.412470623531e+02,1.012513626294e+00
1.412570628531e+02,1.013271555649e+00
1.412670633532e+02,1.014026483804e+00
1.412770638532e+02,1.014778311109e+00
1.412870643532e+02,1.015526939136e+00
1.412970648532e+02,1.016272270667e+00
1.413070653533e+02,1.017014209699e+00
1.413170658533e+02,1.017752661435e+00
1.413270663533e+02,1.018487532285e+00
1.413370668533e+02,1.019218729856e+00
1.413470673534e+02,1.019946162956e+00
1.413570678534e+02,1.020669741582e+00
1.413670683534e+02,1.021389376918e+00
1.413770688534e+02,1.022104981331e+00
1.413870693535e+02,1.022816468364e+00
1.413970698535e+02,1.023523752734e+00
1.414070703535e+02,1.024226750319e+00
1.414170708535e+02,1.024925378161e+00
1.414270713536e+02,1.025619554454e+00
1.414370718536e+02,1.026309198539e+00
1.414470723536e+02,1.026994230898e+00
1.414570728536e+02,1.027674573150e+00
1.414670733537e+02,1.028350148038e+00
1.414770738537e+02,1.029020879429e+00
1.414870743537e+02,1.029686692303e+00
1.414970748537e+02,1.030347512745e+00
1.415070753538e+02,1.031003267943e+00
1.415170758538e+02,1.031653886176e+00
1.415270763538e+02,1.032299296808e+00
1.415370768538e+02,1.032939430279e+00
1.415470773539e+02,1.033574218103e+00
1.415570778539e+02,1.034203592854e+00
1.415670783539e+02,1.034827488160e+00
1.415770788539e+02,1.035445838698e+00
1.415870793540e+02,1.036058580186e+00
1.415970798540e+02,1.036665649369e+00
1.416070803540e+02,1.037266984020e+00
1.416170808540e+02,1.037862522928e+00
1.416270813541e+02,1.038452205888e+00
1.416370818541e+02,1.039035973698e+00
1.416470823541e+02,1.039613768146e+00
1.416570828541e+02,1.040185532008e+00
1.416670833542e+02,1.040751209035e+00
1.416770838542e+02,1.041310743947e+00
1.416870843542e+02,1.041864082428e+00
1.416970848542e+02,1.042411171113e+00
1.417070853543e+02,1.042951957583e+00
1.417170858543e+02,1.043486390360e+00
1.417270863543e+02,1.044014418893e+00
1.417370868543e+02,1.044535993557e+00
1.417470873544e+02,1.045051065641e+00
1.417570878544e+02,1.045559587342e+00
1.417670883544e+02,1.046061511757e+00
1.417770888544e+02,1.046556792878e+00
1.417870893545e+02,1.047045385579e+00
1.417970898545e+02,1.047527245616e+00
1.418070903545e+02,1.048002329613e+00
1.418170908545e+02,1.048470595062e+00
1.418270913546e+02,1.048932000307e+00
1.418370918546e+02,1.049386504546e+00
1.418470923546e+02,1.049834067817e+00
1.418570928546e+02,1.050274650997e+00
1.418670933547e+02,1.050708215788e+00
1.418770938547e+02,1.051134724720e+00
1.418870943547e+02,1.051554141135e+00
1.418970948547e+02,1.051966429187e+00
1.419070953548e+02,1.052371553830e+00
1.419170958548e+02,1.052769480819e+00
1.419270963548e+02,1.053160176697e+00
1.419370968548e+02,1.053543608791e+00
1.419470973549e+02,1.053919745209e+00
1.419570978549e+02,1.054288554829e+00
1.419670983549e+02,1.054650007298e+00
1.419770988549e+02,1.055004073021e+00
1.419870993550e+02,1.055350723162e+00
1.419970998550e+02,1.055689929632e+00
1.420071003550e+02,1.056021665088e+00
1.420171008550e+02,1.056345902926e+00
1.420271013551e+02,1.056662617276e+00
1.420371018551e+02,1.056971782996e+00
1.420471023551e+02,1.057273375670e+00
1.420571028551e+02,1.057567371599e+00
1.420671033552e+02,1.057853747801e+00
1.420771038552e+02,1.058132482001e+00
1.420871043552e+02,1.058403552631e+00
1.420971048552e+02,1.058666938825e+00
1.421071053553e+02,1.058922620411e+00
1.421171058553e+02,1.059170577911e+00
1.421271063553e+02,1.059410792536e+00
1.421371068553e+02,1.059643246182e+00
1.421471073554e+02,1.059867921424e+00
1.421571078554e+02,1.060084801515e+00
1.421671083554e+02,1.060293870383e+00
1.421771088554e+02,1.060495112624e+00
1.421871093555e+02,1.060688513502e+00
1.421971098555e+02,1.060874058945e+00
1.422071103555e+02,1.061051735542e+00
1.422171108555e+02,1.061221530537e+00
1.422271113556e+02,1.061383431833e+00
1.422371118556e+02,1.061537427982e+00
1.422471123556e+02,1.061683508188e+00
1.422571128556e+02,1.061821662298e+00
1.422671133557e+02,1.061951880810e+00
1.422771138557e+02,1.062074154859e+00
1.422871143557e+02,1.062188476225e+00
1.422971148557e+02,1.062294837323e+00
1.423071153558e+02,1.062393231206e+00
1.423171158558e+02,1.062483651564e+00
1.423271163558e+02,1.062566092718e+00
1.423371168558e+02,1.062640549621e+00
1.423471173559e+02,1.062707017859e+00
1.423571178559e+02,1.062765493646e+00
1.423671183559e+02,1.062815973823e+00
1.423771188559e+02,1.062858455862e+00
1.423871193560e+02,1.062892937858e+00
1.423971198560e+02,1.062919418533e+00
1.424071203560e+02,1.062937897235e+00
1.424171208560e+02,1.062948373937e+00
1.424271213561e+02,1.062950849235e+00
1.424371218561e+02,1.062945324351e+00
1.424471223561e+02,1.062931801129e+00
1.424571228561e+02,1.062910282039e+00
1.424671233562e+02,1.062880770175e+00
1.424771238562e+02,1.062843269255e+00
1.424871243562e+02,1.062797783623e+00
1.424971248562e+02,1.062744318246e+00
1.425071253563e+02,1.062682878720e+00
1.425171258563e+02,1.062613471266e+00
1.425271263563e+02,1.062536102735e+00
1.425371268563e+02,1.062450780604e+00
1.425471273564e+02,1.062357512982e+00
1.425571278564e+02,1.062256308608e+00
1.425671283564e+02,1.062147176855e+00
1.425771288564e+02,1.062030127727e+00
1.425871293565e+02,1.061905171867e+00
1.425971298565e+02,1.061772320553e+00
1.426071303565e+02,1.061631585704e+00
1.426171308565e+02,1.061482979878e+00
1.426271313566e+02,1.061326516280e+00
1.426371318566e+02,1.061162208755e+00
1.426471323566e+02,1.060990071801e+00
1.426571328566e+02,1.060810120563e+00
1.426671333567e+02,1.060622370840e+00
1.426771338567e+02,1.060426839087e+00
1.426871343567e+02,1.060223542415e+00
1.426971348567e+02,1.060012498598e+00
1.427071353568e+02,1.059793726075e+00
1.427171358568e+02,1.059567243949e+00
1.427271363568e+02,1.059333071998e+00
1.427371368568e+02,1.059091230670e+00
1.427471373569e+02,1.058841741091e+00
1.427571378569e+02,1.058584625071e+00
1.427671383569e+02,1.058319905100e+00
1.427771388569e+02,1.058047604361e+00
1.427871393570e+02,1.057767746726e+00
1.427971398570e+02,1.057480356764e+00
1.428071403570e+02,1.057185459746e+00
1.428171408570e+02,1.056883081646e+00
1.428271413571e+02,1.056573249148e+00
1.428371418571e+02,1.056255989648e+00
1.428471423571e+02,1.055931331262e+00
1.428571428571e+02,1.055599302828e+00
1.428671433572e+02,1.055259933910e+00
1.428771438572e+02,1.054913254805e+00
1.428871443572e+02,1.054559296548e+00
1.428971448572e+02,1.054198090915e+00
1.429071453573e+02,1.053829670430e+00
1.429171458573e+02,1.053454068368e+00
1.429271463573e+02,1.053071318763e+00
1.429371468573e+02,1.052681456413e+00
1.429471473574e+02,1.052284516881e+00
1.429571478574e+02,1.051880536509e+00
1.429671483574e+02,1.051469552415e+00
1.429771488574e+02,1.051051602503e+00
1.429871493575e+02,1.050626725471e+00
1.429971498575e+02,1.050194960811e+00
1.430071503575e+02,1.049756348819e+00
1.430171508575e+02,1.049310930601e+00
1.430271513576e+02,1.048858748077e+00
1.430371518576e+02,1.048399843989e+00
1.430471523576e+02,1.047934261907e+00
1.430571528576e+02,1.047462046234e+00
1.430671533577e+02,1.046983242213e+00
1.430771538577e+02,1.046497895935e+00
1.430871543577e+02,1.046006054341e+00
1.430971548577e+02,1.045507765234e+00
1.431071553578e+02,1.045003077283e+00
1.431171558578e+02,1.044492040027e+00
1.431271563578e+02,1.043974703888e+00
1.431371568578e+02,1.043451120170e+00
1.431471573579e+02,1.042921341072e+00
1.431571578579e+02,1.042385419690e+00
1.431671583579e+02,1.041843410028e+00
1.431771588579e+02,1.041295367000e+00
1.431871593580e+02,1.040741346442e+00
1.431971598580e+02,1.040181405113e+00
1.432071603580e+02,1.039615600708e+00
1.432171608580e+02,1.039043991859e+00
1.432271613581e+02,1.038466638145e+00
1.432371618581e+02,1.037883600097e+00
1.432471623581e+02,1.037294939207e+00
1.432571628581e+02,1.036700717933e+00
1.432671633582e+02,1.036100999704e+00
1.432771638582e+02,1.035495848931e+00
1.432871643582e+02,1.034885331010e+00
1.432971648582e+02,1.034269512329e+00
1.433071653583e+02,1.033648460276e+00
1.433171658583e+02,1.033022243242e+00
1.433271663583e+02,1.032390930633e+00
1.433371668583e+02,1.031754592870e+00
1.433471673584e+02,1.031113301399e+00
1.433571678584e+02,1.030467128696e+00
1.433671683584e+02,1.029816148274e+00
1.433771688584e+02,1.029160434685e+00
1.433871693585e+02,1.028500063532e+00
1.433971698585e+02,1.027835111468e+00
1.434071703585e+02,1.027165656206e+00
1.434171708585e+02,1.026491776523e+00
1.434271713586e+02,1.025813552263e+00
1.434371718586e+02,1.025131064346e+00
1.434471723586e+02,1.024444394771e+00
1.434571728586e+02,1.023753626617e+00
1.434671733587e+02,1.023058844055e+00
1.434771738587e+02,1.022360132344e+00
1.434871743587e+02,1.021657577842e+00
1.434971748587e+02,1.020951268004e+00
1.435071753588e+02,1.020241291390e+00
1.435171758588e+02,1.019527737667e+00
1.435271763588e+02,1.018810697609e+00
1.435371768588e+02,1.018090263103e+00
1.435471773589e+02,1.017366527153e+00
1.435571778589e+02,1.016639583876e+00
1.435671783589e+02,1.015909528510e+00
1.435771788589e+02,1.015176457412e+00
1.435871793590e+02,1.014440468062e+00
1.435971798590e+02,1.013701659060e+00
1.436071803590e+02,1.012960130129e+00
1.436171808590e+02,1.012215982116e+00
1.436271813591e+02,1.011469316988e+00
1.436371818591e+02,1.010720237835e+00
1.436471823591e+02,1.009968848867e+00
1.436571828591e+02,1.009215255413e+00
1.436671833592e+02,1.008459563918e+00
1.436771838592e+02,1.007701881943e+00
1.436871843592e+02,1.006942318158e+00
1.436971848592e+02,1.006180982343e+00
1.437071853593e+02,1.005417985380e+00
1.437171858593e+02,1.004653439250e+00
1.437271863593e+02,1.003887457030e+00
1.437371868593e+02,1.003120152885e+00
1.437471873594e+02,1.002351642062e+00
1.437571878594e+02,1.001582040883e+00
1.437671883594e+02,1.000811466739e+00
1.437771888594e+02,1.000040038081e+00
1.437871893595e+02,9.992678744123e-01
1.437971898595e+02,9.984950962773e-01
1.438071903595e+02,9.977218252535e-01
1.438171908595e+02,9.969481839396e-01
1.438271913596e+02,9.961742959450e-01
1.438371918596e+02,9.954002858771e-01
1.438471923596e+02,9.946262793290e-01
1.438571928596e+02,9.938524028655e-01
1.438671933597e+02,9.930787840093e-01
1.438771938597e+02,9.923055512255e-01
1.438871943597e+02,9.915328339060e-01
1.438971948597e+02,9.907607623530e-01
1.439071953598e+02,9.899894677609e-01
1.439171958598e+02,9.892190821988e-01
1.439271963598e+02,9.884497385907e-01
1.439371968598e+02,9.876815706958e-01
1.439471973599e+02,9.869147130877e-01
1.439571978599e+02,9.861493011325e-01
1.439671983599e+02,9.853854709659e-01
1.439771988599e+02,9.846233594705e-01
1.439871993600e+02,9.838631042501e-01
1.439971998600e+02,9.831048436055e-01
1.440072003600e+02,9.823487165075e-01
1.440172008600e+02,9.815948625696e-01
1.440272013601e+02,9.808434220203e-01
1.440372018601e+02,9.800945356734e-01
1.440472023601e+02,9.793483448983e-01
1.440572028601e+02,9.786049915884e-01
1.440672033602e+02,9.778646181297e-01
1.440772038602e+02,9.771273673672e-01
1.440872043602e+02,9.763933825710e-01
1.440972048602e+02,9.756628074017e-01
1.441072053603e+02,9.749357858737e-01
1.441172058603e+02,9.742124623191e-01
1.441272063603e+02,9.734929813490e-01
1.441372068603e+02,9.727774878151e-01
1.441472073604e+02,9.720661267696e-01
1.441572078604e+02,9.713590434244e-01
1.441672083604e+02,9.706563831095e-01
1.441772088604e+02,9.699582912299e-01
1.441872093605e+02,9.692649132221e-01
1.441972098605e+02,9.685763945096e-01
1.442072103605e+02,9.678928804573e-01
1.442172108605e+02,9.672145163249e-01
1.442272113606e+02,9.665414472198e-01
1.442372118606e+02,9.658738180488e-01
1.442472123606e+02,9.652117734691e-01
1.442572128606e+02,9.645554578384e-01
1.442672133607e+02,9.639050151642e-01
1.442772138607e+02,9.632605890523e-01
1.442872143607e+02,9.626223226546e-01
1.442972148607e+02,9.619903586161e-01
1.443072153608e+02,9.613648390212e-01
1.443172158608e+02,9.607459053392e-01
1.443272163608e+02,9.601336983696e-01
1.443372168608e+02,9.595283581861e-01
1.443472173609e+02,9.589300240805e-01
1.443572178609e+02,9.583388345059e-01
1.443672183609e+02,9.577549270193e-01
1.443772188609e+02,9.571784382242e-01
1.443872193610e+02,9.566095037119e-01
1.443972198610e+02,9.560482580033e-01
1.444072203610e+02,9.554948344895e-01
1.444172208610e+02,9.549493653732e-01
1.444272213611e+02,9.544119816087e-01
1.444372218611e+02,9.538828128422e-01
1.444472223611e+02,9.533619873523e-01
1.444572228611e+02,9.528496319896e-01
1.444672233612e+02,9.523458721170e-01
1.444772238612e+02,9.518508315493e-01
1.444872243612e+02,9.513646324937e-01
1.444972248612e+02,9.508873954895e-01
1.445072253613e+02,9.504192393485e-01
1.445172258613e+02,9.499602810955e-01
1.445272263613e+02,9.495106359092e-01
1.445372268613e+02,9.490704170632e-01
1.445472273614e+02,9.486397358674e-01
1.445572278614e+02,9.482187016102e-01
1.445672283614e+02,9.478074215005e-01
1.445772288614e+02,9.474060006115e-01
1.445872293615e+02,9.470145418237e-01
1.445972298615e+02,9.466331457695e-01
1.446072303615e+02,9.462619107785e-01
1.446172308615e+02,9.459009328231e-01
1.446272313616e+02,9.455503054659e-01
1.446372318616e+02,9.452101198068e-01
1.446472323616e+02,9.448804644321e-01
1.446572328616e+02,9.445614253645e-01
1.446672333617e+02,9.442530860137e-01
1.446772338617e+02,9.439555271290e-01
1.446872343617e+02,9.436688267521e-01
1.446972348617e+02,9.433930601723e-01
1.447072353618e+02,9.431282998821e-01
1.447172358618e+02,9.428746155349e-01
1.447272363618e+02,9.426320739038e-01
1.447372368618e+02,9.424007388419e-01
1.447472373619e+02,9.421806712445e-01
1.447572378619e+02,9.419719290122e-01
1.447672383619e+02,9.417745670165e-01
1.447772388619e+02,9.415886370669e-01
1.447872393620e+02,9.414141878788e-01
1.447972398620e+02,9.412512650446e-01
1.448072403620e+02,9.410999110058e-01
1.448172408620e+02,9.409601650272e-01
1.448272413621e+02,9.408320631725e-01
1.448372418621e+02,9.407156382827e-01
1.448472423621e+02,9.406109199560e-01
1.448572428621e+02,9.405179345293e-01
1.448672433622e+02,9.404367050626e-01
1.448772438622e+02,9.403672513244e-01
1.448872443622e+02,9.403095897800e-01
1.448972448622e+02,9.402637335816e-01
1.449072453623e+02,9.402296925603e-01
1.449172458623e+02,9.402074732200e-01
1.449272463623e+02,9.401970787343e-01
1.449372468623e+02,9.401985089445e-01
1.449472473624e+02,9.402117603602e-01
1.449572478624e+02,9.402368261619e-01
1.449672483624e+02,9.402736962059e-01
1.449772488624e+02,9.403223570306e-01
1.449872493625e+02,9.403827918662e-01
1.449972498625e+02,9.404549806449e-01
1.450072503625e+02,9.405389000143e-01
1.450172508625e+02,9.406345233524e-01
1.450272513626e+02,9.407418207845e-01
1.450372518626e+02,9.408607592029e-01
1.450472523626e+02,9.409913022869e-01
1.450572528626e+02,9.411334105269e-01
1.450672533627e+02,9.412870412483e-01
1.450772538627e+02,9.414521486392e-01
1.450872543627e+02,9.416286837781e-01
1.450972548627e+02,9.418165946653e-01
1.451072553628e+02,9.420158262541e-01
1.451172558628e+02,9.422263204853e-01
1.451272563628e+02,9.424480163229e-01
1.451372568628e+02,9.426808497908e-01
1.451472573629e+02,9.429247540119e-01
1.451572578629e+02,9.431796592485e-01
1.451672583629e+02,9.434454929439e-01
1.451772588629e+02,9.437221797659e-01
1.451872593630e+02,9.440096416511e-01
1.451972598630e+02,9.443077978512e-01
1.452072603630e+02,9.446165649799e-01
1.452172608630e+02,9.449358570614e-01
1.452272613631e+02,9.452655855803e-01
1.452372618631e+02,9.456056595317e-01
1.452472623631e+02,9.459559854731e-01
1.452572628631e+02,9.463164675774e-01
1.452672633632e+02,9.466870076860e-01
1.452772638632e+02,9.470675053634e-01
1.452872643632e+02,9.474578579525e-01
1.452972648632e+02,9.478579606303e-01
1.453072653633e+02,9.482677064648e-01
1.453172658633e+02,9.486869864719e-01
1.453272663633e+02,9.491156896734e-01
1.453372668633e+02,9.495537031551e-01
1.453472673634e+02,9.500009121254e-01
1.453572678634e+02,9.504571999747e-01
1.453672683634e+02,9.509224483341e-01
1.453772688634e+02,9.513965371355e-01
1.453872693635e+02,9.518793446711e-01
1.453972698635e+02,9.523707476534e-01
1.454072703635e+02,9.528706212753e-01
1.454172708635e+02,9.533788392696e-01
1.454272713636e+02,9.538952739698e-01
1.454372718636e+02,9.544197963691e-01
1.454472723636e+02,9.549522761808e-01
1.454572728636e+02,9.554925818976e-01
1.454672733637e+02,9.560405808510e-01
1.454772738637e+02,9.565961392704e-01
1.454872743637e+02,9.571591223417e-01
1.454972748637e+02,9.577293942658e-01
1.455072753638e+02,9.583068183167e-01
1.455172758638e+02,9.588912568987e-01
1.455272763638e+02,9.594825716034e-01
1.455372768638e+02,9.600806232668e-01
1.455472773639e+02,9.606852720245e-01
1.455572778639e+02,9.612963773672e-01
1.455672783639e+02,9.619137981958e-01
1.455772788639e+02,9.625373928750e-01
1.455872793640e+02,9.631670192867e-01
1.455972798640e+02,9.638025348828e-01
1.456072803640e+02,9.644437967369e-01
1.456172808640e+02,9.650906615952e-01
1.456272813641e+02,9.657429859273e-01
1.456372818641e+02,9.664006259752e-01
1.456472823641e+02,9.670634378021e-01
1.456572828641e+02,9.677312773401e-01
1.456672833642e+02,9.684040004371e-01
1.456772838642e+02,9.690814629028e-01
1.456872843642e+02,9.697635205540e-01
1.456972848642e+02,9.704500292581e-01
1.457072853643e+02,9.711408449772e-01
1.457172858643e+02,9.718358238097e-01
1.457272863643e+02,9.725348220320e-01
1.457372868643e+02,9.732376961387e-01
1.457472873644e+02,9.739443028820e-01
1.457572878644e+02,9.746544993104e-01
1.457672883644e+02,9.753681428059e-01
1.457772888644e+02,9.760850911205e-01
1.457872893645e+02,9.768052024119e-01
1.457972898645e+02,9.775283352780e-01
1.458072903645e+02,9.782543487902e-01
1.458172908645e+02,9.789831025264e-01
1.458272913646e+02,9.797144566022e-01
1.458372918646e+02,9.804482717021e-01
1.458472923646e+02,9.811844091086e-01
1.458572928646e+02,9.819227307313e-01
1.458672933647e+02,9.826630991346e-01
1.458772938647e+02,9.834053775644e-01
1.458872943647e+02,9.841494299745e-01
1.458972948647e+02,9.848951210509e-01
1.459072953648e+02,9.856423162363e-01
1.459172958648e+02,9.863908817533e-01
1.459272963648e+02,9.871406846262e-01
1.459372968648e+02,9.878915927030e-01
1.459472973649e+02,9.886434746756e-01
1.459572978649e+02,9.893962000993e-01
1.459672983649e+02,9.901496394119e-01
1.459772988649e+02,9.909036639514e-01
1.459872993650e+02,9.916581459734e-01
1.459972998650e+02,9.924129586672e-01
1.460073003650e+02,9.931679761715e-01
1.460173008650e+02,9.939230735889e-01
1.460273013651e+02,9.946781270005e-01
1.460373018651e+02,9.954330134782e-01
1.460473023651e+02,9.961876110982e-01
1.460573028651e+02,9.969417989520e-01
1.460673033652e+02,9.976954571580e-01
1.460773038652e+02,9.984484668716e-01
1.460873043652e+02,9.992007102949e-01
1.460973048652e+02,9.999520706862e-01
1.461073053653e+02,1.000702432368e+00
1.461173058653e+02,1.001451680734e+00
1.461273063653e+02,1.002199702259e+00
1.461373068653e+02,1.002946384501e+00
1.461473073654e+02,1.003691616113e+00
1.461573078654e+02,1.004435286843e+00
1.461673083654e+02,1.005177287542e+00
1.461773088654e+02,1.005917510167e+00
1.461873093655e+02,1.006655847786e+00
1.461973098655e+02,1.007392194581e+00
1.462073103655e+02,1.008126445848e+00
1.462173108655e+02,1.008858498005e+00
1.462273113656e+02,1.009588248590e+00
1.462373118656e+02,1.010315596262e+00
1.462473123656e+02,1.011040440804e+00
1.462573128656e+02,1.011762683125e+00
1.462673133657e+02,1.012482225254e+00
1.462773138657e+02,1.013198970348e+00
1.462873143657e+02,1.013912822685e+00
1.462973148657e+02,1.014623687668e+00
1.463073153658e+02,1.015331471817e+00
1.463173158658e+02,1.016036082777e+00
1.463273163658e+02,1.016737429308e+00
1.463373168658e+02,1.017435421286e+00
1.463473173659e+02,1.018129969701e+00
1.463573178659e+02,1.018820986652e+00
1.463673183659e+02,1.019508385347e+00
1.463773188659e+02,1.020192080097e+00
1.463873193660e+02,1.020871986315e+00
1.463973198660e+02,1.021548020509e+00
1.464073203660e+02,1.022220100282e+00
1.464173208660e+02,1.022888144323e+00
1.464273213661e+02,1.023552072407e+00
1.464373218661e+02,1.024211805388e+00
1.464473223661e+02,1.024867265194e+00
1.464573228661e+02,1.025518374826e+00
1.464673233662e+02,1.026165058345e+00
1.464773238662e+02,1.026807240876e+00
1.464873243662e+02,1.027444848594e+00
1.464973248662e+02,1.028077808725e+00
1.465073253663e+02,1.028706049537e+00
1.465173258663e+02,1.029329500336e+00
1.465273263663e+02,1.029948091457e+00
1.465373268663e+02,1.030561754262e+00
1.465473273664e+02,1.031170421131e+00
1.465573278664e+02,1.031774025457e+00
1.465673283664e+02,1.032372501640e+00
1.465773288664e+02,1.032965785080e+00
1.465873293665e+02,1.033553812170e+00
1.465973298665e+02,1.034136520293e+00
1.466073303665e+02,1.034713847809e+00
1.466173308665e+02,1.035285734056e+00
1.466273313666e+02,1.035852119337e+00
1.466373318666e+02,1.036412944919e+00
1.466473323666e+02,1.036968153020e+00
1.466573328666e+02,1.037517686810e+00
1.466673333667e+02,1.038061490397e+00
1.466773338667e+02,1.038599508825e+00
1.466873343667e+02,1.039131688066e+00
1.466973348667e+02,1.039657975012e+00
1.467073353668e+02,1.040178317472e+00
1.467173358668e+02,1.040692664159e+00
1.467273363668e+02,1.041200964692e+00
1.467373368668e+02,1.041703169581e+00
1.467473373669e+02,1.042199230225e+00
1.467573378669e+02,1.042689098905e+00
1.467673383669e+02,1.043172728778e+00
1.467773388669e+02,1.043650073867e+00
1.467873393670e+02,1.044121089057e+00
1.467973398670e+02,1.044585730092e+00
1.468073403670e+02,1.045043953562e+00
1.468173408670e+02,1.045495716900e+00
1.468273413671e+02,1.045940978377e+00
1.468373418671e+02,1.046379697093e+00
1.468473423671e+02,1.046811832974e+00
1.468573428671e+02,1.047237346763e+00
1.468673433672e+02,1.047656200015e+00
1.468773438672e+02,1.048068355091e+00
1.468873443672e+02,1.048473775152e+00
1.468973448672e+02,1.048872424156e+00
1.469073453673e+02,1.049264266846e+00
1.469173458673e+02,1.049649268750e+00
1.469273463673e+02,1.050027396174e+00
1.469373468673e+02,1.050398616194e+00
1.469473473674e+02,1.050762896654e+00
1.469573478674e+02,1.051120206158e+00
1.469673483674e+02,1.051470514067e+00
1.469773488674e+02,1.051813790492e+00
1.469873493675e+02,1.052150006290e+00
1.469973498675e+02,1.052479133057e+00
1.470073503675e+02,1.052801143128e+00
1.470173508675e+02,1.053116009565e+00
1.470273513676e+02,1.053423706158e+00
1.470373518676e+02,1.053724207420e+00
1.470473523676e+02,1.054017488577e+00
1.470573528676e+02,1.054303525572e+00
1.470673533677e+02,1.054582295054e+00
1.470773538677e+02,1.054853774375e+00
1.470873543677e+02,1.055117941589e+00
1.470973548677e+02,1.055374775444e+00
1.471073553678e+02,1.055624255382e+00
1.471173558678e+02,1.055866361531e+00
1.471273563678e+02,1.056101074703e+00
1.471373568678e+02,1.056328376394e+00
1.471473573679e+02,1.056548248775e+00
1.471573578679e+02,1.056760674689e+00
1.471673583679e+02,1.056965637653e+00
1.471773588679e+02,1.057163121849e+00
1.471873593680e+02,1.057353112126e+00
1.471973598680e+02,1.057535593990e+00
1.472073603680e+02,1.057710553608e+00
1.472173608680e+02,1.057877977804e+00
1.472273613681e+02,1.058037854053e+00
1.472373618681e+02,1.058190170481e+00
1.472473623681e+02,1.058334915861e+00
1.472573628681e+02,1.058472079613e+00
1.472673633682e+02,1.058601651802e+00
1.472773638682e+02,1.058723623132e+00
1.472873643682e+02,1.058837984946e+00
1.472973648682e+02,1.058944729228e+00
1.473073653683e+02,1.059043848594e+00
1.473173658683e+02,1.059135336298e+00
1.473273663683e+02,1.059219186223e+00
1.473373668683e+02,1.059295392885e+00
1.473473673684e+02,1.059363951431e+00
1.473573678684e+02,1.059424857636e+00
1.473673683684e+02,1.059478107901e+00
1.473773688684e+02,1.059523699256e+00
1.473873693685e+02,1.059561629355e+00
1.473973698685e+02,1.059591896480e+00
1.474073703685e+02,1.059614499535e+00
1.474173708685e+02,1.059629438048e+00
1.474273713686e+02,1.059636712171e+00
1.474373718686e+02,1.059636322681e+00
1.474473723686e+02,1.059628270975e+00
1.474573728686e+02,1.059612559075e+00
1.474673733687e+02,1.059589189627e+00
1.474773738687e+02,1.059558165897e+00
1.474873743687e+02,1.059519491778e+00
1.474973748687e+02,1.059473171786e+00
1.475073753688e+02,1.059419211058e+00
1.475173758688e+02,1.059357615362e+00
1.475273763688e+02,1.059288391086e+00
1.475373768688e+02,1.059211545248e+00
1.475473773689e+02,1.059127085492e+00
1.475573778689e+02,1.059035020092e+00
1.475673783689e+02,1.058935357950e+00
1.475773788689e+02,1.058828108599e+00
1.475873793690e+02,1.058713282206e+00
1.475973798690e+02,1.058590889569e+00
1.476073803690e+02,1.058460942125e+00
1.476173808690e+02,1.058323451944e+00
1.476273813691e+02,1.058178431738e+00
1.476373818691e+02,1.058025894859e+00
1.476473823691e+02,1.057865855301e+00
1.476573828691e+02,1.057698327704e+00
1.476673833692e+02,1.057523327354e+00
1.476773838692e+02,1.057340870187e+00
1.476873843692e+02,1.057150972791e+00
1.476973848692e+02,1.056953652410e+00
1.477073853693e+02,1.056748926941e+00
1.477173858693e+02,1.056536814946e+00
1.477273863693e+02,1.056317335646e+00
1.477373868693e+02,1.056090508928e+00
1.477473873694e+02,1.055856355350e+00
1.477573878694e+02,1.055614896139e+00
1.477673883694e+02,1.055366153200e+00
1.477773888694e+02,1.055110149114e+00
1.477873893695e+02,1.054846907144e+00
1.477973898695e+02,1.054576451240e+00
1.478073903695e+02,1.054298806040e+00
1.478173908695e+02,1.054013996874e+00
1.478273913696e+02,1.053722049771e+00
1.478373918696e+02,1.053422991457e+00
1.478473923696e+02,1.053116849365e+00
1.478573928696e+02,1.052803651635e+00
1.478673933697e+02,1.052483427121e+00
1.478773938697e+02,1.052156205393e+00
1.478873943697e+02,1.051822016742e+00
1.478973948697e+02,1.051480892186e+00
1.479073953698e+02,1.051132863470e+00
1.479173958698e+02,1.050777963077e+00
1.479273963698e+02,1.050416224228e+00
1.479373968698e+02,1.050047680887e+00
1.479473973699e+02,1.049672367769e+00
1.479573978699e+02,1.049290320341e+00
1.479673983699e+02,1.048901574828e+00
1.479773988699e+02,1.048506168221e+00
1.479873993700e+02,1.048104138278e+00
1.479973998700e+02,1.047695523530e+00
1.480074003700e+02,1.047280363288e+00
1.480174008700e+02,1.046858697647e+00
1.480274013701e+02,1.046430567492e+00
1.480374018701e+02,1.045996014501e+00
1.480474023701e+02,1.045555081154e+00
1.480574028701e+02,1.045107810737e+00
1.480674033702e+02,1.044654247343e+00
1.480774038702e+02,1.044194435887e+00
1.480874043702e+02,1.043728422103e+00
1.480974048702e+02,1.043256252553e+00
1.481074053703e+02,1.042777974633e+00
1.481174058703e+02,1.042293636577e+00
1.481274063703e+02,1.041803287465e+00
1.481374068703e+02,1.041306977225e+00
1.481474073704e+02,1.040804756644e+00
1.481574078704e+02,1.040296677368e+00
1.481674083704e+02,1.039782791911e+00
1.481774088704e+02,1.039263153663e+00
1.481874093705e+02,1.038737816888e+00
1.481974098705e+02,1.038206836738e+00
1.482074103705e+02,1.037670269254e+00
1.482174108705e+02,1.037128171372e+00
1.482274113706e+02,1.036580600932e+00
1.482374118706e+02,1.036027616679e+00
1.482474123706e+02,1.035469278271e+00
1.482574128706e+02,1.034905646285e+00
1.482674133707e+02,1.034336782221e+00
1.482774138707e+02,1.033762748509e+00
1.482874143707e+02,1.033183608513e+00
1.482974148707e+02,1.032599426537e+00
1.483074153708e+02,1.032010267831e+00
1.483174158708e+02,1.031416198595e+00
1.483274163708e+02,1.030817285984e+00
1.483374168708e+02,1.030213598114e+00
1.483474173709e+02,1.029605204067e+00
1.483574178709e+02,1.028992173895e+00
1.483674183709e+02,1.028374578625e+00
1.483774188709e+02,1.027752490263e+00
1.483874193710e+02,1.027125981800e+00
1.483974198710e+02,1.026495127215e+00
1.484074203710e+02,1.025860001481e+00
1.484174208710e+02,1.025220680564e+00
1.484274213711e+02,1.024577241436e+00
1.484374218711e+02,1.023929762068e+00
1.484474223711e+02,1.023278321443e+00
1.484574228711e+02,1.022622999552e+00
1.484674233712e+02,1.021963877402e+00
1.484774238712e+02,1.021301037017e+00
1.484874243712e+02,1.020634561441e+00
1.484974248712e+02,1.019964534741e+00
1.485074253713e+02,1.019291042007e+00
1.485174258713e+02,1.018614169358e+00
1.485274263713e+02,1.017934003941e+00
1.485374268713e+02,1.017250633932e+00
1.485474273714e+02,1.016564148540e+00
1.485574278714e+02,1.015874638004e+00
1.485674283714e+02,1.015182193598e+00
1.485774288714e+02,1.014486907628e+00
1.485874293715e+02,1.013788873434e+00
1.485974298715e+02,1.013088185389e+00
1.486074303715e+02,1.012384938896e+00
1.486174308715e+02,1.011679230393e+00
1.486274313716e+02,1.010971157343e+00
1.486374318716e+02,1.010260818242e+00
1.486474323716e+02,1.009548312607e+00
1.486574328716e+02,1.008833740981e+00
1.486674333717e+02,1.008117204927e+00
1.486774338717e+02,1.007398807023e+00
1.486874343717e+02,1.006678650861e+00
1.486974348717e+02,1.005956841040e+00
1.487074353718e+02,1.005233483165e+00
1.487174358718e+02,1.004508683837e+00
1.487274363718e+02,1.003782550649e+00
1.487374368718e+02,1.003055192182e+00
1.487474373719e+02,1.002326717994e+00
1.487574378719e+02,1.001597238615e+00
1.487674383719e+02,1.000866865539e+00
1.487774388719e+02,1.000135711217e+00
1.487874393720e+02,9.994038890417e-01
1.487974398720e+02,9.986715133459e-01
1.488074403720e+02,9.979386993866e-01
1.488174408720e+02,9.972055633360e-01
1.488274413721e+02,9.964722222697e-01
1.488374418721e+02,9.957387941546e-01
1.488474423721e+02,9.950053978356e-01
1.488574428721e+02,9.942721530225e-01
1.488674433722e+02,9.935391802756e-01
1.488774438722e+02,9.928066009905e-01
1.488874443722e+02,9.920745373828e-01
1.488974448722e+02,9.913431124717e-01
1.489074453723e+02,9.906124500626e-01
1.489174458723e+02,9.898826747296e-01
1.489274463723e+02,9.891539117968e-01
1.489374468723e+02,9.884262873186e-01
1.489474473724e+02,9.876999280603e-01
1.489574478724e+02,9.869749614766e-01
1.489674483724e+02,9.862515156901e-01
1.489774488724e+02,9.855297194687e-01
1.489874493725e+02,9.848097022025e-01
1.489974498725e+02,9.840915938795e-01
1.490074503725e+02,9.833755250608e-01
1.490174508725e+02,9.826616268548e-01
1.490274513726e+02,9.819500308904e-01
1.490374518726e+02,9.812408692899e-01
1.490474523726e+02,9.805342746406e-01
1.490574528726e+02,9.798303799655e-01
1.490674533727e+02,9.791293186937e-01
1.490774538727e+02,9.784312246292e-01
1.490874543727e+02,9.777362319196e-01
1.490974548727e+02,9.770444750234e-01
1.491074553728e+02,9.763560886766e-01
1.491174558728e+02,9.756712078587e-01
1.491274563728e+02,9.749899677574e-01
1.491374568728e+02,9.743125037330e-01
1.491474573729e+02,9.736389512816e-01
1.491574578729e+02,9.729694459973e-01
1.491674583729e+02,9.723041235343e-01
1.491774588729e+02,9.716431195674e-01
1.491874593730e+02,9.709865697521e-01
1.491974598730e+02,9.703346096839e-01
1.492074603730e+02,9.696873748568e-01
1.492174608730e+02,9.690450006207e-01
1.492274613731e+02,9.684076221387e-01
1.492374618731e+02,9.677753743432e-01
1.492474623731e+02,9.671483918913e-01
1.492574628731e+02,9.665268091195e-01
1.492674633732e+02,9.659107599981e-01
1.492774638732e+02,9.653003780843e-01
1.492874643732e+02,9.646957964753e-01
1.492974648732e+02,9.640971477601e-01
1.493074653733e+02,9.635045639716e-01
1.493174658733e+02,9.629181765373e-01
1.493274663733e+02,9.623381162296e-01
1.493374668733e+02,9.617645131163e-01
1.493474673734e+02,9.611974965098e-01
1.493574678734e+02,9.606371949159e-01
1.493674683734e+02,9.600837359832e-01
1.493774688734e+02,9.595372464503e-01
1.493874693735e+02,9.589978520949e-01
1.493974698735e+02,9.584656776802e-01
1.494074703735e+02,9.579408469034e-01
1.494174708735e+02,9.574234823417e-01
1.494274713736e+02,9.569137054003e-01
1.494374718736e+02,9.564116362581e-01
1.494474723736e+02,9.559173938153e-01
1.494574728736e+02,9.554310956392e-01
1.494674733737e+02,9.549528579114e-01
1.494774738737e+02,9.544827953740e-01
1.494874743737e+02,9.540210212765e-01
1.494974748737e+02,9.535676473222e-01
1.495074753738e+02,9.531227836157e-01
1.495174758738e+02,9.526865386098e-01
1.495274763738e+02,9.522590190527e-01
1.495374768738e+02,9.518403299362e-01
1.495474773739e+02,9.514305744436e-01
1.495574778739e+02,9.510298538979e-01
1.495674783739e+02,9.506382677116e-01
1.495774788739e+02,9.502559133352e-01
1.495874793740e+02,9.498828862082e-01
1.495974798740e+02,9.495192797091e-01
1.496074803740e+02,9.491651851074e-01
1.496174808740e+02,9.488206915151e-01
1.496274813741e+02,9.484858858400e-01
1.496374818741e+02,9.481608527392e-01
1.496474823741e+02,9.478456745738e-01
1.496574828741e+02,9.475404313644e-01
1.496674833742e+02,9.472452007474e-01
1.496774838742e+02,9.469600579329e-01
1.496874843742e+02,9.466850756629e-01
1.496974848742e+02,9.464203241715e-01
1.497074853743e+02,9.461658711452e-01
1.497174858743e+02,9.459217816855e-01
1.497274863743e+02,9.456881182723e-01
1.497374868743e+02,9.454649407281e-01
1.497474873744e+02,9.452523061847e-01
1.497574878744e+02,9.450502690503e-01
1.497674883744e+02,9.448588809781e-01
1.497774888744e+02,9.446781908373e-01
1.497874893745e+02,9.445082446846e-01
1.497974898745e+02,9.443490857372e-01
1.498074903745e+02,9.442007543488e-01
1.498174908745e+02,9.440632879850e-01
1.498274913746e+02,9.439367212023e-01
1.498374918746e+02,9.438210856279e-01
1.498474923746e+02,9.437164099408e-01
1.498574928746e+02,9.436227198558e-01
1.498674933747e+02,9.435400381079e-01
1.498774938747e+02,9.434683844393e-01
1.498874943747e+02,9.434077755881e-01
1.498974948747e+02,9.433582252786e-01
1.499074953748e+02,9.433197442130e-01
1.499174958748e+02,9.432923400660e-01
1.499274963748e+02,9.432760174802e-01
1.499374968748e+02,9.432707780637e-01
1.499474973749e+02,9.432766203896e-01
1.499574978749e+02,9.432935399972e-01
1.499674983749e+02,9.433215293950e-01
1.499774988749e+02,9.433605780658e-01
1.499874993750e+02,9.434106724730e-01
1.499974998750e+02,9.434717960696e-01
1.500075003750e+02,9.435439293082e-01
1.500175008750e+02,9.436270496531e-01
1.500275013751e+02,9.437211315941e-01
1.500375018751e+02,9.438261466624e-01
1.500475023751e+02,9.439420634476e-01
1.500575028751e+02,9.440688476168e-01
1.500675033752e+02,9.442064619354e-01
1.500775038752e+02,9.443548662895e-01
1.500875043752e+02,9.445140177095e-01
1.500975048752e+02,9.446838703963e-01
1.501075053753e+02,9.448643757481e-01
1.501175058753e+02,9.450554823890e-01
1.501275063753e+02,9.452571361994e-01
1.501375068753e+02,9.454692803475e-01
1.501475073754e+02,9.456918553223e-01
1.501575078754e+02,9.459247989681e-01
1.501675083754e+02,9.461680465205e-01
1.501775088754e+02,9.464215306428e-01
1.501875093755e+02,9.466851814651e-01
1.501975098755e+02,9.469589266232e-01
1.502075103755e+02,9.472426912995e-01
1.502175108755e+02,9.475363982648e-01
1.502275113756e+02,9.478399679209e-01
1.502375118756e+02,9.481533183448e-01
1.502475123756e+02,9.484763653331e-01
1.502575128756e+02,9.488090224481e-01
1.502675133757e+02,9.491512010641e-01
1.502775138757e+02,9.495028104147e-01
1.502875143757e+02,9.498637576414e-01
1.502975148757e+02,9.502339478418e-01
1.503075153758e+02,9.506132841197e-01
1.503175158758e+02,9.510016676347e-01
1.503275163758e+02,9.513989976532e-01
1.503375168758e+02,9.518051715995e-01
1.503475173759e+02,9.522200851071e-01
1.503575178759e+02,9.526436320710e-01
1.503675183759e+02,9.530757047000e-01
1.503775188759e+02,9.535161935693e-01
1.503875193760e+02,9.539649876732e-01
1.503975198760e+02,9.544219744785e-01
1.504075203760e+02,9.548870399775e-01
1.504175208760e+02,9.553600687414e-01
1.504275213761e+02,9.558409439738e-01
1.504375218761e+02,9.563295475637e-01
1.504475223761e+02,9.568257601394e-01
1.504575228761e+02,9.573294611214e-01
1.504675233762e+02,9.578405287757e-01
1.504775238762e+02,9.583588402668e-01
1.504875243762e+02,9.588842717103e-01
1.504975248762e+02,9.594166982256e-01
1.505075253763e+02,9.599559939884e-01
1.505175258763e+02,9.605020322821e-01
1.505275263763e+02,9.610546855497e-01
1.505375268763e+02,9.616138254451e-01
1.505475273764e+02,9.621793228834e-01
1.505575278764e+02,9.627510480919e-01
1.505675283764e+02,9.633288706592e-01
1.505775288764e+02,9.639126595850e-01
1.505875293765e+02,9.645022833285e-01
1.505975298765e+02,9.650976098571e-01
1.506075303765e+02,9.656985066932e-01
1.506175308765e+02,9.663048409618e-01
1.506275313766e+02,9.669164794368e-01
1.506375318766e+02,9.675332885861e-01
1.506475323766e+02,9.681551346170e-01
1.506575328766e+02,9.687818835205e-01
1.506675333767e+02,9.694134011147e-01
1.506775338767e+02,9.700495530872e-01
1.506875343767e+02,9.706902050379e-01
1.506975348767e+02,9.713352225198e-01
1.507075353768e+02,9.719844710792e-01
1.507175358768e+02,9.726378162962e-01
1.507275363768e+02,9.732951238228e-01
1.507375368768e+02,9.739562594213e-01
1.507475373769e+02,9.746210890016e-01
1.507575378769e+02,9.752894786574e-01
1.507675383769e+02,9.759612947022e-01
1.507775388769e+02,9.766364037035e-01
1.507875393770e+02,9.773146725171e-01
1.507975398770e+02,9.779959683200e-01
1.508075403770e+02,9.786801586428e-01
1.508175408770e+02,9.793671114009e-01
1.508275413771e+02,9.800566949249e-01
1.508375418771e+02,9.807487779907e-01
1.508475423771e+02,9.814432298479e-01
1.508575428771e+02,9.821399202482e-01
1.508675433772e+02,9.828387194721e-01
1.508775438772e+02,9.835394983558e-01
1.508875443772e+02,9.842421283159e-01
1.508975448772e+02,9.849464813752e-01
1.509075453773e+02,9.856524301854e-01
1.509175458773e+02,9.863598480509e-01
1.509275463773e+02,9.870686089508e-01
1.509375468773e+02,9.877785875606e-01
1.509475473774e+02,9.884896592722e-01
1.509575478774e+02,9.892017002147e-01
1.509675483774e+02,9.899145872729e-01
1.509775488774e+02,9.906281981060e-01
1.509875493775e+02,9.913424111649e-01
1.509975498775e+02,9.920571057094e-01
1.510075503775e+02,9.927721618244e-01
1.510175508775e+02,9.934874604350e-01
1.510275513776e+02,9.942028833215e-01
1.510375518776e+02,9.949183131335e-01
1.510475523776e+02,9.956336334032e-01
1.510575528776e+02,9.963487285581e-01
1.510675533777e+02,9.970634839331e-01
1.510775538777e+02,9.977777857819e-01
1.510875543777e+02,9.984915212878e-01
1.510975548777e+02,9.992045785739e-01
1.511075553778e+02,9.999168467127e-01
1.511175558778e+02,1.000628215735e+00
1.511275563778e+02,1.001338576639e+00
1.511375568778e+02,1.002047821396e+00
1.511475573779e+02,1.002755842960e+00
1.511575578779e+02,1.003462535275e+00
1.511675583779e+02,1.004167793279e+00
1.511775588779e+02,1.004871512909e+00
1.511875593780e+02,1.005573591111e+00
1.511975598780e+02,1.006273925839e+00
1.512075603780e+02,1.006972416064e+00
1.512175608780e+02,1.007668961775e+00
1.512275613781e+02,1.008363463982e+00
1.512375618781e+02,1.009055824723e+00
1.512475623781e+02,1.009745947061e+00
1.512575628781e+02,1.010433735089e+00
1.512675633782e+02,1.011119093935e+00
1.512775638782e+02,1.011801929755e+00
1.512875643782e+02,1.012482149743e+00
1.512975648782e+02,1.013159662125e+00
1.513075653783e+02,1.013834376163e+00
1.513175658783e+02,1.014506202154e+00
1.513275663783e+02,1.015175051429e+00
1.513375668783e+02,1.015840836354e+00
1.513475673784e+02,1.016503470326e+00
1.513575678784e+02,1.017162867776e+00
1.513675683784e+02,1.017818944162e+00
1.513775688784e+02,1.018471615973e+00
1.513875693785e+02,1.019120800723e+00
1.513975698785e+02,1.019766416952e+00
1.514075703785e+02,1.020408384218e+00
1.514175708785e+02,1.021046623102e+00
1.514275713786e+02,1.021681055198e+00
1.514375718786e+02,1.022311603112e+00
1.514475723786e+02,1.022938190463e+00
1.514575728786e+02,1.023560741873e+00
1.514675733787e+02,1.024179182966e+00
1.514775738787e+02,1.024793440365e+00
1.514875743787e+02,1.025403441689e+00
1.514975748787e+02,1.026009115545e+00
1.515075753788e+02,1.026610391525e+00
1.515175758788e+02,1.027207200205e+00
1.515275763788e+02,1.027799473136e+00
1.515375768788e+02,1.028387142841e+00
1.515475773789e+02,1.028970142812e+00
1.515575778789e+02,1.029548407500e+00
1.515675783789e+02,1.030121872318e+00
1.515775788789e+02,1.030690473628e+00
1.515875793790e+02,1.031254148739e+00
1.515975798790e+02,1.031812835905e+00
1.516075803790e+02,1.032366474313e+00
1.516175808790e+02,1.032915004084e+00
1.516275813791e+02,1.033458366264e+00
1.516375818791e+02,1.033996502818e+00
1.516475823791e+02,1.034529356628e+00
1.516575828791e+02,1.035056871484e+00
1.516675833792e+02,1.035578992081e+00
1.516775838792e+02,1.036095664011e+00
1.516875843792e+02,1.036606833758e+00
1.516975848792e+02,1.037112448695e+00
1.517075853793e+02,1.037612457074e+00
1.517175858793e+02,1.038106808025e+00
1.517275863793e+02,1.038595451545e+00
1.517375868793e+02,1.039078338497e+00
1.517475873794e+02,1.039555420602e+00
1.517575878794e+02,1.040026650435e+00
1.517675883794e+02,1.040491981416e+00
1.517775888794e+02,1.040951367809e+00
1.517875893795e+02,1.041404764713e+00
1.517975898795e+02,1.041852128057e+00
1.518075903795e+02,1.042293414595e+00
1.518175908795e+02,1.042728581902e+00
1.518275913796e+02,1.043157588364e+00
1.518375918796e+02,1.043580393179e+00
1.518475923796e+02,1.043996956344e+00
1.518575928796e+02,1.044407238658e+00
1.518675933797e+02,1.044811201709e+00
1.518775938797e+02,1.045208807873e+00
1.518875943797e+02,1.045600020310e+00
1.518975948797e+02,1.045984802954e+00
1.519075953798e+02,1.046363120511e+00
1.519175958798e+02,1.046734938455e+00
1.519275963798e+02,1.047100223021e+00
1.519375968798e+02,1.047458941200e+00
1.519475973799e+02,1.047811060737e+00
1.519575978799e+02,1.048156550121e+00
1.519675983799e+02,1.048495378585e+00
1.519775988799e+02,1.048827516100e+00
1.519875993800e+02,1.049152933371e+00
1.519975998800e+02,1.049471601828e+00
1.520076003800e+02,1.049783493629e+00
1.520176008800e+02,1.050088581650e+00
1.520276013801e+02,1.050386839484e+00
1.520376018801e+02,1.050678241434e+00
1.520476023801e+02,1.050962762511e+00
1.520576028801e+02,1.051240378429e+00
1.520676033802e+02,1.051511065602e+00
1.520776038802e+02,1.051774801138e+00
1.520876043802e+02,1.052031562840e+00
1.520976048802e+02,1.052281329195e+00
1.521076053803e+02,1.052524079378e+00
1.521176058803e+02,1.052759793243e+00
1.521276063803e+02,1.052988451323e+00
1.521376068803e+02,1.053210034823e+00
1.521476073804e+02,1.053424525621e+00
1.521576078804e+02,1.053631906264e+00
1.521676083804e+02,1.053832159962e+00
1.521776088804e+02,1.054025270586e+00
1.521876093805e+02,1.054211222670e+00
1.521976098805e+02,1.054390001400e+00
1.522076103805e+02,1.054561592620e+00
1.522176108805e+02,1.054725982822e+00
1.522276113806e+02,1.054883159148e+00
1.522376118806e+02,1.055033109386e+00
1.522476123806e+02,1.055175821968e+00
1.522576128806e+02,1.055311285970e+00
1.522676133807e+02,1.055439491105e+00
1.522776138807e+02,1.055560427725e+00
1.522876143807e+02,1.055674086820e+00
1.522976148807e+02,1.055780460012e+00
1.523076153808e+02,1.055879539555e+00
1.523176158808e+02,1.055971318337e+00
1.523276163808e+02,1.056055789875e+00
1.523376168808e+02,1.056132948311e+00
1.523476173809e+02,1.056202788419e+00
1.523576178809e+02,1.056265305595e+00
1.523676183809e+02,1.056320495861e+00
1.523776188809e+02,1.056368355865e+00
1.523876193810e+02,1.056408882874e+00
1.523976198810e+02,1.056442074782e+00
1.524076203810e+02,1.056467930100e+00
1.524176208810e+02,1.056486447963e+00
1.524276213811e+02,1.056497628126e+00
1.524376218811e+02,1.056501470965e+00
1.524476223811e+02,1.056497977474e+00
1.524576228811e+02,1.056487149269e+00
1.524676233812e+02,1.056468988585e+00
1.524776238812e+02,1.056443498278e+00
1.524876243812e+02,1.056410681823e+00
1.524976248812e+02,1.056370543315e+00
1.525076253813e+02,1.056323087470e+00
1.525176258813e+02,1.056268319628e+00
1.525276263813e+02,1.056206245747e+00
1.525376268813e+02,1.056136872409e+00
1.525476273814e+02,1.056060206821e+00
1.525576278814e+02,1.055976256810e+00
1.525676283814e+02,1.055885030832e+00
1.525776288814e+02,1.055786537967e+00
1.525876293815e+02,1.055680787924e+00
1.525976298815e+02,1.055567791038e+00
1.526076303815e+02,1.055447558277e+00
1.526176308815e+02,1.055320101238e+00
1.526276313816e+02,1.055185432153e+00
1.526376318816e+02,1.055043563886e+00
1.526476323816e+02,1.054894509939e+00
1.526576328816e+02,1.054738284453e+00
1.526676333817e+02,1.054574902207e+00
1.526776338817e+02,1.054404378623e+00
1.526876343817e+02,1.054226729769e+00
1.526976348817e+02,1.054041972356e+00
1.527076353818e+02,1.053850123747e+00
1.527176358818e+02,1.053651201954e+00
1.527276363818e+02,1.053445225643e+00
1.527376368818e+02,1.053232214138e+00
1.527476373819e+02,1.053012187420e+00
1.527576378819e+02,1.052785166132e+00
1.527676383819e+02,1.052551171581e+00
1.527776388819e+02,1.052310225743e+00
1.527876393820e+02,1.052062351262e+00
1.527976398820e+02,1.051807571457e+00
1.528076403820e+02,1.051545910324e+00
1.528176408820e+02,1.051277392538e+00
1.528276413821e+02,1.051002043457e+00
1.528376418821e+02,1.050719889125e+00
1.528476423821e+02,1.050430956279e+00
1.528576428821e+02,1.050135272346e+00
1.528676433822e+02,1.049832865453e+00
1.528776438822e+02,1.049523764425e+00
1.528876443822e+02,1.049207998795e+00
1.528976448822e+02,1.048885598803e+00
1.529076453823e+02,1.048556595400e+00
1.529176458823e+02,1.048221020256e+00
1.529276463823e+02,1.047878905760e+00
1.529376468823e+02,1.047530285027e+00
1.529476473824e+02,1.047175191898e+00
1.529576478824e+02,1.046813660949e+00
1.529676483824e+02,1.046445727493e+00
1.529776488824e+02,1.046071427584e+00
1.529876493825e+02,1.045690798022e+00
1.529976498825e+02,1.045303876359e+00
1.530076503825e+02,1.044910700898e+00
1.530176508825e+02,1.044511310705e+00
1.530276513826e+02,1.044105745609e+00
1.530376518826e+02,1.043694046206e+00
1.530476523826e+02,1.043276253866e+00
1.530576528826e+02,1.042852410737e+00
1.530676533827e+02,1.042422559749e+00
1.530776538827e+02,1.041986744620e+00
1.530876543827e+02,1.041545009859e+00
1.530976548827e+02,1.041097400771e+00
1.531076553828e+02,1.040643963465e+00
1.531176558828e+02,1.040184744854e+00
1.531276563828e+02,1.039719792663e+00
1.531376568828e+02,1.039249155432e+00
1.531476573829e+02,1.038772882522e+00
1.531576578829e+02,1.038291024121e+00
1.531676583829e+02,1.037803631245e+00
1.531776588829e+02,1.037310755746e+00
1.531876593830e+02,1.036812450317e+00
1.531976598830e+02,1.036308768493e+00
1.532076603830e+02,1.035799764662e+00
1.532176608830e+02,1.035285494062e+00
1.532276613831e+02,1.034766012793e+00
1.532376618831e+02,1.034241377817e+00
1.532476623831e+02,1.033711646964e+00
1.532576628831e+02,1.033176878937e+00
1.532676633832e+02,1.032637133315e+00
1.532776638832e+02,1.032092470559e+00
1.532876643832e+02,1.031542952017e+00
1.532976648832e+02,1.030988639927e+00
1.533076653833e+02,1.030429597418e+00
1.533176658833e+02,1.029865888522e+00
1.533276663833e+02,1.029297578172e+00
1.533376668833e+02,1.028724732205e+00
1.533476673834e+02,1.028147417372e+00
1.533576678834e+02,1.027565701337e+00
1.533676683834e+02,1.026979652681e+00
1.533776688834e+02,1.026389340906e+00
1.533876693835e+02,1.025794836440e+00
1.533976698835e+02,1.025196210638e+00
1.534076703835e+02,1.024593535786e+00
1.534176708835e+02,1.023986885104e+00
1.534276713836e+02,1.023376332749e+00
1.534376718836e+02,1.022761953817e+00
1.534476723836e+02,1.022143824346e+00
1.534576728836e+02,1.021522021318e+00
1.534676733837e+02,1.020896622659e+00
1.534776738837e+02,1.020267707247e+00
1.534876743837e+02,1.019635354906e+00
1.534976748837e+02,1.018999646413e+00
1.535076753838e+02,1.018360663495e+00
1.535176758838e+02,1.017718488834e+00
1.535276763838e+02,1.017073206066e+00
1.535376768838e+02,1.016424899781e+00
1.535476773839e+02,1.015773655520e+00
1.535576778839e+02,1.015119559784e+00
1.535676783839e+02,1.014462700025e+00
1.535776788839e+02,1.013803164646e+00
1.535876793840e+02,1.013141043008e+00
1.535976798840e+02,1.012476425417e+00
1.536076803840e+02,1.011809403131e+00
1.536176808840e+02,1.011140068357e+00
1.536276813841e+02,1.010468514244e+00
1.536376818841e+02,1.009794834884e+00
1.536476823841e+02,1.009119125309e+00
1.536576828841e+02,1.008441481486e+00
1.536676833842e+02,1.007762000315e+00
1.536776838842e+02,1.007080779622e+00
1.536876843842e+02,1.006397918158e+00
1.536976848842e+02,1.005713515590e+00
1.537076853843e+02,1.005027672497e+00
1.537176858843e+02,1.004340490368e+00
1.537276863843e+02,1.003652071587e+00
1.537376868843e+02,1.002962519434e+00
1.537476873844e+02,1.002271938073e+00
1.537576878844e+02,1.001580432548e+00
1.537676883844e+02,1.000888108769e+00
1.537776888844e+02,1.000195073509e+00
1.537876893845e+02,9.995014343905e-01
1.537976898845e+02,9.988072998764e-01
1.538076903845e+02,9.981127792606e-01
1.538176908845e+02,9.974179826560e-01
1.538276913846e+02,9.967230209828e-01
1.538376918846e+02,9.960280059561e-01
1.538476923846e+02,9.953330500736e-01
1.538576928846e+02,9.946382666016e-01
1.538676933847e+02,9.939437695608e-01
1.538776938847e+02,9.932496737123e-01
1.538876943847e+02,9.925560945412e-01
1.538976948847e+02,9.918631482416e-01
1.539076953848e+02,9.911709516992e-01
1.539176958848e+02,9.904796224744e-01
1.539276963848e+02,9.897892787841e-01
1.539376968848e+02,9.891000394832e-01
1.539476973849e+02,9.884120240449e-01
1.539576978849e+02,9.877253525411e-01
1.539676983849e+02,9.870401456214e-01
1.539776988849e+02,9.863565244917e-01
1.539876993850e+02,9.856746108919e-01
1.539976998850e+02,9.849945270733e-01
1.540077003850e+02,9.843163957746e-01
1.540177008850e+02,9.836403401979e-01
1.540277013851e+02,9.829664839837e-01
1.540377018851e+02,9.822949511847e-01
1.540477023851e+02,9.816258662396e-01
1.540577028851e+02,9.809593539457e-01
1.540677033852e+02,9.802955394311e-01
1.540777038852e+02,9.796345481255e-01
1.540877043852e+02,9.789765057313e-01
1.540977048852e+02,9.783215381930e-01
1.541077053853e+02,9.776697716664e-01
1.541177058853e+02,9.770213324867e-01
1.541277063853e+02,9.763763471367e-01
1.541377068853e+02,9.757349422128e-01
1.541477073854e+02,9.750972443919e-01
1.541577078854e+02,9.744633803966e-01
1.541677083854e+02,9.738334769596e-01
1.541777088854e+02,9.732076607884e-01
1.541877093855e+02,9.725860585282e-01
1.541977098855e+02,9.719687967247e-01
1.542077103855e+02,9.713560017862e-01
1.542177108855e+02,9.707477999450e-01
1.542277113856e+02,9.701443172179e-01
1.542377118856e+02,9.695456793666e-01
1.542477123856e+02,9.689520118571e-01
1.542577128856e+02,9.683634398187e-01
1.542677133857e+02,9.677800880022e-01
1.542777138857e+02,9.672020807379e-01
1.542877143857e+02,9.666295418925e-01
1.542977148857e+02,9.660625948264e-01
1.543077153858e+02,9.655013623494e-01
1.543177158858e+02,9.649459666770e-01
1.543277163858e+02,9.643965293854e-01
1.543377168858e+02,9.638531713665e-01
1.543477173859e+02,9.633160127826e-01
1.543577178859e+02,9.627851730204e-01
1.543677183859e+02,9.622607706451e-01
1.543777188859e+02,9.617429233536e-01
1.543877193860e+02,9.612317479280e-01
1.543977198860e+02,9.607273601888e-01
1.544077203860e+02,9.602298749474e-01
1.544177208860e+02,9.597394059588e-01
1.544277213861e+02,9.592560658744e-01
1.544377218861e+02,9.587799661941e-01
1.544477223861e+02,9.583112172189e-01
1.544577228861e+02,9.578499280030e-01
1.544677233862e+02,9.573962063063e-01
1.544777238862e+02,9.569501585467e-01
1.544877243862e+02,9.565118897525e-01
1.544977248862e+02,9.560815035152e-01
1.545077253863e+02,9.556591019421e-01
1.545177258863e+02,9.552447856094e-01
1.545277263863e+02,9.548386535151e-01
1.545377268863e+02,9.544408030331e-01
1.545477273864e+02,9.540513298667e-01
1.545577278864e+02,9.536703280027e-01
1.545677283864e+02,9.532978896664e-01
1.545777288864e+02,9.529341052768e-01
1.545877293865e+02,9.525790634019e-01
1.545977298865e+02,9.522328507151e-01
1.546077303865e+02,9.518955519522e-01
1.546177308865e+02,9.515672498686e-01
1.546277313866e+02,9.512480251975e-01
1.546377318866e+02,9.509379566091e-01
1.546477323866e+02,9.506371206697e-01
1.546577328866e+02,9.503455918027e-01
1.546677333867e+02,9.500634422499e-01
1.546777338867e+02,9.497907420333e-01
1.546877343867e+02,9.495275589189e-01
1.546977348867e+02,9.492739583805e-01
1.547077353868e+02,9.490300035650e-01
1.547177358868e+02,9.487957552587e-01
1.547277363868e+02,9.485712718548e-01
1.547377368868e+02,9.483566093218e-01
1.547477373869e+02,9.481518211730e-01
1.547577378869e+02,9.479569584379e-01
1.547677383869e+02,9.477720696340e-01
1.547777388869e+02,9.475972007402e-01
1.547877393870e+02,9.474323951720e-01
1.547977398870e+02,9.472776937568e-01
1.548077403870e+02,9.471331347123e-01
1.548177408870e+02,9.469987536247e-01
1.548277413871e+02,9.468745834290e-01
1.548377418871e+02,9.467606543912e-01
1.548477423871e+02,9.466569940909e-01
1.548577428871e+02,9.465636274065e-01
1.548677433872e+02,9.464805765009e-01
1.548777438872e+02,9.464078608097e-01
1.548877443872e+02,9.463454970300e-01
1.548977448872e+02,9.462934991115e-01
1.549077453873e+02,9.462518782486e-01
1.549177458873e+02,9.462206428747e-01
1.549277463873e+02,9.461997986574e-01
1.549377468873e+02,9.461893484958e-01
1.549477473874e+02,9.461892925188e-01
1.549577478874e+02,9.461996280861e-01
1.549677483874e+02,9.462203497893e-01
1.549777488874e+02,9.462514494559e-01
1.549877493875e+02,9.462929161541e-01
1.549977498875e+02,9.463447361994e-01
1.550077503875e+02,9.464068931630e-01
1.550177508875e+02,9.464793678813e-01
1.550277513876e+02,9.465621384672e-01
1.550377518876e+02,9.466551803234e-01
1.550477523876e+02,9.467584661559e-01
1.550577528876e+02,9.468719659907e-01
1.550677533877e+02,9.469956471905e-01
1.550777538877e+02,9.471294744740e-01
1.550877543877e+02,9.472734099356e-01
1.550977548877e+02,9.474274130675e-01
1.551077553878e+02,9.475914407822e-01
1.551177558878e+02,9.477654474376e-01
1.551277563878e+02,9.479493848620e-01
1.551377568878e+02,9.481432023815e-01
1.551477573879e+02,9.483468468482e-01
1.551577578879e+02,9.485602626696e-01
1.551677583879e+02,9.487833918394e-01
1.551777588879e+02,9.490161739695e-01
1.551877593880e+02,9.492585463226e-01
1.551977598880e+02,9.495104438468e-01
1.552077603880e+02,9.497717992102e-01
1.552177608880e+02,9.500425428376e-01
1.552277613881e+02,9.503226029471e-01
1.552377618881e+02,9.506119055886e-01
1.552477623881e+02,9.509103746823e-01
1.552577628881e+02,9.512179320589e-01
1.552677633882e+02,9.515344974999e-01
1.552777638882e+02,9.518599887791e-01
1.552877643882e+02,9.521943217047e-01
1.552977648882e+02,9.525374101618e-01
1.553077653883e+02,9.528891661560e-01
1.553177658883e+02,9.532494998573e-01
1.553277663883e+02,9.536183196446e-01
1.553377668883e+02,9.539955321506e-01
1.553477673884e+02,9.543810423075e-01
1.553577678884e+02,9.547747533925e-01
1.553677683884e+02,9.551765670744e-01
1.553777688884e+02,9.555863834599e-01
1.553877693885e+02,9.560041011405e-01
1.553977698885e+02,9.564296172396e-01
1.554077703885e+02,9.568628274598e-01
1.554177708885e+02,9.573036261301e-01
1.554277713886e+02,9.577519062539e-01
1.554377718886e+02,9.582075595562e-01
1.554477723886e+02,9.586704765312e-01
1.554577728886e+02,9.591405464904e-01
1.554677733887e+02,9.596176576098e-01
1.554777738887e+02,9.601016969776e-01
1.554877743887e+02,9.605925506414e-01
1.554977748887e+02,9.610901036559e-01
1.555077753888e+02,9.615942401294e-01
1.555177758888e+02,9.621048432711e-01
1.555277763888e+02,9.626217954376e-01
1.555377768888e+02,9.631449781791e-01
1.555477773889e+02,9.636742722855e-01
1.555577778889e+02,9.642095578320e-01
1.555677783889e+02,9.647507142244e-01
1.555777788889e+02,9.652976202443e-01
1.555877793890e+02,9.658501540930e-01
1.555977798890e+02,9.664081934360e-01
1.556077803890e+02,9.669716154463e-01
1.556177808890e+02,9.675402968477e-01
1.556277813891e+02,9.681141139569e-01
1.556377818891e+02,9.686929427261e-01
1.556477823891e+02,9.692766587839e-01
1.556577828891e+02,9.698651374762e-01
1.556677833892e+02,9.704582539071e-01
1.556777838892e+02,9.710558829776e-01
1.556877843892e+02,9.716578994254e-01
1.556977848892e+02,9.722641778629e-01
1.557077853893e+02,9.728745928150e-01
1.557177858893e+02,9.734890187563e-01
1.557277863893e+02,9.741073301473e-01
1.557377868893e+02,9.747294014702e-01
1.557477873894e+02,9.753551072640e-01
1.557577878894e+02,9.759843221585e-01
1.557677883894e+02,9.766169209085e-01
1.557777888894e+02,9.772527784259e-01
1.557877893895e+02,9.778917698125e-01
1.557977898895e+02,9.785337703910e-01
1.558077903895e+02,9.791786557360e-01
1.558177908895e+02,9.798263017038e-01
1.558277913896e+02,9.804765844617e-01
1.558377918896e+02,9.811293805165e-01
1.558477923896e+02,9.817845667423e-01
1.558577928896e+02,9.824420204074e-01
1.558677933897e+02,9.831016192005e-01
1.558777938897e+02,9.837632412568e-01
1.558877943897e+02,9.844267651823e-01
1.558977948897e+02,9.850920700779e-01
1.559077953898e+02,9.857590355631e-01
1.559177958898e+02,9.864275417987e-01
1.559277963898e+02,9.870974695082e-01
1.559377968898e+02,9.877686999997e-01
1.559477973899e+02,9.884411151859e-01
1.559577978899e+02,9.891145976045e-01
1.559677983899e+02,9.897890304369e-01
1.559777988899e+02,9.904642975267e-01
1.559877993900e+02,9.911402833978e-01
1.559977998900e+02,9.918168732714e-01
1.560078003900e+02,9.924939530822e-01
1.560178008900e+02,9.931714094946e-01
1.560278013901e+02,9.938491299179e-01
1.560378018901e+02,9.945270025206e-01
1.560478023901e+02,9.952049162443e-01
1.560578028901e+02,9.958827608174e-01
1.560678033902e+02,9.965604267674e-01
1.560778038902e+02,9.972378054335e-01
1.560878043902e+02,9.979147889777e-01
1.560978048902e+02,9.985912703960e-01
1.561078053903e+02,9.992671435288e-01
1.561178058903e+02,9.999423030708e-01
1.561278063903e+02,1.000616644581e+00
1.561378068903e+02,1.001290064489e+00
1.561478073904e+02,1.001962460107e+00
1.561578078904e+02,1.002633729635e+00
1.561678083904e+02,1.003303772169e+00
1.561778088904e+02,1.003972487707e+00
1.561878093905e+02,1.004639777158e+00
1.561978098905e+02,1.005305542344e+00
1.562078103905e+02,1.005969686007e+00
1.562178108905e+02,1.006632111817e+00
1.562278113906e+02,1.007292724371e+00
1.562378118906e+02,1.007951429203e+00
1.562478123906e+02,1.008608132782e+00
1.562578128906e+02,1.009262742520e+00
1.562678133907e+02,1.009915166775e+00
1.562778138907e+02,1.010565314848e+00
1.562878143907e+02,1.011213096992e+00
1.562978148907e+02,1.011858424412e+00
1.563078153908e+02,1.012501209262e+00
1.563178158908e+02,1.013141364655e+00
1.563278163908e+02,1.013778804655e+00
1.563378168908e+02,1.014413444284e+00
1.563478173909e+02,1.015045199518e+00
1.563578178909e+02,1.015673987292e+00
1.563678183909e+02,1.016299725494e+00
1.563778188909e+02,1.016922332969e+00
1.563878193910e+02,1.017541729517e+00
1.563978198910e+02,1.018157835890e+00
1.564078203910e+02,1.018770573795e+00
1.564178208910e+02,1.019379865888e+00
1.564278213911e+02,1.019985635775e+00
1.564378218911e+02,1.020587808010e+00
1.564478223911e+02,1.021186308093e+00
1.564578228911e+02,1.021781062467e+00
1.564678233912e+02,1.022371998513e+00
1.564778238912e+02,1.022959044556e+00
1.564878243912e+02,1.023542129851e+00
1.564978248912e+02,1.024121184589e+00
1.565078253913e+02,1.024696139889e+00
1.565178258913e+02,1.025266927796e+00
1.565278263913e+02,1.025833481279e+00
1.565378268913e+02,1.026395734225e+00
1.565478273914e+02,1.026953621438e+00
1.565578278914e+02,1.027507078633e+00
1.565678283914e+02,1.028056042434e+00
1.565778288914e+02,1.028600450369e+00
1.565878293915e+02,1.029140240866e+00
1.565978298915e+02,1.029675353248e+00
1.566078303915e+02,1.030205727733e+00
1.566178308915e+02,1.030731305424e+00
1.566278313916e+02,1.031252028308e+00
1.566378318916e+02,1.031767839250e+00
1.566478323916e+02,1.032278681991e+00
1.566578328916e+02,1.032784501141e+00
1.566678333917e+02,1.033285242175e+00
1.566778338917e+02,1.033780851428e+00
1.566878343917e+02,1.034271276094e+00
1.566978348917e+02,1.034756464215e+00
1.567078353918e+02,1.035236364680e+00
1.567178358918e+02,1.035710927223e+00
1.567278363918e+02,1.036180102410e+00
1.567378368918e+02,1.036643841645e+00
1.567478373919e+02,1.037102097154e+00
1.567578378919e+02,1.037554821990e+00
1.567678383919e+02,1.038001970022e+00
1.567778388919e+02,1.038443495933e+00
1.567878393920e+02,1.038879355213e+00
1.567978398920e+02,1.039309504157e+00
1.568078403920e+02,1.039733899858e+00
1.568178408920e+02,1.040152500203e+00
1.568278413921e+02,1.040565263871e+00
1.568378418921e+02,1.040972150320e+00
1.568478423921e+02,1.041373119795e+00
1.568578428921e+02,1.041768133310e+00
1.568678433922e+02,1.042157152653e+00
1.568778438922e+02,1.042540140378e+00
1.568878443922e+02,1.042917059800e+00
1.568978448922e+02,1.043287874990e+00
1.569078453923e+02,1.043652550773e+00
1.569178458923e+02,1.044011052723e+00
1.569278463923e+02,1.044363347154e+00
1.569378468923e+02,1.044709401124e+00
1.569478473924e+02,1.045049182423e+00
1.569578478924e+02,1.045382659572e+00
1.569678483924e+02,1.045709801820e+00
1.569778488924e+02,1.046030579139e+00
1.569878493925e+02,1.046344962217e+00
1.569978498925e+02,1.046652922459e+00
1.570078503925e+02,1.046954431979e+00
1.570178508925e+02,1.047249463600e+00
1.570278513926e+02,1.047537990844e+00
1.570378518926e+02,1.047819987935e+00
1.570478523926e+02,1.048095429793e+00
1.570578528926e+02,1.048364292028e+00
1.570678533927e+02,1.048626550939e+00
1.570778538927e+02,1.048882183510e+00
1.570878543927e+02,1.049131167406e+00
1.570978548927e+02,1.049373480972e+00
1.571078553928e+02,1.049609103224e+00
1.571178558928e+02,1.049838013855e+00
1.571278563928e+02,1.050060193222e+00
1.571378568928e+02,1.050275622351e+00
1.571478573929e+02,1.050484282929e+00
1.571578578929e+02,1.050686157302e+00
1.571678583929e+02,1.050881228477e+00
1.571778588929e+02,1.051069480111e+00
1.571878593930e+02,1.051250896515e+00
1.571978598930e+02,1.051425462651e+00
1.572078603930e+02,1.051593164124e+00
1.572178608930e+02,1.051753987187e+00
1.572278613931e+02,1.051907918734e+00
1.572378618931e+02,1.052054946299e+00
1.572478623931e+02,1.052195058054e+00
1.572578628931e+02,1.052328242808e+00
1.572678633932e+02,1.052454490004e+00
1.572778638932e+02,1.052573789717e+00
1.572878643932e+02,1.052686132653e+00
1.572978648932e+02,1.052791510145e+00
1.573078653933e+02,1.052889914157e+00
1.573178658933e+02,1.052981337276e+00
1.573278663933e+02,1.053065772716e+00
1.573378668933e+02,1.053143214312e+00
1.573478673934e+02,1.053213656522e+00
1.573578678934e+02,1.053277094427e+00
1.573678683934e+02,1.053333523724e+00
1.573778688934e+02,1.053382940734e+00
1.573878693935e+02,1.053425342391e+00
1.573978698935e+02,1.053460726251e+00
1.574078703935e+02,1.053489090485e+00
1.574178708935e+02,1.053510433880e+00
1.574278713936e+02,1.053524755840e+00
1.574378718936e+02,1.053532056383e+00
1.574478723936e+02,1.053532336144e+00
1.574578728936e+02,1.053525596372e+00
1.574678733937e+02,1.053511838932e+00
1.574778738937e+02,1.053491066302e+00
1.574878743937e+02,1.053463281576e+00
1.574978748937e+02,1.053428488463e+00
1.575078753938e+02,1.053386691290e+00
1.575178758938e+02,1.053337894995e+00
1.575278763938e+02,1.053282105137e+00
1.575378768938e+02,1.053219327888e+00
1.575478773939e+02,1.053149570040e+00
1.575578778939e+02,1.053072839002e+00
1.575678783939e+02,1.052989142802e+00
1.575778788939e+02,1.052898490089e+00
1.575878793940e+02,1.052800890130e+00
1.575978798940e+02,1.052696352818e+00
1.576078803940e+02,1.052584888664e+00
1.576178808940e+02,1.052466508808e+00
1.576278813941e+02,1.052341225013e+00
1.576378818941e+02,1.052209049669e+00
1.576478823941e+02,1.052069995795e+00
1.576578828941e+02,1.051924077041e+00
1.576678833942e+02,1.051771307687e+00
1.576778838942e+02,1.051611702648e+00
1.576878843942e+02,1.051445277473e+00
1.576978848942e+02,1.051272048349e+00
1.577078853943e+02,1.051092032101e+00
1.577178858943e+02,1.050905246198e+00
1.577278863943e+02,1.050711708750e+00
1.577378868943e+02,1.050511438512e+00
1.577478873944e+02,1.050304454891e+00
1.577578878944e+02,1.050090777939e+00
1.577678883944e+02,1.049870428365e+00
1.577778888944e+02,1.049643427531e+00
1.577878893945e+02,1.049409797458e+00
1.577978898945e+02,1.049169560826e+00
1.578078903945e+02,1.048922740982e+00
1.578178908945e+02,1.048669361934e+00
1.578278913946e+02,1.048409448364e+00
1.578378918946e+02,1.048143025622e+00
1.578478923946e+02,1.047870119735e+00
1.578578928946e+02,1.047590757409e+00
1.578678933947e+02,1.047304966028e+00
1.578778938947e+02,1.047012773665e+00
1.578878943947e+02,1.046714209075e+00
1.578978948947e+02,1.046409301709e+00
1.579078953948e+02,1.046098081711e+00
1.579178958948e+02,1.045780579920e+00
1.579278963948e+02,1.045456827880e+00
1.579378968948e+02,1.045126857838e+00
1.579478973949e+02,1.044790702750e+00
1.579578978949e+02,1.044448396284e+00
1.579678983949e+02,1.044099972822e+00
1.579778988949e+02,1.043745467468e+00
1.579878993950e+02,1.043384916047e+00
1.579978998950e+02,1.043018355113e+00
1.580079003950e+02,1.042645821949e+00
1.580179008950e+02,1.042267354574e+00
1.580279013951e+02,1.041882991744e+00
1.580379018951e+02,1.041492772958e+00
1.580479023951e+02,1.041096738462e+00
1.580579028951e+02,1.040694929252e+00
1.580679033952e+02,1.040287387077e+00
1.580779038952e+02,1.039874154448e+00
1.580879043952e+02,1.039455274633e+00
1.580979048952e+02,1.039030791671e+00
1.581079053953e+02,1.038600750369e+00
1.581179058953e+02,1.038165196309e+00
1.581279063953e+02,1.037724175850e+00
1.581379068953e+02,1.037277736136e+00
1.581479073954e+02,1.036825925095e+00
1.581579078954e+02,1.036368791448e+00
1.581679083954e+02,1.035906384707e+00
1.581779088954e+02,1.035438755186e+00
1.581879093955e+02,1.034965953999e+00
1.581979098955e+02,1.034488033066e+00
1.582079103955e+02,1.034005045119e+00
1.582179108955e+02,1.033517043702e+00
1.582279113956e+02,1.033024083179e+00
1.582379118956e+02,1.032526218734e+00
1.582479123956e+02,1.032023506376e+00
1.582579128956e+02,1.031516002943e+00
1.582679133957e+02,1.031003766106e+00
1.582779138957e+02,1.030486854372e+00
1.582879143957e+02,1.029965327087e+00
1.582979148957e+02,1.029439244441e+00
1.583079153958e+02,1.028908667468e+00
1.583179158958e+02,1.028373658053e+00
1.583279163958e+02,1.027834278933e+00
1.583379168958e+02,1.027290593700e+00
1.583479173959e+02,1.026742666805e+00
1.583579178959e+02,1.026190563560e+00
1.583679183959e+02,1.025634350139e+00
1.583779188959e+02,1.025074093585e+00
1.583879193960e+02,1.024509861809e+00
1.583979198960e+02,1.023941723592e+00
1.584079203960e+02,1.023369748588e+00
1.584179208960e+02,1.022794007329e+00
1.584279213961e+02,1.022214571219e+00
1.584379218961e+02,1.021631512546e+00
1.584479223961e+02,1.021044904473e+00
1.584579228961e+02,1.020454821048e+00
1.584679233962e+02,1.019861337200e+00
1.584779238962e+02,1.019264528742e+00
1.584879243962e+02,1.018664472369e+00
1.584979248962e+02,1.018061245663e+00
1.585079253963e+02,1.017454927089e+00
1.585179258963e+02,1.016845595998e+00
1.585279263963e+02,1.016233332625e+00
1.585379268963e+02,1.015618218088e+00
1.585479273964e+02,1.015000334391e+00
1.585579278964e+02,1.014379764418e+00
1.585679283964e+02,1.013756591936e+00
1.585779288964e+02,1.013130901589e+00
1.585879293965e+02,1.012502778901e+00
1.585979298965e+02,1.011872310271e+00
1.586079303965e+02,1.011239582971e+00
1.586179308965e+02,1.010604685143e+00
1.586279313966e+02,1.009967705798e+00
1.586379318966e+02,1.009328734808e+00
1.586479323966e+02,1.008687862908e+00
1.586579328966e+02,1.008045181686e+00
1.586679333967e+02,1.007400783585e+00
1.586779338967e+02,1.006754761891e+00
1.586879343967e+02,1.006107210733e+00
1.586979348967e+02,1.005458225076e+00
1.587079353968e+02,1.004807900712e+00
1.587179358968e+02,1.004156334260e+00
1.587279363968e+02,1.003503623151e+00
1.587379368968e+02,1.002849865627e+00
1.587479373969e+02,1.002195160731e+00
1.587579378969e+02,1.001539608296e+00
1.587679383969e+02,1.000883308943e+00
1.587779388969e+02,1.000226364064e+00
1.587879393970e+02,9.995688758174e-01
1.587979398970e+02,9.989109471169e-01
1.588079403970e+02,9.982526816196e-01
1.588179408970e+02,9.975941837159e-01
1.588279413971e+02,9.969355585170e-01
1.588379418971e+02,9.962769118436e-01
1.588479423971e+02,9.956183502120e-01
1.588579428971e+02,9.949599808219e-01
1.588679433972e+02,9.943019115415e-01
1.588779438972e+02,9.936442508939e-01
1.588879443972e+02,9.929871080414e-01
1.588979448972e+02,9.923305927706e-01
1.589079453973e+02,9.916748154755e-01
1.589179458973e+02,9.910198871413e-01
1.589279463973e+02,9.903659193267e-01
1.589379468973e+02,9.897130241462e-01
1.589479473974e+02,9.890613142514e-01
1.589579478974e+02,9.884109028115e-01
1.589679483974e+02,9.877619034942e-01
1.589779488974e+02,9.871144304445e-01
1.589879493975e+02,9.864685982643e-01
1.589979498975e+02,9.858245219902e-01
1.590079503975e+02,9.851823170714e-01
1.590179508975e+02,9.845420993468e-01
1.590279513976e+02,9.839039850213e-01
1.590379518976e+02,9.832680906412e-01
1.590479523976e+02,9.826345330703e-01
1.590579528976e+02,9.820034294630e-01
1.590679533977e+02,9.813748972395e-01
1.590779538977e+02,9.807490540579e-01
1.590879543977e+02,9.801260177873e-01
1.590979548977e+02,9.795059064796e-01
1.591079553978e+02,9.788888383407e-01
1.591179558978e+02,9.782749317011e-01
1.591279563978e+02,9.776643049862e-01
1.591379568978e+02,9.770570766853e-01
1.591479573979e+02,9.764533653205e-01
1.591579578979e+02,9.758532894150e-01
1.591679583979e+02,9.752569674606e-01
1.591779588979e+02,9.746645178845e-01
1.591879593980e+02,9.740760590158e-01
1.591979598980e+02,9.734917090515e-01
1.592079603980e+02,9.729115860214e-01
1.592179608980e+02,9.723358077528e-01
1.592279613981e+02,9.717644918352e-01
1.592379618981e+02,9.711977555832e-01
1.592479623981e+02,9.706357159999e-01
1.592579628981e+02,9.700784897399e-01
1.592679633982e+02,9.695261930708e-01
1.592779638982e+02,9.689789418351e-01
1.592879643982e+02,9.684368514120e-01
1.592979648982e+02,9.679000366771e-01
1.593079653983e+02,9.673686119638e-01
1.593179658983e+02,9.668426910230e-01
1.593279663983e+02,9.663223869824e-01
1.593379668983e+02,9.658078123064e-01
1.593479673984e+02,9.652990787547e-01
1.593579678984e+02,9.647962973411e-01
1.593679683984e+02,9.642995782922e-01
1.593779688984e+02,9.638090310051e-01
1.593879693985e+02,9.633247640060e-01
1.593979698985e+02,9.628468849075e-01
1.594079703985e+02,9.623755003664e-01
1.594179708985e+02,9.619107160416e-01
1.594279713986e+02,9.614526365510e-01
1.594379718986e+02,9.610013654292e-01
1.594479723986e+02,9.605570050845e-01
1.594579728986e+02,9.601196567570e-01
1.594679733987e+02,9.596894204749e-01
1.594779738987e+02,9.592663950129e-01
1.594879743987e+02,9.588506778491e-01
1.594979748987e+02,9.584423651231e-01
1.595079753988e+02,9.580415515935e-01
1.595179758988e+02,9.576483305963e-01
1.595279763988e+02,9.572627940028e-01
1.595379768988e+02,9.568850321786e-01
1.595479773989e+02,9.565151339423e-01
1.595579778989e+02,9.561531865248e-01
1.595679783989e+02,9.557992755286e-01
1.595779788989e+02,9.554534848885e-01
1.595879793990e+02,9.551158968316e-01
1.595979798990e+02,9.547865918388e-01
1.596079803990e+02,9.544656486059e-01
1.596179808990e+02,9.541531440060e-01
1.596279813991e+02,9.538491530525e-01
1.596379818991e+02,9.535537488620e-01
1.596479823991e+02,9.532670026190e-01
1.596579828991e+02,9.529889835404e-01
1.596679833992e+02,9.527197588410e-01
1.596779838992e+02,9.524593937003e-01
1.596879843992e+02,9.522079512295e-01
1.596979848992e+02,9.519654924396e-01
1.597079853993e+02,9.517320762104e-01
1.597179858993e+02,9.515077592608e-01
1.597279863993e+02,9.512925961191e-01
1.597379868993e+02,9.510866390953e-01
1.597479873994e+02,9.508899382542e-01
1.597579878994e+02,9.507025413890e-01
1.597679883994e+02,9.505244939966e-01
1.597779888994e+02,9.503558392540e-01
1.597879893995e+02,9.501966179953e-01
1.597979898995e+02,9.500468686904e-01
1.598079903995e+02,9.499066274248e-01
1.598179908995e+02,9.497759278804e-01
1.598279913996e+02,9.496548013178e-01
1.598379918996e+02,9.495432765598e-01
1.598479923996e+02,9.494413799756e-01
1.598579928996e+02,9.493491354677e-01
1.598679933997e+02,9.492665644585e-01
1.598779938997e+02,9.491936858791e-01
1.598879943997e+02,9.491305161596e-01
1.598979948997e+02,9.490770692202e-01
1.599079953998e+02,9.490333564640e-01
1.599179958998e+02,9.489993867708e-01
1.599279963998e+02,9.489751664931e-01
1.599379968998e+02,9.489606994524e-01
1.599479973999e+02,9.489559869380e-01
1.599579978999e+02,9.489610277061e-01
1.599679983999e+02,9.489758179809e-01
1.599779988999e+02,9.490003514575e-01
1.599879994000e+02,9.490346193048e-01
1.599979999000e+02,9.490786101717e-01
1.600080004000e+02,9.491323101928e-01
1.600180009000e+02,9.491957029968e-01
1.600280014001e+02,9.492687697154e-01
1.600380019001e+02,9.493514889943e-01
1.600480024001e+02,9.494438370050e-01
1.600580029001e+02,9.495457874579e-01
1.600680034002e+02,9.496573116173e-01
1.600780039002e+02,9.497783783165e-01
1.600880044002e+02,9.499089539760e-01
1.600980049002e+02,9.500490026210e-01
1.601080054003e+02,9.501984859013e-01
1.601180059003e+02,9.503573631122e-01
1.601280064003e+02,9.505255912166e-01
1.601380069003e+02,9.507031248679e-01
1.601480074004e+02,9.508899164344e-01
1.601580079004e+02,9.510859160247e-01
1.601680084004e+02,9.512910715141e-01
1.601780089004e+02,9.515053285725e-01
1.601880094005e+02,9.517286306922e-01
1.601980099005e+02,9.519609192181e-01
1.602080104005e+02,9.522021333781e-01
1.602180109005e+02,9.524522103138e-01
1.602280114006e+02,9.527110851137e-01
1.602380119006e+02,9.529786908458e-01
1.602480124006e+02,9.532549585916e-01
1.602580129006e+02,9.535398174810e-01
1.602680134007e+02,9.538331947276e-01
1.602780139007e+02,9.541350156649e-01
1.602880144007e+02,9.544452037832e-01
1.602980149007e+02,9.547636807671e-01
1.603080154008e+02,9.550903665337e-01
1.603180159008e+02,9.554251792709e-01
1.603280164008e+02,9.557680354770e-01
1.603380169008e+02,9.561188500000e-01
1.603480174009e+02,9.564775360780e-01
1.603580179009e+02,9.568440053794e-01
1.603680184009e+02,9.572181680441e-01
1.603780189009e+02,9.575999327247e-01
1.603880194010e+02,9.579892066278e-01
1.603980199010e+02,9.583858955558e-01
1.604080204010e+02,9.587899039494e-01
1.604180209010e+02,9.592011349290e-01
1.604280214011e+02,9.596194903380e-01
1.604380219011e+02,9.600448707844e-01
1.604480224011e+02,9.604771756839e-01
1.604580229011e+02,9.609163033026e-01
1.604680234012e+02,9.613621507992e-01
1.604780239012e+02,9.618146142679e-01
1.604880244012e+02,9.622735887809e-01
1.604980249012e+02,9.627389684311e-01
1.605080254013e+02,9.632106463743e-01
1.605180259013e+02,9.636885148713e-01
1.605280264013e+02,9.641724653303e-01
1.605380269013e+02,9.646623883487e-01
1.605480274014e+02,9.651581737547e-01
1.605580279014e+02,9.656597106487e-01
1.605680284014e+02,9.661668874445e-01
1.605780289014e+02,9.666795919101e-01
1.605880294015e+02,9.671977112082e-01
1.605980299015e+02,9.677211319366e-01
1.606080304015e+02,9.682497401674e-01
1.606180309015e+02,9.687834214870e-01
1.606280314016e+02,9.693220610349e-01
1.606380319016e+02,9.698655435421e-01
1.606480324016e+02,9.704137533693e-01
1.606580329016e+02,9.709665745446e-01
1.606680334017e+02,9.715238908006e-01
1.606780339017e+02,9.720855856110e-01
1.606880344017e+02,9.726515422268e-01
1.606980349017e+02,9.732216437117e-01
1.607080354018e+02,9.737957729775e-01
1.607180359018e+02,9.743738128184e-01
1.607280364018e+02,9.749556459448e-01
1.607380369018e+02,9.755411550169e-01
1.607480374019e+02,9.761302226773e-01
1.607580379019e+02,9.767227315832e-01
1.607680384019e+02,9.773185644381e-01
1.607780389019e+02,9.779176040226e-01
1.607880394020e+02,9.785197332248e-01
1.607980399020e+02,9.791248350698e-01
1.608080404020e+02,9.797327927493e-01
1.608180409020e+02,9.803434896495e-01
1.608280414021e+02,9.809568093792e-01
1.608380419021e+02,9.815726357971e-01
1.608480424021e+02,9.821908530378e-01
1.608580429021e+02,9.828113455385e-01
1.608680434022e+02,9.834339980636e-01
1.608780439022e+02,9.840586957296e-01
1.608880444022e+02,9.846853240290e-01
1.608980449022e+02,9.853137688536e-01
1.609080454023e+02,9.859439165175e-01
1.609180459023e+02,9.865756537787e-01
1.609280464023e+02,9.872088678609e-01
1.609380469023e+02,9.878434464741e-01
1.609480474024e+02,9.884792778349e-01
1.609580479024e+02,9.891162506858e-01
1.609680484024e+02,9.897542543147e-01
1.609780489024e+02,9.903931785726e-01
1.609880494025e+02,9.910329138916e-01
1.609980499025e+02,9.916733513022e-01
1.610080504025e+02,9.923143824496e-01
1.610180509025e+02,9.929558996094e-01
1.610280514026e+02,9.935977957038e-01
1.610380519026e+02,9.942399643155e-01
1.610480524026e+02,9.948822997022e-01
1.610580529026e+02,9.955246968107e-01
1.610680534027e+02,9.961670512894e-01
1.610780539027e+02,9.968092595013e-01
1.610880544027e+02,9.974512185359e-01
1.610980549027e+02,9.980928262207e-01
1.611080554028e+02,9.987339811322e-01
1.611180559028e+02,9.993745826065e-01
1.611280564028e+02,1.000014530749e+00
1.611380569028e+02,1.000653726445e+00
1.611480574029e+02,1.001292071367e+00
1.611580579029e+02,1.001929467984e+00
1.611680584029e+02,1.002565819571e+00
1.611780589029e+02,1.003201030215e+00
1.611880594030e+02,1.003835004821e+00
1.611980599030e+02,1.004467649123e+00
1.612080604030e+02,1.005098869686e+00
1.612180609030e+02,1.005728573915e+00
1.612280614031e+02,1.006356670059e+00
1.612380619031e+02,1.006983067215e+00
1.612480624031e+02,1.007607675336e+00
1.612580629031e+02,1.008230405233e+00
1.612680634032e+02,1.008851168580e+00
1.612780639032e+02,1.009469877918e+00
1.612880644032e+02,1.010086446656e+00
1.612980649032e+02,1.010700789076e+00
1.613080654033e+02,1.011312820337e+00
1.613180659033e+02,1.011922456475e+00
1.613280664033e+02,1.012529614406e+00
1.613380669033e+02,1.013134211925e+00
1.613480674034e+02,1.013736167715e+00
1.613580679034e+02,1.014335401339e+00
1.613680684034e+02,1.014931833247e+00
1.613780689034e+02,1.015525384774e+00
1.613880694035e+02,1.016115978143e+00
1.613980699035e+02,1.016703536462e+00
1.614080704035e+02,1.017287983725e+00
1.614180709035e+02,1.017869244812e+00
1.614280714036e+02,1.018447245490e+00
1.614380719036e+02,1.019021912409e+00
1.614480724036e+02,1.019593173104e+00
1.614580729036e+02,1.020160955993e+00
1.614680734037e+02,1.020725190373e+00
1.614780739037e+02,1.021285806424e+00
1.614880744037e+02,1.021842735202e+00
1.614980749037e+02,1.022395908641e+00
1.615080754038e+02,1.022945259547e+00
1.615180759038e+02,1.023490721601e+00
1.615280764038e+02,1.024032229352e+00
1.615380769038e+02,1.024569718218e+00
1.615480774039e+02,1.025103124480e+00
1.615580779039e+02,1.025632385283e+00
1.615680784039e+02,1.026157438630e+00
1.615780789039e+02,1.026678223383e+00
1.615880794040e+02,1.027194679255e+00
1.615980799040e+02,1.027706746810e+00
1.616080804040e+02,1.028214367460e+00
1.616180809040e+02,1.028717483460e+00
1.616280814041e+02,1.029216037907e+00
1.616380819041e+02,1.029709974734e+00
1.616480824041e+02,1.030199238707e+00
1.616580829041e+02,1.030683775424e+00
1.616680834042e+02,1.031163531307e+00
1.616780839042e+02,1.031638453603e+00
1.616880844042e+02,1.032108490375e+00
1.616980849042e+02,1.032573590504e+00
1.617080854043e+02,1.033033703680e+00
1.617180859043e+02,1.033488780402e+00
1.617280864043e+02,1.033938771972e+00
1.617380869043e+02,1.034383630490e+00
1.617480874044e+02,1.034823308854e+00
1.617580879044e+02,1.035257760753e+00
1.617680884044e+02,1.035686940661e+00
1.617780889044e+02,1.036110803839e+00
1.617880894045e+02,1.036529306326e+00
1.617980899045e+02,1.036942404936e+00
1.618080904045e+02,1.037350057254e+00
1.618180909045e+02,1.037752221636e+00
1.618280914046e+02,1.038148857197e+00
1.618380919046e+02,1.038539923814e+00
1.618480924046e+02,1.038925382118e+00
1.618580929046e+02,1.039305193492e+00
1.618680934047e+02,1.039679320068e+00
1.618780939047e+02,1.040047724719e+00
1.618880944047e+02,1.040410371059e+00
1.618980949047e+02,1.040767223437e+00
1.619080954048e+02,1.041118246935e+00
1.619180959048e+02,1.041463407361e+00
1.619280964048e+02,1.041802671248e+00
1.619380969048e+02,1.042136005851e+00
1.619480974049e+02,1.042463379139e+00
1.619580979049e+02,1.042784759796e+00
1.619680984049e+02,1.043100117214e+00
1.619780989049e+02,1.043409421490e+00
1.619880994050e+02,1.043712643426e+00
1.619980999050e+02,1.044009754520e+00
1.620081004050e+02,1.044300726966e+00
1.620181009050e+02,1.044585533649e+00
1.620281014051e+02,1.044864148143e+00
1.620381019051e+02,1.045136544707e+00
1.620481024051e+02,1.045402698282e+00
1.620581029051e+02,1.045662584486e+00
1.620681034052e+02,1.045916179614e+00
1.620781039052e+02,1.046163460633e+00
1.620881044052e+02,1.046404405179e+00
1.620981049052e+02,1.046638991554e+00
1.621081054053e+02,1.046867198724e+00
1.621181059053e+02,1.047089006316e+00
1.621281064053e+02,1.047304394613e+00
1.621381069053e+02,1.047513344556e+00
1.621481074054e+02,1.047715837735e+00
1.621581079054e+02,1.047911856394e+00
1.621681084054e+02,1.048101383421e+00
1.621781089054e+02,1.048284402351e+00
1.621881094055e+02,1.048460897360e+00
1.621981099055e+02,1.048630853267e+00
1.622081104055e+02,1.048794255527e+00
1.622181109055e+02,1.048951090232e+00
1.622281114056e+02,1.049101344108e+00
1.622381119056e+02,1.049245004512e+00
1.622481124056e+02,1.049382059433e+00
1.622581129056e+02,1.049512497488e+00
1.622681134057e+02,1.049636307919e+00
1.622781139057e+02,1.049753480594e+00
1.622881144057e+02,1.049864006005e+00
1.622981149057e+02,1.049967875266e+00
1.623081154058e+02,1.050065080108e+00
1.623181159058e+02,1.050155612886e+00
1.623281164058e+02,1.050239466569e+00
1.623381169058e+02,1.050316634744e+00
1.623481174059e+02,1.050387111614e+00
1.623581179059e+02,1.050450891996e+00
1.623681184059e+02,1.050507971319e+00
1.623781189059e+02,1.050558345627e+00
1.623881194060e+02,1.050602011574e+00
1.623981199060e+02,1.050638966425e+00
1.624081204060e+02,1.050669208058e+00
1.624181209060e+02,1.050692734958e+00
1.624281214061e+02,1.050709546220e+00
1.624381219061e+02,1.050719641548e+00
1.624481224061e+02,1.050723021258e+00
1.624581229061e+02,1.050719686269e+00
1.624681234062e+02,1.050709638112e+00
1.624781239062e+02,1.050692878925e+00
1.624881244062e+02,1.050669411456e+00
1.624981249062e+02,1.050639239059e+00
1.625081254063e+02,1.050602365698e+00
1.625181259063e+02,1.050558795946e+00
1.625281264063e+02,1.050508534985e+00
1.625381269063e+02,1.050451588605e+00
1.625481274064e+02,1.050387963209e+00
1.625581279064e+02,1.050317665809e+00
1.625681284064e+02,1.050240704028e+00
1.625781289064e+02,1.050157086101e+00
1.625881294065e+02,1.050066820879e+00
1.625981299065e+02,1.049969917822e+00
1.626081304065e+02,1.049866387008e+00
1.626181309065e+02,1.049756239130e+00
1.626281314066e+02,1.049639485498e+00
1.626381319066e+02,1.049516138039e+00
1.626481324066e+02,1.049386209301e+00
1.626581329066e+02,1.049249712452e+00
1.626681334067e+02,1.049106661281e+00
1.626781339067e+02,1.048957070204e+00
1.626881344067e+02,1.048800954258e+00
1.626981349067e+02,1.048638329110e+00
1.627081354068e+02,1.048469211054e+00
1.627181359068e+02,1.048293617015e+00
1.627281364068e+02,1.048111564549e+00
1.627381369068e+02,1.047923071848e+00
1.627481374069e+02,1.047728157738e+00
1.627581379069e+02,1.047526841685e+00
1.627681384069e+02,1.047319143793e+00
1.627781389069e+02,1.047105084811e+00
1.627881394070e+02,1.046884686131e+00
1.627981399070e+02,1.046657969791e+00
1.628081404070e+02,1.046424958481e+00
1.628181409070e+02,1.046185675541e+00
1.628281414071e+02,1.045940144964e+00
1.628381419071e+02,1.045688391402e+00
1.628481424071e+02,1.045430440166e+00
1.628581429071e+02,1.045166317227e+00
1.628681434072e+02,1.044896049223e+00
1.628781439072e+02,1.044619663457e+00
1.628881444072e+02,1.044337187904e+00
1.628981449072e+02,1.044048651212e+00
1.629081454073e+02,1.043754082704e+00
1.629181459073e+02,1.043453512381e+00
1.629281464073e+02,1.043146970929e+00
1.629381469073e+02,1.042834489715e+00
1.629481474074e+02,1.042516100796e+00
1.629581479074e+02,1.042191836921e+00
1.629681484074e+02,1.041861731529e+00
1.629781489074e+02,1.041525818761e+00
1.629881494075e+02,1.041184133455e+00
1.629981499075e+02,1.040836711155e+00
1.630081504075e+02,1.040483588109e+00
1.630181509075e+02,1.040124801278e+00
1.630281514076e+02,1.039760388335e+00
1.630381519076e+02,1.039390387669e+00
1.630481524076e+02,1.039014838391e+00
1.630581529076e+02,1.038633780333e+00
1.630681534077e+02,1.038247254055e+00
1.630781539077e+02,1.037855300846e+00
1.630881544077e+02,1.037457962730e+00
1.630981549077e+02,1.037055282467e+00
1.631081554078e+02,1.036647303555e+00
1.631181559078e+02,1.036234070237e+00
1.631281564078e+02,1.035815627504e+00
1.631381569078e+02,1.035392021093e+00
1.631481574079e+02,1.034963297499e+00
1.631581579079e+02,1.034529503970e+00
1.631681584079e+02,1.034090688515e+00
1.631781589079e+02,1.033646899905e+00
1.631881594080e+02,1.033198187679e+00
1.631981599080e+02,1.032744602143e+00
1.632081604080e+02,1.032286194377e+00
1.632181609080e+02,1.031823016237e+00
1.632281614081e+02,1.031355120355e+00
1.632381619081e+02,1.030882560147e+00
1.632481624081e+02,1.030405389812e+00
1.632581629081e+02,1.029923664336e+00
1.632681634082e+02,1.029437439495e+00
1.632781639082e+02,1.028946771859e+00
1.632881644082e+02,1.028451718792e+00
1.632981649082e+02,1.027952338456e+00
1.633081654083e+02,1.027448689814e+00
1.633181659083e+02,1.026940832630e+00
1.633281664083e+02,1.026428827475e+00
1.633381669083e+02,1.025912735727e+00
1.633481674084e+02,1.025392619570e+00
1.633581679084e+02,1.024868542003e+00
1.633681684084e+02,1.024340566836e+00
1.633781689084e+02,1.023808758694e+00
1.633881694085e+02,1.023273183018e+00
1.633981699085e+02,1.022733906066e+00
1.634081704085e+02,1.022190994917e+00
1.634181709085e+02,1.021644517468e+00
1.634281714086e+02,1.021094542437e+00
1.634381719086e+02,1.020541139364e+00
1.634481724086e+02,1.019984378612e+00
1.634581729086e+02,1.019424331367e+00
1.634681734087e+02,1.018861069638e+00
1.634781739087e+02,1.018294666255e+00
1.634881744087e+02,1.017725194874e+00
1.634981749087e+02,1.017152729973e+00
1.635081754088e+02,1.016577346851e+00
1.635181759088e+02,1.015999121629e+00
1.635281764088e+02,1.015418131249e+00
1.635381769088e+02,1.014834453471e+00
1.635481774089e+02,1.014248166874e+00
1.635581779089e+02,1.013659350852e+00
1.635681784089e+02,1.013068085613e+00
1.635781789089e+02,1.012474452177e+00
1.635881794090e+02,1.011878532374e+00
1.635981799090e+02,1.011280408839e+00
1.636081804090e+02,1.010680165009e+00
1.636181809090e+02,1.010077885125e+00
1.636281814091e+02,1.009473654219e+00
1.636381819091e+02,1.008867558119e+00
1.636481824091e+02,1.008259683439e+00
1.636581829091e+02,1.007650117575e+00
1.636681834092e+02,1.007038948702e+00
1.636781839092e+02,1.006426265768e+00
1.636881844092e+02,1.005812158487e+00
1.636981849092e+02,1.005196717333e+00
1.637081854093e+02,1.004580033536e+00
1.637181859093e+02,1.003962199070e+00
1.637281864093e+02,1.003343306653e+00
1.637381869093e+02,1.002723449732e+00
1.637481874094e+02,1.002102722479e+00
1.637581879094e+02,1.001481219782e+00
1.637681884094e+02,1.000859037237e+00
1.637781889094e+02,1.000236271135e+00
1.637881894095e+02,9.996130184550e-01
1.637981899095e+02,9.989893768550e-01
1.638081904095e+02,9.983654446580e-01
1.638181909095e+02,9.977413208431e-01
1.638281914096e+02,9.971171050329e-01
1.638381919096e+02,9.964928974819e-01
1.638481924096e+02,9.958687990635e-01
1.638581929096e+02,9.952449112571e-01
1.638681934097e+02,9.946213361346e-01
1.638781939097e+02,9.939981763459e-01
1.638881944097e+02,9.933755351049e-01
1.638981949097e+02,9.927535161737e-01
1.639081954098e+02,9.921322238476e-01
1.639181959098e+02,9.915117629382e-01
1.639281964098e+02,9.908922387576e-01
1.639381969098e+02,9.902737571003e-01
1.639481974099e+02,9.896564242259e-01
1.639581979099e+02,9.890403468406e-01
1.639681984099e+02,9.884256320783e-01
1.639781989099e+02,9.878123874813e-01
1.639881994100e+02,9.872007209803e-01
1.639981999100e+02,9.865907408737e-01
1.640082004100e+02,9.859825558064e-01
1.640182009100e+02,9.853762747487e-01
1.640282014101e+02,9.847720069735e-01
1.640382019101e+02,9.841698620335e-01
1.640482024101e+02,9.835699497385e-01
1.640582029101e+02,9.829723801306e-01
1.640682034102e+02,9.823772634605e-01
1.640782039102e+02,9.817847101619e-01
1.640882044102e+02,9.811948308264e-01
1.640982049102e+02,9.806077361767e-01
1.641082054103e+02,9.800235370408e-01
1.641182059103e+02,9.794423443240e-01
1.641282064103e+02,9.788642689813e-01
1.641382069103e+02,9.782894219896e-01
1.641482074104e+02,9.777179143179e-01
1.641582079104e+02,9.771498568989e-01
1.641682084104e+02,9.765853605985e-01
1.641782089104e+02,9.760245361856e-01
1.641882094105e+02,9.754674943013e-01
1.641982099105e+02,9.749143454272e-01
1.642082104105e+02,9.743651998541e-01
1.642182109105e+02,9.738201676491e-01
1.642282114106e+02,9.732793586230e-01
1.642382119106e+02,9.727428822974e-01
1.642482124106e+02,9.722108478705e-01
1.642582129106e+02,9.716833641836e-01
1.642682134107e+02,9.711605396860e-01
1.642782139107e+02,9.706424824008e-01
1.642882144107e+02,9.701292998890e-01
1.642982149107e+02,9.696210992147e-01
1.643082154108e+02,9.691179869084e-01
1.643182159108e+02,9.686200689313e-01
1.643282164108e+02,9.681274506387e-01
1.643382169108e+02,9.676402367429e-01
1.643482174109e+02,9.671585312765e-01
1.643582179109e+02,9.666824375550e-01
1.643682184109e+02,9.662120581393e-01
1.643782189109e+02,9.657474947980e-01
1.643882194110e+02,9.652888484697e-01
1.643982199110e+02,9.648362192247e-01
1.644082204110e+02,9.643897062272e-01
1.644182209110e+02,9.639494076972e-01
1.644282214111e+02,9.635154208720e-01
1.644382219111e+02,9.630878419679e-01
1.644482224111e+02,9.626667661423e-01
1.644582229111e+02,9.622522874550e-01
1.644682234112e+02,9.618444988305e-01
1.644782239112e+02,9.614434920194e-01
1.644882244112e+02,9.610493575605e-01
1.644982249112e+02,9.606621847432e-01
1.645082254113e+02,9.602820615696e-01
1.645182259113e+02,9.599090747171e-01
1.645282264113e+02,9.595433095009e-01
1.645382269113e+02,9.591848498372e-01
1.645482274114e+02,9.588337782068e-01
1.645582279114e+02,9.584901756180e-01
1.645682284114e+02,9.581541215712e-01
1.645782289114e+02,9.578256940232e-01
1.645882294115e+02,9.575049693517e-01
1.645982299115e+02,9.571920223209e-01
1.646082304115e+02,9.568869260469e-01
1.646182309115e+02,9.565897519645e-01
1.646282314116e+02,9.563005697936e-01
1.646382319116e+02,9.560194475064e-01
1.646482324116e+02,9.557464512963e-01
1.646582329116e+02,9.554816455457e-01
1.646682334117e+02,9.552250927957e-01
1.646782339117e+02,9.549768537162e-01
1.646882344117e+02,9.547369870765e-01
1.646982349117e+02,9.545055497172e-01
1.647082354118e+02,9.542825965223e-01
1.647182359118e+02,9.540681803923e-01
1.647282364118e+02,9.538623522186e-01
1.647382369118e+02,9.536651608581e-01
1.647482374119e+02,9.534766531092e-01
1.647582379119e+02,9.532968736884e-01
1.647682384119e+02,9.531258652082e-01
1.647782389119e+02,9.529636681557e-01
1.647882394120e+02,9.528103208723e-01
1.647982399120e+02,9.526658595343e-01
1.648082404120e+02,9.525303181351e-01
1.648182409120e+02,9.524037284675e-01
1.648282414121e+02,9.522861201080e-01
1.648382419121e+02,9.521775204014e-01
1.648482424121e+02,9.520779544477e-01
1.648582429121e+02,9.519874450884e-01
1.648682434122e+02,9.519060128959e-01
1.648782439122e+02,9.518336761621e-01
1.648882444122e+02,9.517704508902e-01
1.648982449122e+02,9.517163507857e-01
1.649082454123e+02,9.516713872502e-01
1.649182459123e+02,9.516355693753e-01
1.649282464123e+02,9.516089039385e-01
1.649382469123e+02,9.515913953997e-01
1.649482474124e+02,9.515830458991e-01
1.649582479124e+02,9.515838552569e-01
1.649682484124e+02,9.515938209729e-01
1.649782489124e+02,9.516129382289e-01
1.649882494125e+02,9.516411998910e-01
1.649982499125e+02,9.516785965139e-01
1.650082504125e+02,9.517251163461e-01
1.650182509125e+02,9.517807453363e-01
1.650282514126e+02,9.518454671412e-01
1.650382519126e+02,9.519192631342e-01
1.650482524126e+02,9.520021124155e-01
1.650582529126e+02,9.520939918233e-01
1.650682534127e+02,9.521948759459e-01
1.650782539127e+02,9.523047371357e-01
1.650882544127e+02,9.524235455231e-01
1.650982549127e+02,9.525512690327e-01
1.651082554128e+02,9.526878734001e-01
1.651182559128e+02,9.528333221895e-01
1.651282564128e+02,9.529875768127e-01
1.651382569128e+02,9.531505965491e-01
1.651482574129e+02,9.533223385669e-01
1.651582579129e+02,9.535027579444e-01
1.651682584129e+02,9.536918076938e-01
1.651782589129e+02,9.538894387841e-01
1.651882594130e+02,9.540956001668e-01
1.651982599130e+02,9.543102388007e-01
1.652082604130e+02,9.545332996791e-01
1.652182609130e+02,9.547647258566e-01
1.652282614131e+02,9.550044584779e-01
1.652382619131e+02,9.552524368059e-01
1.652482624131e+02,9.555085982523e-01
1.652582629131e+02,9.557728784072e-01
1.652682634132e+02,9.560452110706e-01
1.652782639132e+02,9.563255282843e-01
1.652882644132e+02,9.566137603636e-01
1.652982649132e+02,9.569098359311e-01
1.653082654133e+02,9.572136819497e-01
1.653182659133e+02,9.575252237568e-01
1.653282664133e+02,9.578443850987e-01
1.653382669133e+02,9.581710881660e-01
1.653482674134e+02,9.585052536286e-01
1.653582679134e+02,9.588468006721e-01
1.653682684134e+02,9.591956470334e-01
1.653782689134e+02,9.595517090378e-01
1.653882694135e+02,9.599149016356e-01
1.653982699135e+02,9.602851384394e-01
1.654082704135e+02,9.606623317613e-01
1.654182709135e+02,9.610463926507e-01
1.654282714136e+02,9.614372309321e-01
1.654382719136e+02,9.618347552430e-01
1.654482724136e+02,9.622388730717e-01
1.654582729136e+02,9.626494907959e-01
1.654682734137e+02,9.630665137207e-01
1.654782739137e+02,9.634898461167e-01
1.654882744137e+02,9.639193912587e-01
1.654982749137e+02,9.643550514633e-01
1.655082754138e+02,9.647967281277e-01
1.655182759138e+02,9.652443217674e-01
1.655282764138e+02,9.656977320543e-01
1.655382769138e+02,9.661568578546e-01
1.655482774139e+02,9.666215972666e-01
1.655582779139e+02,9.670918476581e-01
1.655682784139e+02,9.675675057037e-01
1.655782789139e+02,9.680484674221e-01
1.655882794140e+02,9.685346282129e-01
1.655982799140e+02,9.690258828930e-01
1.656082804140e+02,9.695221257333e-01
1.656182809140e+02,9.700232504943e-01
1.656282814141e+02,9.705291504621e-01
1.656382819141e+02,9.710397184835e-01
1.656482824141e+02,9.715548470012e-01
1.656582829141e+02,9.720744280881e-01
1.656682834142e+02,9.725983534817e-01
1.656782839142e+02,9.731265146181e-01
1.656882844142e+02,9.736588026648e-01
1.656982849142e+02,9.741951085541e-01
1.657082854143e+02,9.747353230154e-01
1.657182859143e+02,9.752793366072e-01
1.657282864143e+02,9.758270397489e-01
1.657382869143e+02,9.763783227512e-01
1.657482874144e+02,9.769330758476e-01
1.657582879144e+02,9.774911892235e-01
1.657682884144e+02,9.780525530466e-01
1.657782889144e+02,9.786170574952e-01
1.657882894145e+02,9.791845927871e-01
1.657982899145e+02,9.797550492077e-01
1.658082904145e+02,9.803283171370e-01
1.658182909145e+02,9.809042870767e-01
1.658282914146e+02,9.814828496766e-01
1.658382919146e+02,9.820638957603e-01
1.658482924146e+02,9.826473163507e-01
1.658582929146e+02,9.832330026940e-01
1.658682934147e+02,9.838208462845e-01
1.658782939147e+02,9.844107388879e-01
1.658882944147e+02,9.850025725643e-01
1.658982949147e+02,9.855962396905e-01
1.659082954148e+02,9.861916329823e-01
1.659182959148e+02,9.867886455152e-01
1.659282964148e+02,9.873871707456e-01
1.659382969148e+02,9.879871025310e-01
1.659482974149e+02,9.885883351494e-01
1.659582979149e+02,9.891907633185e-01
1.659682984149e+02,9.897942822144e-01
1.659782989149e+02,9.903987874892e-01
1.659882994150e+02,9.910041752891e-01
1.659982999150e+02,9.916103422705e-01
1.660083004150e+02,9.922171856172e-01
1.660183009150e+02,9.928246030557e-01
1.660283014151e+02,9.934324928707e-01
1.660383019151e+02,9.940407539201e-01
1.660483024151e+02,9.946492856488e-01
1.660583029151e+02,9.952579881033e-01
1.660683034152e+02,9.958667619442e-01
1.660783039152e+02,9.964755084596e-01
1.660883044152e+02,9.970841295769e-01
1.660983049152e+02,9.976925278752e-01
1.661083054153e+02,9.983006065962e-01
1.661183059153e+02,9.989082696554e-01
1.661283064153e+02,9.995154216524e-01
1.661383069153e+02,1.000121967881e+00
1.661483074154e+02,1.000727814338e+00
1.661583079154e+02,1.001332867735e+00
1.661683084154e+02,1.001937035503e+00
1.661783089154e+02,1.002540225803e+00
1.661883094155e+02,1.003142347535e+00
1.661983099155e+02,1.003743310343e+00
1.662083104155e+02,1.004343024623e+00
1.662183109155e+02,1.004941401531e+00
1.662283114156e+02,1.005538352987e+00
1.662383119156e+02,1.006133791682e+00
1.662483124156e+02,1.006727631085e+00
1.662583129156e+02,1.007319785446e+00
1.662683134157e+02,1.007910169801e+00
1.662783139157e+02,1.008498699978e+00
1.662883144157e+02,1.009085292601e+00
1.662983149157e+02,1.009669865092e+00
1.663083154158e+02,1.010252335677e+00
1.663183159158e+02,1.010832623387e+00
1.663283164158e+02,1.011410648064e+00
1.663383169158e+02,1.011986330361e+00
1.663483174159e+02,1.012559591743e+00
1.663583179159e+02,1.013130354496e+00
1.663683184159e+02,1.013698541719e+00
1.663783189159e+02,1.014264077335e+00
1.663883194160e+02,1.014826886086e+00
1.663983199160e+02,1.015386893538e+00
1.664083204160e+02,1.015944026078e+00
1.664183209160e+02,1.016498210918e+00
1.664283214161e+02,1.017049376095e+00
1.664383219161e+02,1.017597450470e+00
1.664483224161e+02,1.018142363729e+00
1.664583229161e+02,1.018684046381e+00
1.664683234162e+02,1.019222429761e+00
1.664783239162e+02,1.019757446027e+00
1.664883244162e+02,1.020289028159e+00
1.664983249162e+02,1.020817109960e+00
1.665083254163e+02,1.021341626054e+00
1.665183259163e+02,1.021862511884e+00
1.665283264163e+02,1.022379703712e+00
1.665383269163e+02,1.022893138617e+00
1.665483274164e+02,1.023402754492e+00
1.665583279164e+02,1.023908490047e+00
1.665683284164e+02,1.024410284800e+00
1.665783289164e+02,1.024908079080e+00
1.665883294165e+02,1.025401814025e+00
1.665983299165e+02,1.025891431577e+00
1.666083304165e+02,1.026376874481e+00
1.666183309165e+02,1.026858086284e+00
1.666283314166e+02,1.027335011330e+00
1.666383319166e+02,1.027807594759e+00
1.666483324166e+02,1.028275782504e+00
1.666583329166e+02,1.028739521289e+00
1.666683334167e+02,1.029198758624e+00
1.666783339167e+02,1.029653442804e+00
1.666883344167e+02,1.030103522907e+00
1.666983349167e+02,1.030548948789e+00
1.667083354168e+02,1.030989671080e+00
1.667183359168e+02,1.031425641184e+00
1.667283364168e+02,1.031856811276e+00
1.667383369168e+02,1.032283134293e+00
1.667483374169e+02,1.032704563938e+00
1.667583379169e+02,1.033121054675e+00
1.667683384169e+02,1.033532561720e+00
1.667783389169e+02,1.033939041048e+00
1.667883394170e+02,1.034340449378e+00
1.667983399170e+02,1.034736744181e+00
1.668083404170e+02,1.035127883667e+00
1.668183409170e+02,1.035513826789e+00
1.668283414171e+02,1.035894533234e+00
1.668383419171e+02,1.036269963423e+00
1.668483424171e+02,1.036640078509e+00
1.668583429171e+02,1.037004840369e+00
1.668683434172e+02,1.037364211603e+00
1.668783439172e+02,1.037718155532e+00
1.668883444172e+02,1.038066636193e+00
1.668983449172e+02,1.038409618336e+00
1.669083454173e+02,1.038747067421e+00
1.669183459173e+02,1.039078949615e+00
1.669283464173e+02,1.039405231786e+00
1.669383469173e+02,1.039725881505e+00
1.669483474174e+02,1.040040867038e+00
1.669583479174e+02,1.040350157346e+00
1.669683484174e+02,1.040653722077e+00
1.669783489174e+02,1.040951531571e+00
1.669883494175e+02,1.041243556850e+00
1.669983499175e+02,1.041529769616e+00
1.670083504175e+02,1.041810142250e+00
1.670183509175e+02,1.042084647810e+00
1.670283514176e+02,1.042353260023e+00
1.670383519176e+02,1.042615953287e+00
1.670483524176e+02,1.042872702668e+00
1.670583529176e+02,1.043123483892e+00
1.670683534177e+02,1.043368273349e+00
1.670783539177e+02,1.043607048086e+00
1.670883544177e+02,1.043839785805e+00
1.670983549177e+02,1.044066464862e+00
1.671083554178e+02,1.044287064262e+00
1.671183559178e+02,1.044501563658e+00
1.671283564178e+02,1.044709943350e+00
1.671383569178e+02,1.044912184280e+00
1.671483574179e+02,1.045108268030e+00
1.671583579179e+02,1.045298176820e+00
1.671683584179e+02,1.045481893509e+00
1.671783589179e+02,1.045659401586e+00
1.671883594180e+02,1.045830685174e+00
1.671983599180e+02,1.045995729027e+00
1.672083604180e+02,1.046154518524e+00
1.672183609180e+02,1.046307039672e+00
1.672283614181e+02,1.046453279102e+00
1.672383619181e+02,1.046593224066e+00
1.672483624181e+02,1.046726862438e+00
1.672583629181e+02,1.046854182710e+00
1.672683634182e+02,1.046975173993e+00
1.672783639182e+02,1.047089826011e+00
1.672883644182e+02,1.047198129104e+00
1.672983649182e+02,1.047300074227e+00
1.673083654183e+02,1.047395652943e+00
1.673183659183e+02,1.047484857428e+00
1.673283664183e+02,1.047567680466e+00
1.673383669183e+02,1.047644115451e+00
1.673483674184e+02,1.047714156381e+00
1.673583679184e+02,1.047777797863e+00
1.673683684184e+02,1.047835035110e+00
1.673783689184e+02,1.047885863935e+00
1.673883694185e+02,1.047930280760e+00
1.673983699185e+02,1.047968282606e+00
1.674083704185e+02,1.047999867100e+00
1.674183709185e+02,1.048025032467e+00
1.674283714186e+02,1.048043777538e+00
1.674383719186e+02,1.048056101740e+00
1.674483724186e+02,1.048062005106e+00
1.674583729186e+02,1.048061488265e+00
1.674683734187e+02,1.048054552449e+00
1.674783739187e+02,1.048041199489e+00
1.674883744187e+02,1.048021431818e+00
1.674983749187e+02,1.047995252466e+00
1.675083754188e+02,1.047962665066e+00
1.675183759188e+02,1.047923673850e+00
1.675283764188e+02,1.047878283653e+00
1.675383769188e+02,1.047826499908e+00
1.675483774189e+02,1.047768328652e+00
1.675583779189e+02,1.047703776523e+00
1.675683784189e+02,1.047632850760e+00
1.675783789189e+02,1.047555559208e+00
1.675883794190e+02,1.047471910314e+00
1.675983799190e+02,1.047381913129e+00
1.676083804190e+02,1.047285577309e+00
1.676183809190e+02,1.047182913119e+00
1.676283814191e+02,1.047073931428e+00
1.676383819191e+02,1.046958643715e+00
1.676483824191e+02,1.046837062066e+00
1.676583829191e+02,1.046709199180e+00
1.676683834192e+02,1.046575068364e+00
1.676783839192e+02,1.046434683542e+00
1.676883844192e+02,1.046288059249e+00
1.676983849192e+02,1.046135210636e+00
1.677083854193e+02,1.045976153472e+00
1.677183859193e+02,1.045810904142e+00
1.677283864193e+02,1.045639479654e+00
1.677383869193e+02,1.045461897636e+00
1.677483874194e+02,1.045278176338e+00
1.677583879194e+02,1.045088334638e+00
1.677683884194e+02,1.044892392039e+00
1.677783889194e+02,1.044690368672e+00
1.677883894195e+02,1.044482285300e+00
1.677983899195e+02,1.044268163318e+00
1.678083904195e+02,1.044048024755e+00
1.678183909195e+02,1.043821892278e+00
1.678283914196e+02,1.043589789191e+00
1.678383919196e+02,1.043351739439e+00
1.678483924196e+02,1.043107767612e+00
1.678583929196e+02,1.042857898943e+00
1.678683934197e+02,1.042602159313e+00
1.678783939197e+02,1.042340575255e+00
1.678883944197e+02,1.042073173950e+00
1.678983949197e+02,1.041799983238e+00
1.679083954198e+02,1.041521031615e+00
1.679183959198e+02,1.041236348233e+00
1.679283964198e+02,1.040945962912e+00
1.679383969198e+02,1.040649906132e+00
1.679483974199e+02,1.040348209041e+00
1.679583979199e+02,1.040040903459e+00
1.679683984199e+02,1.039728021876e+00
1.679783989199e+02,1.039409597459e+00
1.679883994200e+02,1.039085664049e+00
1.679983999200e+02,1.038756256173e+00
1.680084004200e+02,1.038421409036e+00
1.680184009200e+02,1.038081158531e+00
1.680284014201e+02,1.037735541240e+00
1.680384019201e+02,1.037384594435e+00
1.680484024201e+02,1.037028356082e+00
1.680584029201e+02,1.036666864844e+00
1.680684034202e+02,1.036300160085e+00
1.680784039202e+02,1.035928281868e+00
1.680884044202e+02,1.035551270964e+00
1.680984049202e+02,1.035169168849e+00
1.681084054203e+02,1.034782017711e+00
1.681184059203e+02,1.034389860450e+00
1.681284064203e+02,1.033992740683e+00
1.681384069203e+02,1.033590702745e+00
1.681484074204e+02,1.033183791690e+00
1.681584079204e+02,1.032772053299e+00
1.681684084204e+02,1.032355534076e+00
1.681784089204e+02,1.031934281256e+00
1.681884094205e+02,1.031508342804e+00
1.681984099205e+02,1.031077767419e+00
1.682084104205e+02,1.030642604536e+00
1.682184109205e+02,1.030202904330e+00
1.682284114206e+02,1.029758717713e+00
1.682384119206e+02,1.029310096345e+00
1.682484124206e+02,1.028857092626e+00
1.682584129206e+02,1.028399759709e+00
1.682684134207e+02,1.027938151491e+00
1.682784139207e+02,1.027472322624e+00
1.682884144207e+02,1.027002328512e+00
1.682984149207e+02,1.026528225314e+00
1.683084154208e+02,1.026050069945e+00
1.683184159208e+02,1.025567920081e+00
1.683284164208e+02,1.025081834156e+00
1.683384169208e+02,1.024591871365e+00
1.683484174209e+02,1.024098091667e+00
1.683584179209e+02,1.023600555784e+00
1.683684184209e+02,1.023099325203e+00
1.683784189209e+02,1.022594462178e+00
1.683884194210e+02,1.022086029729e+00
1.683984199210e+02,1.021574091642e+00
1.684084204210e+02,1.021058712472e+00
1.684184209210e+02,1.020539957544e+00
1.684284214211e+02,1.020017892949e+00
1.684384219211e+02,1.019492585548e+00
1.684484224211e+02,1.018964102970e+00
1.684584229211e+02,1.018432513613e+00
1.684684234212e+02,1.017897886641e+00
1.684784239212e+02,1.017360291987e+00
1.684884244212e+02,1.016819800350e+00
1.684984249212e+02,1.016276483193e+00
1.685084254213e+02,1.015730412744e+00
1.685184259213e+02,1.015181661995e+00
1.685284264213e+02,1.014630304696e+00
1.685384269213e+02,1.014076415358e+00
1.685484274214e+02,1.013520069248e+00
1.685584279214e+02,1.012961342389e+00
1.685684284214e+02,1.012400311554e+00
1.685784289214e+02,1.011837054267e+00
1.685884294215e+02,1.011271648796e+00
1.685984299215e+02,1.010704174152e+00
1.686084304215e+02,1.010134710087e+00
1.686184309215e+02,1.009563337086e+00
1.686284314216e+02,1.008990136364e+00
1.686384319216e+02,1.008415189864e+00
1.686484324216e+02,1.007838580249e+00
1.686584329216e+02,1.007260390898e+00
1.686684334217e+02,1.006680705903e+00
1.686784339217e+02,1.006099610059e+00
1.686884344217e+02,1.005517188858e+00
1.686984349217e+02,1.004933528489e+00
1.687084354218e+02,1.004348715822e+00
1.687184359218e+02,1.003762838408e+00
1.687284364218e+02,1.003175984468e+00
1.687384369218e+02,1.002588242886e+00
1.687484374219e+02,1.001999703200e+00
1.687584379219e+02,1.001410455595e+00
1.687684384219e+02,1.000820590892e+00
1.687784389219e+02,1.000230200541e+00
1.687884394220e+02,9.996393766083e-01
1.687984399220e+02,9.990482117683e-01
1.688084404220e+02,9.984567992920e-01
1.688184409220e+02,9.978652330364e-01
1.688284414221e+02,9.972736074323e-01
1.688384419221e+02,9.966820174733e-01
1.688484424221e+02,9.960905587026e-01
1.688584429221e+02,9.954993272008e-01
1.688684434222e+02,9.949084195721e-01
1.688784439222e+02,9.943179329311e-01
1.688884444222e+02,9.937279648882e-01
1.688984449222e+02,9.931386135355e-01
1.689084454223e+02,9.925499774309e-01
1.689184459223e+02,9.919621555834e-01
1.689284464223e+02,9.913752474365e-01
1.689384469223e+02,9.907893528518e-01
1.689484474224e+02,9.902045720922e-01
1.689584479224e+02,9.896210058040e-01
1.689684484224e+02,9.890387549994e-01
1.689784489224e+02,9.884579210379e-01
1.689884494225e+02,9.878786056069e-01
1.689984499225e+02,9.873009107031e-01
1.690084504225e+02,9.867249386118e-01
1.690184509225e+02,9.861507918869e-01
1.690284514226e+02,9.855785733299e-01
1.690384519226e+02,9.850083859684e-01
1.690484524226e+02,9.844403330342e-01
1.690584529226e+02,9.838745179412e-01
1.690684534227e+02,9.833110442620e-01
1.690784539227e+02,9.827500157050e-01
1.690884544227e+02,9.821915360903e-01
1.690984549227e+02,9.816357093255e-01
1.691084554228e+02,9.810826393809e-01
1.691184559228e+02,9.805324302640e-01
1.691284564228e+02,9.799851859939e-01
1.691384569228e+02,9.794410105753e-01
1.691484574229e+02,9.789000079715e-01
1.691584579229e+02,9.783622820775e-01
1.691684584229e+02,9.778279366923e-01
1.691784589229e+02,9.772970754910e-01
1.691884594230e+02,9.767698019964e-01
1.691984599230e+02,9.762462195502e-01
1.692084604230e+02,9.757264312836e-01
1.692184609230e+02,9.752105400879e-01
1.692284614231e+02,9.746986485843e-01
1.692384619231e+02,9.741908590934e-01
1.692484624231e+02,9.736872736050e-01
1.692584629231e+02,9.731879937463e-01
1.692684634232e+02,9.726931207509e-01
1.692784639232e+02,9.722027554269e-01
1.692884644232e+02,9.717169981250e-01
1.692984649232e+02,9.712359487058e-01
1.693084654233e+02,9.707597065075e-01
1.693184659233e+02,9.702883703130e-01
1.693284664233e+02,9.698220383166e-01
1.693384669233e+02,9.693608080908e-01
1.693484674234e+02,9.689047765527e-01
1.693584679234e+02,9.684540399303e-01
1.693684684234e+02,9.680086937286e-01
1.693784689234e+02,9.675688326956e-01
1.693884694235e+02,9.671345507881e-01
1.693984699235e+02,9.667059411374e-01
1.694084704235e+02,9.662830960152e-01
1.694184709235e+02,9.658661067990e-01
1.694284714236e+02,9.654550639376e-01
1.694384719236e+02,9.650500569169e-01
1.694484724236e+02,9.646511742256e-01
1.694584729236e+02,9.642585033203e-01
1.694684734237e+02,9.638721305918e-01
1.694784739237e+02,9.634921413305e-01
1.694884744237e+02,9.631186196926e-01
1.694984749237e+02,9.627516486657e-01
1.695084754238e+02,9.623913100357e-01
1.695184759238e+02,9.620376843525e-01
1.695284764238e+02,9.616908508972e-01
1.695384769238e+02,9.613508876485e-01
1.695484774239e+02,9.610178712505e-01
1.695584779239e+02,9.606918769794e-01
1.695684784239e+02,9.603729787121e-01
1.695784789239e+02,9.600612488937e-01
1.695884794240e+02,9.597567585063e-01
1.695984799240e+02,9.594595770383e-01
1.696084804240e+02,9.591697724533e-01
1.696184809240e+02,9.588874111602e-01
1.696284814241e+02,9.586125579835e-01
1.696384819241e+02,9.583452761346e-01
1.696484824241e+02,9.580856271826e-01
1.696584829241e+02,9.578336710269e-01
1.696684834242e+02,9.575894658695e-01
1.696784839242e+02,9.573530681883e-01
1.696884844242e+02,9.571245327114e-01
1.696984849242e+02,9.569039123912e-01
1.697084854243e+02,9.566912583801e-01
1.697184859243e+02,9.564866200061e-01
1.697284864243e+02,9.562900447503e-01
1.697384869243e+02,9.561015782238e-01
1.697484874244e+02,9.559212641465e-01
1.697584879244e+02,9.557491443260e-01
1.697684884244e+02,9.555852586380e-01
1.697784889244e+02,9.554296450068e-01
1.697884894245e+02,9.552823393875e-01
1.697984899245e+02,9.551433757483e-01
1.698084904245e+02,9.550127860545e-01
1.698184909245e+02,9.548906002528e-01
1.698284914246e+02,9.547768462568e-01
1.698384919246e+02,9.546715499336e-01
1.698484924246e+02,9.545747350911e-01
1.698584929246e+02,9.544864234667e-01
1.698684934247e+02,9.544066347164e-01
1.698784939247e+02,9.543353864057e-01
1.698884944247e+02,9.542726940006e-01
1.698984949247e+02,9.542185708608e-01
1.699084954248e+02,9.541730282325e-01
1.699184959248e+02,9.541360752438e-01
1.699284964248e+02,9.541077189000e-01
1.699384969248e+02,9.540879640802e-01
1.699484974249e+02,9.540768135358e-01
1.699584979249e+02,9.540742678885e-01
1.699684984249e+02,9.540803256312e-01
1.699784989249e+02,9.540949831283e-01
1.699884994250e+02,9.541182346182e-01
1.699984999250e+02,9.541500722164e-01
1.700085004250e+02,9.541904859199e-01
1.700185009250e+02,9.542394636121e-01
1.700285014251e+02,9.542969910696e-01
1.700385019251e+02,9.543630519694e-01
1.700485024251e+02,9.544376278972e-01
1.700585029251e+02,9.545206983574e-01
1.700685034252e+02,9.546122407828e-01
1.700785039252e+02,9.547122305469e-01
1.700885044252e+02,9.548206409758e-01
1.700985049252e+02,9.549374433622e-01
1.701085054253e+02,9.550626069791e-01
1.701185059253e+02,9.551960990962e-01
1.701285064253e+02,9.553378849954e-01
1.701385069253e+02,9.554879279886e-01
1.701485074254e+02,9.556461894352e-01
1.701585079254e+02,9.558126287622e-01
1.701685084254e+02,9.559872034831e-01
1.701785089254e+02,9.561698692190e-01
1.701885094255e+02,9.563605797206e-01
1.701985099255e+02,9.565592868898e-01
1.702085104255e+02,9.567659408035e-01
1.702185109255e+02,9.569804897373e-01
1.702285114256e+02,9.572028801899e-01
1.702385119256e+02,9.574330569089e-01
1.702485124256e+02,9.576709629164e-01
1.702585129256e+02,9.579165395360e-01
1.702685134257e+02,9.581697264199e-01
1.702785139257e+02,9.584304615772e-01
1.702885144257e+02,9.586986814017e-01
1.702985149257e+02,9.589743207018e-01
1.703085154258e+02,9.592573127294e-01
1.703185159258e+02,9.595475892103e-01
1.703285164258e+02,9.598450803749e-01
1.703385169258e+02,9.601497149887e-01
1.703485174259e+02,9.604614203843e-01
1.703585179259e+02,9.607801224928e-01
1.703685184259e+02,9.611057458760e-01
1.703785189259e+02,9.614382137590e-01
1.703885194260e+02,9.617774480632e-01
1.703985199260e+02,9.621233694389e-01
1.704085204260e+02,9.624758972989e-01
1.704185209260e+02,9.628349498523e-01
1.704285214261e+02,9.632004441377e-01
1.704385219261e+02,9.635722960577e-01
1.704485224261e+02,9.639504204124e-01
1.704585229261e+02,9.643347309341e-01
1.704685234262e+02,9.647251403213e-01
1.704785239262e+02,9.651215602731e-01
1.704885244262e+02,9.655239015237e-01
1.704985249262e+02,9.659320738766e-01
1.705085254263e+02,9.663459862390e-01
1.705185259263e+02,9.667655466566e-01
1.705285264263e+02,9.671906623472e-01
1.705385269263e+02,9.676212397356e-01
1.705485274264e+02,9.680571844874e-01
1.705585279264e+02,9.684984015431e-01
1.705685284264e+02,9.689447951520e-01
1.705785289264e+02,9.693962689058e-01
1.705885294265e+02,9.698527257723e-01
1.705985299265e+02,9.703140681287e-01
1.706085304265e+02,9.707801977946e-01
1.706185309265e+02,9.712510160650e-01
1.706285314266e+02,9.717264237429e-01
1.706385319266e+02,9.722063211716e-01
1.706485324266e+02,9.726906082669e-01
1.706585329266e+02,9.731791845485e-01
1.706685334267e+02,9.736719491721e-01
1.706785339267e+02,9.741688009598e-01
1.706885344267e+02,9.746696384311e-01
1.706985349267e+02,9.751743598337e-01
1.707085354268e+02,9.756828631730e-01
1.707185359268e+02,9.761950462418e-01
1.707285364268e+02,9.767108066500e-01
1.707385369268e+02,9.772300418528e-01
1.707485374269e+02,9.777526491798e-01
1.707585379269e+02,9.782785258624e-01
1.707685384269e+02,9.788075690618e-01
1.707785389269e+02,9.793396758959e-01
1.707885394270e+02,9.798747434661e-01
1.707985399270e+02,9.804126688835e-01
1.708085404270e+02,9.809533492946e-01
1.708185409270e+02,9.814966819067e-01
1.708285414271e+02,9.820425640129e-01
1.708385419271e+02,9.825908930159e-01
1.708485424271e+02,9.831415664524e-01
1.708585429271e+02,9.836944820166e-01
1.708685434272e+02,9.842495375824e-01
1.708785439272e+02,9.848066312267e-01
1.708885444272e+02,9.853656612505e-01
1.708985449272e+02,9.859265262011e-01
1.709085454273e+02,9.864891248926e-01
1.709185459273e+02,9.870533564263e-01
1.709285464273e+02,9.876191202112e-01
1.709385469273e+02,9.881863159828e-01
1.709485474274e+02,9.887548438226e-01
1.709585479274e+02,9.893246041763e-01
1.709685484274e+02,9.898954978719e-01
1.709785489274e+02,9.904674261374e-01
1.709885494275e+02,9.910402906176e-01
1.709985499275e+02,9.916139933908e-01
1.710085504275e+02,9.921884369848e-01
1.710185509275e+02,9.927635243925e-01
1.710285514276e+02,9.933391590874e-01
1.710385519276e+02,9.939152450376e-01
1.710485524276e+02,9.944916867206e-01
1.710585529276e+02,9.950683891369e-01
1.710685534277e+02,9.956452578232e-01
1.710785539277e+02,9.962221988654e-01
1.710885544277e+02,9.967991189108e-01
1.710985549277e+02,9.973759251804e-01
1.711085554278e+02,9.979525254802e-01
1.711185559278e+02,9.985288282125e-01
1.711285564278e+02,9.991047423863e-01
1.711385569278e+02,9.996801776280e-01
1.711485574279e+02,1.000255044191e+00
1.711585579279e+02,1.000829252965e+00
1.711685584279e+02,1.001402715487e+00
1.711785589279e+02,1.001975343945e+00
1.711885594280e+02,1.002547051193e+00
1.711985599280e+02,1.003117750754e+00
1.712085604280e+02,1.003687356830e+00
1.712185609280e+02,1.004255784307e+00
1.712285614281e+02,1.004822948765e+00
1.712385619281e+02,1.005388766482e+00
1.712485624281e+02,1.005953154440e+00
1.712585629281e+02,1.006516030335e+00
1.712685634282e+02,1.007077312575e+00
1.712785639282e+02,1.007636920294e+00
1.712885644282e+02,1.008194773348e+00
1.712985649282e+02,1.008750792328e+00
1.713085654283e+02,1.009304898558e+00
1.713185659283e+02,1.009857014101e+00
1.713285664283e+02,1.010407061766e+00
1.713385669283e+02,1.010954965105e+00
1.713485674284e+02,1.011500648421e+00
1.713585679284e+02,1.012044036770e+00
1.713685684284e+02,1.012585055963e+00
1.713785689284e+02,1.013123632569e+00
1.713885694285e+02,1.013659693916e+00
1.713985699285e+02,1.014193168095e+00
1.714085704285e+02,1.014723983958e+00
1.714185709285e+02,1.015252071125e+00
1.714285714286e+02,1.015777359980e+00
1.714385719286e+02,1.016299781675e+00
1.714485724286e+02,1.016819268132e+00
1.714585729286e+02,1.017335752038e+00
1.714685734287e+02,1.017849166853e+00
1.714785739287e+02,1.018359446806e+00
1.714885744287e+02,1.018866526893e+00
1.714985749287e+02,1.019370342883e+00
1.715085754288e+02,1.019870831314e+00
1.715185759288e+02,1.020367929492e+00
1.715285764288e+02,1.020861575491e+00
1.715385769288e+02,1.021351708157e+00
1.715485774289e+02,1.021838267100e+00
1.715585779289e+02,1.022321192696e+00
1.715685784289e+02,1.022800426088e+00
1.715785789289e+02,1.023275909183e+00
1.715885794290e+02,1.023747584650e+00
1.715985799290e+02,1.024215395920e+00
1.716085804290e+02,1.024679287184e+00
1.716185809290e+02,1.025139203392e+00
1.716285814291e+02,1.025595090249e+00
1.716385819291e+02,1.026046894216e+00
1.716485824291e+02,1.026494562506e+00
1.716585829291e+02,1.026938043086e+00
1.716685834292e+02,1.027377284667e+00
1.716785839292e+02,1.027812236711e+00
1.716885844292e+02,1.028242849424e+00
1.716985849292e+02,1.028669073752e+00
1.717085854293e+02,1.029090861384e+00
1.717185859293e+02,1.029508164744e+00
1.717285864293e+02,1.029920936995e+00
1.717385869293e+02,1.030329132029e+00
1.717485874294e+02,1.030732704471e+00
1.717585879294e+02,1.031131609672e+00
1.717685884294e+02,1.031525803709e+00
1.717785889294e+02,1.031915243383e+00
1.717885894295e+02,1.032299886212e+00
1.717985899295e+02,1.032679690433e+00
1.718085904295e+02,1.033054614998e+00
1.718185909295e+02,1.033424619569e+00
1.718285914296e+02,1.033789664519e+00
1.718385919296e+02,1.034149710927e+00
1.718485924296e+02,1.034504720574e+00
1.718585929296e+02,1.034854655944e+00
1.718685934297e+02,1.035199480216e+00
1.718785939297e+02,1.035539157268e+00
1.718885944297e+02,1.035873651668e+00
1.718985949297e+02,1.036202928673e+00
1.719085954298e+02,1.036526954230e+00
1.719185959298e+02,1.036845694967e+00
1.719285964298e+02,1.037159118194e+00
1.719385969298e+02,1.037467191902e+00
1.719485974299e+02,1.037769884755e+00
1.719585979299e+02,1.038067166091e+00
1.719685984299e+02,1.038359005920e+00
1.719785989299e+02,1.038645374918e+00
1.719885994300e+02,1.038926244427e+00
1.719985999300e+02,1.039201586451e+00
1.720086004300e+02,1.039471373655e+00
1.720186009300e+02,1.039735579360e+00
1.720286014301e+02,1.039994177543e+00
1.720386019301e+02,1.040247142834e+00
1.720486024301e+02,1.040494450510e+00
1.720586029301e+02,1.040736076499e+00
1.720686034302e+02,1.040971997372e+00
1.720786039302e+02,1.041202190343e+00
1.720886044302e+02,1.041426633267e+00
1.720986049302e+02,1.041645304635e+00
1.721086054303e+02,1.041858183578e+00
1.721186059303e+02,1.042065249856e+00
1.721286064303e+02,1.042266483864e+00
1.721386069303e+02,1.042461866624e+00
1.721486074304e+02,1.042651379787e+00
1.721586079304e+02,1.042835005629e+00
1.721686084304e+02,1.043012727050e+00
1.721786089304e+02,1.043184527569e+00
1.721886094305e+02,1.043350391328e+00
1.721986099305e+02,1.043510303083e+00
1.722086104305e+02,1.043664248211e+00
1.722186109305e+02,1.043812212698e+00
1.722286114306e+02,1.043954183148e+00
1.722386119306e+02,1.044090146771e+00
1.722486124306e+02,1.044220091391e+00
1.722586129306e+02,1.044344005438e+00
1.722686134307e+02,1.044461877948e+00
1.722786139307e+02,1.044573698564e+00
1.722886144307e+02,1.044679457532e+00
1.722986149307e+02,1.044779145702e+00
1.723086154308e+02,1.044872754524e+00
1.723186159308e+02,1.044960276050e+00
1.723286164308e+02,1.045041702930e+00
1.723386169308e+02,1.045117028414e+00
1.723486174309e+02,1.045186246349e+00
1.723586179309e+02,1.045249351177e+00
1.723686184309e+02,1.045306337937e+00
1.723786189309e+02,1.045357202265e+00
1.723886194310e+02,1.045401940388e+00
1.723986199310e+02,1.045440549128e+00
1.724086204310e+02,1.045473025901e+00
1.724186209310e+02,1.045499368714e+00
1.724286214311e+02,1.045519576168e+00
1.724386219311e+02,1.045533647453e+00
1.724486224311e+02,1.045541582354e+00
1.724586229311e+02,1.045543381245e+00
1.724686234312e+02,1.045539045090e+00
1.724786239312e+02,1.045528575447e+00
1.724886244312e+02,1.045511974462e+00
1.724986249312e+02,1.045489244874e+00
1.725086254313e+02,1.045460390010e+00
1.725186259313e+02,1.045425413789e+00
1.725286264313e+02,1.045384320724e+00
1.725386269313e+02,1.045337115916e+00
1.725486274314e+02,1.045283805057e+00
1.725586279314e+02,1.045224394435e+00
1.725686284314e+02,1.045158890926e+00
1.725786289314e+02,1.045087302003e+00
1.725886294315e+02,1.045009635728e+00
1.725986299315e+02,1.044925900760e+00
1.726086304315e+02,1.044836106354e+00
1.726186309315e+02,1.044740262356e+00
1.726286314316e+02,1.044638379211e+00
1.726386319316e+02,1.044530467961e+00
1.726486324316e+02,1.044416540246e+00
1.726586329316e+02,1.044296608304e+00
1.726686334317e+02,1.044170684973e+00
1.726786339317e+02,1.044038783692e+00
1.726886344317e+02,1.043900918502e+00
1.726986349317e+02,1.043757104047e+00
1.727086354318e+02,1.043607355575e+00
1.727186359318e+02,1.043451688941e+00
1.727286364318e+02,1.043290120607e+00
1.727386369318e+02,1.043122667640e+00
1.727486374319e+02,1.042949347721e+00
1.727586379319e+02,1.042770179139e+00
1.727686384319e+02,1.042585180798e+00
1.727786389319e+02,1.042394372215e+00
1.727886394320e+02,1.042197773523e+00
1.727986399320e+02,1.041995405472e+00
1.728086404320e+02,1.041787289431e+00
1.728186409320e+02,1.041573447393e+00
1.728286414321e+02,1.041353901969e+00
1.728386419321e+02,1.041128676397e+00
1.728486424321e+02,1.040897794542e+00
1.728586429321e+02,1.040661280896e+00
1.728686434322e+02,1.040419160580e+00
1.728786439322e+02,1.040171459350e+00
1.728886444322e+02,1.039918203592e+00
1.728986449322e+02,1.039659420332e+00
1.729086454323e+02,1.039395137232e+00
1.729186459323e+02,1.039125382595e+00
1.729286464323e+02,1.038850185364e+00
1.729386469323e+02,1.038569575128e+00
1.729486474324e+02,1.038283582124e+00
1.729586479324e+02,1.037992237234e+00
1.729686484324e+02,1.037695571993e+00
1.729786489324e+02,1.037393618589e+00
1.729886494325e+02,1.037086409863e+00
1.729986499325e+02,1.036773979317e+00
1.730086504325e+02,1.036456361107e+00
1.730186509325e+02,1.036133590057e+00
1.730286514326e+02,1.035805701650e+00
1.730386519326e+02,1.035472732037e+00
1.730486524326e+02,1.035134718037e+00
1.730586529326e+02,1.034791697140e+00
1.730686534327e+02,1.034443707509e+00
1.730786539327e+02,1.034090787980e+00
1.730886544327e+02,1.033732978068e+00
1.730986549327e+02,1.033370317967e+00
1.731086554328e+02,1.033002848552e+00
1.731186559328e+02,1.032630611382e+00
1.731286564328e+02,1.032253648701e+00
1.731386569328e+02,1.031872003441e+00
1.731486574329e+02,1.031485719223e+00
1.731586579329e+02,1.031094840362e+00
1.731686584329e+02,1.030699411865e+00
1.731786589329e+02,1.030299479435e+00
1.731886594330e+02,1.029895089472e+00
1.731986599330e+02,1.029486289077e+00
1.732086604330e+02,1.029073126051e+00
1.732186609330e+02,1.028655648898e+00
1.732286614331e+02,1.028233906828e+00
1.732386619331e+02,1.027807949755e+00
1.732486624331e+02,1.027377828303e+00
1.732586629331e+02,1.026943593803e+00
1.732686634332e+02,1.026505298299e+00
1.732786639332e+02,1.026062994546e+00
1.732886644332e+02,1.025616736013e+00
1.732986649332e+02,1.025166576882e+00
1.733086654333e+02,1.024712572051e+00
1.733186659333e+02,1.024254777135e+00
1.733286664333e+02,1.023793248467e+00
1.733386669333e+02,1.023328043096e+00
1.733486674334e+02,1.022859218793e+00
1.733586679334e+02,1.022386834044e+00
1.733686684334e+02,1.021910948058e+00
1.733786689334e+02,1.021431620764e+00
1.733886694335e+02,1.020948912809e+00
1.733986699335e+02,1.020462885561e+00
1.734086704335e+02,1.019973601111e+00
1.734186709335e+02,1.019481122265e+00
1.734286714336e+02,1.018985512552e+00
1.734386719336e+02,1.018486836219e+00
1.734486724336e+02,1.017985158230e+00
1.734586729336e+02,1.017480544267e+00
1.734686734337e+02,1.016973060730e+00
1.734786739337e+02,1.016462774730e+00
1.734886744337e+02,1.015949754095e+00
1.734986749337e+02,1.015434067363e+00
1.735086754338e+02,1.014915783782e+00
1.735186759338e+02,1.014394973311e+00
1.735286764338e+02,1.013871706610e+00
1.735386769338e+02,1.013346055046e+00
1.735486774339e+02,1.012818090685e+00
1.735586779339e+02,1.012287886292e+00
1.735686784339e+02,1.011755515326e+00
1.735786789339e+02,1.011221051936e+00
1.735886794340e+02,1.010684570962e+00
1.735986799340e+02,1.010146147924e+00
1.736086804340e+02,1.009605859024e+00
1.736186809340e+02,1.009063781140e+00
1.736286814341e+02,1.008519991819e+00
1.736386819341e+02,1.007974569275e+00
1.736486824341e+02,1.007427592381e+00
1.736586829341e+02,1.006879140668e+00
1.736686834342e+02,1.006329294312e+00
1.736786839342e+02,1.005778134137e+00
1.736886844342e+02,1.005225741600e+00
1.736986849342e+02,1.004672198790e+00
1.737086854343e+02,1.004117588418e+00
1.737186859343e+02,1.003561993813e+00
1.737286864343e+02,1.003005498910e+00
1.737386869343e+02,1.002448188243e+00
1.737486874344e+02,1.001890146941e+00
1.737586879344e+02,1.001331460714e+00
1.737686884344e+02,1.000772215844e+00
1.737786889344e+02,1.000212499182e+00
1.737886894345e+02,9.996523981292e-01
1.737986899345e+02,9.990920006342e-01
1.738086904345e+02,9.985313951785e-01
1.738186909345e+02,9.979706707668e-01
1.738286914346e+02,9.974099169156e-01
1.738386919346e+02,9.968492236415e-01
1.738486924346e+02,9.962886814490e-01
1.738586929346e+02,9.957283813184e-01
1.738686934347e+02,9.951684146923e-01
1.738786939347e+02,9.946088734631e-01
1.738886944347e+02,9.940498499584e-01
1.738986949347e+02,9.934914369276e-01
1.739086954348e+02,9.929337275272e-01
1.739186959348e+02,9.923768153057e-01
1.739286964348e+02,9.918207941882e-01
1.739386969348e+02,9.912657584608e-01
1.739486974349e+02,9.907118027543e-01
1.739586979349e+02,9.901590220277e-01
1.739686984349e+02,9.896075115507e-01
1.739786989349e+02,9.890573668866e-01
1.739886994350e+02,9.885086838741e-01
1.739986999350e+02,9.879615586093e-01
1.740087004350e+02,9.874160874263e-01
1.740187009350e+02,9.868723668785e-01
1.740287014351e+02,9.863304937186e-01
1.740387019351e+02,9.857905648786e-01
1.740487024351e+02,9.852526774494e-01
1.740587029351e+02,9.847169286595e-01
1.740687034352e+02,9.841834158539e-01
1.740787039352e+02,9.836522364723e-01
1.740887044352e+02,9.831234880266e-01
1.740987049352e+02,9.825972680784e-01
1.741087054353e+02,9.820736742162e-01
1.741187059353e+02,9.815528040313e-01
1.741287064353e+02,9.810347550947e-01
1.741387069353e+02,9.805196249320e-01
1.741487074354e+02,9.800075109997e-01
1.741587079354e+02,9.794985106591e-01
1.741687084354e+02,9.789927211517e-01
1.741787089354e+02,9.784902395729e-01
1.741887094355e+02,9.779911628464e-01
1.741987099355e+02,9.774955876969e-01
1.742087104355e+02,9.770036106239e-01
1.742187109355e+02,9.765153278741e-01
1.742287114356e+02,9.760308354144e-01
1.742387119356e+02,9.755502289034e-01
1.742487124356e+02,9.750736036636e-01
1.742587129356e+02,9.746010546532e-01
1.742687134357e+02,9.741326764369e-01
1.742787139357e+02,9.736685631574e-01
1.742887144357e+02,9.732088085059e-01
1.742987149357e+02,9.727535056926e-01
1.743087154358e+02,9.723027474173e-01
1.743187159358e+02,9.718566258392e-01
1.743287164358e+02,9.714152325472e-01
1.743387169358e+02,9.709786585291e-01
1.743487174359e+02,9.705469941416e-01
1.743587179359e+02,9.701203290796e-01
1.743687184359e+02,9.696987523457e-01
1.743787189359e+02,9.692823522191e-01
1.743887194360e+02,9.688712162249e-01
1.743987199360e+02,9.684654311030e-01
1.744087204360e+02,9.680650827773e-01
1.744187209360e+02,9.676702563248e-01
1.744287214361e+02,9.672810359441e-01
1.744387219361e+02,9.668975049247e-01
1.744487224361e+02,9.665197456159e-01
1.744587229361e+02,9.661478393962e-01
1.744687234362e+02,9.657818666417e-01
1.744787239362e+02,9.654219066962e-01
1.744887244362e+02,9.650680378399e-01
1.744987249362e+02,9.647203372593e-01
1.745087254363e+02,9.643788810166e-01
1.745187259363e+02,9.640437440199e-01
1.745287264363e+02,9.637149999928e-01
1.745387269363e+02,9.633927214453e-01
1.745487274364e+02,9.630769796438e-01
1.745587279364e+02,9.627678445822e-01
1.745687284364e+02,9.624653849532e-01
1.745787289364e+02,9.621696681197e-01
1.745887294365e+02,9.618807600864e-01
1.745987299365e+02,9.615987254725e-01
1.746087304365e+02,9.613236274838e-01
1.746187309365e+02,9.610555278864e-01
1.746287314366e+02,9.607944869793e-01
1.746387319366e+02,9.605405635695e-01
1.746487324366e+02,9.602938149455e-01
1.746587329366e+02,9.600542968529e-01
1.746687334367e+02,9.598220634695e-01
1.746787339367e+02,9.595971673820e-01
1.746887344367e+02,9.593796595618e-01
1.746987349367e+02,9.591695893434e-01
1.747087354368e+02,9.589670044012e-01
1.747187359368e+02,9.587719507290e-01
1.747287364368e+02,9.585844726187e-01
1.747387369368e+02,9.584046126404e-01
1.747487374369e+02,9.582324116230e-01
1.747587379369e+02,9.580679086356e-01
1.747687384369e+02,9.579111409697e-01
1.747787389369e+02,9.577621441219e-01
1.747887394370e+02,9.576209517778e-01
1.747987399370e+02,9.574875957961e-01
1.748087404370e+02,9.573621061943e-01
1.748187409370e+02,9.572445111344e-01
1.748287414371e+02,9.571348369102e-01
1.748387419371e+02,9.570331079346e-01
1.748487424371e+02,9.569393467290e-01
1.748587429371e+02,9.568535739120e-01
1.748687434372e+02,9.567758081904e-01
1.748787439372e+02,9.567060663502e-01
1.748887444372e+02,9.566443632490e-01
1.748987449372e+02,9.565907118092e-01
1.749087454373e+02,9.565451230117e-01
1.749187459373e+02,9.565076058914e-01
1.749287464373e+02,9.564781675327e-01
1.749387469373e+02,9.564568130664e-01
1.749487474374e+02,9.564435456679e-01
1.749587479374e+02,9.564383665554e-01
1.749687484374e+02,9.564412749899e-01
1.749787489374e+02,9.564522682758e-01
1.749887494375e+02,9.564713417623e-01
1.749987499375e+02,9.564984888462e-01
1.750087504375e+02,9.565337009750e-01
1.750187509375e+02,9.565769676516e-01
1.750287514376e+02,9.566282764396e-01
1.750387519376e+02,9.566876129691e-01
1.750487524376e+02,9.567549609444e-01
1.750587529376e+02,9.568303021520e-01
1.750687534377e+02,9.569136164691e-01
1.750787539377e+02,9.570048818742e-01
1.750887544377e+02,9.571040744571e-01
1.750987549377e+02,9.572111684312e-01
1.751087554378e+02,9.573261361456e-01
1.751187559378e+02,9.574489480983e-01
1.751287564378e+02,9.575795729510e-01
1.751387569378e+02,9.577179775435e-01
1.751487574379e+02,9.578641269096e-01
1.751587579379e+02,9.580179842939e-01
1.751687584379e+02,9.581795111691e-01
1.751787589379e+02,9.583486672541e-01
1.751887594380e+02,9.585254105327e-01
1.751987599380e+02,9.587096972735e-01
1.752087604380e+02,9.589014820500e-01
1.752187609380e+02,9.591007177615e-01
1.752287614381e+02,9.593073556550e-01
1.752387619381e+02,9.595213453471e-01
1.752487624381e+02,9.597426348472e-01
1.752587629381e+02,9.599711705809e-01
1.752687634382e+02,9.602068974142e-01
1.752787639382e+02,9.604497586779e-01
1.752887644382e+02,9.606996961927e-01
1.752987649382e+02,9.609566502955e-01
1.753087654383e+02,9.612205598646e-01
1.753187659383e+02,9.614913623473e-01
1.753287664383e+02,9.617689937862e-01
1.753387669383e+02,9.620533888473e-01
1.753487674384e+02,9.623444808475e-01
1.753587679384e+02,9.626422017827e-01
1.753687684384e+02,9.629464823571e-01
1.753787689384e+02,9.632572520114e-01
1.753887694385e+02,9.635744389525e-01
1.753987699385e+02,9.638979701826e-01
1.754087704385e+02,9.642277715293e-01
1.754187709385e+02,9.645637676756e-01
1.754287714386e+02,9.649058821897e-01
1.754387719386e+02,9.652540375557e-01
1.754487724386e+02,9.656081552042e-01
1.754587729386e+02,9.659681555427e-01
1.754687734387e+02,9.663339579864e-01
1.754787739387e+02,9.667054809893e-01
1.754887744387e+02,9.670826420750e-01
1.754987749387e+02,9.674653578676e-01
1.755087754388e+02,9.678535441229e-01
1.755187759388e+02,9.682471157594e-01
1.755287764388e+02,9.686459868891e-01
1.755387769388e+02,9.690500708485e-01
1.755487774389e+02,9.694592802300e-01
1.755587779389e+02,9.698735269120e-01
1.755687784389e+02,9.702927220901e-01
1.755787789389e+02,9.707167763077e-01
1.755887794390e+02,9.711455994865e-01
1.755987799390e+02,9.715791009565e-01
1.756087804390e+02,9.720171894868e-01
1.756187809390e+02,9.724597733152e-01
1.756287814391e+02,9.729067601780e-01
1.756387819391e+02,9.733580573398e-01
1.756487824391e+02,9.738135716228e-01
1.756587829391e+02,9.742732094358e-01
1.756687834392e+02,9.747368768034e-01
1.756787839392e+02,9.752044793942e-01
1.756887844392e+02,9.756759225492e-01
1.756987849392e+02,9.761511113104e-01
1.757087854393e+02,9.766299504475e-01
1.757187859393e+02,9.771123444863e-01
1.757287864393e+02,9.775981977352e-01
1.757387869393e+02,9.780874143121e-01
1.757487874394e+02,9.785798981707e-01
1.757587879394e+02,9.790755531269e-01
1.757687884394e+02,9.795742828838e-01
1.757787889394e+02,9.800759910578e-01
1.757887894395e+02,9.805805812030e-01
1.757987899395e+02,9.810879568356e-01
1.758087904395e+02,9.815980214588e-01
1.758187909395e+02,9.821106785857e-01
1.758287914396e+02,9.826258317630e-01
1.758387919396e+02,9.831433845942e-01
1.758487924396e+02,9.836632407616e-01
1.758587929396e+02,9.841853040486e-01
1.758687934397e+02,9.847094783618e-01
1.758787939397e+02,9.852356677515e-01
1.758887944397e+02,9.857637764330e-01
1.758987949397e+02,9.862937088072e-01
1.759087954398e+02,9.868253694800e-01
1.759187959398e+02,9.873586632822e-01
1.759287964398e+02,9.878934952888e-01
1.759387969398e+02,9.884297708371e-01
1.759487974399e+02,9.889673955456e-01
1.759587979399e+02,9.895062753313e-01
1.759687984399e+02,9.900463164274e-01
1.759787989399e+02,9.905874254001e-01
1.759887994400e+02,9.911295091651e-01
1.759987999400e+02,9.916724750041e-01
1.760088004400e+02,9.922162305798e-01
1.760188009400e+02,9.927606839516e-01
1.760288014401e+02,9.933057435903e-01
1.760388019401e+02,9.938513183927e-01
1.760488024401e+02,9.943973176953e-01
1.760588029401e+02,9.949436512880e-01
1.760688034402e+02,9.954902294274e-01
1.760788039402e+02,9.960369628493e-01
1.760888044402e+02,9.965837627815e-01
1.760988049402e+02,9.971305409553e-01
1.761088054403e+02,9.976772096173e-01
1.761188059403e+02,9.982236815407e-01
1.761288064403e+02,9.987698700361e-01
1.761388069403e+02,9.993156889615e-01
1.761488074404e+02,9.998610527331e-01
1.761588079404e+02,1.000405876334e+00
1.761688084404e+02,1.000950075326e+00
1.761788089404e+02,1.001493565853e+00
1.761888094405e+02,1.002036264657e+00
1.761988099405e+02,1.002578089082e+00
1.762088104405e+02,1.003118957080e+00
1.762188109405e+02,1.003658787225e+00
1.762288114406e+02,1.004197498714e+00
1.762388119406e+02,1.004735011377e+00
1.762488124406e+02,1.005271245683e+00
1.762588129406e+02,1.005806122748e+00
1.762688134407e+02,1.006339564338e+00
1.762788139407e+02,1.006871492876e+00
1.762888144407e+02,1.007401831447e+00
1.762988149407e+02,1.007930503806e+00
1.763088154408e+02,1.008457434380e+00
1.763188159408e+02,1.008982548271e+00
1.763288164408e+02,1.009505771264e+00
1.763388169408e+02,1.010027029831e+00
1.763488174409e+02,1.010546251132e+00
1.763588179409e+02,1.011063363018e+00
1.763688184409e+02,1.011578294041e+00
1.763788189409e+02,1.012090973446e+00
1.763888194410e+02,1.012601331187e+00
1.763988199410e+02,1.013109297918e+00
1.764088204410e+02,1.013614805001e+00
1.764188209410e+02,1.014117784508e+00
1.764288214411e+02,1.014618169223e+00
1.764388219411e+02,1.015115892643e+00
1.764488224411e+02,1.015610888978e+00
1.764588229411e+02,1.016103093154e+00
1.764688234412e+02,1.016592440818e+00
1.764788239412e+02,1.017078868332e+00
1.764888244412e+02,1.017562312776e+00
1.764988249412e+02,1.018042711955e+00
1.765088254413e+02,1.018520004389e+00
1.765188259413e+02,1.018994129321e+00
1.765288264413e+02,1.019465026717e+00
1.765388269413e+02,1.019932637260e+00
1.765488274414e+02,1.020396902357e+00
1.765588279414e+02,1.020857764136e+00
1.765688284414e+02,1.021315165443e+00
1.765788289414e+02,1.021769049846e+00
1.765888294415e+02,1.022219361633e+00
1.765988299415e+02,1.022666045809e+00
1.766088304415e+02,1.023109048099e+00
1.766188309415e+02,1.023548314942e+00
1.766288314416e+02,1.023983793497e+00
1.766388319416e+02,1.024415431636e+00
1.766488324416e+02,1.024843177944e+00
1.766588329416e+02,1.025266981720e+00
1.766688334417e+02,1.025686792975e+00
1.766788339417e+02,1.026102562427e+00
1.766888344417e+02,1.026514241505e+00
1.766988349417e+02,1.026921782342e+00
1.767088354418e+02,1.027325137779e+00
1.767188359418e+02,1.027724261358e+00
1.767288364418e+02,1.028119107324e+00
1.767388369418e+02,1.028509630620e+00
1.767488374419e+02,1.028895786889e+00
1.767588379419e+02,1.029277532468e+00
1.767688384419e+02,1.029654824389e+00
1.767788389419e+02,1.030027620375e+00
1.767888394420e+02,1.030395878840e+00
1.767988399420e+02,1.030759558885e+00
1.768088404420e+02,1.031118620297e+00
1.768188409420e+02,1.031473023546e+00
1.768288414421e+02,1.031822729784e+00
1.768388419421e+02,1.032167700842e+00
1.768488424421e+02,1.032507899228e+00
1.768588429421e+02,1.032843288123e+00
1.768688434422e+02,1.033173831383e+00
1.768788439422e+02,1.033499493533e+00
1.768888444422e+02,1.033820239765e+00
1.768988449422e+02,1.034136035939e+00
1.769088454423e+02,1.034446848576e+00
1.769188459423e+02,1.034752644860e+00
1.769288464423e+02,1.035053392632e+00
1.769388469423e+02,1.035349060391e+00
1.769488474424e+02,1.035639617289e+00
1.769588479424e+02,1.035925033131e+00
1.769688484424e+02,1.036205278372e+00
1.769788489424e+02,1.036480324114e+00
1.769888494425e+02,1.036750142104e+00
1.769988499425e+02,1.037014704732e+00
1.770088504425e+02,1.037273985030e+00
1.770188509425e+02,1.037527956668e+00
1.770288514426e+02,1.037776593952e+00
1.770388519426e+02,1.038019871824e+00
1.770488524426e+02,1.038257765856e+00
1.770588529426e+02,1.038490252254e+00
1.770688534427e+02,1.038717307848e+00
1.770788539427e+02,1.038938910096e+00
1.770888544427e+02,1.039155037082e+00
1.770988549427e+02,1.039365667509e+00
1.771088554428e+02,1.039570780702e+00
1.771188559428e+02,1.039770356605e+00
1.771288564428e+02,1.039964375777e+00
1.771388569428e+02,1.040152819394e+00
1.771488574429e+02,1.040335669241e+00
1.771588579429e+02,1.040512907719e+00
1.771688584429e+02,1.040684517836e+00
1.771788589429e+02,1.040850483206e+00
1.771888594430e+02,1.041010788054e+00
1.771988599430e+02,1.041165417205e+00
1.772088604430e+02,1.041314356090e+00
1.772188609430e+02,1.041457590740e+00
1.772288614431e+02,1.041595107787e+00
1.772388619431e+02,1.041726894461e+00
1.772488624431e+02,1.041852938591e+00
1.772588629431e+02,1.041973228601e+00
1.772688634432e+02,1.042087753510e+00
1.772788639432e+02,1.042196502929e+00
1.772888644432e+02,1.042299467065e+00
1.772988649432e+02,1.042396636713e+00
1.773088654433e+02,1.042488003260e+00
1.773188659433e+02,1.042573558683e+00
1.773288664433e+02,1.042653295546e+00
1.773388669433e+02,1.042727207000e+00
1.773488674434e+02,1.042795286784e+00
1.773588679434e+02,1.042857529222e+00
1.773688684434e+02,1.042913929224e+00
1.773788689434e+02,1.042964482282e+00
1.773888694435e+02,1.043009184475e+00
1.773988699435e+02,1.043048032463e+00
1.774088704435e+02,1.043081023488e+00
1.774188709435e+02,1.043108155377e+00
1.774288714436e+02,1.043129426535e+00
1.774388719436e+02,1.043144835950e+00
1.774488724436e+02,1.043154383193e+00
1.774588729436e+02,1.043158068412e+00
1.774688734437e+02,1.043155892338e+00
1.774788739437e+02,1.043147856282e+00
1.774888744437e+02,1.043133962134e+00
1.774988749437e+02,1.043114212366e+00
1.775088754438e+02,1.043088610028e+00
1.775188759438e+02,1.043057158753e+00
1.775288764438e+02,1.043019862753e+00
1.775388769438e+02,1.042976726819e+00
1.775488774439e+02,1.042927756325e+00
1.775588779439e+02,1.042872957226e+00
1.775688784439e+02,1.042812336056e+00
1.775788789439e+02,1.042745899934e+00
1.775888794440e+02,1.042673656558e+00
1.775988799440e+02,1.042595614211e+00
1.776088804440e+02,1.042511781758e+00
1.776188809440e+02,1.042422168648e+00
1.776288814441e+02,1.042326784914e+00
1.776388819441e+02,1.042225641174e+00
1.776488824441e+02,1.042118748633e+00
1.776588829441e+02,1.042006119081e+00
1.776688834442e+02,1.041887764895e+00
1.776788839442e+02,1.041763699043e+00
1.776888844442e+02,1.041633935078e+00
1.776988849442e+02,1.041498487147e+00
1.777088854443e+02,1.041357369985e+00
1.777188859443e+02,1.041210598922e+00
1.777288864443e+02,1.041058189878e+00
1.777388869443e+02,1.040900159370e+00
1.777488874444e+02,1.040736524509e+00
1.777588879444e+02,1.040567303003e+00
1.777688884444e+02,1.040392513159e+00
1.777788889444e+02,1.040212173881e+00
1.777888894445e+02,1.040026304675e+00
1.777988899445e+02,1.039834925649e+00
1.778088904445e+02,1.039638057515e+00
1.778188909445e+02,1.039435721587e+00
1.778288914446e+02,1.039227939788e+00
1.778388919446e+02,1.039014734648e+00
1.778488924446e+02,1.038796129304e+00
1.778588929446e+02,1.038572147508e+00
1.778688934447e+02,1.038342813619e+00
1.778788939447e+02,1.038108152615e+00
1.778888944447e+02,1.037868190086e+00
1.778988949447e+02,1.037622952241e+00
1.779088954448e+02,1.037372465906e+00
1.779188959448e+02,1.037116758530e+00
1.779288964448e+02,1.036855858181e+00
1.779388969448e+02,1.036589793554e+00
1.779488974449e+02,1.036318593968e+00
1.779588979449e+02,1.036042289369e+00
1.779688984449e+02,1.035760910333e+00
1.779788989449e+02,1.035474488067e+00
1.779888994450e+02,1.035183054409e+00
1.779988999450e+02,1.034886641833e+00
1.780089004450e+02,1.034585283448e+00
1.780189009450e+02,1.034279013003e+00
1.780289014451e+02,1.033967864883e+00
1.780389019451e+02,1.033651874117e+00
1.780489024451e+02,1.033331076377e+00
1.780589029451e+02,1.033005507979e+00
1.780689034452e+02,1.032675205886e+00
1.780789039452e+02,1.032340207709e+00
1.780889044452e+02,1.032000551710e+00
1.780989049452e+02,1.031656276800e+00
1.781089054453e+02,1.031307422546e+00
1.781189059453e+02,1.030954029168e+00
1.781289064453e+02,1.030596137545e+00
1.781389069453e+02,1.030233789212e+00
1.781489074454e+02,1.029867026362e+00
1.781589079454e+02,1.029495891853e+00
1.781689084454e+02,1.029120429201e+00
1.781789089454e+02,1.028740682591e+00
1.781889094455e+02,1.028356696868e+00
1.781989099455e+02,1.027968517547e+00
1.782089104455e+02,1.027576190809e+00
1.782189109455e+02,1.027179763504e+00
1.782289114456e+02,1.026779283153e+00
1.782389119456e+02,1.026374797948e+00
1.782489124456e+02,1.025966356751e+00
1.782589129456e+02,1.025554009100e+00
1.782689134457e+02,1.025137805205e+00
1.782789139457e+02,1.024717795950e+00
1.782889144457e+02,1.024294032895e+00
1.782989149457e+02,1.023866568277e+00
1.783089154458e+02,1.023435455008e+00
1.783189159458e+02,1.023000746677e+00
1.783289164458e+02,1.022562497549e+00
1.783389169458e+02,1.022120762568e+00
1.783489174459e+02,1.021675597354e+00
1.783589179459e+02,1.021227058205e+00
1.783689184459e+02,1.020775202095e+00
1.783789189459e+02,1.020320086676e+00
1.783889194460e+02,1.019861770275e+00
1.783989199460e+02,1.019400311897e+00
1.784089204460e+02,1.018935771221e+00
1.784189209460e+02,1.018468208599e+00
1.784289214461e+02,1.017997685059e+00
1.784389219461e+02,1.017524262299e+00
1.784489224461e+02,1.017048002689e+00
1.784589229461e+02,1.016568969271e+00
1.784689234462e+02,1.016087225750e+00
1.784789239462e+02,1.015602836501e+00
1.784889244462e+02,1.015115866563e+00
1.784989249462e+02,1.014626381636e+00
1.785089254463e+02,1.014134448080e+00
1.785189259463e+02,1.013640132913e+00
1.785289264463e+02,1.013143503808e+00
1.785389269463e+02,1.012644629089e+00
1.785489274464e+02,1.012143577729e+00
1.785589279464e+02,1.011640419346e+00
1.785689284464e+02,1.011135224200e+00
1.785789289464e+02,1.010628063190e+00
1.785889294465e+02,1.010119007847e+00
1.785989299465e+02,1.009608130334e+00
1.786089304465e+02,1.009095503437e+00
1.786189309465e+02,1.008581200566e+00
1.786289314466e+02,1.008065295742e+00
1.786389319466e+02,1.007547863602e+00
1.786489324466e+02,1.007028979383e+00
1.786589329466e+02,1.006508718925e+00
1.786689334467e+02,1.005987158657e+00
1.786789339467e+02,1.005464375600e+00
1.786889344467e+02,1.004940447351e+00
1.786989349467e+02,1.004415452082e+00
1.787089354468e+02,1.003889468533e+00
1.787189359468e+02,1.003362575999e+00
1.787289364468e+02,1.002834854329e+00
1.787389369468e+02,1.002306383915e+00
1.787489374469e+02,1.001777245682e+00
1.787589379469e+02,1.001247521082e+00
1.787689384469e+02,1.000717292082e+00
1.787789389469e+02,1.000186641160e+00
1.787889394470e+02,9.996556512891e-01
1.787989399470e+02,9.991244059302e-01
1.788089404470e+02,9.985929890228e-01
1.788189409470e+02,9.980614849725e-01
1.788289414471e+02,9.975299786408e-01
1.788389419471e+02,9.969985553334e-01
1.788489424471e+02,9.964673007884e-01
1.788589429471e+02,9.959363011645e-01
1.788689434472e+02,9.954056430284e-01
1.788789439472e+02,9.948754133416e-01
1.788889444472e+02,9.943456994478e-01
1.788989449472e+02,9.938165890588e-01
1.789089454473e+02,9.932881702409e-01
1.789189459473e+02,9.927605314004e-01
1.789289464473e+02,9.922337612689e-01
1.789389469473e+02,9.917079488885e-01
1.789489474474e+02,9.911831835959e-01
1.789589479474e+02,9.906595550068e-01
1.789689484474e+02,9.901371529998e-01
1.789789489474e+02,9.896160676996e-01
1.789889494475e+02,9.890963894601e-01
1.789989499475e+02,9.885782088470e-01
1.790089504475e+02,9.880616166203e-01
1.790189509475e+02,9.875467037158e-01
1.790289514476e+02,9.870335612268e-01
1.790389519476e+02,9.865222803853e-01
1.790489524476e+02,9.860129525425e-01
1.790589529476e+02,9.855056691495e-01
1.790689534477e+02,9.850005217371e-01
1.790789539477e+02,9.844976018954e-01
1.790889544477e+02,9.839970012531e-01
1.790989549477e+02,9.834988114566e-01
1.791089554478e+02,9.830031241483e-01
1.791189559478e+02,9.825100309447e-01
1.791289564478e+02,9.820196234149e-01
1.791389569478e+02,9.815319930573e-01
1.791489574479e+02,9.810472312772e-01
1.791589579479e+02,9.805654293635e-01
1.791689584479e+02,9.800866784655e-01
1.791789589479e+02,9.796110695687e-01
1.791889594480e+02,9.791386934710e-01
1.791989599480e+02,9.786696407581e-01
1.792089604480e+02,9.782040017790e-01
1.792189609480e+02,9.777418666206e-01
1.792289614481e+02,9.772833250832e-01
1.792389619481e+02,9.768284666542e-01
1.792489624481e+02,9.763773804827e-01
1.792589629481e+02,9.759301553535e-01
1.792689634482e+02,9.754868796609e-01
1.792789639482e+02,9.750476413821e-01
1.792889644482e+02,9.746125280504e-01
1.792989649482e+02,9.741816267286e-01
1.793089654483e+02,9.737550239820e-01
1.793189659483e+02,9.733328058510e-01
1.793289664483e+02,9.729150578236e-01
1.793389669483e+02,9.725018648083e-01
1.793489674484e+02,9.720933111061e-01
1.793589679484e+02,9.716894803831e-01
1.793689684484e+02,9.712904556424e-01
1.793789689484e+02,9.708963191962e-01
1.793889694485e+02,9.705071526380e-01
1.793989699485e+02,9.701230368145e-01
1.794089704485e+02,9.697440517976e-01
1.794189709485e+02,9.693702768563e-01
1.794289714486e+02,9.690017904286e-01
1.794389719486e+02,9.686386700938e-01
1.794489724486e+02,9.682809925441e-01
1.794589729486e+02,9.679288335570e-01
1.794689734487e+02,9.675822679675e-01
1.794789739487e+02,9.672413696403e-01
1.794889744487e+02,9.669062114420e-01
1.794989749487e+02,9.665768652142e-01
1.795089754488e+02,9.662534017455e-01
1.795189759488e+02,9.659358907453e-01
1.795289764488e+02,9.656244008159e-01
1.795389769488e+02,9.653189994267e-01
1.795489774489e+02,9.650197528872e-01
1.795589779489e+02,9.647267263212e-01
1.795689784489e+02,9.644399836405e-01
1.795789789489e+02,9.641595875200e-01
1.795889794490e+02,9.638855993716e-01
1.795989799490e+02,9.636180793200e-01
1.796089804490e+02,9.633570861779e-01
1.796189809490e+02,9.631026774219e-01
1.796289814491e+02,9.628549091686e-01
1.796389819491e+02,9.626138361515e-01
1.796489824491e+02,9.623795116979e-01
1.796589829491e+02,9.621519877071e-01
1.796689834492e+02,9.619313146275e-01
1.796789839492e+02,9.617175414361e-01
1.796889844492e+02,9.615107156172e-01
1.796989849492e+02,9.613108831421e-01
1.797089854493e+02,9.611180884495e-01
1.797189859493e+02,9.609323744259e-01
1.797289864493e+02,9.607537823875e-01
1.797389869493e+02,9.605823520620e-01
1.797489874494e+02,9.604181215711e-01
1.797589879494e+02,9.602611274142e-01
1.797689884494e+02,9.601114044517e-01
1.797789889494e+02,9.599689858904e-01
1.797889894495e+02,9.598339032684e-01
1.797989899495e+02,9.597061864409e-01
1.798089904495e+02,9.595858635676e-01
1.798189909495e+02,9.594729610997e-01
1.798289914496e+02,9.593675037681e-01
1.798389919496e+02,9.592695145727e-01
1.798489924496e+02,9.591790147720e-01
1.798589929496e+02,9.590960238734e-01
1.798689934497e+02,9.590205596250e-01
1.798789939497e+02,9.589526380070e-01
1.798889944497e+02,9.588922732254e-01
1.798989949497e+02,9.588394777051e-01
1.799089954498e+02,9.587942620845e-01
1.799189959498e+02,9.587566352112e-01
1.799289964498e+02,9.587266041379e-01
1.799389969498e+02,9.587041741193e-01
1.799489974499e+02,9.586893486101e-01
1.799589979499e+02,9.586821292635e-01
1.799689984499e+02,9.586825159310e-01
1.799789989499e+02,9.586905066622e-01
1.799889994500e+02,9.587060977067e-01
1.799989999500e+02,9.587292835151e-01
1.800090004500e+02,9.587600567428e-01
1.800190009500e+02,9.587984082529e-01
1.800290014501e+02,9.588443271214e-01
1.800390019501e+02,9.588978006416e-01
1.800490024501e+02,9.589588143311e-01
1.800590029501e+02,9.590273519380e-01
1.800690034502e+02,9.591033954491e-01
1.800790039502e+02,9.591869250983e-01
1.800890044502e+02,9.592779193755e-01
1.800990049502e+02,9.593763550375e-01
1.801090054503e+02,9.594822071181e-01
1.801190059503e+02,9.595954489398e-01
1.801290064503e+02,9.597160521266e-01
1.801390069503e+02,9.598439866168e-01
1.801490074504e+02,9.599792206765e-01
1.801590079504e+02,9.601217209146e-01
1.801690084504e+02,9.602714522980e-01
1.801790089504e+02,9.604283781668e-01
1.801890094505e+02,9.605924602519e-01
1.801990099505e+02,9.607636586912e-01
1.802090104505e+02,9.609419320482e-01
1.802190109505e+02,9.611272373300e-01
1.802290114506e+02,9.613195300063e-01
1.802390119506e+02,9.615187640296e-01
1.802490124506e+02,9.617248918548e-01
1.802590129506e+02,9.619378644601e-01
1.802690134507e+02,9.621576313685e-01
1.802790139507e+02,9.623841406694e-01
1.802890144507e+02,9.626173390409e-01
1.802990149507e+02,9.628571717724e-01
1.803090154508e+02,9.631035827883e-01
1.803190159508e+02,9.633565146709e-01
1.803290164508e+02,9.636159086852e-01
1.803390169508e+02,9.638817048027e-01
1.803490174509e+02,9.641538417266e-01
1.803590179509e+02,9.644322569168e-01
1.803690184509e+02,9.647168866155e-01
1.803790189509e+02,9.650076658728e-01
1.803890194510e+02,9.653045285729e-01
1.803990199510e+02,9.656074074607e-01
1.804090204510e+02,9.659162341680e-01
1.804190209510e+02,9.662309392404e-01
1.804290214511e+02,9.665514521647e-01
1.804390219511e+02,9.668777013957e-01
1.804490224511e+02,9.672096143838e-01
1.804590229511e+02,9.675471176025e-01
1.804690234512e+02,9.678901365763e-01
1.804790239512e+02,9.682385959079e-01
1.804890244512e+02,9.685924193067e-01
1.804990249512e+02,9.689515296163e-01
1.805090254513e+02,9.693158488427e-01
1.805190259513e+02,9.696852981824e-01
1.805290264513e+02,9.700597980501e-01
1.805390269513e+02,9.704392681069e-01
1.805490274514e+02,9.708236272886e-01
1.805590279514e+02,9.712127938332e-01
1.805690284514e+02,9.716066853089e-01
1.805790289514e+02,9.720052186423e-01
1.805890294515e+02,9.724083101456e-01
1.805990299515e+02,9.728158755449e-01
1.806090304515e+02,9.732278300069e-01
1.806190309515e+02,9.736440881671e-01
1.806290314516e+02,9.740645641566e-01
1.806390319516e+02,9.744891716291e-01
1.806490324516e+02,9.749178237881e-01
1.806590329516e+02,9.753504334134e-01
1.806690334517e+02,9.757869128877e-01
1.806790339517e+02,9.762271742227e-01
1.806890344517e+02,9.766711290855e-01
1.806990349517e+02,9.771186888241e-01
1.807090354518e+02,9.775697644931e-01
1.807190359518e+02,9.780242668789e-01
1.807290364518e+02,9.784821065252e-01
1.807390369518e+02,9.789431937569e-01
1.807490374519e+02,9.794074387054e-01
1.807590379519e+02,9.798747513323e-01
1.807690384519e+02,9.803450414534e-01
1.807790389519e+02,9.808182187624e-01
1.807890394520e+02,9.812941928538e-01
1.807990399520e+02,9.817728732459e-01
1.808090404520e+02,9.822541694038e-01
1.808190409520e+02,9.827379907609e-01
1.808290414521e+02,9.832242467414e-01
1.808390419521e+02,9.837128467815e-01
1.808490424521e+02,9.842037003506e-01
1.808590429521e+02,9.846967169724e-01
1.808690434522e+02,9.851918062448e-01
1.808790439522e+02,9.856888778607e-01
1.808890444522e+02,9.861878416270e-01
1.808990449522e+02,9.866886074845e-01
1.809090454523e+02,9.871910855265e-01
1.809190459523e+02,9.876951860177e-01
1.809290464523e+02,9.882008194122e-01
1.809390469523e+02,9.887078963713e-01
1.809490474524e+02,9.892163277812e-01
1.809590479524e+02,9.897260247697e-01
1.809690484524e+02,9.902368987234e-01
1.809790489524e+02,9.907488613035e-01
1.809890494525e+02,9.912618244621e-01
1.809990499525e+02,9.917757004575e-01
1.810090504525e+02,9.922904018697e-01
1.810190509525e+02,9.928058416146e-01
1.810290514526e+02,9.933219329591e-01
1.810390519526e+02,9.938385895349e-01
1.810490524526e+02,9.943557253520e-01
1.810590529526e+02,9.948732548121e-01
1.810690534527e+02,9.953910927216e-01
1.810790539527e+02,9.959091543042e-01
1.810890544527e+02,9.964273552131e-01
1.810990549527e+02,9.969456115427e-01
1.811090554528e+02,9.974638398403e-01
1.811190559528e+02,9.979819571170e-01
1.811290564528e+02,9.984998808590e-01
1.811390569528e+02,9.990175290374e-01
1.811490574529e+02,9.995348201188e-01
1.811590579529e+02,1.000051673075e+00
1.811690584529e+02,1.000568007392e+00
1.811790589529e+02,1.001083743079e+00
1.811890594530e+02,1.001598800680e+00
1.811990599530e+02,1.002113101277e+00
1.812090604530e+02,1.002626566504e+00
1.812190609530e+02,1.003139118548e+00
1.812290614531e+02,1.003650680166e+00
1.812390619531e+02,1.004161174681e+00
1.812490624531e+02,1.004670525999e+00
1.812590629531e+02,1.005178658610e+00
1.812690634532e+02,1.005685497595e+00
1.812790639532e+02,1.006190968635e+00
1.812890644532e+02,1.006694998011e+00
1.812990649532e+02,1.007197512618e+00
1.813090654533e+02,1.007698439963e+00
1.813190659533e+02,1.008197708172e+00
1.813290664533e+02,1.008695245997e+00
1.813390669533e+02,1.009190982818e+00
1.813490674534e+02,1.009684848650e+00
1.813590679534e+02,1.010176774142e+00
1.813690684534e+02,1.010666690588e+00
1.813790689534e+02,1.011154529925e+00
1.813890694535e+02,1.011640224737e+00
1.813990699535e+02,1.012123708262e+00
1.814090704535e+02,1.012604914390e+00
1.814190709535e+02,1.013083777670e+00
1.814290714536e+02,1.013560233309e+00
1.814390719536e+02,1.014034217177e+00
1.814490724536e+02,1.014505665809e+00
1.814590729536e+02,1.014974516403e+00
1.814690734537e+02,1.015440706830e+00
1.814790739537e+02,1.015904175626e+00
1.814890744537e+02,1.016364862000e+00
1.814990749537e+02,1.016822705835e+00
1.815090754538e+02,1.017277647684e+00
1.815190759538e+02,1.017729628779e+00
1.815290764538e+02,1.018178591024e+00
1.815390769538e+02,1.018624477000e+00
1.815490774539e+02,1.019067229966e+00
1.815590779539e+02,1.019506793857e+00
1.815690784539e+02,1.019943113286e+00
1.815790789539e+02,1.020376133543e+00
1.815890794540e+02,1.020805800597e+00
1.815990799540e+02,1.021232061092e+00
1.816090804540e+02,1.021654862353e+00
1.816190809540e+02,1.022074152381e+00
1.816290814541e+02,1.022489879852e+00
1.816390819541e+02,1.022901994120e+00
1.816490824541e+02,1.023310445215e+00
1.816590829541e+02,1.023715183843e+00
1.816690834542e+02,1.024116161381e+00
1.816790839542e+02,1.024513329883e+00
1.816890844542e+02,1.024906642073e+00
1.816990849542e+02,1.025296051350e+00
1.817090854543e+02,1.025681511780e+00
1.817190859543e+02,1.026062978101e+00
1.817290864543e+02,1.026440405718e+00
1.817390869543e+02,1.026813750703e+00
1.817490874544e+02,1.027182969794e+00
1.817590879544e+02,1.027548020395e+00
1.817690884544e+02,1.027908860569e+00
1.817790889544e+02,1.028265449045e+00
1.817890894545e+02,1.028617745209e+00
1.817990899545e+02,1.028965709106e+00
1.818090904545e+02,1.029309301438e+00
1.818190909545e+02,1.029648483563e+00
1.818290914546e+02,1.029983217491e+00
1.818390919546e+02,1.030313465885e+00
1.818490924546e+02,1.030639192059e+00
1.818590929546e+02,1.030960359973e+00
1.818690934547e+02,1.031276934236e+00
1.818790939547e+02,1.031588880100e+00
1.818890944547e+02,1.031896163461e+00
1.818990949547e+02,1.032198750858e+00
1.819090954548e+02,1.032496609466e+00
1.819190959548e+02,1.032789707100e+00
1.819290964548e+02,1.033078012211e+00
1.819390969548e+02,1.033361493882e+00
1.819490974549e+02,1.033640121831e+00
1.819590979549e+02,1.033913866404e+00
1.819690984549e+02,1.034182698576e+00
1.819790989549e+02,1.034446589949e+00
1.819890994550e+02,1.034705512750e+00
1.819990999550e+02,1.034959439829e+00
1.820091004550e+02,1.035208344655e+00
1.820191009550e+02,1.035452201321e+00
1.820291014551e+02,1.035690984532e+00
1.820391019551e+02,1.035924669613e+00
1.820491024551e+02,1.036153232502e+00
1.820591029551e+02,1.036376649747e+00
1.820691034552e+02,1.036594898511e+00
1.820791039552e+02,1.036807956560e+00
1.820891044552e+02,1.037015802274e+00
1.820991049552e+02,1.037218414632e+00
1.821091054553e+02,1.037415773221e+00
1.821191059553e+02,1.037607858230e+00
1.821291064553e+02,1.037794650446e+00
1.821391069553e+02,1.037976131259e+00
1.821491074554e+02,1.038152282652e+00
1.821591079554e+02,1.038323087209e+00
1.821691084554e+02,1.038488528104e+00
1.821791089554e+02,1.038648589109e+00
1.821891094555e+02,1.038803254584e+00
1.821991099555e+02,1.038952509480e+00
1.822091104555e+02,1.039096339339e+00
1.822191109555e+02,1.039234730290e+00
1.822291114556e+02,1.039367669048e+00
1.822391119556e+02,1.039495142913e+00
1.822491124556e+02,1.039617139770e+00
1.822591129556e+02,1.039733648088e+00
1.822691134557e+02,1.039844656917e+00
1.822791139557e+02,1.039950155886e+00
1.822891144557e+02,1.040050135207e+00
1.822991149557e+02,1.040144585669e+00
1.823091154558e+02,1.040233498640e+00
1.823191159558e+02,1.040316866064e+00
1.823291164558e+02,1.040394680462e+00
1.823391169558e+02,1.040466934931e+00
1.823491174559e+02,1.040533623141e+00
1.823591179559e+02,1.040594739336e+00
1.823691184559e+02,1.040650278336e+00
1.823791189559e+02,1.040700235531e+00
1.823891194560e+02,1.040744606883e+00
1.823991199560e+02,1.040783388926e+00
1.824091204560e+02,1.040816578767e+00
1.824191209560e+02,1.040844174081e+00
1.824291214561e+02,1.040866173114e+00
1.824391219561e+02,1.040882574681e+00
1.824491224561e+02,1.040893378169e+00
1.824591229561e+02,1.040898583532e+00
1.824691234562e+02,1.040898191293e+00
1.824791239562e+02,1.040892202546e+00
1.824891244562e+02,1.040880618951e+00
1.824991249562e+02,1.040863442738e+00
1.825091254563e+02,1.040840676707e+00
1.825191259563e+02,1.040812324224e+00
1.825291264563e+02,1.040778389225e+00
1.825391269563e+02,1.040738876215e+00
1.825491274564e+02,1.040693790267e+00
1.825591279564e+02,1.040643137025e+00
1.825691284564e+02,1.040586922701e+00
1.825791289564e+02,1.040525154077e+00
1.825891294565e+02,1.040457838504e+00
1.825991299565e+02,1.040384983905e+00
1.826091304565e+02,1.040306598772e+00
1.826191309565e+02,1.040222692171e+00
1.826291314566e+02,1.040133273736e+00
1.826391319566e+02,1.040038353677e+00
1.826491324566e+02,1.039937942773e+00
1.826591329566e+02,1.039832052381e+00
1.826691334567e+02,1.039720694427e+00
1.826791339567e+02,1.039603881417e+00
1.826891344567e+02,1.039481626427e+00
1.826991349567e+02,1.039353943115e+00
1.827091354568e+02,1.039220845711e+00
1.827191359568e+02,1.039082349027e+00
1.827291364568e+02,1.038938468451e+00
1.827391369568e+02,1.038789219952e+00
1.827491374569e+02,1.038634620080e+00
1.827591379569e+02,1.038474685967e+00
1.827691384569e+02,1.038309435325e+00
1.827791389569e+02,1.038138886453e+00
1.827891394570e+02,1.037963058232e+00
1.827991399570e+02,1.037781970132e+00
1.828091404570e+02,1.037595642208e+00
1.828191409570e+02,1.037404095102e+00
1.828291414571e+02,1.037207350049e+00
1.828391419571e+02,1.037005428870e+00
1.828491424571e+02,1.036798353982e+00
1.828591429571e+02,1.036586148392e+00
1.828691434572e+02,1.036368835703e+00
1.828791439572e+02,1.036146440112e+00
1.828891444572e+02,1.035918986415e+00
1.828991449572e+02,1.035686500003e+00
1.829091454573e+02,1.035449006870e+00
1.829191459573e+02,1.035206533608e+00
1.829291464573e+02,1.034959107412e+00
1.829391469573e+02,1.034706756082e+00
1.829491474574e+02,1.034449508020e+00
1.829591479574e+02,1.034187392237e+00
1.829691484574e+02,1.033920438349e+00
1.829791489574e+02,1.033648676583e+00
1.829891494575e+02,1.033372137775e+00
1.829991499575e+02,1.033090853374e+00
1.830091504575e+02,1.032804855441e+00
1.830191509575e+02,1.032514176651e+00
1.830291514576e+02,1.032218850296e+00
1.830391519576e+02,1.031918910283e+00
1.830491524576e+02,1.031614391141e+00
1.830591529576e+02,1.031305328015e+00
1.830691534577e+02,1.030991756672e+00
1.830791539577e+02,1.030673713502e+00
1.830891544577e+02,1.030351235518e+00
1.830991549577e+02,1.030024360358e+00
1.831091554578e+02,1.029693126286e+00
1.831191559578e+02,1.029357572191e+00
1.831291564578e+02,1.029017737592e+00
1.831391569578e+02,1.028673662638e+00
1.831491574579e+02,1.028325388106e+00
1.831591579579e+02,1.027972955406e+00
1.831691584579e+02,1.027616406579e+00
1.831791589579e+02,1.027255784300e+00
1.831891594580e+02,1.026891131878e+00
1.831991599580e+02,1.026522493255e+00
1.832091604580e+02,1.026149913012e+00
1.832191609580e+02,1.025773436363e+00
1.832291614581e+02,1.025393109160e+00
1.832391619581e+02,1.025008977893e+00
1.832491624581e+02,1.024621089689e+00
1.832591629581e+02,1.024229492313e+00
1.832691634582e+02,1.023834234170e+00
1.832791639582e+02,1.023435364303e+00
1.832891644582e+02,1.023032932393e+00
1.832991649582e+02,1.022626988762e+00
1.833091654583e+02,1.022217584371e+00
1.833191659583e+02,1.021804770818e+00
1.833291664583e+02,1.021388600342e+00
1.833391669583e+02,1.020969125819e+00
1.833491674584e+02,1.020546400763e+00
1.833591679584e+02,1.020120479328e+00
1.833691684584e+02,1.019691416302e+00
1.833791689584e+02,1.019259267109e+00
1.833891694585e+02,1.018824087811e+00
1.833991699585e+02,1.018385935101e+00
1.834091704585e+02,1.017944866308e+00
1.834191709585e+02,1.017500939390e+00
1.834291714586e+02,1.017054212937e+00
1.834391719586e+02,1.016604746168e+00
1.834491724586e+02,1.016152598928e+00
1.834591729586e+02,1.015697831687e+00
1.834691734587e+02,1.015240505539e+00
1.834791739587e+02,1.014780682199e+00
1.834891744587e+02,1.014318423999e+00
1.834991749587e+02,1.013853793888e+00
1.835091754588e+02,1.013386855430e+00
1.835191759588e+02,1.012917672796e+00
1.835291764588e+02,1.012446310767e+00
1.835391769588e+02,1.011972834726e+00
1.835491774589e+02,1.011497310658e+00
1.835591779589e+02,1.011019805145e+00
1.835691784589e+02,1.010540385361e+00
1.835791789589e+02,1.010059119069e+00
1.835891794590e+02,1.009576074616e+00
1.835991799590e+02,1.009091320932e+00
1.836091804590e+02,1.008604927519e+00
1.836191809590e+02,1.008116964450e+00
1.836291814591e+02,1.007627502365e+00
1.836391819591e+02,1.007136612463e+00
1.836491824591e+02,1.006644366494e+00
1.836591829591e+02,1.006150836761e+00
1.836691834592e+02,1.005656096105e+00
1.836791839592e+02,1.005160217905e+00
1.836891844592e+02,1.004663276067e+00
1.836991849592e+02,1.004165345020e+00
1.837091854593e+02,1.003666499706e+00
1.837191859593e+02,1.003166815576e+00
1.837291864593e+02,1.002666368579e+00
1.837391869593e+02,1.002165235157e+00
1.837491874594e+02,1.001663492231e+00
1.837591879594e+02,1.001161217200e+00
1.837691884594e+02,1.000658487927e+00
1.837791889594e+02,1.000155382730e+00
1.837891894595e+02,9.996519803758e-01
1.837991899595e+02,9.991483600658e-01
1.838091904595e+02,9.986446014287e-01
1.838191909595e+02,9.981407845095e-01
1.838291914596e+02,9.976369897582e-01
1.838391919596e+02,9.971332980192e-01
1.838491924596e+02,9.966297905197e-01
1.838591929596e+02,9.961265488580e-01
1.838691934597e+02,9.956236549915e-01
1.838791939597e+02,9.951211912242e-01
1.838891944597e+02,9.946192401944e-01
1.838991949597e+02,9.941178848609e-01
1.839091954598e+02,9.936172084906e-01
1.839191959598e+02,9.931172946439e-01
1.839291964598e+02,9.926182271613e-01
1.839391969598e+02,9.921200901487e-01
1.839491974599e+02,9.916229679630e-01
1.839591979599e+02,9.911269451966e-01
1.839691984599e+02,9.906321066624e-01
1.839791989599e+02,9.901385373781e-01
1.839891994600e+02,9.896463225499e-01
1.839991999600e+02,9.891555475562e-01
1.840092004600e+02,9.886662979311e-01
1.840192009600e+02,9.881786593469e-01
1.840292014601e+02,9.876927175973e-01
1.840392019601e+02,9.872085585791e-01
1.840492024601e+02,9.867262682745e-01
1.840592029601e+02,9.862459327328e-01
1.840692034602e+02,9.857676380514e-01
1.840792039602e+02,9.852914703569e-01
1.840892044602e+02,9.848175157859e-01
1.840992049602e+02,9.843458604651e-01
1.841092054603e+02,9.838765904919e-01
1.841192059603e+02,9.834097919132e-01
1.841292064603e+02,9.829455507058e-01
1.841392069603e+02,9.824839527550e-01
1.841492074604e+02,9.820250838337e-01
1.841592079604e+02,9.815690295806e-01
1.841692084604e+02,9.811158754790e-01
1.841792089604e+02,9.806657068346e-01
1.841892094605e+02,9.802186087533e-01
1.841992099605e+02,9.797746661186e-01
1.842092104605e+02,9.793339635689e-01
1.842192109605e+02,9.788965854747e-01
1.842292114606e+02,9.784626159154e-01
1.842392119606e+02,9.780321386556e-01
1.842492124606e+02,9.776052371216e-01
1.842592129606e+02,9.771819943778e-01
1.842692134607e+02,9.767624931023e-01
1.842792139607e+02,9.763468155630e-01
1.842892144607e+02,9.759350435931e-01
1.842992149607e+02,9.755272585665e-01
1.843092154608e+02,9.751235413733e-01
1.843192159608e+02,9.747239723948e-01
1.843292164608e+02,9.743286314788e-01
1.843392169608e+02,9.739375979143e-01
1.843492174609e+02,9.735509504066e-01
1.843592179609e+02,9.731687670519e-01
1.843692184609e+02,9.727911253124e-01
1.843792189609e+02,9.724181019902e-01
1.843892194610e+02,9.720497732028e-01
1.843992199610e+02,9.716862143571e-01
1.844092204610e+02,9.713275001245e-01
1.844192209610e+02,9.709737044149e-01
1.844292214611e+02,9.706249003519e-01
1.844392219611e+02,9.702811602471e-01
1.844492224611e+02,9.699425555750e-01
1.844592229611e+02,9.696091569479e-01
1.844692234612e+02,9.692810340905e-01
1.844792239612e+02,9.689582558151e-01
1.844892244612e+02,9.686408899967e-01
1.844992249612e+02,9.683290035481e-01
1.845092254613e+02,9.680226623956e-01
1.845192259613e+02,9.677219314544e-01
1.845292264613e+02,9.674268746044e-01
1.845392269613e+02,9.671375546663e-01
1.845492274614e+02,9.668540333776e-01
1.845592279614e+02,9.665763713694e-01
1.845692284614e+02,9.663046281429e-01
1.845792289614e+02,9.660388620464e-01
1.845892294615e+02,9.657791302527e-01
1.845992299615e+02,9.655254887369e-01
1.846092304615e+02,9.652779922540e-01
1.846192309615e+02,9.650366943176e-01
1.846292314616e+02,9.648016471783e-01
1.846392319616e+02,9.645729018029e-01
1.846492324616e+02,9.643505078539e-01
1.846592329616e+02,9.641345136695e-01
1.846692334617e+02,9.639249662437e-01
1.846792339617e+02,9.637219112074e-01
1.846892344617e+02,9.635253928094e-01
1.846992349617e+02,9.633354538983e-01
1.847092354618e+02,9.631521359049e-01
1.847192359618e+02,9.629754788245e-01
1.847292364618e+02,9.628055212009e-01
1.847392369618e+02,9.626423001098e-01
1.847492374619e+02,9.624858511431e-01
1.847592379619e+02,9.623362083946e-01
1.847692384619e+02,9.621934044447e-01
1.847792389619e+02,9.620574703474e-01
1.847892394620e+02,9.619284356164e-01
1.847992399620e+02,9.618063282132e-01
1.848092404620e+02,9.616911745346e-01
1.848192409620e+02,9.615829994018e-01
1.848292414621e+02,9.614818260497e-01
1.848392419621e+02,9.613876761170e-01
1.848492424621e+02,9.613005696365e-01
1.848592429621e+02,9.612205250274e-01
1.848692434622e+02,9.611475590865e-01
1.848792439622e+02,9.610816869815e-01
1.848892444622e+02,9.610229222446e-01
1.848992449622e+02,9.609712767665e-01
1.849092454623e+02,9.609267607913e-01
1.849192459623e+02,9.608893829125e-01
1.849292464623e+02,9.608591500692e-01
1.849392469623e+02,9.608360675435e-01
1.849492474624e+02,9.608201389579e-01
1.849592479624e+02,9.608113662745e-01
1.849692484624e+02,9.608097497938e-01
1.849792489624e+02,9.608152881554e-01
1.849892494625e+02,9.608279783383e-01
1.849992499625e+02,9.608478156629e-01
1.850092504625e+02,9.608747937930e-01
1.850192509625e+02,9.609089047391e-01
1.850292514626e+02,9.609501388619e-01
1.850392519626e+02,9.609984848773e-01
1.850492524626e+02,9.610539298610e-01
1.850592529626e+02,9.611164592550e-01
1.850692534627e+02,9.611860568741e-01
1.850792539627e+02,9.612627049129e-01
1.850892544627e+02,9.613463839547e-01
1.850992549627e+02,9.614370729793e-01
1.851092554628e+02,9.615347493734e-01
1.851192559628e+02,9.616393889399e-01
1.851292564628e+02,9.617509659094e-01
1.851392569628e+02,9.618694529510e-01
1.851492574629e+02,9.619948211850e-01
1.851592579629e+02,9.621270401952e-01
1.851692584629e+02,9.622660780426e-01
1.851792589629e+02,9.624119012789e-01
1.851892594630e+02,9.625644749618e-01
1.851992599630e+02,9.627237626693e-01
1.852092604630e+02,9.628897265160e-01
1.852192609630e+02,9.630623271695e-01
1.852292614631e+02,9.632415238665e-01
1.852392619631e+02,9.634272744309e-01
1.852492624631e+02,9.636195352915e-01
1.852592629631e+02,9.638182615000e-01
1.852692634632e+02,9.640234067502e-01
1.852792639632e+02,9.642349233974e-01
1.852892644632e+02,9.644527624779e-01
1.852992649632e+02,9.646768737292e-01
1.853092654633e+02,9.649072056109e-01
1.853192659633e+02,9.651437053255e-01
1.853292664633e+02,9.653863188399e-01
1.853392669633e+02,9.656349909070e-01
1.853492674634e+02,9.658896650880e-01
1.853592679634e+02,9.661502837750e-01
1.853692684634e+02,9.664167882132e-01
1.853792689634e+02,9.666891185245e-01
1.853892694635e+02,9.669672137306e-01
1.853992699635e+02,9.672510117766e-01
1.854092704635e+02,9.675404495549e-01
1.854192709635e+02,9.678354629290e-01
1.854292714636e+02,9.681359867583e-01
1.854392719636e+02,9.684419549219e-01
1.854492724636e+02,9.687533003437e-01
1.854592729636e+02,9.690699550169e-01
1.854692734637e+02,9.693918500290e-01
1.854792739637e+02,9.697189155869e-01
1.854892744637e+02,9.700510810419e-01
1.854992749637e+02,9.703882749149e-01
1.855092754638e+02,9.707304249219e-01
1.855192759638e+02,9.710774579989e-01
1.855292764638e+02,9.714293003277e-01
1.855392769638e+02,9.717858773612e-01
1.855492774639e+02,9.721471138485e-01
1.855592779639e+02,9.725129338606e-01
1.855692784639e+02,9.728832608155e-01
1.855792789639e+02,9.732580175039e-01
1.855892794640e+02,9.736371261138e-01
1.855992799640e+02,9.740205082563e-01
1.856092804640e+02,9.744080849905e-01
1.856192809640e+02,9.747997768482e-01
1.856292814641e+02,9.751955038593e-01
1.856392819641e+02,9.755951855761e-01
1.856492824641e+02,9.759987410982e-01
1.856592829641e+02,9.764060890971e-01
1.856692834642e+02,9.768171478398e-01
1.856792839642e+02,9.772318352141e-01
1.856892844642e+02,9.776500687514e-01
1.856992849642e+02,9.780717656512e-01
1.857092854643e+02,9.784968428046e-01
1.857192859643e+02,9.789252168172e-01
1.857292864643e+02,9.793568040328e-01
1.857392869643e+02,9.797915205560e-01
1.857492874644e+02,9.802292822747e-01
1.857592879644e+02,9.806700048829e-01
1.857692884644e+02,9.811136039027e-01
1.857792889644e+02,9.815599947059e-01
1.857892894645e+02,9.820090925361e-01
1.857992899645e+02,9.824608125297e-01
1.858092904645e+02,9.829150697371e-01
1.858192909645e+02,9.833717791434e-01
1.858292914646e+02,9.838308556889e-01
1.858392919646e+02,9.842922142895e-01
1.858492924646e+02,9.847557698559e-01
1.858592929646e+02,9.852214373140e-01
1.858692934647e+02,9.856891316235e-01
1.858792939647e+02,9.861587677973e-01
1.858892944647e+02,9.866302609197e-01
1.858992949647e+02,9.871035261649e-01
1.859092954648e+02,9.875784788150e-01
1.859192959648e+02,9.880550342775e-01
1.859292964648e+02,9.885331081026e-01
1.859392969648e+02,9.890126160003e-01
1.859492974649e+02,9.894934738568e-01
1.859592979649e+02,9.899755977511e-01
1.859692984649e+02,9.904589039709e-01
1.859792989649e+02,9.909433090277e-01
1.859892994650e+02,9.914287296730e-01
1.859992999650e+02,9.919150829125e-01
1.860093004650e+02,9.924022860211e-01
1.860193009650e+02,9.928902565570e-01
1.860293014651e+02,9.933789123757e-01
1.860393019651e+02,9.938681716436e-01
1.860493024651e+02,9.943579528516e-01
1.860593029651e+02,9.948481748273e-01
1.860693034652e+02,9.953387567484e-01
1.860793039652e+02,9.958296181545e-01
1.860893044652e+02,9.963206789595e-01
1.860993049652e+02,9.968118594626e-01
1.861093054653e+02,9.973030803603e-01
1.861193059653e+02,9.977942627570e-01
1.861293064653e+02,9.982853281757e-01
1.861393069653e+02,9.987761985687e-01
1.861493074654e+02,9.992667963272e-01
1.861593079654e+02,9.997570442916e-01
1.861693084654e+02,1.000246865760e+00
1.861793089654e+02,1.000736184500e+00
1.861893094655e+02,1.001224924752e+00
1.861993099655e+02,1.001713011245e+00
1.862093104655e+02,1.002200369199e+00
1.862193109655e+02,1.002686924336e+00
1.862293114656e+02,1.003172602888e+00
1.862393119656e+02,1.003657331601e+00
1.862493124656e+02,1.004141037746e+00
1.862593129656e+02,1.004623649126e+00
1.862693134657e+02,1.005105094078e+00
1.862793139657e+02,1.005585301485e+00
1.862893144657e+02,1.006064200778e+00
1.862993149657e+02,1.006541721944e+00
1.863093154658e+02,1.007017795533e+00
1.863193159658e+02,1.007492352658e+00
1.863293164658e+02,1.007965325007e+00
1.863393169658e+02,1.008436644843e+00
1.863493174659e+02,1.008906245010e+00
1.863593179659e+02,1.009374058938e+00
1.863693184659e+02,1.009840020649e+00
1.863793189659e+02,1.010304064756e+00
1.863893194660e+02,1.010766126472e+00
1.863993199660e+02,1.011226141610e+00
1.864093204660e+02,1.011684046590e+00
1.864193209660e+02,1.012139778438e+00
1.864293214661e+02,1.012593274793e+00
1.864393219661e+02,1.013044473907e+00
1.864493224661e+02,1.013493314649e+00
1.864593229661e+02,1.013939736507e+00
1.864693234662e+02,1.014383679591e+00
1.864793239662e+02,1.014825084635e+00
1.864893244662e+02,1.015263892998e+00
1.864993249662e+02,1.015700046667e+00
1.865093254663e+02,1.016133488259e+00
1.865193259663e+02,1.016564161019e+00
1.865293264663e+02,1.016992008829e+00
1.865393269663e+02,1.017416976199e+00
1.865493274664e+02,1.017839008277e+00
1.865593279664e+02,1.018258050846e+00
1.865693284664e+02,1.018674050325e+00
1.865793289664e+02,1.019086953769e+00
1.865893294665e+02,1.019496708874e+00
1.865993299665e+02,1.019903263969e+00
1.866093304665e+02,1.020306568027e+00
1.866193309665e+02,1.020706570657e+00
1.866293314666e+02,1.021103222106e+00
1.866393319666e+02,1.021496473263e+00
1.866493324666e+02,1.021886275654e+00
1.866593329666e+02,1.022272581444e+00
1.866693334667e+02,1.022655343437e+00
1.866793339667e+02,1.023034515076e+00
1.866893344667e+02,1.023410050442e+00
1.866993349667e+02,1.023781904253e+00
1.867093354668e+02,1.024150031863e+00
1.867193359668e+02,1.024514389265e+00
1.867293364668e+02,1.024874933086e+00
1.867393369668e+02,1.025231620588e+00
1.867493374669e+02,1.025584409668e+00
1.867593379669e+02,1.025933258856e+00
1.867693384669e+02,1.026278127315e+00
1.867793389669e+02,1.026618974838e+00
1.867893394670e+02,1.026955761850e+00
1.867993399670e+02,1.027288449405e+00
1.868093404670e+02,1.027616999185e+00
1.868193409670e+02,1.027941373500e+00
1.868293414671e+02,1.028261535284e+00
1.868393419671e+02,1.028577448099e+00
1.868493424671e+02,1.028889076127e+00
1.868593429671e+02,1.029196384175e+00
1.868693434672e+02,1.029499337669e+00
1.868793439672e+02,1.029797902656e+00
1.868893444672e+02,1.030092045801e+00
1.868993449672e+02,1.030381734385e+00
1.869093454673e+02,1.030666936306e+00
1.869193459673e+02,1.030947620073e+00
1.869293464673e+02,1.031223754812e+00
1.869393469673e+02,1.031495310256e+00
1.869493474674e+02,1.031762256751e+00
1.869593479674e+02,1.032024565249e+00
1.869693484674e+02,1.032282207310e+00
1.869793489674e+02,1.032535155100e+00
1.869893494675e+02,1.032783381386e+00
1.869993499675e+02,1.033026859541e+00
1.870093504675e+02,1.033265563537e+00
1.870193509675e+02,1.033499467945e+00
1.870293514676e+02,1.033728547936e+00
1.870393519676e+02,1.033952779277e+00
1.870493524676e+02,1.034172138328e+00
1.870593529676e+02,1.034386602045e+00
1.870693534677e+02,1.034596147976e+00
1.870793539677e+02,1.034800754260e+00
1.870893544677e+02,1.035000399625e+00
1.870993549677e+02,1.035195063386e+00
1.871093554678e+02,1.035384725447e+00
1.871193559678e+02,1.035569366296e+00
1.871293564678e+02,1.035748967007e+00
1.871393569678e+02,1.035923509233e+00
1.871493574679e+02,1.036092975213e+00
1.871593579679e+02,1.036257347762e+00
1.871693584679e+02,1.036416610278e+00
1.871793589679e+02,1.036570746734e+00
1.871893594680e+02,1.036719741681e+00
1.871993599680e+02,1.036863580245e+00
1.872093604680e+02,1.037002248126e+00
1.872193609680e+02,1.037135731598e+00
1.872293614681e+02,1.037264017507e+00
1.872393619681e+02,1.037387093269e+00
1.872493624681e+02,1.037504946873e+00
1.872593629681e+02,1.037617566873e+00
1.872693634682e+02,1.037724942395e+00
1.872793639682e+02,1.037827063131e+00
1.872893644682e+02,1.037923919337e+00
1.872993649682e+02,1.038015501839e+00
1.873093654683e+02,1.038101802024e+00
1.873193659683e+02,1.038182811844e+00
1.873293664683e+02,1.038258523816e+00
1.873393669683e+02,1.038328931016e+00
1.873493674684e+02,1.038394027086e+00
1.873593679684e+02,1.038453806226e+00
1.873693684684e+02,1.038508263198e+00
1.873793689684e+02,1.038557393324e+00
1.873893694685e+02,1.038601192484e+00
1.873993699685e+02,1.038639657119e+00
1.874093704685e+02,1.038672784229e+00
1.874193709685e+02,1.038700571369e+00
1.874293714686e+02,1.038723016655e+00
1.874393719686e+02,1.038740118760e+00
1.874493724686e+02,1.038751876912e+00
1.874593729686e+02,1.038758290899e+00
1.874693734687e+02,1.038759361063e+00
1.874793739687e+02,1.038755088305e+00
1.874893744687e+02,1.038745474080e+00
1.874993749687e+02,1.038730520400e+00
1.875093754688e+02,1.038710229835e+00
1.875193759688e+02,1.038684605509e+00
1.875293764688e+02,1.038653651104e+00
1.875393769688e+02,1.038617370857e+00
1.875493774689e+02,1.038575769561e+00
1.875593779689e+02,1.038528852567e+00
1.875693784689e+02,1.038476625782e+00
1.875793789689e+02,1.038419095669e+00
1.875893794690e+02,1.038356269250e+00
1.875993799690e+02,1.038288154102e+00
1.876093804690e+02,1.038214758362e+00
1.876193809690e+02,1.038136090724e+00
1.876293814691e+02,1.038052160439e+00
1.876393819691e+02,1.037962977320e+00
1.876493824691e+02,1.037868551736e+00
1.876593829691e+02,1.037768894618e+00
1.876693834692e+02,1.037664017456e+00
1.876793839692e+02,1.037553932301e+00
1.876893844692e+02,1.037438651766e+00
1.876993849692e+02,1.037318189025e+00
1.877093854693e+02,1.037192557816e+00
1.877193859693e+02,1.037061772439e+00
1.877293864693e+02,1.036925847758e+00
1.877393869693e+02,1.036784799203e+00
1.877493874694e+02,1.036638642768e+00
1.877593879694e+02,1.036487395013e+00
1.877693884694e+02,1.036331073067e+00
1.877793889694e+02,1.036169694625e+00
1.877893894695e+02,1.036003277950e+00
1.877993899695e+02,1.035831841878e+00
1.878093904695e+02,1.035655405811e+00
1.878193909695e+02,1.035473989725e+00
1.878293914696e+02,1.035287614169e+00
1.878393919696e+02,1.035096300261e+00
1.878493924696e+02,1.034900069698e+00
1.878593929696e+02,1.034698944749e+00
1.878693934697e+02,1.034492948261e+00
1.878793939697e+02,1.034282103655e+00
1.878893944697e+02,1.034066434934e+00
1.878993949697e+02,1.033845966677e+00
1.879093954698e+02,1.033620724045e+00
1.879193959698e+02,1.033390732779e+00
1.879293964698e+02,1.033156019201e+00
1.879393969698e+02,1.032916610220e+00
1.879493974699e+02,1.032672533325e+00
1.879593979699e+02,1.032423816593e+00
1.879693984699e+02,1.032170488685e+00
1.879793989699e+02,1.031912578851e+00
1.879893994700e+02,1.031650116928e+00
1.879993999700e+02,1.031383133345e+00
1.880094004700e+02,1.031111659117e+00
1.880194009700e+02,1.030835725853e+00
1.880294014701e+02,1.030555365754e+00
1.880394019701e+02,1.030270611614e+00
1.880494024701e+02,1.029981496820e+00
1.880594029701e+02,1.029688055357e+00
1.880694034702e+02,1.029390321802e+00
1.880794039702e+02,1.029088331331e+00
1.880894044702e+02,1.028782119719e+00
1.880994049702e+02,1.028471723335e+00
1.881094054703e+02,1.028157179152e+00
1.881194059703e+02,1.027838524741e+00
1.881294064703e+02,1.027515798272e+00
1.881394069703e+02,1.027189038519e+00
1.881494074704e+02,1.026858284857e+00
1.881594079704e+02,1.026523577262e+00
1.881694084704e+02,1.026184956316e+00
1.881794089704e+02,1.025842463203e+00
1.881894094705e+02,1.025496139710e+00
1.881994099705e+02,1.025146028229e+00
1.882094104705e+02,1.024792171758e+00
1.882194109705e+02,1.024434613897e+00
1.882294114706e+02,1.024073398855e+00
1.882394119706e+02,1.023708571442e+00
1.882494124706e+02,1.023340177077e+00
1.882594129706e+02,1.022968261781e+00
1.882694134707e+02,1.022592872183e+00
1.882794139707e+02,1.022214055513e+00
1.882894144707e+02,1.021831859610e+00
1.882994149707e+02,1.021446332915e+00
1.883094154708e+02,1.021057524473e+00
1.883194159708e+02,1.020665483932e+00
1.883294164708e+02,1.020270261542e+00
1.883394169708e+02,1.019871908158e+00
1.883494174709e+02,1.019470475232e+00
1.883594179709e+02,1.019066014819e+00
1.883694184709e+02,1.018658579571e+00
1.883794189709e+02,1.018248222739e+00
1.883894194710e+02,1.017834998170e+00
1.883994199710e+02,1.017418960306e+00
1.884094204710e+02,1.017000164182e+00
1.884194209710e+02,1.016578665427e+00
1.884294214711e+02,1.016154520257e+00
1.884394219711e+02,1.015727785477e+00
1.884494224711e+02,1.015298518479e+00
1.884594229711e+02,1.014866777237e+00
1.884694234712e+02,1.014432620308e+00
1.884794239712e+02,1.013996106826e+00
1.884894244712e+02,1.013557296501e+00
1.884994249712e+02,1.013116249618e+00
1.885094254713e+02,1.012673027028e+00
1.885194259713e+02,1.012227690154e+00
1.885294264713e+02,1.011780300978e+00
1.885394269713e+02,1.011330922043e+00
1.885494274714e+02,1.010879616450e+00
1.885594279714e+02,1.010426447849e+00
1.885694284714e+02,1.009971480440e+00
1.885794289714e+02,1.009514778965e+00
1.885894294715e+02,1.009056408707e+00
1.885994299715e+02,1.008596435482e+00
1.886094304715e+02,1.008134925635e+00
1.886194309715e+02,1.007671946035e+00
1.886294314716e+02,1.007207564072e+00
1.886394319716e+02,1.006741847647e+00
1.886494324716e+02,1.006274865168e+00
1.886594329716e+02,1.005806685547e+00
1.886694334717e+02,1.005337378188e+00
1.886794339717e+02,1.004867012986e+00
1.886894344717e+02,1.004395660315e+00
1.886994349717e+02,1.003923391027e+00
1.887094354718e+02,1.003450276439e+00
1.887194359718e+02,1.002976388329e+00
1.887294364718e+02,1.002501798927e+00
1.887394369718e+02,1.002026580908e+00
1.887494374719e+02,1.001550807382e+00
1.887594379719e+02,1.001074551887e+00
1.887694384719e+02,1.000597888378e+00
1.887794389719e+02,1.000120891224e+00
1.887894394720e+02,9.996436351886e-01
1.887994399720e+02,9.991661954302e-01
1.888094404720e+02,9.986886474864e-01
1.888194409720e+02,9.982110672654e-01
1.888294414721e+02,9.977335310357e-01
1.888394419721e+02,9.972561154151e-01
1.888494424721e+02,9.967788973600e-01
1.888594429721e+02,9.963019541536e-01
1.888694434722e+02,9.958253633946e-01
1.888794439722e+02,9.953492029854e-01
1.888894444722e+02,9.948735511196e-01
1.888994449722e+02,9.943984862698e-01
1.889094454723e+02,9.939240871746e-01
1.889194459723e+02,9.934504328257e-01
1.889294464723e+02,9.929776024545e-01
1.889394469723e+02,9.925056755181e-01
1.889494474724e+02,9.920347316860e-01
1.889594479724e+02,9.915648508251e-01
1.889694484724e+02,9.910961129856e-01
1.889794489724e+02,9.906285983860e-01
1.889894494725e+02,9.901623873981e-01
1.889994499725e+02,9.896975605310e-01
1.890094504725e+02,9.892341984162e-01
1.890194509725e+02,9.887723817906e-01
1.890294514726e+02,9.883121914811e-01
1.890394519726e+02,9.878537083872e-01
1.890494524726e+02,9.873970134647e-01
1.890594529726e+02,9.869421877080e-01
1.890694534727e+02,9.864893121329e-01
1.890794539727e+02,9.860384677588e-01
1.890894544727e+02,9.855897355907e-01
1.890994549727e+02,9.851431966008e-01
1.891094554728e+02,9.846989317101e-01
1.891194559728e+02,9.842570217693e-01
1.891294564728e+02,9.838175475399e-01
1.891394569728e+02,9.833805896750e-01
1.891494574729e+02,9.829462286993e-01
1.891594579729e+02,9.825145449896e-01
1.891694584729e+02,9.820856187548e-01
1.891794589729e+02,9.816595300152e-01
1.891894594730e+02,9.812363585824e-01
1.891994599730e+02,9.808161840383e-01
1.892094604730e+02,9.803990857144e-01
1.892194609730e+02,9.799851426703e-01
1.892294614731e+02,9.795744336728e-01
1.892394619731e+02,9.791670371740e-01
1.892494624731e+02,9.787630312899e-01
1.892594629731e+02,9.783624937785e-01
1.892694634732e+02,9.779655020174e-01
1.892794639732e+02,9.775721329822e-01
1.892894644732e+02,9.771824632239e-01
1.892994649732e+02,9.767965688464e-01
1.893094654733e+02,9.764145254843e-01
1.893194659733e+02,9.760364082798e-01
1.893294664733e+02,9.756622918603e-01
1.893394669733e+02,9.752922503155e-01
1.893494674734e+02,9.749263571744e-01
1.893594679734e+02,9.745646853826e-01
1.893694684734e+02,9.742073072789e-01
1.893794689734e+02,9.738542945727e-01
1.893894694735e+02,9.735057183207e-01
1.893994699735e+02,9.731616489039e-01
1.894094704735e+02,9.728221560046e-01
1.894194709735e+02,9.724873085833e-01
1.894294714736e+02,9.721571748557e-01
1.894394719736e+02,9.718318222700e-01
1.894494724736e+02,9.715113174837e-01
1.894594729736e+02,9.711957263408e-01
1.894694734737e+02,9.708851138496e-01
1.894794739737e+02,9.705795441593e-01
1.894894744737e+02,9.702790805381e-01
1.894994749737e+02,9.699837853510e-01
1.895094754738e+02,9.696937200367e-01
1.895194759738e+02,9.694089450868e-01
1.895294764738e+02,9.691295200231e-01
1.895394769738e+02,9.688555033760e-01
1.895494774739e+02,9.685869526636e-01
1.895594779739e+02,9.683239243702e-01
1.895694784739e+02,9.680664739251e-01
1.895794789739e+02,9.678146556825e-01
1.895894794740e+02,9.675685229003e-01
1.895994799740e+02,9.673281277209e-01
1.896094804740e+02,9.670935211506e-01
1.896194809740e+02,9.668647530405e-01
1.896294814741e+02,9.666418720672e-01
1.896394819741e+02,9.664249257143e-01
1.896494824741e+02,9.662139602534e-01
1.896594829741e+02,9.660090207266e-01
1.896694834742e+02,9.658101509286e-01
1.896794839742e+02,9.656173933892e-01
1.896894844742e+02,9.654307893571e-01
1.896994849742e+02,9.652503787829e-01
1.897094854743e+02,9.650762003036e-01
1.897194859743e+02,9.649082912269e-01
1.897294864743e+02,9.647466875162e-01
1.897394869743e+02,9.645914237764e-01
1.897494874744e+02,9.644425332393e-01
1.897594879744e+02,9.643000477508e-01
1.897694884744e+02,9.641639977576e-01
1.897794889744e+02,9.640344122949e-01
1.897894894745e+02,9.639113189742e-01
1.897994899745e+02,9.637947439725e-01
1.898094904745e+02,9.636847120214e-01
1.898194909745e+02,9.635812463965e-01
1.898294914746e+02,9.634843689086e-01
1.898394919746e+02,9.633940998941e-01
1.898494924746e+02,9.633104582068e-01
1.898594929746e+02,9.632334612103e-01
1.898694934747e+02,9.631631247706e-01
1.898794939747e+02,9.630994632500e-01
1.898894944747e+02,9.630424895005e-01
1.898994949747e+02,9.629922148593e-01
1.899094954748e+02,9.629486491436e-01
1.899194959748e+02,9.629118006472e-01
1.899294964748e+02,9.628816761366e-01
1.899394969748e+02,9.628582808485e-01
1.899494974749e+02,9.628416184882e-01
1.899594979749e+02,9.628316912277e-01
1.899694984749e+02,9.628284997051e-01
1.899794989749e+02,9.628320430249e-01
1.899894994750e+02,9.628423187581e-01
1.899994999750e+02,9.628593229440e-01
1.900095004750e+02,9.628830500915e-01
1.900195009750e+02,9.629134931822e-01
1.900295014751e+02,9.629506436735e-01
1.900395019751e+02,9.629944915022e-01
1.900495024751e+02,9.630450250895e-01
1.900595029751e+02,9.631022313455e-01
1.900695034752e+02,9.631660956756e-01
1.900795039752e+02,9.632366019868e-01
1.900895044752e+02,9.633137326944e-01
1.900995049752e+02,9.633974687301e-01
1.901095054753e+02,9.634877895499e-01
1.901195059753e+02,9.635846731434e-01
1.901295064753e+02,9.636880960428e-01
1.901395069753e+02,9.637980333335e-01
1.901495074754e+02,9.639144586643e-01
1.901595079754e+02,9.640373442588e-01
1.901695084754e+02,9.641666609272e-01
1.901795089754e+02,9.643023780786e-01
1.901895094755e+02,9.644444637338e-01
1.901995099755e+02,9.645928845390e-01
1.902095104755e+02,9.647476057791e-01
1.902195109755e+02,9.649085913927e-01
1.902295114756e+02,9.650758039870e-01
1.902395119756e+02,9.652492048525e-01
1.902495124756e+02,9.654287539798e-01
1.902595129756e+02,9.656144100752e-01
1.902695134757e+02,9.658061305778e-01
1.902795139757e+02,9.660038716766e-01
1.902895144757e+02,9.662075883280e-01
1.902995149757e+02,9.664172342739e-01
1.903095154758e+02,9.666327620601e-01
1.903195159758e+02,9.668541230548e-01
1.903295164758e+02,9.670812674681e-01
1.903395169758e+02,9.673141443710e-01
1.903495174759e+02,9.675527017155e-01
1.903595179759e+02,9.677968863544e-01
1.903695184759e+02,9.680466440618e-01
1.903795189759e+02,9.683019195539e-01
1.903895194760e+02,9.685626565096e-01
1.903995199760e+02,9.688287975917e-01
1.904095204760e+02,9.691002844685e-01
1.904195209760e+02,9.693770578352e-01
1.904295214761e+02,9.696590574357e-01
1.904395219761e+02,9.699462220848e-01
1.904495224761e+02,9.702384896899e-01
1.904595229761e+02,9.705357972740e-01
1.904695234762e+02,9.708380809974e-01
1.904795239762e+02,9.711452761808e-01
1.904895244762e+02,9.714573173277e-01
1.904995249762e+02,9.717741381474e-01
1.905095254763e+02,9.720956715776e-01
1.905195259763e+02,9.724218498075e-01
1.905295264763e+02,9.727526043010e-01
1.905395269763e+02,9.730878658189e-01
1.905495274764e+02,9.734275644429e-01
1.905595279764e+02,9.737716295981e-01
1.905695284764e+02,9.741199900762e-01
1.905795289764e+02,9.744725740583e-01
1.905895294765e+02,9.748293091382e-01
1.905995299765e+02,9.751901223453e-01
1.906095304765e+02,9.755549401672e-01
1.906195309765e+02,9.759236885728e-01
1.906295314766e+02,9.762962930350e-01
1.906395319766e+02,9.766726785533e-01
1.906495324766e+02,9.770527696764e-01
1.906595329766e+02,9.774364905245e-01
1.906695334767e+02,9.778237648118e-01
1.906795339767e+02,9.782145158686e-01
1.906895344767e+02,9.786086666632e-01
1.906995349767e+02,9.790061398239e-01
1.907095354768e+02,9.794068576609e-01
1.907195359768e+02,9.798107421873e-01
1.907295364768e+02,9.802177151411e-01
1.907395369768e+02,9.806276980058e-01
1.907495374769e+02,9.810406120318e-01
1.907595379769e+02,9.814563782569e-01
1.907695384769e+02,9.818749175269e-01
1.907795389769e+02,9.822961505160e-01
1.907895394770e+02,9.827199977468e-01
1.907995399770e+02,9.831463796102e-01
1.908095404770e+02,9.835752163851e-01
1.908195409770e+02,9.840064282574e-01
1.908295414771e+02,9.844399353399e-01
1.908395419771e+02,9.848756576903e-01
1.908495424771e+02,9.853135153303e-01
1.908595429771e+02,9.857534282640e-01
1.908695434772e+02,9.861953164955e-01
1.908795439772e+02,9.866391000474e-01
1.908895444772e+02,9.870846989775e-01
1.908995449772e+02,9.875320333967e-01
1.909095454773e+02,9.879810234856e-01
1.909195459773e+02,9.884315895116e-01
1.909295464773e+02,9.888836518445e-01
1.909395469773e+02,9.893371309733e-01
1.909495474774e+02,9.897919475218e-01
1.909595479774e+02,9.902480222640e-01
1.909695484774e+02,9.907052761393e-01
1.909795489774e+02,9.911636302675e-01
1.909895494775e+02,9.916230059635e-01
1.909995499775e+02,9.920833247515e-01
1.910095504775e+02,9.925445083788e-01
1.910195509775e+02,9.930064788301e-01
1.910295514776e+02,9.934691583403e-01
1.910395519776e+02,9.939324694081e-01
1.910495524776e+02,9.943963348085e-01
1.910595529776e+02,9.948606776056e-01
1.910695534777e+02,9.953254211646e-01
1.910795539777e+02,9.957904891640e-01
1.910895544777e+02,9.962558056071e-01
1.910995549777e+02,9.967212948331e-01
1.911095554778e+02,9.971868815289e-01
1.911195559778e+02,9.976524907393e-01
1.911295564778e+02,9.981180478773e-01
1.911395569778e+02,9.985834787353e-01
1.911495574779e+02,9.990487094939e-01
1.911595579779e+02,9.995136667323e-01
1.911695584779e+02,9.999782774375e-01
1.911795589779e+02,1.000442469013e+00
1.911895594780e+02,1.000906169289e+00
1.911995599780e+02,1.001369306529e+00
1.912095604780e+02,1.001831809439e+00
1.912195609780e+02,1.002293607177e+00
1.912295614781e+02,1.002754629358e+00
1.912395619781e+02,1.003214806064e+00
1.912495624781e+02,1.003674067849e+00
1.912595629781e+02,1.004132345750e+00
1.912695634782e+02,1.004589571288e+00
1.912795639782e+02,1.005045676479e+00
1.912895644782e+02,1.005500593840e+00
1.912995649782e+02,1.005954256393e+00
1.913095654783e+02,1.006406597672e+00
1.913195659783e+02,1.006857551730e+00
1.913295664783e+02,1.007307053140e+00
1.913395669783e+02,1.007755037007e+00
1.913495674784e+02,1.008201438967e+00
1.913595679784e+02,1.008646195194e+00
1.913695684784e+02,1.009089242406e+00
1.913795689784e+02,1.009530517866e+00
1.913895694785e+02,1.009969959390e+00
1.913995699785e+02,1.010407505347e+00
1.914095704785e+02,1.010843094668e+00
1.914195709785e+02,1.011276666845e+00
1.914295714786e+02,1.011708161934e+00
1.914395719786e+02,1.012137520562e+00
1.914495724786e+02,1.012564683930e+00
1.914595729786e+02,1.012989593811e+00
1.914695734787e+02,1.013412192559e+00
1.914795739787e+02,1.013832423105e+00
1.914895744787e+02,1.014250228965e+00
1.914995749787e+02,1.014665554242e+00
1.915095754788e+02,1.015078343623e+00
1.915195759788e+02,1.015488542387e+00
1.915295764788e+02,1.015896096402e+00
1.915395769788e+02,1.016300952130e+00
1.915495774789e+02,1.016703056628e+00
1.915595779789e+02,1.017102357547e+00
1.915695784789e+02,1.017498803139e+00
1.915795789789e+02,1.017892342250e+00
1.915895794790e+02,1.018282924328e+00
1.915995799790e+02,1.018670499421e+00
1.916095804790e+02,1.019055018178e+00
1.916195809790e+02,1.019436431851e+00
1.916295814791e+02,1.019814692293e+00
1.916395819791e+02,1.020189751962e+00
1.916495824791e+02,1.020561563919e+00
1.916595829791e+02,1.020930081828e+00
1.916695834792e+02,1.021295259958e+00
1.916795839792e+02,1.021657053185e+00
1.916895844792e+02,1.022015416985e+00
1.916995849792e+02,1.022370307441e+00
1.917095854793e+02,1.022721681241e+00
1.917195859793e+02,1.023069495676e+00
1.917295864793e+02,1.023413708643e+00
1.917395869793e+02,1.023754278641e+00
1.917495874794e+02,1.024091164772e+00
1.917595879794e+02,1.024424326745e+00
1.917695884794e+02,1.024753724866e+00
1.917795889794e+02,1.025079320048e+00
1.917895894795e+02,1.025401073803e+00
1.917995899795e+02,1.025718948245e+00
1.918095904795e+02,1.026032906087e+00
1.918195909795e+02,1.026342910643e+00
1.918295914796e+02,1.026648925826e+00
1.918395919796e+02,1.026950916146e+00
1.918495924796e+02,1.027248846709e+00
1.918595929796e+02,1.027542683219e+00
1.918695934797e+02,1.027832391977e+00
1.918795939797e+02,1.028117939874e+00
1.918895944797e+02,1.028399294399e+00
1.918995949797e+02,1.028676423630e+00
1.919095954798e+02,1.028949296239e+00
1.919195959798e+02,1.029217881486e+00
1.919295964798e+02,1.029482149223e+00
1.919395969798e+02,1.029742069889e+00
1.919495974799e+02,1.029997614511e+00
1.919595979799e+02,1.030248754700e+00
1.919695984799e+02,1.030495462654e+00
1.919795989799e+02,1.030737711154e+00
1.919895994800e+02,1.030975473565e+00
1.919995999800e+02,1.031208723833e+00
1.920096004800e+02,1.031437436484e+00
1.920196009800e+02,1.031661586622e+00
1.920296014801e+02,1.031881149933e+00
1.920396019801e+02,1.032096102678e+00
1.920496024801e+02,1.032306421691e+00
1.920596029801e+02,1.032512084387e+00
1.920696034802e+02,1.032713068749e+00
1.920796039802e+02,1.032909353335e+00
1.920896044802e+02,1.033100917274e+00
1.920996049802e+02,1.033287740266e+00
1.921096054803e+02,1.033469802578e+00
1.921196059803e+02,1.033647085049e+00
1.921296064803e+02,1.033819569080e+00
1.921396069803e+02,1.033987236642e+00
1.921496074804e+02,1.034150070269e+00
1.921596079804e+02,1.034308053058e+00
1.921696084804e+02,1.034461168672e+00
1.921796089804e+02,1.034609401332e+00
1.921896094805e+02,1.034752735822e+00
1.921996099805e+02,1.034891157486e+00
1.922096104805e+02,1.035024652225e+00
1.922196109805e+02,1.035153206501e+00
1.922296114806e+02,1.035276807331e+00
1.922396119806e+02,1.035395442288e+00
1.922496124806e+02,1.035509099502e+00
1.922596129806e+02,1.035617767655e+00
1.922696134807e+02,1.035721435986e+00
1.922796139807e+02,1.035820094284e+00
1.922896144807e+02,1.035913732893e+00
1.922996149807e+02,1.036002342705e+00
1.923096154808e+02,1.036085915166e+00
1.923196159808e+02,1.036164442271e+00
1.923296164808e+02,1.036237916563e+00
1.923396169808e+02,1.036306331137e+00
1.923496174809e+02,1.036369679633e+00
1.923596179809e+02,1.036427956241e+00
1.923696184809e+02,1.036481155697e+00
1.923796189809e+02,1.036529273285e+00
1.923896194810e+02,1.036572304833e+00
1.923996199810e+02,1.036610246717e+00
1.924096204810e+02,1.036643095858e+00
1.924196209810e+02,1.036670849721e+00
1.924296214811e+02,1.036693506316e+00
1.924396219811e+02,1.036711064199e+00
1.924496224811e+02,1.036723522469e+00
1.924596229811e+02,1.036730880767e+00
1.924696234812e+02,1.036733139281e+00
1.924796239812e+02,1.036730298741e+00
1.924896244812e+02,1.036722360420e+00
1.924996249812e+02,1.036709326135e+00
1.925096254813e+02,1.036691198245e+00
1.925196259813e+02,1.036667979653e+00
1.925296264813e+02,1.036639673806e+00
1.925396269813e+02,1.036606284691e+00
1.925496274814e+02,1.036567816842e+00
1.925596279814e+02,1.036524275334e+00
1.925696284814e+02,1.036475665785e+00
1.925796289814e+02,1.036421994357e+00
1.925896294815e+02,1.036363267756e+00
1.925996299815e+02,1.036299493231e+00
1.926096304815e+02,1.036230678576e+00
1.926196309815e+02,1.036156832128e+00
1.926296314816e+02,1.036077962770e+00
1.926396319816e+02,1.035994079929e+00
1.926496324816e+02,1.035905193575e+00
1.926596329816e+02,1.035811314228e+00
1.926696334817e+02,1.035712452951e+00
1.926796339817e+02,1.035608621353e+00
1.926896344817e+02,1.035499831591e+00
1.926996349817e+02,1.035386096368e+00
1.927096354818e+02,1.035267428937e+00
1.927196359818e+02,1.035143843096e+00
1.927296364818e+02,1.035015353193e+00
1.927396369818e+02,1.034881974127e+00
1.927496374819e+02,1.034743721344e+00
1.927596379819e+02,1.034600610841e+00
1.927696384819e+02,1.034452659168e+00
1.927796389819e+02,1.034299883424e+00
1.927896394820e+02,1.034142301262e+00
1.927996399820e+02,1.033979930887e+00
1.928096404820e+02,1.033812791057e+00
1.928196409820e+02,1.033640901086e+00
1.928296414821e+02,1.033464280842e+00
1.928396419821e+02,1.033282950748e+00
1.928496424821e+02,1.033096931784e+00
1.928596429821e+02,1.032906245487e+00
1.928696434822e+02,1.032710913951e+00
1.928796439822e+02,1.032510959830e+00
1.928896444822e+02,1.032306406335e+00
1.928996449822e+02,1.032097277240e+00
1.929096454823e+02,1.031883596877e+00
1.929196459823e+02,1.031665390141e+00
1.929296464823e+02,1.031442682489e+00
1.929396469823e+02,1.031215499939e+00
1.929496474824e+02,1.030983869076e+00
1.929596479824e+02,1.030747817048e+00
1.929696484824e+02,1.030507371566e+00
1.929796489824e+02,1.030262560909e+00
1.929896494825e+02,1.030013413924e+00
1.929996499825e+02,1.029759960021e+00
1.930096504825e+02,1.029502229182e+00
1.930196509825e+02,1.029240251955e+00
1.930296514826e+02,1.028974059458e+00
1.930396519826e+02,1.028703683379e+00
1.930496524826e+02,1.028429155976e+00
1.930596529826e+02,1.028150510078e+00
1.930696534827e+02,1.027867779085e+00
1.930796539827e+02,1.027580996970e+00
1.930896544827e+02,1.027290198279e+00
1.930996549827e+02,1.026995418128e+00
1.931096554828e+02,1.026696692210e+00
1.931196559828e+02,1.026394056790e+00
1.931296564828e+02,1.026087548706e+00
1.931396569828e+02,1.025777205372e+00
1.931496574829e+02,1.025463064777e+00
1.931596579829e+02,1.025145165482e+00
1.931696584829e+02,1.024823546627e+00
1.931796589829e+02,1.024498247923e+00
1.931896594830e+02,1.024169309659e+00
1.931996599830e+02,1.023836772697e+00
1.932096604830e+02,1.023500678477e+00
1.932196609830e+02,1.023161069010e+00
1.932296614831e+02,1.022817986886e+00
1.932396619831e+02,1.022471475264e+00
1.932496624831e+02,1.022121577883e+00
1.932596629831e+02,1.021768339050e+00
1.932696634832e+02,1.021411803650e+00
1.932796639832e+02,1.021052017138e+00
1.932896644832e+02,1.020689025541e+00
1.932996649832e+02,1.020322875458e+00
1.933096654833e+02,1.019953614057e+00
1.933196659833e+02,1.019581289077e+00
1.933296664833e+02,1.019205948824e+00
1.933396669833e+02,1.018827642173e+00
1.933496674834e+02,1.018446418563e+00
1.933596679834e+02,1.018062327998e+00
1.933696684834e+02,1.017675421048e+00
1.933796689834e+02,1.017285748840e+00
1.933896694835e+02,1.016893363065e+00
1.933996699835e+02,1.016498315972e+00
1.934096704835e+02,1.016100660363e+00
1.934196709835e+02,1.015700449597e+00
1.934296714836e+02,1.015297737586e+00
1.934396719836e+02,1.014892578789e+00
1.934496724836e+02,1.014485028214e+00
1.934596729836e+02,1.014075141415e+00
1.934696734837e+02,1.013662974486e+00
1.934796739837e+02,1.013248584061e+00
1.934896744837e+02,1.012832027311e+00
1.934996749837e+02,1.012413361939e+00
1.935096754838e+02,1.011992646178e+00
1.935196759838e+02,1.011569938787e+00
1.935296764838e+02,1.011145299049e+00
1.935396769838e+02,1.010718786765e+00
1.935496774839e+02,1.010290462250e+00
1.935596779839e+02,1.009860386330e+00
1.935696784839e+02,1.009428620338e+00
1.935796789839e+02,1.008995226108e+00
1.935896794840e+02,1.008560265971e+00
1.935996799840e+02,1.008123802752e+00
1.936096804840e+02,1.007685899760e+00
1.936196809840e+02,1.007246620787e+00
1.936296814841e+02,1.006806030103e+00
1.936396819841e+02,1.006364192446e+00
1.936496824841e+02,1.005921173020e+00
1.936596829841e+02,1.005477037486e+00
1.936696834842e+02,1.005031851960e+00
1.936796839842e+02,1.004585683001e+00
1.936896844842e+02,1.004138597609e+00
1.936996849842e+02,1.003690663213e+00
1.937096854843e+02,1.003241947671e+00
1.937196859843e+02,1.002792519254e+00
1.937296864843e+02,1.002342446644e+00
1.937396869843e+02,1.001891798927e+00
1.937496874844e+02,1.001440645579e+00
1.937596879844e+02,1.000989056463e+00
1.937696884844e+02,1.000537101819e+00
1.937796889844e+02,1.000084852253e+00
1.937896894845e+02,9.996323787320e-01
1.937996899845e+02,9.991797525694e-01
1.938096904845e+02,9.987270454199e-01
1.938196909845e+02,9.982743292677e-01
1.938296914846e+02,9.978216764162e-01
1.938396919846e+02,9.973691594784e-01
1.938496924846e+02,9.969168513657e-01
1.938596929846e+02,9.964648252772e-01
1.938696934847e+02,9.960131546886e-01
1.938796939847e+02,9.955619133407e-01
1.938896944847e+02,9.951111752279e-01
1.938996949847e+02,9.946610145857e-01
1.939096954848e+02,9.942115058793e-01
1.939196959848e+02,9.937627237905e-01
1.939296964848e+02,9.933147432055e-01
1.939396969848e+02,9.928676392012e-01
1.939496974849e+02,9.924214870326e-01
1.939596979849e+02,9.919763621190e-01
1.939696984849e+02,9.915323400302e-01
1.939796989849e+02,9.910894964724e-01
1.939896994850e+02,9.906479072742e-01
1.939996999850e+02,9.902076483714e-01
1.940097004850e+02,9.897687957930e-01
1.940197009850e+02,9.893314256454e-01
1.940297014851e+02,9.888956140975e-01
1.940397019851e+02,9.884614373646e-01
1.940497024851e+02,9.880289716934e-01
1.940597029851e+02,9.875982933450e-01
1.940697034852e+02,9.871694785791e-01
1.940797039852e+02,9.867426036373e-01
1.940897044852e+02,9.863177447262e-01
1.940997049852e+02,9.858949780004e-01
1.941097054853e+02,9.854743795452e-01
1.941197059853e+02,9.850560253592e-01
1.941297064853e+02,9.846399913365e-01
1.941397069853e+02,9.842263532485e-01
1.941497074854e+02,9.838151867261e-01
1.941597079854e+02,9.834065672415e-01
1.941697084854e+02,9.830005700888e-01
1.941797089854e+02,9.825972703661e-01
1.941897094855e+02,9.821967429562e-01
1.941997099855e+02,9.817990625074e-01
1.942097104855e+02,9.814043034144e-01
1.942197109855e+02,9.810125397987e-01
1.942297114856e+02,9.806238454889e-01
1.942397119856e+02,9.802382940010e-01
1.942497124856e+02,9.798559585185e-01
1.942597129856e+02,9.794769118724e-01
1.942697134857e+02,9.791012265206e-01
1.942797139857e+02,9.787289745282e-01
1.942897144857e+02,9.783602275466e-01
1.942997149857e+02,9.779950567931e-01
1.943097154858e+02,9.776335330305e-01
1.943197159858e+02,9.772757265461e-01
1.943297164858e+02,9.769217071308e-01
1.943397169858e+02,9.765715440591e-01
1.943497174859e+02,9.762253060670e-01
1.943597179859e+02,9.758830613322e-01
1.943697184859e+02,9.755448774525e-01
1.943797189859e+02,9.752108214250e-01
1.943897194860e+02,9.748809596252e-01
1.943997199860e+02,9.745553577859e-01
1.944097204860e+02,9.742340809764e-01
1.944197209860e+02,9.739171935817e-01
1.944297214861e+02,9.736047592811e-01
1.944397219861e+02,9.732968410281e-01
1.944497224861e+02,9.729935010291e-01
1.944597229861e+02,9.726948007232e-01
1.944697234862e+02,9.724008007610e-01
1.944797239862e+02,9.721115609849e-01
1.944897244862e+02,9.718271404081e-01
1.944997249862e+02,9.715475971949e-01
1.945097254863e+02,9.712729886401e-01
1.945197259863e+02,9.710033711499e-01
1.945297264863e+02,9.707388002212e-01
1.945397269863e+02,9.704793304227e-01
1.945497274864e+02,9.702250153756e-01
1.945597279864e+02,9.699759077340e-01
1.945697284864e+02,9.697320591664e-01
1.945797289864e+02,9.694935203370e-01
1.945897294865e+02,9.692603408871e-01
1.945997299865e+02,9.690325694172e-01
1.946097304865e+02,9.688102534689e-01
1.946197309865e+02,9.685934395077e-01
1.946297314866e+02,9.683821729052e-01
1.946397319866e+02,9.681764979228e-01
1.946497324866e+02,9.679764576947e-01
1.946597329866e+02,9.677820942117e-01
1.946697334867e+02,9.675934483055e-01
1.946797339867e+02,9.674105596329e-01
1.946897344867e+02,9.672334666609e-01
1.946997349867e+02,9.670622066519e-01
1.947097354868e+02,9.668968156493e-01
1.947197359868e+02,9.667373284635e-01
1.947297364868e+02,9.665837786588e-01
1.947397369868e+02,9.664361985399e-01
1.947497374869e+02,9.662946191395e-01
1.947597379869e+02,9.661590702062e-01
1.947697384869e+02,9.660295801930e-01
1.947797389869e+02,9.659061762457e-01
1.947897394870e+02,9.657888841924e-01
1.947997399870e+02,9.656777285337e-01
1.948097404870e+02,9.655727324324e-01
1.948197409870e+02,9.654739177047e-01
1.948297414871e+02,9.653813048114e-01
1.948397419871e+02,9.652949128501e-01
1.948497424871e+02,9.652147595470e-01
1.948597429871e+02,9.651408612508e-01
1.948697434872e+02,9.650732329252e-01
1.948797439872e+02,9.650118881439e-01
1.948897444872e+02,9.649568390845e-01
1.948997449872e+02,9.649080965243e-01
1.949097454873e+02,9.648656698356e-01
1.949197459873e+02,9.648295669824e-01
1.949297464873e+02,9.647997945172e-01
1.949397469873e+02,9.647763575783e-01
1.949497474874e+02,9.647592598885e-01
1.949597479874e+02,9.647485037530e-01
1.949697484874e+02,9.647440900592e-01
1.949797489874e+02,9.647460182764e-01
1.949897494875e+02,9.647542864561e-01
1.949997499875e+02,9.647688912331e-01
1.950097504875e+02,9.647898278273e-01
1.950197509875e+02,9.648170900454e-01
1.950297514876e+02,9.648506702844e-01
1.950397519876e+02,9.648905595340e-01
1.950497524876e+02,9.649367473813e-01
1.950597529876e+02,9.649892220150e-01
1.950697534877e+02,9.650479702302e-01
1.950797539877e+02,9.651129774347e-01
1.950897544877e+02,9.651842276543e-01
1.950997549877e+02,9.652617035403e-01
1.951097554878e+02,9.653453863762e-01
1.951197559878e+02,9.654352560861e-01
1.951297564878e+02,9.655312912423e-01
1.951397569878e+02,9.656334690750e-01
1.951497574879e+02,9.657417654810e-01
1.951597579879e+02,9.658561550343e-01
1.951697584879e+02,9.659766109958e-01
1.951797589879e+02,9.661031053247e-01
1.951897594880e+02,9.662356086898e-01
1.951997599880e+02,9.663740904812e-01
1.952097604880e+02,9.665185188230e-01
1.952197609880e+02,9.666688605857e-01
1.952297614881e+02,9.668250813996e-01
1.952397619881e+02,9.669871456688e-01
1.952497624881e+02,9.671550165846e-01
1.952597629881e+02,9.673286561408e-01
1.952697634882e+02,9.675080251480e-01
1.952797639882e+02,9.676930832493e-01
1.952897644882e+02,9.678837889359e-01
1.952997649882e+02,9.680800995629e-01
1.953097654883e+02,9.682819713661e-01
1.953197659883e+02,9.684893594785e-01
1.953297664883e+02,9.687022179475e-01
1.953397669883e+02,9.689204997520e-01
1.953497674884e+02,9.691441568206e-01
1.953597679884e+02,9.693731400490e-01
1.953697684884e+02,9.696073993188e-01
1.953797689884e+02,9.698468835157e-01
1.953897694885e+02,9.700915405481e-01
1.953997699885e+02,9.703413173665e-01
1.954097704885e+02,9.705961599826e-01
1.954197709885e+02,9.708560134884e-01
1.954297714886e+02,9.711208220763e-01
1.954397719886e+02,9.713905290586e-01
1.954497724886e+02,9.716650768875e-01
1.954597729886e+02,9.719444071753e-01
1.954697734887e+02,9.722284607147e-01
1.954797739887e+02,9.725171774990e-01
1.954897744887e+02,9.728104967427e-01
1.954997749887e+02,9.731083569022e-01
1.955097754888e+02,9.734106956965e-01
1.955197759888e+02,9.737174501276e-01
1.955297764888e+02,9.740285565019e-01
1.955397769888e+02,9.743439504506e-01
1.955497774889e+02,9.746635669509e-01
1.955597779889e+02,9.749873403468e-01
1.955697784889e+02,9.753152043701e-01
1.955797789889e+02,9.756470921615e-01
1.955897794890e+02,9.759829362911e-01
1.955997799890e+02,9.763226687798e-01
1.956097804890e+02,9.766662211202e-01
1.956197809890e+02,9.770135242970e-01
1.956297814891e+02,9.773645088080e-01
1.956397819891e+02,9.777191046852e-01
1.956497824891e+02,9.780772415149e-01
1.956597829891e+02,9.784388484586e-01
1.956697834892e+02,9.788038542732e-01
1.956797839892e+02,9.791721873318e-01
1.956897844892e+02,9.795437756436e-01
1.956997849892e+02,9.799185468739e-01
1.957097854893e+02,9.802964283646e-01
1.957197859893e+02,9.806773471536e-01
1.957297864893e+02,9.810612299948e-01
1.957397869893e+02,9.814480033775e-01
1.957497874894e+02,9.818375935458e-01
1.957597879894e+02,9.822299265177e-01
1.957697884894e+02,9.826249281046e-01
1.957797889894e+02,9.830225239295e-01
1.957897894895e+02,9.834226394462e-01
1.957997899895e+02,9.838251999577e-01
1.958097904895e+02,9.842301306339e-01
1.958197909895e+02,9.846373565305e-01
1.958297914896e+02,9.850468026062e-01
1.958397919896e+02,9.854583937408e-01
1.958497924896e+02,9.858720547520e-01
1.958597929896e+02,9.862877104133e-01
1.958697934897e+02,9.867052854703e-01
1.958797939897e+02,9.871247046578e-01
1.958897944897e+02,9.875458927162e-01
1.958997949897e+02,9.879687744074e-01
1.959097954898e+02,9.883932745314e-01
1.959197959898e+02,9.888193179414e-01
1.959297964898e+02,9.892468295597e-01
1.959397969898e+02,9.896757343927e-01
1.959497974899e+02,9.901059575459e-01
1.959597979899e+02,9.905374242386e-01
1.959697984899e+02,9.909700598187e-01
1.959797989899e+02,9.914037897762e-01
1.959897994900e+02,9.918385397577e-01
1.959997999900e+02,9.922742355799e-01
1.960098004900e+02,9.927108032429e-01
1.960198009900e+02,9.931481689435e-01
1.960298014901e+02,9.935862590880e-01
1.960398019901e+02,9.940250003046e-01
1.960498024901e+02,9.944643194563e-01
1.960598029901e+02,9.949041436523e-01
1.960698034902e+02,9.953444002605e-01
1.960798039902e+02,9.957850169183e-01
1.960898044902e+02,9.962259215447e-01
1.960998049902e+02,9.966670423506e-01
1.961098054903e+02,9.971083078502e-01
1.961198059903e+02,9.975496468711e-01
1.961298064903e+02,9.979909885647e-01
1.961398069903e+02,9.984322624161e-01
1.961498074904e+02,9.988733982542e-01
1.961598079904e+02,9.993143262607e-01
1.961698084904e+02,9.997549769796e-01
1.961798089904e+02,1.000195281326e+00
1.961898094905e+02,1.000635170596e+00
1.961998099905e+02,1.001074576474e+00
1.962098104905e+02,1.001513431039e+00
1.962198109905e+02,1.001951666778e+00
1.962298114906e+02,1.002389216589e+00
1.962398119906e+02,1.002826013791e+00
1.962498124906e+02,1.003261992129e+00
1.962598129906e+02,1.003697085785e+00
1.962698134907e+02,1.004131229381e+00
1.962798139907e+02,1.004564357987e+00
1.962898144907e+02,1.004996407128e+00
1.962998149907e+02,1.005427312792e+00
1.963098154908e+02,1.005857011429e+00
1.963198159908e+02,1.006285439968e+00
1.963298164908e+02,1.006712535810e+00
1.963398169908e+02,1.007138236844e+00
1.963498174909e+02,1.007562481447e+00
1.963598179909e+02,1.007985208489e+00
1.963698184909e+02,1.008406357340e+00
1.963798189909e+02,1.008825867871e+00
1.963898194910e+02,1.009243680464e+00
1.963998199910e+02,1.009659736011e+00
1.964098204910e+02,1.010073975920e+00
1.964198209910e+02,1.010486342121e+00
1.964298214911e+02,1.010896777064e+00
1.964398219911e+02,1.011305223732e+00
1.964498224911e+02,1.011711625632e+00
1.964598229911e+02,1.012115926811e+00
1.964698234912e+02,1.012518071850e+00
1.964798239912e+02,1.012918005871e+00
1.964898244912e+02,1.013315674537e+00
1.964998249912e+02,1.013711024059e+00
1.965098254913e+02,1.014104001194e+00
1.965198259913e+02,1.014494553251e+00
1.965298264913e+02,1.014882628089e+00
1.965398269913e+02,1.015268174125e+00
1.965498274914e+02,1.015651140329e+00
1.965598279914e+02,1.016031476233e+00
1.965698284914e+02,1.016409131925e+00
1.965798289914e+02,1.016784058058e+00
1.965898294915e+02,1.017156205848e+00
1.965998299915e+02,1.017525527072e+00
1.966098304915e+02,1.017891974078e+00
1.966198309915e+02,1.018255499777e+00
1.966298314916e+02,1.018616057649e+00
1.966398319916e+02,1.018973601743e+00
1.966498324916e+02,1.019328086680e+00
1.966598329916e+02,1.019679467647e+00
1.966698334917e+02,1.020027700407e+00
1.966798339917e+02,1.020372741291e+00
1.966898344917e+02,1.020714547204e+00
1.966998349917e+02,1.021053075625e+00
1.967098354918e+02,1.021388284604e+00
1.967198359918e+02,1.021720132764e+00
1.967298364918e+02,1.022048579304e+00
1.967398369918e+02,1.022373583994e+00
1.967498374919e+02,1.022695107181e+00
1.967598379919e+02,1.023013109781e+00
1.967698384919e+02,1.023327553288e+00
1.967798389919e+02,1.023638399768e+00
1.967898394920e+02,1.023945611859e+00
1.967998399920e+02,1.024249152774e+00
1.968098404920e+02,1.024548986298e+00
1.968198409920e+02,1.024845076788e+00
1.968298414921e+02,1.025137389175e+00
1.968398419921e+02,1.025425888960e+00
1.968498424921e+02,1.025710542215e+00
1.968598429921e+02,1.025991315584e+00
1.968698434922e+02,1.026268176280e+00
1.968798439922e+02,1.026541092086e+00
1.968898444922e+02,1.026810031355e+00
1.968998449922e+02,1.027074963007e+00
1.969098454923e+02,1.027335856530e+00
1.969198459923e+02,1.027592681980e+00
1.969298464923e+02,1.027845409977e+00
1.969398469923e+02,1.028094011709e+00
1.969498474924e+02,1.028338458928e+00
1.969598479924e+02,1.028578723950e+00
1.969698484924e+02,1.028814779653e+00
1.969798489924e+02,1.029046599478e+00
1.969898494925e+02,1.029274157430e+00
1.969998499925e+02,1.029497428071e+00
1.970098504925e+02,1.029716386526e+00
1.970198509925e+02,1.029931008476e+00
1.970298514926e+02,1.030141270164e+00
1.970398519926e+02,1.030347148386e+00
1.970498524926e+02,1.030548620498e+00
1.970598529926e+02,1.030745664410e+00
1.970698534927e+02,1.030938258586e+00
1.970798539927e+02,1.031126382045e+00
1.970898544927e+02,1.031310014360e+00
1.970998549927e+02,1.031489135652e+00
1.971098554928e+02,1.031663726599e+00
1.971198559928e+02,1.031833768424e+00
1.971298564928e+02,1.031999242902e+00
1.971398569928e+02,1.032160132357e+00
1.971498574929e+02,1.032316419660e+00
1.971598579929e+02,1.032468088228e+00
1.971698584929e+02,1.032615122027e+00
1.971798589929e+02,1.032757505566e+00
1.971898594930e+02,1.032895223899e+00
1.971998599930e+02,1.033028262624e+00
1.972098604930e+02,1.033156607881e+00
1.972198609930e+02,1.033280246355e+00
1.972298614931e+02,1.033399165269e+00
1.972398619931e+02,1.033513352389e+00
1.972498624931e+02,1.033622796021e+00
1.972598629931e+02,1.033727485009e+00
1.972698634932e+02,1.033827408737e+00
1.972798639932e+02,1.033922557127e+00
1.972898644932e+02,1.034012920638e+00
1.972998649932e+02,1.034098490266e+00
1.973098654933e+02,1.034179257543e+00
1.973198659933e+02,1.034255214537e+00
1.973298664933e+02,1.034326353852e+00
1.973398669933e+02,1.034392668624e+00
1.973498674934e+02,1.034454152527e+00
1.973598679934e+02,1.034510799764e+00
1.973698684934e+02,1.034562605077e+00
1.973798689934e+02,1.034609563734e+00
1.973898694935e+02,1.034651671542e+00
1.973998699935e+02,1.034688924835e+00
1.974098704935e+02,1.034721320481e+00
1.974198709935e+02,1.034748855879e+00
1.974298714936e+02,1.034771528959e+00
1.974398719936e+02,1.034789338181e+00
1.974498724936e+02,1.034802282537e+00
1.974598729936e+02,1.034810361548e+00
1.974698734937e+02,1.034813575266e+00
1.974798739937e+02,1.034811924271e+00
1.974898744937e+02,1.034805409675e+00
1.974998749937e+02,1.034794033118e+00
1.975098754938e+02,1.034777796770e+00
1.975198759938e+02,1.034756703332e+00
1.975298764938e+02,1.034730756031e+00
1.975398769938e+02,1.034699958626e+00
1.975498774939e+02,1.034664315405e+00
1.975598779939e+02,1.034623831184e+00
1.975698784939e+02,1.034578511309e+00
1.975798789939e+02,1.034528361658e+00
1.975898794940e+02,1.034473388634e+00
1.975998799940e+02,1.034413599172e+00
1.976098804940e+02,1.034349000738e+00
1.976198809940e+02,1.034279601327e+00
1.976298814941e+02,1.034205409463e+00
1.976398819941e+02,1.034126434201e+00
1.976498824941e+02,1.034042685128e+00
1.976598829941e+02,1.033954172360e+00
1.976698834942e+02,1.033860906545e+00
1.976798839942e+02,1.033762898863e+00
1.976898844942e+02,1.033660161023e+00
1.976998849942e+02,1.033552705270e+00
1.977098854943e+02,1.033440544378e+00
1.977198859943e+02,1.033323691655e+00
1.977298864943e+02,1.033202160943e+00
1.977398869943e+02,1.033075966615e+00
1.977498874944e+02,1.032945123581e+00
1.977598879944e+02,1.032809647283e+00
1.977698884944e+02,1.032669553697e+00
1.977798889944e+02,1.032524859338e+00
1.977898894945e+02,1.032375581253e+00
1.977998899945e+02,1.032221737026e+00
1.978098904945e+02,1.032063344777e+00
1.978198909945e+02,1.031900423166e+00
1.978298914946e+02,1.031732991385e+00
1.978398919946e+02,1.031561069170e+00
1.978498924946e+02,1.031384676792e+00
1.978598929946e+02,1.031203835060e+00
1.978698934947e+02,1.031018565325e+00
1.978798939947e+02,1.030828889478e+00
1.978898944947e+02,1.030634829948e+00
1.978998949947e+02,1.030436409708e+00
1.979098954948e+02,1.030233652269e+00
1.979198959948e+02,1.030026581687e+00
1.979298964948e+02,1.029815222560e+00
1.979398969948e+02,1.029599600026e+00
1.979498974949e+02,1.029379739770e+00
1.979598979949e+02,1.029155668019e+00
1.979698984949e+02,1.028927411545e+00
1.979798989949e+02,1.028694997664e+00
1.979898994950e+02,1.028458454237e+00
1.979998999950e+02,1.028217809671e+00
1.980099004950e+02,1.027973092920e+00
1.980199009950e+02,1.027724333482e+00
1.980299014951e+02,1.027471561403e+00
1.980399019951e+02,1.027214807275e+00
1.980499024951e+02,1.026954102239e+00
1.980599029951e+02,1.026689477982e+00
1.980699034952e+02,1.026420966738e+00
1.980799039952e+02,1.026148601291e+00
1.980899044952e+02,1.025872414971e+00
1.980999049952e+02,1.025592441658e+00
1.981099054953e+02,1.025308715778e+00
1.981199059953e+02,1.025021272309e+00
1.981299064953e+02,1.024730146773e+00
1.981399069953e+02,1.024435375243e+00
1.981499074954e+02,1.024136994339e+00
1.981599079954e+02,1.023835041231e+00
1.981699084954e+02,1.023529553635e+00
1.981799089954e+02,1.023220569815e+00
1.981899094955e+02,1.022908128582e+00
1.981999099955e+02,1.022592269296e+00
1.982099104955e+02,1.022273031862e+00
1.982199109955e+02,1.021950456731e+00
1.982299114956e+02,1.021624584901e+00
1.982399119956e+02,1.021295457913e+00
1.982499124956e+02,1.020963117854e+00
1.982599129956e+02,1.020627607353e+00
1.982699134957e+02,1.020288969584e+00
1.982799139957e+02,1.019947248262e+00
1.982899144957e+02,1.019602487640e+00
1.982999149957e+02,1.019254732516e+00
1.983099154958e+02,1.018904028222e+00
1.983199159958e+02,1.018550420629e+00
1.983299164958e+02,1.018193956145e+00
1.983399169958e+02,1.017834681711e+00
1.983499174959e+02,1.017472644803e+00
1.983599179959e+02,1.017107893425e+00
1.983699184959e+02,1.016740476114e+00
1.983799189959e+02,1.016370441933e+00
1.983899194960e+02,1.015997840471e+00
1.983999199960e+02,1.015622721842e+00
1.984099204960e+02,1.015245136679e+00
1.984199209960e+02,1.014865136136e+00
1.984299214961e+02,1.014482771884e+00
1.984399219961e+02,1.014098096107e+00
1.984499224961e+02,1.013711161501e+00
1.984599229961e+02,1.013322021270e+00
1.984699234962e+02,1.012930729126e+00
1.984799239962e+02,1.012537339281e+00
1.984899244962e+02,1.012141906447e+00
1.984999249962e+02,1.011744485833e+00
1.985099254963e+02,1.011345133138e+00
1.985199259963e+02,1.010943904553e+00
1.985299264963e+02,1.010540856750e+00
1.985399269963e+02,1.010136046886e+00
1.985499274964e+02,1.009729532592e+00
1.985599279964e+02,1.009321371972e+00
1.985699284964e+02,1.008911623597e+00
1.985799289964e+02,1.008500346503e+00
1.985899294965e+02,1.008087600183e+00
1.985999299965e+02,1.007673444584e+00
1.986099304965e+02,1.007257940101e+00
1.986199309965e+02,1.006841147571e+00
1.986299314966e+02,1.006423128268e+00
1.986399319966e+02,1.006003943901e+00
1.986499324966e+02,1.005583656600e+00
1.986599329966e+02,1.005162328916e+00
1.986699334967e+02,1.004740023814e+00
1.986799339967e+02,1.004316804665e+00
1.986899344967e+02,1.003892735239e+00
1.986999349967e+02,1.003467879701e+00
1.987099354968e+02,1.003042302598e+00
1.987199359968e+02,1.002616068860e+00
1.987299364968e+02,1.002189243785e+00
1.987399369968e+02,1.001761893034e+00
1.987499374969e+02,1.001334082624e+00
1.987599379969e+02,1.000905878919e+00
1.987699384969e+02,1.000477348621e+00
1.987799389969e+02,1.000048558762e+00
1.987899394970e+02,9.996195766960e-01
1.987999399970e+02,9.991904700867e-01
1.988099404970e+02,9.987613069020e-01
1.988199409970e+02,9.983321554025e-01
1.988299414971e+02,9.979030841318e-01
1.988399419971e+02,9.974741619071e-01
1.988499424971e+02,9.970454578084e-01
1.988599429971e+02,9.966170411682e-01
1.988699434972e+02,9.961889815612e-01
1.988799439972e+02,9.957613487926e-01
1.988899444972e+02,9.953342128877e-01
1.988999449972e+02,9.949076440799e-01
1.989099454973e+02,9.944817127995e-01
1.989199459973e+02,9.940564896615e-01
1.989299464973e+02,9.936320454536e-01
1.989399469973e+02,9.932084511242e-01
1.989499474974e+02,9.927857777693e-01
1.989599479974e+02,9.923640966197e-01
1.989699484974e+02,9.919434790286e-01
1.989799489974e+02,9.915239964577e-01
1.989899494975e+02,9.911057204637e-01
1.989999499975e+02,9.906887226851e-01
1.990099504975e+02,9.902730748276e-01
1.990199509975e+02,9.898588486505e-01
1.990299514976e+02,9.894461159519e-01
1.990399519976e+02,9.890349485539e-01
1.990499524976e+02,9.886254182886e-01
1.990599529976e+02,9.882175969819e-01
1.990699534977e+02,9.878115564391e-01
1.990799539977e+02,9.874073684292e-01
1.990899544977e+02,9.870051046688e-01
1.990999549977e+02,9.866048368068e-01
1.991099554978e+02,9.862066364079e-01
1.991199559978e+02,9.858105749365e-01
1.991299564978e+02,9.854167237401e-01
1.991399569978e+02,9.850251540328e-01
1.991499574979e+02,9.846359368783e-01
1.991599579979e+02,9.842491431729e-01
1.991699584979e+02,9.838648436285e-01
1.991799589979e+02,9.834831087548e-01
1.991899594980e+02,9.831040088425e-01
1.991999599980e+02,9.827276139448e-01
1.992099604980e+02,9.823539938603e-01
1.992199609980e+02,9.819832181146e-01
1.992299614981e+02,9.816153559423e-01
1.992399619981e+02,9.812504762691e-01
1.992499624981e+02,9.808886476930e-01
1.992599629981e+02,9.805299384662e-01
1.992699634982e+02,9.801744164762e-01
1.992799639982e+02,9.798221492277e-01
1.992899644982e+02,9.794732038233e-01
1.992999649982e+02,9.791276469451e-01
1.993099654983e+02,9.787855448355e-01
1.993199659983e+02,9.784469632788e-01
1.993299664983e+02,9.781119675814e-01
1.993399669983e+02,9.777806225534e-01
1.993499674984e+02,9.774529924893e-01
1.993599679984e+02,9.771291411491e-01
1.993699684984e+02,9.768091317388e-01
1.993799689984e+02,9.764930268917e-01
1.993899694985e+02,9.761808886490e-01
1.993999699985e+02,9.758727784410e-01
1.994099704985e+02,9.755687570678e-01
1.994199709985e+02,9.752688846802e-01
1.994299714986e+02,9.749732207613e-01
1.994399719986e+02,9.746818241068e-01
1.994499724986e+02,9.743947528069e-01
1.994599729986e+02,9.741120642268e-01
1.994699734987e+02,9.738338149889e-01
1.994799739987e+02,9.735600609534e-01
1.994899744987e+02,9.732908572005e-01
1.994999749987e+02,9.730262580117e-01
1.995099754988e+02,9.727663168520e-01
1.995199759988e+02,9.725110863513e-01
1.995299764988e+02,9.722606182874e-01
1.995399769988e+02,9.720149635674e-01
1.995499774989e+02,9.717741722110e-01
1.995599779989e+02,9.715382933326e-01
1.995699784989e+02,9.713073751247e-01
1.995799789989e+02,9.710814648408e-01
1.995899794990e+02,9.708606087788e-01
1.995999799990e+02,9.706448522647e-01
1.996099804990e+02,9.704342396365e-01
1.996199809990e+02,9.702288142283e-01
1.996299814991e+02,9.700286183546e-01
1.996399819991e+02,9.698336932954e-01
1.996499824991e+02,9.696440792810e-01
1.996599829991e+02,9.694598154773e-01
1.996699834992e+02,9.692809399715e-01
1.996799839992e+02,9.691074897584e-01
1.996899844992e+02,9.689395007264e-01
1.996999849992e+02,9.687770076442e-01
1.997099854993e+02,9.686200441483e-01
1.997199859993e+02,9.684686427301e-01
1.997299864993e+02,9.683228347238e-01
1.997399869993e+02,9.681826502947e-01
1.997499874994e+02,9.680481184280e-01
1.997599879994e+02,9.679192669176e-01
1.997699884994e+02,9.677961223557e-01
1.997799889994e+02,9.676787101227e-01
1.997899894995e+02,9.675670543779e-01
1.997999899995e+02,9.674611780496e-01
1.998099904995e+02,9.673611028270e-01
1.998199909995e+02,9.672668491517e-01
1.998299914996e+02,9.671784362100e-01
1.998399919996e+02,9.670958819252e-01
1.998499924996e+02,9.670192029513e-01
1.998599929996e+02,9.669484146663e-01
1.998699934997e+02,9.668835311663e-01
1.998799939997e+02,9.668245652604e-01
1.998899944997e+02,9.667715284655e-01
1.998999949997e+02,9.667244310024e-01
1.999099954998e+02,9.666832817912e-01
1.999199959998e+02,9.666480884487e-01
1.999299964998e+02,9.666188572854e-01
1.999399969998e+02,9.665955933026e-01
1.999499974999e+02,9.665783001916e-01
1.999599979999e+02,9.665669803316e-01
1.999699984999e+02,9.665616347893e-01
1.999799990000e+02,9.665622633186e-01
1.999899995000e+02,9.665688643610e-01
2.000000000000e+02,9.665814350464e-01
