t_over_theta,r
0.000000000000e+00,1.000000000000e+00
2.000100005000e-03,9.996249590297e-01
4.000200010001e-03,9.985008674880e-01
6.000300015001e-03,9.966276724526e-01
8.000400020001e-03,9.940031807095e-01
1.000050002500e-02,9.906230257547e-01
1.200060003000e-02,9.864806049726e-01
1.400070003500e-02,9.815669847668e-01
1.600080004000e-02,9.758707708930e-01
1.800090004500e-02,9.693779394707e-01
2.000100005000e-02,9.620716234020e-01
2.200110005500e-02,9.539318460675e-01
2.400120006000e-02,9.449351930116e-01
2.600130006500e-02,9.350544079367e-01
2.800140007000e-02,9.242578975666e-01
3.000150007500e-02,9.125091214313e-01
3.200160008000e-02,8.997658387740e-01
3.400170008500e-02,8.859791730988e-01
3.600180009000e-02,8.710924413000e-01
3.800190009500e-02,8.550396753946e-01
4.000200010001e-02,8.377437371520e-01
4.200210010501e-02,8.191138833345e-01
4.400220011001e-02,7.990425794990e-01
4.600230011501e-02,7.774012645529e-01
4.800240012001e-02,7.540346203467e-01
5.000250012501e-02,7.287526621837e-01
5.200260013001e-02,7.013195686490e-01
5.400270013501e-02,6.714374902252e-01
5.600280014001e-02,6.387223703052e-01
5.800290014501e-02,6.026665958318e-01
6.000300015001e-02,5.625791042002e-01
6.200310015501e-02,5.174855895164e-01
6.400320016001e-02,4.659577317602e-01
6.600330016501e-02,4.058340507309e-01
6.800340017001e-02,3.340116948892e-01
7.000350017501e-02,2.500521744949e-01
7.200360018001e-02,2.032406733977e-01
7.400370018501e-02,2.573066349837e-01
7.600380019001e-02,3.232522561904e-01
7.800390019501e-02,3.796098545737e-01
8.000400020001e-02,4.274950967318e-01
8.200410020501e-02,4.689071011234e-01
8.400420021001e-02,5.052956526983e-01
8.600430021501e-02,5.376641685182e-01
8.800440022001e-02,5.667225137097e-01
9.000450022501e-02,5.929885602780e-01
9.200460023001e-02,6.168511993244e-01
9.400470023501e-02,6.386099007638e-01
9.600480024001e-02,6.585002617750e-01
9.800490024501e-02,6.767110163453e-01
1.000050002500e-01,6.933956893752e-01
1.020051002550e-01,7.086807912033e-01
1.040052002600e-01,7.226717139055e-01
1.060053002650e-01,7.354570616269e-01
1.080054002700e-01,7.471118885305e-01
1.100055002750e-01,7.577001588576e-01
1.120056002800e-01,7.672766420781e-01
1.140057002850e-01,7.758883908776e-01
1.160058002900e-01,7.835759057315e-01
1.180059002950e-01,7.903740608347e-01
1.200060003000e-01,7.963128452946e-01
1.220061003050e-01,8.014179596111e-01
1.240062003100e-01,8.057112972105e-01
1.260063003150e-01,8.092113331667e-01
1.280064003200e-01,8.119334371253e-01
1.300065003250e-01,8.138901233085e-01
1.320066003300e-01,8.150912471728e-01
1.340067003350e-01,8.155441561810e-01
1.360068003400e-01,8.152538001891e-01
1.380069003450e-01,8.142228052058e-01
1.400070003500e-01,8.124515133025e-01
1.420071003550e-01,8.099379900926e-01
1.440072003600e-01,8.066780003219e-01
1.460073003650e-01,8.026649510080e-01
1.480074003700e-01,7.978898006409e-01
1.500075003750e-01,7.923409319497e-01
1.520076003800e-01,7.860039846330e-01
1.540077003850e-01,7.788616427684e-01
1.560078003900e-01,7.708933706805e-01
1.580079003950e-01,7.620750885514e-01
1.600080004000e-01,7.523787780221e-01
1.620081004050e-01,7.417720033076e-01
1.640082004100e-01,7.302173328163e-01
1.660083004150e-01,7.176716406907e-01
1.680084004200e-01,7.040852652767e-01
1.700085004250e-01,6.894009961777e-01
1.720086004300e-01,6.735528614449e-01
1.740087004350e-01,6.564646874504e-01
1.760088004400e-01,6.380484178143e-01
1.780089004450e-01,6.182022179212e-01
1.800090004500e-01,5.968084882627e-01
1.820091004550e-01,5.737321424053e-01
1.840092004600e-01,5.488200395502e-01
1.860093004650e-01,5.219037164879e-01
1.880094004700e-01,4.928105561141e-01
1.900095004750e-01,4.613958741335e-01
1.920096004800e-01,4.276268780974e-01
1.940097004850e-01,3.917960027488e-01
1.960098004900e-01,3.550486964376e-01
1.980099004950e-01,3.205586507867e-01
2.000100005000e-01,2.951903084248e-01
2.020101005050e-01,2.880405316132e-01
2.040102005100e-01,3.015507155870e-01
2.060103005150e-01,3.283488540148e-01
2.080104005200e-01,3.602134632821e-01
2.100105005250e-01,3.926247194209e-01
2.120106005300e-01,4.237179896757e-01
2.140107005350e-01,4.528594338562e-01
2.160108005400e-01,4.799177307316e-01
2.180109005450e-01,5.049546396095e-01
2.200110005500e-01,5.280984228272e-01
2.220111005550e-01,5.494925219670e-01
2.240112005600e-01,5.692753111788e-01
2.260113005650e-01,5.875728596316e-01
2.280114005700e-01,6.044971493243e-01
2.300115005750e-01,6.201465145380e-01
2.320116005800e-01,6.346068980671e-01
2.340117005850e-01,6.479533156561e-01
2.360118005900e-01,6.602512739713e-01
2.380119005950e-01,6.715580465164e-01
2.400120006000e-01,6.819237818048e-01
2.420121006050e-01,6.913924493013e-01
2.440122006100e-01,7.000026390565e-01
2.460123006150e-01,7.077882348537e-01
2.480124006200e-01,7.147789796643e-01
2.500125006250e-01,7.210009502732e-01
2.520126006300e-01,7.264769557343e-01
2.540127006350e-01,7.312268715688e-01
2.560128006400e-01,7.352679199724e-01
2.580129006450e-01,7.386149041224e-01
2.600130006500e-01,7.412804035695e-01
2.620131006550e-01,7.432749359271e-01
2.640132006600e-01,7.446070895631e-01
2.660133006650e-01,7.452836307913e-01
2.680134006700e-01,7.453095885260e-01
2.700135006750e-01,7.446883186428e-01
2.720136006800e-01,7.434215499663e-01
2.740137006850e-01,7.415094132822e-01
2.760138006900e-01,7.389504545311e-01
2.780139006950e-01,7.357416329911e-01
2.800140007000e-01,7.318783052167e-01
2.820141007050e-01,7.273541952890e-01
2.840142007100e-01,7.221613519921e-01
2.860143007150e-01,7.162900936905e-01
2.880144007200e-01,7.097289419887e-01
2.900145007250e-01,7.024645460772e-01
2.920146007300e-01,6.944816002631e-01
2.940147007350e-01,6.857627599020e-01
2.960148007400e-01,6.762885627597e-01
2.980149007450e-01,6.660373679658e-01
3.000150007500e-01,6.549853317544e-01
3.020151007550e-01,6.431064501038e-01
3.040152007600e-01,6.303727164462e-01
3.060153007650e-01,6.167544708573e-01
3.080154007700e-01,6.022210627767e-01
3.100155007750e-01,5.867420238184e-01
3.120156007800e-01,5.702890678527e-01
3.140157007850e-01,5.528394364479e-01
3.160158007900e-01,5.343814365992e-01
3.180159007950e-01,5.149235616400e-01
3.200160008000e-01,4.945094624667e-01
3.220161008050e-01,4.732423873265e-01
3.240162008100e-01,4.513245611812e-01
3.260163008150e-01,4.291187194622e-01
3.280164008200e-01,4.072378820744e-01
3.300165008250e-01,3.866570186964e-01
3.320166008300e-01,3.687990474203e-01
3.340167008350e-01,3.554660724441e-01
3.360168008400e-01,3.484351394004e-01
3.380169008450e-01,3.487365492037e-01
3.400170008500e-01,3.561048577673e-01
3.420171008550e-01,3.691438960335e-01
3.440172008600e-01,3.860263892245e-01
3.460173008650e-01,4.051055651468e-01
3.480174008700e-01,4.251590749631e-01
3.500175008750e-01,4.453751282489e-01
3.520176008800e-01,4.652504520184e-01
3.540177008850e-01,4.844888984233e-01
3.560178008900e-01,5.029258926780e-01
3.580179008950e-01,5.204780527229e-01
3.600180009000e-01,5.371111942889e-01
3.620181009050e-01,5.528204355007e-01
3.640182009100e-01,5.676179265249e-01
3.660183009150e-01,5.815253031777e-01
3.680184009200e-01,5.945690544603e-01
3.700185009250e-01,6.067776903738e-01
3.720186009300e-01,6.181800265536e-01
3.740187009350e-01,6.288041641988e-01
3.760188009400e-01,6.386769043508e-01
3.780189009450e-01,6.478234331657e-01
3.800190009500e-01,6.562671757194e-01
3.820191009550e-01,6.640297532485e-01
3.840192009600e-01,6.711310026986e-01
3.860193009650e-01,6.775890321681e-01
3.880194009700e-01,6.834202956168e-01
3.900195009750e-01,6.886396762147e-01
3.920196009800e-01,6.932605717197e-01
3.940197009850e-01,6.972949778353e-01
3.960198009900e-01,7.007535672144e-01
3.980199009950e-01,7.036457626371e-01
4.000200010001e-01,7.059798039845e-01
4.020201010051e-01,7.077628086072e-01
4.040202010101e-01,7.090008253981e-01
4.060203010151e-01,7.096988827811e-01
4.080204010201e-01,7.098610309518e-01
4.100205010251e-01,7.094903792330e-01
4.120206010301e-01,7.085891287685e-01
4.140207010351e-01,7.071586015230e-01
4.160208010401e-01,7.051992662669e-01
4.180209010451e-01,7.027107625548e-01
4.200210010501e-01,6.996919238193e-01
4.220211010551e-01,6.961408010005e-01
4.240212010601e-01,6.920546884364e-01
4.260213010651e-01,6.874301543509e-01
4.280214010701e-01,6.822630787917e-01
4.300215010751e-01,6.765487030578e-01
4.320216010801e-01,6.702816953824e-01
4.340217010851e-01,6.634562401729e-01
4.360218010901e-01,6.560661595965e-01
4.380219010951e-01,6.481050801553e-01
4.400220011001e-01,6.395666607561e-01
4.420221011051e-01,6.304449054593e-01
4.440222011101e-01,6.207345920812e-01
4.460223011151e-01,6.104318586966e-01
4.480224011201e-01,5.995350075910e-01
4.500225011251e-01,5.880456061623e-01
4.520226011301e-01,5.759699937172e-01
4.540227011351e-01,5.633213438364e-01
4.560228011401e-01,5.501224796126e-01
4.580229011451e-01,5.364097025924e-01
4.600230011501e-01,5.222379625196e-01
4.620231011551e-01,5.076877481079e-01
4.640232011601e-01,4.928740805805e-01
4.660233011651e-01,4.779578367175e-01
4.680234011701e-01,4.631591538829e-01
4.700235011751e-01,4.487715796801e-01
4.720236011801e-01,4.351735861505e-01
4.740237011851e-01,4.228309490627e-01
4.760238011901e-01,4.122801472876e-01
4.780239011951e-01,4.040822742338e-01
4.800240012001e-01,3.987439217858e-01
4.820241012051e-01,3.966189244674e-01
4.840242012101e-01,3.978252325938e-01
4.860243012151e-01,4.022155787593e-01
4.880244012201e-01,4.094170925660e-01
4.900245012251e-01,4.189190383855e-01
4.920246012301e-01,4.301690396884e-01
4.940247012351e-01,4.426466927977e-01
4.960248012401e-01,4.559042847969e-01
4.980249012451e-01,4.695799145871e-01
5.000250012501e-01,4.833935818688e-01
5.020251012551e-01,4.971354399192e-01
5.040252012601e-01,5.106520536612e-01
5.060253012651e-01,5.238336100983e-01
5.080254012701e-01,5.366031968105e-01
5.100255012751e-01,5.489083115449e-01
5.120256012801e-01,5.607143581055e-01
5.140257012851e-01,5.719997613697e-01
5.160258012901e-01,5.827523415267e-01
5.180259012951e-01,5.929666403036e-01
5.200260013001e-01,6.026419576177e-01
5.220261013051e-01,6.117809117921e-01
5.240262013101e-01,6.203883854264e-01
5.260263013151e-01,6.284707540434e-01
5.280264013201e-01,6.360353222903e-01
5.300265013251e-01,6.430899127562e-01
5.320266013301e-01,6.496425668796e-01
5.340267013351e-01,6.557013286266e-01
5.360268013401e-01,6.612740891764e-01
5.380269013451e-01,6.663684766092e-01
5.400270013501e-01,6.709917790350e-01
5.420271013551e-01,6.751508923406e-01
5.440272013601e-01,6.788522861294e-01
5.460273013651e-01,6.821019832088e-01
5.480274013701e-01,6.849055489986e-01
5.500275013751e-01,6.872680883002e-01
5.520276013801e-01,6.891942475448e-01
5.540277013851e-01,6.906882211201e-01
5.560278013901e-01,6.917537608244e-01
5.580279013951e-01,6.923941877929e-01
5.600280014001e-01,6.926124065074e-01
5.620281014051e-01,6.924109207204e-01
5.640282014101e-01,6.917918512794e-01
5.660283014151e-01,6.907569560447e-01
5.680284014201e-01,6.893076522572e-01
5.700285014251e-01,6.874450418529e-01
5.720286014301e-01,6.851699404813e-01
5.740287014351e-01,6.824829110472e-01
5.760288014401e-01,6.793843031402e-01
5.780289014451e-01,6.758742996342e-01
5.800290014501e-01,6.719529725715e-01
5.820291014551e-01,6.676203503172e-01
5.840292014601e-01,6.628764992472e-01
5.860293014651e-01,6.577216233053e-01
5.880294014701e-01,6.521561861271e-01
5.900295014751e-01,6.461810610786e-01
5.920296014801e-01,6.397977162802e-01
5.940297014851e-01,6.330084433083e-01
5.960298014901e-01,6.258166402289e-01
5.980299014951e-01,6.182271617699e-01
6.000300015001e-01,6.102467533616e-01
6.020301015051e-01,6.018845881222e-01
6.040302015101e-01,5.931529310013e-01
6.060303015151e-01,5.840679562931e-01
6.080304015201e-01,5.746507519416e-01
6.100305015251e-01,5.649285431969e-01
6.120306015301e-01,5.549361703840e-01
6.140307015351e-01,5.447178490123e-01
6.160308015401e-01,5.343292254134e-01
6.180309015451e-01,5.238397084716e-01
6.200310015501e-01,5.133350012693e-01
6.220311015551e-01,5.029196624633e-01
6.240312015601e-01,4.927193864593e-01
6.260313015651e-01,4.828825010921e-01
6.280314015701e-01,4.735799571486e-01
6.300315015751e-01,4.650028815801e-01
6.320316015801e-01,4.573566969182e-01
6.340317015851e-01,4.508510402800e-01
6.360318015901e-01,4.456854138480e-01
6.380319015951e-01,4.420317005029e-01
6.400320016001e-01,4.400161235806e-01
6.420321016051e-01,4.397043058985e-01
6.440322016101e-01,4.410930651496e-01
6.460323016151e-01,4.441111381093e-01
6.480324016201e-01,4.486286108268e-01
6.500325016251e-01,4.544725246216e-01
6.520326016301e-01,4.614449323479e-01
6.540327016351e-01,4.693398969097e-01
6.560328016401e-01,4.779571113626e-01
6.580329016451e-01,4.871112443611e-01
6.600330016501e-01,4.966372262314e-01
6.620331016551e-01,5.063922943058e-01
6.640332016601e-01,5.162557824203e-01
6.660333016651e-01,5.261275406532e-01
6.680334016701e-01,5.359256638236e-01
6.700335016751e-01,5.455839905937e-01
6.720336016801e-01,5.550496557467e-01
6.740337016851e-01,5.642808477457e-01
6.760338016901e-01,5.732448380336e-01
6.780339016951e-01,5.819162961167e-01
6.800340017001e-01,5.902758762978e-01
6.820341017051e-01,5.983090473169e-01
6.840342017101e-01,6.060051326383e-01
6.860343017151e-01,6.133565283838e-01
6.880344017201e-01,6.203580684802e-01
6.900345017251e-01,6.270065117154e-01
6.920346017301e-01,6.333001274971e-01
6.940347017351e-01,6.392383623094e-01
6.960348017401e-01,6.448215709693e-01
6.980349017451e-01,6.500508008431e-01
7.000350017501e-01,6.549276183993e-01
7.020351017551e-01,6.594539699691e-01
7.040352017601e-01,6.636320703974e-01
7.060353017651e-01,6.674643139681e-01
7.080354017701e-01,6.709532036064e-01
7.100355017751e-01,6.741012946783e-01
7.120356017801e-01,6.769111509821e-01
7.140357017851e-01,6.793853104623e-01
7.160358017901e-01,6.815262591038e-01
7.180359017951e-01,6.833364114541e-01
7.200360018001e-01,6.848180968803e-01
7.220361018051e-01,6.859735505325e-01
7.240362018101e-01,6.868049084917e-01
7.260363018151e-01,6.873142065147e-01
7.280364018201e-01,6.875033821417e-01
7.300365018251e-01,6.873742798620e-01
7.320366018301e-01,6.869286592889e-01
7.340367018351e-01,6.861682063097e-01
7.360368018401e-01,6.850945473234e-01
7.380369018451e-01,6.837092667630e-01
7.400370018501e-01,6.820139281665e-01
7.420371018551e-01,6.800100992665e-01
7.440372018601e-01,6.776993814727e-01
7.460373018651e-01,6.750834445112e-01
7.480374018701e-01,6.721640669535e-01
7.500375018751e-01,6.689431834650e-01
7.520376018801e-01,6.654229401000e-01
7.540377018851e-01,6.616057586186e-01
7.560378018901e-01,6.574944115817e-01
7.580379018951e-01,6.530921100790e-01
7.600380019001e-01,6.484026058001e-01
7.620381019051e-01,6.434303103816e-01
7.640382019101e-01,6.381804340657e-01
7.660383019151e-01,6.326591473254e-01
7.680384019201e-01,6.268737687723e-01
7.700385019251e-01,6.208329827557e-01
7.720386019301e-01,6.145470913914e-01
7.740387019351e-01,6.080283039446e-01
7.760388019401e-01,6.012910689596e-01
7.780389019451e-01,5.943524515161e-01
7.800390019501e-01,5.872325582054e-01
7.820391019551e-01,5.799550101334e-01
7.840392019601e-01,5.725474608019e-01
7.860393019651e-01,5.650421508325e-01
7.880394019701e-01,5.574764843800e-01
7.900395019751e-01,5.498936019924e-01
7.920396019801e-01,5.423429117087e-01
7.940397019851e-01,5.348805238299e-01
7.960398019901e-01,5.275695156784e-01
7.980399019951e-01,5.204799327993e-01
8.000400020001e-01,5.136884153669e-01
8.020401020051e-01,5.072773289225e-01
8.040402020101e-01,5.013332844197e-01
8.060403020151e-01,4.959449627031e-01
8.080404020201e-01,4.912002209126e-01
8.100405020251e-01,4.871825547208e-01
8.120406020301e-01,4.839671143718e-01
8.140407020351e-01,4.816166020645e-01
8.160408020401e-01,4.801774812503e-01
8.180409020451e-01,4.796769665606e-01
8.200410020501e-01,4.801212093050e-01
8.220411020551e-01,4.814949445649e-01
8.240412020601e-01,4.837626511257e-01
8.260413020651e-01,4.868710476721e-01
8.280414020701e-01,4.907525661287e-01
8.300415020751e-01,4.953293467386e-01
8.320416020801e-01,5.005172996857e-01
8.340417020851e-01,5.062298567023e-01
8.360418020901e-01,5.123811577573e-01
8.380419020951e-01,5.188885468192e-01
8.400420021001e-01,5.256743597297e-01
8.420421021051e-01,5.326670643849e-01
8.440422021101e-01,5.398018564853e-01
8.460423021151e-01,5.470208297791e-01
8.480424021201e-01,5.542728361086e-01
8.500425021251e-01,5.615131359895e-01
8.520426021301e-01,5.687029214385e-01
8.540427021351e-01,5.758087732798e-01
8.560428021401e-01,5.828020978860e-01
8.580429021451e-01,5.896585738147e-01
8.600430021501e-01,5.963576277770e-01
8.620431021551e-01,6.028819510079e-01
8.640432021601e-01,6.092170612907e-01
8.660433021651e-01,6.153509118991e-01
8.680434021701e-01,6.212735462168e-01
8.700435021751e-01,6.269767951489e-01
8.720436021801e-01,6.324540138875e-01
8.740437021851e-01,6.376998540619e-01
8.760438021901e-01,6.427100668035e-01
8.780439021951e-01,6.474813341458e-01
8.800440022001e-01,6.520111238676e-01
8.820441022051e-01,6.562975657162e-01
8.840442022101e-01,6.603393456212e-01
8.860443022151e-01,6.641356151088e-01
8.880444022201e-01,6.676859150004e-01
8.900445022251e-01,6.709901099771e-01
8.920446022301e-01,6.740483334570e-01
8.940447022351e-01,6.768609409786e-01
8.960448022401e-01,6.794284707845e-01
8.980449022451e-01,6.817516111180e-01
9.000450022501e-01,6.838311727608e-01
9.020451022551e-01,6.856680665041e-01
9.040452022601e-01,6.872632848114e-01
9.060453022651e-01,6.886178870664e-01
9.080454022701e-01,6.897329882557e-01
9.100455022751e-01,6.906097504600e-01
9.120456022801e-01,6.912493770421e-01
9.140457022851e-01,6.916531092919e-01
9.160458022901e-01,6.918222252946e-01
9.180459022951e-01,6.917580409931e-01
9.200460023001e-01,6.914619133346e-01
9.220461023051e-01,6.909352454408e-01
9.240462023101e-01,6.901794938548e-01
9.260463023151e-01,6.891961778798e-01
9.280464023201e-01,6.879868910632e-01
9.300465023251e-01,6.865533150003e-01
9.320466023301e-01,6.848972355682e-01
9.340467023351e-01,6.830205617183e-01
9.360468023401e-01,6.809253471813e-01
9.380469023451e-01,6.786138153080e-01
9.400470023501e-01,6.760883871983e-01
9.420471023551e-01,6.733517134607e-01
9.440472023601e-01,6.704067105096e-01
9.460473023651e-01,6.672566010262e-01
9.480474023701e-01,6.639049595246e-01
9.500475023751e-01,6.603557635281e-01
9.520476023801e-01,6.566134507984e-01
9.540477023851e-01,6.526829829292e-01
9.560478023901e-01,6.485699163498e-01
9.580479023951e-01,6.442804811036e-01
9.600480024001e-01,6.398216676621e-01
9.620481024051e-01,6.352013225770e-01
9.640482024101e-01,6.304282530789e-01
9.660483024151e-01,6.255123407981e-01
9.680484024201e-01,6.204646644484e-01
9.700485024251e-01,6.152976308421e-01
9.720486024301e-01,6.100251131127e-01
9.740487024351e-01,6.046625943983e-01
9.760488024401e-01,5.992273140603e-01
9.780489024451e-01,5.937384126350e-01
9.800490024501e-01,5.882170701231e-01
9.820491024551e-01,5.826866306133e-01
9.840492024601e-01,5.771727043118e-01
9.860493024651e-01,5.717032359954e-01
9.880494024701e-01,5.663085267493e-01
9.900495024751e-01,5.610211939264e-01
9.920496024801e-01,5.558760527636e-01
9.940497024851e-01,5.509099024511e-01
9.960498024901e-01,5.461612002070e-01
9.980499024951e-01,5.416696094872e-01
1.000050002500e+00,5.374754134999e-01
1.002050102505e+00,5.336187931949e-01
1.004050202510e+00,5.301389783496e-01
1.006050302515e+00,5.270732952144e-01
1.008050402520e+00,5.244561457786e-01
1.010050502525e+00,5.223179690600e-01
1.012050602530e+00,5.206842447996e-01
1.014050702535e+00,5.195746060733e-01
1.016050802540e+00,5.190021262037e-01
1.018050902545e+00,5.189728364953e-01
1.020051002550e+00,5.194855146806e-01
1.022051102555e+00,5.205317619960e-01
1.024051202560e+00,5.220963618502e-01
1.026051302565e+00,5.241578895378e-01
1.028051402570e+00,5.266895230428e-01
1.030051502575e+00,5.296599927628e-01
1.032051602580e+00,5.330346034447e-01
1.034051702585e+00,5.367762646880e-01
1.036051802590e+00,5.408464752629e-01
1.038051902595e+00,5.452062189971e-01
1.040052002600e+00,5.498167439804e-01
1.042052102605e+00,5.546402102246e-01
1.044052202610e+00,5.596402023497e-01
1.046052302615e+00,5.647821129309e-01
1.048052402620e+00,5.700334082130e-01
1.050052502625e+00,5.753637913969e-01
1.052052602630e+00,5.807452805075e-01
1.054052702635e+00,5.861522174566e-01
1.056052802640e+00,5.915612240119e-01
1.058052902645e+00,5.969511185229e-01
1.060053002650e+00,6.023028052551e-01
1.062053102655e+00,6.075991460775e-01
1.064053202660e+00,6.128248222957e-01
1.066053302665e+00,6.179661926733e-01
1.068053402670e+00,6.230111521468e-01
1.070053502675e+00,6.279489944878e-01
1.072053602680e+00,6.327702812146e-01
1.074053702685e+00,6.374667181141e-01
1.076053802690e+00,6.420310402812e-01
1.078053902695e+00,6.464569059901e-01
1.080054002700e+00,6.507387994720e-01
1.082054102705e+00,6.548719423479e-01
1.084054202710e+00,6.588522133655e-01
1.086054302715e+00,6.626760760142e-01
1.088054402720e+00,6.663405134027e-01
1.090054502725e+00,6.698429698736e-01
1.092054602730e+00,6.731812989084e-01
1.094054702735e+00,6.763537166497e-01
1.096054802740e+00,6.793587604053e-01
1.098054902745e+00,6.821952520923e-01
1.100055002750e+00,6.848622659661e-01
1.102055102755e+00,6.873590998952e-01
1.104055202760e+00,6.896852495522e-01
1.106055302765e+00,6.918403868429e-01
1.108055402770e+00,6.938243405981e-01
1.110055502775e+00,6.956370794925e-01
1.112055602780e+00,6.972786975013e-01
1.114055702785e+00,6.987494014310e-01
1.116055802790e+00,7.000495003535e-01
1.118055902795e+00,7.011793966732e-01
1.120056002800e+00,7.021395785719e-01
1.122056102805e+00,7.029306142336e-01
1.124056202810e+00,7.035531473711e-01
1.126056302815e+00,7.040078937892e-01
1.128056402820e+00,7.042956392776e-01
1.130056502825e+00,7.044172386112e-01
1.132056602830e+00,7.043736156428e-01
1.134056702835e+00,7.041657644332e-01
1.136056802840e+00,7.037947513654e-01
1.138056902845e+00,7.032617183524e-01
1.140057002850e+00,7.025678870432e-01
1.142057102855e+00,7.017145640301e-01
1.144057202860e+00,7.007031471211e-01
1.146057302865e+00,6.995351326924e-01
1.148057402870e+00,6.982121241557e-01
1.150057502875e+00,6.967358415633e-01
1.152057602880e+00,6.951081324168e-01
1.154057702885e+00,6.933309837622e-01
1.156057802890e+00,6.914065356182e-01
1.158057902895e+00,6.893370957576e-01
1.160058002900e+00,6.871251559569e-01
1.162058102905e+00,6.847734098324e-01
1.164058202910e+00,6.822847723045e-01
1.166058302915e+00,6.796624007325e-01
1.168058402920e+00,6.769097177616e-01
1.170058502925e+00,6.740304359245e-01
1.172058602930e+00,6.710285841930e-01
1.174058702935e+00,6.679085366902e-01
1.176058802940e+00,6.646750427781e-01
1.178058902945e+00,6.613332593064e-01
1.180059002950e+00,6.578887845607e-01
1.182059102955e+00,6.543476938621e-01
1.184059202960e+00,6.507165765765e-01
1.186059302965e+00,6.470025742515e-01
1.188059402970e+00,6.432134194869e-01
1.190059502975e+00,6.393574749834e-01
1.192059602980e+00,6.354437721533e-01
1.194059702985e+00,6.314820483618e-01
1.196059802990e+00,6.274827818416e-01
1.198059902995e+00,6.234572229747e-01
1.200060003000e+00,6.194174205002e-01
1.202060103005e+00,6.153762408763e-01
1.204060203010e+00,6.113473788617e-01
1.206060303015e+00,6.073453570902e-01
1.208060403020e+00,6.033855122315e-01
1.210060503025e+00,5.994839651764e-01
1.212060603030e+00,5.956575726125e-01
1.214060703035e+00,5.919238573945e-01
1.216060803040e+00,5.883009153489e-01
1.218060903045e+00,5.848072964181e-01
1.220061003050e+00,5.814618588296e-01
1.222061103055e+00,5.782835955928e-01
1.224061203060e+00,5.752914339978e-01
1.226061303065e+00,5.725040095992e-01
1.228061403070e+00,5.699394184537e-01
1.230061503075e+00,5.676149521732e-01
1.232061603080e+00,5.655468225331e-01
1.234061703085e+00,5.637498837015e-01
1.236061803090e+00,5.622373613318e-01
1.238061903095e+00,5.610205986340e-01
1.240062003100e+00,5.601088296841e-01
1.242062103105e+00,5.595089897889e-01
1.244062203110e+00,5.592255716046e-01
1.246062303115e+00,5.592605337552e-01
1.248062403120e+00,5.596132664186e-01
1.250062503125e+00,5.602806155548e-01
1.252062603130e+00,5.612569644775e-01
1.254062703135e+00,5.625343687929e-01
1.256062803140e+00,5.641027381827e-01
1.258062903145e+00,5.659500566335e-01
1.260063003150e+00,5.680626314661e-01
1.262063103155e+00,5.704253609089e-01
1.264063203160e+00,5.730220101515e-01
1.266063303165e+00,5.758354864544e-01
1.268063403170e+00,5.788481051051e-01
1.270063503175e+00,5.820418394545e-01
1.272063603180e+00,5.853985498416e-01
1.274063703185e+00,5.889001879089e-01
1.276063803190e+00,5.925289742799e-01
1.278063903195e+00,5.962675488366e-01
1.280064003200e+00,6.000990941400e-01
1.282064103205e+00,6.040074331580e-01
1.284064203210e+00,6.079771033285e-01
1.286064303215e+00,6.119934091095e-01
1.288064403220e+00,6.160424557649e-01
1.290064503225e+00,6.201111668014e-01
1.292064603230e+00,6.241872877058e-01
1.294064703235e+00,6.282593783590e-01
1.296064803240e+00,6.323167963471e-01
1.298064903245e+00,6.363496731616e-01
1.300065003250e+00,6.403488850291e-01
1.302065103255e+00,6.443060198818e-01
1.304065203260e+00,6.482133417413e-01
1.306065303265e+00,6.520637535827e-01
1.308065403270e+00,6.558507595372e-01
1.310065503275e+00,6.595684271339e-01
1.312065603280e+00,6.632113501289e-01
1.314065703285e+00,6.667746123460e-01
1.316065803290e+00,6.702537528173e-01
1.318065903295e+00,6.736447324777e-01
1.320066003300e+00,6.769439025283e-01
1.322066103305e+00,6.801479745919e-01
1.324066203310e+00,6.832539926710e-01
1.326066303315e+00,6.862593069293e-01
1.328066403320e+00,6.891615492715e-01
1.330066503325e+00,6.919586106768e-01
1.332066603330e+00,6.946486202200e-01
1.334066703335e+00,6.972299257092e-01
1.336066803340e+00,6.997010758786e-01
1.338066903345e+00,7.020608040369e-01
1.340067003350e+00,7.043080130825e-01
1.342067103355e+00,7.064417618309e-01
1.344067203360e+00,7.084612525681e-01
1.346067303365e+00,7.103658197213e-01
1.348067403370e+00,7.121549195542e-01
1.350067503375e+00,7.138281209427e-01
1.352067603380e+00,7.153850970174e-01
1.354067703385e+00,7.168256176959e-01
1.356067803390e+00,7.181495429843e-01
1.358067903395e+00,7.193568170547e-01
1.360068003400e+00,7.204474630495e-01
1.362068103405e+00,7.214215785506e-01
1.364068203410e+00,7.222793316547e-01
1.366068303415e+00,7.230209575955e-01
1.368068403420e+00,7.236467558657e-01
1.370068503425e+00,7.241570880867e-01
1.372068603430e+00,7.245523762314e-01
1.374068703435e+00,7.248331012839e-01
1.376068803440e+00,7.249998024305e-01
1.378068903445e+00,7.250530766694e-01
1.380069003450e+00,7.249935788547e-01
1.382069103455e+00,7.248220221604e-01
1.384069203460e+00,7.245391789560e-01
1.386069303465e+00,7.241458820810e-01
1.388069403470e+00,7.236430265117e-01
1.390069503475e+00,7.230315714432e-01
1.392069603480e+00,7.223125427563e-01
1.394069703485e+00,7.214870358843e-01
1.396069803490e+00,7.205562190796e-01
1.398069903495e+00,7.195213370792e-01
1.400070003500e+00,7.183837151769e-01
1.402070103505e+00,7.171447637067e-01
1.404070203510e+00,7.158059829435e-01
1.406070303515e+00,7.143689684270e-01
1.408070403520e+00,7.128354167065e-01
1.410070503525e+00,7.112071315045e-01
1.412070603530e+00,7.094860303275e-01
1.414070703535e+00,7.076741515016e-01
1.416070803540e+00,7.057736616365e-01
1.418070903545e+00,7.037868635110e-01
1.420071003550e+00,7.017162043757e-01
1.422071103555e+00,6.995642846636e-01
1.424071203560e+00,6.973338670667e-01
1.426071303565e+00,6.950278859705e-01
1.428071403570e+00,6.926494572079e-01
1.430071503575e+00,6.902018880770e-01
1.432071603580e+00,6.876886875653e-01
1.434071703585e+00,6.851135767276e-01
1.436071803590e+00,6.824804991018e-01
1.438071903595e+00,6.797936310725e-01
1.440072003600e+00,6.770573920664e-01
1.442072103605e+00,6.742764544150e-01
1.444072203610e+00,6.714557527337e-01
1.446072303615e+00,6.686004926170e-01
1.448072403620e+00,6.657161584193e-01
1.450072503625e+00,6.628085198895e-01
1.452072603630e+00,6.598836373676e-01
1.454072703635e+00,6.569478652460e-01
1.456072803640e+00,6.540078533530e-01
1.458072903645e+00,6.510705459041e-01
1.460073003650e+00,6.481431776369e-01
1.462073103655e+00,6.452332667287e-01
1.464073203660e+00,6.423486040916e-01
1.466073303665e+00,6.394972386322e-01
1.468073403670e+00,6.366874580862e-01
1.470073503675e+00,6.339277650498e-01
1.472073603680e+00,6.312268478728e-01
1.474073703685e+00,6.285935461879e-01
1.476073803690e+00,6.260368107818e-01
1.478073903695e+00,6.235656579328e-01
1.480074003700e+00,6.211891181192e-01
1.482074103705e+00,6.189161790274e-01
1.484074203710e+00,6.167557239751e-01
1.486074303715e+00,6.147164654614e-01
1.488074403720e+00,6.128068750755e-01
1.490074503725e+00,6.110351105121e-01
1.492074603730e+00,6.094089408648e-01
1.494074703735e+00,6.079356714602e-01
1.496074803740e+00,6.066220696609e-01
1.498074903745e+00,6.054742931846e-01
1.500075003750e+00,6.044978225213e-01
1.502075103755e+00,6.036973990575e-01
1.504075203760e+00,6.030769704189e-01
1.506075303765e+00,6.026396445007e-01
1.508075403770e+00,6.023876533475e-01
1.510075503775e+00,6.023223279334e-01
1.512075603780e+00,6.024440845065e-01
1.514075703785e+00,6.027524229187e-01
1.516075803790e+00,6.032459369384e-01
1.518075903795e+00,6.039223362691e-01
1.520076003800e+00,6.047784796711e-01
1.522076103805e+00,6.058104182035e-01
1.524076203810e+00,6.070134474677e-01
1.526076303815e+00,6.083821674375e-01
1.528076403820e+00,6.099105484131e-01
1.530076503825e+00,6.115920014545e-01
1.532076603830e+00,6.134194517592e-01
1.534076703835e+00,6.153854134021e-01
1.536076803840e+00,6.174820639976e-01
1.538076903845e+00,6.197013179603e-01
1.540077003850e+00,6.220348972287e-01
1.542077103855e+00,6.244743984438e-01
1.544077203860e+00,6.270113558562e-01
1.546077303865e+00,6.296372993245e-01
1.548077403870e+00,6.323438070558e-01
1.550077503875e+00,6.351225527774e-01
1.552077603880e+00,6.379653473511e-01
1.554077703885e+00,6.408641747936e-01
1.556077803890e+00,6.438112229145e-01
1.558077903895e+00,6.467989088111e-01
1.560078003900e+00,6.498198994498e-01
1.562078103905e+00,6.528671278437e-01
1.564078203910e+00,6.559338050616e-01
1.566078303915e+00,6.590134285567e-01
1.568078403920e+00,6.620997871904e-01
1.570078503925e+00,6.651869633536e-01
1.572078603930e+00,6.682693325671e-01
1.574078703935e+00,6.713415609208e-01
1.576078803940e+00,6.743986006941e-01
1.578078903945e+00,6.774356844600e-01
1.580079003950e+00,6.804483179622e-01
1.582079103955e+00,6.834322720103e-01
1.584079203960e+00,6.863835736277e-01
1.586079303965e+00,6.892984966421e-01
1.588079403970e+00,6.921735518944e-01
1.590079503975e+00,6.950054772184e-01
1.592079603980e+00,6.977912273067e-01
1.594079703985e+00,7.005279635914e-01
1.596079803990e+00,7.032130442074e-01
1.598079903995e+00,7.058440141217e-01
1.600080004000e+00,7.084185954934e-01
1.602080104005e+00,7.109346783018e-01
1.604080204010e+00,7.133903112834e-01
1.606080304015e+00,7.157836932178e-01
1.608080404020e+00,7.181131645566e-01
1.610080504025e+00,7.203771994324e-01
1.612080604030e+00,7.225743980459e-01
1.614080704035e+00,7.247034794337e-01
1.616080804040e+00,7.267632746177e-01
1.618080904045e+00,7.287527201330e-01
1.620081004050e+00,7.306708519298e-01
1.622081104055e+00,7.325167996334e-01
1.624081204060e+00,7.342897811638e-01
1.626081304065e+00,7.359890976943e-01
1.628081404070e+00,7.376141289445e-01
1.630081504075e+00,7.391643287940e-01
1.632081604080e+00,7.406392212021e-01
1.634081704085e+00,7.420383964201e-01
1.636081804090e+00,7.433615074908e-01
1.638081904095e+00,7.446082670214e-01
1.640082004100e+00,7.457784442115e-01
1.642082104105e+00,7.468718621307e-01
1.644082204110e+00,7.478883952336e-01
1.646082304115e+00,7.488279671025e-01
1.648082404120e+00,7.496905484095e-01
1.650082504125e+00,7.504761550851e-01
1.652082604130e+00,7.511848466836e-01
1.654082704135e+00,7.518167249358e-01
1.656082804140e+00,7.523719325018e-01
1.658082904145e+00,7.528506518829e-01
1.660083004150e+00,7.532531045114e-01
1.662083104155e+00,7.535795500043e-01
1.664083204160e+00,7.538302855726e-01
1.666083304165e+00,7.540056455831e-01
1.668083404170e+00,7.541060012688e-01
1.670083504175e+00,7.541317605853e-01
1.672083604180e+00,7.540833682082e-01
1.674083704185e+00,7.539613056692e-01
1.676083804190e+00,7.537660916257e-01
1.678083904195e+00,7.534982822500e-01
1.680084004200e+00,7.531584717566e-01
1.682084104205e+00,7.527472930605e-01
1.684084204210e+00,7.522654185528e-01
1.686084304215e+00,7.517135610005e-01
1.688084404220e+00,7.510924745649e-01
1.690084504225e+00,7.504029559380e-01
1.692084604230e+00,7.496458455969e-01
1.694084704235e+00,7.488220291760e-01
1.696084804240e+00,7.479324389550e-01
1.698084904245e+00,7.469780554478e-01
1.700085004250e+00,7.459599090998e-01
1.702085104255e+00,7.448790821042e-01
1.704085204260e+00,7.437367103123e-01
1.706085304265e+00,7.425339852449e-01
1.708085404270e+00,7.412721561980e-01
1.710085504275e+00,7.399525324399e-01
1.712085604280e+00,7.385764854952e-01
1.714085704285e+00,7.371454515098e-01
1.716085804290e+00,7.356609336760e-01
1.718085904295e+00,7.341245047308e-01
1.720086004300e+00,7.325378095024e-01
1.722086104305e+00,7.309025674975e-01
1.724086204310e+00,7.292205755136e-01
1.726086304315e+00,7.274937102656e-01
1.728086404320e+00,7.257239310105e-01
1.730086504325e+00,7.239132821403e-01
1.732086604330e+00,7.220638957336e-01
1.734086704335e+00,7.201779940366e-01
1.736086804340e+00,7.182578918459e-01
1.738086904345e+00,7.163059987636e-01
1.740087004350e+00,7.143248212939e-01
1.742087104355e+00,7.123169647445e-01
1.744087204360e+00,7.102851348898e-01
1.746087304365e+00,7.082321393596e-01
1.748087404370e+00,7.061608887039e-01
1.750087504375e+00,7.040743970855e-01
1.752087604380e+00,7.019757825498e-01
1.754087704385e+00,6.998682668150e-01
1.756087804390e+00,6.977551745273e-01
1.758087904395e+00,6.956399319219e-01
1.760088004400e+00,6.935260648275e-01
1.762088104405e+00,6.914171959522e-01
1.764088204410e+00,6.893170413936e-01
1.766088304415e+00,6.872294063055e-01
1.768088404420e+00,6.851581796664e-01
1.770088504425e+00,6.831073281022e-01
1.772088604430e+00,6.810808886911e-01
1.774088704435e+00,6.790829607228e-01
1.776088804440e+00,6.771176963910e-01
1.778088904445e+00,6.751892903541e-01
1.780089004450e+00,6.733019681510e-01
1.782089104455e+00,6.714599735539e-01
1.784089204460e+00,6.696675548167e-01
1.786089304465e+00,6.679289497650e-01
1.788089404470e+00,6.662483697788e-01
1.790089504475e+00,6.646299831455e-01
1.792089604480e+00,6.630778972435e-01
1.794089704485e+00,6.615961400869e-01
1.796089804490e+00,6.601886412682e-01
1.798089904495e+00,6.588592124259e-01
1.800090004500e+00,6.576115274468e-01
1.802090104505e+00,6.564491025979e-01
1.804090204510e+00,6.553752767849e-01
1.806090304515e+00,6.543931921769e-01
1.808090404520e+00,6.535057754312e-01
1.810090504525e+00,6.527157197565e-01
1.812090604530e+00,6.520254680524e-01
1.814090704535e+00,6.514371973698e-01
1.816090804540e+00,6.509528048963e-01
1.818090904545e+00,6.505738957033e-01
1.820091004550e+00,6.503017724222e-01
1.822091104555e+00,6.501374270030e-01
1.824091204560e+00,6.500815347124e-01
1.826091304565e+00,6.501344504302e-01
1.828091404570e+00,6.502962073556e-01
1.830091504575e+00,6.505665180746e-01
1.832091604580e+00,6.509447780358e-01
1.834091704585e+00,6.514300713293e-01
1.836091804590e+00,6.520211787086e-01
1.838091904595e+00,6.527165877100e-01
1.840092004600e+00,6.535145047057e-01
1.842092104605e+00,6.544128687288e-01
1.844092204610e+00,6.554093668275e-01
1.846092304615e+00,6.565014507753e-01
1.848092404620e+00,6.576863548539e-01
1.850092504625e+00,6.589611144943e-01
1.852092604630e+00,6.603225855386e-01
1.854092704635e+00,6.617674638790e-01
1.856092804640e+00,6.632923052503e-01
1.858092904645e+00,6.648935449648e-01
1.860093004650e+00,6.665675173898e-01
1.862093104655e+00,6.683104749903e-01
1.864093204660e+00,6.701186067852e-01
1.866093304665e+00,6.719880560550e-01
1.868093404670e+00,6.739149372256e-01
1.870093504675e+00,6.758953517961e-01
1.872093604680e+00,6.779254032596e-01
1.874093704685e+00,6.800012109700e-01
1.876093804690e+00,6.821189228872e-01
1.878093904695e+00,6.842747272248e-01
1.880094004700e+00,6.864648629875e-01
1.882094104705e+00,6.886856293868e-01
1.884094204710e+00,6.909333941949e-01
1.886094304715e+00,6.932046010638e-01
1.888094404720e+00,6.954957758185e-01
1.890094504725e+00,6.978035318057e-01
1.892094604730e+00,7.001245743781e-01
1.894094704735e+00,7.024557045002e-01
1.896094804740e+00,7.047938215949e-01
1.898094904745e+00,7.071359256679e-01
1.900095004750e+00,7.094791187729e-01
1.902095104755e+00,7.118206058810e-01
1.904095204760e+00,7.141576952095e-01
1.906095304765e+00,7.164877980689e-01
1.908095404770e+00,7.188084282786e-01
1.910095504775e+00,7.211172012065e-01
1.912095604780e+00,7.234118324792e-01
1.914095704785e+00,7.256901364050e-01
1.916095804790e+00,7.279500241560e-01
1.918095904795e+00,7.301895017451e-01
1.920096004800e+00,7.324066678318e-01
1.922096104805e+00,7.345997113947e-01
1.924096204810e+00,7.367669092934e-01
1.926096304815e+00,7.389066237486e-01
1.928096404820e+00,7.410172997664e-01
1.930096504825e+00,7.430974625247e-01
1.932096604830e+00,7.451457147387e-01
1.934096704835e+00,7.471607340292e-01
1.936096804840e+00,7.491412703028e-01
1.938096904845e+00,7.510861431516e-01
1.940097004850e+00,7.529942392947e-01
1.942097104855e+00,7.548645100625e-01
1.944097204860e+00,7.566959689334e-01
1.946097304865e+00,7.584876891282e-01
1.948097404870e+00,7.602388012711e-01
1.950097504875e+00,7.619484911219e-01
1.952097604880e+00,7.636159973735e-01
1.954097704885e+00,7.652406095291e-01
1.956097804890e+00,7.668216658554e-01
1.958097904895e+00,7.683585514134e-01
1.960098004900e+00,7.698506961675e-01
1.962098104905e+00,7.712975731730e-01
1.964098204910e+00,7.726986968437e-01
1.966098304915e+00,7.740536212982e-01
1.968098404920e+00,7.753619387829e-01
1.970098504925e+00,7.766232781700e-01
1.972098604930e+00,7.778373035343e-01
1.974098704935e+00,7.790037128015e-01
1.976098804940e+00,7.801222364707e-01
1.978098904945e+00,7.811926364068e-01
1.980099004950e+00,7.822147047023e-01
1.982099104955e+00,7.831882626078e-01
1.984099204960e+00,7.841131595276e-01
1.986099304965e+00,7.849892720802e-01
1.988099404970e+00,7.858165032204e-01
1.990099504975e+00,7.865947814222e-01
1.992099604980e+00,7.873240599219e-01
1.994099704985e+00,7.880043160178e-01
1.996099804990e+00,7.886355504254e-01
1.998099904995e+00,7.892177866867e-01
2.000100005000e+00,7.897510706321e-01
2.002100105005e+00,7.902354698931e-01
2.004100205010e+00,7.906710734656e-01
2.006100305015e+00,7.910579913214e-01
2.008100405020e+00,7.913963540657e-01
2.010100505025e+00,7.916863126383e-01
2.012100605030e+00,7.919280380618e-01
2.014100705035e+00,7.921217212327e-01
2.016100805040e+00,7.922675727536e-01
2.018100905045e+00,7.923658228065e-01
2.020101005050e+00,7.924167210651e-01
2.022101105055e+00,7.924205366456e-01
2.024101205060e+00,7.923775580961e-01
2.026101305065e+00,7.922880934224e-01
2.028101405070e+00,7.921524701512e-01
2.030101505075e+00,7.919710354285e-01
2.032101605080e+00,7.917441561458e-01
2.034101705085e+00,7.914722191042e-01
2.036101805090e+00,7.911556312125e-01
2.038101905095e+00,7.907948197137e-01
2.040102005100e+00,7.903902324435e-01
2.042102105105e+00,7.899423381172e-01
2.044102205110e+00,7.894516266445e-01
2.046102305115e+00,7.889186094734e-01
2.048102405120e+00,7.883438199596e-01
2.050102505125e+00,7.877278137636e-01
2.052102605130e+00,7.870711692735e-01
2.054102705135e+00,7.863744880466e-01
2.056102805140e+00,7.856383952705e-01
2.058102905145e+00,7.848635402542e-01
2.060103005150e+00,7.840505969325e-01
2.062103105155e+00,7.832002643892e-01
2.064103205160e+00,7.823132673964e-01
2.066103305165e+00,7.813903569668e-01
2.068103405170e+00,7.804323109190e-01
2.070103505175e+00,7.794399344528e-01
2.072103605180e+00,7.784140607333e-01
2.074103705185e+00,7.773555514805e-01
2.076103805190e+00,7.762652975552e-01
2.078103905195e+00,7.751442195514e-01
2.080104005200e+00,7.739932683827e-01
2.082104105205e+00,7.728134258603e-01
2.084104205210e+00,7.716057052615e-01
2.086104305215e+00,7.703711518819e-01
2.088104405220e+00,7.691108435690e-01
2.090104505225e+00,7.678258912329e-01
2.092104605230e+00,7.665174393261e-01
2.094104705235e+00,7.651866662909e-01
2.096104805240e+00,7.638347849667e-01
2.098104905245e+00,7.624630429516e-01
2.100105005250e+00,7.610727229126e-01
2.102105105255e+00,7.596651428374e-01
2.104105205260e+00,7.582416562207e-01
2.106105305265e+00,7.568036521780e-01
2.108105405270e+00,7.553525554803e-01
2.110105505275e+00,7.538898264995e-01
2.112105605280e+00,7.524169610589e-01
2.114105705285e+00,7.509354901794e-01
2.116105805290e+00,7.494469797130e-01
2.118105905295e+00,7.479530298533e-01
2.120106005300e+00,7.464552745178e-01
2.122106105305e+00,7.449553805912e-01
2.124106205310e+00,7.434550470189e-01
2.126106305315e+00,7.419560037455e-01
2.128106405320e+00,7.404600104897e-01
2.130106505325e+00,7.389688553452e-01
2.132106605330e+00,7.374843531977e-01
2.134106705335e+00,7.360083439580e-01
2.136106805340e+00,7.345426906025e-01
2.138106905345e+00,7.330892770105e-01
2.140107005350e+00,7.316500055892e-01
2.142107105355e+00,7.302267947003e-01
2.144107205360e+00,7.288215758811e-01
2.146107305365e+00,7.274362908507e-01
2.148107405370e+00,7.260728882886e-01
2.150107505375e+00,7.247333203843e-01
2.152107605380e+00,7.234195392465e-01
2.154107705385e+00,7.221334930768e-01
2.156107805390e+00,7.208771221305e-01
2.158107905395e+00,7.196523545164e-01
2.160108005400e+00,7.184611018269e-01
2.162108105405e+00,7.173052546111e-01
2.164108205410e+00,7.161866776973e-01
2.166108305415e+00,7.151072053991e-01
2.168108405420e+00,7.140686366424e-01
2.170108505425e+00,7.130727299908e-01
2.172108605430e+00,7.121211986347e-01
2.174108705435e+00,7.112157053567e-01
2.176108805440e+00,7.103578575053e-01
2.178108905445e+00,7.095492020033e-01
2.180109005450e+00,7.087912204315e-01
2.182109105455e+00,7.080853242141e-01
2.184109205460e+00,7.074328499436e-01
2.186109305465e+00,7.068350548747e-01
2.188109405470e+00,7.062931126232e-01
2.190109505475e+00,7.058081091081e-01
2.192109605480e+00,7.053810387662e-01
2.194109705485e+00,7.050128010571e-01
2.196109805490e+00,7.047041973124e-01
2.198109905495e+00,7.044559279381e-01
2.200110005500e+00,7.042685899925e-01
2.202110105505e+00,7.041426751747e-01
2.204110205510e+00,7.040785682401e-01
2.206110305515e+00,7.040765458291e-01
2.208110405520e+00,7.041367757612e-01
2.210110505525e+00,7.042593167735e-01
2.212110605530e+00,7.044441187064e-01
2.214110705535e+00,7.046910231512e-01
2.216110805540e+00,7.049997645445e-01
2.218110905545e+00,7.053699716827e-01
2.220111005550e+00,7.058011696758e-01
2.222111105555e+00,7.062927823006e-01
2.224111205560e+00,7.068441347298e-01
2.226111305565e+00,7.074544566265e-01
2.228111405570e+00,7.081228855905e-01
2.230111505575e+00,7.088484708749e-01
2.232111605580e+00,7.096301774011e-01
2.234111705585e+00,7.104668900119e-01
2.236111805590e+00,7.113574179301e-01
2.238111905595e+00,7.123004993927e-01
2.240112005600e+00,7.132948064317e-01
2.242112105605e+00,7.143389497597e-01
2.244112205610e+00,7.154314837259e-01
2.246112305615e+00,7.165709113221e-01
2.248112405620e+00,7.177556891953e-01
2.250112505625e+00,7.189842326460e-01
2.252112605630e+00,7.202549205781e-01
2.254112705635e+00,7.215661003767e-01
2.256112805640e+00,7.229160926951e-01
2.258112905645e+00,7.243031961224e-01
2.260113005650e+00,7.257256917131e-01
2.262113105655e+00,7.271818473689e-01
2.264113205660e+00,7.286699220530e-01
2.266113305665e+00,7.301881698175e-01
2.268113405670e+00,7.317348436443e-01
2.270113505675e+00,7.333081990960e-01
2.272113605680e+00,7.349064977521e-01
2.274113705685e+00,7.365280104393e-01
2.276113805690e+00,7.381710202559e-01
2.278113905695e+00,7.398338253869e-01
2.280114005700e+00,7.415147417024e-01
2.282114105705e+00,7.432121051406e-01
2.284114205710e+00,7.449242739118e-01
2.286114305715e+00,7.466496304839e-01
2.288114405720e+00,7.483865833760e-01
2.290114505725e+00,7.501335687642e-01
2.292114605730e+00,7.518890519102e-01
2.294114705735e+00,7.536515284187e-01
2.296114805740e+00,7.554195253274e-01
2.298114905745e+00,7.571916020349e-01
2.300115005750e+00,7.589663510694e-01
2.302115105755e+00,7.607423987444e-01
2.304115205760e+00,7.625184056745e-01
2.306115305765e+00,7.642930671512e-01
2.308115405770e+00,7.660651134191e-01
2.310115505775e+00,7.678333098416e-01
2.312115605780e+00,7.695964569694e-01
2.314115705785e+00,7.713533905174e-01
2.316115805790e+00,7.731029812600e-01
2.318115905795e+00,7.748441348510e-01
2.320116005800e+00,7.765757915746e-01
2.322116105805e+00,7.782969260356e-01
2.324116205810e+00,7.800065467938e-01
2.326116305815e+00,7.817036959500e-01
2.328116405820e+00,7.833874486884e-01
2.330116505825e+00,7.850569127802e-01
2.332116605830e+00,7.867112280554e-01
2.334116705835e+00,7.883495658456e-01
2.336116805840e+00,7.899711284034e-01
2.338116905845e+00,7.915751483010e-01
2.340117005850e+00,7.931608878133e-01
2.342117105855e+00,7.947276382889e-01
2.344117205860e+00,7.962747195117e-01
2.346117305865e+00,7.978014790543e-01
2.348117405870e+00,7.993072916294e-01
2.350117505875e+00,8.007915584393e-01
2.352117605880e+00,8.022537065263e-01
2.354117705885e+00,8.036931881254e-01
2.356117805890e+00,8.051094800221e-01
2.358117905895e+00,8.065020829157e-01
2.360118005900e+00,8.078705207927e-01
2.362118105905e+00,8.092143403069e-01
2.364118205910e+00,8.105331101688e-01
2.366118305915e+00,8.118264205486e-01
2.368118405920e+00,8.130938824897e-01
2.370118505925e+00,8.143351273356e-01
2.372118605930e+00,8.155498061692e-01
2.374118705935e+00,8.167375892671e-01
2.376118805940e+00,8.178981655667e-01
2.378118905945e+00,8.190312421495e-01
2.380119005950e+00,8.201365437395e-01
2.382119105955e+00,8.212138122166e-01
2.384119205960e+00,8.222628061429e-01
2.386119305965e+00,8.232833003081e-01
2.388119405970e+00,8.242750852886e-01
2.390119505975e+00,8.252379670229e-01
2.392119605980e+00,8.261717664017e-01
2.394119705985e+00,8.270763188742e-01
2.396119805990e+00,8.279514740692e-01
2.398119905995e+00,8.287970954319e-01
2.400120006000e+00,8.296130598758e-01
2.402120106005e+00,8.303992574498e-01
2.404120206010e+00,8.311555910204e-01
2.406120306015e+00,8.318819759663e-01
2.408120406020e+00,8.325783398899e-01
2.410120506025e+00,8.332446223422e-01
2.412120606030e+00,8.338807745615e-01
2.414120706035e+00,8.344867592257e-01
2.416120806040e+00,8.350625502185e-01
2.418120906045e+00,8.356081324084e-01
2.420121006050e+00,8.361235014405e-01
2.422121106055e+00,8.366086635413e-01
2.424121206060e+00,8.370636353364e-01
2.426121306065e+00,8.374884436807e-01
2.428121406070e+00,8.378831255000e-01
2.430121506075e+00,8.382477276433e-01
2.432121606080e+00,8.385823067475e-01
2.434121706085e+00,8.388869291142e-01
2.436121806090e+00,8.391616705963e-01
2.438121906095e+00,8.394066164965e-01
2.440122006100e+00,8.396218614751e-01
2.442122106105e+00,8.398075094689e-01
2.444122206110e+00,8.399636736193e-01
2.446122306115e+00,8.400904762107e-01
2.448122406120e+00,8.401880486179e-01
2.450122506125e+00,8.402565312643e-01
2.452122606130e+00,8.402960735878e-01
2.454122706135e+00,8.403068340173e-01
2.456122806140e+00,8.402889799574e-01
2.458122906145e+00,8.402426877780e-01
2.460123006150e+00,8.401681428142e-01
2.462123106155e+00,8.400655393769e-01
2.464123206160e+00,8.399350807688e-01
2.466123306165e+00,8.397769793074e-01
2.468123406170e+00,8.395914563562e-01
2.470123506175e+00,8.393787423624e-01
2.472123606180e+00,8.391390769009e-01
2.474123706185e+00,8.388727087261e-01
2.476123806190e+00,8.385798958280e-01
2.478123906195e+00,8.382609054969e-01
2.480124006200e+00,8.379160143918e-01
2.482124106205e+00,8.375455086154e-01
2.484124206210e+00,8.371496837909e-01
2.486124306215e+00,8.367288451488e-01
2.488124406220e+00,8.362833076141e-01
2.490124506225e+00,8.358133959000e-01
2.492124606230e+00,8.353194446043e-01
2.494124706235e+00,8.348017983090e-01
2.496124806240e+00,8.342608116839e-01
2.498124906245e+00,8.336968495920e-01
2.500125006250e+00,8.331102871979e-01
2.502125106255e+00,8.325015100777e-01
2.504125206260e+00,8.318709143309e-01
2.506125306265e+00,8.312189066913e-01
2.508125406270e+00,8.305459046409e-01
2.510125506275e+00,8.298523365215e-01
2.512125606280e+00,8.291386416476e-01
2.514125706285e+00,8.284052704166e-01
2.516125806290e+00,8.276526844176e-01
2.518125906295e+00,8.268813565386e-01
2.520126006300e+00,8.260917710693e-01
2.522126106305e+00,8.252844238008e-01
2.524126206310e+00,8.244598221212e-01
2.526126306315e+00,8.236184851056e-01
2.528126406320e+00,8.227609435996e-01
2.530126506325e+00,8.218877402969e-01
2.532126606330e+00,8.209994298088e-01
2.534126706335e+00,8.200965787248e-01
2.536126806340e+00,8.191797656649e-01
2.538126906345e+00,8.182495813202e-01
2.540127006350e+00,8.173066284832e-01
2.542127106355e+00,8.163515220651e-01
2.544127206360e+00,8.153848890997e-01
2.546127306365e+00,8.144073687338e-01
2.548127406370e+00,8.134196122012e-01
2.550127506375e+00,8.124222827796e-01
2.552127606380e+00,8.114160557314e-01
2.554127706385e+00,8.104016182239e-01
2.556127806390e+00,8.093796692304e-01
2.558127906395e+00,8.083509194098e-01
2.560128006400e+00,8.073160909628e-01
2.562128106405e+00,8.062759174660e-01
2.564128206410e+00,8.052311436803e-01
2.566128306415e+00,8.041825253328e-01
2.568128406420e+00,8.031308288719e-01
2.570128506425e+00,8.020768311934e-01
2.572128606430e+00,8.010213193385e-01
2.574128706435e+00,7.999650901602e-01
2.576128806440e+00,7.989089499570e-01
2.578128906445e+00,7.978537140731e-01
2.580129006450e+00,7.968002064677e-01
2.582129106455e+00,7.957492592475e-01
2.584129206460e+00,7.947017121663e-01
2.586129306465e+00,7.936584120839e-01
2.588129406470e+00,7.926202123885e-01
2.590129506475e+00,7.915879723838e-01
2.592129606480e+00,7.905625566393e-01
2.594129706485e+00,7.895448343037e-01
2.596129806490e+00,7.885356783767e-01
2.598129906495e+00,7.875359649418e-01
2.600130006500e+00,7.865465723550e-01
2.602130106505e+00,7.855683803923e-01
2.604130206510e+00,7.846022693961e-01
2.606130306515e+00,7.836491193479e-01
2.608130406520e+00,7.827098089104e-01
2.610130506525e+00,7.817852144415e-01
2.612130606530e+00,7.808762089725e-01
2.614130706535e+00,7.799836611570e-01
2.616130806540e+00,7.791084341881e-01
2.618130906545e+00,7.782513846880e-01
2.620131006550e+00,7.774133615662e-01
2.622131106555e+00,7.765952048550e-01
2.624131206560e+00,7.757977445389e-01
2.626131306565e+00,7.750217993494e-01
2.628131406570e+00,7.742681755498e-01
2.630131506575e+00,7.735376657104e-01
2.632131606580e+00,7.728310474751e-01
2.634131706585e+00,7.721490823242e-01
2.636131806590e+00,7.714925143369e-01
2.638131906595e+00,7.708620689567e-01
2.640132006600e+00,7.702584517651e-01
2.642132106605e+00,7.696823472717e-01
2.644132206610e+00,7.691344177157e-01
2.646132306615e+00,7.686153018926e-01
2.648132406620e+00,7.681256140064e-01
2.650132506625e+00,7.676659425509e-01
2.652132606630e+00,7.672368492274e-01
2.654132706635e+00,7.668388679021e-01
2.656132806640e+00,7.664725036105e-01
2.658132906645e+00,7.661382316065e-01
2.660133006650e+00,7.658364964636e-01
2.662133106655e+00,7.655677112370e-01
2.664133206660e+00,7.653322566857e-01
2.666133306665e+00,7.651304805570e-01
2.668133406670e+00,7.649626969381e-01
2.670133506675e+00,7.648291856799e-01
2.672133606680e+00,7.647301918983e-01
2.674133706685e+00,7.646659255478e-01
2.676133806690e+00,7.646365610674e-01
2.678133906695e+00,7.646422371166e-01
2.680134006700e+00,7.646830563881e-01
2.682134106705e+00,7.647590855016e-01
2.684134206710e+00,7.648703549786e-01
2.686134306715e+00,7.650168593034e-01
2.688134406720e+00,7.651985570692e-01
2.690134506725e+00,7.654153711978e-01
2.692134606730e+00,7.656671892421e-01
2.694134706735e+00,7.659538637718e-01
2.696134806740e+00,7.662752128335e-01
2.698134906745e+00,7.666310204838e-01
2.700135006750e+00,7.670210373951e-01
2.702135106755e+00,7.674449815332e-01
2.704135206760e+00,7.679025389025e-01
2.706135306765e+00,7.683933643444e-01
2.708135406770e+00,7.689170824030e-01
2.710135506775e+00,7.694732882439e-01
2.712135606780e+00,7.700615486228e-01
2.714135706785e+00,7.706814028992e-01
2.716135806790e+00,7.713323640926e-01
2.718135906795e+00,7.720139199769e-01
2.720136006800e+00,7.727255342114e-01
2.722136106805e+00,7.734666474942e-01
2.724136206810e+00,7.742366787380e-01
2.726136306815e+00,7.750350262725e-01
2.728136406820e+00,7.758610690566e-01
2.730136506825e+00,7.767141679015e-01
2.732136606830e+00,7.775936667009e-01
2.734136706835e+00,7.784988936621e-01
2.736136806840e+00,7.794291625359e-01
2.738136906845e+00,7.803837738396e-01
2.740137006850e+00,7.813620160713e-01
2.742137106855e+00,7.823631669110e-01
2.744137206860e+00,7.833864944056e-01
2.746137306865e+00,7.844312581335e-01
2.748137406870e+00,7.854967103487e-01
2.750137506875e+00,7.865820971010e-01
2.752137606880e+00,7.876866593275e-01
2.754137706885e+00,7.888096339142e-01
2.756137806890e+00,7.899502547268e-01
2.758137906895e+00,7.911077536148e-01
2.760138006900e+00,7.922813613741e-01
2.762138106905e+00,7.934703086776e-01
2.764138206910e+00,7.946738269687e-01
2.766138306915e+00,7.958911493188e-01
2.768138406920e+00,7.971215112485e-01
2.770138506925e+00,7.983641515093e-01
2.772138606930e+00,7.996183128256e-01
2.774138706935e+00,8.008832425953e-01
2.776138806940e+00,8.021581935625e-01
2.778138906945e+00,8.034424244459e-01
2.780139006950e+00,8.047352005283e-01
2.782139106955e+00,8.060357942099e-01
2.784139206960e+00,8.073434855245e-01
2.786139306965e+00,8.086575626218e-01
2.788139406970e+00,8.099773222136e-01
2.790139506975e+00,8.113020699873e-01
2.792139606980e+00,8.126311209831e-01
2.794139706985e+00,8.139637999388e-01
2.796139806990e+00,8.152994415989e-01
2.798139906995e+00,8.166373910012e-01
2.800140007000e+00,8.179770037405e-01
2.802140107005e+00,8.193176461854e-01
2.804140207010e+00,8.206586956795e-01
2.806140307015e+00,8.219995407157e-01
2.808140407020e+00,8.233395810843e-01
2.810140507025e+00,8.246782279991e-01
2.812140607030e+00,8.260149041999e-01
2.814140707035e+00,8.273490440335e-01
2.816140807040e+00,8.286800935152e-01
2.818140907045e+00,8.300075103717e-01
2.820141007050e+00,8.313307640656e-01
2.822141107055e+00,8.326493358032e-01
2.824141207060e+00,8.339627185260e-01
2.826141307065e+00,8.352704168881e-01
2.828141407070e+00,8.365719472198e-01
2.830141507075e+00,8.378668374782e-01
2.832141607080e+00,8.391546271857e-01
2.834141707085e+00,8.404348673579e-01
2.836141807090e+00,8.417071204216e-01
2.838141907095e+00,8.429709601227e-01
2.840142007100e+00,8.442259714264e-01
2.842142107105e+00,8.454717504095e-01
2.844142207110e+00,8.467079041454e-01
2.846142307115e+00,8.479340505831e-01
2.848142407120e+00,8.491498184204e-01
2.850142507125e+00,8.503548469722e-01
2.852142607130e+00,8.515487860344e-01
2.854142707135e+00,8.527312957439e-01
2.856142807140e+00,8.539020464352e-01
2.858142907145e+00,8.550607184945e-01
2.860143007150e+00,8.562070022108e-01
2.862143107155e+00,8.573405976259e-01
2.864143207160e+00,8.584612143825e-01
2.866143307165e+00,8.595685715713e-01
2.868143407170e+00,8.606623975772e-01
2.870143507175e+00,8.617424299255e-01
2.872143607180e+00,8.628084151275e-01
2.874143707185e+00,8.638601085269e-01
2.876143807190e+00,8.648972741469e-01
2.878143907195e+00,8.659196845376e-01
2.880144007200e+00,8.669271206238e-01
2.882144107205e+00,8.679193715554e-01
2.884144207210e+00,8.688962345581e-01
2.886144307215e+00,8.698575147870e-01
2.888144407220e+00,8.708030251803e-01
2.890144507225e+00,8.717325863165e-01
2.892144607230e+00,8.726460262727e-01
2.894144707235e+00,8.735431804851e-01
2.896144807240e+00,8.744238916125e-01
2.898144907245e+00,8.752880094019e-01
2.900145007250e+00,8.761353905564e-01
2.902145107255e+00,8.769658986065e-01
2.904145207260e+00,8.777794037825e-01
2.906145307265e+00,8.785757828907e-01
2.908145407270e+00,8.793549191928e-01
2.910145507275e+00,8.801167022872e-01
2.912145607280e+00,8.808610279935e-01
2.914145707285e+00,8.815877982402e-01
2.916145807290e+00,8.822969209550e-01
2.918145907295e+00,8.829883099578e-01
2.920146007300e+00,8.836618848575e-01
2.922146107305e+00,8.843175709503e-01
2.924146207310e+00,8.849552991229e-01
2.926146307315e+00,8.855750057571e-01
2.928146407320e+00,8.861766326384e-01
2.930146507325e+00,8.867601268674e-01
2.932146607330e+00,8.873254407723e-01
2.934146707335e+00,8.878725318273e-01
2.936146807340e+00,8.884013625720e-01
2.938146907345e+00,8.889119005341e-01
2.940147007350e+00,8.894041181557e-01
2.942147107355e+00,8.898779927211e-01
2.944147207360e+00,8.903335062884e-01
2.946147307365e+00,8.907706456241e-01
2.948147407370e+00,8.911894021390e-01
2.950147507375e+00,8.915897718287e-01
2.952147607380e+00,8.919717552153e-01
2.954147707385e+00,8.923353572931e-01
2.956147807390e+00,8.926805874759e-01
2.958147907395e+00,8.930074595478e-01
2.960148007400e+00,8.933159916158e-01
2.962148107405e+00,8.936062060642e-01
2.964148207410e+00,8.938781295135e-01
2.966148307415e+00,8.941317927802e-01
2.968148407420e+00,8.943672308399e-01
2.970148507425e+00,8.945844827919e-01
2.972148607430e+00,8.947835918272e-01
2.974148707435e+00,8.949646051982e-01
2.976148807440e+00,8.951275741898e-01
2.978148907445e+00,8.952725540946e-01
2.980149007450e+00,8.953996041881e-01
2.982149107455e+00,8.955087877079e-01
2.984149207460e+00,8.956001718338e-01
2.986149307465e+00,8.956738276705e-01
2.988149407470e+00,8.957298302320e-01
2.990149507475e+00,8.957682584289e-01
2.992149607480e+00,8.957891950566e-01
2.994149707485e+00,8.957927267851e-01
2.996149807490e+00,8.957789441495e-01
2.998149907495e+00,8.957479415456e-01
3.000150007500e+00,8.956998172252e-01
3.002150107505e+00,8.956346732928e-01
3.004150207510e+00,8.955526157046e-01
3.006150307515e+00,8.954537542686e-01
3.008150407520e+00,8.953382026462e-01
3.010150507525e+00,8.952060783560e-01
3.012150607530e+00,8.950575027778e-01
3.014150707535e+00,8.948926011586e-01
3.016150807540e+00,8.947115026205e-01
3.018150907545e+00,8.945143401685e-01
3.020151007550e+00,8.943012507002e-01
3.022151107555e+00,8.940723750167e-01
3.024151207560e+00,8.938278578343e-01
3.026151307565e+00,8.935678477972e-01
3.028151407570e+00,8.932924974913e-01
3.030151507575e+00,8.930019634584e-01
3.032151607580e+00,8.926964062117e-01
3.034151707585e+00,8.923759902518e-01
3.036151807590e+00,8.920408840830e-01
3.038151907595e+00,8.916912602308e-01
3.040152007600e+00,8.913272952595e-01
3.042152107605e+00,8.909491697897e-01
3.044152207610e+00,8.905570685174e-01
3.046152307615e+00,8.901511802319e-01
3.048152407620e+00,8.897316978348e-01
3.050152507625e+00,8.892988183588e-01
3.052152607630e+00,8.888527429861e-01
3.054152707635e+00,8.883936770673e-01
3.056152807640e+00,8.879218301394e-01
3.058152907645e+00,8.874374159438e-01
3.060153007650e+00,8.869406524442e-01
3.062153107655e+00,8.864317618428e-01
3.064153207660e+00,8.859109705974e-01
3.066153307665e+00,8.853785094363e-01
3.068153407670e+00,8.848346133733e-01
3.070153507675e+00,8.842795217208e-01
3.072153607680e+00,8.837134781027e-01
3.074153707685e+00,8.831367304653e-01
3.076153807690e+00,8.825495310870e-01
3.078153907695e+00,8.819521365866e-01
3.080154007700e+00,8.813448079296e-01
3.082154107705e+00,8.807278104333e-01
3.084154207710e+00,8.801014137688e-01
3.086154307715e+00,8.794658919624e-01
3.088154407720e+00,8.788215233931e-01
3.090154507725e+00,8.781685907892e-01
3.092154607730e+00,8.775073812212e-01
3.094154707735e+00,8.768381860922e-01
3.096154807740e+00,8.761613011261e-01
3.098154907745e+00,8.754770263515e-01
3.100155007750e+00,8.747856660836e-01
3.102155107755e+00,8.740875289019e-01
3.104155207760e+00,8.733829276244e-01
3.106155307765e+00,8.726721792784e-01
3.108155407770e+00,8.719556050666e-01
3.110155507775e+00,8.712335303303e-01
3.112155607780e+00,8.705062845074e-01
3.114155707785e+00,8.697742010861e-01
3.116155807790e+00,8.690376175538e-01
3.118155907795e+00,8.682968753415e-01
3.120156007800e+00,8.675523197633e-01
3.122156107805e+00,8.668042999503e-01
3.124156207810e+00,8.660531687796e-01
3.126156307815e+00,8.652992827977e-01
3.128156407820e+00,8.645430021377e-01
3.130156507825e+00,8.637846904302e-01
3.132156607830e+00,8.630247147100e-01
3.134156707835e+00,8.622634453158e-01
3.136156807840e+00,8.615012557830e-01
3.138156907845e+00,8.607385227309e-01
3.140157007850e+00,8.599756257426e-01
3.142157107855e+00,8.592129472373e-01
3.144157207860e+00,8.584508723377e-01
3.146157307865e+00,8.576897887296e-01
3.148157407870e+00,8.569300865153e-01
3.150157507875e+00,8.561721580590e-01
3.152157607880e+00,8.554163978254e-01
3.154157707885e+00,8.546632022106e-01
3.156157807890e+00,8.539129693646e-01
3.158157907895e+00,8.531660990061e-01
3.160158007900e+00,8.524229922291e-01
3.162158107905e+00,8.516840513138e-01
3.164158207910e+00,8.509496795162e-01
3.166158307915e+00,8.502202808539e-01
3.168158407920e+00,8.494962598858e-01
3.170158507925e+00,8.487780214847e-01
3.172158607930e+00,8.480659706024e-01
3.174158707935e+00,8.473605120280e-01
3.176158807940e+00,8.466620501403e-01
3.178158907945e+00,8.459709886529e-01
3.180159007950e+00,8.452877303527e-01
3.182159107955e+00,8.446126768315e-01
3.184159207960e+00,8.439462282113e-01
3.186159307965e+00,8.432887828616e-01
3.188159407970e+00,8.426407371146e-01
3.190159507975e+00,8.420024849841e-01
3.192159607980e+00,8.413744178607e-01
3.194159707985e+00,8.407569242148e-01
3.196159807990e+00,8.401503892917e-01
3.198159907995e+00,8.395551948045e-01
3.200160008000e+00,8.389717186230e-01
3.202160108005e+00,8.384003344601e-01
3.204160208010e+00,8.378414115557e-01
3.206160308015e+00,8.372953143593e-01
3.208160408020e+00,8.367624022094e-01
3.210160508025e+00,8.362430290137e-01
3.212160608030e+00,8.357375429281e-01
3.214160708035e+00,8.352462860399e-01
3.216160808040e+00,8.347695940465e-01
3.218160908045e+00,8.343077959384e-01
3.220161008050e+00,8.338612136847e-01
3.222161108055e+00,8.334301619209e-01
3.224161208060e+00,8.330149476401e-01
3.226161308065e+00,8.326158698883e-01
3.228161408070e+00,8.322332194651e-01
3.230161508075e+00,8.318672786295e-01
3.232161608080e+00,8.315183208120e-01
3.234161708085e+00,8.311866103344e-01
3.236161808090e+00,8.308724021352e-01
3.238161908095e+00,8.305759415037e-01
3.240162008100e+00,8.302974638242e-01
3.242162108105e+00,8.300371943282e-01
3.244162208110e+00,8.297953478580e-01
3.246162308115e+00,8.295721286397e-01
3.248162408120e+00,8.293677300674e-01
3.250162508125e+00,8.291823344989e-01
3.252162608130e+00,8.290161130649e-01
3.254162708135e+00,8.288692254905e-01
3.256162808140e+00,8.287418199322e-01
3.258162908145e+00,8.286340328233e-01
3.260163008150e+00,8.285459887359e-01
3.262163108155e+00,8.284778002593e-01
3.264163208160e+00,8.284295678918e-01
3.266163308165e+00,8.284013799477e-01
3.268163408170e+00,8.283933124792e-01
3.270163508175e+00,8.284054292134e-01
3.272163608180e+00,8.284377815061e-01
3.274163708185e+00,8.284904083111e-01
3.276163808190e+00,8.285633361676e-01
3.278163908195e+00,8.286565792016e-01
3.280164008200e+00,8.287701391387e-01
3.282164108205e+00,8.289040053413e-01
3.284164208210e+00,8.290581548567e-01
3.286164308215e+00,8.292325524824e-01
3.288164408220e+00,8.294271508462e-01
3.290164508225e+00,8.296418905010e-01
3.292164608230e+00,8.298767000353e-01
3.294164708235e+00,8.301314961989e-01
3.296164808240e+00,8.304061840438e-01
3.298164908245e+00,8.307006570786e-01
3.300165008250e+00,8.310147974316e-01
3.302165108255e+00,8.313484760340e-01
3.304165208260e+00,8.317015528123e-01
3.306165308265e+00,8.320738768939e-01
3.308165408270e+00,8.324652868241e-01
3.310165508275e+00,8.328756107932e-01
3.312165608280e+00,8.333046668741e-01
3.314165708285e+00,8.337522632700e-01
3.316165808290e+00,8.342181985711e-01
3.318165908295e+00,8.347022620220e-01
3.320166008300e+00,8.352042337969e-01
3.322166108305e+00,8.357238852820e-01
3.324166208310e+00,8.362609793546e-01
3.326166308315e+00,8.368152706831e-01
3.328166408320e+00,8.373865060255e-01
3.330166508325e+00,8.379744245323e-01
3.332166608330e+00,8.385787580544e-01
3.334166708335e+00,8.391992314537e-01
3.336166808340e+00,8.398355629163e-01
3.338166908345e+00,8.404874642690e-01
3.340167008350e+00,8.411546412957e-01
3.342167108355e+00,8.418367940556e-01
3.344167208360e+00,8.425336172017e-01
3.346167308365e+00,8.432448002979e-01
3.348167408370e+00,8.439700281359e-01
3.350167508375e+00,8.447089810509e-01
3.352167608380e+00,8.454613352353e-01
3.354167708385e+00,8.462267630487e-01
3.356167808390e+00,8.470049333270e-01
3.358167908395e+00,8.477955116864e-01
3.360168008400e+00,8.485981608247e-01
3.362168108405e+00,8.494125408182e-01
3.364168208410e+00,8.502383094130e-01
3.366168308415e+00,8.510751223116e-01
3.368168408420e+00,8.519226334550e-01
3.370168508425e+00,8.527804953005e-01
3.372168608430e+00,8.536483590902e-01
3.374168708435e+00,8.545258751165e-01
3.376168808440e+00,8.554126929787e-01
3.378168908445e+00,8.563084618349e-01
3.380169008450e+00,8.572128306467e-01
3.382169108455e+00,8.581254484173e-01
3.384169208460e+00,8.590459644225e-01
3.386169308465e+00,8.599740284340e-01
3.388169408470e+00,8.609092909358e-01
3.390169508475e+00,8.618514033316e-01
3.392169608480e+00,8.628000181465e-01
3.394169708485e+00,8.637547892258e-01
3.396169808490e+00,8.647153719178e-01
3.398169908495e+00,8.656814232550e-01
3.400170008500e+00,8.666526021256e-01
3.402170108505e+00,8.676285694383e-01
3.404170208510e+00,8.686089882795e-01
3.406170308515e+00,8.695935240641e-01
3.408170408520e+00,8.705818446792e-01
3.410170508525e+00,8.715736206200e-01
3.412170608530e+00,8.725685251192e-01
3.414170708535e+00,8.735662342688e-01
3.416170808540e+00,8.745664271350e-01
3.418170908545e+00,8.755687858653e-01
3.420171008550e+00,8.765729957907e-01
3.422171108555e+00,8.775787455283e-01
3.424171208560e+00,8.785857270647e-01
3.426171308565e+00,8.795936358416e-01
3.428171408570e+00,8.806021708329e-01
3.430171508575e+00,8.816110346165e-01
3.432171608580e+00,8.826199334408e-01
3.434171708585e+00,8.836285772851e-01
3.436171808590e+00,8.846366799161e-01
3.438171908595e+00,8.856439589378e-01
3.440172008600e+00,8.866501358379e-01
3.442172108605e+00,8.876549360280e-01
3.444172208610e+00,8.886580888802e-01
3.446172308615e+00,8.896593277581e-01
3.448172408620e+00,8.906583900440e-01
3.450172508625e+00,8.916550171609e-01
3.452172608630e+00,8.926489545914e-01
3.454172708635e+00,8.936399518996e-01
3.456172808640e+00,8.946277627385e-01
3.458172908645e+00,8.956121448582e-01
3.460173008650e+00,8.965928601117e-01
3.462173108655e+00,8.975696744572e-01
3.464173208660e+00,8.985423579571e-01
3.466173308665e+00,8.995106847743e-01
3.468173408670e+00,9.004744331657e-01
3.470173508675e+00,9.014333854732e-01
3.472173608680e+00,9.023873281126e-01
3.474173708685e+00,9.033360515591e-01
3.476173808690e+00,9.042793503321e-01
3.478173908695e+00,9.052170229772e-01
3.480174008700e+00,9.061488720463e-01
3.482174108705e+00,9.070747040759e-01
3.484174208710e+00,9.079943295644e-01
3.486174308715e+00,9.089075629467e-01
3.488174408720e+00,9.098142225682e-01
3.490174508725e+00,9.107141306574e-01
3.492174608730e+00,9.116071132970e-01
3.494174708735e+00,9.124930003938e-01
3.496174808740e+00,9.133716256481e-01
3.498174908745e+00,9.142428265214e-01
3.500175008750e+00,9.151064442040e-01
3.502175108755e+00,9.159623235810e-01
3.504175208760e+00,9.168103131987e-01
3.506175308765e+00,9.176502652290e-01
3.508175408770e+00,9.184820354346e-01
3.510175508775e+00,9.193054831328e-01
3.512175608780e+00,9.201204711592e-01
3.514175708785e+00,9.209268658314e-01
3.516175808790e+00,9.217245369116e-01
3.518175908795e+00,9.225133575702e-01
3.520176008800e+00,9.232932043477e-01
3.522176108805e+00,9.240639571178e-01
3.524176208810e+00,9.248254990499e-01
3.526176308815e+00,9.255777165715e-01
3.528176408820e+00,9.263204993313e-01
3.530176508825e+00,9.270537401611e-01
3.532176608830e+00,9.277773350392e-01
3.534176708835e+00,9.284911830529e-01
3.536176808840e+00,9.291951863619e-01
3.538176908845e+00,9.298892501617e-01
3.540177008850e+00,9.305732826472e-01
3.542177108855e+00,9.312471949764e-01
3.544177208860e+00,9.319109012353e-01
3.546177308865e+00,9.325643184016e-01
3.548177408870e+00,9.332073663105e-01
3.550177508875e+00,9.338399676195e-01
3.552177608880e+00,9.344620477746e-01
3.554177708885e+00,9.350735349763e-01
3.556177808890e+00,9.356743601464e-01
3.558177908895e+00,9.362644568951e-01
3.560178008900e+00,9.368437614893e-01
3.562178108905e+00,9.374122128198e-01
3.564178208910e+00,9.379697523705e-01
3.566178308915e+00,9.385163241878e-01
3.568178408920e+00,9.390518748501e-01
3.570178508925e+00,9.395763534381e-01
3.572178608930e+00,9.400897115063e-01
3.574178708935e+00,9.405919030539e-01
3.576178808940e+00,9.410828844970e-01
3.578178908945e+00,9.415626146415e-01
3.580179008950e+00,9.420310546562e-01
3.582179108955e+00,9.424881680468e-01
3.584179208960e+00,9.429339206298e-01
3.586179308965e+00,9.433682805084e-01
3.588179408970e+00,9.437912180477e-01
3.590179508975e+00,9.442027058510e-01
3.592179608980e+00,9.446027187372e-01
3.594179708985e+00,9.449912337181e-01
3.596179808990e+00,9.453682299763e-01
3.598179908995e+00,9.457336888438e-01
3.600180009000e+00,9.460875937820e-01
3.602180109005e+00,9.464299303614e-01
3.604180209010e+00,9.467606862422e-01
3.606180309015e+00,9.470798511554e-01
3.608180409020e+00,9.473874168850e-01
3.610180509025e+00,9.476833772503e-01
3.612180609030e+00,9.479677280888e-01
3.614180709035e+00,9.482404672399e-01
3.616180809040e+00,9.485015945293e-01
3.618180909045e+00,9.487511117535e-01
3.620181009050e+00,9.489890226655e-01
3.622181109055e+00,9.492153329608e-01
3.624181209060e+00,9.494300502636e-01
3.626181309065e+00,9.496331841147e-01
3.628181409070e+00,9.498247459585e-01
3.630181509075e+00,9.500047491320e-01
3.632181609080e+00,9.501732088536e-01
3.634181709085e+00,9.503301422112e-01
3.636181809090e+00,9.504755681535e-01
3.638181909095e+00,9.506095074800e-01
3.640182009100e+00,9.507319828318e-01
3.642182109105e+00,9.508430186837e-01
3.644182209110e+00,9.509426413355e-01
3.646182309115e+00,9.510308789054e-01
3.648182409120e+00,9.511077613222e-01
3.650182509125e+00,9.511733203195e-01
3.652182609130e+00,9.512275894293e-01
3.654182709135e+00,9.512706039766e-01
3.656182809140e+00,9.513024010744e-01
3.658182909145e+00,9.513230196187e-01
3.660183009150e+00,9.513325002851e-01
3.662183109155e+00,9.513308855243e-01
3.664183209160e+00,9.513182195594e-01
3.666183309165e+00,9.512945483827e-01
3.668183409170e+00,9.512599197539e-01
3.670183509175e+00,9.512143831973e-01
3.672183609180e+00,9.511579900012e-01
3.674183709185e+00,9.510907932157e-01
3.676183809190e+00,9.510128476507e-01
3.678183909195e+00,9.509242098773e-01
3.680184009200e+00,9.508249382270e-01
3.682184109205e+00,9.507150927913e-01
3.684184209210e+00,9.505947354229e-01
3.686184309215e+00,9.504639297358e-01
3.688184409220e+00,9.503227411068e-01
3.690184509225e+00,9.501712366765e-01
3.692184609230e+00,9.500094853511e-01
3.694184709235e+00,9.498375578042e-01
3.696184809240e+00,9.496555264787e-01
3.698184909245e+00,9.494634655895e-01
3.700185009250e+00,9.492614511257e-01
3.702185109255e+00,9.490495608535e-01
3.704185209260e+00,9.488278743194e-01
3.706185309265e+00,9.485964728526e-01
3.708185409270e+00,9.483554395688e-01
3.710185509275e+00,9.481048593735e-01
3.712185609280e+00,9.478448189653e-01
3.714185709285e+00,9.475754068397e-01
3.716185809290e+00,9.472967132926e-01
3.718185909295e+00,9.470088304244e-01
3.720186009300e+00,9.467118521435e-01
3.722186109305e+00,9.464058741701e-01
3.724186209310e+00,9.460909940403e-01
3.726186309315e+00,9.457673111099e-01
3.728186409320e+00,9.454349265579e-01
3.730186509325e+00,9.450939433906e-01
3.732186609330e+00,9.447444664454e-01
3.734186709335e+00,9.443866023938e-01
3.736186809340e+00,9.440204597455e-01
3.738186909345e+00,9.436461488516e-01
3.740187009350e+00,9.432637819076e-01
3.742187109355e+00,9.428734729565e-01
3.744187209360e+00,9.424753378916e-01
3.746187309365e+00,9.420694944591e-01
3.748187409370e+00,9.416560622605e-01
3.750187509375e+00,9.412351627545e-01
3.752187609380e+00,9.408069192585e-01
3.754187709385e+00,9.403714569504e-01
3.756187809390e+00,9.399289028695e-01
3.758187909395e+00,9.394793859170e-01
3.760188009400e+00,9.390230368559e-01
3.762188109405e+00,9.385599883116e-01
3.764188209410e+00,9.380903747704e-01
3.766188309415e+00,9.376143325784e-01
3.768188409420e+00,9.371319999403e-01
3.770188509425e+00,9.366435169162e-01
3.772188609430e+00,9.361490254191e-01
3.774188709435e+00,9.356486692115e-01
3.776188809440e+00,9.351425939008e-01
3.778188909445e+00,9.346309469344e-01
3.780189009450e+00,9.341138775944e-01
3.782189109455e+00,9.335915369907e-01
3.784189209460e+00,9.330640780540e-01
3.786189309465e+00,9.325316555275e-01
3.788189409470e+00,9.319944259582e-01
3.790189509475e+00,9.314525476871e-01
3.792189609480e+00,9.309061808381e-01
3.794189709485e+00,9.303554873067e-01
3.796189809490e+00,9.298006307469e-01
3.798189909495e+00,9.292417765572e-01
3.800190009500e+00,9.286790918664e-01
3.802190109505e+00,9.281127455167e-01
3.804190209510e+00,9.275429080475e-01
3.806190309515e+00,9.269697516764e-01
3.808190409520e+00,9.263934502800e-01
3.810190509525e+00,9.258141793729e-01
3.812190609530e+00,9.252321160857e-01
3.814190709535e+00,9.246474391413e-01
3.816190809540e+00,9.240603288298e-01
3.818190909545e+00,9.234709669837e-01
3.820191009550e+00,9.228795369487e-01
3.822191109555e+00,9.222862235559e-01
3.824191209560e+00,9.216912130903e-01
3.826191309565e+00,9.210946932593e-01
3.828191409570e+00,9.204968531584e-01
3.830191509575e+00,9.198978832364e-01
3.832191609580e+00,9.192979752583e-01
3.834191709585e+00,9.186973222668e-01
3.836191809590e+00,9.180961185428e-01
3.838191909595e+00,9.174945595631e-01
3.840192009600e+00,9.168928419572e-01
3.842192109605e+00,9.162911634618e-01
3.844192209610e+00,9.156897228736e-01
3.846192309615e+00,9.150887200003e-01
3.848192409620e+00,9.144883556093e-01
3.850192509625e+00,9.138888313749e-01
3.852192609630e+00,9.132903498261e-01
3.854192709635e+00,9.126931142910e-01
3.856192809640e+00,9.120973288364e-01
3.858192909645e+00,9.115031982097e-01
3.860193009650e+00,9.109109277766e-01
3.862193109655e+00,9.103207234579e-01
3.864193209660e+00,9.097327916631e-01
3.866193309665e+00,9.091473392240e-01
3.868193409670e+00,9.085645733253e-01
3.870193509675e+00,9.079847014344e-01
3.872193609680e+00,9.074079312284e-01
3.874193709685e+00,9.068344705206e-01
3.876193809690e+00,9.062645271838e-01
3.878193909695e+00,9.056983090727e-01
3.880194009700e+00,9.051360239441e-01
3.882194109705e+00,9.045778793750e-01
3.884194209710e+00,9.040240826789e-01
3.886194309715e+00,9.034748408201e-01
3.888194409720e+00,9.029303603260e-01
3.890194509725e+00,9.023908472003e-01
3.892194609730e+00,9.018565068452e-01
3.894194709735e+00,9.013275439574e-01
3.896194809740e+00,9.008041624393e-01
3.898194909745e+00,9.002865653060e-01
3.900195009750e+00,8.997749545904e-01
3.902195109755e+00,8.992695312476e-01
3.904195209760e+00,8.987704950575e-01
3.906195309765e+00,8.982780445275e-01
3.908195409770e+00,8.977923767932e-01
3.910195509775e+00,8.973136875187e-01
3.912195609780e+00,8.968421707962e-01
3.914195709785e+00,8.963780190444e-01
3.916195809790e+00,8.959214229067e-01
3.918195909795e+00,8.954725711480e-01
3.920196009800e+00,8.950316505518e-01
3.922196109805e+00,8.945988458193e-01
3.924196209810e+00,8.941743394651e-01
3.926196309815e+00,8.937583117133e-01
3.928196409820e+00,8.933509403945e-01
3.930196509825e+00,8.929524008430e-01
3.932196609830e+00,8.925628657940e-01
3.934196709835e+00,8.921825052808e-01
3.936196809840e+00,8.918114865335e-01
3.938196909845e+00,8.914499738775e-01
3.940197009850e+00,8.910981286329e-01
3.942197109855e+00,8.907561090157e-01
3.944197209860e+00,8.904240700388e-01
3.946197309865e+00,8.901021634148e-01
3.948197409870e+00,8.897905374604e-01
3.950197509875e+00,8.894893370017e-01
3.952197609880e+00,8.891987032814e-01
3.954197709885e+00,8.889187738672e-01
3.956197809890e+00,8.886496825629e-01
3.958197909895e+00,8.883915593204e-01
3.960198009900e+00,8.881445301553e-01
3.962198109905e+00,8.879087170630e-01
3.964198209910e+00,8.876842379387e-01
3.966198309915e+00,8.874712064984e-01
3.968198409920e+00,8.872697322037e-01
3.970198509925e+00,8.870799201879e-01
3.972198609930e+00,8.869018711869e-01
3.974198709935e+00,8.867356814712e-01
3.976198809940e+00,8.865814427829e-01
3.978198909945e+00,8.864392422749e-01
3.980199009950e+00,8.863091624516e-01
3.982199109955e+00,8.861912811144e-01
3.984199209960e+00,8.860856713115e-01
3.986199309965e+00,8.859924012905e-01
3.988199409970e+00,8.859115344541e-01
3.990199509975e+00,8.858431293205e-01
3.992199609980e+00,8.857872394862e-01
3.994199709985e+00,8.857439135936e-01
3.996199809990e+00,8.857131953015e-01
3.998199909995e+00,8.856951232605e-01
4.000200010001e+00,8.856897310916e-01
4.002200110006e+00,8.856970473701e-01
4.004200210011e+00,8.857170956132e-01
4.006200310016e+00,8.857498942696e-01
4.008200410021e+00,8.857954567134e-01
4.010200510026e+00,8.858537912448e-01
4.012200610031e+00,8.859249010927e-01
4.014200710036e+00,8.860087844222e-01
4.016200810041e+00,8.861054343457e-01
4.018200910046e+00,8.862148389379e-01
4.020201010051e+00,8.863369812547e-01
4.022201110056e+00,8.864718393564e-01
4.024201210061e+00,8.866193863342e-01
4.026201310066e+00,8.867795903420e-01
4.028201410071e+00,8.869524146306e-01
4.030201510076e+00,8.871378175881e-01
4.032201610081e+00,8.873357527791e-01
4.034201710086e+00,8.875461689908e-01
4.036201810091e+00,8.877690102834e-01
4.038201910096e+00,8.880042160423e-01
4.040202010101e+00,8.882517210343e-01
4.042202110106e+00,8.885114554674e-01
4.044202210111e+00,8.887833450528e-01
4.046202310116e+00,8.890673110706e-01
4.048202410121e+00,8.893632704381e-01
4.050202510126e+00,8.896711357810e-01
4.052202610131e+00,8.899908155076e-01
4.054202710136e+00,8.903222138862e-01
4.056202810141e+00,8.906652311242e-01
4.058202910146e+00,8.910197634515e-01
4.060203010151e+00,8.913857032031e-01
4.062203110156e+00,8.917629389019e-01
4.064203210161e+00,8.921513553512e-01
4.066203310166e+00,8.925508337228e-01
4.068203410171e+00,8.929612516495e-01
4.070203510176e+00,8.933824833179e-01
4.072203610181e+00,8.938143995633e-01
4.074203710186e+00,8.942568679662e-01
4.076203810191e+00,8.947097529489e-01
4.078203910196e+00,8.951729158747e-01
4.080204010201e+00,8.956462151467e-01
4.082204110206e+00,8.961295063087e-01
4.084204210211e+00,8.966226421458e-01
4.086204310216e+00,8.971254727863e-01
4.088204410221e+00,8.976378458040e-01
4.090204510226e+00,8.981596063190e-01
4.092204610231e+00,8.986905971011e-01
4.094204710236e+00,8.992306586729e-01
4.096204810241e+00,8.997796294119e-01
4.098204910246e+00,9.003373456528e-01
4.100205010251e+00,9.009036417899e-01
4.102205110256e+00,9.014783503788e-01
4.104205210261e+00,9.020613022379e-01
4.106205310266e+00,9.026523265493e-01
4.108205410271e+00,9.032512509587e-01
4.110205510276e+00,9.038579016751e-01
4.112205610281e+00,9.044721035690e-01
4.114205710286e+00,9.050936802702e-01
4.116205810291e+00,9.057224542638e-01
4.118205910296e+00,9.063582469871e-01
4.120206010301e+00,9.070008789228e-01
4.122206110306e+00,9.076501696929e-01
4.124206210311e+00,9.083059381498e-01
4.126206310316e+00,9.089680024675e-01
4.128206410321e+00,9.096361802298e-01
4.130206510326e+00,9.103102885186e-01
4.132206610331e+00,9.109901439997e-01
4.134206710336e+00,9.116755630073e-01
4.136206810341e+00,9.123663616271e-01
4.138206910346e+00,9.130623557775e-01
4.140207010351e+00,9.137633612893e-01
4.142207110356e+00,9.144691939827e-01
4.144207210361e+00,9.151796697433e-01
4.146207310366e+00,9.158946045963e-01
4.148207410371e+00,9.166138147806e-01
4.150207510376e+00,9.173371168183e-01
4.152207610381e+00,9.180643275836e-01
4.154207710386e+00,9.187952643698e-01
4.156207810391e+00,9.195297449543e-01
4.158207910396e+00,9.202675876618e-01
4.160208010401e+00,9.210086114256e-01
4.162208110406e+00,9.217526358476e-01
4.164208210411e+00,9.224994812553e-01
4.166208310416e+00,9.232489687586e-01
4.168208410421e+00,9.240009203031e-01
4.170208510426e+00,9.247551587229e-01
4.172208610431e+00,9.255115077902e-01
4.174208710436e+00,9.262697922637e-01
4.176208810441e+00,9.270298379351e-01
4.178208910446e+00,9.277914716732e-01
4.180209010451e+00,9.285545214673e-01
4.182209110456e+00,9.293188164722e-01
4.184209210461e+00,9.300841870431e-01
4.186209310466e+00,9.308504647761e-01
4.188209410471e+00,9.316174825435e-01
4.190209510476e+00,9.323850745284e-01
4.192209610481e+00,9.331530762577e-01
4.194209710486e+00,9.339213246331e-01
4.196209810491e+00,9.346896579613e-01
4.198209910496e+00,9.354579159819e-01
4.200210010501e+00,9.362259398945e-01
4.202210110506e+00,9.369935723840e-01
4.204210210511e+00,9.377606576444e-01
4.206210310516e+00,9.385270414014e-01
4.208210410521e+00,9.392925709334e-01
4.210210510526e+00,9.400570950908e-01
4.212210610531e+00,9.408204643147e-01
4.214210710536e+00,9.415825306531e-01
4.216210810541e+00,9.423431477764e-01
4.218210910546e+00,9.431021709918e-01
4.220211010551e+00,9.438594572552e-01
4.222211110556e+00,9.446148651886e-01
4.224211210561e+00,9.453682550906e-01
4.226211310566e+00,9.461194889425e-01
4.228211410571e+00,9.468684304184e-01
4.230211510576e+00,9.476149448941e-01
4.232211610581e+00,9.483588994536e-01
4.234211710586e+00,9.491001628951e-01
4.236211810591e+00,9.498386057361e-01
4.238211910596e+00,9.505741002179e-01
4.240212010601e+00,9.513065203089e-01
4.242212110606e+00,9.520357417066e-01
4.244212210611e+00,9.527616418403e-01
4.246212310616e+00,9.534840998710e-01
4.248212410621e+00,9.542029966923e-01
4.250212510626e+00,9.549182149298e-01
4.252212610631e+00,9.556296389400e-01
4.254212710636e+00,9.563371548084e-01
4.256212810641e+00,9.570406503475e-01
4.258212910646e+00,9.577400150930e-01
4.260213010651e+00,9.584351403011e-01
4.262213110656e+00,9.591259189438e-01
4.264213210661e+00,9.598122457049e-01
4.266213310666e+00,9.604940169741e-01
4.268213410671e+00,9.611711308424e-01
4.270213510676e+00,9.618434870952e-01
4.272213610681e+00,9.625109872065e-01
4.274213710686e+00,9.631735343322e-01
4.276213810691e+00,9.638310333022e-01
4.278213910696e+00,9.644833906136e-01
4.280214010701e+00,9.651305144227e-01
4.282214110706e+00,9.657723145367e-01
4.284214210711e+00,9.664087024055e-01
4.286214310716e+00,9.670395911127e-01
4.288214410721e+00,9.676648953672e-01
4.290214510726e+00,9.682845314934e-01
4.292214610731e+00,9.688984174222e-01
4.294214710736e+00,9.695064726815e-01
4.296214810741e+00,9.701086183862e-01
4.298214910746e+00,9.707047772284e-01
4.300215010751e+00,9.712948734677e-01
4.302215110756e+00,9.718788329204e-01
4.304215210761e+00,9.724565829496e-01
4.306215310766e+00,9.730280524548e-01
4.308215410771e+00,9.735931718614e-01
4.310215510776e+00,9.741518731101e-01
4.312215610781e+00,9.747040896463e-01
4.314215710786e+00,9.752497564094e-01
4.316215810791e+00,9.757888098224e-01
4.318215910796e+00,9.763211877808e-01
4.320216010801e+00,9.768468296421e-01
4.322216110806e+00,9.773656762148e-01
4.324216210811e+00,9.778776697482e-01
4.326216310816e+00,9.783827539211e-01
4.328216410821e+00,9.788808738316e-01
4.330216510826e+00,9.793719759860e-01
4.332216610831e+00,9.798560082886e-01
4.334216710836e+00,9.803329200309e-01
4.336216810841e+00,9.808026618811e-01
4.338216910846e+00,9.812651858740e-01
4.340217010851e+00,9.817204453999e-01
4.342217110856e+00,9.821683951954e-01
4.344217210861e+00,9.826089913322e-01
4.346217310866e+00,9.830421912077e-01
4.348217410871e+00,9.834679535347e-01
4.350217510876e+00,9.838862383314e-01
4.352217610881e+00,9.842970069121e-01
4.354217710886e+00,9.847002218768e-01
4.356217810891e+00,9.850958471024e-01
4.358217910896e+00,9.854838477329e-01
4.360218010901e+00,9.858641901700e-01
4.362218110906e+00,9.862368420645e-01
4.364218210911e+00,9.866017723066e-01
4.366218310916e+00,9.869589510175e-01
4.368218410921e+00,9.873083495404e-01
4.370218510926e+00,9.876499404322e-01
4.372218610931e+00,9.879836974547e-01
4.374218710936e+00,9.883095955666e-01
4.376218810941e+00,9.886276109153e-01
4.378218910946e+00,9.889377208288e-01
4.380219010951e+00,9.892399038081e-01
4.382219110956e+00,9.895341395197e-01
4.384219210961e+00,9.898204087875e-01
4.386219310966e+00,9.900986935865e-01
4.388219410971e+00,9.903689770346e-01
4.390219510976e+00,9.906312433860e-01
4.392219610981e+00,9.908854780247e-01
4.394219710986e+00,9.911316674576e-01
4.396219810991e+00,9.913697993079e-01
4.398219910996e+00,9.915998623091e-01
4.400220011001e+00,9.918218462988e-01
4.402220111006e+00,9.920357422126e-01
4.404220211011e+00,9.922415420787e-01
4.406220311016e+00,9.924392390118e-01
4.408220411021e+00,9.926288272081e-01
4.410220511026e+00,9.928103019397e-01
4.412220611031e+00,9.929836595500e-01
4.414220711036e+00,9.931488974483e-01
4.416220811041e+00,9.933060141053e-01
4.418220911046e+00,9.934550090486e-01
4.420221011051e+00,9.935958828582e-01
4.422221111056e+00,9.937286371626e-01
4.424221211061e+00,9.938532746343e-01
4.426221311066e+00,9.939697989865e-01
4.428221411071e+00,9.940782149693e-01
4.430221511076e+00,9.941785283655e-01
4.432221611081e+00,9.942707459880e-01
4.434221711086e+00,9.943548756761e-01
4.436221811091e+00,9.944309262930e-01
4.438221911096e+00,9.944989077227e-01
4.440222011101e+00,9.945588308671e-01
4.442222111106e+00,9.946107076440e-01
4.444222211111e+00,9.946545509841e-01
4.446222311116e+00,9.946903748292e-01
4.448222411121e+00,9.947181941303e-01
4.450222511126e+00,9.947380248453e-01
4.452222611131e+00,9.947498839373e-01
4.454222711136e+00,9.947537893733e-01
4.456222811141e+00,9.947497601224e-01
4.458222911146e+00,9.947378161548e-01
4.460223011151e+00,9.947179784404e-01
4.462223111156e+00,9.946902689478e-01
4.464223211161e+00,9.946547106438e-01
4.466223311166e+00,9.946113274921e-01
4.468223411171e+00,9.945601444532e-01
4.470223511176e+00,9.945011874837e-01
4.472223611181e+00,9.944344835361e-01
4.474223711186e+00,9.943600605587e-01
4.476223811191e+00,9.942779474950e-01
4.478223911196e+00,9.941881742835e-01
4.480224011201e+00,9.940907718590e-01
4.482224111206e+00,9.939857721516e-01
4.484224211211e+00,9.938732080883e-01
4.486224311216e+00,9.937531135922e-01
4.488224411221e+00,9.936255235841e-01
4.490224511226e+00,9.934904739828e-01
4.492224611231e+00,9.933480017054e-01
4.494224711236e+00,9.931981446691e-01
4.496224811241e+00,9.930409417912e-01
4.498224911246e+00,9.928764329910e-01
4.500225011251e+00,9.927046591900e-01
4.502225111256e+00,9.925256623140e-01
4.504225211261e+00,9.923394852934e-01
4.506225311266e+00,9.921461720656e-01
4.508225411271e+00,9.919457675753e-01
4.510225511276e+00,9.917383177767e-01
4.512225611281e+00,9.915238696350e-01
4.514225711286e+00,9.913024711271e-01
4.516225811291e+00,9.910741712441e-01
4.518225911296e+00,9.908390199925e-01
4.520226011301e+00,9.905970683958e-01
4.522226111306e+00,9.903483684964e-01
4.524226211311e+00,9.900929733570e-01
4.526226311316e+00,9.898309370626e-01
4.528226411321e+00,9.895623147219e-01
4.530226511326e+00,9.892871624695e-01
4.532226611331e+00,9.890055374668e-01
4.534226711336e+00,9.887174979046e-01
4.536226811341e+00,9.884231030041e-01
4.538226911346e+00,9.881224130190e-01
4.540227011351e+00,9.878154892367e-01
4.542227111356e+00,9.875023939802e-01
4.544227211361e+00,9.871831906097e-01
4.546227311366e+00,9.868579435238e-01
4.548227411371e+00,9.865267181610e-01
4.550227511376e+00,9.861895810013e-01
4.552227611381e+00,9.858465995672e-01
4.554227711386e+00,9.854978424250e-01
4.556227811391e+00,9.851433791862e-01
4.558227911396e+00,9.847832805078e-01
4.560228011401e+00,9.844176180941e-01
4.562228111406e+00,9.840464646966e-01
4.564228211411e+00,9.836698941155e-01
4.566228311416e+00,9.832879811996e-01
4.568228411421e+00,9.829008018470e-01
4.570228511426e+00,9.825084330054e-01
4.572228611431e+00,9.821109526718e-01
4.574228711436e+00,9.817084398929e-01
4.576228811441e+00,9.813009747645e-01
4.578228911446e+00,9.808886384311e-01
4.580229011451e+00,9.804715130852e-01
4.582229111456e+00,9.800496819666e-01
4.584229211461e+00,9.796232293613e-01
4.586229311466e+00,9.791922405998e-01
4.588229411471e+00,9.787568020562e-01
4.590229511476e+00,9.783170011457e-01
4.592229611481e+00,9.778729263230e-01
4.594229711486e+00,9.774246670798e-01
4.596229811491e+00,9.769723139421e-01
4.598229911496e+00,9.765159584674e-01
4.600230011501e+00,9.760556932415e-01
4.602230111506e+00,9.755916118747e-01
4.604230211511e+00,9.751238089983e-01
4.606230311516e+00,9.746523802601e-01
4.608230411521e+00,9.741774223197e-01
4.610230511526e+00,9.736990328440e-01
4.612230611531e+00,9.732173105016e-01
4.614230711536e+00,9.727323549573e-01
4.616230811541e+00,9.722442668658e-01
4.618230911546e+00,9.717531478653e-01
4.620231011551e+00,9.712591005704e-01
4.622231111556e+00,9.707622285650e-01
4.624231211561e+00,9.702626363943e-01
4.626231311566e+00,9.697604295568e-01
4.628231411571e+00,9.692557144951e-01
4.630231511576e+00,9.687485985872e-01
4.632231611581e+00,9.682391901365e-01
4.634231711586e+00,9.677275983616e-01
4.636231811591e+00,9.672139333857e-01
4.638231911596e+00,9.666983062250e-01
4.640232011601e+00,9.661808287771e-01
4.642232111606e+00,9.656616138082e-01
4.644232211611e+00,9.651407749414e-01
4.646232311616e+00,9.646184266418e-01
4.648232411621e+00,9.640946842032e-01
4.650232511626e+00,9.635696637336e-01
4.652232611631e+00,9.630434821391e-01
4.654232711636e+00,9.625162571088e-01
4.656232811641e+00,9.619881070975e-01
4.658232911646e+00,9.614591513090e-01
4.660233011651e+00,9.609295096779e-01
4.662233111656e+00,9.603993028517e-01
4.664233211661e+00,9.598686521712e-01
4.666233311666e+00,9.593376796512e-01
4.668233411671e+00,9.588065079597e-01
4.670233511676e+00,9.582752603969e-01
4.672233611681e+00,9.577440608733e-01
4.674233711686e+00,9.572130338872e-01
4.676233811691e+00,9.566823045011e-01
4.678233911696e+00,9.561519983177e-01
4.680234011701e+00,9.556222414549e-01
4.682234111706e+00,9.550931605198e-01
4.684234211711e+00,9.545648825837e-01
4.686234311716e+00,9.540375351576e-01
4.688234411721e+00,9.535112461599e-01
4.690234511726e+00,9.529861438908e-01
4.692234611731e+00,9.524623570032e-01
4.694234711736e+00,9.519400144726e-01
4.696234811741e+00,9.514192455662e-01
4.698234911746e+00,9.509001798116e-01
4.700235011751e+00,9.503829469644e-01
4.702235111756e+00,9.498676769760e-01
4.704235211761e+00,9.493544999598e-01
4.706235311766e+00,9.488435461575e-01
4.708235411771e+00,9.483349459039e-01
4.710235511776e+00,9.478288295920e-01
4.712235611781e+00,9.473253276366e-01
4.714235711786e+00,9.468245704377e-01
4.716235811791e+00,9.463266883424e-01
4.718235911796e+00,9.458318116075e-01
4.720236011801e+00,9.453400703595e-01
4.722236111806e+00,9.448515945556e-01
4.724236211811e+00,9.443665139427e-01
4.726236311816e+00,9.438849580162e-01
4.728236411821e+00,9.434070559779e-01
4.730236511826e+00,9.429329366929e-01
4.732236611831e+00,9.424627286463e-01
4.734236711836e+00,9.419965599025e-01
4.736236811841e+00,9.415345580754e-01
4.738236911846e+00,9.410768502644e-01
4.740237011851e+00,9.406235630160e-01
4.742237111856e+00,9.401748222787e-01
4.744237211861e+00,9.397307533584e-01
4.746237311866e+00,9.392914808716e-01
4.748237411871e+00,9.388571286997e-01
4.750237511876e+00,9.384278199423e-01
4.752237611881e+00,9.380036768700e-01
4.754237711886e+00,9.375848208777e-01
4.756237811891e+00,9.371713724368e-01
4.758237911896e+00,9.367634510475e-01
4.760238011901e+00,9.363611751914e-01
4.762238111906e+00,9.359646622826e-01
4.764238211911e+00,9.355740286203e-01
4.766238311916e+00,9.351893893398e-01
4.768238411921e+00,9.348108583644e-01
4.770238511926e+00,9.344385483575e-01
4.772238611931e+00,9.340725706751e-01
4.774238711936e+00,9.337130353165e-01
4.776238811941e+00,9.333600508763e-01
4.778238911946e+00,9.330137244968e-01
4.780239011951e+00,9.326741618203e-01
4.782239111956e+00,9.323414669419e-01
4.784239211961e+00,9.320157423616e-01
4.786239311966e+00,9.316970889383e-01
4.788239411971e+00,9.313856058426e-01
4.790239511976e+00,9.310813905113e-01
4.792239611981e+00,9.307845386012e-01
4.794239711986e+00,9.304951439446e-01
4.796239811991e+00,9.302132985043e-01
4.798239911996e+00,9.299390923299e-01
4.800240012001e+00,9.296726135145e-01
4.802240112006e+00,9.294139481521e-01
4.804240212011e+00,9.291631802956e-01
4.806240312016e+00,9.289203919153e-01
4.808240412021e+00,9.286856628589e-01
4.810240512026e+00,9.284590708119e-01
4.812240612031e+00,9.282406912590e-01
4.814240712036e+00,9.280305974468e-01
4.816240812041e+00,9.278288603467e-01
4.818240912046e+00,9.276355486195e-01
4.820241012051e+00,9.274507285811e-01
4.822241112056e+00,9.272744641683e-01
4.824241212061e+00,9.271068169067e-01
4.826241312066e+00,9.269478458796e-01
4.828241412071e+00,9.267976076980e-01
4.830241512076e+00,9.266561564719e-01
4.832241612081e+00,9.265235437831e-01
4.834241712086e+00,9.263998186596e-01
4.836241812091e+00,9.262850275509e-01
4.838241912096e+00,9.261792143024e-01
4.840242012101e+00,9.260824201352e-01
4.842242112106e+00,9.259946836256e-01
4.844242212111e+00,9.259160406854e-01
4.846242312116e+00,9.258465245446e-01
4.848242412121e+00,9.257861657355e-01
4.850242512126e+00,9.257349920778e-01
4.852242612131e+00,9.256930286655e-01
4.854242712136e+00,9.256602978553e-01
4.856242812141e+00,9.256368192565e-01
4.858242912146e+00,9.256226097227e-01
4.860243012151e+00,9.256176833451e-01
4.862243112156e+00,9.256220514470e-01
4.864243212161e+00,9.256357225812e-01
4.866243312166e+00,9.256587025284e-01
4.868243412171e+00,9.256909942945e-01
4.870243512176e+00,9.257325981128e-01
4.872243612181e+00,9.257835114473e-01
4.874243712186e+00,9.258437289967e-01
4.876243812191e+00,9.259132427010e-01
4.878243912196e+00,9.259920417486e-01
4.880244012201e+00,9.260801125860e-01
4.882244112206e+00,9.261774389278e-01
4.884244212211e+00,9.262840017700e-01
4.886244312216e+00,9.263997794025e-01
4.888244412221e+00,9.265247474256e-01
4.890244512226e+00,9.266588787661e-01
4.892244612231e+00,9.268021436964e-01
4.894244712236e+00,9.269545098544e-01
4.896244812241e+00,9.271159422651e-01
4.898244912246e+00,9.272864033625e-01
4.900245012251e+00,9.274658530127e-01
4.902245112256e+00,9.276542485411e-01
4.904245212261e+00,9.278515447582e-01
4.906245312266e+00,9.280576939881e-01
4.908245412271e+00,9.282726460974e-01
4.910245512276e+00,9.284963485264e-01
4.912245612281e+00,9.287287463203e-01
4.914245712286e+00,9.289697821620e-01
4.916245812291e+00,9.292193964060e-01
4.918245912296e+00,9.294775271138e-01
4.920246012301e+00,9.297441100891e-01
4.922246112306e+00,9.300190789159e-01
4.924246212311e+00,9.303023649960e-01
4.926246312316e+00,9.305938975883e-01
4.928246412321e+00,9.308936038494e-01
4.930246512326e+00,9.312014088740e-01
4.932246612331e+00,9.315172357336e-01
4.934246712336e+00,9.318410055214e-01
4.936246812341e+00,9.321726373945e-01
4.938246912346e+00,9.325120486175e-01
4.940247012351e+00,9.328591546065e-01
4.942247112356e+00,9.332138689738e-01
4.944247212361e+00,9.335761035732e-01
4.946247312366e+00,9.339457685456e-01
4.948247412371e+00,9.343227723652e-01
4.950247512376e+00,9.347070218855e-01
4.952247612381e+00,9.350984223868e-01
4.954247712386e+00,9.354968776228e-01
4.956247812391e+00,9.359022898683e-01
4.958247912396e+00,9.363145599666e-01
4.960248012401e+00,9.367335873777e-01
4.962248112406e+00,9.371592702261e-01
4.964248212411e+00,9.375915053483e-01
4.966248312416e+00,9.380301883408e-01
4.968248412421e+00,9.384752136086e-01
4.970248512426e+00,9.389264744133e-01
4.972248612431e+00,9.393838629205e-01
4.974248712436e+00,9.398472702481e-01
4.976248812441e+00,9.403165865137e-01
4.978248912446e+00,9.407917008825e-01
4.980249012451e+00,9.412725016141e-01
4.982249112456e+00,9.417588761099e-01
4.984249212461e+00,9.422507109599e-01
4.986249312466e+00,9.427478919894e-01
4.988249412471e+00,9.432503043046e-01
4.990249512476e+00,9.437578323390e-01
4.992249612481e+00,9.442703598982e-01
4.994249712486e+00,9.447877702053e-01
4.996249812491e+00,9.453099459449e-01
4.998249912496e+00,9.458367693080e-01
5.000250012501e+00,9.463681220351e-01
5.002250112506e+00,9.469038854594e-01
5.004250212511e+00,9.474439405492e-01
5.006250312516e+00,9.479881679499e-01
5.008250412521e+00,9.485364480252e-01
5.010250512526e+00,9.490886608984e-01
5.012250612531e+00,9.496446864919e-01
5.014250712536e+00,9.502044045672e-01
5.016250812541e+00,9.507676947640e-01
5.018250912546e+00,9.513344366383e-01
5.020251012551e+00,9.519045096999e-01
5.022251112556e+00,9.524777934497e-01
5.024251212561e+00,9.530541674156e-01
5.026251312566e+00,9.536335111880e-01
5.028251412571e+00,9.542157044546e-01
5.030251512576e+00,9.548006270340e-01
5.032251612581e+00,9.553881589100e-01
5.034251712586e+00,9.559781802652e-01
5.036251812591e+00,9.565705715108e-01
5.038251912596e+00,9.571652133196e-01
5.040252012601e+00,9.577619866554e-01
5.042252112606e+00,9.583607728033e-01
5.044252212611e+00,9.589614533985e-01
5.046252312616e+00,9.595639104545e-01
5.048252412621e+00,9.601680263906e-01
5.050252512626e+00,9.607736840592e-01
5.052252612631e+00,9.613807667714e-01
5.054252712636e+00,9.619891583228e-01
5.056252812641e+00,9.625987430179e-01
5.058252912646e+00,9.632094056941e-01
5.060253012651e+00,9.638210317450e-01
5.062253112656e+00,9.644335071426e-01
5.064253212661e+00,9.650467184589e-01
5.066253312666e+00,9.656605528868e-01
5.068253412671e+00,9.662748982603e-01
5.070253512676e+00,9.668896430737e-01
5.072253612681e+00,9.675046765034e-01
5.074253712686e+00,9.681198884240e-01
5.076253812691e+00,9.687351694257e-01
5.078253912696e+00,9.693504108321e-01
5.080254012701e+00,9.699655047162e-01
5.082254112706e+00,9.705803439160e-01
5.084254212711e+00,9.711948220497e-01
5.086254312716e+00,9.718088335295e-01
5.088254412721e+00,9.724222735762e-01
5.090254512726e+00,9.730350382318e-01
5.092254612731e+00,9.736470243726e-01
5.094254712736e+00,9.742581297208e-01
5.096254812741e+00,9.748682528566e-01
5.098254912746e+00,9.754772932289e-01
5.100255012751e+00,9.760851511656e-01
5.102255112756e+00,9.766917278835e-01
5.104255212761e+00,9.772969254979e-01
5.106255312766e+00,9.779006470308e-01
5.108255412771e+00,9.785027964195e-01
5.110255512776e+00,9.791032785240e-01
5.112255612781e+00,9.797019991343e-01
5.114255712786e+00,9.802988649769e-01
5.116255812791e+00,9.808937837207e-01
5.118255912796e+00,9.814866639828e-01
5.120256012801e+00,9.820774153376e-01
5.122256112806e+00,9.826659483212e-01
5.124256212811e+00,9.832521744325e-01
5.126256312816e+00,9.838360061390e-01
5.128256412821e+00,9.844173568812e-01
5.130256512826e+00,9.849961410757e-01
5.132256612831e+00,9.855722741185e-01
5.134256712836e+00,9.861456723875e-01
5.136256812841e+00,9.867162532453e-01
5.138256912846e+00,9.872839350413e-01
5.140257012851e+00,9.878486371129e-01
5.142257112856e+00,9.884102797878e-01
5.144257212861e+00,9.889687843845e-01
5.146257312866e+00,9.895240732134e-01
5.148257412871e+00,9.900760695775e-01
5.150257512876e+00,9.906246977723e-01
5.152257612881e+00,9.911698830862e-01
5.154257712886e+00,9.917115518001e-01
5.156257812891e+00,9.922496311874e-01
5.158257912896e+00,9.927840495126e-01
5.160258012901e+00,9.933147360309e-01
5.162258112906e+00,9.938416209872e-01
5.164258212911e+00,9.943646356142e-01
5.166258312916e+00,9.948837121312e-01
5.168258412921e+00,9.953987837426e-01
5.170258512926e+00,9.959097846356e-01
5.172258612931e+00,9.964166499784e-01
5.174258712936e+00,9.969193159180e-01
5.176258812941e+00,9.974177195775e-01
5.178258912946e+00,9.979117990540e-01
5.180259012951e+00,9.984014934158e-01
5.182259112956e+00,9.988867426993e-01
5.184259212961e+00,9.993674879065e-01
5.186259312966e+00,9.998436710017e-01
5.188259412971e+00,1.000315234908e+00
5.190259512976e+00,1.000782123506e+00
5.192259612981e+00,1.001244281626e+00
5.194259712986e+00,1.001701655051e+00
5.196259812991e+00,1.002154190507e+00
5.198259912996e+00,1.002601835663e+00
5.200260013001e+00,1.003044539126e+00
5.202260113006e+00,1.003482250439e+00
5.204260213011e+00,1.003914920074e+00
5.206260313016e+00,1.004342499430e+00
5.208260413021e+00,1.004764940831e+00
5.210260513026e+00,1.005182197518e+00
5.212260613031e+00,1.005594223649e+00
5.214260713036e+00,1.006000974291e+00
5.216260813041e+00,1.006402405419e+00
5.218260913046e+00,1.006798473911e+00
5.220261013051e+00,1.007189137546e+00
5.222261113056e+00,1.007574354993e+00
5.224261213061e+00,1.007954085816e+00
5.226261313066e+00,1.008328290463e+00
5.228261413071e+00,1.008696930266e+00
5.230261513076e+00,1.009059967434e+00
5.232261613081e+00,1.009417365051e+00
5.234261713086e+00,1.009769087071e+00
5.236261813091e+00,1.010115098313e+00
5.238261913096e+00,1.010455364458e+00
5.240262013101e+00,1.010789852046e+00
5.242262113106e+00,1.011118528469e+00
5.244262213111e+00,1.011441361971e+00
5.246262313116e+00,1.011758321639e+00
5.248262413121e+00,1.012069377404e+00
5.250262513126e+00,1.012374500033e+00
5.252262613131e+00,1.012673661129e+00
5.254262713136e+00,1.012966833122e+00
5.256262813141e+00,1.013253989271e+00
5.258262913146e+00,1.013535103657e+00
5.260263013151e+00,1.013810151179e+00
5.262263113156e+00,1.014079107551e+00
5.264263213161e+00,1.014341949299e+00
5.266263313166e+00,1.014598653758e+00
5.268263413171e+00,1.014849199064e+00
5.270263513176e+00,1.015093564157e+00
5.272263613181e+00,1.015331728774e+00
5.274263713186e+00,1.015563673446e+00
5.276263813191e+00,1.015789379493e+00
5.278263913196e+00,1.016008829025e+00
5.280264013201e+00,1.016222004936e+00
5.282264113206e+00,1.016428890901e+00
5.284264213211e+00,1.016629471372e+00
5.286264313216e+00,1.016823731580e+00
5.288264413221e+00,1.017011657525e+00
5.290264513226e+00,1.017193235979e+00
5.292264613231e+00,1.017368454478e+00
5.294264713236e+00,1.017537301326e+00
5.296264813241e+00,1.017699765586e+00
5.298264913246e+00,1.017855837080e+00
5.300265013251e+00,1.018005506389e+00
5.302265113256e+00,1.018148764846e+00
5.304265213261e+00,1.018285604536e+00
5.306265313266e+00,1.018416018295e+00
5.308265413271e+00,1.018539999705e+00
5.310265513276e+00,1.018657543094e+00
5.312265613281e+00,1.018768643534e+00
5.314265713286e+00,1.018873296839e+00
5.316265813291e+00,1.018971499559e+00
5.318265913296e+00,1.019063248986e+00
5.320266013301e+00,1.019148543147e+00
5.322266113306e+00,1.019227380801e+00
5.324266213311e+00,1.019299761442e+00
5.326266313316e+00,1.019365685297e+00
5.328266413321e+00,1.019425153320e+00
5.330266513326e+00,1.019478167194e+00
5.332266613331e+00,1.019524729332e+00
5.334266713336e+00,1.019564842871e+00
5.336266813341e+00,1.019598511673e+00
5.338266913346e+00,1.019625740327e+00
5.340267013351e+00,1.019646534142e+00
5.342267113356e+00,1.019660899151e+00
5.344267213361e+00,1.019668842107e+00
5.346267313366e+00,1.019670370487e+00
5.348267413371e+00,1.019665492484e+00
5.350267513376e+00,1.019654217015e+00
5.352267613381e+00,1.019636553713e+00
5.354267713386e+00,1.019612512931e+00
5.356267813391e+00,1.019582105740e+00
5.358267913396e+00,1.019545343929e+00
5.360268013401e+00,1.019502240006e+00
5.362268113406e+00,1.019452807194e+00
5.364268213411e+00,1.019397059436e+00
5.366268313416e+00,1.019335011392e+00
5.368268413421e+00,1.019266678439e+00
5.370268513426e+00,1.019192076672e+00
5.372268613431e+00,1.019111222905e+00
5.374268713436e+00,1.019024134668e+00
5.376268813441e+00,1.018930830211e+00
5.378268913446e+00,1.018831328503e+00
5.380269013451e+00,1.018725649230e+00
5.382269113456e+00,1.018613812800e+00
5.384269213461e+00,1.018495840340e+00
5.386269313466e+00,1.018371753698e+00
5.388269413471e+00,1.018241575444e+00
5.390269513476e+00,1.018105328869e+00
5.392269613481e+00,1.017963037985e+00
5.394269713486e+00,1.017814727533e+00
5.396269813491e+00,1.017660422971e+00
5.398269913496e+00,1.017500150489e+00
5.400270013501e+00,1.017333936999e+00
5.402270113506e+00,1.017161810140e+00
5.404270213511e+00,1.016983798281e+00
5.406270313516e+00,1.016799930518e+00
5.408270413521e+00,1.016610236679e+00
5.410270513526e+00,1.016414747319e+00
5.412270613531e+00,1.016213493731e+00
5.414270713536e+00,1.016006507936e+00
5.416270813541e+00,1.015793822691e+00
5.418270913546e+00,1.015575471490e+00
5.420271013551e+00,1.015351488562e+00
5.422271113556e+00,1.015121908875e+00
5.424271213561e+00,1.014886768134e+00
5.426271313566e+00,1.014646102786e+00
5.428271413571e+00,1.014399950020e+00
5.430271513576e+00,1.014148347767e+00
5.432271613581e+00,1.013891334700e+00
5.434271713586e+00,1.013628950239e+00
5.436271813591e+00,1.013361234552e+00
5.438271913596e+00,1.013088228551e+00
5.440272013601e+00,1.012809973898e+00
5.442272113606e+00,1.012526513006e+00
5.444272213611e+00,1.012237889039e+00
5.446272313616e+00,1.011944145911e+00
5.448272413621e+00,1.011645328291e+00
5.450272513626e+00,1.011341481602e+00
5.452272613631e+00,1.011032652022e+00
5.454272713636e+00,1.010718886487e+00
5.456272813641e+00,1.010400232689e+00
5.458272913646e+00,1.010076739077e+00
5.460273013651e+00,1.009748454861e+00
5.462273113656e+00,1.009415430011e+00
5.464273213661e+00,1.009077715256e+00
5.466273313666e+00,1.008735362089e+00
5.468273413671e+00,1.008388422762e+00
5.470273513676e+00,1.008036950292e+00
5.472273613681e+00,1.007680998457e+00
5.474273713686e+00,1.007320621800e+00
5.476273813691e+00,1.006955875628e+00
5.478273913696e+00,1.006586816011e+00
5.480274013701e+00,1.006213499782e+00
5.482274113706e+00,1.005835984541e+00
5.484274213711e+00,1.005454328650e+00
5.486274313716e+00,1.005068591234e+00
5.488274413721e+00,1.004678832185e+00
5.490274513726e+00,1.004285112155e+00
5.492274613731e+00,1.003887492559e+00
5.494274713736e+00,1.003486035576e+00
5.496274813741e+00,1.003080804143e+00
5.498274913746e+00,1.002671861960e+00
5.500275013751e+00,1.002259273485e+00
5.502275113756e+00,1.001843103932e+00
5.504275213761e+00,1.001423419274e+00
5.506275313766e+00,1.001000286237e+00
5.508275413771e+00,1.000573772302e+00
5.510275513776e+00,1.000143945698e+00
5.512275613781e+00,9.997108754057e-01
5.514275713786e+00,9.992746311513e-01
5.516275813791e+00,9.988352834051e-01
5.518275913796e+00,9.983929033790e-01
5.520276013801e+00,9.979475630234e-01
5.522276113806e+00,9.974993350242e-01
5.524276213811e+00,9.970482927993e-01
5.526276313816e+00,9.965945104949e-01
5.528276413821e+00,9.961380629821e-01
5.530276513826e+00,9.956790258524e-01
5.532276613831e+00,9.952174754139e-01
5.534276713836e+00,9.947534886861e-01
5.536276813841e+00,9.942871433958e-01
5.538276913846e+00,9.938185179716e-01
5.540277013851e+00,9.933476915387e-01
5.542277113856e+00,9.928747439133e-01
5.544277213861e+00,9.923997555964e-01
5.546277313866e+00,9.919228077682e-01
5.548277413871e+00,9.914439822809e-01
5.550277513876e+00,9.909633616520e-01
5.552277613881e+00,9.904810290581e-01
5.554277713886e+00,9.899970683262e-01
5.556277813891e+00,9.895115639269e-01
5.558277913896e+00,9.890246009659e-01
5.560278013901e+00,9.885362651757e-01
5.562278113906e+00,9.880466429069e-01
5.564278213911e+00,9.875558211188e-01
5.566278313916e+00,9.870638873701e-01
5.568278413921e+00,9.865709298092e-01
5.570278513926e+00,9.860770371637e-01
5.572278613931e+00,9.855822987304e-01
5.574278713936e+00,9.850868043639e-01
5.576278813941e+00,9.845906444656e-01
5.578278913946e+00,9.840939099719e-01
5.580279013951e+00,9.835966923423e-01
5.582279113956e+00,9.830990835469e-01
5.584279213961e+00,9.826011760533e-01
5.586279313966e+00,9.821030628133e-01
5.588279413971e+00,9.816048372494e-01
5.590279513976e+00,9.811065932404e-01
5.592279613981e+00,9.806084251065e-01
5.594279713986e+00,9.801104275946e-01
5.596279813991e+00,9.796126958648e-01
5.598279913996e+00,9.791153254727e-01
5.600280014001e+00,9.786184123533e-01
5.602280114006e+00,9.781220528052e-01
5.604280214011e+00,9.776263434729e-01
5.606280314016e+00,9.771313813298e-01
5.608280414021e+00,9.766372636594e-01
5.610280514026e+00,9.761440880377e-01
5.612280614031e+00,9.756519523137e-01
5.614280714036e+00,9.751609545907e-01
5.616280814041e+00,9.746711932062e-01
5.618280914046e+00,9.741827667123e-01
5.620281014051e+00,9.736957738548e-01
5.622281114056e+00,9.732103135526e-01
5.624281214061e+00,9.727264848765e-01
5.626281314066e+00,9.722443870267e-01
5.628281414071e+00,9.717641193114e-01
5.630281514076e+00,9.712857811235e-01
5.632281614081e+00,9.708094719177e-01
5.634281714086e+00,9.703352911868e-01
5.636281814091e+00,9.698633384375e-01
5.638281914096e+00,9.693937131657e-01
5.640282014101e+00,9.689265148317e-01
5.642282114106e+00,9.684618428342e-01
5.644282214111e+00,9.679997964844e-01
5.646282314116e+00,9.675404749868e-01
5.648282414121e+00,9.670839774087e-01
5.650282514126e+00,9.666304026507e-01
5.652282614131e+00,9.661798494221e-01
5.654282714136e+00,9.657324162133e-01
5.656282814141e+00,9.652882012678e-01
5.658282914146e+00,9.648473025548e-01
5.660283014151e+00,9.644098177400e-01
5.662283114156e+00,9.639758441576e-01
5.664283214161e+00,9.635454787813e-01
5.666283314166e+00,9.631188181948e-01
5.668283414171e+00,9.626959585628e-01
5.670283514176e+00,9.622769956008e-01
5.672283614181e+00,9.618620245455e-01
5.674283714186e+00,9.614511401244e-01
5.676283814191e+00,9.610444365254e-01
5.678283914196e+00,9.606420073663e-01
5.680284014201e+00,9.602439456634e-01
5.682284114206e+00,9.598503438009e-01
5.684284214211e+00,9.594612934993e-01
5.686284314216e+00,9.590768857854e-01
5.688284414221e+00,9.586972109613e-01
5.690284514226e+00,9.583223585715e-01
5.692284614231e+00,9.579524173720e-01
5.694284714236e+00,9.575874752989e-01
5.696284814241e+00,9.572276194366e-01
5.698284914246e+00,9.568729359866e-01
5.700285014251e+00,9.565235102358e-01
5.702285114256e+00,9.561794265250e-01
5.704285214261e+00,9.558407682175e-01
5.706285314266e+00,9.555076176676e-01
5.708285414271e+00,9.551800561897e-01
5.710285514276e+00,9.548581640267e-01
5.712285614281e+00,9.545420203196e-01
5.714285714286e+00,9.542317030762e-01
5.716285814291e+00,9.539272891407e-01
5.718285914296e+00,9.536288541634e-01
5.720286014301e+00,9.533364725701e-01
5.722286114306e+00,9.530502175330e-01
5.724286214311e+00,9.527701609406e-01
5.726286314316e+00,9.524963733686e-01
5.728286414321e+00,9.522289240509e-01
5.730286514326e+00,9.519678808509e-01
5.732286614331e+00,9.517133102338e-01
5.734286714336e+00,9.514652772386e-01
5.736286814341e+00,9.512238454506e-01
5.738286914346e+00,9.509890769751e-01
5.740287014351e+00,9.507610324103e-01
5.742287114356e+00,9.505397708220e-01
5.744287214361e+00,9.503253497179e-01
5.746287314366e+00,9.501178250230e-01
5.748287414371e+00,9.499172510553e-01
5.750287514376e+00,9.497236805023e-01
5.752287614381e+00,9.495371643983e-01
5.754287714386e+00,9.493577521021e-01
5.756287814391e+00,9.491854912754e-01
5.758287914396e+00,9.490204278614e-01
5.760288014401e+00,9.488626060638e-01
5.762288114406e+00,9.487120683288e-01
5.764288214411e+00,9.485688553254e-01
5.766288314416e+00,9.484330059277e-01
5.768288414421e+00,9.483045571976e-01
5.770288514426e+00,9.481835443683e-01
5.772288614431e+00,9.480700008290e-01
5.774288714436e+00,9.479639581094e-01
5.776288814441e+00,9.478654458663e-01
5.778288914446e+00,9.477744918701e-01
5.780289014451e+00,9.476911219928e-01
5.782289114456e+00,9.476153601960e-01
5.784289214461e+00,9.475472285216e-01
5.786289314466e+00,9.474867470812e-01
5.788289414471e+00,9.474339340487e-01
5.790289514476e+00,9.473888056524e-01
5.792289614481e+00,9.473513761671e-01
5.794289714486e+00,9.473216579082e-01
5.796289814491e+00,9.472996612277e-01
5.798289914496e+00,9.472853945101e-01
5.800290014501e+00,9.472788641693e-01
5.802290114506e+00,9.472800746464e-01
5.804290214511e+00,9.472890284092e-01
5.806290314516e+00,9.473057259516e-01
5.808290414521e+00,9.473301657945e-01
5.810290514526e+00,9.473623444876e-01
5.812290614531e+00,9.474022566122e-01
5.814290714536e+00,9.474498947845e-01
5.816290814541e+00,9.475052496610e-01
5.818290914546e+00,9.475683099433e-01
5.820291014551e+00,9.476390623857e-01
5.822291114556e+00,9.477174918026e-01
5.824291214561e+00,9.478035810771e-01
5.826291314566e+00,9.478973111681e-01
5.828291414571e+00,9.479986611228e-01
5.830291514576e+00,9.481076080872e-01
5.832291614581e+00,9.482241273177e-01
5.834291714586e+00,9.483481921950e-01
5.836291814591e+00,9.484797742368e-01
5.838291914596e+00,9.486188431133e-01
5.840292014601e+00,9.487653666624e-01
5.842292114606e+00,9.489193109055e-01
5.844292214611e+00,9.490806400650e-01
5.846292314616e+00,9.492493165816e-01
5.848292414621e+00,9.494253011331e-01
5.850292514626e+00,9.496085526539e-01
5.852292614631e+00,9.497990283547e-01
5.854292714636e+00,9.499966837436e-01
5.856292814641e+00,9.502014726479e-01
5.858292914646e+00,9.504133472364e-01
5.860293014651e+00,9.506322580427e-01
5.862293114656e+00,9.508581539873e-01
5.864293214661e+00,9.510909823999e-01
5.866293314666e+00,9.513306890471e-01
5.868293414671e+00,9.515772181567e-01
5.870293514676e+00,9.518305124429e-01
5.872293614681e+00,9.520905131329e-01
5.874293714686e+00,9.523571599938e-01
5.876293814691e+00,9.526303913590e-01
5.878293914696e+00,9.529101441566e-01
5.880294014701e+00,9.531963539369e-01
5.882294114706e+00,9.534889549009e-01
5.884294214711e+00,9.537878799290e-01
5.886294314716e+00,9.540930606103e-01
5.888294414721e+00,9.544044272717e-01
5.890294514726e+00,9.547219090082e-01
5.892294614731e+00,9.550454337123e-01
5.894294714736e+00,9.553749281051e-01
5.896294814741e+00,9.557103177665e-01
5.898294914746e+00,9.560515271657e-01
5.900295014751e+00,9.563984796912e-01
5.902295114756e+00,9.567510976828e-01
5.904295214761e+00,9.571093024629e-01
5.906295314766e+00,9.574730143671e-01
5.908295414771e+00,9.578421527762e-01
5.910295514776e+00,9.582166361468e-01
5.912295614781e+00,9.585963820436e-01
5.914295714786e+00,9.589813071702e-01
5.916295814791e+00,9.593713274008e-01
5.918295914796e+00,9.597663578117e-01
5.920296014801e+00,9.601663127126e-01
5.922296114806e+00,9.605711056778e-01
5.924296214811e+00,9.609806495778e-01
5.926296314816e+00,9.613948566100e-01
5.928296414821e+00,9.618136383299e-01
5.930296514826e+00,9.622369056823e-01
5.932296614831e+00,9.626645690313e-01
5.934296714836e+00,9.630965381913e-01
5.936296814841e+00,9.635327224577e-01
5.938296914846e+00,9.639730306361e-01
5.940297014851e+00,9.644173710733e-01
5.942297114856e+00,9.648656516862e-01
5.944297214861e+00,9.653177799916e-01
5.946297314866e+00,9.657736631353e-01
5.948297414871e+00,9.662332079208e-01
5.950297514876e+00,9.666963208383e-01
5.952297614881e+00,9.671629080924e-01
5.954297714886e+00,9.676328756308e-01
5.956297814891e+00,9.681061291716e-01
5.958297914896e+00,9.685825742306e-01
5.960298014901e+00,9.690621161485e-01
5.962298114906e+00,9.695446601172e-01
5.964298214911e+00,9.700301112065e-01
5.966298314916e+00,9.705183743891e-01
5.968298414921e+00,9.710093545669e-01
5.970298514926e+00,9.715029565953e-01
5.972298614931e+00,9.719990853091e-01
5.974298714936e+00,9.724976455464e-01
5.976298814941e+00,9.729985421719e-01
5.978298914946e+00,9.735016801010e-01
5.980299014951e+00,9.740069643228e-01
5.982299114956e+00,9.745142999226e-01
5.984299214961e+00,9.750235921039e-01
5.986299314966e+00,9.755347462107e-01
5.988299414971e+00,9.760476677484e-01
5.990299514976e+00,9.765622624051e-01
5.992299614981e+00,9.770784360721e-01
5.994299714986e+00,9.775960948638e-01
5.996299814991e+00,9.781151451377e-01
5.998299914996e+00,9.786354935132e-01
6.000300015001e+00,9.791570468907e-01
6.002300115006e+00,9.796797124697e-01
6.004300215011e+00,9.802033977667e-01
6.006300315016e+00,9.807280106324e-01
6.008300415021e+00,9.812534592688e-01
6.010300515026e+00,9.817796522449e-01
6.012300615031e+00,9.823064985152e-01
6.014300715036e+00,9.828339074342e-01
6.016300815041e+00,9.833617887713e-01
6.018300915046e+00,9.838900527260e-01
6.020301015051e+00,9.844186099422e-01
6.022301115056e+00,9.849473715226e-01
6.024301215061e+00,9.854762490418e-01
6.026301315066e+00,9.860051545595e-01
6.028301415071e+00,9.865340006337e-01
6.030301515076e+00,9.870627003326e-01
6.032301615081e+00,9.875911672471e-01
6.034301715086e+00,9.881193155021e-01
6.036301815091e+00,9.886470597676e-01
6.038301915096e+00,9.891743152701e-01
6.040302015101e+00,9.897009978027e-01
6.042302115106e+00,9.902270237351e-01
6.044302215111e+00,9.907523100236e-01
6.046302315116e+00,9.912767742203e-01
6.048302415121e+00,9.918003344817e-01
6.050302515126e+00,9.923229095776e-01
6.052302615131e+00,9.928444188993e-01
6.054302715136e+00,9.933647824670e-01
6.056302815141e+00,9.938839209372e-01
6.058302915146e+00,9.944017556103e-01
6.060303015151e+00,9.949182084406e-01
6.062303115156e+00,9.954332020398e-01
6.064303215161e+00,9.959466596830e-01
6.066303315166e+00,9.964585053162e-01
6.068303415171e+00,9.969686635608e-01
6.070303515176e+00,9.974770597202e-01
6.072303615181e+00,9.979836197840e-01
6.074303715186e+00,9.984882704331e-01
6.076303815191e+00,9.989909390446e-01
6.078303915196e+00,9.994915536957e-01
6.080304015201e+00,9.999900431683e-01
6.082304115206e+00,1.000486336952e+00
6.084304215211e+00,1.000980365249e+00
6.086304315216e+00,1.001472058975e+00
6.088304415221e+00,1.001961349767e+00
6.090304515226e+00,1.002448169980e+00
6.092304615231e+00,1.002932452694e+00
6.094304715236e+00,1.003414131715e+00
6.096304815241e+00,1.003893141578e+00
6.098304915246e+00,1.004369417547e+00
6.100305015251e+00,1.004842895619e+00
6.102305115256e+00,1.005313512526e+00
6.104305215261e+00,1.005781205731e+00
6.106305315266e+00,1.006245913435e+00
6.108305415271e+00,1.006707574579e+00
6.110305515276e+00,1.007166128838e+00
6.112305615281e+00,1.007621516632e+00
6.114305715286e+00,1.008073679115e+00
6.116305815291e+00,1.008522558184e+00
6.118305915296e+00,1.008968096476e+00
6.120306015301e+00,1.009410237368e+00
6.122306115306e+00,1.009848924977e+00
6.124306215311e+00,1.010284104162e+00
6.126306315316e+00,1.010715720520e+00
6.128306415321e+00,1.011143720389e+00
6.130306515326e+00,1.011568050845e+00
6.132306615331e+00,1.011988659703e+00
6.134306715336e+00,1.012405495517e+00
6.136306815341e+00,1.012818507577e+00
6.138306915346e+00,1.013227645908e+00
6.140307015351e+00,1.013632861272e+00
6.142307115356e+00,1.014034105162e+00
6.144307215361e+00,1.014431329808e+00
6.146307315366e+00,1.014824488168e+00
6.148307415371e+00,1.015213533931e+00
6.150307515376e+00,1.015598421514e+00
6.152307615381e+00,1.015979106063e+00
6.154307715386e+00,1.016355543449e+00
6.156307815391e+00,1.016727690265e+00
6.158307915396e+00,1.017095503829e+00
6.160308015401e+00,1.017458942178e+00
6.162308115406e+00,1.017817964069e+00
6.164308215411e+00,1.018172528974e+00
6.166308315416e+00,1.018522597082e+00
6.168308415421e+00,1.018868129294e+00
6.170308515426e+00,1.019209087224e+00
6.172308615431e+00,1.019545433193e+00
6.174308715436e+00,1.019877130231e+00
6.176308815441e+00,1.020204142073e+00
6.178308915446e+00,1.020526433157e+00
6.180309015451e+00,1.020843968622e+00
6.182309115456e+00,1.021156714307e+00
6.184309215461e+00,1.021464636745e+00
6.186309315466e+00,1.021767703169e+00
6.188309415471e+00,1.022065881499e+00
6.190309515476e+00,1.022359140351e+00
6.192309615481e+00,1.022647449025e+00
6.194309715486e+00,1.022930777510e+00
6.196309815491e+00,1.023209096479e+00
6.198309915496e+00,1.023482377285e+00
6.200310015501e+00,1.023750591963e+00
6.202310115506e+00,1.024013713225e+00
6.204310215511e+00,1.024271714460e+00
6.206310315516e+00,1.024524569727e+00
6.208310415521e+00,1.024772253762e+00
6.210310515526e+00,1.025014741964e+00
6.212310615531e+00,1.025252010405e+00
6.214310715536e+00,1.025484035819e+00
6.216310815541e+00,1.025710795605e+00
6.218310915546e+00,1.025932267821e+00
6.220311015551e+00,1.026148431186e+00
6.222311115556e+00,1.026359265077e+00
6.224311215561e+00,1.026564749525e+00
6.226311315566e+00,1.026764865215e+00
6.228311415571e+00,1.026959593483e+00
6.230311515576e+00,1.027148916316e+00
6.232311615581e+00,1.027332816349e+00
6.234311715586e+00,1.027511276862e+00
6.236311815591e+00,1.027684281779e+00
6.238311915596e+00,1.027851815670e+00
6.240312015601e+00,1.028013863741e+00
6.242312115606e+00,1.028170411843e+00
6.244312215611e+00,1.028321446460e+00
6.246312315616e+00,1.028466954715e+00
6.248312415621e+00,1.028606924366e+00
6.250312515626e+00,1.028741343802e+00
6.252312615631e+00,1.028870202046e+00
6.254312715636e+00,1.028993488751e+00
6.256312815641e+00,1.029111194197e+00
6.258312915646e+00,1.029223309295e+00
6.260313015651e+00,1.029329825580e+00
6.262313115656e+00,1.029430735213e+00
6.264313215661e+00,1.029526030980e+00
6.266313315666e+00,1.029615706288e+00
6.268313415671e+00,1.029699755168e+00
6.270313515676e+00,1.029778172270e+00
6.272313615681e+00,1.029850952865e+00
6.274313715686e+00,1.029918092842e+00
6.276313815691e+00,1.029979588708e+00
6.278313915696e+00,1.030035437588e+00
6.280314015701e+00,1.030085637223e+00
6.282314115706e+00,1.030130185967e+00
6.284314215711e+00,1.030169082793e+00
6.286314315716e+00,1.030202327286e+00
6.288314415721e+00,1.030229919643e+00
6.290314515726e+00,1.030251860676e+00
6.292314615731e+00,1.030268151809e+00
6.294314715736e+00,1.030278795077e+00
6.296314815741e+00,1.030283793128e+00
6.298314915746e+00,1.030283149219e+00
6.300315015751e+00,1.030276867220e+00
6.302315115756e+00,1.030264951609e+00
6.304315215761e+00,1.030247407477e+00
6.306315315766e+00,1.030224240521e+00
6.308315415771e+00,1.030195457053e+00
6.310315515776e+00,1.030161063991e+00
6.312315615781e+00,1.030121068863e+00
6.314315715786e+00,1.030075479808e+00
6.316315815791e+00,1.030024305574e+00
6.318315915796e+00,1.029967555518e+00
6.320316015801e+00,1.029905239608e+00
6.322316115806e+00,1.029837368421e+00
6.324316215811e+00,1.029763953146e+00
6.326316315816e+00,1.029685005578e+00
6.328316415821e+00,1.029600538129e+00
6.330316515826e+00,1.029510563816e+00
6.332316615831e+00,1.029415096271e+00
6.334316715836e+00,1.029314149737e+00
6.336316815841e+00,1.029207739068e+00
6.338316915846e+00,1.029095879732e+00
6.340317015851e+00,1.028978587809e+00
6.342317115856e+00,1.028855879994e+00
6.344317215861e+00,1.028727773594e+00
6.346317315866e+00,1.028594286532e+00
6.348317415871e+00,1.028455437347e+00
6.350317515876e+00,1.028311245194e+00
6.352317615881e+00,1.028161729843e+00
6.354317715886e+00,1.028006911683e+00
6.356317815891e+00,1.027846811721e+00
6.358317915896e+00,1.027681451583e+00
6.360318015901e+00,1.027510853513e+00
6.362318115906e+00,1.027335040378e+00
6.364318215911e+00,1.027154035666e+00
6.366318315916e+00,1.026967863484e+00
6.368318415921e+00,1.026776548567e+00
6.370318515926e+00,1.026580116270e+00
6.372318615931e+00,1.026378592575e+00
6.374318715936e+00,1.026172004087e+00
6.376318815941e+00,1.025960378041e+00
6.378318915946e+00,1.025743742298e+00
6.380319015951e+00,1.025522125346e+00
6.382319115956e+00,1.025295556305e+00
6.384319215961e+00,1.025064064923e+00
6.386319315966e+00,1.024827681581e+00
6.388319415971e+00,1.024586437291e+00
6.390319515976e+00,1.024340363699e+00
6.392319615981e+00,1.024089493083e+00
6.394319715986e+00,1.023833858360e+00
6.396319815991e+00,1.023573493078e+00
6.398319915996e+00,1.023308431424e+00
6.400320016001e+00,1.023038708224e+00
6.402320116006e+00,1.022764358941e+00
6.404320216011e+00,1.022485419676e+00
6.406320316016e+00,1.022201927171e+00
6.408320416021e+00,1.021913918812e+00
6.410320516026e+00,1.021621432621e+00
6.412320616031e+00,1.021324507268e+00
6.414320716036e+00,1.021023182061e+00
6.416320816041e+00,1.020717496957e+00
6.418320916046e+00,1.020407492553e+00
6.420321016051e+00,1.020093210093e+00
6.422321116056e+00,1.019774691466e+00
6.424321216061e+00,1.019451979209e+00
6.426321316066e+00,1.019125116502e+00
6.428321416071e+00,1.018794147174e+00
6.430321516076e+00,1.018459115701e+00
6.432321616081e+00,1.018120067207e+00
6.434321716086e+00,1.017777047463e+00
6.436321816091e+00,1.017430102888e+00
6.438321916096e+00,1.017079280548e+00
6.440322016101e+00,1.016724628158e+00
6.442322116106e+00,1.016366194081e+00
6.444322216111e+00,1.016004027328e+00
6.446322316116e+00,1.015638177555e+00
6.448322416121e+00,1.015268695069e+00
6.450322516126e+00,1.014895630820e+00
6.452322616131e+00,1.014519036406e+00
6.454322716136e+00,1.014138964071e+00
6.456322816141e+00,1.013755466703e+00
6.458322916146e+00,1.013368597834e+00
6.460323016151e+00,1.012978411639e+00
6.462323116156e+00,1.012584962935e+00
6.464323216161e+00,1.012188307181e+00
6.466323316166e+00,1.011788500474e+00
6.468323416171e+00,1.011385599550e+00
6.470323516176e+00,1.010979661781e+00
6.472323616181e+00,1.010570745174e+00
6.474323716186e+00,1.010158908370e+00
6.476323816191e+00,1.009744210639e+00
6.478323916196e+00,1.009326711882e+00
6.480324016201e+00,1.008906472625e+00
6.482324116206e+00,1.008483554020e+00
6.484324216211e+00,1.008058017838e+00
6.486324316216e+00,1.007629926471e+00
6.488324416221e+00,1.007199342926e+00
6.490324516226e+00,1.006766330822e+00
6.492324616231e+00,1.006330954389e+00
6.494324716236e+00,1.005893278462e+00
6.496324816241e+00,1.005453368478e+00
6.498324916246e+00,1.005011290472e+00
6.500325016251e+00,1.004567111074e+00
6.502325116256e+00,1.004120897505e+00
6.504325216261e+00,1.003672717569e+00
6.506325316266e+00,1.003222639653e+00
6.508325416271e+00,1.002770732718e+00
6.510325516276e+00,1.002317066298e+00
6.512325616281e+00,1.001861710491e+00
6.514325716286e+00,1.001404735953e+00
6.516325816291e+00,1.000946213898e+00
6.518325916296e+00,1.000486216084e+00
6.520326016301e+00,1.000024814812e+00
6.522326116306e+00,9.995620829178e-01
6.524326216311e+00,9.990980937663e-01
6.526326316316e+00,9.986329212422e-01
6.528326416321e+00,9.981666397441e-01
6.530326516326e+00,9.976993241768e-01
6.532326616331e+00,9.972310499431e-01
6.534326716336e+00,9.967618929357e-01
6.536326816341e+00,9.962919295288e-01
6.538326916346e+00,9.958212365695e-01
6.540327016351e+00,9.953498913687e-01
6.542327116356e+00,9.948779716918e-01
6.544327216361e+00,9.944055557493e-01
6.546327316366e+00,9.939327221868e-01
6.548327416371e+00,9.934595500748e-01
6.550327516376e+00,9.929861188981e-01
6.552327616381e+00,9.925125085455e-01
6.554327716386e+00,9.920387992979e-01
6.556327816391e+00,9.915650718173e-01
6.558327916396e+00,9.910914071347e-01
6.560328016401e+00,9.906178866381e-01
6.562328116406e+00,9.901445920597e-01
6.564328216411e+00,9.896716054657e-01
6.566328316416e+00,9.891990092413e-01
6.568328416421e+00,9.887268860769e-01
6.570328516426e+00,9.882553189558e-01
6.572328616431e+00,9.877843911393e-01
6.574328716436e+00,9.873141861530e-01
6.576328816441e+00,9.868447877717e-01
6.578328916446e+00,9.863762800043e-01
6.580329016451e+00,9.859087470790e-01
6.582329116456e+00,9.854422734272e-01
6.584329216461e+00,9.849769436677e-01
6.586329316466e+00,9.845128425908e-01
6.588329416471e+00,9.840500551415e-01
6.590329516476e+00,9.835886664023e-01
6.592329616481e+00,9.831287615769e-01
6.594329716486e+00,9.826704259716e-01
6.596329816491e+00,9.822137449783e-01
6.598329916496e+00,9.817588040559e-01
6.600330016501e+00,9.813056887115e-01
6.602330116506e+00,9.808544844823e-01
6.604330216511e+00,9.804052769152e-01
6.606330316516e+00,9.799581515484e-01
6.608330416521e+00,9.795131938902e-01
6.610330516526e+00,9.790704893996e-01
6.612330616531e+00,9.786301234651e-01
6.614330716536e+00,9.781921813887e-01
6.616330816541e+00,9.777567483623e-01
6.618330916546e+00,9.773239094449e-01
6.620331016551e+00,9.768937495421e-01
6.622331116556e+00,9.764663533847e-01
6.624331216561e+00,9.760418055068e-01
6.626331316566e+00,9.756201902233e-01
6.628331416571e+00,9.752015916074e-01
6.630331516576e+00,9.747860934685e-01
6.632331616581e+00,9.743737793288e-01
6.634331716586e+00,9.739647324005e-01
6.636331816591e+00,9.735590355622e-01
6.638331916596e+00,9.731567713360e-01
6.640332016601e+00,9.727580218634e-01
6.642332116606e+00,9.723628688816e-01
6.644332216611e+00,9.719713936993e-01
6.646332316616e+00,9.715836771730e-01
6.648332416621e+00,9.711997996820e-01
6.650332516626e+00,9.708198411042e-01
6.652332616631e+00,9.704438807914e-01
6.654332716636e+00,9.700719975444e-01
6.656332816641e+00,9.697042695896e-01
6.658332916646e+00,9.693407745539e-01
6.660333016651e+00,9.689815894386e-01
6.662333116656e+00,9.686267905953e-01
6.664333216661e+00,9.682764537011e-01
6.666333316666e+00,9.679306537329e-01
6.668333416671e+00,9.675894649431e-01
6.670333516676e+00,9.672529608344e-01
6.672333616681e+00,9.669212141348e-01
6.674333716686e+00,9.665942967727e-01
6.676333816691e+00,9.662722798523e-01
6.678333916696e+00,9.659552336285e-01
6.680334016701e+00,9.656432274822e-01
6.682334116706e+00,9.653363298962e-01
6.684334216711e+00,9.650346084303e-01
6.686334316716e+00,9.647381296971e-01
6.688334416721e+00,9.644469593378e-01
6.690334516726e+00,9.641611619983e-01
6.692334616731e+00,9.638808013055e-01
6.694334716736e+00,9.636059398433e-01
6.696334816741e+00,9.633366391301e-01
6.698334916746e+00,9.630729595946e-01
6.700335016751e+00,9.628149605538e-01
6.702335116756e+00,9.625627001899e-01
6.704335216761e+00,9.623162355282e-01
6.706335316766e+00,9.620756224154e-01
6.708335416771e+00,9.618409154976e-01
6.710335516776e+00,9.616121681994e-01
6.712335616781e+00,9.613894327023e-01
6.714335716786e+00,9.611727599249e-01
6.716335816791e+00,9.609621995020e-01
6.718335916796e+00,9.607577997655e-01
6.720336016801e+00,9.605596077246e-01
6.722336116806e+00,9.603676690472e-01
6.724336216811e+00,9.601820280417e-01
6.726336316816e+00,9.600027276386e-01
6.728336416821e+00,9.598298093741e-01
6.730336516826e+00,9.596633133726e-01
6.732336616831e+00,9.595032783292e-01
6.734336716836e+00,9.593497414951e-01
6.736336816841e+00,9.592027386619e-01
6.738336916846e+00,9.590623041470e-01
6.740337016851e+00,9.589284707793e-01
6.742337116856e+00,9.588012698857e-01
6.744337216861e+00,9.586807312785e-01
6.746337316866e+00,9.585668832422e-01
6.748337416871e+00,9.584597525227e-01
6.750337516876e+00,9.583593643154e-01
6.752337616881e+00,9.582657422551e-01
6.754337716886e+00,9.581789084060e-01
6.756337816891e+00,9.580988832525e-01
6.758337916896e+00,9.580256856912e-01
6.760338016901e+00,9.579593330225e-01
6.762338116906e+00,9.578998409444e-01
6.764338216911e+00,9.578472235459e-01
6.766338316916e+00,9.578014933016e-01
6.768338416921e+00,9.577626610644e-01
6.770338516926e+00,9.577307360637e-01
6.772338616931e+00,9.577057259007e-01
6.774338716936e+00,9.576876365460e-01
6.776338816941e+00,9.576764723374e-01
6.778338916946e+00,9.576722359785e-01
6.780339016951e+00,9.576749285379e-01
6.782339116956e+00,9.576845494493e-01
6.784339216961e+00,9.577010965124e-01
6.786339316966e+00,9.577245658939e-01
6.788339416971e+00,9.577549521300e-01
6.790339516976e+00,9.577922481292e-01
6.792339616981e+00,9.578364451760e-01
6.794339716986e+00,9.578875329350e-01
6.796339816991e+00,9.579454994568e-01
6.798339916996e+00,9.580103311833e-01
6.800340017001e+00,9.580820129548e-01
6.802340117006e+00,9.581605280157e-01
6.804340217011e+00,9.582458580228e-01
6.806340317016e+00,9.583379830543e-01
6.808340417021e+00,9.584368816187e-01
6.810340517026e+00,9.585425306650e-01
6.812340617031e+00,9.586549055927e-01
6.814340717036e+00,9.587739802635e-01
6.816340817041e+00,9.588997270129e-01
6.818340917046e+00,9.590321166627e-01
6.820341017051e+00,9.591711185336e-01
6.822341117056e+00,9.593167004591e-01
6.824341217061e+00,9.594688287998e-01
6.826341317066e+00,9.596274684575e-01
6.828341417071e+00,9.597925828913e-01
6.830341517076e+00,9.599641341331e-01
6.832341617081e+00,9.601420828042e-01
6.834341717086e+00,9.603263881325e-01
6.836341817091e+00,9.605170079702e-01
6.838341917096e+00,9.607138988121e-01
6.840342017101e+00,9.609170158132e-01
6.842342117106e+00,9.611263128056e-01
6.844342217111e+00,9.613417423207e-01
6.846342317116e+00,9.615632556084e-01
6.848342417121e+00,9.617908026568e-01
6.850342517126e+00,9.620243322128e-01
6.852342617131e+00,9.622637918035e-01
6.854342717136e+00,9.625091277571e-01
6.856342817141e+00,9.627602852245e-01
6.858342917146e+00,9.630172082017e-01
6.860343017151e+00,9.632798395514e-01
6.862343117156e+00,9.635481210261e-01
6.864343217161e+00,9.638219932908e-01
6.866343317166e+00,9.641013959458e-01
6.868343417171e+00,9.643862675505e-01
6.870343517176e+00,9.646765456468e-01
6.872343617181e+00,9.649721667828e-01
6.874343717186e+00,9.652730665374e-01
6.876343817191e+00,9.655791795437e-01
6.878343917196e+00,9.658904395143e-01
6.880344017201e+00,9.662067792633e-01
6.882344117206e+00,9.665281307333e-01
6.884344217211e+00,9.668544250192e-01
6.886344317216e+00,9.671855923930e-01
6.888344417221e+00,9.675215623285e-01
6.890344517226e+00,9.678622635263e-01
6.892344617231e+00,9.682076239388e-01
6.894344717236e+00,9.685575707948e-01
6.896344817241e+00,9.689120306248e-01
6.898344917246e+00,9.692709292857e-01
6.900345017251e+00,9.696341919858e-01
6.902345117256e+00,9.700017433097e-01
6.904345217261e+00,9.703735072432e-01
6.906345317266e+00,9.707494071976e-01
6.908345417271e+00,9.711293660352e-01
6.910345517276e+00,9.715133060932e-01
6.912345617281e+00,9.719011492083e-01
6.914345717286e+00,9.722928167414e-01
6.916345817291e+00,9.726882296015e-01
6.918345917296e+00,9.730873082701e-01
6.920346017301e+00,9.734899728247e-01
6.922346117306e+00,9.738961429631e-01
6.924346217311e+00,9.743057380269e-01
6.926346317316e+00,9.747186770245e-01
6.928346417321e+00,9.751348786549e-01
6.930346517326e+00,9.755542613303e-01
6.932346617331e+00,9.759767431991e-01
6.934346717336e+00,9.764022421685e-01
6.936346817341e+00,9.768306759267e-01
6.938346917346e+00,9.772619619653e-01
6.940347017351e+00,9.776960176010e-01
6.942347117356e+00,9.781327599975e-01
6.944347217361e+00,9.785721061864e-01
6.946347317366e+00,9.790139730887e-01
6.948347417371e+00,9.794582775350e-01
6.950347517376e+00,9.799049362867e-01
6.952347617381e+00,9.803538660554e-01
6.954347717386e+00,9.808049835237e-01
6.956347817391e+00,9.812582053651e-01
6.958347917396e+00,9.817134482623e-01
6.960348017401e+00,9.821706289272e-01
6.962348117406e+00,9.826296641190e-01
6.964348217411e+00,9.830904706631e-01
6.966348317416e+00,9.835529654689e-01
6.968348417421e+00,9.840170655475e-01
6.970348517426e+00,9.844826880296e-01
6.972348617431e+00,9.849497501822e-01
6.974348717436e+00,9.854181694257e-01
6.976348817441e+00,9.858878633507e-01
6.978348917446e+00,9.863587497337e-01
6.980349017451e+00,9.868307465531e-01
6.982349117456e+00,9.873037720051e-01
6.984349217461e+00,9.877777445185e-01
6.986349317466e+00,9.882525827699e-01
6.988349417471e+00,9.887282056977e-01
6.990349517476e+00,9.892045325167e-01
6.992349617481e+00,9.896814827315e-01
6.994349717486e+00,9.901589761501e-01
6.996349817491e+00,9.906369328977e-01
6.998349917496e+00,9.911152734305e-01
7.000350017501e+00,9.915939185464e-01
7.002350117506e+00,9.920727893982e-01
7.004350217511e+00,9.925518075058e-01
7.006350317516e+00,9.930308947672e-01
7.008350417521e+00,9.935099734703e-01
7.010350517526e+00,9.939889663033e-01
7.012350617531e+00,9.944677963662e-01
7.014350717536e+00,9.949463871805e-01
7.016350817541e+00,9.954246626996e-01
7.018350917546e+00,9.959025473187e-01
7.020351017551e+00,9.963799658841e-01
7.022351117556e+00,9.968568437026e-01
7.024351217561e+00,9.973331065503e-01
7.026351317566e+00,9.978086806815e-01
7.028351417571e+00,9.982834928369e-01
7.030351517576e+00,9.987574702515e-01
7.032351617581e+00,9.992305406626e-01
7.034351717586e+00,9.997026323171e-01
7.036351817591e+00,1.000173673979e+00
7.038351917596e+00,1.000643594935e+00
7.040352017601e+00,1.001112325004e+00
7.042352117606e+00,1.001579794539e+00
7.044352217611e+00,1.002045934438e+00
7.046352317616e+00,1.002510676149e+00
7.048352417621e+00,1.002973951675e+00
7.050352517626e+00,1.003435693579e+00
7.052352617631e+00,1.003895834990e+00
7.054352717636e+00,1.004354309608e+00
7.056352817641e+00,1.004811051708e+00
7.058352917646e+00,1.005265996146e+00
7.060353017651e+00,1.005719078361e+00
7.062353117656e+00,1.006170234382e+00
7.064353217661e+00,1.006619400830e+00
7.066353317666e+00,1.007066514923e+00
7.068353417671e+00,1.007511514478e+00
7.070353517676e+00,1.007954337917e+00
7.072353617681e+00,1.008394924266e+00
7.074353717686e+00,1.008833213162e+00
7.076353817691e+00,1.009269144856e+00
7.078353917696e+00,1.009702660211e+00
7.080354017701e+00,1.010133700708e+00
7.082354117706e+00,1.010562208450e+00
7.084354217711e+00,1.010988126159e+00
7.086354317716e+00,1.011411397183e+00
7.088354417721e+00,1.011831965494e+00
7.090354517726e+00,1.012249775692e+00
7.092354617731e+00,1.012664773005e+00
7.094354717736e+00,1.013076903290e+00
7.096354817741e+00,1.013486113040e+00
7.098354917746e+00,1.013892349377e+00
7.100355017751e+00,1.014295560057e+00
7.102355117756e+00,1.014695693473e+00
7.104355217761e+00,1.015092698650e+00
7.106355317766e+00,1.015486525250e+00
7.108355417771e+00,1.015877123573e+00
7.110355517776e+00,1.016264444554e+00
7.112355617781e+00,1.016648439766e+00
7.114355717786e+00,1.017029061418e+00
7.116355817791e+00,1.017406262358e+00
7.118355917796e+00,1.017779996073e+00
7.120356017801e+00,1.018150216683e+00
7.122356117806e+00,1.018516878949e+00
7.124356217811e+00,1.018879938268e+00
7.126356317816e+00,1.019239350674e+00
7.128356417821e+00,1.019595072837e+00
7.130356517826e+00,1.019947062064e+00
7.132356617831e+00,1.020295276295e+00
7.134356717836e+00,1.020639674107e+00
7.136356817841e+00,1.020980214711e+00
7.138356917846e+00,1.021316857951e+00
7.140357017851e+00,1.021649564304e+00
7.142357117856e+00,1.021978294879e+00
7.144357217861e+00,1.022303011414e+00
7.146357317866e+00,1.022623676281e+00
7.148357417871e+00,1.022940252478e+00
7.150357517876e+00,1.023252703632e+00
7.152357617881e+00,1.023560993997e+00
7.154357717886e+00,1.023865088454e+00
7.156357817891e+00,1.024164952507e+00
7.158357917896e+00,1.024460552287e+00
7.160358017901e+00,1.024751854543e+00
7.162358117906e+00,1.025038826650e+00
7.164358217911e+00,1.025321436600e+00
7.166358317916e+00,1.025599653005e+00
7.168358417921e+00,1.025873445095e+00
7.170358517926e+00,1.026142782716e+00
7.172358617931e+00,1.026407636328e+00
7.174358717936e+00,1.026667977008e+00
7.176358817941e+00,1.026923776442e+00
7.178358917946e+00,1.027175006928e+00
7.180359017951e+00,1.027421641375e+00
7.182359117956e+00,1.027663653300e+00
7.184359217961e+00,1.027901016826e+00
7.186359317966e+00,1.028133706682e+00
7.188359417971e+00,1.028361698203e+00
7.190359517976e+00,1.028584967325e+00
7.192359617981e+00,1.028803490587e+00
7.194359717986e+00,1.029017245128e+00
7.196359817991e+00,1.029226208685e+00
7.198359917996e+00,1.029430359595e+00
7.200360018001e+00,1.029629676789e+00
7.202360118006e+00,1.029824139795e+00
7.204360218011e+00,1.030013728732e+00
7.206360318016e+00,1.030198424316e+00
7.208360418021e+00,1.030378207850e+00
7.210360518026e+00,1.030553061229e+00
7.212360618031e+00,1.030722966935e+00
7.214360718036e+00,1.030887908041e+00
7.216360818041e+00,1.031047868203e+00
7.218360918046e+00,1.031202831664e+00
7.220361018051e+00,1.031352783250e+00
7.222361118056e+00,1.031497708371e+00
7.224361218061e+00,1.031637593016e+00
7.226361318066e+00,1.031772423759e+00
7.228361418071e+00,1.031902187750e+00
7.230361518076e+00,1.032026872720e+00
7.232361618081e+00,1.032146466976e+00
7.234361718086e+00,1.032260959402e+00
7.236361818091e+00,1.032370339459e+00
7.238361918096e+00,1.032474597180e+00
7.240362018101e+00,1.032573723173e+00
7.242362118106e+00,1.032667708622e+00
7.244362218111e+00,1.032756545278e+00
7.246362318116e+00,1.032840225467e+00
7.248362418121e+00,1.032918742084e+00
7.250362518126e+00,1.032992088595e+00
7.252362618131e+00,1.033060259034e+00
7.254362718136e+00,1.033123248003e+00
7.256362818141e+00,1.033181050673e+00
7.258362918146e+00,1.033233662782e+00
7.260363018151e+00,1.033281080634e+00
7.262363118156e+00,1.033323301099e+00
7.264363218161e+00,1.033360321614e+00
7.266363318166e+00,1.033392140180e+00
7.268363418171e+00,1.033418755361e+00
7.270363518176e+00,1.033440166289e+00
7.272363618181e+00,1.033456372656e+00
7.274363718186e+00,1.033467374720e+00
7.276363818191e+00,1.033473173301e+00
7.278363918196e+00,1.033473769783e+00
7.280364018201e+00,1.033469166111e+00
7.282364118206e+00,1.033459364794e+00
7.284364218211e+00,1.033444368903e+00
7.286364318216e+00,1.033424182070e+00
7.288364418221e+00,1.033398808491e+00
7.290364518226e+00,1.033368252922e+00
7.292364618231e+00,1.033332520683e+00
7.294364718236e+00,1.033291617654e+00
7.296364818241e+00,1.033245550279e+00
7.298364918246e+00,1.033194325562e+00
7.300365018251e+00,1.033137951071e+00
7.302365118256e+00,1.033076434934e+00
7.304365218261e+00,1.033009785844e+00
7.306365318266e+00,1.032938013054e+00
7.308365418271e+00,1.032861126383e+00
7.310365518276e+00,1.032779136210e+00
7.312365618281e+00,1.032692053479e+00
7.314365718286e+00,1.032599889697e+00
7.316365818291e+00,1.032502656935e+00
7.318365918296e+00,1.032400367829e+00
7.320366018301e+00,1.032293035578e+00
7.322366118306e+00,1.032180673949e+00
7.324366218311e+00,1.032063297270e+00
7.326366318316e+00,1.031940920440e+00
7.328366418321e+00,1.031813558922e+00
7.330366518326e+00,1.031681228744e+00
7.332366618331e+00,1.031543946505e+00
7.334366718336e+00,1.031401729371e+00
7.336366818341e+00,1.031254595075e+00
7.338366918346e+00,1.031102561920e+00
7.340367018351e+00,1.030945648779e+00
7.342367118356e+00,1.030783875095e+00
7.344367218361e+00,1.030617260882e+00
7.346367318366e+00,1.030445826727e+00
7.348367418371e+00,1.030269593786e+00
7.350367518376e+00,1.030088583790e+00
7.352367618381e+00,1.029902819043e+00
7.354367718386e+00,1.029712322425e+00
7.356367818391e+00,1.029517117387e+00
7.358367918396e+00,1.029317227959e+00
7.360368018401e+00,1.029112678745e+00
7.362368118406e+00,1.028903494928e+00
7.364368218411e+00,1.028689702267e+00
7.366368318416e+00,1.028471327100e+00
7.368368418421e+00,1.028248396343e+00
7.370368518426e+00,1.028020937493e+00
7.372368618431e+00,1.027788978626e+00
7.374368718436e+00,1.027552548402e+00
7.376368818441e+00,1.027311676058e+00
7.378368918446e+00,1.027066391416e+00
7.380369018451e+00,1.026816724882e+00
7.382369118456e+00,1.026562707444e+00
7.384369218461e+00,1.026304370673e+00
7.386369318466e+00,1.026041746727e+00
7.388369418471e+00,1.025774868349e+00
7.390369518476e+00,1.025503768866e+00
7.392369618481e+00,1.025228482193e+00
7.394369718486e+00,1.024949042832e+00
7.396369818491e+00,1.024665485871e+00
7.398369918496e+00,1.024377846986e+00
7.400370018501e+00,1.024086162441e+00
7.402370118506e+00,1.023790469091e+00
7.404370218511e+00,1.023490804374e+00
7.406370318516e+00,1.023187206324e+00
7.408370418521e+00,1.022879713558e+00
7.410370518526e+00,1.022568365286e+00
7.412370618531e+00,1.022253201307e+00
7.414370718536e+00,1.021934262008e+00
7.416370818541e+00,1.021611588367e+00
7.418370918546e+00,1.021285221951e+00
7.420371018551e+00,1.020955204916e+00
7.422371118556e+00,1.020621580010e+00
7.424371218561e+00,1.020284390565e+00
7.426371318566e+00,1.019943680506e+00
7.428371418571e+00,1.019599494345e+00
7.430371518576e+00,1.019251877181e+00
7.432371618581e+00,1.018900874701e+00
7.434371718586e+00,1.018546533179e+00
7.436371818591e+00,1.018188899474e+00
7.438371918596e+00,1.017828021033e+00
7.440372018601e+00,1.017463945883e+00
7.442372118606e+00,1.017096722638e+00
7.444372218611e+00,1.016726400493e+00
7.446372318616e+00,1.016353029224e+00
7.448372418621e+00,1.015976659186e+00
7.450372518626e+00,1.015597341316e+00
7.452372618631e+00,1.015215127123e+00
7.454372718636e+00,1.014830068695e+00
7.456372818641e+00,1.014442218692e+00
7.458372918646e+00,1.014051630347e+00
7.460373018651e+00,1.013658357462e+00
7.462373118656e+00,1.013262454406e+00
7.464373218661e+00,1.012863976115e+00
7.466373318666e+00,1.012462978086e+00
7.468373418671e+00,1.012059516380e+00
7.470373518676e+00,1.011653647612e+00
7.472373618681e+00,1.011245428955e+00
7.474373718686e+00,1.010834918132e+00
7.476373818691e+00,1.010422173417e+00
7.478373918696e+00,1.010007253628e+00
7.480374018701e+00,1.009590218127e+00
7.482374118706e+00,1.009171126813e+00
7.484374218711e+00,1.008750040122e+00
7.486374318716e+00,1.008327019018e+00
7.488374418721e+00,1.007902124996e+00
7.490374518726e+00,1.007475420070e+00
7.492374618731e+00,1.007046966773e+00
7.494374718736e+00,1.006616828154e+00
7.496374818741e+00,1.006185067767e+00
7.498374918746e+00,1.005751749670e+00
7.500375018751e+00,1.005316938422e+00
7.502375118756e+00,1.004880699073e+00
7.504375218761e+00,1.004443097158e+00
7.506375318766e+00,1.004004198698e+00
7.508375418771e+00,1.003564070185e+00
7.510375518776e+00,1.003122778582e+00
7.512375618781e+00,1.002680391314e+00
7.514375718786e+00,1.002236976262e+00
7.516375818791e+00,1.001792601753e+00
7.518375918796e+00,1.001347336558e+00
7.520376018801e+00,1.000901249882e+00
7.522376118806e+00,1.000454411355e+00
7.524376218811e+00,1.000006891025e+00
7.526376318816e+00,9.995587593516e-01
7.528376418821e+00,9.991100871957e-01
7.530376518826e+00,9.986609458112e-01
7.532376618831e+00,9.982114068366e-01
7.534376718836e+00,9.977615422854e-01
7.536376818841e+00,9.973114245371e-01
7.538376918846e+00,9.968611263269e-01
7.540377018851e+00,9.964107207363e-01
7.542377118856e+00,9.959602811822e-01
7.544377218861e+00,9.955098814070e-01
7.546377318866e+00,9.950595954671e-01
7.548377418871e+00,9.946094977233e-01
7.550377518876e+00,9.941596628303e-01
7.552377618881e+00,9.937101657225e-01
7.554377718886e+00,9.932610816039e-01
7.556377818891e+00,9.928124859358e-01
7.558377918896e+00,9.923644544244e-01
7.560378018901e+00,9.919170630081e-01
7.562378118906e+00,9.914703878447e-01
7.564378218911e+00,9.910245052978e-01
7.566378318916e+00,9.905794919243e-01
7.568378418921e+00,9.901354244597e-01
7.570378518926e+00,9.896923798049e-01
7.572378618931e+00,9.892504350115e-01
7.574378718936e+00,9.888096672679e-01
7.576378818941e+00,9.883701538839e-01
7.578378918946e+00,9.879319722762e-01
7.580379018951e+00,9.874951999530e-01
7.582379118956e+00,9.870599144982e-01
7.584379218961e+00,9.866261935557e-01
7.586379318966e+00,9.861941148133e-01
7.588379418971e+00,9.857637559860e-01
7.590379518976e+00,9.853351947997e-01
7.592379618981e+00,9.849085089737e-01
7.594379718986e+00,9.844837762034e-01
7.596379818991e+00,9.840610741428e-01
7.598379918996e+00,9.836404803885e-01
7.600380019001e+00,9.832220724639e-01
7.602380119006e+00,9.828059277965e-01
7.604380219011e+00,9.823921237013e-01
7.606380319016e+00,9.819807373626e-01
7.608380419021e+00,9.815718458152e-01
7.610380519026e+00,9.811655259249e-01
7.612380619031e+00,9.807618543703e-01
7.614380719036e+00,9.803609076224e-01
7.616380819041e+00,9.799627619259e-01
7.618380919046e+00,9.795674932788e-01
7.620381019051e+00,9.791751774131e-01
7.622381119056e+00,9.787858897744e-01
7.624381219061e+00,9.783997055019e-01
7.626381319066e+00,9.780166994077e-01
7.628381419071e+00,9.776369459567e-01
7.630381519076e+00,9.772605192454e-01
7.632381619081e+00,9.768874929814e-01
7.634381719086e+00,9.765179404623e-01
7.636381819091e+00,9.761519345547e-01
7.638381919096e+00,9.757895476725e-01
7.640382019101e+00,9.754308517560e-01
7.642382119106e+00,9.750759182514e-01
7.644382219111e+00,9.747248180896e-01
7.646382319116e+00,9.743776216634e-01
7.648382419121e+00,9.740343988065e-01
7.650382519126e+00,9.736952187724e-01
7.652382619131e+00,9.733601502124e-01
7.654382719136e+00,9.730292611542e-01
7.656382819141e+00,9.727026189806e-01
7.658382919146e+00,9.723802904074e-01
7.660383019151e+00,9.720623414625e-01
7.662383119156e+00,9.717488374640e-01
7.664383219161e+00,9.714398429990e-01
7.666383319166e+00,9.711354219020e-01
7.668383419171e+00,9.708356372338e-01
7.670383519176e+00,9.705405512605e-01
7.672383619181e+00,9.702502254320e-01
7.674383719186e+00,9.699647203610e-01
7.676383819191e+00,9.696840958029e-01
7.678383919196e+00,9.694084106339e-01
7.680384019201e+00,9.691377228315e-01
7.682384119206e+00,9.688720894538e-01
7.684384219211e+00,9.686115666191e-01
7.686384319216e+00,9.683562094863e-01
7.688384419221e+00,9.681060722345e-01
7.690384519226e+00,9.678612080445e-01
7.692384619231e+00,9.676216690783e-01
7.694384719236e+00,9.673875064611e-01
7.696384819241e+00,9.671587702622e-01
7.698384919246e+00,9.669355094762e-01
7.700385019251e+00,9.667177720052e-01
7.702385119256e+00,9.665056046406e-01
7.704385219261e+00,9.662990530458e-01
7.706385319266e+00,9.660981617390e-01
7.708385419271e+00,9.659029740760e-01
7.710385519276e+00,9.657135322341e-01
7.712385619281e+00,9.655298771959e-01
7.714385719286e+00,9.653520487338e-01
7.716385819291e+00,9.651800853946e-01
7.718385919296e+00,9.650140244848e-01
7.720386019301e+00,9.648539020554e-01
7.722386119306e+00,9.646997528881e-01
7.724386219311e+00,9.645516104821e-01
7.726386319316e+00,9.644095070408e-01
7.728386419321e+00,9.642734734591e-01
7.730386519326e+00,9.641435393116e-01
7.732386619331e+00,9.640197328406e-01
7.734386719336e+00,9.639020809451e-01
7.736386819341e+00,9.637906091702e-01
7.738386919346e+00,9.636853416968e-01
7.740387019351e+00,9.635863013321e-01
7.742387119356e+00,9.634935095004e-01
7.744387219361e+00,9.634069862346e-01
7.746387319366e+00,9.633267501684e-01
7.748387419371e+00,9.632528185289e-01
7.750387519376e+00,9.631852071300e-01
7.752387619381e+00,9.631239303659e-01
7.754387719386e+00,9.630690012064e-01
7.756387819391e+00,9.630204311907e-01
7.758387919396e+00,9.629782304220e-01
7.760388019401e+00,9.629424075653e-01
7.762388119406e+00,9.629129698435e-01
7.764388219411e+00,9.628899230348e-01
7.766388319416e+00,9.628732714704e-01
7.768388419421e+00,9.628630180335e-01
7.770388519426e+00,9.628591641576e-01
7.772388619431e+00,9.628617098272e-01
7.774388719436e+00,9.628706535772e-01
7.776388819441e+00,9.628859924942e-01
7.778388919446e+00,9.629077222178e-01
7.780389019451e+00,9.629358369430e-01
7.782389119456e+00,9.629703294226e-01
7.784389219461e+00,9.630111909706e-01
7.786389319466e+00,9.630584114668e-01
7.788389419471e+00,9.631119793605e-01
7.790389519476e+00,9.631718816770e-01
7.792389619481e+00,9.632381040216e-01
7.794389719486e+00,9.633106305853e-01
7.796389819491e+00,9.633894441539e-01
7.798389919496e+00,9.634745261135e-01
7.800390019501e+00,9.635658564598e-01
7.802390119506e+00,9.636634138055e-01
7.804390219511e+00,9.637671753904e-01
7.806390319516e+00,9.638771170903e-01
7.808390419521e+00,9.639932134277e-01
7.810390519526e+00,9.641154375818e-01
7.812390619531e+00,9.642437614001e-01
7.814390719536e+00,9.643781554097e-01
7.816390819541e+00,9.645185888297e-01
7.818390919546e+00,9.646650295835e-01
7.820391019551e+00,9.648174443122e-01
7.822391119556e+00,9.649757983882e-01
7.824391219561e+00,9.651400559290e-01
7.826391319566e+00,9.653101798126e-01
7.828391419571e+00,9.654861316920e-01
7.830391519576e+00,9.656678720109e-01
7.832391619581e+00,9.658553600180e-01
7.834391719586e+00,9.660485537827e-01
7.836391819591e+00,9.662474102135e-01
7.838391919596e+00,9.664518850742e-01
7.840392019601e+00,9.666619330008e-01
7.842392119606e+00,9.668775075193e-01
7.844392219611e+00,9.670985610638e-01
7.846392319616e+00,9.673250449939e-01
7.848392419621e+00,9.675569096142e-01
7.850392519626e+00,9.677941041922e-01
7.852392619631e+00,9.680365769777e-01
7.854392719636e+00,9.682842752220e-01
7.856392819641e+00,9.685371451973e-01
7.858392919646e+00,9.687951322166e-01
7.860393019651e+00,9.690581806536e-01
7.862393119656e+00,9.693262339630e-01
7.864393219661e+00,9.695992347007e-01
7.866393319666e+00,9.698771245446e-01
7.868393419671e+00,9.701598443156e-01
7.870393519676e+00,9.704473339979e-01
7.872393619681e+00,9.707395327595e-01
7.874393719686e+00,9.710363789736e-01
7.876393819691e+00,9.713378102402e-01
7.878393919696e+00,9.716437634072e-01
7.880394019701e+00,9.719541745917e-01
7.882394119706e+00,9.722689792011e-01
7.884394219711e+00,9.725881119553e-01
7.886394319716e+00,9.729115069073e-01
7.888394419721e+00,9.732390974655e-01
7.890394519726e+00,9.735708164146e-01
7.892394619731e+00,9.739065959376e-01
7.894394719736e+00,9.742463676372e-01
7.896394819741e+00,9.745900625570e-01
7.898394919746e+00,9.749376112035e-01
7.900395019751e+00,9.752889435668e-01
7.902395119756e+00,9.756439891429e-01
7.904395219761e+00,9.760026769539e-01
7.906395319766e+00,9.763649355702e-01
7.908395419771e+00,9.767306931308e-01
7.910395519776e+00,9.770998773650e-01
7.912395619781e+00,9.774724156127e-01
7.914395719786e+00,9.778482348456e-01
7.916395819791e+00,9.782272616877e-01
7.918395919796e+00,9.786094224359e-01
7.920396019801e+00,9.789946430803e-01
7.922396119806e+00,9.793828493243e-01
7.924396219811e+00,9.797739666048e-01
7.926396319816e+00,9.801679201121e-01
7.928396419821e+00,9.805646348094e-01
7.930396519826e+00,9.809640354527e-01
7.932396619831e+00,9.813660466097e-01
7.934396719836e+00,9.817705926792e-01
7.936396819841e+00,9.821775979100e-01
7.938396919846e+00,9.825869864197e-01
7.940397019851e+00,9.829986822130e-01
7.942397119856e+00,9.834126091997e-01
7.944397219861e+00,9.838286912134e-01
7.946397319866e+00,9.842468520284e-01
7.948397419871e+00,9.846670153778e-01
7.950397519876e+00,9.850891049715e-01
7.952397619881e+00,9.855130445122e-01
7.954397719886e+00,9.859387577130e-01
7.956397819891e+00,9.863661683133e-01
7.958397919896e+00,9.867952000959e-01
7.960398019901e+00,9.872257769024e-01
7.962398119906e+00,9.876578226492e-01
7.964398219911e+00,9.880912613431e-01
7.966398319916e+00,9.885260170968e-01
7.968398419921e+00,9.889620141432e-01
7.970398519926e+00,9.893991768512e-01
7.972398619931e+00,9.898374297392e-01
7.974398719936e+00,9.902766974902e-01
7.976398819941e+00,9.907169049650e-01
7.978398919946e+00,9.911579772164e-01
7.980399019951e+00,9.915998395024e-01
7.982399119956e+00,9.920424172990e-01
7.984399219961e+00,9.924856363135e-01
7.986399319966e+00,9.929294224966e-01
7.988399419971e+00,9.933737020547e-01
7.990399519976e+00,9.938184014616e-01
7.992399619981e+00,9.942634474717e-01
7.994399719986e+00,9.947087671308e-01
7.996399819991e+00,9.951542877868e-01
7.998399919996e+00,9.955999371010e-01
8.000400020001e+00,9.960456430588e-01
8.002400120006e+00,9.964913339800e-01
8.004400220011e+00,9.969369385292e-01
8.006400320016e+00,9.973823857252e-01
8.008400420021e+00,9.978276049508e-01
8.010400520026e+00,9.982725259625e-01
8.012400620031e+00,9.987170788992e-01
8.014400720036e+00,9.991611942912e-01
8.016400820041e+00,9.996048030691e-01
8.018400920046e+00,1.000047836572e+00
8.020401020051e+00,1.000490226555e+00
8.022401120056e+00,1.000931905199e+00
8.024401220061e+00,1.001372805116e+00
8.026401320066e+00,1.001812859359e+00
8.028401420071e+00,1.002252001424e+00
8.030401520076e+00,1.002690165266e+00
8.032401620081e+00,1.003127285297e+00
8.034401720086e+00,1.003563296395e+00
8.036401820091e+00,1.003998133913e+00
8.038401920096e+00,1.004431733681e+00
8.040402020101e+00,1.004864032014e+00
8.042402120106e+00,1.005294965720e+00
8.044402220111e+00,1.005724472102e+00
8.046402320116e+00,1.006152488964e+00
8.048402420121e+00,1.006578954617e+00
8.050402520126e+00,1.007003807881e+00
8.052402620131e+00,1.007426988093e+00
8.054402720136e+00,1.007848435112e+00
8.056402820141e+00,1.008268089317e+00
8.058402920146e+00,1.008685891620e+00
8.060403020151e+00,1.009101783461e+00
8.062403120156e+00,1.009515706820e+00
8.064403220161e+00,1.009927604213e+00
8.066403320166e+00,1.010337418702e+00
8.068403420171e+00,1.010745093893e+00
8.070403520176e+00,1.011150573942e+00
8.072403620181e+00,1.011553803558e+00
8.074403720186e+00,1.011954728003e+00
8.076403820191e+00,1.012353293099e+00
8.078403920196e+00,1.012749445225e+00
8.080404020201e+00,1.013143131325e+00
8.082404120206e+00,1.013534298906e+00
8.084404220211e+00,1.013922896041e+00
8.086404320216e+00,1.014308871371e+00
8.088404420221e+00,1.014692174108e+00
8.090404520226e+00,1.015072754035e+00
8.092404620231e+00,1.015450561509e+00
8.094404720236e+00,1.015825547461e+00
8.096404820241e+00,1.016197663401e+00
8.098404920246e+00,1.016566861411e+00
8.100405020251e+00,1.016933094155e+00
8.102405120256e+00,1.017296314876e+00
8.104405220261e+00,1.017656477396e+00
8.106405320266e+00,1.018013536117e+00
8.108405420271e+00,1.018367446026e+00
8.110405520276e+00,1.018718162688e+00
8.112405620281e+00,1.019065642255e+00
8.114405720286e+00,1.019409841458e+00
8.116405820291e+00,1.019750717615e+00
8.118405920296e+00,1.020088228626e+00
8.120406020301e+00,1.020422332975e+00
8.122406120306e+00,1.020752989730e+00
8.124406220311e+00,1.021080158544e+00
8.126406320316e+00,1.021403799654e+00
8.128406420321e+00,1.021723873880e+00
8.130406520326e+00,1.022040342626e+00
8.132406620331e+00,1.022353167881e+00
8.134406720336e+00,1.022662312216e+00
8.136406820341e+00,1.022967738786e+00
8.138406920346e+00,1.023269411329e+00
8.140407020351e+00,1.023567294165e+00
8.142407120356e+00,1.023861352195e+00
8.144407220361e+00,1.024151550902e+00
8.146407320366e+00,1.024437856351e+00
8.148407420371e+00,1.024720235185e+00
8.150407520376e+00,1.024998654630e+00
8.152407620381e+00,1.025273082487e+00
8.154407720386e+00,1.025543487138e+00
8.156407820391e+00,1.025809837543e+00
8.158407920396e+00,1.026072103237e+00
8.160408020401e+00,1.026330254332e+00
8.162408120406e+00,1.026584261515e+00
8.164408220411e+00,1.026834096049e+00
8.166408320416e+00,1.027079729768e+00
8.168408420421e+00,1.027321135082e+00
8.170408520426e+00,1.027558284971e+00
8.172408620431e+00,1.027791152986e+00
8.174408720436e+00,1.028019713249e+00
8.176408820441e+00,1.028243940452e+00
8.178408920446e+00,1.028463809853e+00
8.180409020451e+00,1.028679297280e+00
8.182409120456e+00,1.028890379126e+00
8.184409220461e+00,1.029097032350e+00
8.186409320466e+00,1.029299234477e+00
8.188409420471e+00,1.029496963593e+00
8.190409520476e+00,1.029690198350e+00
8.192409620481e+00,1.029878917960e+00
8.194409720486e+00,1.030063102196e+00
8.196409820491e+00,1.030242731391e+00
8.198409920496e+00,1.030417786439e+00
8.200410020501e+00,1.030588248790e+00
8.202410120506e+00,1.030754100452e+00
8.204410220511e+00,1.030915323989e+00
8.206410320516e+00,1.031071902521e+00
8.208410420521e+00,1.031223819723e+00
8.210410520526e+00,1.031371059823e+00
8.212410620531e+00,1.031513607603e+00
8.214410720536e+00,1.031651448395e+00
8.216410820541e+00,1.031784568085e+00
8.218410920546e+00,1.031912953107e+00
8.220411020551e+00,1.032036590445e+00
8.222411120556e+00,1.032155467633e+00
8.224411220561e+00,1.032269572753e+00
8.226411320566e+00,1.032378894433e+00
8.228411420571e+00,1.032483421849e+00
8.230411520576e+00,1.032583144722e+00
8.232411620581e+00,1.032678053318e+00
8.234411720586e+00,1.032768138448e+00
8.236411820591e+00,1.032853391468e+00
8.238411920596e+00,1.032933804276e+00
8.240412020601e+00,1.033009369312e+00
8.242412120606e+00,1.033080079560e+00
8.244412220611e+00,1.033145928543e+00
8.246412320616e+00,1.033206910329e+00
8.248412420621e+00,1.033263019522e+00
8.250412520626e+00,1.033314251270e+00
8.252412620631e+00,1.033360601257e+00
8.254412720636e+00,1.033402065709e+00
8.256412820641e+00,1.033438641389e+00
8.258412920646e+00,1.033470325600e+00
8.260413020651e+00,1.033497116181e+00
8.262413120656e+00,1.033519011510e+00
8.264413220661e+00,1.033536010503e+00
8.266413320666e+00,1.033548112610e+00
8.268413420671e+00,1.033555317823e+00
8.270413520676e+00,1.033557626665e+00
8.272413620681e+00,1.033555040199e+00
8.274413720686e+00,1.033547560024e+00
8.276413820691e+00,1.033535188274e+00
8.278413920696e+00,1.033517927620e+00
8.280414020701e+00,1.033495781267e+00
8.282414120706e+00,1.033468752958e+00
8.284414220711e+00,1.033436846971e+00
8.286414320716e+00,1.033400068119e+00
8.288414420721e+00,1.033358421751e+00
8.290414520726e+00,1.033311913753e+00
8.292414620731e+00,1.033260550546e+00
8.294414720736e+00,1.033204339087e+00
8.296414820741e+00,1.033143286868e+00
8.298414920746e+00,1.033077401918e+00
8.300415020751e+00,1.033006692804e+00
8.302415120756e+00,1.032931168625e+00
8.304415220761e+00,1.032850839021e+00
8.306415320766e+00,1.032765714167e+00
8.308415420771e+00,1.032675804775e+00
8.310415520776e+00,1.032581122094e+00
8.312415620781e+00,1.032481677911e+00
8.314415720786e+00,1.032377484552e+00
8.316415820791e+00,1.032268554880e+00
8.318415920796e+00,1.032154902295e+00
8.320416020801e+00,1.032036540738e+00
8.322416120806e+00,1.031913484690e+00
8.324416220811e+00,1.031785749169e+00
8.326416320816e+00,1.031653349734e+00
8.328416420821e+00,1.031516302484e+00
8.330416520826e+00,1.031374624060e+00
8.332416620831e+00,1.031228331643e+00
8.334416720836e+00,1.031077442955e+00
8.336416820841e+00,1.030921976262e+00
8.338416920846e+00,1.030761950372e+00
8.340417020851e+00,1.030597384633e+00
8.342417120856e+00,1.030428298940e+00
8.344417220861e+00,1.030254713731e+00
8.346417320866e+00,1.030076649987e+00
8.348417420871e+00,1.029894129235e+00
8.350417520876e+00,1.029707173546e+00
8.352417620881e+00,1.029515805539e+00
8.354417720886e+00,1.029320048377e+00
8.356417820891e+00,1.029119925771e+00
8.358417920896e+00,1.028915461977e+00
8.360418020901e+00,1.028706681802e+00
8.362418120906e+00,1.028493610599e+00
8.364418220911e+00,1.028276274269e+00
8.366418320916e+00,1.028054699262e+00
8.368418420921e+00,1.027828912579e+00
8.370418520926e+00,1.027598941769e+00
8.372418620931e+00,1.027364814933e+00
8.374418720936e+00,1.027126560719e+00
8.376418820941e+00,1.026884208330e+00
8.378418920946e+00,1.026637787518e+00
8.380419020951e+00,1.026387328586e+00
8.382419120956e+00,1.026132862389e+00
8.384419220961e+00,1.025874420336e+00
8.386419320966e+00,1.025612034386e+00
8.388419420971e+00,1.025345737051e+00
8.390419520976e+00,1.025075561396e+00
8.392419620981e+00,1.024801541040e+00
8.394419720986e+00,1.024523710151e+00
8.396419820991e+00,1.024242103455e+00
8.398419920996e+00,1.023956756227e+00
8.400420021001e+00,1.023667704297e+00
8.402420121006e+00,1.023374984046e+00
8.404420221011e+00,1.023078632411e+00
8.406420321016e+00,1.022778686878e+00
8.408420421021e+00,1.022475185488e+00
8.410420521026e+00,1.022168166832e+00
8.412420621031e+00,1.021857670055e+00
8.414420721036e+00,1.021543734851e+00
8.416420821041e+00,1.021226401467e+00
8.418420921046e+00,1.020905710699e+00
8.420421021051e+00,1.020581703895e+00
8.422421121056e+00,1.020254422949e+00
8.424421221061e+00,1.019923910307e+00
8.426421321066e+00,1.019590208959e+00
8.428421421071e+00,1.019253362444e+00
8.430421521076e+00,1.018913414848e+00
8.432421621081e+00,1.018570410799e+00
8.434421721086e+00,1.018224395470e+00
8.436421821091e+00,1.017875414578e+00
8.438421921096e+00,1.017523514380e+00
8.440422021101e+00,1.017168741671e+00
8.442422121106e+00,1.016811143786e+00
8.444422221111e+00,1.016450768598e+00
8.446422321116e+00,1.016087664514e+00
8.448422421121e+00,1.015721880472e+00
8.450422521126e+00,1.015353465944e+00
8.452422621131e+00,1.014982470931e+00
8.454422721136e+00,1.014608945960e+00
8.456422821141e+00,1.014232942084e+00
8.458422921146e+00,1.013854510877e+00
8.460423021151e+00,1.013473704435e+00
8.462423121156e+00,1.013090575370e+00
8.464423221161e+00,1.012705176808e+00
8.466423321166e+00,1.012317562389e+00
8.468423421171e+00,1.011927786258e+00
8.470423521176e+00,1.011535903069e+00
8.472423621181e+00,1.011141967977e+00
8.474423721186e+00,1.010746036634e+00
8.476423821191e+00,1.010348165190e+00
8.478423921196e+00,1.009948410283e+00
8.480424021201e+00,1.009546829041e+00
8.482424121206e+00,1.009143479073e+00
8.484424221211e+00,1.008738418470e+00
8.486424321216e+00,1.008331705795e+00
8.488424421221e+00,1.007923400080e+00
8.490424521226e+00,1.007513560826e+00
8.492424621231e+00,1.007102247991e+00
8.494424721236e+00,1.006689521990e+00
8.496424821241e+00,1.006275443687e+00
8.498424921246e+00,1.005860074391e+00
8.500425021251e+00,1.005443475849e+00
8.502425121256e+00,1.005025710241e+00
8.504425221261e+00,1.004606840175e+00
8.506425321266e+00,1.004186928678e+00
8.508425421271e+00,1.003766039192e+00
8.510425521276e+00,1.003344235564e+00
8.512425621281e+00,1.002921582046e+00
8.514425721286e+00,1.002498143281e+00
8.516425821291e+00,1.002073984298e+00
8.518425921296e+00,1.001649170507e+00
8.520426021301e+00,1.001223767686e+00
8.522426121306e+00,1.000797841979e+00
8.524426221311e+00,1.000371459883e+00
8.526426321316e+00,9.999446882449e-01
8.528426421321e+00,9.995175942464e-01
8.530426521326e+00,9.990902454000e-01
8.532426621331e+00,9.986627095386e-01
8.534426721336e+00,9.982350548061e-01
8.536426821341e+00,9.978073496483e-01
8.538426921346e+00,9.973796628031e-01
8.540427021351e+00,9.969520632903e-01
8.542427121356e+00,9.965246204019e-01
8.544427221361e+00,9.960974036916e-01
8.546427321366e+00,9.956704829640e-01
8.548427421371e+00,9.952439282638e-01
8.550427521376e+00,9.948178098645e-01
8.552427621381e+00,9.943921982573e-01
8.554427721386e+00,9.939671641389e-01
8.556427821391e+00,9.935427784002e-01
8.558427921396e+00,9.931191121132e-01
8.560428021401e+00,9.926962365201e-01
8.562428121406e+00,9.922742230224e-01
8.564428221411e+00,9.918531431652e-01
8.566428321416e+00,9.914330686250e-01
8.568428421421e+00,9.910140711967e-01
8.570428521426e+00,9.905962227803e-01
8.572428621431e+00,9.901795953668e-01
8.574428721436e+00,9.897642610244e-01
8.576428821441e+00,9.893502918846e-01
8.578428921446e+00,9.889377601272e-01
8.580429021451e+00,9.885267379664e-01
8.582429121456e+00,9.881172976352e-01
8.584429221461e+00,9.877095113714e-01
8.586429321466e+00,9.873034514014e-01
8.588429421471e+00,9.868991899254e-01
8.590429521476e+00,9.864967991014e-01
8.592429621481e+00,9.860963510296e-01
8.594429721486e+00,9.856979177360e-01
8.596429821491e+00,9.853015711562e-01
8.598429921496e+00,9.849073831192e-01
8.600430021501e+00,9.845154253300e-01
8.602430121506e+00,9.841257693532e-01
8.604430221511e+00,9.837384865956e-01
8.606430321516e+00,9.833536482885e-01
8.608430421521e+00,9.829713254705e-01
8.610430521526e+00,9.825915889701e-01
8.612430621531e+00,9.822145093915e-01
8.614430721536e+00,9.818401570922e-01
8.616430821541e+00,9.814686021662e-01
8.618430921546e+00,9.810999144259e-01
8.620431021551e+00,9.807341633842e-01
8.622431121556e+00,9.803714182356e-01
8.624431221561e+00,9.800117478379e-01
8.626431321566e+00,9.796552206937e-01
8.628431421571e+00,9.793019049315e-01
8.630431521576e+00,9.789518682869e-01
8.632431621581e+00,9.786051780836e-01
8.634431721586e+00,9.782619012146e-01
8.636431821591e+00,9.779221041232e-01
8.638431921596e+00,9.775858527836e-01
8.640432021601e+00,9.772532126821e-01
8.642432121606e+00,9.769242487976e-01
8.644432221611e+00,9.765990255825e-01
8.646432321616e+00,9.762776069433e-01
8.648432421621e+00,9.759600562213e-01
8.650432521626e+00,9.756464361734e-01
8.652432621631e+00,9.753368089527e-01
8.654432721636e+00,9.750312360902e-01
8.656432821641e+00,9.747297784747e-01
8.658432921646e+00,9.744324963338e-01
8.660433021651e+00,9.741394492146e-01
8.662433121656e+00,9.738506959653e-01
8.664433221661e+00,9.735662947157e-01
8.666433321666e+00,9.732863028583e-01
8.668433421671e+00,9.730107770302e-01
8.670433521676e+00,9.727397730938e-01
8.672433621681e+00,9.724733461183e-01
8.674433721686e+00,9.722115503616e-01
8.676433821691e+00,9.719544392520e-01
8.678433921696e+00,9.717020653699e-01
8.680434021701e+00,9.714544804299e-01
8.682434121706e+00,9.712117352633e-01
8.684434221711e+00,9.709738798005e-01
8.686434321716e+00,9.707409630534e-01
8.688434421721e+00,9.705130330987e-01
8.690434521726e+00,9.702901370608e-01
8.692434621731e+00,9.700723210955e-01
8.694434721736e+00,9.698596303731e-01
8.696434821741e+00,9.696521090622e-01
8.698434921746e+00,9.694498003142e-01
8.700435021751e+00,9.692527462480e-01
8.702435121756e+00,9.690609879340e-01
8.704435221761e+00,9.688745653798e-01
8.706435321766e+00,9.686935175154e-01
8.708435421771e+00,9.685178821789e-01
8.710435521776e+00,9.683476961027e-01
8.712435621781e+00,9.681829948998e-01
8.714435721786e+00,9.680238130503e-01
8.716435821791e+00,9.678701838891e-01
8.718435921796e+00,9.677221395929e-01
8.720436021801e+00,9.675797111682e-01
8.722436121806e+00,9.674429284400e-01
8.724436221811e+00,9.673118200404e-01
8.726436321816e+00,9.671864133977e-01
8.728436421821e+00,9.670667347263e-01
8.730436521826e+00,9.669528090169e-01
8.732436621831e+00,9.668446600271e-01
8.734436721836e+00,9.667423102707e-01
8.736436821841e+00,9.666457810107e-01
8.738436921846e+00,9.665550922508e-01
8.740437021851e+00,9.664702627280e-01
8.742437121856e+00,9.663913099051e-01
8.744437221861e+00,9.663182499641e-01
8.746437321866e+00,9.662510978003e-01
8.748437421871e+00,9.661898670167e-01
8.750437521876e+00,9.661345699183e-01
8.752437621881e+00,9.660852175079e-01
8.754437721886e+00,9.660418194814e-01
8.756437821891e+00,9.660043842249e-01
8.758437921896e+00,9.659729188108e-01
8.760438021901e+00,9.659474289957e-01
8.762438121906e+00,9.659279192182e-01
8.764438221911e+00,9.659143925978e-01
8.766438321916e+00,9.659068509335e-01
8.768438421921e+00,9.659052947043e-01
8.770438521926e+00,9.659097230672e-01
8.772438621931e+00,9.659201338587e-01
8.774438721936e+00,9.659365235962e-01
8.776438821941e+00,9.659588874795e-01
8.778438921946e+00,9.659872193931e-01
8.780439021951e+00,9.660215119082e-01
8.782439121956e+00,9.660617562870e-01
8.784439221961e+00,9.661079424854e-01
8.786439321966e+00,9.661600591579e-01
8.788439421971e+00,9.662180936618e-01
8.790439521976e+00,9.662820320627e-01
8.792439621981e+00,9.663518591401e-01
8.794439721986e+00,9.664275583936e-01
8.796439821991e+00,9.665091120498e-01
8.798439921996e+00,9.665965010692e-01
8.800440022001e+00,9.666897051547e-01
8.802440122006e+00,9.667887027591e-01
8.804440222011e+00,9.668934710947e-01
8.806440322016e+00,9.670039861415e-01
8.808440422021e+00,9.671202226558e-01
8.810440522026e+00,9.672421541819e-01
8.812440622031e+00,9.673697530618e-01
8.814440722036e+00,9.675029904464e-01
8.816440822041e+00,9.676418363064e-01
8.818440922046e+00,9.677862594445e-01
8.820441022051e+00,9.679362275071e-01
8.822441122056e+00,9.680917069974e-01
8.824441222061e+00,9.682526632875e-01
8.826441322066e+00,9.684190606320e-01
8.828441422071e+00,9.685908621819e-01
8.830441522076e+00,9.687680299979e-01
8.832441622081e+00,9.689505250654e-01
8.834441722086e+00,9.691383073086e-01
8.836441822091e+00,9.693313356057e-01
8.838441922096e+00,9.695295678045e-01
8.840442022101e+00,9.697329607380e-01
8.842442122106e+00,9.699414702401e-01
8.844442222111e+00,9.701550511626e-01
8.846442322116e+00,9.703736573897e-01
8.848442422121e+00,9.705972418551e-01
8.850442522126e+00,9.708257565601e-01
8.852442622131e+00,9.710591525902e-01
8.854442722136e+00,9.712973801322e-01
8.856442822141e+00,9.715403884919e-01
8.858442922146e+00,9.717881261122e-01
8.860443022151e+00,9.720405405904e-01
8.862443122156e+00,9.722975786969e-01
8.864443222161e+00,9.725591863930e-01
8.866443322166e+00,9.728253088495e-01
8.868443422171e+00,9.730958904653e-01
8.870443522176e+00,9.733708748857e-01
8.872443622181e+00,9.736502050217e-01
8.874443722186e+00,9.739338230683e-01
8.876443822191e+00,9.742216705239e-01
8.878443922196e+00,9.745136882093e-01
8.880444022201e+00,9.748098162866e-01
8.882444122206e+00,9.751099942787e-01
8.884444222211e+00,9.754141610881e-01
8.886444322216e+00,9.757222550159e-01
8.888444422221e+00,9.760342137814e-01
8.890444522226e+00,9.763499745417e-01
8.892444622231e+00,9.766694739101e-01
8.894444722236e+00,9.769926479760e-01
8.896444822241e+00,9.773194323241e-01
8.898444922246e+00,9.776497620529e-01
8.900445022251e+00,9.779835717949e-01
8.902445122256e+00,9.783207957345e-01
8.904445222261e+00,9.786613676283e-01
8.906445322266e+00,9.790052208228e-01
8.908445422271e+00,9.793522882743e-01
8.910445522276e+00,9.797025025672e-01
8.912445622281e+00,9.800557959328e-01
8.914445722286e+00,9.804121002681e-01
8.916445822291e+00,9.807713471538e-01
8.918445922296e+00,9.811334678732e-01
8.920446022301e+00,9.814983934300e-01
8.922446122306e+00,9.818660545667e-01
8.924446222311e+00,9.822363817826e-01
8.926446322316e+00,9.826093053514e-01
8.928446422321e+00,9.829847553394e-01
8.930446522326e+00,9.833626616221e-01
8.932446622331e+00,9.837429539027e-01
8.934446722336e+00,9.841255617282e-01
8.936446822341e+00,9.845104145072e-01
8.938446922346e+00,9.848974415262e-01
8.940447022351e+00,9.852865719665e-01
8.942447122356e+00,9.856777349205e-01
8.944447222361e+00,9.860708594082e-01
8.946447322366e+00,9.864658743930e-01
8.948447422371e+00,9.868627087978e-01
8.950447522376e+00,9.872612915204e-01
8.952447622381e+00,9.876615514494e-01
8.954447722386e+00,9.880634174787e-01
8.956447822391e+00,9.884668185231e-01
8.958447922396e+00,9.888716835328e-01
8.960448022401e+00,9.892779415077e-01
8.962448122406e+00,9.896855215120e-01
8.964448222411e+00,9.900943526881e-01
8.966448322416e+00,9.905043642713e-01
8.968448422421e+00,9.909154856028e-01
8.970448522426e+00,9.913276461431e-01
8.972448622431e+00,9.917407754852e-01
8.974448722436e+00,9.921548033678e-01
8.976448822441e+00,9.925696596876e-01
8.978448922446e+00,9.929852745123e-01
8.980449022451e+00,9.934015780922e-01
8.982449122456e+00,9.938185008726e-01
8.984449222461e+00,9.942359735054e-01
8.986449322466e+00,9.946539268610e-01
8.988449422471e+00,9.950722920391e-01
8.990449522476e+00,9.954910003801e-01
8.992449622481e+00,9.959099834759e-01
8.994449722486e+00,9.963291731806e-01
8.996449822491e+00,9.967485016205e-01
8.998449922496e+00,9.971679012045e-01
9.000450022501e+00,9.975873046339e-01
9.002450122506e+00,9.980066449120e-01
9.004450222511e+00,9.984258553532e-01
9.006450322516e+00,9.988448695924e-01
9.008450422521e+00,9.992636215936e-01
9.010450522526e+00,9.996820456594e-01
9.012450622531e+00,1.000100076440e+00
9.014450722536e+00,1.000517648941e+00
9.016450822541e+00,1.000934698530e+00
9.018450922546e+00,1.001351160946e+00
9.020451022551e+00,1.001766972308e+00
9.022451122556e+00,1.002182069120e+00
9.024451222561e+00,1.002596388278e+00
9.026451322566e+00,1.003009867082e+00
9.028451422571e+00,1.003422443234e+00
9.030451522576e+00,1.003834054855e+00
9.032451622581e+00,1.004244640483e+00
9.034451722586e+00,1.004654139082e+00
9.036451822591e+00,1.005062490051e+00
9.038451922596e+00,1.005469633225e+00
9.040452022601e+00,1.005875508883e+00
9.042452122606e+00,1.006280057754e+00
9.044452222611e+00,1.006683221021e+00
9.046452322616e+00,1.007084940328e+00
9.048452422621e+00,1.007485157781e+00
9.050452522626e+00,1.007883815956e+00
9.052452622631e+00,1.008280857905e+00
9.054452722636e+00,1.008676227154e+00
9.056452822641e+00,1.009069867713e+00
9.058452922646e+00,1.009461724077e+00
9.060453022651e+00,1.009851741233e+00
9.062453122656e+00,1.010239864662e+00
9.064453222661e+00,1.010626040341e+00
9.066453322666e+00,1.011010214750e+00
9.068453422671e+00,1.011392334870e+00
9.070453522676e+00,1.011772348192e+00
9.072453622681e+00,1.012150202717e+00
9.074453722686e+00,1.012525846957e+00
9.076453822691e+00,1.012899229941e+00
9.078453922696e+00,1.013270301218e+00
9.080454022701e+00,1.013639010854e+00
9.082454122706e+00,1.014005309442e+00
9.084454222711e+00,1.014369148098e+00
9.086454322716e+00,1.014730478467e+00
9.088454422721e+00,1.015089252721e+00
9.090454522726e+00,1.015445423566e+00
9.092454622731e+00,1.015798944239e+00
9.094454722736e+00,1.016149768513e+00
9.096454822741e+00,1.016497850696e+00
9.098454922746e+00,1.016843145635e+00
9.100455022751e+00,1.017185608714e+00
9.102455122756e+00,1.017525195860e+00
9.104455222761e+00,1.017861863537e+00
9.106455322766e+00,1.018195568755e+00
9.108455422771e+00,1.018526269065e+00
9.110455522776e+00,1.018853922563e+00
9.112455622781e+00,1.019178487889e+00
9.114455722786e+00,1.019499924232e+00
9.116455822791e+00,1.019818191322e+00
9.118455922796e+00,1.020133249442e+00
9.120456022801e+00,1.020445059416e+00
9.122456122806e+00,1.020753582620e+00
9.124456222811e+00,1.021058780978e+00
9.126456322816e+00,1.021360616960e+00
9.128456422821e+00,1.021659053586e+00
9.130456522826e+00,1.021954054425e+00
9.132456622831e+00,1.022245583595e+00
9.134456722836e+00,1.022533605762e+00
9.136456822841e+00,1.022818086143e+00
9.138456922846e+00,1.023098990501e+00
9.140457022851e+00,1.023376285151e+00
9.142457122856e+00,1.023649936954e+00
9.144457222861e+00,1.023919913322e+00
9.146457322866e+00,1.024186182213e+00
9.148457422871e+00,1.024448712135e+00
9.150457522876e+00,1.024707472143e+00
9.152457622881e+00,1.024962431840e+00
9.154457722886e+00,1.025213561376e+00
9.156457822891e+00,1.025460831446e+00
9.158457922896e+00,1.025704213294e+00
9.160458022901e+00,1.025943678708e+00
9.162458122906e+00,1.026179200022e+00
9.164458222911e+00,1.026410750115e+00
9.166458322916e+00,1.026638302411e+00
9.168458422921e+00,1.026861830877e+00
9.170458522926e+00,1.027081310022e+00
9.172458622931e+00,1.027296714902e+00
9.174458722936e+00,1.027508021109e+00
9.176458822941e+00,1.027715204783e+00
9.178458922946e+00,1.027918242600e+00
9.180459022951e+00,1.028117111778e+00
9.182459122956e+00,1.028311790076e+00
9.184459222961e+00,1.028502255789e+00
9.186459322966e+00,1.028688487754e+00
9.188459422971e+00,1.028870465342e+00
9.190459522976e+00,1.029048168465e+00
9.192459622981e+00,1.029221577567e+00
9.194459722986e+00,1.029390673632e+00
9.196459822991e+00,1.029555438176e+00
9.198459922996e+00,1.029715853251e+00
9.200460023001e+00,1.029871901443e+00
9.202460123006e+00,1.030023565868e+00
9.204460223011e+00,1.030170830179e+00
9.206460323016e+00,1.030313678558e+00
9.208460423021e+00,1.030452095718e+00
9.210460523026e+00,1.030586066905e+00
9.212460623031e+00,1.030715577890e+00
9.214460723036e+00,1.030840614979e+00
9.216460823041e+00,1.030961165004e+00
9.218460923046e+00,1.031077215323e+00
9.220461023051e+00,1.031188753824e+00
9.222461123056e+00,1.031295768923e+00
9.224461223061e+00,1.031398249558e+00
9.226461323066e+00,1.031496185197e+00
9.228461423071e+00,1.031589565832e+00
9.230461523076e+00,1.031678381977e+00
9.232461623081e+00,1.031762624674e+00
9.234461723086e+00,1.031842285487e+00
9.236461823091e+00,1.031917356502e+00
9.238461923096e+00,1.031987830329e+00
9.240462023101e+00,1.032053700101e+00
9.242462123106e+00,1.032114959471e+00
9.244462223111e+00,1.032171602615e+00
9.246462323116e+00,1.032223624228e+00
9.248462423121e+00,1.032271019528e+00
9.250462523126e+00,1.032313784252e+00
9.252462623131e+00,1.032351914657e+00
9.254462723136e+00,1.032385407519e+00
9.256462823141e+00,1.032414260135e+00
9.258462923146e+00,1.032438470319e+00
9.260463023151e+00,1.032458036405e+00
9.262463123156e+00,1.032472957245e+00
9.264463223161e+00,1.032483232210e+00
9.266463323166e+00,1.032488861187e+00
9.268463423171e+00,1.032489844583e+00
9.270463523176e+00,1.032486183322e+00
9.272463623181e+00,1.032477878845e+00
9.274463723186e+00,1.032464933111e+00
9.276463823191e+00,1.032447348597e+00
9.278463923196e+00,1.032425128295e+00
9.280464023201e+00,1.032398275715e+00
9.282464123206e+00,1.032366794886e+00
9.284464223211e+00,1.032330690352e+00
9.286464323216e+00,1.032289967174e+00
9.288464423221e+00,1.032244630930e+00
9.290464523226e+00,1.032194687717e+00
9.292464623231e+00,1.032140144146e+00
9.294464723236e+00,1.032081007347e+00
9.296464823241e+00,1.032017284967e+00
9.298464923246e+00,1.031948985170e+00
9.300465023251e+00,1.031876116638e+00
9.302465123256e+00,1.031798688569e+00
9.304465223261e+00,1.031716710679e+00
9.306465323266e+00,1.031630193204e+00
9.308465423271e+00,1.031539146895e+00
9.310465523276e+00,1.031443583022e+00
9.312465623281e+00,1.031343513375e+00
9.314465723286e+00,1.031238950259e+00
9.316465823291e+00,1.031129906501e+00
9.318465923296e+00,1.031016395446e+00
9.320466023301e+00,1.030898430956e+00
9.322466123306e+00,1.030776027416e+00
9.324466223311e+00,1.030649199728e+00
9.326466323316e+00,1.030517963314e+00
9.328466423321e+00,1.030382334117e+00
9.330466523326e+00,1.030242328602e+00
9.332466623331e+00,1.030097963750e+00
9.334466723336e+00,1.029949257068e+00
9.336466823341e+00,1.029796226581e+00
9.338466923346e+00,1.029638890836e+00
9.340467023351e+00,1.029477268904e+00
9.342467123356e+00,1.029311380376e+00
9.344467223361e+00,1.029141245366e+00
9.346467323366e+00,1.028966884510e+00
9.348467423371e+00,1.028788318967e+00
9.350467523376e+00,1.028605570421e+00
9.352467623381e+00,1.028418661078e+00
9.354467723386e+00,1.028227613667e+00
9.356467823391e+00,1.028032451442e+00
9.358467923396e+00,1.027833198181e+00
9.360468023401e+00,1.027629878187e+00
9.362468123406e+00,1.027422516286e+00
9.364468223411e+00,1.027211137832e+00
9.366468323416e+00,1.026995768701e+00
9.368468423421e+00,1.026776435294e+00
9.370468523426e+00,1.026553164540e+00
9.372468623431e+00,1.026325983893e+00
9.374468723436e+00,1.026094921329e+00
9.376468823441e+00,1.025860005354e+00
9.378468923446e+00,1.025621264998e+00
9.380469023451e+00,1.025378729817e+00
9.382469123456e+00,1.025132429892e+00
9.384469223461e+00,1.024882395831e+00
9.386469323466e+00,1.024628658767e+00
9.388469423471e+00,1.024371250358e+00
9.390469523476e+00,1.024110202788e+00
9.392469623481e+00,1.023845548767e+00
9.394469723486e+00,1.023577321529e+00
9.396469823491e+00,1.023305554833e+00
9.398469923496e+00,1.023030282964e+00
9.400470023501e+00,1.022751540729e+00
9.402470123506e+00,1.022469363459e+00
9.404470223511e+00,1.022183787011e+00
9.406470323516e+00,1.021894847762e+00
9.408470423521e+00,1.021602582612e+00
9.410470523526e+00,1.021307028984e+00
9.412470623531e+00,1.021008224821e+00
9.414470723536e+00,1.020706208586e+00
9.416470823541e+00,1.020401019262e+00
9.418470923546e+00,1.020092696351e+00
9.420471023551e+00,1.019781279872e+00
9.422471123556e+00,1.019466810363e+00
9.424471223561e+00,1.019149328874e+00
9.426471323566e+00,1.018828876973e+00
9.428471423571e+00,1.018505496740e+00
9.430471523576e+00,1.018179230767e+00
9.432471623581e+00,1.017850122157e+00
9.434471723586e+00,1.017518214522e+00
9.436471823591e+00,1.017183551981e+00
9.438471923596e+00,1.016846179162e+00
9.440472023601e+00,1.016506141193e+00
9.442472123606e+00,1.016163483707e+00
9.444472223611e+00,1.015818252838e+00
9.446472323616e+00,1.015470495218e+00
9.448472423621e+00,1.015120257974e+00
9.450472523626e+00,1.014767588728e+00
9.452472623631e+00,1.014412535596e+00
9.454472723636e+00,1.014055147179e+00
9.456472823641e+00,1.013695472569e+00
9.458472923646e+00,1.013333561339e+00
9.460473023651e+00,1.012969463545e+00
9.462473123656e+00,1.012603229720e+00
9.464473223661e+00,1.012234910874e+00
9.466473323666e+00,1.011864558487e+00
9.468473423671e+00,1.011492224509e+00
9.470473523676e+00,1.011117961355e+00
9.472473623681e+00,1.010741821902e+00
9.474473723686e+00,1.010363859484e+00
9.476473823691e+00,1.009984127890e+00
9.478473923696e+00,1.009602681357e+00
9.480474023701e+00,1.009219574572e+00
9.482474123706e+00,1.008834862660e+00
9.484474223711e+00,1.008448601184e+00
9.486474323716e+00,1.008060846140e+00
9.488474423721e+00,1.007671653952e+00
9.490474523726e+00,1.007281081464e+00
9.492474623731e+00,1.006889185941e+00
9.494474723736e+00,1.006496025058e+00
9.496474823741e+00,1.006101656899e+00
9.498474923746e+00,1.005706139948e+00
9.500475023751e+00,1.005309533084e+00
9.502475123756e+00,1.004911895576e+00
9.504475223761e+00,1.004513287078e+00
9.506475323766e+00,1.004113767619e+00
9.508475423771e+00,1.003713397600e+00
9.510475523776e+00,1.003312237784e+00
9.512475623781e+00,1.002910349295e+00
9.514475723786e+00,1.002507793602e+00
9.516475823791e+00,1.002104632519e+00
9.518475923796e+00,1.001700928196e+00
9.520476023801e+00,1.001296743108e+00
9.522476123806e+00,1.000892140053e+00
9.524476223811e+00,1.000487182140e+00
9.526476323816e+00,1.000081932779e+00
9.528476423821e+00,9.996764556786e-01
9.530476523826e+00,9.992708148322e-01
9.532476623831e+00,9.988650745108e-01
9.534476723836e+00,9.984592992544e-01
9.536476823841e+00,9.980535538620e-01
9.538476923846e+00,9.976479033824e-01
9.540477023851e+00,9.972424131049e-01
9.542477123856e+00,9.968371485487e-01
9.544477223861e+00,9.964321754538e-01
9.546477323866e+00,9.960275597698e-01
9.548477423871e+00,9.956233676461e-01
9.550477523876e+00,9.952196654210e-01
9.552477623881e+00,9.948165196108e-01
9.554477723886e+00,9.944139968985e-01
9.556477823891e+00,9.940121641229e-01
9.558477923896e+00,9.936110882665e-01
9.560478023901e+00,9.932108364441e-01
9.562478123906e+00,9.928114758906e-01
9.564478223911e+00,9.924130739485e-01
9.566478323916e+00,9.920156980558e-01
9.568478423921e+00,9.916194157330e-01
9.570478523926e+00,9.912242945710e-01
9.572478623931e+00,9.908304022205e-01
9.574478723936e+00,9.904378063747e-01
9.576478823941e+00,9.900465747578e-01
9.578478923946e+00,9.896567751115e-01
9.580479023951e+00,9.892684751808e-01
9.582479123956e+00,9.888817427005e-01
9.584479223961e+00,9.884966453805e-01
9.586479323966e+00,9.881132508919e-01
9.588479423971e+00,9.877316268523e-01
9.590479523976e+00,9.873518408112e-01
9.592479623981e+00,9.869739602352e-01
9.594479723986e+00,9.865980524929e-01
9.596479823991e+00,9.862241848397e-01
9.598479923996e+00,9.858524244028e-01
9.600480024001e+00,9.854828381653e-01
9.602480124006e+00,9.851154929507e-01
9.604480224011e+00,9.847504554074e-01
9.606480324016e+00,9.843877919921e-01
9.608480424021e+00,9.840275689544e-01
9.610480524026e+00,9.836698523196e-01
9.612480624031e+00,9.833147078733e-01
9.614480724036e+00,9.829622011440e-01
9.616480824041e+00,9.826123973864e-01
9.618480924046e+00,9.822653615649e-01
9.620481024051e+00,9.819211583374e-01
9.622481124056e+00,9.815798520404e-01
9.624481224061e+00,9.812415066686e-01
9.626481324066e+00,9.809061858588e-01
9.628481424071e+00,9.805739528733e-01
9.630481524076e+00,9.802448705821e-01
9.632481624081e+00,9.799190014459e-01
9.634481724086e+00,9.795964074989e-01
9.636481824091e+00,9.792771503313e-01
9.638481924096e+00,9.789612910716e-01
9.640482024101e+00,9.786488903699e-01
9.642482124106e+00,9.783400083796e-01
9.644482224111e+00,9.780347047407e-01
9.646482324116e+00,9.777330385619e-01
9.648482424121e+00,9.774350684030e-01
9.650482524126e+00,9.771408522581e-01
9.652482624131e+00,9.768504475376e-01
9.654482724136e+00,9.765639110511e-01
9.656482824141e+00,9.762812989897e-01
9.658482924146e+00,9.760026669094e-01
9.660483024151e+00,9.757280697129e-01
9.662483124156e+00,9.754575616337e-01
9.664483224161e+00,9.751911962182e-01
9.666483324166e+00,9.749290263092e-01
9.668483424171e+00,9.746711040285e-01
9.670483524176e+00,9.744174807605e-01
9.672483624181e+00,9.741682071360e-01
9.674483724186e+00,9.739233330148e-01
9.676483824191e+00,9.736829074705e-01
9.678483924196e+00,9.734469787733e-01
9.680484024201e+00,9.732155943747e-01
9.682484124206e+00,9.729888008913e-01
9.684484224211e+00,9.727666440895e-01
9.686484324216e+00,9.725491688695e-01
9.688484424221e+00,9.723364192506e-01
9.690484524226e+00,9.721284383559e-01
9.692484624231e+00,9.719252683977e-01
9.694484724236e+00,9.717269506628e-01
9.696484824241e+00,9.715335254985e-01
9.698484924246e+00,9.713450322983e-01
9.700485024251e+00,9.711615094888e-01
9.702485124256e+00,9.709829945154e-01
9.704485224261e+00,9.708095238287e-01
9.706485324266e+00,9.706411328728e-01
9.708485424271e+00,9.704778560720e-01
9.710485524276e+00,9.703197268186e-01
9.712485624281e+00,9.701667774611e-01
9.714485724286e+00,9.700190392926e-01
9.716485824291e+00,9.698765425395e-01
9.718485924296e+00,9.697393163505e-01
9.720486024301e+00,9.696073887862e-01
9.722486124306e+00,9.694807868088e-01
9.724486224311e+00,9.693595362720e-01
9.726486324316e+00,9.692436619121e-01
9.728486424321e+00,9.691331873384e-01
9.730486524326e+00,9.690281350246e-01
9.732486624331e+00,9.689285263011e-01
9.734486724336e+00,9.688343813467e-01
9.736486824341e+00,9.687457191815e-01
9.738486924346e+00,9.686625576601e-01
9.740487024351e+00,9.685849134651e-01
9.742487124356e+00,9.685128020994e-01
9.744487224361e+00,9.684462378819e-01
9.746487324366e+00,9.683852339422e-01
9.748487424371e+00,9.683298022152e-01
9.750487524376e+00,9.682799534373e-01
9.752487624381e+00,9.682356971424e-01
9.754487724386e+00,9.681970416581e-01
9.756487824391e+00,9.681639941034e-01
9.758487924396e+00,9.681365603853e-01
9.760488024401e+00,9.681147451974e-01
9.762488124406e+00,9.680985520177e-01
9.764488224411e+00,9.680879831080e-01
9.766488324416e+00,9.680830395127e-01
9.768488424421e+00,9.680837210588e-01
9.770488524426e+00,9.680900263563e-01
9.772488624431e+00,9.681019527991e-01
9.774488724436e+00,9.681194965660e-01
9.776488824441e+00,9.681426526229e-01
9.778488924446e+00,9.681714147246e-01
9.780489024451e+00,9.682057754158e-01
9.782489124456e+00,9.682457260363e-01
9.784489224461e+00,9.682912567234e-01
9.786489324466e+00,9.683423564166e-01
9.788489424471e+00,9.683990128613e-01
9.790489524476e+00,9.684612126143e-01
9.792489624481e+00,9.685289410488e-01
9.794489724486e+00,9.686021823600e-01
9.796489824491e+00,9.686809195718e-01
9.798489924496e+00,9.687651345429e-01
9.800490024501e+00,9.688548079738e-01
9.802490124506e+00,9.689499194147e-01
9.804490224511e+00,9.690504472730e-01
9.806490324516e+00,9.691563688217e-01
9.808490424521e+00,9.692676602082e-01
9.810490524526e+00,9.693842964635e-01
9.812490624531e+00,9.695062515120e-01
9.814490724536e+00,9.696334981813e-01
9.816490824541e+00,9.697660082109e-01
9.818490924546e+00,9.699037522643e-01
9.820491024551e+00,9.700466999397e-01
9.822491124556e+00,9.701948197811e-01
9.824491224561e+00,9.703480792902e-01
9.826491324566e+00,9.705064449381e-01
9.828491424571e+00,9.706698821779e-01
9.830491524576e+00,9.708383554574e-01
9.832491624581e+00,9.710118282318e-01
9.834491724586e+00,9.711902629767e-01
9.836491824591e+00,9.713736212023e-01
9.838491924596e+00,9.715618634663e-01
9.840492024601e+00,9.717549493886e-01
9.842492124606e+00,9.719528376651e-01
9.844492224611e+00,9.721554860828e-01
9.846492324616e+00,9.723628515338e-01
9.848492424621e+00,9.725748900315e-01
9.850492524626e+00,9.727915567249e-01
9.852492624631e+00,9.730128059148e-01
9.854492724636e+00,9.732385910694e-01
9.856492824641e+00,9.734688648403e-01
9.858492924646e+00,9.737035790772e-01
9.860493024651e+00,9.739426848441e-01
9.862493124656e+00,9.741861324370e-01
9.864493224661e+00,9.744338714000e-01
9.866493324666e+00,9.746858505414e-01
9.868493424671e+00,9.749420179510e-01
9.870493524676e+00,9.752023210166e-01
9.872493624681e+00,9.754667064409e-01
9.874493724686e+00,9.757351202589e-01
9.876493824691e+00,9.760075078547e-01
9.878493924696e+00,9.762838139789e-01
9.880494024701e+00,9.765639827656e-01
9.882494124706e+00,9.768479577501e-01
9.884494224711e+00,9.771356818858e-01
9.886494324716e+00,9.774270975622e-01
9.888494424721e+00,9.777221466217e-01
9.890494524726e+00,9.780207703775e-01
9.892494624731e+00,9.783229096309e-01
9.894494724736e+00,9.786285046889e-01
9.896494824741e+00,9.789374953815e-01
9.898494924746e+00,9.792498210787e-01
9.900495024751e+00,9.795654207086e-01
9.902495124756e+00,9.798842327743e-01
9.904495224761e+00,9.802061953714e-01
9.906495324766e+00,9.805312462053e-01
9.908495424771e+00,9.808593226083e-01
9.910495524776e+00,9.811903615566e-01
9.912495624781e+00,9.815242996874e-01
9.914495724786e+00,9.818610733162e-01
9.916495824791e+00,9.822006184533e-01
9.918495924796e+00,9.825428708205e-01
9.920496024801e+00,9.828877658684e-01
9.922496124806e+00,9.832352387922e-01
9.924496224811e+00,9.835852245487e-01
9.926496324816e+00,9.839376578726e-01
9.928496424821e+00,9.842924732923e-01
9.930496524826e+00,9.846496051462e-01
9.932496624831e+00,9.850089875987e-01
9.934496724836e+00,9.853705546559e-01
9.936496824841e+00,9.857342401808e-01
9.938496924846e+00,9.860999779099e-01
9.940497024851e+00,9.864677014674e-01
9.942497124856e+00,9.868373443811e-01
9.944497224861e+00,9.872088400970e-01
9.946497324866e+00,9.875821219942e-01
9.948497424871e+00,9.879571233997e-01
9.950497524876e+00,9.883337776025e-01
9.952497624881e+00,9.887120178681e-01
9.954497724886e+00,9.890917774529e-01
9.956497824891e+00,9.894729896174e-01
9.958497924896e+00,9.898555876405e-01
9.960498024901e+00,9.902395048330e-01
9.962498124906e+00,9.906246745508e-01
9.964498224911e+00,9.910110302081e-01
9.966498324916e+00,9.913985052903e-01
9.968498424921e+00,9.917870333667e-01
9.970498524926e+00,9.921765481032e-01
9.972498624931e+00,9.925669832746e-01
9.974498724936e+00,9.929582727762e-01
9.976498824941e+00,9.933503506361e-01
9.978498924946e+00,9.937431510268e-01
9.980499024951e+00,9.941366082767e-01
9.982499124956e+00,9.945306568825e-01
9.984499224961e+00,9.949252315188e-01
9.986499324966e+00,9.953202670494e-01
9.988499424971e+00,9.957156985382e-01
9.990499524976e+00,9.961114612597e-01
9.992499624981e+00,9.965074907089e-01
9.994499724986e+00,9.969037226113e-01
9.996499824991e+00,9.973000929333e-01
9.998499924996e+00,9.976965378910e-01
1.000050002500e+01,9.980929939604e-01
1.000250012501e+01,9.984893978861e-01
1.000450022501e+01,9.988856866905e-01
1.000650032502e+01,9.992817976828e-01
1.000850042502e+01,9.996776684673e-01
1.001050052503e+01,1.000073236952e+00
1.001250062503e+01,1.000468441357e+00
1.001450072504e+01,1.000863220221e+00
1.001650082504e+01,1.001257512413e+00
1.001850092505e+01,1.001651257134e+00
1.002050102505e+01,1.002044393930e+00
1.002250112506e+01,1.002436862695e+00
1.002450122506e+01,1.002828603679e+00
1.002650132507e+01,1.003219557498e+00
1.002850142507e+01,1.003609665137e+00
1.003050152508e+01,1.003998867959e+00
1.003250162508e+01,1.004387107708e+00
1.003450172509e+01,1.004774326519e+00
1.003650182509e+01,1.005160466922e+00
1.003850192510e+01,1.005545471847e+00
1.004050202510e+01,1.005929284630e+00
1.004250212511e+01,1.006311849021e+00
1.004450222511e+01,1.006693109184e+00
1.004650232512e+01,1.007073009708e+00
1.004850242512e+01,1.007451495606e+00
1.005050252513e+01,1.007828512325e+00
1.005250262513e+01,1.008204005748e+00
1.005450272514e+01,1.008577922198e+00
1.005650282514e+01,1.008950208443e+00
1.005850292515e+01,1.009320811702e+00
1.006050302515e+01,1.009689679644e+00
1.006250312516e+01,1.010056760399e+00
1.006450322516e+01,1.010422002555e+00
1.006650332517e+01,1.010785355164e+00
1.006850342517e+01,1.011146767747e+00
1.007050352518e+01,1.011506190295e+00
1.007250362518e+01,1.011863573274e+00
1.007450372519e+01,1.012218867625e+00
1.007650382519e+01,1.012572024770e+00
1.007850392520e+01,1.012922996615e+00
1.008050402520e+01,1.013271735549e+00
1.008250412521e+01,1.013618194451e+00
1.008450422521e+01,1.013962326690e+00
1.008650432522e+01,1.014304086128e+00
1.008850442522e+01,1.014643427119e+00
1.009050452523e+01,1.014980304517e+00
1.009250462523e+01,1.015314673674e+00
1.009450472524e+01,1.015646490441e+00
1.009650482524e+01,1.015975711175e+00
1.009850492525e+01,1.016302292733e+00
1.010050502525e+01,1.016626192482e+00
1.010250512526e+01,1.016947368292e+00
1.010450522526e+01,1.017265778545e+00
1.010650532527e+01,1.017581382131e+00
1.010850542527e+01,1.017894138453e+00
1.011050552528e+01,1.018204007425e+00
1.011250562528e+01,1.018510949474e+00
1.011450572529e+01,1.018814925544e+00
1.011650582529e+01,1.019115897091e+00
1.011850592530e+01,1.019413826089e+00
1.012050602530e+01,1.019708675029e+00
1.012250612531e+01,1.020000406919e+00
1.012450622531e+01,1.020288985286e+00
1.012650632532e+01,1.020574374174e+00
1.012850642532e+01,1.020856538150e+00
1.013050652533e+01,1.021135442297e+00
1.013250662533e+01,1.021411052221e+00
1.013450672534e+01,1.021683334048e+00
1.013650682534e+01,1.021952254423e+00
1.013850692535e+01,1.022217780516e+00
1.014050702535e+01,1.022479880015e+00
1.014250712536e+01,1.022738521131e+00
1.014450722536e+01,1.022993672596e+00
1.014650732537e+01,1.023245303665e+00
1.014850742537e+01,1.023493384113e+00
1.015050752538e+01,1.023737884237e+00
1.015250762538e+01,1.023978774857e+00
1.015450772539e+01,1.024216027314e+00
1.015650782539e+01,1.024449613470e+00
1.015850792540e+01,1.024679505709e+00
1.016050802540e+01,1.024905676935e+00
1.016250812541e+01,1.025128100575e+00
1.016450822541e+01,1.025346750574e+00
1.016650832542e+01,1.025561601400e+00
1.016850842542e+01,1.025772628040e+00
1.017050852543e+01,1.025979806002e+00
1.017250862543e+01,1.026183111311e+00
1.017450872544e+01,1.026382520513e+00
1.017650882544e+01,1.026578010674e+00
1.017850892545e+01,1.026769559377e+00
1.018050902545e+01,1.026957144724e+00
1.018250912546e+01,1.027140745333e+00
1.018450922546e+01,1.027320340340e+00
1.018650932547e+01,1.027495909401e+00
1.018850942547e+01,1.027667432684e+00
1.019050952548e+01,1.027834890875e+00
1.019250962548e+01,1.027998265176e+00
1.019450972549e+01,1.028157537304e+00
1.019650982549e+01,1.028312689489e+00
1.019850992550e+01,1.028463704478e+00
1.020051002550e+01,1.028610565530e+00
1.020251012551e+01,1.028753256418e+00
1.020451022551e+01,1.028891761427e+00
1.020651032552e+01,1.029026065354e+00
1.020851042552e+01,1.029156153510e+00
1.021051052553e+01,1.029282011716e+00
1.021251062553e+01,1.029403626304e+00
1.021451072554e+01,1.029520984116e+00
1.021651082554e+01,1.029634072506e+00
1.021851092555e+01,1.029742879335e+00
1.022051102555e+01,1.029847392975e+00
1.022251112556e+01,1.029947602307e+00
1.022451122556e+01,1.030043496719e+00
1.022651132557e+01,1.030135066108e+00
1.022851142557e+01,1.030222300877e+00
1.023051152558e+01,1.030305191938e+00
1.023251162558e+01,1.030383730708e+00
1.023451172559e+01,1.030457909111e+00
1.023651182559e+01,1.030527719578e+00
1.023851192560e+01,1.030593155044e+00
1.024051202560e+01,1.030654208949e+00
1.024251212561e+01,1.030710875240e+00
1.024451222561e+01,1.030763148366e+00
1.024651232562e+01,1.030811023282e+00
1.024851242562e+01,1.030854495446e+00
1.025051252563e+01,1.030893560821e+00
1.025251262563e+01,1.030928215871e+00
1.025451272564e+01,1.030958457564e+00
1.025651282564e+01,1.030984283373e+00
1.025851292565e+01,1.031005691271e+00
1.026051302565e+01,1.031022679735e+00
1.026251312566e+01,1.031035247742e+00
1.026451322566e+01,1.031043394773e+00
1.026651332567e+01,1.031047120811e+00
1.026851342567e+01,1.031046426338e+00
1.027051352568e+01,1.031041312342e+00
1.027251362568e+01,1.031031780307e+00
1.027451372569e+01,1.031017832222e+00
1.027651382569e+01,1.030999470576e+00
1.027851392570e+01,1.030976698359e+00
1.028051402570e+01,1.030949519062e+00
1.028251412571e+01,1.030917936676e+00
1.028451422571e+01,1.030881955694e+00
1.028651432572e+01,1.030841581110e+00
1.028851442572e+01,1.030796818416e+00
1.029051452573e+01,1.030747673609e+00
1.029251462573e+01,1.030694153182e+00
1.029451472574e+01,1.030636264133e+00
1.029651482574e+01,1.030574013958e+00
1.029851492575e+01,1.030507410654e+00
1.030051502575e+01,1.030436462719e+00
1.030251512576e+01,1.030361179153e+00
1.030451522576e+01,1.030281569456e+00
1.030651532577e+01,1.030197643628e+00
1.030851542577e+01,1.030109412172e+00
1.031051552578e+01,1.030016886090e+00
1.031251562578e+01,1.029920076886e+00
1.031451572579e+01,1.029818996566e+00
1.031651582579e+01,1.029713657637e+00
1.031851592580e+01,1.029604073106e+00
1.032051602580e+01,1.029490256485e+00
1.032251612581e+01,1.029372221784e+00
1.032451622581e+01,1.029249983518e+00
1.032651632582e+01,1.029123556701e+00
1.032851642582e+01,1.028992956851e+00
1.033051652583e+01,1.028858199989e+00
1.033251662583e+01,1.028719302636e+00
1.033451672584e+01,1.028576281817e+00
1.033651682584e+01,1.028429155059e+00
1.033851692585e+01,1.028277940393e+00
1.034051702585e+01,1.028122656351e+00
1.034251712586e+01,1.027963321969e+00
1.034451722586e+01,1.027799956786e+00
1.034651732587e+01,1.027632580844e+00
1.034851742587e+01,1.027461214689e+00
1.035051752588e+01,1.027285879369e+00
1.035251762588e+01,1.027106596436e+00
1.035451772589e+01,1.026923387946e+00
1.035651782589e+01,1.026736276459e+00
1.035851792590e+01,1.026545285036e+00
1.036051802590e+01,1.026350437244e+00
1.036251812591e+01,1.026151757154e+00
1.036451822591e+01,1.025949269337e+00
1.036651832592e+01,1.025742998873e+00
1.036851842592e+01,1.025532971340e+00
1.037051852593e+01,1.025319212824e+00
1.037251862593e+01,1.025101749911e+00
1.037451872594e+01,1.024880609691e+00
1.037651882594e+01,1.024655819759e+00
1.037851892595e+01,1.024427408210e+00
1.038051902595e+01,1.024195403643e+00
1.038251912596e+01,1.023959835160e+00
1.038451922596e+01,1.023720732365e+00
1.038651932597e+01,1.023478125362e+00
1.038851942597e+01,1.023232044759e+00
1.039051952598e+01,1.022982521663e+00
1.039251962598e+01,1.022729587683e+00
1.039451972599e+01,1.022473274927e+00
1.039651982599e+01,1.022213616004e+00
1.039851992600e+01,1.021950644022e+00
1.040052002600e+01,1.021684392587e+00
1.040252012601e+01,1.021414895802e+00
1.040452022601e+01,1.021142188269e+00
1.040652032602e+01,1.020866305086e+00
1.040852042602e+01,1.020587281845e+00
1.041052052603e+01,1.020305154634e+00
1.041252062603e+01,1.020019960036e+00
1.041452072604e+01,1.019731735124e+00
1.041652082604e+01,1.019440517465e+00
1.041852092605e+01,1.019146345116e+00
1.042052102605e+01,1.018849256623e+00
1.042252112606e+01,1.018549291022e+00
1.042452122606e+01,1.018246487832e+00
1.042652132607e+01,1.017940887063e+00
1.042852142607e+01,1.017632529203e+00
1.043052152608e+01,1.017321455228e+00
1.043252162608e+01,1.017007706591e+00
1.043452172609e+01,1.016691325225e+00
1.043652182609e+01,1.016372353541e+00
1.043852192610e+01,1.016050834425e+00
1.044052202610e+01,1.015726811237e+00
1.044252212611e+01,1.015400327806e+00
1.044452222611e+01,1.015071428434e+00
1.044652232612e+01,1.014740157886e+00
1.044852242612e+01,1.014406561394e+00
1.045052252613e+01,1.014070684651e+00
1.045252262613e+01,1.013732573809e+00
1.045452272614e+01,1.013392275479e+00
1.045652282614e+01,1.013049836724e+00
1.045852292615e+01,1.012705305058e+00
1.046052302615e+01,1.012358728444e+00
1.046252312616e+01,1.012010155289e+00
1.046452322616e+01,1.011659634443e+00
1.046652332617e+01,1.011307215194e+00
1.046852342617e+01,1.010952947263e+00
1.047052352618e+01,1.010596880804e+00
1.047252362618e+01,1.010239066397e+00
1.047452372619e+01,1.009879555049e+00
1.047652382619e+01,1.009518398181e+00
1.047852392620e+01,1.009155647635e+00
1.048052402620e+01,1.008791355660e+00
1.048252412621e+01,1.008425574914e+00
1.048452422621e+01,1.008058358456e+00
1.048652432622e+01,1.007689759742e+00
1.048852442622e+01,1.007319832623e+00
1.049052452623e+01,1.006948631334e+00
1.049252462623e+01,1.006576210494e+00
1.049452472624e+01,1.006202625099e+00
1.049652482624e+01,1.005827930517e+00
1.049852492625e+01,1.005452182480e+00
1.050052502625e+01,1.005075437084e+00
1.050252512626e+01,1.004697750774e+00
1.050452522626e+01,1.004319180348e+00
1.050652532627e+01,1.003939782943e+00
1.050852542627e+01,1.003559616032e+00
1.051052552628e+01,1.003178737416e+00
1.051252562628e+01,1.002797205220e+00
1.051452572629e+01,1.002415077880e+00
1.051652582629e+01,1.002032414144e+00
1.051852592630e+01,1.001649273059e+00
1.052052602630e+01,1.001265713964e+00
1.052252612631e+01,1.000881796485e+00
1.052452622631e+01,1.000497580524e+00
1.052652632632e+01,1.000113126255e+00
1.052852642632e+01,9.997284941116e-01
1.053052652633e+01,9.993437447807e-01
1.053252662633e+01,9.989589391939e-01
1.053452672634e+01,9.985741385183e-01
1.053652682634e+01,9.981894041476e-01
1.053852692635e+01,9.978047976929e-01
1.054052702635e+01,9.974203809734e-01
1.054252712636e+01,9.970362160063e-01
1.054452722636e+01,9.966523649993e-01
1.054652732637e+01,9.962688903398e-01
1.054852742637e+01,9.958858545836e-01
1.055052752638e+01,9.955033204459e-01
1.055252762638e+01,9.951213507902e-01
1.055452772639e+01,9.947400086182e-01
1.055652782639e+01,9.943593570588e-01
1.055852792640e+01,9.939794593567e-01
1.056052802640e+01,9.936003788621e-01
1.056252812641e+01,9.932221790186e-01
1.056452822641e+01,9.928449233518e-01
1.056652832642e+01,9.924686754581e-01
1.056852842642e+01,9.920934989924e-01
1.057052852643e+01,9.917194576561e-01
1.057252862643e+01,9.913466151852e-01
1.057452872644e+01,9.909750353375e-01
1.057652882644e+01,9.906047818805e-01
1.057852892645e+01,9.902359185780e-01
1.058052902645e+01,9.898685091781e-01
1.058252912646e+01,9.895026173990e-01
1.058452922646e+01,9.891383069166e-01
1.058652932647e+01,9.887756413506e-01
1.058852942647e+01,9.884146842506e-01
1.059052952648e+01,9.880554990828e-01
1.059252962648e+01,9.876981492153e-01
1.059452972649e+01,9.873426979067e-01
1.059652982649e+01,9.869892082909e-01
1.059852992650e+01,9.866377433616e-01
1.060053002650e+01,9.862883659584e-01
1.060253012651e+01,9.859411387524e-01
1.060453022651e+01,9.855961242317e-01
1.060653032652e+01,9.852533846862e-01
1.060853042652e+01,9.849129821933e-01
1.061053052653e+01,9.845749786022e-01
1.061253062653e+01,9.842394355192e-01
1.061453072654e+01,9.839064142925e-01
1.061653082654e+01,9.835759759967e-01
1.061853092655e+01,9.832481814178e-01
1.062053102655e+01,9.829230910371e-01
1.062253112656e+01,9.826007650164e-01
1.062453122656e+01,9.822812631818e-01
1.062653132657e+01,9.819646450084e-01
1.062853142657e+01,9.816509696043e-01
1.063053152658e+01,9.813402956946e-01
1.063253162658e+01,9.810326816063e-01
1.063453172659e+01,9.807281852512e-01
1.063653182659e+01,9.804268641109e-01
1.063853192660e+01,9.801287752210e-01
1.064053202660e+01,9.798339751552e-01
1.064253212661e+01,9.795425200090e-01
1.064453222661e+01,9.792544653839e-01
1.064653232662e+01,9.789698663711e-01
1.064853242662e+01,9.786887775362e-01
1.065053252663e+01,9.784112529032e-01
1.065253262663e+01,9.781373459382e-01
1.065453272664e+01,9.778671095341e-01
1.065653282664e+01,9.776005959949e-01
1.065853292665e+01,9.773378570194e-01
1.066053302665e+01,9.770789436863e-01
1.066253312666e+01,9.768239064383e-01
1.066453322666e+01,9.765727950665e-01
1.066653332667e+01,9.763256586953e-01
1.066853342667e+01,9.760825457672e-01
1.067053352668e+01,9.758435040275e-01
1.067253362668e+01,9.756085805093e-01
1.067453372669e+01,9.753778215186e-01
1.067653382669e+01,9.751512726197e-01
1.067853392670e+01,9.749289786207e-01
1.068053402670e+01,9.747109835587e-01
1.068253412671e+01,9.744973306858e-01
1.068453422671e+01,9.742880624549e-01
1.068653432672e+01,9.740832205056e-01
1.068853442672e+01,9.738828456511e-01
1.069053452673e+01,9.736869778640e-01
1.069253462673e+01,9.734956562634e-01
1.069453472674e+01,9.733089191018e-01
1.069653482674e+01,9.731268037523e-01
1.069853492675e+01,9.729493466958e-01
1.070053502675e+01,9.727765835089e-01
1.070253512676e+01,9.726085488517e-01
1.070453522676e+01,9.724452764558e-01
1.070653532677e+01,9.722867991128e-01
1.070853542677e+01,9.721331486632e-01
1.071053552678e+01,9.719843559850e-01
1.071253562678e+01,9.718404509833e-01
1.071453572679e+01,9.717014625802e-01
1.071653582679e+01,9.715674187042e-01
1.071853592680e+01,9.714383462809e-01
1.072053602680e+01,9.713142712236e-01
1.072253612681e+01,9.711952184244e-01
1.072453622681e+01,9.710812117435e-01
1.072653632682e+01,9.709722740030e-01
1.072853642682e+01,9.708684269781e-01
1.073053652683e+01,9.707696913891e-01
1.073253662683e+01,9.706760868946e-01
1.073453672684e+01,9.705876320840e-01
1.073653682684e+01,9.705043444717e-01
1.073853692685e+01,9.704262404897e-01
1.074053702685e+01,9.703533354831e-01
1.074253712686e+01,9.702856437033e-01
1.074453722686e+01,9.702231783039e-01
1.074653732687e+01,9.701659513355e-01
1.074853742687e+01,9.701139737416e-01
1.075053752688e+01,9.700672553547e-01
1.075253762688e+01,9.700258048929e-01
1.075453772689e+01,9.699896299569e-01
1.075653782689e+01,9.699587370276e-01
1.075853792690e+01,9.699331314640e-01
1.076053802690e+01,9.699128175014e-01
1.076253812691e+01,9.698977982483e-01
1.076453822691e+01,9.698880756871e-01
1.076653832692e+01,9.698836506736e-01
1.076853842692e+01,9.698845229360e-01
1.077053852693e+01,9.698906910758e-01
1.077253862693e+01,9.699021525686e-01
1.077453872694e+01,9.699189037646e-01
1.077653882694e+01,9.699409398910e-01
1.077853892695e+01,9.699682550530e-01
1.078053902695e+01,9.700008422368e-01
1.078253912696e+01,9.700386933121e-01
1.078453922696e+01,9.700817990352e-01
1.078653932697e+01,9.701301490527e-01
1.078853942697e+01,9.701837319053e-01
1.079053952698e+01,9.702425350327e-01
1.079253962698e+01,9.703065447779e-01
1.079453972699e+01,9.703757463931e-01
1.079653982699e+01,9.704501240450e-01
1.079853992700e+01,9.705296608208e-01
1.080054002700e+01,9.706143387331e-01
1.080254012701e+01,9.707041387285e-01
1.080454022701e+01,9.707990406939e-01
1.080654032702e+01,9.708990234641e-01
1.080854042702e+01,9.710040648296e-01
1.081054052703e+01,9.711141415450e-01
1.081254062703e+01,9.712292293372e-01
1.081454072704e+01,9.713493029148e-01
1.081654082704e+01,9.714743359767e-01
1.081854092705e+01,9.716043012219e-01
1.082054102705e+01,9.717391703596e-01
1.082254112706e+01,9.718789141186e-01
1.082454122706e+01,9.720235022586e-01
1.082654132707e+01,9.721729035804e-01
1.082854142707e+01,9.723270859373e-01
1.083054152708e+01,9.724860162464e-01
1.083254162708e+01,9.726496605005e-01
1.083454172709e+01,9.728179837798e-01
1.083654182709e+01,9.729909502647e-01
1.083854192710e+01,9.731685232481e-01
1.084054202710e+01,9.733506651468e-01
1.084254212711e+01,9.735373375145e-01
1.084454222711e+01,9.737285010564e-01
1.084654232712e+01,9.739241156416e-01
1.084854242712e+01,9.741241403171e-01
1.085054252713e+01,9.743285333212e-01
1.085254262713e+01,9.745372520978e-01
1.085454272714e+01,9.747502533102e-01
1.085654282714e+01,9.749674928558e-01
1.085854292715e+01,9.751889258803e-01
1.086054302715e+01,9.754145067922e-01
1.086254312716e+01,9.756441892780e-01
1.086454322716e+01,9.758779263167e-01
1.086654332717e+01,9.761156701951e-01
1.086854342717e+01,9.763573725228e-01
1.087054352718e+01,9.766029842475e-01
1.087254362718e+01,9.768524556707e-01
1.087454372719e+01,9.771057364627e-01
1.087654382719e+01,9.773627756788e-01
1.087854392720e+01,9.776235217745e-01
1.088054402720e+01,9.778879226214e-01
1.088254412721e+01,9.781559255221e-01
1.088454422721e+01,9.784274772269e-01
1.088654432722e+01,9.787025239494e-01
1.088854442722e+01,9.789810113827e-01
1.089054452723e+01,9.792628847146e-01
1.089254462723e+01,9.795480886442e-01
1.089454472724e+01,9.798365673974e-01
1.089654482724e+01,9.801282647429e-01
1.089854492725e+01,9.804231240083e-01
1.090054502725e+01,9.807210880957e-01
1.090254512726e+01,9.810220994979e-01
1.090454522726e+01,9.813261003139e-01
1.090654532727e+01,9.816330322650e-01
1.090854542727e+01,9.819428367105e-01
1.091054552728e+01,9.822554546633e-01
1.091254562728e+01,9.825708268055e-01
1.091454572729e+01,9.828888935043e-01
1.091654582729e+01,9.832095948272e-01
1.091854592730e+01,9.835328705575e-01
1.092054602730e+01,9.838586602095e-01
1.092254612731e+01,9.841869030445e-01
1.092454622731e+01,9.845175380850e-01
1.092654632732e+01,9.848505041302e-01
1.092854642732e+01,9.851857397713e-01
1.093054652733e+01,9.855231834056e-01
1.093254662733e+01,9.858627732520e-01
1.093454672734e+01,9.862044473650e-01
1.093654682734e+01,9.865481436494e-01
1.093854692735e+01,9.868937998749e-01
1.094054702735e+01,9.872413536898e-01
1.094254712736e+01,9.875907426356e-01
1.094454722736e+01,9.879419041607e-01
1.094654732737e+01,9.882947756344e-01
1.094854742737e+01,9.886492943601e-01
1.095054752738e+01,9.890053975892e-01
1.095254762738e+01,9.893630225346e-01
1.095454772739e+01,9.897221063831e-01
1.095654782739e+01,9.900825863091e-01
1.095854792740e+01,9.904443994871e-01
1.096054802740e+01,9.908074831042e-01
1.096254812741e+01,9.911717743730e-01
1.096454822741e+01,9.915372105442e-01
1.096654832742e+01,9.919037289183e-01
1.096854842742e+01,9.922712668575e-01
1.097054852743e+01,9.926397617980e-01
1.097254862743e+01,9.930091512611e-01
1.097454872744e+01,9.933793728650e-01
1.097654882744e+01,9.937503643358e-01
1.097854892745e+01,9.941220635188e-01
1.098054902745e+01,9.944944083890e-01
1.098254912746e+01,9.948673370626e-01
1.098454922746e+01,9.952407878066e-01
1.098654932747e+01,9.956146990499e-01
1.098854942747e+01,9.959890093932e-01
1.099054952748e+01,9.963636576188e-01
1.099254962748e+01,9.967385827009e-01
1.099454972749e+01,9.971137238146e-01
1.099654982749e+01,9.974890203458e-01
1.099854992750e+01,9.978644119000e-01
1.100055002750e+01,9.982398383116e-01
1.100255012751e+01,9.986152396525e-01
1.100455022751e+01,9.989905562407e-01
1.100655032752e+01,9.993657286488e-01
1.100855042752e+01,9.997406977128e-01
1.101055052753e+01,1.000115404541e+00
1.101255062753e+01,1.000489790519e+00
1.101455072754e+01,1.000863797322e+00
1.101655082754e+01,1.001237366918e+00
1.101855092755e+01,1.001610441577e+00
1.102055102755e+01,1.001982963878e+00
1.102255112756e+01,1.002354876718e+00
1.102455122756e+01,1.002726123315e+00
1.102655132757e+01,1.003096647218e+00
1.102855142757e+01,1.003466392312e+00
1.103055152758e+01,1.003835302824e+00
1.103255162758e+01,1.004203323333e+00
1.103455172759e+01,1.004570398769e+00
1.103655182759e+01,1.004936474426e+00
1.103855192760e+01,1.005301495962e+00
1.104055202760e+01,1.005665409410e+00
1.104255212761e+01,1.006028161180e+00
1.104455222761e+01,1.006389698062e+00
1.104655232762e+01,1.006749967238e+00
1.104855242762e+01,1.007108916281e+00
1.105055252763e+01,1.007466493161e+00
1.105255262763e+01,1.007822646251e+00
1.105455272764e+01,1.008177324330e+00
1.105655282764e+01,1.008530476588e+00
1.105855292765e+01,1.008882052630e+00
1.106055302765e+01,1.009232002484e+00
1.106255312766e+01,1.009580276598e+00
1.106455322766e+01,1.009926825848e+00
1.106655332767e+01,1.010271601541e+00
1.106855342767e+01,1.010614555420e+00
1.107055352768e+01,1.010955639662e+00
1.107255362768e+01,1.011294806889e+00
1.107455372769e+01,1.011632010165e+00
1.107655382769e+01,1.011967203003e+00
1.107855392770e+01,1.012300339366e+00
1.108055402770e+01,1.012631373668e+00
1.108255412771e+01,1.012960260782e+00
1.108455422771e+01,1.013286956037e+00
1.108655432772e+01,1.013611415225e+00
1.108855442772e+01,1.013933594601e+00
1.109055452773e+01,1.014253450885e+00
1.109255462773e+01,1.014570941265e+00
1.109455472774e+01,1.014886023399e+00
1.109655482774e+01,1.015198655418e+00
1.109855492775e+01,1.015508795926e+00
1.110055502775e+01,1.015816404004e+00
1.110255512776e+01,1.016121439207e+00
1.110455522776e+01,1.016423861573e+00
1.110655532777e+01,1.016723631617e+00
1.110855542777e+01,1.017020710339e+00
1.111055552778e+01,1.017315059222e+00
1.111255562778e+01,1.017606640234e+00
1.111455572779e+01,1.017895415827e+00
1.111655582779e+01,1.018181348943e+00
1.111855592780e+01,1.018464403011e+00
1.112055602780e+01,1.018744541949e+00
1.112255612781e+01,1.019021730167e+00
1.112455622781e+01,1.019295932564e+00
1.112655632782e+01,1.019567114533e+00
1.112855642782e+01,1.019835241959e+00
1.113055652783e+01,1.020100281220e+00
1.113255662783e+01,1.020362199189e+00
1.113455672784e+01,1.020620963234e+00
1.113655682784e+01,1.020876541219e+00
1.113855692785e+01,1.021128901502e+00
1.114055702785e+01,1.021378012939e+00
1.114255712786e+01,1.021623844882e+00
1.114455722786e+01,1.021866367181e+00
1.114655732787e+01,1.022105550182e+00
1.114855742787e+01,1.022341364730e+00
1.115055752788e+01,1.022573782167e+00
1.115255762788e+01,1.022802774334e+00
1.115455772789e+01,1.023028313571e+00
1.115655782789e+01,1.023250372714e+00
1.115855792790e+01,1.023468925099e+00
1.116055802790e+01,1.023683944562e+00
1.116255812791e+01,1.023895405436e+00
1.116455822791e+01,1.024103282552e+00
1.116655832792e+01,1.024307551241e+00
1.116855842792e+01,1.024508187333e+00
1.117055852793e+01,1.024705167154e+00
1.117255862793e+01,1.024898467532e+00
1.117455872794e+01,1.025088065790e+00
1.117655882794e+01,1.025273939751e+00
1.117855892795e+01,1.025456067735e+00
1.118055902795e+01,1.025634428561e+00
1.118255912796e+01,1.025809001544e+00
1.118455922796e+01,1.025979766499e+00
1.118655932797e+01,1.026146703734e+00
1.118855942797e+01,1.026309794058e+00
1.119055952798e+01,1.026469018776e+00
1.119255962798e+01,1.026624359686e+00
1.119455972799e+01,1.026775799087e+00
1.119655982799e+01,1.026923319770e+00
1.119855992800e+01,1.027066905024e+00
1.120056002800e+01,1.027206538632e+00
1.120256012801e+01,1.027342204873e+00
1.120456022801e+01,1.027473888520e+00
1.120656032802e+01,1.027601574841e+00
1.120856042802e+01,1.027725249598e+00
1.121056052803e+01,1.027844899045e+00
1.121256062803e+01,1.027960509932e+00
1.121456072804e+01,1.028072069500e+00
1.121656082804e+01,1.028179565486e+00
1.121856092805e+01,1.028282986115e+00
1.122056102805e+01,1.028382320108e+00
1.122256112806e+01,1.028477556676e+00
1.122456122806e+01,1.028568685523e+00
1.122656132807e+01,1.028655696842e+00
1.122856142807e+01,1.028738581318e+00
1.123056152808e+01,1.028817330128e+00
1.123256162808e+01,1.028891934939e+00
1.123456172809e+01,1.028962387905e+00
1.123656182809e+01,1.029028681674e+00
1.123856192810e+01,1.029090809381e+00
1.124056202810e+01,1.029148764650e+00
1.124256212811e+01,1.029202541597e+00
1.124456222811e+01,1.029252134823e+00
1.124656232812e+01,1.029297539419e+00
1.124856242812e+01,1.029338750965e+00
1.125056252813e+01,1.029375765528e+00
1.125256262813e+01,1.029408579663e+00
1.125456272814e+01,1.029437190412e+00
1.125656282814e+01,1.029461595305e+00
1.125856292815e+01,1.029481792360e+00
1.126056302815e+01,1.029497780081e+00
1.126256312816e+01,1.029509557457e+00
1.126456322816e+01,1.029517123967e+00
1.126656332817e+01,1.029520479573e+00
1.126856342817e+01,1.029519624727e+00
1.127056352818e+01,1.029514560364e+00
1.127256362818e+01,1.029505287906e+00
1.127456372819e+01,1.029491809261e+00
1.127656382819e+01,1.029474126823e+00
1.127856392820e+01,1.029452243470e+00
1.128056402820e+01,1.029426162569e+00
1.128256412821e+01,1.029395887969e+00
1.128456422821e+01,1.029361424005e+00
1.128656432822e+01,1.029322775499e+00
1.128856442822e+01,1.029279947756e+00
1.129056452823e+01,1.029232946568e+00
1.129256462823e+01,1.029181778211e+00
1.129456472824e+01,1.029126449446e+00
1.129656482824e+01,1.029066967519e+00
1.129856492825e+01,1.029003340162e+00
1.130056502825e+01,1.028935575591e+00
1.130256512826e+01,1.028863682506e+00
1.130456522826e+01,1.028787670095e+00
1.130656532827e+01,1.028707548027e+00
1.130856542827e+01,1.028623326459e+00
1.131056552828e+01,1.028535016031e+00
1.131256562828e+01,1.028442627868e+00
1.131456572829e+01,1.028346173582e+00
1.131656582829e+01,1.028245665266e+00
1.131856592830e+01,1.028141115502e+00
1.132056602830e+01,1.028032537355e+00
1.132256612831e+01,1.027919944373e+00
1.132456622831e+01,1.027803350593e+00
1.132656632832e+01,1.027682770533e+00
1.132856642832e+01,1.027558219199e+00
1.133056652833e+01,1.027429712079e+00
1.133256662833e+01,1.027297265148e+00
1.133456672834e+01,1.027160894866e+00
1.133656682834e+01,1.027020618176e+00
1.133856692835e+01,1.026876452507e+00
1.134056702835e+01,1.026728415773e+00
1.134256712836e+01,1.026576526373e+00
1.134456722836e+01,1.026420803189e+00
1.134656732837e+01,1.026261265590e+00
1.134856742837e+01,1.026097933427e+00
1.135056752838e+01,1.025930827038e+00
1.135256762838e+01,1.025759967244e+00
1.135456772839e+01,1.025585375351e+00
1.135656782839e+01,1.025407073148e+00
1.135856792840e+01,1.025225082909e+00
1.136056802840e+01,1.025039427391e+00
1.136256812841e+01,1.024850129837e+00
1.136456822841e+01,1.024657213969e+00
1.136656832842e+01,1.024460703997e+00
1.136856842842e+01,1.024260624612e+00
1.137056852843e+01,1.024057000986e+00
1.137256862843e+01,1.023849858776e+00
1.137456872844e+01,1.023639224119e+00
1.137656882844e+01,1.023425123637e+00
1.137856892845e+01,1.023207584429e+00
1.138056902845e+01,1.022986634077e+00
1.138256912846e+01,1.022762300645e+00
1.138456922846e+01,1.022534612675e+00
1.138656932847e+01,1.022303599188e+00
1.138856942847e+01,1.022069289685e+00
1.139056952848e+01,1.021831714145e+00
1.139256962848e+01,1.021590903026e+00
1.139456972849e+01,1.021346887260e+00
1.139656982849e+01,1.021099698258e+00
1.139856992850e+01,1.020849367904e+00
1.140057002850e+01,1.020595928559e+00
1.140257012851e+01,1.020339413056e+00
1.140457022851e+01,1.020079854702e+00
1.140657032852e+01,1.019817287275e+00
1.140857042852e+01,1.019551745025e+00
1.141057052853e+01,1.019283262670e+00
1.141257062853e+01,1.019011875397e+00
1.141457072854e+01,1.018737618861e+00
1.141657082854e+01,1.018460529184e+00
1.141857092855e+01,1.018180642950e+00
1.142057102855e+01,1.017897997209e+00
1.142257112856e+01,1.017612629471e+00
1.142457122856e+01,1.017324577708e+00
1.142657132857e+01,1.017033880350e+00
1.142857142857e+01,1.016740576283e+00
1.143057152858e+01,1.016444704849e+00
1.143257162858e+01,1.016146305845e+00
1.143457172859e+01,1.015845419517e+00
1.143657182859e+01,1.015542086561e+00
1.143857192860e+01,1.015236348123e+00
1.144057202860e+01,1.014928245789e+00
1.144257212861e+01,1.014617821594e+00
1.144457222861e+01,1.014305118009e+00
1.144657232862e+01,1.013990177946e+00
1.144857242862e+01,1.013673044750e+00
1.145057252863e+01,1.013353762201e+00
1.145257262863e+01,1.013032374510e+00
1.145457272864e+01,1.012708926311e+00
1.145657282864e+01,1.012383462668e+00
1.145857292865e+01,1.012056029063e+00
1.146057302865e+01,1.011726671396e+00
1.146257312866e+01,1.011395435983e+00
1.146457322866e+01,1.011062369553e+00
1.146657332867e+01,1.010727519239e+00
1.146857342867e+01,1.010390932584e+00
1.147057352868e+01,1.010052657526e+00
1.147257362868e+01,1.009712742403e+00
1.147457372869e+01,1.009371235947e+00
1.147657382869e+01,1.009028187277e+00
1.147857392870e+01,1.008683645896e+00
1.148057402870e+01,1.008337661688e+00
1.148257412871e+01,1.007990284914e+00
1.148457422871e+01,1.007641566203e+00
1.148657432872e+01,1.007291556553e+00
1.148857442872e+01,1.006940307323e+00
1.149057452873e+01,1.006587870229e+00
1.149257462873e+01,1.006234297336e+00
1.149457472874e+01,1.005879641058e+00
1.149657482874e+01,1.005523954148e+00
1.149857492875e+01,1.005167289694e+00
1.150057502875e+01,1.004809701114e+00
1.150257512876e+01,1.004451242147e+00
1.150457522876e+01,1.004091966853e+00
1.150657532877e+01,1.003731929601e+00
1.150857542877e+01,1.003371185064e+00
1.151057552878e+01,1.003009788215e+00
1.151257562878e+01,1.002647794317e+00
1.151457572879e+01,1.002285258920e+00
1.151657582879e+01,1.001922237850e+00
1.151857592880e+01,1.001558787205e+00
1.152057602880e+01,1.001194963346e+00
1.152257612881e+01,1.000830822890e+00
1.152457622881e+01,1.000466422703e+00
1.152657632882e+01,1.000101819893e+00
1.152857642882e+01,9.997370717962e-01
1.153057652883e+01,9.993722359779e-01
1.153257662883e+01,9.990073702175e-01
1.153457672884e+01,9.986425325020e-01
1.153657682884e+01,9.982777810187e-01
1.153857692885e+01,9.979131741463e-01
1.154057702885e+01,9.975487704443e-01
1.154257712886e+01,9.971846286452e-01
1.154457722886e+01,9.968208076445e-01
1.154657732887e+01,9.964573664922e-01
1.154857742887e+01,9.960943643820e-01
1.155057752888e+01,9.957318606427e-01
1.155257762888e+01,9.953699147275e-01
1.155457772889e+01,9.950085862041e-01
1.155657782889e+01,9.946479347447e-01
1.155857792890e+01,9.942880201152e-01
1.156057802890e+01,9.939289021651e-01
1.156257812891e+01,9.935706408165e-01
1.156457822891e+01,9.932132960534e-01
1.156657832892e+01,9.928569279104e-01
1.156857842892e+01,9.925015964618e-01
1.157057852893e+01,9.921473618102e-01
1.157257862893e+01,9.917942840748e-01
1.157457872894e+01,9.914424233798e-01
1.157657882894e+01,9.910918398426e-01
1.157857892895e+01,9.907425935616e-01
1.158057902895e+01,9.903947446040e-01
1.158257912896e+01,9.900483529936e-01
1.158457922896e+01,9.897034786980e-01
1.158657932897e+01,9.893601816175e-01
1.158857942897e+01,9.890185215729e-01
1.159057952898e+01,9.886785582904e-01
1.159257962898e+01,9.883403513900e-01
1.159457972899e+01,9.880039603719e-01
1.159657982899e+01,9.876694446040e-01
1.159857992900e+01,9.873368633082e-01
1.160058002900e+01,9.870062755469e-01
1.160258012901e+01,9.866777402097e-01
1.160458022901e+01,9.863513159999e-01
1.160658032902e+01,9.860270614204e-01
1.160858042902e+01,9.857050347604e-01
1.161058052903e+01,9.853852940810e-01
1.161258062903e+01,9.850678972018e-01
1.161458072904e+01,9.847529016864e-01
1.161658082904e+01,9.844403648285e-01
1.161858092905e+01,9.841303436379e-01
1.162058102905e+01,9.838228948256e-01
1.162258112906e+01,9.835180747902e-01
1.162458122906e+01,9.832159396029e-01
1.162658132907e+01,9.829165449935e-01
1.162858142907e+01,9.826199463355e-01
1.163058152908e+01,9.823261986316e-01
1.163258162908e+01,9.820353564992e-01
1.163458172909e+01,9.817474741555e-01
1.163658182909e+01,9.814626054039e-01
1.163858192910e+01,9.811808036202e-01
1.164058202910e+01,9.809021217358e-01
1.164258212911e+01,9.806266122241e-01
1.164458222911e+01,9.803543270860e-01
1.164658232912e+01,9.800853178351e-01
1.164858242912e+01,9.798196354834e-01
1.165058252913e+01,9.795573305267e-01
1.165258262913e+01,9.792984529300e-01
1.165458272914e+01,9.790430521136e-01
1.165658282914e+01,9.787911769380e-01
1.165858292915e+01,9.785428756902e-01
1.166058302915e+01,9.782981960692e-01
1.166258312916e+01,9.780571851720e-01
1.166458322916e+01,9.778198894792e-01
1.166658332917e+01,9.775863548415e-01
1.166858342917e+01,9.773566264656e-01
1.167058352918e+01,9.771307489006e-01
1.167258362918e+01,9.769087660240e-01
1.167458372919e+01,9.766907210286e-01
1.167658382919e+01,9.764766564090e-01
1.167858392920e+01,9.762666139481e-01
1.168058402920e+01,9.760606347045e-01
1.168258412921e+01,9.758587589990e-01
1.168458422921e+01,9.756610264024e-01
1.168658432922e+01,9.754674757223e-01
1.168858442922e+01,9.752781449915e-01
1.169058452923e+01,9.750930714549e-01
1.169258462923e+01,9.749122915582e-01
1.169458472924e+01,9.747358409358e-01
1.169658482924e+01,9.745637543990e-01
1.169858492925e+01,9.743960659250e-01
1.170058502925e+01,9.742328086453e-01
1.170258512926e+01,9.740740148350e-01
1.170458522926e+01,9.739197159021e-01
1.170658532927e+01,9.737699423770e-01
1.170858542927e+01,9.736247239024e-01
1.171058552928e+01,9.734840892234e-01
1.171258562928e+01,9.733480661780e-01
1.171458572929e+01,9.732166816878e-01
1.171658582929e+01,9.730899617490e-01
1.171858592930e+01,9.729679314226e-01
1.172058602930e+01,9.728506148265e-01
1.172258612931e+01,9.727380351277e-01
1.172458622931e+01,9.726302145340e-01
1.172658632932e+01,9.725271742864e-01
1.172858642932e+01,9.724289346520e-01
1.173058652933e+01,9.723355149173e-01
1.173258662933e+01,9.722469333810e-01
1.173458672934e+01,9.721632073483e-01
1.173658682934e+01,9.720843531245e-01
1.173858692935e+01,9.720103860095e-01
1.174058702935e+01,9.719413202928e-01
1.174258712936e+01,9.718771692482e-01
1.174458722936e+01,9.718179451292e-01
1.174658732937e+01,9.717636591653e-01
1.174858742937e+01,9.717143215576e-01
1.175058752938e+01,9.716699414759e-01
1.175258762938e+01,9.716305270556e-01
1.175458772939e+01,9.715960853949e-01
1.175658782939e+01,9.715666225524e-01
1.175858792940e+01,9.715421435436e-01
1.176058802940e+01,9.715226523415e-01
1.176258812941e+01,9.715081518740e-01
1.176458822941e+01,9.714986440236e-01
1.176658832942e+01,9.714941296266e-01
1.176858842942e+01,9.714946084733e-01
1.177058852943e+01,9.715000793080e-01
1.177258862943e+01,9.715105398295e-01
1.177458872944e+01,9.715259866925e-01
1.177658882944e+01,9.715464155085e-01
1.177858892945e+01,9.715718208479e-01
1.178058902945e+01,9.716021962416e-01
1.178258912946e+01,9.716375341838e-01
1.178458922946e+01,9.716778261349e-01
1.178658932947e+01,9.717230625247e-01
1.178858942947e+01,9.717732327558e-01
1.179058952948e+01,9.718283252082e-01
1.179258962948e+01,9.718883272433e-01
1.179458972949e+01,9.719532252086e-01
1.179658982949e+01,9.720230044414e-01
1.179858992950e+01,9.720976492756e-01
1.180059002950e+01,9.721771430470e-01
1.180259012951e+01,9.722614680996e-01
1.180459022951e+01,9.723506057913e-01
1.180659032952e+01,9.724445365013e-01
1.180859042952e+01,9.725432396370e-01
1.181059052953e+01,9.726466936411e-01
1.181259062953e+01,9.727548759997e-01
1.181459072954e+01,9.728677632496e-01
1.181659082954e+01,9.729853309873e-01
1.181859092955e+01,9.731075538771e-01
1.182059102955e+01,9.732344056597e-01
1.182259112956e+01,9.733658591621e-01
1.182459122956e+01,9.735018863064e-01
1.182659132957e+01,9.736424581199e-01
1.182859142957e+01,9.737875447449e-01
1.183059152958e+01,9.739371154493e-01
1.183259162958e+01,9.740911386372e-01
1.183459172959e+01,9.742495818598e-01
1.183659182959e+01,9.744124118263e-01
1.183859192960e+01,9.745795944129e-01
1.184059202960e+01,9.747510946767e-01
1.184259212961e+01,9.749268768669e-01
1.184459222961e+01,9.751069044365e-01
1.184659232962e+01,9.752911400545e-01
1.184859242962e+01,9.754795456179e-01
1.185059252963e+01,9.756720822643e-01
1.185259262963e+01,9.758687103848e-01
1.185459272964e+01,9.760693896364e-01
1.185659282964e+01,9.762740789552e-01
1.185859292965e+01,9.764827365693e-01
1.186059302965e+01,9.766953200122e-01
1.186259312966e+01,9.769117861364e-01
1.186459322966e+01,9.771320911263e-01
1.186659332967e+01,9.773561905126e-01
1.186859342967e+01,9.775840391856e-01
1.187059352968e+01,9.778155914094e-01
1.187259362968e+01,9.780508008356e-01
1.187459372969e+01,9.782896205180e-01
1.187659382969e+01,9.785320029262e-01
1.187859392970e+01,9.787778999602e-01
1.188059402970e+01,9.790272629637e-01
1.188259412971e+01,9.792800427394e-01
1.188459422971e+01,9.795361895632e-01
1.188659432972e+01,9.797956531989e-01
1.188859442972e+01,9.800583829121e-01
1.189059452973e+01,9.803243274856e-01
1.189259462973e+01,9.805934352329e-01
1.189459472974e+01,9.808656540138e-01
1.189659482974e+01,9.811409312483e-01
1.189859492975e+01,9.814192139312e-01
1.190059502975e+01,9.817004486471e-01
1.190259512976e+01,9.819845815846e-01
1.190459522976e+01,9.822715585509e-01
1.190659532977e+01,9.825613249865e-01
1.190859542977e+01,9.828538259795e-01
1.191059552978e+01,9.831490062801e-01
1.191259562978e+01,9.834468103150e-01
1.191459572979e+01,9.837471822018e-01
1.191659582979e+01,9.840500657633e-01
1.191859592980e+01,9.843554045415e-01
1.192059602980e+01,9.846631418123e-01
1.192259612981e+01,9.849732205991e-01
1.192459622981e+01,9.852855836870e-01
1.192659632982e+01,9.856001736368e-01
1.192859642982e+01,9.859169327988e-01
1.193059652983e+01,9.862358033266e-01
1.193259662983e+01,9.865567271908e-01
1.193459672984e+01,9.868796461921e-01
1.193659682984e+01,9.872045019757e-01
1.193859692985e+01,9.875312360435e-01
1.194059702985e+01,9.878597897684e-01
1.194259712986e+01,9.881901044067e-01
1.194459722986e+01,9.885221211114e-01
1.194659732987e+01,9.888557809452e-01
1.194859742987e+01,9.891910248928e-01
1.195059752988e+01,9.895277938739e-01
1.195259762988e+01,9.898660287557e-01
1.195459772989e+01,9.902056703649e-01
1.195659782989e+01,9.905466595000e-01
1.195859792990e+01,9.908889369433e-01
1.196059802990e+01,9.912324434728e-01
1.196259812991e+01,9.915771198743e-01
1.196459822991e+01,9.919229069531e-01
1.196659832992e+01,9.922697455447e-01
1.196859842992e+01,9.926175765268e-01
1.197059852993e+01,9.929663408303e-01
1.197259862993e+01,9.933159794501e-01
1.197459872994e+01,9.936664334559e-01
1.197659882994e+01,9.940176440030e-01
1.197859892995e+01,9.943695523430e-01
1.198059902995e+01,9.947220998337e-01
1.198259912996e+01,9.950752279495e-01
1.198459922996e+01,9.954288782918e-01
1.198659932997e+01,9.957829925981e-01
1.198859942997e+01,9.961375127525e-01
1.199059952998e+01,9.964923807947e-01
1.199259962998e+01,9.968475389297e-01
1.199459972999e+01,9.972029295367e-01
1.199659982999e+01,9.975584951783e-01
1.199859993000e+01,9.979141786092e-01
1.200060003000e+01,9.982699227850e-01
1.200260013001e+01,9.986256708705e-01
1.200460023001e+01,9.989813662479e-01
1.200660033002e+01,9.993369525252e-01
1.200860043002e+01,9.996923735454e-01
1.201060053003e+01,1.000047573393e+00
1.201260063003e+01,1.000402496402e+00
1.201460073004e+01,1.000757087164e+00
1.201660083004e+01,1.001111290534e+00
1.201860093005e+01,1.001465051640e+00
1.202060103005e+01,1.001818315887e+00
1.202260113006e+01,1.002171028968e+00
1.202460123006e+01,1.002523136865e+00
1.202660133007e+01,1.002874585864e+00
1.202860143007e+01,1.003225322551e+00
1.203060153008e+01,1.003575293827e+00
1.203260163008e+01,1.003924446910e+00
1.203460173009e+01,1.004272729341e+00
1.203660183009e+01,1.004620088992e+00
1.203860193010e+01,1.004966474070e+00
1.204060203010e+01,1.005311833123e+00
1.204260213011e+01,1.005656115043e+00
1.204460223011e+01,1.005999269076e+00
1.204660233012e+01,1.006341244825e+00
1.204860243012e+01,1.006681992252e+00
1.205060253013e+01,1.007021461688e+00
1.205260263013e+01,1.007359603831e+00
1.205460273014e+01,1.007696369757e+00
1.205660283014e+01,1.008031710923e+00
1.205860293015e+01,1.008365579167e+00
1.206060303015e+01,1.008697926719e+00
1.206260313016e+01,1.009028706201e+00
1.206460323016e+01,1.009357870628e+00
1.206660333017e+01,1.009685373419e+00
1.206860343017e+01,1.010011168395e+00
1.207060353018e+01,1.010335209784e+00
1.207260363018e+01,1.010657452226e+00
1.207460373019e+01,1.010977850774e+00
1.207660383019e+01,1.011296360898e+00
1.207860393020e+01,1.011612938489e+00
1.208060403020e+01,1.011927539862e+00
1.208260413021e+01,1.012240121756e+00
1.208460423021e+01,1.012550641342e+00
1.208660433022e+01,1.012859056221e+00
1.208860443022e+01,1.013165324428e+00
1.209060453023e+01,1.013469404435e+00
1.209260463023e+01,1.013771255154e+00
1.209460473024e+01,1.014070835938e+00
1.209660483024e+01,1.014368106582e+00
1.209860493025e+01,1.014663027329e+00
1.210060503025e+01,1.014955558869e+00
1.210260513026e+01,1.015245662340e+00
1.210460523026e+01,1.015533299333e+00
1.210660533027e+01,1.015818431891e+00
1.210860543027e+01,1.016101022514e+00
1.211060553028e+01,1.016381034156e+00
1.211260563028e+01,1.016658430233e+00
1.211460573029e+01,1.016933174615e+00
1.211660583029e+01,1.017205231638e+00
1.211860593030e+01,1.017474566098e+00
1.212060603030e+01,1.017741143254e+00
1.212260613031e+01,1.018004928831e+00
1.212460623031e+01,1.018265889018e+00
1.212660633032e+01,1.018523990473e+00
1.212860643032e+01,1.018779200321e+00
1.213060653033e+01,1.019031486155e+00
1.213260663033e+01,1.019280816038e+00
1.213460673034e+01,1.019527158505e+00
1.213660683034e+01,1.019770482561e+00
1.213860693035e+01,1.020010757682e+00
1.214060703035e+01,1.020247953820e+00
1.214260713036e+01,1.020482041397e+00
1.214460723036e+01,1.020712991311e+00
1.214660733037e+01,1.020940774933e+00
1.214860743037e+01,1.021165364111e+00
1.215060753038e+01,1.021386731166e+00
1.215260763038e+01,1.021604848896e+00
1.215460773039e+01,1.021819690576e+00
1.215660783039e+01,1.022031229955e+00
1.215860793040e+01,1.022239441262e+00
1.216060803040e+01,1.022444299201e+00
1.216260813041e+01,1.022645778955e+00
1.216460823041e+01,1.022843856183e+00
1.216660833042e+01,1.023038507022e+00
1.216860843042e+01,1.023229708088e+00
1.217060853043e+01,1.023417436475e+00
1.217260863043e+01,1.023601669753e+00
1.217460873044e+01,1.023782385972e+00
1.217660883044e+01,1.023959563661e+00
1.217860893045e+01,1.024133181825e+00
1.218060903045e+01,1.024303219949e+00
1.218260913046e+01,1.024469657996e+00
1.218460923046e+01,1.024632476406e+00
1.218660933047e+01,1.024791656100e+00
1.218860943047e+01,1.024947178473e+00
1.219060953048e+01,1.025099025402e+00
1.219260963048e+01,1.025247179240e+00
1.219460973049e+01,1.025391622818e+00
1.219660983049e+01,1.025532339445e+00
1.219860993050e+01,1.025669312907e+00
1.220061003050e+01,1.025802527468e+00
1.220261013051e+01,1.025931967870e+00
1.220461023051e+01,1.026057619330e+00
1.220661033052e+01,1.026179467544e+00
1.220861043052e+01,1.026297498684e+00
1.221061053053e+01,1.026411699400e+00
1.221261063053e+01,1.026522056815e+00
1.221461073054e+01,1.026628558531e+00
1.221661083054e+01,1.026731192626e+00
1.221861093055e+01,1.026829947652e+00
1.222061103055e+01,1.026924812640e+00
1.222261113056e+01,1.027015777092e+00
1.222461123056e+01,1.027102830989e+00
1.222661133057e+01,1.027185964785e+00
1.222861143057e+01,1.027265169409e+00
1.223061153058e+01,1.027340436265e+00
1.223261163058e+01,1.027411757232e+00
1.223461173059e+01,1.027479124661e+00
1.223661183059e+01,1.027542531380e+00
1.223861193060e+01,1.027601970688e+00
1.224061203060e+01,1.027657436360e+00
1.224261213061e+01,1.027708922642e+00
1.224461223061e+01,1.027756424255e+00
1.224661233062e+01,1.027799936392e+00
1.224861243062e+01,1.027839454719e+00
1.225061253063e+01,1.027874975374e+00
1.225261263063e+01,1.027906494970e+00
1.225461273064e+01,1.027934010589e+00
1.225661283064e+01,1.027957519787e+00
1.225861293065e+01,1.027977020590e+00
1.226061303065e+01,1.027992511499e+00
1.226261313066e+01,1.028003991483e+00
1.226461323066e+01,1.028011459984e+00
1.226661333067e+01,1.028014916917e+00
1.226861343067e+01,1.028014362665e+00
1.227061353068e+01,1.028009798083e+00
1.227261363068e+01,1.028001224499e+00
1.227461373069e+01,1.027988643708e+00
1.227661383069e+01,1.027972057978e+00
1.227861393070e+01,1.027951470048e+00
1.228061403070e+01,1.027926883124e+00
1.228261413071e+01,1.027898300887e+00
1.228461423071e+01,1.027865727485e+00
1.228661433072e+01,1.027829167536e+00
1.228861443072e+01,1.027788626128e+00
1.229061453073e+01,1.027744108821e+00
1.229261463073e+01,1.027695621641e+00
1.229461473074e+01,1.027643171087e+00
1.229661483074e+01,1.027586764126e+00
1.229861493075e+01,1.027526408195e+00
1.230061503075e+01,1.027462111198e+00
1.230261513076e+01,1.027393881513e+00
1.230461523076e+01,1.027321727982e+00
1.230661533077e+01,1.027245659920e+00
1.230861543077e+01,1.027165687109e+00
1.231061553078e+01,1.027081819800e+00
1.231261563078e+01,1.026994068714e+00
1.231461573079e+01,1.026902445039e+00
1.231661583079e+01,1.026806960433e+00
1.231861593080e+01,1.026707627024e+00
1.232061603080e+01,1.026604457404e+00
1.232261613081e+01,1.026497464638e+00
1.232461623081e+01,1.026386662257e+00
1.232661633082e+01,1.026272064260e+00
1.232861643082e+01,1.026153685116e+00
1.233061653083e+01,1.026031539759e+00
1.233261663083e+01,1.025905643593e+00
1.233461673084e+01,1.025776012490e+00
1.233661683084e+01,1.025642662787e+00
1.233861693085e+01,1.025505611292e+00
1.234061703085e+01,1.025364875276e+00
1.234261713086e+01,1.025220472481e+00
1.234461723086e+01,1.025072421113e+00
1.234661733087e+01,1.024920739846e+00
1.234861743087e+01,1.024765447821e+00
1.235061753088e+01,1.024606564643e+00
1.235261763088e+01,1.024444110386e+00
1.235461773089e+01,1.024278105587e+00
1.235661783089e+01,1.024108571249e+00
1.235861793090e+01,1.023935528841e+00
1.236061803090e+01,1.023759000297e+00
1.236261813091e+01,1.023579008013e+00
1.236461823091e+01,1.023395574852e+00
1.236661833092e+01,1.023208724138e+00
1.236861843092e+01,1.023018479661e+00
1.237061853093e+01,1.022824865672e+00
1.237261863093e+01,1.022627906884e+00
1.237461873094e+01,1.022427628472e+00
1.237661883094e+01,1.022224056075e+00
1.237861893095e+01,1.022017215788e+00
1.238061903095e+01,1.021807134169e+00
1.238261913096e+01,1.021593838236e+00
1.238461923096e+01,1.021377355463e+00
1.238661933097e+01,1.021157713785e+00
1.238861943097e+01,1.020934941593e+00
1.239061953098e+01,1.020709067734e+00
1.239261963098e+01,1.020480121512e+00
1.239461973099e+01,1.020248132685e+00
1.239661983099e+01,1.020013131465e+00
1.239861993100e+01,1.019775148518e+00
1.240062003100e+01,1.019534214959e+00
1.240262013101e+01,1.019290362357e+00
1.240462023101e+01,1.019043622730e+00
1.240662033102e+01,1.018794028544e+00
1.240862043102e+01,1.018541612712e+00
1.241062053103e+01,1.018286408594e+00
1.241262063103e+01,1.018028449995e+00
1.241462073104e+01,1.017767771162e+00
1.241662083104e+01,1.017504406785e+00
1.241862093105e+01,1.017238391994e+00
1.242062103105e+01,1.016969762358e+00
1.242262113106e+01,1.016698553884e+00
1.242462123106e+01,1.016424803012e+00
1.242662133107e+01,1.016148546618e+00
1.242862143107e+01,1.015869822009e+00
1.243062153108e+01,1.015588666921e+00
1.243262163108e+01,1.015305119519e+00
1.243462173109e+01,1.015019218394e+00
1.243662183109e+01,1.014731002559e+00
1.243862193110e+01,1.014440511450e+00
1.244062203110e+01,1.014147784921e+00
1.244262213111e+01,1.013852863244e+00
1.244462223111e+01,1.013555787102e+00
1.244662233112e+01,1.013256597594e+00
1.244862243112e+01,1.012955336224e+00
1.245062253113e+01,1.012652044903e+00
1.245262263113e+01,1.012346765947e+00
1.245462273114e+01,1.012039542069e+00
1.245662283114e+01,1.011730416382e+00
1.245862293115e+01,1.011419432392e+00
1.246062303115e+01,1.011106633996e+00
1.246262313116e+01,1.010792065477e+00
1.246462323116e+01,1.010475771504e+00
1.246662333117e+01,1.010157797126e+00
1.246862343117e+01,1.009838187766e+00
1.247062353118e+01,1.009516989225e+00
1.247262363118e+01,1.009194247667e+00
1.247462373119e+01,1.008870009624e+00
1.247662383119e+01,1.008544321990e+00
1.247862393120e+01,1.008217232013e+00
1.248062403120e+01,1.007888787294e+00
1.248262413121e+01,1.007559035783e+00
1.248462423121e+01,1.007228025771e+00
1.248662433122e+01,1.006895805888e+00
1.248862443122e+01,1.006562425099e+00
1.249062453123e+01,1.006227932696e+00
1.249262463123e+01,1.005892378294e+00
1.249462473124e+01,1.005555811828e+00
1.249662483124e+01,1.005218283543e+00
1.249862493125e+01,1.004879843992e+00
1.250062503125e+01,1.004540544032e+00
1.250262513126e+01,1.004200434811e+00
1.250462523126e+01,1.003859567770e+00
1.250662533127e+01,1.003517994633e+00
1.250862543127e+01,1.003175767404e+00
1.251062553128e+01,1.002832938354e+00
1.251262563128e+01,1.002489560021e+00
1.251462573129e+01,1.002145685201e+00
1.251662583129e+01,1.001801366941e+00
1.251862593130e+01,1.001456658534e+00
1.252062603130e+01,1.001111613506e+00
1.252262613131e+01,1.000766285619e+00
1.252462623131e+01,1.000420728852e+00
1.252662633132e+01,1.000074997403e+00
1.252862643132e+01,9.997291456771e-01
1.253062653133e+01,9.993832282781e-01
1.253262663133e+01,9.990373000026e-01
1.253462673134e+01,9.986914158308e-01
1.253662683134e+01,9.983456309187e-01
1.253862693135e+01,9.980000005894e-01
1.254062703135e+01,9.976545803248e-01
1.254262713136e+01,9.973094257567e-01
1.254462723136e+01,9.969645926580e-01
1.254662733137e+01,9.966201369337e-01
1.254862743137e+01,9.962761146117e-01
1.255062753138e+01,9.959325818330e-01
1.255262763138e+01,9.955895948428e-01
1.255462773139e+01,9.952472099816e-01
1.255662783139e+01,9.949054836760e-01
1.255862793140e+01,9.945644724265e-01
1.256062803140e+01,9.942242327993e-01
1.256262813141e+01,9.938848214155e-01
1.256462823141e+01,9.935462949408e-01
1.256662833142e+01,9.932087100754e-01
1.256862843142e+01,9.928721235431e-01
1.257062853143e+01,9.925365920808e-01
1.257262863143e+01,9.922021724274e-01
1.257462873144e+01,9.918689213132e-01
1.257662883144e+01,9.915368954485e-01
1.257862893145e+01,9.912061515127e-01
1.258062903145e+01,9.908767461427e-01
1.258262913146e+01,9.905487359216e-01
1.258462923146e+01,9.902221773671e-01
1.258662933147e+01,9.898971269197e-01
1.258862943147e+01,9.895736409310e-01
1.259062953148e+01,9.892517756519e-01
1.259262963148e+01,9.889315872200e-01
1.259462973149e+01,9.886131316479e-01
1.259662983149e+01,9.882964648106e-01
1.259862993150e+01,9.879816424334e-01
1.260063003150e+01,9.876687200786e-01
1.260263013151e+01,9.873577531336e-01
1.260463023151e+01,9.870487967992e-01
1.260663033152e+01,9.867419060768e-01
1.260863043152e+01,9.864371357543e-01
1.261063053153e+01,9.861345403939e-01
1.261263063153e+01,9.858341743190e-01
1.261463073154e+01,9.855360916013e-01
1.261663083154e+01,9.852403460478e-01
1.261863093155e+01,9.849469911876e-01
1.262063103155e+01,9.846560802587e-01
1.262263113156e+01,9.843676661950e-01
1.262463123156e+01,9.840818016126e-01
1.262663133157e+01,9.837985387969e-01
1.262863143157e+01,9.835179296892e-01
1.263063153158e+01,9.832400258733e-01
1.263263163158e+01,9.829648785620e-01
1.263463173159e+01,9.826925385843e-01
1.263663183159e+01,9.824230563709e-01
1.263863193160e+01,9.821564819422e-01
1.264063203160e+01,9.818928648935e-01
1.264263213161e+01,9.816322543828e-01
1.264463223161e+01,9.813746991166e-01
1.264663233162e+01,9.811202473367e-01
1.264863243162e+01,9.808689468075e-01
1.265063253163e+01,9.806208448025e-01
1.265263263163e+01,9.803759880906e-01
1.265463273164e+01,9.801344229234e-01
1.265663283164e+01,9.798961950218e-01
1.265863293165e+01,9.796613495632e-01
1.266063303165e+01,9.794299311681e-01
1.266263313166e+01,9.792019838880e-01
1.266463323166e+01,9.789775511917e-01
1.266663333167e+01,9.787566759529e-01
1.266863343167e+01,9.785394004378e-01
1.267063353168e+01,9.783257662924e-01
1.267263363168e+01,9.781158145298e-01
1.267463373169e+01,9.779095855182e-01
1.267663383169e+01,9.777071189687e-01
1.267863393170e+01,9.775084539233e-01
1.268063403170e+01,9.773136287428e-01
1.268263413171e+01,9.771226810952e-01
1.268463423171e+01,9.769356479443e-01
1.268663433172e+01,9.767525655380e-01
1.268863443172e+01,9.765734693972e-01
1.269063453173e+01,9.763983943049e-01
1.269263463173e+01,9.762273742945e-01
1.269463473174e+01,9.760604426397e-01
1.269663483174e+01,9.758976318437e-01
1.269863493175e+01,9.757389736295e-01
1.270063503175e+01,9.755844989287e-01
1.270263513176e+01,9.754342378728e-01
1.270463523176e+01,9.752882197826e-01
1.270663533177e+01,9.751464731594e-01
1.270863543177e+01,9.750090256753e-01
1.271063553178e+01,9.748759041646e-01
1.271263563178e+01,9.747471346148e-01
1.271463573179e+01,9.746227421581e-01
1.271663583179e+01,9.745027510631e-01
1.271863593180e+01,9.743871847273e-01
1.272063603180e+01,9.742760656688e-01
1.272263613181e+01,9.741694155192e-01
1.272463623181e+01,9.740672550165e-01
1.272663633182e+01,9.739696039984e-01
1.272863643182e+01,9.738764813956e-01
1.273063653183e+01,9.737879052260e-01
1.273263663183e+01,9.737038925877e-01
1.273463673184e+01,9.736244596531e-01
1.273663683184e+01,9.735496216649e-01
1.273863693185e+01,9.734793929301e-01
1.274063703185e+01,9.734137868155e-01
1.274263713186e+01,9.733528157433e-01
1.274463723186e+01,9.732964911870e-01
1.274663733187e+01,9.732448236675e-01
1.274863743187e+01,9.731978227499e-01
1.275063753188e+01,9.731554970397e-01
1.275263763188e+01,9.731178541806e-01
1.275463773189e+01,9.730849008519e-01
1.275663783189e+01,9.730566427657e-01
1.275863793190e+01,9.730330846660e-01
1.276063803190e+01,9.730142303263e-01
1.276263813191e+01,9.730000825491e-01
1.276463823191e+01,9.729906431652e-01
1.276663833192e+01,9.729859130329e-01
1.276863843192e+01,9.729858920382e-01
1.277063853193e+01,9.729905790952e-01
1.277263863193e+01,9.729999721447e-01
1.277463873194e+01,9.730140681573e-01
1.277663883194e+01,9.730328631335e-01
1.277863893195e+01,9.730563521057e-01
1.278063903195e+01,9.730845291398e-01
1.278263913196e+01,9.731173873379e-01
1.278463923196e+01,9.731549188402e-01
1.278663933197e+01,9.731971148283e-01
1.278863943197e+01,9.732439655284e-01
1.279063953198e+01,9.732954602145e-01
1.279263963198e+01,9.733515872126e-01
1.279463973199e+01,9.734123339045e-01
1.279663983199e+01,9.734776867324e-01
1.279863993200e+01,9.735476312040e-01
1.280064003200e+01,9.736221518970e-01
1.280264013201e+01,9.737012324653e-01
1.280464023201e+01,9.737848556443e-01
1.280664033202e+01,9.738730032574e-01
1.280864043202e+01,9.739656562224e-01
1.281064053203e+01,9.740627945567e-01
1.281264063203e+01,9.741643973850e-01
1.281464073204e+01,9.742704429471e-01
1.281664083204e+01,9.743809086045e-01
1.281864093205e+01,9.744957708488e-01
1.282064103205e+01,9.746150053093e-01
1.282264113206e+01,9.747385867614e-01
1.282464123206e+01,9.748664891351e-01
1.282664133207e+01,9.749986855238e-01
1.282864143207e+01,9.751351481934e-01
1.283064153208e+01,9.752758485913e-01
1.283264163208e+01,9.754207573558e-01
1.283464173209e+01,9.755698443263e-01
1.283664183209e+01,9.757230785526e-01
1.283864193210e+01,9.758804283053e-01
1.284064203210e+01,9.760418610861e-01
1.284264213211e+01,9.762073436387e-01
1.284464223211e+01,9.763768419592e-01
1.284664233212e+01,9.765503213074e-01
1.284864243212e+01,9.767277462178e-01
1.285064253213e+01,9.769090805114e-01
1.285264263213e+01,9.770942873053e-01
1.285464273214e+01,9.772833290255e-01
1.285664283214e+01,9.774761674190e-01
1.285864293215e+01,9.776727635653e-01
1.286064303215e+01,9.778730778886e-01
1.286264313216e+01,9.780770701699e-01
1.286464323216e+01,9.782846995594e-01
1.286664333217e+01,9.784959245887e-01
1.286864343217e+01,9.787107031836e-01
1.287064353218e+01,9.789289926766e-01
1.287264363218e+01,9.791507498197e-01
1.287464373219e+01,9.793759307972e-01
1.287664383219e+01,9.796044912385e-01
1.287864393220e+01,9.798363862310e-01
1.288064403220e+01,9.800715703337e-01
1.288264413221e+01,9.803099975895e-01
1.288464423221e+01,9.805516215392e-01
1.288664433222e+01,9.807963952341e-01
1.288864443222e+01,9.810442712497e-01
1.289064453223e+01,9.812952016990e-01
1.289264463223e+01,9.815491382456e-01
1.289464473224e+01,9.818060321167e-01
1.289664483224e+01,9.820658341169e-01
1.289864493225e+01,9.823284946418e-01
1.290064503225e+01,9.825939636908e-01
1.290264513226e+01,9.828621908811e-01
1.290464523226e+01,9.831331254605e-01
1.290664533227e+01,9.834067163212e-01
1.290864543227e+01,9.836829120127e-01
1.291064553228e+01,9.839616607557e-01
1.291264563228e+01,9.842429104547e-01
1.291464573229e+01,9.845266087116e-01
1.291664583229e+01,9.848127028391e-01
1.291864593230e+01,9.851011398734e-01
1.292064603230e+01,9.853918665877e-01
1.292264613231e+01,9.856848295050e-01
1.292464623231e+01,9.859799749111e-01
1.292664633232e+01,9.862772488676e-01
1.292864643232e+01,9.865765972248e-01
1.293064653233e+01,9.868779656341e-01
1.293264663233e+01,9.871812995611e-01
1.293464673234e+01,9.874865442980e-01
1.293664683234e+01,9.877936449762e-01
1.293864693235e+01,9.881025465788e-01
1.294064703235e+01,9.884131939527e-01
1.294264713236e+01,9.887255318210e-01
1.294464723236e+01,9.890395047950e-01
1.294664733237e+01,9.893550573864e-01
1.294864743237e+01,9.896721340190e-01
1.295064753238e+01,9.899906790405e-01
1.295264763238e+01,9.903106367344e-01
1.295464773239e+01,9.906319513312e-01
1.295664783239e+01,9.909545670202e-01
1.295864793240e+01,9.912784279607e-01
1.296064803240e+01,9.916034782931e-01
1.296264813241e+01,9.919296621503e-01
1.296464823241e+01,9.922569236679e-01
1.296664833242e+01,9.925852069960e-01
1.296864843242e+01,9.929144563090e-01
1.297064853243e+01,9.932446158165e-01
1.297264863243e+01,9.935756297735e-01
1.297464873244e+01,9.939074424907e-01
1.297664883244e+01,9.942399983444e-01
1.297864893245e+01,9.945732417871e-01
1.298064903245e+01,9.949071173573e-01
1.298264913246e+01,9.952415696884e-01
1.298464923246e+01,9.955765435188e-01
1.298664933247e+01,9.959119837012e-01
1.298864943247e+01,9.962478352117e-01
1.299064953248e+01,9.965840431593e-01
1.299264963248e+01,9.969205527941e-01
1.299464973249e+01,9.972573095166e-01
1.299664983249e+01,9.975942588865e-01
1.299864993250e+01,9.979313466305e-01
1.300065003250e+01,9.982685186515e-01
1.300265013251e+01,9.986057210362e-01
1.300465023251e+01,9.989429000636e-01
1.300665033252e+01,9.992800022126e-01
1.300865043252e+01,9.996169741698e-01
1.301065053253e+01,9.999537628373e-01
1.301265063253e+01,1.000290315340e+00
1.301465073254e+01,1.000626579033e+00
1.301665083254e+01,1.000962501508e+00
1.301865093255e+01,1.001298030602e+00
1.302065103255e+01,1.001633114402e+00
1.302265113256e+01,1.001967701254e+00
1.302465123256e+01,1.002301739765e+00
1.302665133257e+01,1.002635178818e+00
1.302865143257e+01,1.002967967570e+00
1.303065153258e+01,1.003300055463e+00
1.303265163258e+01,1.003631392227e+00
1.303465173259e+01,1.003961927889e+00
1.303665183259e+01,1.004291612774e+00
1.303865193260e+01,1.004620397517e+00
1.304065203260e+01,1.004948233063e+00
1.304265213261e+01,1.005275070675e+00
1.304465223261e+01,1.005600861939e+00
1.304665233262e+01,1.005925558766e+00
1.304865243262e+01,1.006249113405e+00
1.305065253263e+01,1.006571478436e+00
1.305265263263e+01,1.006892606787e+00
1.305465273264e+01,1.007212451728e+00
1.305665283264e+01,1.007530966884e+00
1.305865293265e+01,1.007848106233e+00
1.306065303265e+01,1.008163824114e+00
1.306265313266e+01,1.008478075230e+00
1.306465323266e+01,1.008790814650e+00
1.306665333267e+01,1.009101997816e+00
1.306865343267e+01,1.009411580546e+00
1.307065353268e+01,1.009719519034e+00
1.307265363268e+01,1.010025769860e+00
1.307465373269e+01,1.010330289986e+00
1.307665383269e+01,1.010633036767e+00
1.307865393270e+01,1.010933967949e+00
1.308065403270e+01,1.011233041673e+00
1.308265413271e+01,1.011530216479e+00
1.308465423271e+01,1.011825451309e+00
1.308665433272e+01,1.012118705508e+00
1.308865443272e+01,1.012409938830e+00
1.309065453273e+01,1.012699111436e+00
1.309265463273e+01,1.012986183900e+00
1.309465473274e+01,1.013271117211e+00
1.309665483274e+01,1.013553872775e+00
1.309865493275e+01,1.013834412417e+00
1.310065503275e+01,1.014112698383e+00
1.310265513276e+01,1.014388693342e+00
1.310465523276e+01,1.014662360389e+00
1.310665533277e+01,1.014933663047e+00
1.310865543277e+01,1.015202565268e+00
1.311065553278e+01,1.015469031434e+00
1.311265563278e+01,1.015733026361e+00
1.311465573279e+01,1.015994515299e+00
1.311665583279e+01,1.016253463934e+00
1.311865593280e+01,1.016509838388e+00
1.312065603280e+01,1.016763605225e+00
1.312265613281e+01,1.017014731447e+00
1.312465623281e+01,1.017263184498e+00
1.312665633282e+01,1.017508932264e+00
1.312865643282e+01,1.017751943077e+00
1.313065653283e+01,1.017992185713e+00
1.313265663283e+01,1.018229629396e+00
1.313465673284e+01,1.018464243794e+00
1.313665683284e+01,1.018695999026e+00
1.313865693285e+01,1.018924865660e+00
1.314065703285e+01,1.019150814713e+00
1.314265713286e+01,1.019373817653e+00
1.314465723286e+01,1.019593846400e+00
1.314665733287e+01,1.019810873326e+00
1.314865743287e+01,1.020024871258e+00
1.315065753288e+01,1.020235813474e+00
1.315265763288e+01,1.020443673708e+00
1.315465773289e+01,1.020648426148e+00
1.315665783289e+01,1.020850045438e+00
1.315865793290e+01,1.021048506678e+00
1.316065803290e+01,1.021243785425e+00
1.316265813291e+01,1.021435857691e+00
1.316465823291e+01,1.021624699947e+00
1.316665833292e+01,1.021810289120e+00
1.316865843292e+01,1.021992602595e+00
1.317065853293e+01,1.022171618218e+00
1.317265863293e+01,1.022347314289e+00
1.317465873294e+01,1.022519669570e+00
1.317665883294e+01,1.022688663280e+00
1.317865893295e+01,1.022854275099e+00
1.318065903295e+01,1.023016485164e+00
1.318265913296e+01,1.023175274073e+00
1.318465923296e+01,1.023330622883e+00
1.318665933297e+01,1.023482513110e+00
1.318865943297e+01,1.023630926732e+00
1.319065953298e+01,1.023775846185e+00
1.319265963298e+01,1.023917254363e+00
1.319465973299e+01,1.024055134625e+00
1.319665983299e+01,1.024189470784e+00
1.319865993300e+01,1.024320247118e+00
1.320066003300e+01,1.024447448362e+00
1.320266013301e+01,1.024571059710e+00
1.320466023301e+01,1.024691066820e+00
1.320666033302e+01,1.024807455806e+00
1.320866043302e+01,1.024920213243e+00
1.321066053303e+01,1.025029326165e+00
1.321266063303e+01,1.025134782068e+00
1.321466073304e+01,1.025236568904e+00
1.321666083304e+01,1.025334675088e+00
1.321866093305e+01,1.025429089491e+00
1.322066103305e+01,1.025519801446e+00
1.322266113306e+01,1.025606800743e+00
1.322466123306e+01,1.025690077633e+00
1.322666133307e+01,1.025769622825e+00
1.322866143307e+01,1.025845427486e+00
1.323066153308e+01,1.025917483243e+00
1.323266163308e+01,1.025985782180e+00
1.323466173309e+01,1.026050316842e+00
1.323666183309e+01,1.026111080229e+00
1.323866193310e+01,1.026168065801e+00
1.324066203310e+01,1.026221267476e+00
1.324266213311e+01,1.026270679630e+00
1.324466223311e+01,1.026316297096e+00
1.324666233312e+01,1.026358115165e+00
1.324866243312e+01,1.026396129584e+00
1.325066253313e+01,1.026430336560e+00
1.325266263313e+01,1.026460732755e+00
1.325466273314e+01,1.026487315289e+00
1.325666283314e+01,1.026510081737e+00
1.325866293315e+01,1.026529030135e+00
1.326066303315e+01,1.026544158971e+00
1.326266313316e+01,1.026555467191e+00
1.326466323316e+01,1.026562954198e+00
1.326666333317e+01,1.026566619851e+00
1.326866343317e+01,1.026566464465e+00
1.327066353318e+01,1.026562488809e+00
1.327266363318e+01,1.026554694111e+00
1.327466373319e+01,1.026543082051e+00
1.327666383319e+01,1.026527654768e+00
1.327866393320e+01,1.026508414855e+00
1.328066403320e+01,1.026485365358e+00
1.328266413321e+01,1.026458509781e+00
1.328466423321e+01,1.026427852082e+00
1.328666433322e+01,1.026393396674e+00
1.328866443322e+01,1.026355148424e+00
1.329066453323e+01,1.026313112654e+00
1.329266463323e+01,1.026267295140e+00
1.329466473324e+01,1.026217702113e+00
1.329666483324e+01,1.026164340257e+00
1.329866493325e+01,1.026107216712e+00
1.330066503325e+01,1.026046339069e+00
1.330266513326e+01,1.025981715376e+00
1.330466523326e+01,1.025913354132e+00
1.330666533327e+01,1.025841264290e+00
1.330866543327e+01,1.025765455257e+00
1.331066553328e+01,1.025685936893e+00
1.331266563328e+01,1.025602719509e+00
1.331466573329e+01,1.025515813873e+00
1.331666583329e+01,1.025425231201e+00
1.331866593330e+01,1.025330983165e+00
1.332066603330e+01,1.025233081886e+00
1.332266613331e+01,1.025131539941e+00
1.332466623331e+01,1.025026370356e+00
1.332666633332e+01,1.024917586608e+00
1.332866643332e+01,1.024805202629e+00
1.333066653333e+01,1.024689232800e+00
1.333266663333e+01,1.024569691952e+00
1.333466673334e+01,1.024446595369e+00
1.333666683334e+01,1.024319958784e+00
1.333866693335e+01,1.024189798381e+00
1.334066703335e+01,1.024056130794e+00
1.334266713336e+01,1.023918973105e+00
1.334466723336e+01,1.023778342849e+00
1.334666733337e+01,1.023634258005e+00
1.334866743337e+01,1.023486737006e+00
1.335066753338e+01,1.023335798730e+00
1.335266763338e+01,1.023181462502e+00
1.335466773339e+01,1.023023748098e+00
1.335666783339e+01,1.022862675739e+00
1.335866793340e+01,1.022698266093e+00
1.336066803340e+01,1.022530540274e+00
1.336266813341e+01,1.022359519842e+00
1.336466823341e+01,1.022185226801e+00
1.336666833342e+01,1.022007683602e+00
1.336866843342e+01,1.021826913138e+00
1.337066853343e+01,1.021642938747e+00
1.337266863343e+01,1.021455784208e+00
1.337466873344e+01,1.021265473744e+00
1.337666883344e+01,1.021072032019e+00
1.337866893345e+01,1.020875484136e+00
1.338066903345e+01,1.020675855642e+00
1.338266913346e+01,1.020473172519e+00
1.338466923346e+01,1.020267461190e+00
1.338666933347e+01,1.020058748514e+00
1.338866943347e+01,1.019847061788e+00
1.339066953348e+01,1.019632428743e+00
1.339266963348e+01,1.019414877547e+00
1.339466973349e+01,1.019194436799e+00
1.339666983349e+01,1.018971135533e+00
1.339866993350e+01,1.018745003213e+00
1.340067003350e+01,1.018516069733e+00
1.340267013351e+01,1.018284365418e+00
1.340467023351e+01,1.018049921018e+00
1.340667033352e+01,1.017812767712e+00
1.340867043352e+01,1.017572937102e+00
1.341067053353e+01,1.017330461214e+00
1.341267063353e+01,1.017085372499e+00
1.341467073354e+01,1.016837703825e+00
1.341667083354e+01,1.016587488479e+00
1.341867093355e+01,1.016334760169e+00
1.342067103355e+01,1.016079553015e+00
1.342267113356e+01,1.015821901552e+00
1.342467123356e+01,1.015561840727e+00
1.342667133357e+01,1.015299405897e+00
1.342867143357e+01,1.015034632828e+00
1.343067153358e+01,1.014767557689e+00
1.343267163358e+01,1.014498217056e+00
1.343467173359e+01,1.014226647905e+00
1.343667183359e+01,1.013952887611e+00
1.343867193360e+01,1.013676973947e+00
1.344067203360e+01,1.013398945079e+00
1.344267213361e+01,1.013118839567e+00
1.344467223361e+01,1.012836696358e+00
1.344667233362e+01,1.012552554786e+00
1.344867243362e+01,1.012266454572e+00
1.345067253363e+01,1.011978435814e+00
1.345267263363e+01,1.011688538989e+00
1.345467273364e+01,1.011396804951e+00
1.345667283364e+01,1.011103274923e+00
1.345867293365e+01,1.010807990498e+00
1.346067303365e+01,1.010510993635e+00
1.346267313366e+01,1.010212326653e+00
1.346467323366e+01,1.009912032231e+00
1.346667333367e+01,1.009610153401e+00
1.346867343367e+01,1.009306733547e+00
1.347067353368e+01,1.009001816401e+00
1.347267363368e+01,1.008695446037e+00
1.347467373369e+01,1.008387666869e+00
1.347667383369e+01,1.008078523644e+00
1.347867393370e+01,1.007768061442e+00
1.348067403370e+01,1.007456325670e+00
1.348267413371e+01,1.007143362053e+00
1.348467423371e+01,1.006829216638e+00
1.348667433372e+01,1.006513935780e+00
1.348867443372e+01,1.006197566145e+00
1.349067453373e+01,1.005880154702e+00
1.349267463373e+01,1.005561748715e+00
1.349467473374e+01,1.005242395744e+00
1.349667483374e+01,1.004922143634e+00
1.349867493375e+01,1.004601040512e+00
1.350067503375e+01,1.004279134784e+00
1.350267513376e+01,1.003956475123e+00
1.350467523376e+01,1.003633110468e+00
1.350667533377e+01,1.003309090019e+00
1.350867543377e+01,1.002984463227e+00
1.351067553378e+01,1.002659279789e+00
1.351267563378e+01,1.002333589643e+00
1.351467573379e+01,1.002007442963e+00
1.351667583379e+01,1.001680890148e+00
1.351867593380e+01,1.001353981819e+00
1.352067603380e+01,1.001026768810e+00
1.352267613381e+01,1.000699302163e+00
1.352467623381e+01,1.000371633120e+00
1.352667633382e+01,1.000043813114e+00
1.352867643382e+01,9.997158937659e-01
1.353067653383e+01,9.993879268716e-01
1.353267663383e+01,9.990599643986e-01
1.353467673384e+01,9.987320584764e-01
1.353667683384e+01,9.984042613884e-01
1.353867693385e+01,9.980766255647e-01
1.354067703385e+01,9.977492035750e-01
1.354267713386e+01,9.974220481182e-01
1.354467723386e+01,9.970952120149e-01
1.354667733387e+01,9.967687481987e-01
1.354867743387e+01,9.964427097078e-01
1.355067753388e+01,9.961171496757e-01
1.355267763388e+01,9.957921213226e-01
1.355467773389e+01,9.954676779463e-01
1.355667783389e+01,9.951438729128e-01
1.355867793390e+01,9.948207596469e-01
1.356067803390e+01,9.944983916231e-01
1.356267813391e+01,9.941768223559e-01
1.356467823391e+01,9.938561053899e-01
1.356667833392e+01,9.935362942904e-01
1.356867843392e+01,9.932174426329e-01
1.357067853393e+01,9.928996039935e-01
1.357267863393e+01,9.925828319387e-01
1.357467873394e+01,9.922671800148e-01
1.357667883394e+01,9.919527017377e-01
1.357867893395e+01,9.916394505821e-01
1.358067903395e+01,9.913274799710e-01
1.358267913396e+01,9.910168432650e-01
1.358467923396e+01,9.907075937510e-01
1.358667933397e+01,9.903997846312e-01
1.358867943397e+01,9.900934690127e-01
1.359067953398e+01,9.897886998978e-01
1.359267963398e+01,9.894855301702e-01
1.359467973399e+01,9.891840125843e-01
1.359667983399e+01,9.888841997546e-01
1.359867993400e+01,9.885861441435e-01
1.360068003400e+01,9.882898980499e-01
1.360268013401e+01,9.879955135975e-01
1.360468023401e+01,9.877030427232e-01
1.360668033402e+01,9.874125371653e-01
1.360868043402e+01,9.871240484513e-01
1.361068053403e+01,9.868376278864e-01
1.361268063403e+01,9.865533265414e-01
1.361468073404e+01,9.862711952406e-01
1.361668083404e+01,9.859912845496e-01
1.361868093405e+01,9.857136447636e-01
1.362068103405e+01,9.854383258947e-01
1.362268113406e+01,9.851653776603e-01
1.362468123406e+01,9.848948494702e-01
1.362668133407e+01,9.846267904149e-01
1.362868143407e+01,9.843612492529e-01
1.363068153408e+01,9.840982743986e-01
1.363268163408e+01,9.838379139098e-01
1.363468173409e+01,9.835802154752e-01
1.363668183409e+01,9.833252264025e-01
1.363868193410e+01,9.830729936057e-01
1.364068203410e+01,9.828235635942e-01
1.364268213411e+01,9.825769824590e-01
1.364468223411e+01,9.823332958608e-01
1.364668233412e+01,9.820925490177e-01
1.364868243412e+01,9.818547866931e-01
1.365068253413e+01,9.816200531839e-01
1.365268263413e+01,9.813883923076e-01
1.365468273414e+01,9.811598473911e-01
1.365668283414e+01,9.809344612583e-01
1.365868293415e+01,9.807122762179e-01
1.366068303415e+01,9.804933340519e-01
1.366268313416e+01,9.802776760039e-01
1.366468323416e+01,9.800653427669e-01
1.366668333417e+01,9.798563744720e-01
1.366868343417e+01,9.796508106768e-01
1.367068353418e+01,9.794486903541e-01
1.367268363418e+01,9.792500518802e-01
1.367468373419e+01,9.790549330243e-01
1.367668383419e+01,9.788633709368e-01
1.367868393420e+01,9.786754021387e-01
1.368068403420e+01,9.784910625108e-01
1.368268413421e+01,9.783103872830e-01
1.368468423421e+01,9.781334110234e-01
1.368668433422e+01,9.779601676279e-01
1.368868443422e+01,9.777906903104e-01
1.369068453423e+01,9.776250115923e-01
1.369268463423e+01,9.774631632929e-01
1.369468473424e+01,9.773051765193e-01
1.369668483424e+01,9.771510816574e-01
1.369868493425e+01,9.770009083618e-01
1.370068503425e+01,9.768546855474e-01
1.370268513426e+01,9.767124413797e-01
1.370468523426e+01,9.765742032666e-01
1.370668533427e+01,9.764399978492e-01
1.370868543427e+01,9.763098509941e-01
1.371068553428e+01,9.761837877844e-01
1.371268563428e+01,9.760618325126e-01
1.371468573429e+01,9.759440086724e-01
1.371668583429e+01,9.758303389516e-01
1.371868593430e+01,9.757208452247e-01
1.372068603430e+01,9.756155485458e-01
1.372268613431e+01,9.755144691427e-01
1.372468623431e+01,9.754176264099e-01
1.372668633432e+01,9.753250389014e-01
1.372868643432e+01,9.752367243258e-01
1.373068653433e+01,9.751526995402e-01
1.373268663433e+01,9.750729805454e-01
1.373468673434e+01,9.749975824799e-01
1.373668683434e+01,9.749265196156e-01
1.373868693435e+01,9.748598053532e-01
1.374068703435e+01,9.747974522176e-01
1.374268713436e+01,9.747394718540e-01
1.374468723436e+01,9.746858750244e-01
1.374668733437e+01,9.746366716037e-01
1.374868743437e+01,9.745918705765e-01
1.375068753438e+01,9.745514800348e-01
1.375268763438e+01,9.745155071748e-01
1.375468773439e+01,9.744839582949e-01
1.375668783439e+01,9.744568387937e-01
1.375868793440e+01,9.744341531685e-01
1.376068803440e+01,9.744159050140e-01
1.376268813441e+01,9.744020970213e-01
1.376468823441e+01,9.743927309774e-01
1.376668833442e+01,9.743878077630e-01
1.376868843442e+01,9.743873273539e-01
1.377068853443e+01,9.743912888211e-01
1.377268863443e+01,9.743996903309e-01
1.377468873444e+01,9.744125291457e-01
1.377668883444e+01,9.744298016252e-01
1.377868893445e+01,9.744515032279e-01
1.378068903445e+01,9.744776285123e-01
1.378268913446e+01,9.745081711396e-01
1.378468923446e+01,9.745431238752e-01
1.378668933447e+01,9.745824785918e-01
1.378868943447e+01,9.746262262719e-01
1.379068953448e+01,9.746743570111e-01
1.379268963448e+01,9.747268600215e-01
1.379468973449e+01,9.747837236355e-01
1.379668983449e+01,9.748449353099e-01
1.379868993450e+01,9.749104816302e-01
1.380069003450e+01,9.749803483156e-01
1.380269013451e+01,9.750545202236e-01
1.380469023451e+01,9.751329813551e-01
1.380669033452e+01,9.752157148589e-01
1.380869043452e+01,9.753027030387e-01
1.381069053453e+01,9.753939273585e-01
1.381269063453e+01,9.754893684488e-01
1.381469073454e+01,9.755890061136e-01
1.381669083454e+01,9.756928193362e-01
1.381869093455e+01,9.758007862873e-01
1.382069103455e+01,9.759128843313e-01
1.382269113456e+01,9.760290900343e-01
1.382469123456e+01,9.761493791715e-01
1.382669133457e+01,9.762737267352e-01
1.382869143457e+01,9.764021069429e-01
1.383069153458e+01,9.765344932456e-01
1.383269163458e+01,9.766708583364e-01
1.383469173459e+01,9.768111741594e-01
1.383669183459e+01,9.769554119185e-01
1.383869193460e+01,9.771035420866e-01
1.384069203460e+01,9.772555344156e-01
1.384269213461e+01,9.774113579452e-01
1.384469223461e+01,9.775709810135e-01
1.384669233462e+01,9.777343712669e-01
1.384869243462e+01,9.779014956680e-01
1.385069253463e+01,9.780723205078e-01
1.385269263463e+01,9.782468114161e-01
1.385469273464e+01,9.784249333714e-01
1.385669283464e+01,9.786066507121e-01
1.385869293465e+01,9.787919271472e-01
1.386069303465e+01,9.789807257669e-01
1.386269313466e+01,9.791730090542e-01
1.386469323466e+01,9.793687388959e-01
1.386669333467e+01,9.795678765939e-01
1.386869343467e+01,9.797703828765e-01
1.387069353468e+01,9.799762179100e-01
1.387269363468e+01,9.801853413105e-01
1.387469373469e+01,9.803977121553e-01
1.387669383469e+01,9.806132889947e-01
1.387869393470e+01,9.808320298644e-01
1.388069403470e+01,9.810538922965e-01
1.388269413471e+01,9.812788333325e-01
1.388469423471e+01,9.815068095347e-01
1.388669433472e+01,9.817377769987e-01
1.388869443472e+01,9.819716913656e-01
1.389069453473e+01,9.822085078334e-01
1.389269463473e+01,9.824481811697e-01
1.389469473474e+01,9.826906657242e-01
1.389669483474e+01,9.829359154406e-01
1.389869493475e+01,9.831838838694e-01
1.390069503475e+01,9.834345241795e-01
1.390269513476e+01,9.836877891709e-01
1.390469523476e+01,9.839436312872e-01
1.390669533477e+01,9.842020026273e-01
1.390869543477e+01,9.844628549582e-01
1.391069553478e+01,9.847261397272e-01
1.391269563478e+01,9.849918080740e-01
1.391469573479e+01,9.852598108427e-01
1.391669583479e+01,9.855300985946e-01
1.391869593480e+01,9.858026216200e-01
1.392069603480e+01,9.860773299502e-01
1.392269613481e+01,9.863541733697e-01
1.392469623481e+01,9.866331014285e-01
1.392669633482e+01,9.869140634534e-01
1.392869643482e+01,9.871970085606e-01
1.393069653483e+01,9.874818856672e-01
1.393269663483e+01,9.877686435028e-01
1.393469673484e+01,9.880572306219e-01
1.393669683484e+01,9.883475954148e-01
1.393869693485e+01,9.886396861196e-01
1.394069703485e+01,9.889334508335e-01
1.394269713486e+01,9.892288375242e-01
1.394469723486e+01,9.895257940415e-01
1.394669733487e+01,9.898242681279e-01
1.394869743487e+01,9.901242074304e-01
1.395069753488e+01,9.904255595111e-01
1.395269763488e+01,9.907282718582e-01
1.395469773489e+01,9.910322918971e-01
1.395669783489e+01,9.913375670009e-01
1.395869793490e+01,9.916440445009e-01
1.396069803490e+01,9.919516716975e-01
1.396269813491e+01,9.922603958704e-01
1.396469823491e+01,9.925701642887e-01
1.396669833492e+01,9.928809242213e-01
1.396869843492e+01,9.931926229469e-01
1.397069853493e+01,9.935052077638e-01
1.397269863493e+01,9.938186259995e-01
1.397469873494e+01,9.941328250208e-01
1.397669883494e+01,9.944477522436e-01
1.397869893495e+01,9.947633551420e-01
1.398069903495e+01,9.950795812574e-01
1.398269913496e+01,9.953963782080e-01
1.398469923496e+01,9.957136936980e-01
1.398669933497e+01,9.960314755260e-01
1.398869943497e+01,9.963496715941e-01
1.399069953498e+01,9.966682299167e-01
1.399269963498e+01,9.969870986287e-01
1.399469973499e+01,9.973062259940e-01
1.399669983499e+01,9.976255604142e-01
1.399869993500e+01,9.979450504359e-01
1.400070003500e+01,9.982646447596e-01
1.400270013501e+01,9.985842922471e-01
1.400470023501e+01,9.989039419293e-01
1.400670033502e+01,9.992235430138e-01
1.400870043502e+01,9.995430448925e-01
1.401070053503e+01,9.998623971488e-01
1.401270063503e+01,1.000181549565e+00
1.401470073504e+01,1.000500452128e+00
1.401670083504e+01,1.000819055040e+00
1.401870093505e+01,1.001137308719e+00
1.402070103505e+01,1.001455163811e+00
1.402270113506e+01,1.001772571196e+00
1.402470123506e+01,1.002089481990e+00
1.402670133507e+01,1.002405847558e+00
1.402870143507e+01,1.002721619514e+00
1.403070153508e+01,1.003036749731e+00
1.403270163508e+01,1.003351190345e+00
1.403470173509e+01,1.003664893761e+00
1.403670183509e+01,1.003977812659e+00
1.403870193510e+01,1.004289899999e+00
1.404070203510e+01,1.004601109028e+00
1.404270213511e+01,1.004911393282e+00
1.404470223511e+01,1.005220706595e+00
1.404670233512e+01,1.005529003101e+00
1.404870243512e+01,1.005836237241e+00
1.405070253513e+01,1.006142363767e+00
1.405270263513e+01,1.006447337745e+00
1.405470273514e+01,1.006751114564e+00
1.405670283514e+01,1.007053649935e+00
1.405870293515e+01,1.007354899899e+00
1.406070303515e+01,1.007654820831e+00
1.406270313516e+01,1.007953369442e+00
1.406470323516e+01,1.008250502784e+00
1.406670333517e+01,1.008546178255e+00
1.406870343517e+01,1.008840353602e+00
1.407070353518e+01,1.009132986923e+00
1.407270363518e+01,1.009424036673e+00
1.407470373519e+01,1.009713461668e+00
1.407670383519e+01,1.010001221086e+00
1.407870393520e+01,1.010287274471e+00
1.408070403520e+01,1.010571581738e+00
1.408270413521e+01,1.010854103174e+00
1.408470423521e+01,1.011134799440e+00
1.408670433522e+01,1.011413631577e+00
1.408870443522e+01,1.011690561009e+00
1.409070453523e+01,1.011965549540e+00
1.409270463523e+01,1.012238559364e+00
1.409470473524e+01,1.012509553063e+00
1.409670483524e+01,1.012778493611e+00
1.409870493525e+01,1.013045344376e+00
1.410070503525e+01,1.013310069124e+00
1.410270513526e+01,1.013572632017e+00
1.410470523526e+01,1.013832997620e+00
1.410670533527e+01,1.014091130899e+00
1.410870543527e+01,1.014346997229e+00
1.411070553528e+01,1.014600562386e+00
1.411270563528e+01,1.014851792560e+00
1.411470573529e+01,1.015100654349e+00
1.411670583529e+01,1.015347114763e+00
1.411870593530e+01,1.015591141228e+00
1.412070603530e+01,1.015832701582e+00
1.412270613531e+01,1.016071764082e+00
1.412470623531e+01,1.016308297406e+00
1.412670633532e+01,1.016542270648e+00
1.412870643532e+01,1.016773653327e+00
1.413070653533e+01,1.017002415380e+00
1.413270663533e+01,1.017228527173e+00
1.413470673534e+01,1.017451959494e+00
1.413670683534e+01,1.017672683557e+00
1.413870693535e+01,1.017890671004e+00
1.414070703535e+01,1.018105893907e+00
1.414270713536e+01,1.018318324765e+00
1.414470723536e+01,1.018527936507e+00
1.414670733537e+01,1.018734702495e+00
1.414870743537e+01,1.018938596523e+00
1.415070753538e+01,1.019139592815e+00
1.415270763538e+01,1.019337666032e+00
1.415470773539e+01,1.019532791267e+00
1.415670783539e+01,1.019724944049e+00
1.415870793540e+01,1.019914100344e+00
1.416070803540e+01,1.020100236550e+00
1.416270813541e+01,1.020283329508e+00
1.416470823541e+01,1.020463356490e+00
1.416670833542e+01,1.020640295211e+00
1.416870843542e+01,1.020814123821e+00
1.417070853543e+01,1.020984820910e+00
1.417270863543e+01,1.021152365508e+00
1.417470873544e+01,1.021316737084e+00
1.417670883544e+01,1.021477915547e+00
1.417870893545e+01,1.021635881245e+00
1.418070903545e+01,1.021790614971e+00
1.418270913546e+01,1.021942097953e+00
1.418470923546e+01,1.022090311865e+00
1.418670933547e+01,1.022235238820e+00
1.418870943547e+01,1.022376861374e+00
1.419070953548e+01,1.022515162524e+00
1.419270963548e+01,1.022650125709e+00
1.419470973549e+01,1.022781734811e+00
1.419670983549e+01,1.022909974154e+00
1.419870993550e+01,1.023034828504e+00
1.420071003550e+01,1.023156283070e+00
1.420271013551e+01,1.023274323505e+00
1.420471023551e+01,1.023388935903e+00
1.420671033552e+01,1.023500106800e+00
1.420871043552e+01,1.023607823179e+00
1.421071053553e+01,1.023712072462e+00
1.421271063553e+01,1.023812842515e+00
1.421471073554e+01,1.023910121649e+00
1.421671083554e+01,1.024003898614e+00
1.421871093555e+01,1.024094162607e+00
1.422071103555e+01,1.024180903267e+00
1.422271113556e+01,1.024264110674e+00
1.422471123556e+01,1.024343775353e+00
1.422671133557e+01,1.024419888271e+00
1.422871143557e+01,1.024492440839e+00
1.423071153558e+01,1.024561424909e+00
1.423271163558e+01,1.024626832777e+00
1.423471173559e+01,1.024688657182e+00
1.423671183559e+01,1.024746891305e+00
1.423871193560e+01,1.024801528769e+00
1.424071203560e+01,1.024852563640e+00
1.424271213561e+01,1.024899990427e+00
1.424471223561e+01,1.024943804081e+00
1.424671233562e+01,1.024983999994e+00
1.424871243562e+01,1.025020574003e+00
1.425071253563e+01,1.025053522382e+00
1.425271263563e+01,1.025082841853e+00
1.425471273564e+01,1.025108529575e+00
1.425671283564e+01,1.025130583151e+00
1.425871293565e+01,1.025149000624e+00
1.426071303565e+01,1.025163780481e+00
1.426271313566e+01,1.025174921647e+00
1.426471323566e+01,1.025182423491e+00
1.426671333567e+01,1.025186285822e+00
1.426871343567e+01,1.025186508889e+00
1.427071353568e+01,1.025183093384e+00
1.427271363568e+01,1.025176040437e+00
1.427471373569e+01,1.025165351621e+00
1.427671383569e+01,1.025151028947e+00
1.427871393570e+01,1.025133074868e+00
1.428071403570e+01,1.025111492277e+00
1.428271413571e+01,1.025086284507e+00
1.428471423571e+01,1.025057455329e+00
1.428671433572e+01,1.025025008956e+00
1.428871443572e+01,1.024988950039e+00
1.429071453573e+01,1.024949283669e+00
1.429271463573e+01,1.024906015376e+00
1.429471473574e+01,1.024859151129e+00
1.429671483574e+01,1.024808697336e+00
1.429871493575e+01,1.024754660843e+00
1.430071503575e+01,1.024697048936e+00
1.430271513576e+01,1.024635869336e+00
1.430471523576e+01,1.024571130206e+00
1.430671533577e+01,1.024502840144e+00
1.430871543577e+01,1.024431008187e+00
1.431071553578e+01,1.024355643809e+00
1.431271563578e+01,1.024276756922e+00
1.431471573579e+01,1.024194357874e+00
1.431671583579e+01,1.024108457450e+00
1.431871593580e+01,1.024019066872e+00
1.432071603580e+01,1.023926197797e+00
1.432271613581e+01,1.023829862319e+00
1.432471623581e+01,1.023730072968e+00
1.432671633582e+01,1.023626842708e+00
1.432871643582e+01,1.023520184940e+00
1.433071653583e+01,1.023410113498e+00
1.433271663583e+01,1.023296642652e+00
1.433471673584e+01,1.023179787104e+00
1.433671683584e+01,1.023059561993e+00
1.433871693585e+01,1.022935982888e+00
1.434071703585e+01,1.022809065794e+00
1.434271713586e+01,1.022678827145e+00
1.434471723586e+01,1.022545283812e+00
1.434671733587e+01,1.022408453092e+00
1.434871743587e+01,1.022268352719e+00
1.435071753588e+01,1.022125000854e+00
1.435271763588e+01,1.021978416090e+00
1.435471773589e+01,1.021828617449e+00
1.435671783589e+01,1.021675624383e+00
1.435871793590e+01,1.021519456771e+00
1.436071803590e+01,1.021360134923e+00
1.436271813591e+01,1.021197679574e+00
1.436471823591e+01,1.021032111887e+00
1.436671833592e+01,1.020863453451e+00
1.436871843592e+01,1.020691726279e+00
1.437071853593e+01,1.020516952812e+00
1.437271863593e+01,1.020339155911e+00
1.437471873594e+01,1.020158358864e+00
1.437671883594e+01,1.019974585379e+00
1.437871893595e+01,1.019787859586e+00
1.438071903595e+01,1.019598206036e+00
1.438271913596e+01,1.019405649700e+00
1.438471923596e+01,1.019210215966e+00
1.438671933597e+01,1.019011930643e+00
1.438871943597e+01,1.018810819952e+00
1.439071953598e+01,1.018606910534e+00
1.439271963598e+01,1.018400229443e+00
1.439471973599e+01,1.018190804145e+00
1.439671983599e+01,1.017978662519e+00
1.439871993600e+01,1.017763832855e+00
1.440072003600e+01,1.017546343854e+00
1.440272013601e+01,1.017326224622e+00
1.440472023601e+01,1.017103504674e+00
1.440672033602e+01,1.016878213930e+00
1.440872043602e+01,1.016650382713e+00
1.441072053603e+01,1.016420041749e+00
1.441272063603e+01,1.016187222164e+00
1.441472073604e+01,1.015951955484e+00
1.441672083604e+01,1.015714273632e+00
1.441872093605e+01,1.015474208925e+00
1.442072103605e+01,1.015231794074e+00
1.442272113606e+01,1.014987062183e+00
1.442472123606e+01,1.014740046744e+00
1.442672133607e+01,1.014490781639e+00
1.442872143607e+01,1.014239301133e+00
1.443072153608e+01,1.013985639875e+00
1.443272163608e+01,1.013729832895e+00
1.443472173609e+01,1.013471915604e+00
1.443672183609e+01,1.013211923787e+00
1.443872193610e+01,1.012949893602e+00
1.444072203610e+01,1.012685861581e+00
1.444272213611e+01,1.012419864624e+00
1.444472223611e+01,1.012151939995e+00
1.444672233612e+01,1.011882125324e+00
1.444872243612e+01,1.011610458600e+00
1.445072253613e+01,1.011336978170e+00
1.445272263613e+01,1.011061722734e+00
1.445472273614e+01,1.010784731347e+00
1.445672283614e+01,1.010506043409e+00
1.445872293615e+01,1.010225698665e+00
1.446072303615e+01,1.009943737203e+00
1.446272313616e+01,1.009660199448e+00
1.446472323616e+01,1.009375126160e+00
1.446672333617e+01,1.009088558429e+00
1.446872343617e+01,1.008800537674e+00
1.447072353618e+01,1.008511105636e+00
1.447272363618e+01,1.008220304374e+00
1.447472373619e+01,1.007928176265e+00
1.447672383619e+01,1.007634763996e+00
1.447872393620e+01,1.007340110560e+00
1.448072403620e+01,1.007044259254e+00
1.448272413621e+01,1.006747253674e+00
1.448472423621e+01,1.006449137707e+00
1.448672433622e+01,1.006149955531e+00
1.448872443622e+01,1.005849751608e+00
1.449072453623e+01,1.005548570678e+00
1.449272463623e+01,1.005246457757e+00
1.449472473624e+01,1.004943458128e+00
1.449672483624e+01,1.004639617341e+00
1.449872493625e+01,1.004334981203e+00
1.450072503625e+01,1.004029595775e+00
1.450272513626e+01,1.003723507365e+00
1.450472523626e+01,1.003416762525e+00
1.450672533627e+01,1.003109408041e+00
1.450872543627e+01,1.002801490932e+00
1.451072553628e+01,1.002493058440e+00
1.451272563628e+01,1.002184158026e+00
1.451472573629e+01,1.001874837362e+00
1.451672583629e+01,1.001565144328e+00
1.451872593630e+01,1.001255127001e+00
1.452072603630e+01,1.000944833653e+00
1.452272613631e+01,1.000634312739e+00
1.452472623631e+01,1.000323612897e+00
1.452672633632e+01,1.000012782936e+00
1.452872643632e+01,9.997018718285e-01
1.453072653633e+01,9.993909287072e-01
1.453272663633e+01,9.990800028549e-01
1.453472673634e+01,9.987691436978e-01
1.453672683634e+01,9.984584007977e-01
1.453872693635e+01,9.981478238445e-01
1.454072703635e+01,9.978374626486e-01
1.454272713636e+01,9.975273671321e-01
1.454472723636e+01,9.972175873215e-01
1.454672733637e+01,9.969081733397e-01
1.454872743637e+01,9.965991753987e-01
1.455072753638e+01,9.962906437893e-01
1.455272763638e+01,9.959826288737e-01
1.455472773639e+01,9.956751810763e-01
1.455672783639e+01,9.953683508757e-01
1.455872793640e+01,9.950621887954e-01
1.456072803640e+01,9.947567453948e-01
1.456272813641e+01,9.944520712603e-01
1.456472823641e+01,9.941482169962e-01
1.456672833642e+01,9.938452332153e-01
1.456872843642e+01,9.935431705296e-01
1.457072853643e+01,9.932420795407e-01
1.457272863643e+01,9.929420108306e-01
1.457472873644e+01,9.926430149515e-01
1.457672883644e+01,9.923451424167e-01
1.457872893645e+01,9.920484436900e-01
1.458072903645e+01,9.917529691762e-01
1.458272913646e+01,9.914587692111e-01
1.458472923646e+01,9.911658940510e-01
1.458672933647e+01,9.908743938625e-01
1.458872943647e+01,9.905843187122e-01
1.459072953648e+01,9.902957185562e-01
1.459272963648e+01,9.900086432297e-01
1.459472973649e+01,9.897231424358e-01
1.459672983649e+01,9.894392657362e-01
1.459872993650e+01,9.891570625405e-01
1.460073003650e+01,9.888765820945e-01
1.460273013651e+01,9.885978734693e-01
1.460473023651e+01,9.883209855509e-01
1.460673033652e+01,9.880459670289e-01
1.460873043652e+01,9.877728663860e-01
1.461073053653e+01,9.875017318863e-01
1.461273063653e+01,9.872326115645e-01
1.461473073654e+01,9.869655532147e-01
1.461673083654e+01,9.867006043794e-01
1.461873093655e+01,9.864378123380e-01
1.462073103655e+01,9.861772240956e-01
1.462273113656e+01,9.859188863719e-01
1.462473123656e+01,9.856628455898e-01
1.462673133657e+01,9.854091478640e-01
1.462873143657e+01,9.851578389898e-01
1.463073153658e+01,9.849089644318e-01
1.463273163658e+01,9.846625693122e-01
1.463473173659e+01,9.844186984002e-01
1.463673183659e+01,9.841773960996e-01
1.463873193660e+01,9.839387064384e-01
1.464073203660e+01,9.837026730570e-01
1.464273213661e+01,9.834693391967e-01
1.464473223661e+01,9.832387476889e-01
1.464673233662e+01,9.830109409436e-01
1.464873243662e+01,9.827859609390e-01
1.465073253663e+01,9.825638492095e-01
1.465273263663e+01,9.823446468345e-01
1.465473273664e+01,9.821283944278e-01
1.465673283664e+01,9.819151321263e-01
1.465873293665e+01,9.817048995793e-01
1.466073303665e+01,9.814977359374e-01
1.466273313666e+01,9.812936798419e-01
1.466473323666e+01,9.810927694141e-01
1.466673333667e+01,9.808950422445e-01
1.466873343667e+01,9.807005353824e-01
1.467073353668e+01,9.805092853253e-01
1.467273363668e+01,9.803213280086e-01
1.467473373669e+01,9.801366987956e-01
1.467673383669e+01,9.799554324668e-01
1.467873393670e+01,9.797775632106e-01
1.468073403670e+01,9.796031246128e-01
1.468273413671e+01,9.794321496473e-01
1.468473423671e+01,9.792646706664e-01
1.468673433672e+01,9.791007193911e-01
1.468873443672e+01,9.789403269023e-01
1.469073453673e+01,9.787835236312e-01
1.469273463673e+01,9.786303393498e-01
1.469473473674e+01,9.784808031625e-01
1.469673483674e+01,9.783349434977e-01
1.469873493675e+01,9.781927880988e-01
1.470073503675e+01,9.780543640160e-01
1.470273513676e+01,9.779196975981e-01
1.470473523676e+01,9.777888144849e-01
1.470673533677e+01,9.776617395987e-01
1.470873543677e+01,9.775384971372e-01
1.471073553678e+01,9.774191105660e-01
1.471273563678e+01,9.773036026113e-01
1.471473573679e+01,9.771919952529e-01
1.471673583679e+01,9.770843097175e-01
1.471873593680e+01,9.769805664720e-01
1.472073603680e+01,9.768807852171e-01
1.472273613681e+01,9.767849848816e-01
1.472473623681e+01,9.766931836162e-01
1.472673633682e+01,9.766053987879e-01
1.472873643682e+01,9.765216469749e-01
1.473073653683e+01,9.764419439614e-01
1.473273663683e+01,9.763663047326e-01
1.473473673684e+01,9.762947434690e-01
1.473673683684e+01,9.762272735430e-01
1.473873693685e+01,9.761639075148e-01
1.474073703685e+01,9.761046571281e-01
1.474273713686e+01,9.760495333066e-01
1.474473723686e+01,9.759985461506e-01
1.474673733687e+01,9.759517049337e-01
1.474873743687e+01,9.759090181003e-01
1.475073753688e+01,9.758704932628e-01
1.475273763688e+01,9.758361371990e-01
1.475473773689e+01,9.758059558502e-01
1.475673783689e+01,9.757799543195e-01
1.475873793690e+01,9.757581368701e-01
1.476073803690e+01,9.757405069240e-01
1.476273813691e+01,9.757270670613e-01
1.476473823691e+01,9.757178190190e-01
1.476673833692e+01,9.757127636915e-01
1.476873843692e+01,9.757119011295e-01
1.477073853693e+01,9.757152305414e-01
1.477273863693e+01,9.757227502924e-01
1.477473873694e+01,9.757344579050e-01
1.477673883694e+01,9.757503500607e-01
1.477873893695e+01,9.757704226010e-01
1.478073903695e+01,9.757946705291e-01
1.478273913696e+01,9.758230880114e-01
1.478473923696e+01,9.758556683797e-01
1.478673933697e+01,9.758924041334e-01
1.478873943697e+01,9.759332869423e-01
1.479073953698e+01,9.759783076492e-01
1.479273963698e+01,9.760274562730e-01
1.479473973699e+01,9.760807220123e-01
1.479673983699e+01,9.761380932486e-01
1.479873993700e+01,9.761995575506e-01
1.480074003700e+01,9.762651016780e-01
1.480274013701e+01,9.763347115862e-01
1.480474023701e+01,9.764083724307e-01
1.480674033702e+01,9.764860685724e-01
1.480874043702e+01,9.765677835825e-01
1.481074053703e+01,9.766535002484e-01
1.481274063703e+01,9.767432005787e-01
1.481474073704e+01,9.768368658083e-01
1.481674083704e+01,9.769344764056e-01
1.481874093705e+01,9.770360120788e-01
1.482074103705e+01,9.771414517819e-01
1.482274113706e+01,9.772507737218e-01
1.482474123706e+01,9.773639553652e-01
1.482674133707e+01,9.774809734458e-01
1.482874143707e+01,9.776018039716e-01
1.483074153708e+01,9.777264222325e-01
1.483274163708e+01,9.778548028083e-01
1.483474173709e+01,9.779869195759e-01
1.483674183709e+01,9.781227457186e-01
1.483874193710e+01,9.782622537331e-01
1.484074203710e+01,9.784054154392e-01
1.484274213711e+01,9.785522019876e-01
1.484474223711e+01,9.787025838691e-01
1.484674233712e+01,9.788565309239e-01
1.484874243712e+01,9.790140123502e-01
1.485074253713e+01,9.791749967143e-01
1.485274263713e+01,9.793394519597e-01
1.485474273714e+01,9.795073454170e-01
1.485674283714e+01,9.796786438123e-01
1.485874293715e+01,9.798533132778e-01
1.486074303715e+01,9.800313193624e-01
1.486274313716e+01,9.802126270413e-01
1.486474323716e+01,9.803972007262e-01
1.486674333717e+01,9.805850042757e-01
1.486874343717e+01,9.807760010058e-01
1.487074353718e+01,9.809701537005e-01
1.487274363718e+01,9.811674246220e-01
1.487474373719e+01,9.813677755218e-01
1.487674383719e+01,9.815711676513e-01
1.487874393720e+01,9.817775617727e-01
1.488074403720e+01,9.819869181699e-01
1.488274413721e+01,9.821991966593e-01
1.488474423721e+01,9.824143566012e-01
1.488674433722e+01,9.826323569106e-01
1.488874443722e+01,9.828531560684e-01
1.489074453723e+01,9.830767121328e-01
1.489274463723e+01,9.833029827502e-01
1.489474473724e+01,9.835319251667e-01
1.489674483724e+01,9.837634962397e-01
1.489874493725e+01,9.839976524484e-01
1.490074503725e+01,9.842343499051e-01
1.490274513726e+01,9.844735443673e-01
1.490474523726e+01,9.847151912485e-01
1.490674533727e+01,9.849592456299e-01
1.490874543727e+01,9.852056622712e-01
1.491074553728e+01,9.854543956224e-01
1.491274563728e+01,9.857053998350e-01
1.491474573729e+01,9.859586287729e-01
1.491674583729e+01,9.862140360242e-01
1.491874593730e+01,9.864715749123e-01
1.492074603730e+01,9.867311985068e-01
1.492274613731e+01,9.869928596351e-01
1.492474623731e+01,9.872565108933e-01
1.492674633732e+01,9.875221046575e-01
1.492874643732e+01,9.877895930946e-01
1.493074653733e+01,9.880589281733e-01
1.493274663733e+01,9.883300616754e-01
1.493474673734e+01,9.886029452063e-01
1.493674683734e+01,9.888775302061e-01
1.493874693735e+01,9.891537679601e-01
1.494074703735e+01,9.894316096097e-01
1.494274713736e+01,9.897110061630e-01
1.494474723736e+01,9.899919085055e-01
1.494674733737e+01,9.902742674101e-01
1.494874743737e+01,9.905580335483e-01
1.495074753738e+01,9.908431574996e-01
1.495274763738e+01,9.911295897624e-01
1.495474773739e+01,9.914172807640e-01
1.495674783739e+01,9.917061808704e-01
1.495874793740e+01,9.919962403964e-01
1.496074803740e+01,9.922874096156e-01
1.496274813741e+01,9.925796387701e-01
1.496474823741e+01,9.928728780801e-01
1.496674833742e+01,9.931670777537e-01
1.496874843742e+01,9.934621879960e-01
1.497074853743e+01,9.937581590189e-01
1.497274863743e+01,9.940549410501e-01
1.497474873744e+01,9.943524843423e-01
1.497674883744e+01,9.946507391823e-01
1.497874893745e+01,9.949496558997e-01
1.498074903745e+01,9.952491848759e-01
1.498274913746e+01,9.955492765527e-01
1.498474923746e+01,9.958498814407e-01
1.498674933747e+01,9.961509501288e-01
1.498874943747e+01,9.964524332916e-01
1.499074953748e+01,9.967542816977e-01
1.499274963748e+01,9.970564462182e-01
1.499474973749e+01,9.973588778347e-01
1.499674983749e+01,9.976615276468e-01
1.499874993750e+01,9.979643468803e-01
1.500075003750e+01,9.982672868943e-01
1.500275013751e+01,9.985702991894e-01
1.500475023751e+01,9.988733354147e-01
1.500675033752e+01,9.991763473752e-01
1.500875043752e+01,9.994792870391e-01
1.501075053753e+01,9.997821065445e-01
1.501275063753e+01,1.000084758207e+00
1.501475073754e+01,1.000387194526e+00
1.501675083754e+01,1.000689368191e+00
1.501875093755e+01,1.000991232090e+00
1.502075103755e+01,1.001292739313e+00
1.502275113756e+01,1.001593843161e+00
1.502475123756e+01,1.001894497152e+00
1.502675133757e+01,1.002194655025e+00
1.502875143757e+01,1.002494270746e+00
1.503075153758e+01,1.002793298518e+00
1.503275163758e+01,1.003091692782e+00
1.503475173759e+01,1.003389408224e+00
1.503675183759e+01,1.003686399782e+00
1.503875193760e+01,1.003982622652e+00
1.504075203760e+01,1.004278032290e+00
1.504275213761e+01,1.004572584419e+00
1.504475223761e+01,1.004866235033e+00
1.504675233762e+01,1.005158940406e+00
1.504875243762e+01,1.005450657091e+00
1.505075253763e+01,1.005741341928e+00
1.505275263763e+01,1.006030952049e+00
1.505475273764e+01,1.006319444881e+00
1.505675283764e+01,1.006606778151e+00
1.505875293765e+01,1.006892909890e+00
1.506075303765e+01,1.007177798440e+00
1.506275313766e+01,1.007461402452e+00
1.506475323766e+01,1.007743680897e+00
1.506675333767e+01,1.008024593065e+00
1.506875343767e+01,1.008304098570e+00
1.507075353768e+01,1.008582157356e+00
1.507275363768e+01,1.008858729698e+00
1.507475373769e+01,1.009133776205e+00
1.507675383769e+01,1.009407257826e+00
1.507875393770e+01,1.009679135852e+00
1.508075403770e+01,1.009949371918e+00
1.508275413771e+01,1.010217928007e+00
1.508475423771e+01,1.010484766456e+00
1.508675433772e+01,1.010749849956e+00
1.508875443772e+01,1.011013141553e+00
1.509075453773e+01,1.011274604657e+00
1.509275463773e+01,1.011534203037e+00
1.509475473774e+01,1.011791900829e+00
1.509675483774e+01,1.012047662539e+00
1.509875493775e+01,1.012301453041e+00
1.510075503775e+01,1.012553237584e+00
1.510275513776e+01,1.012802981790e+00
1.510475523776e+01,1.013050651661e+00
1.510675533777e+01,1.013296213578e+00
1.510875543777e+01,1.013539634304e+00
1.511075553778e+01,1.013780880985e+00
1.511275563778e+01,1.014019921154e+00
1.511475573779e+01,1.014256722733e+00
1.511675583779e+01,1.014491254032e+00
1.511875593780e+01,1.014723483753e+00
1.512075603780e+01,1.014953380992e+00
1.512275613781e+01,1.015180915240e+00
1.512475623781e+01,1.015406056382e+00
1.512675633782e+01,1.015628774706e+00
1.512875643782e+01,1.015849040894e+00
1.513075653783e+01,1.016066826034e+00
1.513275663783e+01,1.016282101613e+00
1.513475673784e+01,1.016494839522e+00
1.513675683784e+01,1.016705012059e+00
1.513875693785e+01,1.016912591928e+00
1.514075703785e+01,1.017117552239e+00
1.514275713786e+01,1.017319866512e+00
1.514475723786e+01,1.017519508674e+00
1.514675733787e+01,1.017716453067e+00
1.514875743787e+01,1.017910674441e+00
1.515075753788e+01,1.018102147960e+00
1.515275763788e+01,1.018290849202e+00
1.515475773789e+01,1.018476754158e+00
1.515675783789e+01,1.018659839236e+00
1.515875793790e+01,1.018840081258e+00
1.516075803790e+01,1.019017457465e+00
1.516275813791e+01,1.019191945515e+00
1.516475823791e+01,1.019363523481e+00
1.516675833792e+01,1.019532169860e+00
1.516875843792e+01,1.019697863565e+00
1.517075853793e+01,1.019860583930e+00
1.517275863793e+01,1.020020310710e+00
1.517475873794e+01,1.020177024080e+00
1.517675883794e+01,1.020330704637e+00
1.517875893795e+01,1.020481333401e+00
1.518075903795e+01,1.020628891814e+00
1.518275913796e+01,1.020773361739e+00
1.518475923796e+01,1.020914725465e+00
1.518675933797e+01,1.021052965704e+00
1.518875943797e+01,1.021188065591e+00
1.519075953798e+01,1.021320008687e+00
1.519275963798e+01,1.021448778976e+00
1.519475973799e+01,1.021574360868e+00
1.519675983799e+01,1.021696739197e+00
1.519875993800e+01,1.021815899224e+00
1.520076003800e+01,1.021931826634e+00
1.520276013801e+01,1.022044507539e+00
1.520476023801e+01,1.022153928477e+00
1.520676033802e+01,1.022260076411e+00
1.520876043802e+01,1.022362938731e+00
1.521076053803e+01,1.022462503254e+00
1.521276063803e+01,1.022558758223e+00
1.521476073804e+01,1.022651692307e+00
1.521676083804e+01,1.022741294604e+00
1.521876093805e+01,1.022827554637e+00
1.522076103805e+01,1.022910462355e+00
1.522276113806e+01,1.022990008137e+00
1.522476123806e+01,1.023066182787e+00
1.522676133807e+01,1.023138977535e+00
1.522876143807e+01,1.023208384041e+00
1.523076153808e+01,1.023274394391e+00
1.523276163808e+01,1.023337001096e+00
1.523476173809e+01,1.023396197097e+00
1.523676183809e+01,1.023451975760e+00
1.523876193810e+01,1.023504330880e+00
1.524076203810e+01,1.023553256678e+00
1.524276213811e+01,1.023598747801e+00
1.524476223811e+01,1.023640799325e+00
1.524676233812e+01,1.023679406751e+00
1.524876243812e+01,1.023714566008e+00
1.525076253813e+01,1.023746273452e+00
1.525276263813e+01,1.023774525865e+00
1.525476273814e+01,1.023799320455e+00
1.525676283814e+01,1.023820654858e+00
1.525876293815e+01,1.023838527137e+00
1.526076303815e+01,1.023852935778e+00
1.526276313816e+01,1.023863879696e+00
1.526476323816e+01,1.023871358233e+00
1.526676333817e+01,1.023875371154e+00
1.526876343817e+01,1.023875918652e+00
1.527076353818e+01,1.023873001346e+00
1.527276363818e+01,1.023866620279e+00
1.527476373819e+01,1.023856776921e+00
1.527676383819e+01,1.023843473166e+00
1.527876393820e+01,1.023826711335e+00
1.528076403820e+01,1.023806494172e+00
1.528276413821e+01,1.023782824848e+00
1.528476423821e+01,1.023755706958e+00
1.528676433822e+01,1.023725144520e+00
1.528876443822e+01,1.023691141979e+00
1.529076453823e+01,1.023653704202e+00
1.529276463823e+01,1.023612836481e+00
1.529476473824e+01,1.023568544531e+00
1.529676483824e+01,1.023520834493e+00
1.529876493825e+01,1.023469712928e+00
1.530076503825e+01,1.023415186823e+00
1.530276513826e+01,1.023357263585e+00
1.530476523826e+01,1.023295951048e+00
1.530676533827e+01,1.023231257463e+00
1.530876543827e+01,1.023163191508e+00
1.531076553828e+01,1.023091762279e+00
1.531276563828e+01,1.023016979298e+00
1.531476573829e+01,1.022938852503e+00
1.531676583829e+01,1.022857392258e+00
1.531876593830e+01,1.022772609345e+00
1.532076603830e+01,1.022684514966e+00
1.532276613831e+01,1.022593120746e+00
1.532476623831e+01,1.022498438725e+00
1.532676633832e+01,1.022400481368e+00
1.532876643832e+01,1.022299261554e+00
1.533076653833e+01,1.022194792583e+00
1.533276663833e+01,1.022087088173e+00
1.533476673834e+01,1.021976162460e+00
1.533676683834e+01,1.021862029997e+00
1.533876693835e+01,1.021744705752e+00
1.534076703835e+01,1.021624205113e+00
1.534276713836e+01,1.021500543880e+00
1.534476723836e+01,1.021373738273e+00
1.534676733837e+01,1.021243804922e+00
1.534876743837e+01,1.021110760874e+00
1.535076753838e+01,1.020974623589e+00
1.535276763838e+01,1.020835410941e+00
1.535476773839e+01,1.020693141215e+00
1.535676783839e+01,1.020547833109e+00
1.535876793840e+01,1.020399505732e+00
1.536076803840e+01,1.020248178603e+00
1.536276813841e+01,1.020093871651e+00
1.536476823841e+01,1.019936605214e+00
1.536676833842e+01,1.019776400039e+00
1.536876843842e+01,1.019613277278e+00
1.537076853843e+01,1.019447258492e+00
1.537276863843e+01,1.019278365647e+00
1.537476873844e+01,1.019106621115e+00
1.537676883844e+01,1.018932047669e+00
1.537876893845e+01,1.018754668487e+00
1.538076903845e+01,1.018574507148e+00
1.538276913846e+01,1.018391587634e+00
1.538476923846e+01,1.018205934323e+00
1.538676933847e+01,1.018017571995e+00
1.538876943847e+01,1.017826525826e+00
1.539076953848e+01,1.017632821388e+00
1.539276963848e+01,1.017436484649e+00
1.539476973849e+01,1.017237541971e+00
1.539676983849e+01,1.017036020106e+00
1.539876993850e+01,1.016831946201e+00
1.540077003850e+01,1.016625347790e+00
1.540277013851e+01,1.016416252795e+00
1.540477023851e+01,1.016204689526e+00
1.540677033852e+01,1.015990686678e+00
1.540877043852e+01,1.015774273329e+00
1.541077053853e+01,1.015555478938e+00
1.541277063853e+01,1.015334333346e+00
1.541477073854e+01,1.015110866771e+00
1.541677083854e+01,1.014885109807e+00
1.541877093855e+01,1.014657093425e+00
1.542077103855e+01,1.014426848966e+00
1.542277113856e+01,1.014194408142e+00
1.542477123856e+01,1.013959803036e+00
1.542677133857e+01,1.013723066095e+00
1.542877143857e+01,1.013484230131e+00
1.543077153858e+01,1.013243328318e+00
1.543277163858e+01,1.013000394190e+00
1.543477173859e+01,1.012755461637e+00
1.543677183859e+01,1.012508564905e+00
1.543877193860e+01,1.012259738592e+00
1.544077203860e+01,1.012009017646e+00
1.544277213861e+01,1.011756437361e+00
1.544477223861e+01,1.011502033375e+00
1.544677233862e+01,1.011245841670e+00
1.544877243862e+01,1.010987898563e+00
1.545077253863e+01,1.010728240709e+00
1.545277263863e+01,1.010466905094e+00
1.545477273864e+01,1.010203929035e+00
1.545677283864e+01,1.009939350174e+00
1.545877293865e+01,1.009673206475e+00
1.546077303865e+01,1.009405536223e+00
1.546277313866e+01,1.009136378018e+00
1.546477323866e+01,1.008865770771e+00
1.546677333867e+01,1.008593753705e+00
1.546877343867e+01,1.008320366345e+00
1.547077353868e+01,1.008045648518e+00
1.547277363868e+01,1.007769640350e+00
1.547477373869e+01,1.007492382259e+00
1.547677383869e+01,1.007213914950e+00
1.547877393870e+01,1.006934279417e+00
1.548077403870e+01,1.006653516931e+00
1.548277413871e+01,1.006371669042e+00
1.548477423871e+01,1.006088777571e+00
1.548677433872e+01,1.005804884605e+00
1.548877443872e+01,1.005520032494e+00
1.549077453873e+01,1.005234263847e+00
1.549277463873e+01,1.004947621525e+00
1.549477473874e+01,1.004660148636e+00
1.549677483874e+01,1.004371888533e+00
1.549877493875e+01,1.004082884806e+00
1.550077503875e+01,1.003793181275e+00
1.550277513876e+01,1.003502821991e+00
1.550477523876e+01,1.003211851224e+00
1.550677533877e+01,1.002920313460e+00
1.550877543877e+01,1.002628253396e+00
1.551077553878e+01,1.002335715932e+00
1.551277563878e+01,1.002042746168e+00
1.551477573879e+01,1.001749389396e+00
1.551677583879e+01,1.001455691092e+00
1.551877593880e+01,1.001161696916e+00
1.552077603880e+01,1.000867452699e+00
1.552277613881e+01,1.000573004440e+00
1.552477623881e+01,1.000278398301e+00
1.552677633882e+01,9.999836805931e-01
1.552877643882e+01,9.996888977794e-01
1.553077653883e+01,9.993940964609e-01
1.553277663883e+01,9.990993233727e-01
1.553477673884e+01,9.988046253759e-01
1.553677683884e+01,9.985100494508e-01
1.553877693885e+01,9.982156426893e-01
1.554077703885e+01,9.979214522879e-01
1.554277713886e+01,9.976275255397e-01
1.554477723886e+01,9.973339098270e-01
1.554677733887e+01,9.970406526139e-01
1.554877743887e+01,9.967478014377e-01
1.555077753888e+01,9.964554039018e-01
1.555277763888e+01,9.961635076671e-01
1.555477773889e+01,9.958721604438e-01
1.555677783889e+01,9.955814099836e-01
1.555877793890e+01,9.952913040709e-01
1.556077803890e+01,9.950018905143e-01
1.556277813891e+01,9.947132171382e-01
1.556477823891e+01,9.944253317739e-01
1.556677833892e+01,9.941382822510e-01
1.556877843892e+01,9.938521163900e-01
1.557077853893e+01,9.935668819918e-01
1.557277863893e+01,9.932826268287e-01
1.557477873894e+01,9.929993986357e-01
1.557677883894e+01,9.927172451014e-01
1.557877893895e+01,9.924362138585e-01
1.558077903895e+01,9.921563524745e-01
1.558277913896e+01,9.918777084424e-01
1.558477923896e+01,9.916003291709e-01
1.558677933897e+01,9.913242619753e-01
1.558877943897e+01,9.910495540672e-01
1.559077953898e+01,9.907762525454e-01
1.559277963898e+01,9.905044043860e-01
1.559477973899e+01,9.902340564320e-01
1.559677983899e+01,9.899652553843e-01
1.559877993900e+01,9.896980477910e-01
1.560078003900e+01,9.894324800375e-01
1.560278013901e+01,9.891685983370e-01
1.560478023901e+01,9.889064487194e-01
1.560678033902e+01,9.886460770218e-01
1.560878043902e+01,9.883875288781e-01
1.561078053903e+01,9.881308497083e-01
1.561278063903e+01,9.878760847087e-01
1.561478073904e+01,9.876232788412e-01
1.561678083904e+01,9.873724768227e-01
1.561878093905e+01,9.871237231166e-01
1.562078103905e+01,9.868770619204e-01
1.562278113906e+01,9.866325371558e-01
1.562478123906e+01,9.863901924582e-01
1.562678133907e+01,9.861500711663e-01
1.562878143907e+01,9.859122163117e-01
1.563078153908e+01,9.856766706085e-01
1.563278163908e+01,9.854434764425e-01
1.563478173909e+01,9.852126758612e-01
1.563678183909e+01,9.849843105630e-01
1.563878193910e+01,9.847584218869e-01
1.564078203910e+01,9.845350508020e-01
1.564278213911e+01,9.843142378973e-01
1.564478223911e+01,9.840960233713e-01
1.564678233912e+01,9.838804470212e-01
1.564878243912e+01,9.836675482336e-01
1.565078253913e+01,9.834573659731e-01
1.565278263913e+01,9.832499387729e-01
1.565478273914e+01,9.830453047245e-01
1.565678283914e+01,9.828435014674e-01
1.565878293915e+01,9.826445661792e-01
1.566078303915e+01,9.824485355655e-01
1.566278313916e+01,9.822554458504e-01
1.566478323916e+01,9.820653327663e-01
1.566678333917e+01,9.818782315442e-01
1.566878343917e+01,9.816941769041e-01
1.567078353918e+01,9.815132030456e-01
1.567278363918e+01,9.813353436383e-01
1.567478373919e+01,9.811606318124e-01
1.567678383919e+01,9.809891001495e-01
1.567878393920e+01,9.808207806737e-01
1.568078403920e+01,9.806557048419e-01
1.568278413921e+01,9.804939035358e-01
1.568478423921e+01,9.803354070523e-01
1.568678433922e+01,9.801802450953e-01
1.568878443922e+01,9.800284467668e-01
1.569078453923e+01,9.798800405589e-01
1.569278463923e+01,9.797350543456e-01
1.569478473924e+01,9.795935153742e-01
1.569678483924e+01,9.794554502579e-01
1.569878493925e+01,9.793208849679e-01
1.570078503925e+01,9.791898448260e-01
1.570278513926e+01,9.790623544969e-01
1.570478523926e+01,9.789384379807e-01
1.570678533927e+01,9.788181186059e-01
1.570878543927e+01,9.787014190224e-01
1.571078553928e+01,9.785883611953e-01
1.571278563928e+01,9.784789663977e-01
1.571478573929e+01,9.783732552049e-01
1.571678583929e+01,9.782712474877e-01
1.571878593930e+01,9.781729624069e-01
1.572078603930e+01,9.780784184075e-01
1.572278613931e+01,9.779876332127e-01
1.572478623931e+01,9.779006238190e-01
1.572678633932e+01,9.778174064908e-01
1.572878643932e+01,9.777379967556e-01
1.573078653933e+01,9.776624093991e-01
1.573278663933e+01,9.775906584609e-01
1.573478673934e+01,9.775227572301e-01
1.573678683934e+01,9.774587182414e-01
1.573878693935e+01,9.773985532716e-01
1.574078703935e+01,9.773422733355e-01
1.574278713936e+01,9.772898886832e-01
1.574478723936e+01,9.772414087969e-01
1.574678733937e+01,9.771968423870e-01
1.574878743937e+01,9.771561973902e-01
1.575078753938e+01,9.771194809673e-01
1.575278763938e+01,9.770866995009e-01
1.575478773939e+01,9.770578585935e-01
1.575678783939e+01,9.770329630659e-01
1.575878793940e+01,9.770120169559e-01
1.576078803940e+01,9.769950235168e-01
1.576278813941e+01,9.769819852171e-01
1.576478823941e+01,9.769729037391e-01
1.576678833942e+01,9.769677799793e-01
1.576878843942e+01,9.769666140473e-01
1.577078853943e+01,9.769694052666e-01
1.577278863943e+01,9.769761521747e-01
1.577478873944e+01,9.769868525235e-01
1.577678883944e+01,9.770015032807e-01
1.577878893945e+01,9.770201006302e-01
1.578078903945e+01,9.770426399743e-01
1.578278913946e+01,9.770691159347e-01
1.578478923946e+01,9.770995223553e-01
1.578678933947e+01,9.771338523022e-01
1.578878943947e+01,9.771720980675e-01
1.579078953948e+01,9.772142511716e-01
1.579278963948e+01,9.772603023660e-01
1.579478973949e+01,9.773102416364e-01
1.579678983949e+01,9.773640582060e-01
1.579878993950e+01,9.774217405388e-01
1.580079003950e+01,9.774832763436e-01
1.580279013951e+01,9.775486525779e-01
1.580479023951e+01,9.776178554520e-01
1.580679033952e+01,9.776908704335e-01
1.580879043952e+01,9.777676822518e-01
1.581079053953e+01,9.778482749032e-01
1.581279063953e+01,9.779326316556e-01
1.581479073954e+01,9.780207350543e-01
1.581679083954e+01,9.781125669272e-01
1.581879093955e+01,9.782081083908e-01
1.582079103955e+01,9.783073398560e-01
1.582279113956e+01,9.784102410342e-01
1.582479123956e+01,9.785167909431e-01
1.582679133957e+01,9.786269679140e-01
1.582879143957e+01,9.787407495979e-01
1.583079153958e+01,9.788581129726e-01
1.583279163958e+01,9.789790343500e-01
1.583479173959e+01,9.791034893828e-01
1.583679183959e+01,9.792314530725e-01
1.583879193960e+01,9.793628997765e-01
1.584079203960e+01,9.794978032163e-01
1.584279213961e+01,9.796361364850e-01
1.584479223961e+01,9.797778720554e-01
1.584679233962e+01,9.799229817882e-01
1.584879243962e+01,9.800714369405e-01
1.585079253963e+01,9.802232081740e-01
1.585279263963e+01,9.803782655637e-01
1.585479273964e+01,9.805365786068e-01
1.585679283964e+01,9.806981162313e-01
1.585879293965e+01,9.808628468053e-01
1.586079303965e+01,9.810307381460e-01
1.586279313966e+01,9.812017575291e-01
1.586479323966e+01,9.813758716981e-01
1.586679333967e+01,9.815530468741e-01
1.586879343967e+01,9.817332487646e-01
1.587079353968e+01,9.819164425721e-01
1.587279363968e+01,9.821025930059e-01
1.587479373969e+01,9.822916642909e-01
1.587679383969e+01,9.824836201776e-01
1.587879393970e+01,9.826784239521e-01
1.588079403970e+01,9.828760384460e-01
1.588279413971e+01,9.830764260464e-01
1.588479423971e+01,9.832795487062e-01
1.588679433972e+01,9.834853679544e-01
1.588879443972e+01,9.836938449058e-01
1.589079453973e+01,9.839049402717e-01
1.589279463973e+01,9.841186143702e-01
1.589479473974e+01,9.843348271364e-01
1.589679483974e+01,9.845535381327e-01
1.589879493975e+01,9.847747065593e-01
1.590079503975e+01,9.849982912648e-01
1.590279513976e+01,9.852242507562e-01
1.590479523976e+01,9.854525432097e-01
1.590679533977e+01,9.856831264812e-01
1.590879543977e+01,9.859159581167e-01
1.591079553978e+01,9.861509953624e-01
1.591279563978e+01,9.863881951756e-01
1.591479573979e+01,9.866275142346e-01
1.591679583979e+01,9.868689089497e-01
1.591879593980e+01,9.871123354734e-01
1.592079603980e+01,9.873577497108e-01
1.592279613981e+01,9.876051073296e-01
1.592479623981e+01,9.878543637710e-01
1.592679633982e+01,9.881054742597e-01
1.592879643982e+01,9.883583938143e-01
1.593079653983e+01,9.886130772570e-01
1.593279663983e+01,9.888694792247e-01
1.593479673984e+01,9.891275541783e-01
1.593679683984e+01,9.893872564132e-01
1.593879693985e+01,9.896485400693e-01
1.594079703985e+01,9.899113591408e-01
1.594279713986e+01,9.901756674865e-01
1.594479723986e+01,9.904414188390e-01
1.594679733987e+01,9.907085668151e-01
1.594879743987e+01,9.909770649253e-01
1.595079753988e+01,9.912468665833e-01
1.595279763988e+01,9.915179251157e-01
1.595479773989e+01,9.917901937714e-01
1.595679783989e+01,9.920636257314e-01
1.595879793990e+01,9.923381741178e-01
1.596079803990e+01,9.926137920031e-01
1.596279813991e+01,9.928904324197e-01
1.596479823991e+01,9.931680483683e-01
1.596679833992e+01,9.934465928278e-01
1.596879843992e+01,9.937260187634e-01
1.597079853993e+01,9.940062791360e-01
1.597279863993e+01,9.942873269106e-01
1.597479873994e+01,9.945691150650e-01
1.597679883994e+01,9.948515965985e-01
1.597879893995e+01,9.951347245403e-01
1.598079903995e+01,9.954184519578e-01
1.598279913996e+01,9.957027319649e-01
1.598479923996e+01,9.959875177301e-01
1.598679933997e+01,9.962727624845e-01
1.598879943997e+01,9.965584195303e-01
1.599079953998e+01,9.968444422475e-01
1.599279963998e+01,9.971307841029e-01
1.599479973999e+01,9.974173986566e-01
1.599679983999e+01,9.977042395702e-01
1.599879994000e+01,9.979912606139e-01
1.600080004000e+01,9.982784156739e-01
1.600280014001e+01,9.985656587603e-01
1.600480024001e+01,9.988529440133e-01
1.600680034002e+01,9.991402257105e-01
1.600880044002e+01,9.994274582738e-01
1.601080054003e+01,9.997145962763e-01
1.601280064003e+01,1.000001594449e+00
1.601480074004e+01,1.000288407686e+00
1.601680084004e+01,1.000574991054e+00
1.601880094005e+01,1.000861299795e+00
1.602080104005e+01,1.001147289335e+00
1.602280114006e+01,1.001432915290e+00
1.602480124006e+01,1.001718133471e+00
1.602680134007e+01,1.002002899889e+00
1.602880144007e+01,1.002287170765e+00
1.603080154008e+01,1.002570902531e+00
1.603280164008e+01,1.002854051838e+00
1.603480174009e+01,1.003136575560e+00
1.603680184009e+01,1.003418430803e+00
1.603880194010e+01,1.003699574904e+00
1.604080204010e+01,1.003979965442e+00
1.604280214011e+01,1.004259560242e+00
1.604480224011e+01,1.004538317375e+00
1.604680234012e+01,1.004816195171e+00
1.604880244012e+01,1.005093152214e+00
1.605080254013e+01,1.005369147357e+00
1.605280264013e+01,1.005644139721e+00
1.605480274014e+01,1.005918088697e+00
1.605680284014e+01,1.006190953957e+00
1.605880294015e+01,1.006462695453e+00
1.606080304015e+01,1.006733273423e+00
1.606280314016e+01,1.007002648397e+00
1.606480324016e+01,1.007270781196e+00
1.606680334017e+01,1.007537632940e+00
1.606880344017e+01,1.007803165051e+00
1.607080354018e+01,1.008067339256e+00
1.607280364018e+01,1.008330117592e+00
1.607480374019e+01,1.008591462408e+00
1.607680384019e+01,1.008851336368e+00
1.607880394020e+01,1.009109702456e+00
1.608080404020e+01,1.009366523980e+00
1.608280414021e+01,1.009621764572e+00
1.608480424021e+01,1.009875388193e+00
1.608680434022e+01,1.010127359138e+00
1.608880444022e+01,1.010377642034e+00
1.609080454023e+01,1.010626201849e+00
1.609280464023e+01,1.010873003888e+00
1.609480474024e+01,1.011118013802e+00
1.609680484024e+01,1.011361197588e+00
1.609880494025e+01,1.011602521588e+00
1.610080504025e+01,1.011841952497e+00
1.610280514026e+01,1.012079457366e+00
1.610480524026e+01,1.012315003599e+00
1.610680534027e+01,1.012548558957e+00
1.610880544027e+01,1.012780091564e+00
1.611080554028e+01,1.013009569905e+00
1.611280564028e+01,1.013236962829e+00
1.611480574029e+01,1.013462239553e+00
1.611680584029e+01,1.013685369661e+00
1.611880594030e+01,1.013906323106e+00
1.612080604030e+01,1.014125070218e+00
1.612280614031e+01,1.014341581695e+00
1.612480624031e+01,1.014555828615e+00
1.612680634032e+01,1.014767782430e+00
1.612880644032e+01,1.014977414975e+00
1.613080654033e+01,1.015184698461e+00
1.613280664033e+01,1.015389605483e+00
1.613480674034e+01,1.015592109021e+00
1.613680684034e+01,1.015792182437e+00
1.613880694035e+01,1.015989799480e+00
1.614080704035e+01,1.016184934287e+00
1.614280714036e+01,1.016377561384e+00
1.614480724036e+01,1.016567655685e+00
1.614680734037e+01,1.016755192497e+00
1.614880744037e+01,1.016940147517e+00
1.615080754038e+01,1.017122496838e+00
1.615280764038e+01,1.017302216944e+00
1.615480774039e+01,1.017479284717e+00
1.615680784039e+01,1.017653677434e+00
1.615880794040e+01,1.017825372768e+00
1.616080804040e+01,1.017994348793e+00
1.616280814041e+01,1.018160583978e+00
1.616480824041e+01,1.018324057195e+00
1.616680834042e+01,1.018484747714e+00
1.616880844042e+01,1.018642635206e+00
1.617080854043e+01,1.018797699746e+00
1.617280864043e+01,1.018949921809e+00
1.617480874044e+01,1.019099282274e+00
1.617680884044e+01,1.019245762424e+00
1.617880894045e+01,1.019389343946e+00
1.618080904045e+01,1.019530008932e+00
1.618280914046e+01,1.019667739880e+00
1.618480924046e+01,1.019802519691e+00
1.618680934047e+01,1.019934331675e+00
1.618880944047e+01,1.020063159549e+00
1.619080954048e+01,1.020188987435e+00
1.619280964048e+01,1.020311799864e+00
1.619480974049e+01,1.020431581775e+00
1.619680984049e+01,1.020548318514e+00
1.619880994050e+01,1.020661995838e+00
1.620081004050e+01,1.020772599910e+00
1.620281014051e+01,1.020880117304e+00
1.620481024051e+01,1.020984535003e+00
1.620681034052e+01,1.021085840400e+00
1.620881044052e+01,1.021184021299e+00
1.621081054053e+01,1.021279065911e+00
1.621281064053e+01,1.021370962861e+00
1.621481074054e+01,1.021459701182e+00
1.621681084054e+01,1.021545270320e+00
1.621881094055e+01,1.021627660129e+00
1.622081104055e+01,1.021706860878e+00
1.622281114056e+01,1.021782863243e+00
1.622481124056e+01,1.021855658314e+00
1.622681134057e+01,1.021925237591e+00
1.622881144057e+01,1.021991592987e+00
1.623081154058e+01,1.022054716824e+00
1.623281164058e+01,1.022114601840e+00
1.623481174059e+01,1.022171241179e+00
1.623681184059e+01,1.022224628401e+00
1.623881194060e+01,1.022274757477e+00
1.624081204060e+01,1.022321622787e+00
1.624281214061e+01,1.022365219126e+00
1.624481224061e+01,1.022405541700e+00
1.624681234062e+01,1.022442586126e+00
1.624881244062e+01,1.022476348432e+00
1.625081254063e+01,1.022506825059e+00
1.625281264063e+01,1.022534012861e+00
1.625481274064e+01,1.022557909099e+00
1.625681284064e+01,1.022578511451e+00
1.625881294065e+01,1.022595818002e+00
1.626081304065e+01,1.022609827251e+00
1.626281314066e+01,1.022620538107e+00
1.626481324066e+01,1.022627949892e+00
1.626681334067e+01,1.022632062336e+00
1.626881344067e+01,1.022632875583e+00
1.627081354068e+01,1.022630390187e+00
1.627281364068e+01,1.022624607111e+00
1.627481374069e+01,1.022615527731e+00
1.627681384069e+01,1.022603153832e+00
1.627881394070e+01,1.022587487609e+00
1.628081404070e+01,1.022568531669e+00
1.628281414071e+01,1.022546289028e+00
1.628481424071e+01,1.022520763110e+00
1.628681434072e+01,1.022491957752e+00
1.628881444072e+01,1.022459877197e+00
1.629081454073e+01,1.022424526100e+00
1.629281464073e+01,1.022385909523e+00
1.629481474074e+01,1.022344032937e+00
1.629681484074e+01,1.022298902223e+00
1.629881494075e+01,1.022250523669e+00
1.630081504075e+01,1.022198903970e+00
1.630281514076e+01,1.022144050232e+00
1.630481524076e+01,1.022085969965e+00
1.630681534077e+01,1.022024671088e+00
1.630881544077e+01,1.021960161926e+00
1.631081554078e+01,1.021892451211e+00
1.631281564078e+01,1.021821548082e+00
1.631481574079e+01,1.021747462083e+00
1.631681584079e+01,1.021670203162e+00
1.631881594080e+01,1.021589781675e+00
1.632081604080e+01,1.021506208382e+00
1.632281614081e+01,1.021419494446e+00
1.632481624081e+01,1.021329651435e+00
1.632681634082e+01,1.021236691320e+00
1.632881644082e+01,1.021140626476e+00
1.633081654083e+01,1.021041469681e+00
1.633281664083e+01,1.020939234114e+00
1.633481674084e+01,1.020833933354e+00
1.633681684084e+01,1.020725581386e+00
1.633881694085e+01,1.020614192591e+00
1.634081704085e+01,1.020499781752e+00
1.634281714086e+01,1.020382364052e+00
1.634481724086e+01,1.020261955072e+00
1.634681734087e+01,1.020138570792e+00
1.634881744087e+01,1.020012227588e+00
1.635081754088e+01,1.019882942236e+00
1.635281764088e+01,1.019750731905e+00
1.635481774089e+01,1.019615614162e+00
1.635681784089e+01,1.019477606969e+00
1.635881794090e+01,1.019336728679e+00
1.636081804090e+01,1.019192998042e+00
1.636281814091e+01,1.019046434198e+00
1.636481824091e+01,1.018897056681e+00
1.636681834092e+01,1.018744885414e+00
1.636881844092e+01,1.018589940711e+00
1.637081854093e+01,1.018432243273e+00
1.637281864093e+01,1.018271814192e+00
1.637481874094e+01,1.018108674944e+00
1.637681884094e+01,1.017942847394e+00
1.637881894095e+01,1.017774353790e+00
1.638081904095e+01,1.017603216763e+00
1.638281914096e+01,1.017429459330e+00
1.638481924096e+01,1.017253104886e+00
1.638681934097e+01,1.017074177207e+00
1.638881944097e+01,1.016892700450e+00
1.639081954098e+01,1.016708699149e+00
1.639281964098e+01,1.016522198212e+00
1.639481974099e+01,1.016333222925e+00
1.639681984099e+01,1.016141798946e+00
1.639881994100e+01,1.015947952307e+00
1.640082004100e+01,1.015751709409e+00
1.640282014101e+01,1.015553097021e+00
1.640482024101e+01,1.015352142283e+00
1.640682034102e+01,1.015148872697e+00
1.640882044102e+01,1.014943316132e+00
1.641082054103e+01,1.014735500819e+00
1.641282064103e+01,1.014525455346e+00
1.641482074104e+01,1.014313208666e+00
1.641682084104e+01,1.014098790082e+00
1.641882094105e+01,1.013882229258e+00
1.642082104105e+01,1.013663556207e+00
1.642282114106e+01,1.013442801293e+00
1.642482124106e+01,1.013219995230e+00
1.642682134107e+01,1.012995169078e+00
1.642882144107e+01,1.012768354240e+00
1.643082154108e+01,1.012539582463e+00
1.643282164108e+01,1.012308885831e+00
1.643482174109e+01,1.012076296766e+00
1.643682184109e+01,1.011841848025e+00
1.643882194110e+01,1.011605572695e+00
1.644082204110e+01,1.011367504195e+00
1.644282214111e+01,1.011127676267e+00
1.644482224111e+01,1.010886122981e+00
1.644682234112e+01,1.010642878724e+00
1.644882244112e+01,1.010397978204e+00
1.645082254113e+01,1.010151456440e+00
1.645282264113e+01,1.009903348768e+00
1.645482274114e+01,1.009653690827e+00
1.645682284114e+01,1.009402518567e+00
1.645882294115e+01,1.009149868236e+00
1.646082304115e+01,1.008895776382e+00
1.646282314116e+01,1.008640279850e+00
1.646482324116e+01,1.008383415773e+00
1.646682334117e+01,1.008125221576e+00
1.646882344117e+01,1.007865734966e+00
1.647082354118e+01,1.007604993932e+00
1.647282364118e+01,1.007343036739e+00
1.647482374119e+01,1.007079901925e+00
1.647682384119e+01,1.006815628297e+00
1.647882394120e+01,1.006550254926e+00
1.648082404120e+01,1.006283821144e+00
1.648282414121e+01,1.006016366538e+00
1.648482424121e+01,1.005747930949e+00
1.648682434122e+01,1.005478554462e+00
1.648882444122e+01,1.005208277406e+00
1.649082454123e+01,1.004937140349e+00
1.649282464123e+01,1.004665184091e+00
1.649482474124e+01,1.004392449660e+00
1.649682484124e+01,1.004118978308e+00
1.649882494125e+01,1.003844811507e+00
1.650082504125e+01,1.003569990939e+00
1.650282514126e+01,1.003294558495e+00
1.650482524126e+01,1.003018556270e+00
1.650682534127e+01,1.002742026556e+00
1.650882544127e+01,1.002465011834e+00
1.651082554128e+01,1.002187554774e+00
1.651282564128e+01,1.001909698225e+00
1.651482574129e+01,1.001631485210e+00
1.651682584129e+01,1.001352958923e+00
1.651882594130e+01,1.001074162718e+00
1.652082604130e+01,1.000795140107e+00
1.652282614131e+01,1.000515934751e+00
1.652482624131e+01,1.000236590458e+00
1.652682634132e+01,9.999571511694e-01
1.652882644132e+01,9.996776609617e-01
1.653082654133e+01,9.993981640337e-01
1.653282664133e+01,9.991187047026e-01
1.653482674134e+01,9.988393273966e-01
1.653682684134e+01,9.985600766478e-01
1.653882694135e+01,9.982809970852e-01
1.654082704135e+01,9.980021334285e-01
1.654282714136e+01,9.977235304809e-01
1.654482724136e+01,9.974452331209e-01
1.654682734137e+01,9.971672862954e-01
1.654882744137e+01,9.968897350121e-01
1.655082754138e+01,9.966126243324e-01
1.655282764138e+01,9.963359993632e-01
1.655482774139e+01,9.960599052496e-01
1.655682784139e+01,9.957843871670e-01
1.655882794140e+01,9.955094903128e-01
1.656082804140e+01,9.952352598991e-01
1.656282814141e+01,9.949617411441e-01
1.656482824141e+01,9.946889792643e-01
1.656682834142e+01,9.944170194661e-01
1.656882844142e+01,9.941459069375e-01
1.657082854143e+01,9.938756868400e-01
1.657282864143e+01,9.936064042995e-01
1.657482874144e+01,9.933381043986e-01
1.657682884144e+01,9.930708321671e-01
1.657882894145e+01,9.928046325741e-01
1.658082904145e+01,9.925395505186e-01
1.658282914146e+01,9.922756308208e-01
1.658482924146e+01,9.920129182133e-01
1.658682934147e+01,9.917514573319e-01
1.658882944147e+01,9.914912927066e-01
1.659082954148e+01,9.912324687528e-01
1.659282964148e+01,9.909750297633e-01
1.659482974149e+01,9.907190198968e-01
1.659682984149e+01,9.904644831702e-01
1.659882994150e+01,9.902114634485e-01
1.660083004150e+01,9.899600044360e-01
1.660283014151e+01,9.897101496666e-01
1.660483024151e+01,9.894619424947e-01
1.660683034152e+01,9.892154260852e-01
1.660883044152e+01,9.889706434045e-01
1.661083054153e+01,9.887276372105e-01
1.661283064153e+01,9.884864500436e-01
1.661483074154e+01,9.882471242166e-01
1.661683084154e+01,9.880097018054e-01
1.661883094155e+01,9.877742246393e-01
1.662083104155e+01,9.875407342912e-01
1.662283114156e+01,9.873092720683e-01
1.662483124156e+01,9.870798790020e-01
1.662683134157e+01,9.868525958386e-01
1.662883144157e+01,9.866274630293e-01
1.663083154158e+01,9.864045207209e-01
1.663283164158e+01,9.861838087456e-01
1.663483174159e+01,9.859653666119e-01
1.663683184159e+01,9.857492334945e-01
1.663883194160e+01,9.855354482246e-01
1.664083204160e+01,9.853240492811e-01
1.664283214161e+01,9.851150747806e-01
1.664483224161e+01,9.849085624678e-01
1.664683234162e+01,9.847045497057e-01
1.664883244162e+01,9.845030734667e-01
1.665083254163e+01,9.843041703227e-01
1.665283264163e+01,9.841078764359e-01
1.665483274164e+01,9.839142275497e-01
1.665683284164e+01,9.837232589792e-01
1.665883294165e+01,9.835350056018e-01
1.666083304165e+01,9.833495018487e-01
1.666283314166e+01,9.831667816949e-01
1.666483324166e+01,9.829868786512e-01
1.666683334167e+01,9.828098257544e-01
1.666883344167e+01,9.826356555588e-01
1.667083354168e+01,9.824644001278e-01
1.667283364168e+01,9.822960910246e-01
1.667483374169e+01,9.821307593039e-01
1.667683384169e+01,9.819684355036e-01
1.667883394170e+01,9.818091496364e-01
1.668083404170e+01,9.816529311812e-01
1.668283414171e+01,9.814998090756e-01
1.668483424171e+01,9.813498117075e-01
1.668683434172e+01,9.812029669069e-01
1.668883444172e+01,9.810593019383e-01
1.669083454173e+01,9.809188434931e-01
1.669283464173e+01,9.807816176823e-01
1.669483474174e+01,9.806476500286e-01
1.669683484174e+01,9.805169654599e-01
1.669883494175e+01,9.803895883013e-01
1.670083504175e+01,9.802655422691e-01
1.670283514176e+01,9.801448504632e-01
1.670483524176e+01,9.800275353611e-01
1.670683534177e+01,9.799136188110e-01
1.670883544177e+01,9.798031220257e-01
1.671083554178e+01,9.796960655760e-01
1.671283564178e+01,9.795924693856e-01
1.671483574179e+01,9.794923527242e-01
1.671683584179e+01,9.793957342028e-01
1.671883594180e+01,9.793026317677e-01
1.672083604180e+01,9.792130626957e-01
1.672283614181e+01,9.791270435888e-01
1.672483624181e+01,9.790445903695e-01
1.672683634182e+01,9.789657182762e-01
1.672883644182e+01,9.788904418587e-01
1.673083654183e+01,9.788187749728e-01
1.673283664183e+01,9.787507307775e-01
1.673483674184e+01,9.786863217309e-01
1.673683684184e+01,9.786255595862e-01
1.673883694185e+01,9.785684553885e-01
1.674083704185e+01,9.785150194714e-01
1.674283714186e+01,9.784652614543e-01
1.674483724186e+01,9.784191902391e-01
1.674683734187e+01,9.783768140081e-01
1.674883744187e+01,9.783381402210e-01
1.675083754188e+01,9.783031756133e-01
1.675283764188e+01,9.782719261940e-01
1.675483774189e+01,9.782443972438e-01
1.675683784189e+01,9.782205933139e-01
1.675883794190e+01,9.782005182243e-01
1.676083804190e+01,9.781841750633e-01
1.676283814191e+01,9.781715661861e-01
1.676483824191e+01,9.781626932150e-01
1.676683834192e+01,9.781575570385e-01
1.676883844192e+01,9.781561578115e-01
1.677083854193e+01,9.781584949547e-01
1.677283864193e+01,9.781645671549e-01
1.677483874194e+01,9.781743723660e-01
1.677683884194e+01,9.781879078099e-01
1.677883894195e+01,9.782051699769e-01
1.678083904195e+01,9.782261546274e-01
1.678283914196e+01,9.782508567931e-01
1.678483924196e+01,9.782792707789e-01
1.678683934197e+01,9.783113901645e-01
1.678883944197e+01,9.783472078064e-01
1.679083954198e+01,9.783867158408e-01
1.679283964198e+01,9.784299056853e-01
1.679483974199e+01,9.784767680421e-01
1.679683984199e+01,9.785272929011e-01
1.679883994200e+01,9.785814695425e-01
1.680084004200e+01,9.786392865409e-01
1.680284014201e+01,9.787007317684e-01
1.680484024201e+01,9.787657923986e-01
1.680684034202e+01,9.788344549111e-01
1.680884044202e+01,9.789067050953e-01
1.681084054203e+01,9.789825280549e-01
1.681284064203e+01,9.790619082114e-01
1.681484074204e+01,9.791448293103e-01
1.681684084204e+01,9.792312744258e-01
1.681884094205e+01,9.793212259656e-01
1.682084104205e+01,9.794146656766e-01
1.682284114206e+01,9.795115746505e-01
1.682484124206e+01,9.796119333294e-01
1.682684134207e+01,9.797157215115e-01
1.682884144207e+01,9.798229183579e-01
1.683084154208e+01,9.799335023980e-01
1.683284164208e+01,9.800474515363e-01
1.683484174209e+01,9.801647430591e-01
1.683684184209e+01,9.802853536409e-01
1.683884194210e+01,9.804092593515e-01
1.684084204210e+01,9.805364356628e-01
1.684284214211e+01,9.806668574564e-01
1.684484224211e+01,9.808004990304e-01
1.684684234212e+01,9.809373341075e-01
1.684884244212e+01,9.810773358422e-01
1.685084254213e+01,9.812204768291e-01
1.685284264213e+01,9.813667291104e-01
1.685484274214e+01,9.815160641841e-01
1.685684284214e+01,9.816684530105e-01
1.685884294215e+01,9.818238660224e-01
1.686084304215e+01,9.819822731324e-01
1.686284314216e+01,9.821436437421e-01
1.686484324216e+01,9.823079467499e-01
1.686684334217e+01,9.824751505600e-01
1.686884344217e+01,9.826452230910e-01
1.687084354218e+01,9.828181317850e-01
1.687284364218e+01,9.829938436159e-01
1.687484374219e+01,9.831723250989e-01
1.687684384219e+01,9.833535422992e-01
1.687884394220e+01,9.835374608414e-01
1.688084404220e+01,9.837240459183e-01
1.688284414221e+01,9.839132623006e-01
1.688484424221e+01,9.841050743456e-01
1.688684434222e+01,9.842994460071e-01
1.688884444222e+01,9.844963408447e-01
1.689084454223e+01,9.846957220327e-01
1.689284464223e+01,9.848975523706e-01
1.689484474224e+01,9.851017942918e-01
1.689684484224e+01,9.853084098736e-01
1.689884494225e+01,9.855173608465e-01
1.690084504225e+01,9.857286086038e-01
1.690284514226e+01,9.859421142109e-01
1.690484524226e+01,9.861578384157e-01
1.690684534227e+01,9.863757416579e-01
1.690884544227e+01,9.865957840785e-01
1.691084554228e+01,9.868179255295e-01
1.691284564228e+01,9.870421255838e-01
1.691484574229e+01,9.872683435447e-01
1.691684584229e+01,9.874965384552e-01
1.691884594230e+01,9.877266691085e-01
1.692084604230e+01,9.879586940565e-01
1.692284614231e+01,9.881925716206e-01
1.692484624231e+01,9.884282599001e-01
1.692684634232e+01,9.886657167827e-01
1.692884644232e+01,9.889048999536e-01
1.693084654233e+01,9.891457669051e-01
1.693284664233e+01,9.893882749457e-01
1.693484674234e+01,9.896323812104e-01
1.693684684234e+01,9.898780426690e-01
1.693884694235e+01,9.901252161363e-01
1.694084704235e+01,9.903738582809e-01
1.694284714236e+01,9.906239256347e-01
1.694484724236e+01,9.908753746021e-01
1.694684734237e+01,9.911281614687e-01
1.694884744237e+01,9.913822424113e-01
1.695084754238e+01,9.916375735059e-01
1.695284764238e+01,9.918941107374e-01
1.695484774239e+01,9.921518100081e-01
1.695684784239e+01,9.924106271468e-01
1.695884794240e+01,9.926705179174e-01
1.696084804240e+01,9.929314380273e-01
1.696284814241e+01,9.931933431369e-01
1.696484824241e+01,9.934561888671e-01
1.696684834242e+01,9.937199308085e-01
1.696884844242e+01,9.939845245298e-01
1.697084854243e+01,9.942499255855e-01
1.697284864243e+01,9.945160895249e-01
1.697484874244e+01,9.947829718997e-01
1.697684884244e+01,9.950505282724e-01
1.697884894245e+01,9.953187142240e-01
1.698084904245e+01,9.955874853623e-01
1.698284914246e+01,9.958567973291e-01
1.698484924246e+01,9.961266058082e-01
1.698684934247e+01,9.963968665331e-01
1.698884944247e+01,9.966675352948e-01
1.699084954248e+01,9.969385679490e-01
1.699284964248e+01,9.972099204234e-01
1.699484974249e+01,9.974815487250e-01
1.699684984249e+01,9.977534089473e-01
1.699884994250e+01,9.980254572775e-01
1.700085004250e+01,9.982976500031e-01
1.700285014251e+01,9.985699435191e-01
1.700485024251e+01,9.988422943348e-01
1.700685034252e+01,9.991146590802e-01
1.700885044252e+01,9.993869945130e-01
1.701085054253e+01,9.996592575245e-01
1.701285064253e+01,9.999314051468e-01
1.701485074254e+01,1.000203394558e+00
1.701685084254e+01,1.000475183091e+00
1.701885094255e+01,1.000746728235e+00
1.702085104255e+01,1.001017987647e+00
1.702285114256e+01,1.001288919152e+00
1.702485124256e+01,1.001559480754e+00
1.702685134257e+01,1.001829630639e+00
1.702885144257e+01,1.002099327181e+00
1.703085154258e+01,1.002368528947e+00
1.703285164258e+01,1.002637194702e+00
1.703485174259e+01,1.002905283418e+00
1.703685184259e+01,1.003172754273e+00
1.703885194260e+01,1.003439566663e+00
1.704085204260e+01,1.003705680203e+00
1.704285214261e+01,1.003971054732e+00
1.704485224261e+01,1.004235650318e+00
1.704685234262e+01,1.004499427264e+00
1.704885244262e+01,1.004762346112e+00
1.705085254263e+01,1.005024367648e+00
1.705285264263e+01,1.005285452905e+00
1.705485274264e+01,1.005545563168e+00
1.705685284264e+01,1.005804659980e+00
1.705885294265e+01,1.006062705145e+00
1.706085304265e+01,1.006319660729e+00
1.706285314266e+01,1.006575489071e+00
1.706485324266e+01,1.006830152781e+00
1.706685334267e+01,1.007083614746e+00
1.706885344267e+01,1.007335838133e+00
1.707085354268e+01,1.007586786395e+00
1.707285364268e+01,1.007836423272e+00
1.707485374269e+01,1.008084712794e+00
1.707685384269e+01,1.008331619289e+00
1.707885394270e+01,1.008577107381e+00
1.708085404270e+01,1.008821141995e+00
1.708285414271e+01,1.009063688362e+00
1.708485424271e+01,1.009304712021e+00
1.708685434272e+01,1.009544178820e+00
1.708885444272e+01,1.009782054923e+00
1.709085454273e+01,1.010018306810e+00
1.709285464273e+01,1.010252901281e+00
1.709485474274e+01,1.010485805457e+00
1.709685484274e+01,1.010716986785e+00
1.709885494275e+01,1.010946413040e+00
1.710085504275e+01,1.011174052327e+00
1.710285514276e+01,1.011399873083e+00
1.710485524276e+01,1.011623844081e+00
1.710685534277e+01,1.011845934429e+00
1.710885544277e+01,1.012066113579e+00
1.711085554278e+01,1.012284351320e+00
1.711285564278e+01,1.012500617790e+00
1.711485574279e+01,1.012714883468e+00
1.711685584279e+01,1.012927119185e+00
1.711885594280e+01,1.013137296121e+00
1.712085604280e+01,1.013345385808e+00
1.712285614281e+01,1.013551360132e+00
1.712485624281e+01,1.013755191335e+00
1.712685634282e+01,1.013956852015e+00
1.712885644282e+01,1.014156315130e+00
1.713085654283e+01,1.014353554001e+00
1.713285664283e+01,1.014548542307e+00
1.713485674284e+01,1.014741254094e+00
1.713685684284e+01,1.014931663773e+00
1.713885694285e+01,1.015119746120e+00
1.714085704285e+01,1.015305476283e+00
1.714285714286e+01,1.015488829775e+00
1.714485724286e+01,1.015669782483e+00
1.714685734287e+01,1.015848310665e+00
1.714885744287e+01,1.016024390953e+00
1.715085754288e+01,1.016198000353e+00
1.715285764288e+01,1.016369116246e+00
1.715485774289e+01,1.016537716391e+00
1.715685784289e+01,1.016703778924e+00
1.715885794290e+01,1.016867282360e+00
1.716085804290e+01,1.017028205593e+00
1.716285814291e+01,1.017186527899e+00
1.716485824291e+01,1.017342228934e+00
1.716685834292e+01,1.017495288738e+00
1.716885844292e+01,1.017645687733e+00
1.717085854293e+01,1.017793406727e+00
1.717285864293e+01,1.017938426910e+00
1.717485874294e+01,1.018080729861e+00
1.717685884294e+01,1.018220297541e+00
1.717885894295e+01,1.018357112302e+00
1.718085904295e+01,1.018491156881e+00
1.718285914296e+01,1.018622414404e+00
1.718485924296e+01,1.018750868386e+00
1.718685934297e+01,1.018876502730e+00
1.718885944297e+01,1.018999301732e+00
1.719085954298e+01,1.019119250076e+00
1.719285964298e+01,1.019236332836e+00
1.719485974299e+01,1.019350535479e+00
1.719685984299e+01,1.019461843864e+00
1.719885994300e+01,1.019570244242e+00
1.720086004300e+01,1.019675723255e+00
1.720286014301e+01,1.019778267939e+00
1.720486024301e+01,1.019877865725e+00
1.720686034302e+01,1.019974504434e+00
1.720886044302e+01,1.020068172284e+00
1.721086054303e+01,1.020158857886e+00
1.721286064303e+01,1.020246550245e+00
1.721486074304e+01,1.020331238763e+00
1.721686084304e+01,1.020412913234e+00
1.721886094305e+01,1.020491563849e+00
1.722086104305e+01,1.020567181194e+00
1.722286114306e+01,1.020639756251e+00
1.722486124306e+01,1.020709280397e+00
1.722686134307e+01,1.020775745406e+00
1.722886144307e+01,1.020839143447e+00
1.723086154308e+01,1.020899467086e+00
1.723286164308e+01,1.020956709284e+00
1.723486174309e+01,1.021010863400e+00
1.723686184309e+01,1.021061923188e+00
1.723886194310e+01,1.021109882801e+00
1.724086204310e+01,1.021154736786e+00
1.724286214311e+01,1.021196480087e+00
1.724486224311e+01,1.021235108047e+00
1.724686234312e+01,1.021270616403e+00
1.724886244312e+01,1.021303001291e+00
1.725086254313e+01,1.021332259241e+00
1.725286264313e+01,1.021358387182e+00
1.725486274314e+01,1.021381382439e+00
1.725686284314e+01,1.021401242734e+00
1.725886294315e+01,1.021417966184e+00
1.726086304315e+01,1.021431551306e+00
1.726286314316e+01,1.021441997009e+00
1.726486324316e+01,1.021449302602e+00
1.726686334317e+01,1.021453467788e+00
1.726886344317e+01,1.021454492669e+00
1.727086354318e+01,1.021452377739e+00
1.727286364318e+01,1.021447123891e+00
1.727486374319e+01,1.021438732414e+00
1.727686384319e+01,1.021427204991e+00
1.727886394320e+01,1.021412543701e+00
1.728086404320e+01,1.021394751019e+00
1.728286414321e+01,1.021373829814e+00
1.728486424321e+01,1.021349783351e+00
1.728686434322e+01,1.021322615291e+00
1.728886444322e+01,1.021292329686e+00
1.729086454323e+01,1.021258930985e+00
1.729286464323e+01,1.021222424031e+00
1.729486474324e+01,1.021182814061e+00
1.729686484324e+01,1.021140106704e+00
1.729886494325e+01,1.021094307983e+00
1.730086504325e+01,1.021045424315e+00
1.730286514326e+01,1.020993462510e+00
1.730486524326e+01,1.020938429767e+00
1.730686534327e+01,1.020880333682e+00
1.730886544327e+01,1.020819182240e+00
1.731086554328e+01,1.020754983816e+00
1.731286564328e+01,1.020687747180e+00
1.731486574329e+01,1.020617481490e+00
1.731686584329e+01,1.020544196293e+00
1.731886594330e+01,1.020467901530e+00
1.732086604330e+01,1.020388607528e+00
1.732286614331e+01,1.020306325004e+00
1.732486624331e+01,1.020221065063e+00
1.732686634332e+01,1.020132839199e+00
1.732886644332e+01,1.020041659294e+00
1.733086654333e+01,1.019947537614e+00
1.733286664333e+01,1.019850486816e+00
1.733486674334e+01,1.019750519938e+00
1.733686684334e+01,1.019647650408e+00
1.733886694335e+01,1.019541892035e+00
1.734086704335e+01,1.019433259014e+00
1.734286714336e+01,1.019321765924e+00
1.734486724336e+01,1.019207427726e+00
1.734686734337e+01,1.019090259762e+00
1.734886744337e+01,1.018970277758e+00
1.735086754338e+01,1.018847497819e+00
1.735286764338e+01,1.018721936430e+00
1.735486774339e+01,1.018593610456e+00
1.735686784339e+01,1.018462537140e+00
1.735886794340e+01,1.018328734102e+00
1.736086804340e+01,1.018192219339e+00
1.736286814341e+01,1.018053011225e+00
1.736486824341e+01,1.017911128507e+00
1.736686834342e+01,1.017766590307e+00
1.736886844342e+01,1.017619416120e+00
1.737086854343e+01,1.017469625812e+00
1.737286864343e+01,1.017317239621e+00
1.737486874344e+01,1.017162278155e+00
1.737686884344e+01,1.017004762389e+00
1.737886894345e+01,1.016844713668e+00
1.738086904345e+01,1.016682153701e+00
1.738286914346e+01,1.016517104563e+00
1.738486924346e+01,1.016349588695e+00
1.738686934347e+01,1.016179628896e+00
1.738886944347e+01,1.016007248332e+00
1.739086954348e+01,1.015832470524e+00
1.739286964348e+01,1.015655319354e+00
1.739486974349e+01,1.015475819061e+00
1.739686984349e+01,1.015293994239e+00
1.739886994350e+01,1.015109869837e+00
1.740087004350e+01,1.014923471155e+00
1.740287014351e+01,1.014734823844e+00
1.740487024351e+01,1.014543953906e+00
1.740687034352e+01,1.014350887688e+00
1.740887044352e+01,1.014155651884e+00
1.741087054353e+01,1.013958273531e+00
1.741287064353e+01,1.013758780010e+00
1.741487074354e+01,1.013557199040e+00
1.741687084354e+01,1.013353558678e+00
1.741887094355e+01,1.013147887319e+00
1.742087104355e+01,1.012940213689e+00
1.742287114356e+01,1.012730566850e+00
1.742487124356e+01,1.012518976189e+00
1.742687134357e+01,1.012305471424e+00
1.742887144357e+01,1.012090082597e+00
1.743087154358e+01,1.011872840071e+00
1.743287164358e+01,1.011653774532e+00
1.743487174359e+01,1.011432916982e+00
1.743687184359e+01,1.011210298738e+00
1.743887194360e+01,1.010985951432e+00
1.744087204360e+01,1.010759907003e+00
1.744287214361e+01,1.010532197699e+00
1.744487224361e+01,1.010302856073e+00
1.744687234362e+01,1.010071914978e+00
1.744887244362e+01,1.009839407567e+00
1.745087254363e+01,1.009605367287e+00
1.745287264363e+01,1.009369827878e+00
1.745487274364e+01,1.009132823372e+00
1.745687284364e+01,1.008894388083e+00
1.745887294365e+01,1.008654556610e+00
1.746087304365e+01,1.008413363832e+00
1.746287314366e+01,1.008170844903e+00
1.746487324366e+01,1.007927035249e+00
1.746687334367e+01,1.007681970568e+00
1.746887344367e+01,1.007435686820e+00
1.747087354368e+01,1.007188220228e+00
1.747287364368e+01,1.006939607272e+00
1.747487374369e+01,1.006689884688e+00
1.747687384369e+01,1.006439089458e+00
1.747887394370e+01,1.006187258814e+00
1.748087404370e+01,1.005934430226e+00
1.748287414371e+01,1.005680641404e+00
1.748487424371e+01,1.005425930288e+00
1.748687434372e+01,1.005170335051e+00
1.748887444372e+01,1.004913894087e+00
1.749087454373e+01,1.004656646010e+00
1.749287464373e+01,1.004398629651e+00
1.749487474374e+01,1.004139884050e+00
1.749687484374e+01,1.003880448452e+00
1.749887494375e+01,1.003620362304e+00
1.750087504375e+01,1.003359665247e+00
1.750287514376e+01,1.003098397114e+00
1.750487524376e+01,1.002836597922e+00
1.750687534377e+01,1.002574307869e+00
1.750887544377e+01,1.002311567329e+00
1.751087554378e+01,1.002048416842e+00
1.751287564378e+01,1.001784897115e+00
1.751487574379e+01,1.001521049013e+00
1.751687584379e+01,1.001256913552e+00
1.751887594380e+01,1.000992531896e+00
1.752087604380e+01,1.000727945349e+00
1.752287614381e+01,1.000463195353e+00
1.752487624381e+01,1.000198323475e+00
1.752687634382e+01,9.999333714072e-01
1.752887644382e+01,9.996683809584e-01
1.753087654383e+01,9.994033940469e-01
1.753287664383e+01,9.991384526952e-01
1.753487674384e+01,9.988735990227e-01
1.753687684384e+01,9.986088752407e-01
1.753887694385e+01,9.983443236447e-01
1.754087704385e+01,9.980799866078e-01
1.754287714386e+01,9.978159065736e-01
1.754487724386e+01,9.975521260497e-01
1.754687734387e+01,9.972886876005e-01
1.754887744387e+01,9.970256338405e-01
1.755087754388e+01,9.967630074264e-01
1.755287764388e+01,9.965008510506e-01
1.755487774389e+01,9.962392074338e-01
1.755687784389e+01,9.959781193170e-01
1.755887794390e+01,9.957176294548e-01
1.756087804390e+01,9.954577806076e-01
1.756287814391e+01,9.951986155337e-01
1.756487824391e+01,9.949401769823e-01
1.756687834392e+01,9.946825076851e-01
1.756887844392e+01,9.944256503487e-01
1.757087854393e+01,9.941696476469e-01
1.757287864393e+01,9.939145422125e-01
1.757487874394e+01,9.936603766292e-01
1.757687884394e+01,9.934071934237e-01
1.757887894395e+01,9.931550350575e-01
1.758087904395e+01,9.929039439182e-01
1.758287914396e+01,9.926539623119e-01
1.758487924396e+01,9.924051324539e-01
1.758687934397e+01,9.921574964617e-01
1.758887944397e+01,9.919110963465e-01
1.759087954398e+01,9.916659740033e-01
1.759287964398e+01,9.914221712036e-01
1.759487974399e+01,9.911797295861e-01
1.759687984399e+01,9.909386906484e-01
1.759887994400e+01,9.906990957382e-01
1.760088004400e+01,9.904609860448e-01
1.760288014401e+01,9.902244025901e-01
1.760488024401e+01,9.899893862199e-01
1.760688034402e+01,9.897559775952e-01
1.760888044402e+01,9.895242171833e-01
1.761088054403e+01,9.892941452488e-01
1.761288064403e+01,9.890658018449e-01
1.761488074404e+01,9.888392268045e-01
1.761688084404e+01,9.886144597312e-01
1.761888094405e+01,9.883915399904e-01
1.762088104405e+01,9.881705067003e-01
1.762288114406e+01,9.879513987232e-01
1.762488124406e+01,9.877342546562e-01
1.762688134407e+01,9.875191128224e-01
1.762888144407e+01,9.873060112620e-01
1.763088154408e+01,9.870949877232e-01
1.763288164408e+01,9.868860796532e-01
1.763488174409e+01,9.866793241894e-01
1.763688184409e+01,9.864747581509e-01
1.763888194410e+01,9.862724180292e-01
1.764088204410e+01,9.860723399797e-01
1.764288214411e+01,9.858745598121e-01
1.764488224411e+01,9.856791129825e-01
1.764688234412e+01,9.854860345839e-01
1.764888244412e+01,9.852953593380e-01
1.765088254413e+01,9.851071215864e-01
1.765288264413e+01,9.849213552819e-01
1.765488274414e+01,9.847380939800e-01
1.765688284414e+01,9.845573708303e-01
1.765888294415e+01,9.843792185680e-01
1.766088304415e+01,9.842036695056e-01
1.766288314416e+01,9.840307555245e-01
1.766488324416e+01,9.838605080667e-01
1.766688334417e+01,9.836929581268e-01
1.766888344417e+01,9.835281362435e-01
1.767088354418e+01,9.833660724921e-01
1.767288364418e+01,9.832067964758e-01
1.767488374419e+01,9.830503373189e-01
1.767688384419e+01,9.828967236581e-01
1.767888394420e+01,9.827459836353e-01
1.768088404420e+01,9.825981448903e-01
1.768288414421e+01,9.824532345527e-01
1.768488424421e+01,9.823112792345e-01
1.768688434422e+01,9.821723050234e-01
1.768888444422e+01,9.820363374755e-01
1.769088454423e+01,9.819034016081e-01
1.769288464423e+01,9.817735218931e-01
1.769488474424e+01,9.816467222501e-01
1.769688484424e+01,9.815230260398e-01
1.769888494425e+01,9.814024560575e-01
1.770088504425e+01,9.812850345270e-01
1.770288514426e+01,9.811707830939e-01
1.770488524426e+01,9.810597228201e-01
1.770688534427e+01,9.809518741774e-01
1.770888544427e+01,9.808472570418e-01
1.771088554428e+01,9.807458906882e-01
1.771288564428e+01,9.806477937846e-01
1.771488574429e+01,9.805529843869e-01
1.771688584429e+01,9.804614799340e-01
1.771888594430e+01,9.803732972427e-01
1.772088604430e+01,9.802884525029e-01
1.772288614431e+01,9.802069612732e-01
1.772488624431e+01,9.801288384767e-01
1.772688634432e+01,9.800540983956e-01
1.772888644432e+01,9.799827546677e-01
1.773088654433e+01,9.799148202828e-01
1.773288664433e+01,9.798503075786e-01
1.773488674434e+01,9.797892282376e-01
1.773688684434e+01,9.797315932833e-01
1.773888694435e+01,9.796774130772e-01
1.774088704435e+01,9.796266973160e-01
1.774288714436e+01,9.795794550289e-01
1.774488724436e+01,9.795356945744e-01
1.774688734437e+01,9.794954236388e-01
1.774888744437e+01,9.794586492332e-01
1.775088754438e+01,9.794253776921e-01
1.775288764438e+01,9.793956146711e-01
1.775488774439e+01,9.793693651457e-01
1.775688784439e+01,9.793466334097e-01
1.775888794440e+01,9.793274230744e-01
1.776088804440e+01,9.793117370672e-01
1.776288814441e+01,9.792995776313e-01
1.776488824441e+01,9.792909463249e-01
1.776688834442e+01,9.792858440216e-01
1.776888844442e+01,9.792842709085e-01
1.777088854443e+01,9.792862264870e-01
1.777288864443e+01,9.792917095740e-01
1.777488874444e+01,9.793007183012e-01
1.777688884444e+01,9.793132501166e-01
1.777888894445e+01,9.793293017849e-01
1.778088904445e+01,9.793488693886e-01
1.778288914446e+01,9.793719483299e-01
1.778488924446e+01,9.793985333314e-01
1.778688934447e+01,9.794286184381e-01
1.778888944447e+01,9.794621970196e-01
1.779088954448e+01,9.794992617716e-01
1.779288964448e+01,9.795398047185e-01
1.779488974449e+01,9.795838172159e-01
1.779688984449e+01,9.796312899533e-01
1.779888994450e+01,9.796822129568e-01
1.780089004450e+01,9.797365755922e-01
1.780289014451e+01,9.797943665689e-01
1.780489024451e+01,9.798555739425e-01
1.780689034452e+01,9.799201851196e-01
1.780889044452e+01,9.799881868606e-01
1.781089054453e+01,9.800595652832e-01
1.781289064453e+01,9.801343058677e-01
1.781489074454e+01,9.802123934609e-01
1.781689084454e+01,9.802938122810e-01
1.781889094455e+01,9.803785459218e-01
1.782089104455e+01,9.804665773578e-01
1.782289114456e+01,9.805578889496e-01
1.782489124456e+01,9.806524624487e-01
1.782689134457e+01,9.807502790030e-01
1.782889144457e+01,9.808513191625e-01
1.783089154458e+01,9.809555628847e-01
1.783289164458e+01,9.810629895405e-01
1.783489174459e+01,9.811735779205e-01
1.783689184459e+01,9.812873062407e-01
1.783889194460e+01,9.814041521487e-01
1.784089204460e+01,9.815240927308e-01
1.784289214461e+01,9.816471045178e-01
1.784489224461e+01,9.817731634922e-01
1.784689234462e+01,9.819022450950e-01
1.784889244462e+01,9.820343242326e-01
1.785089254463e+01,9.821693752841e-01
1.785289264463e+01,9.823073721085e-01
1.785489274464e+01,9.824482880512e-01
1.785689284464e+01,9.825920959511e-01
1.785889294465e+01,9.827387681497e-01
1.786089304465e+01,9.828882764977e-01
1.786289314466e+01,9.830405923629e-01
1.786489324466e+01,9.831956866381e-01
1.786689334467e+01,9.833535297491e-01
1.786889344467e+01,9.835140916622e-01
1.787089354468e+01,9.836773418929e-01
1.787289364468e+01,9.838432495137e-01
1.787489374469e+01,9.840117831622e-01
1.787689384469e+01,9.841829110499e-01
1.787889394470e+01,9.843566009699e-01
1.788089404470e+01,9.845328203058e-01
1.788289414471e+01,9.847115360399e-01
1.788489424471e+01,9.848927147620e-01
1.788689434472e+01,9.850763226778e-01
1.788889444472e+01,9.852623256177e-01
1.789089454473e+01,9.854506890454e-01
1.789289464473e+01,9.856413780666e-01
1.789489474474e+01,9.858343574380e-01
1.789689484474e+01,9.860295915761e-01
1.789889494475e+01,9.862270445659e-01
1.790089504475e+01,9.864266801690e-01
1.790289514476e+01,9.866284618336e-01
1.790489524476e+01,9.868323527030e-01
1.790689534477e+01,9.870383156244e-01
1.790889544477e+01,9.872463131580e-01
1.791089554478e+01,9.874563075857e-01
1.791289564478e+01,9.876682609204e-01
1.791489574479e+01,9.878821349145e-01
1.791689584479e+01,9.880978910692e-01
1.791889594480e+01,9.883154906432e-01
1.792089604480e+01,9.885348946616e-01
1.792289614481e+01,9.887560639250e-01
1.792489624481e+01,9.889789590185e-01
1.792689634482e+01,9.892035403199e-01
1.792889644482e+01,9.894297680095e-01
1.793089654483e+01,9.896576020781e-01
1.793289664483e+01,9.898870023364e-01
1.793489674484e+01,9.901179284234e-01
1.793689684484e+01,9.903503398153e-01
1.793889694485e+01,9.905841958342e-01
1.794089704485e+01,9.908194556567e-01
1.794289714486e+01,9.910560783225e-01
1.794489724486e+01,9.912940227433e-01
1.794689734487e+01,9.915332477109e-01
1.794889744487e+01,9.917737119059e-01
1.795089754488e+01,9.920153739061e-01
1.795289764488e+01,9.922581921952e-01
1.795489774489e+01,9.925021251707e-01
1.795689784489e+01,9.927471311521e-01
1.795889794490e+01,9.929931683896e-01
1.796089804490e+01,9.932401950721e-01
1.796289814491e+01,9.934881693349e-01
1.796489824491e+01,9.937370492683e-01
1.796689834492e+01,9.939867929253e-01
1.796889844492e+01,9.942373583294e-01
1.797089854493e+01,9.944887034827e-01
1.797289864493e+01,9.947407863736e-01
1.797489874494e+01,9.949935649843e-01
1.797689884494e+01,9.952469972986e-01
1.797889894495e+01,9.955010413094e-01
1.798089904495e+01,9.957556550260e-01
1.798289914496e+01,9.960107964818e-01
1.798489924496e+01,9.962664237411e-01
1.798689934497e+01,9.965224949068e-01
1.798889944497e+01,9.967789681272e-01
1.799089954498e+01,9.970358016040e-01
1.799289964498e+01,9.972929535980e-01
1.799489974499e+01,9.975503824367e-01
1.799689984499e+01,9.978080465212e-01
1.799889994500e+01,9.980659043324e-01
1.800090004500e+01,9.983239144384e-01
1.800290014501e+01,9.985820355002e-01
1.800490024501e+01,9.988402262790e-01
1.800690034502e+01,9.990984456419e-01
1.800890044502e+01,9.993566525686e-01
1.801090054503e+01,9.996148061576e-01
1.801290064503e+01,9.998728656323e-01
1.801490074504e+01,1.000130790347e+00
1.801690084504e+01,1.000388539792e+00
1.801890094505e+01,1.000646073603e+00
1.802090104505e+01,1.000903351561e+00
1.802290114506e+01,1.001160333603e+00
1.802490124506e+01,1.001416979825e+00
1.802690134507e+01,1.001673250490e+00
1.802890144507e+01,1.001929106030e+00
1.803090154508e+01,1.002184507054e+00
1.803290164508e+01,1.002439414350e+00
1.803490174509e+01,1.002693788895e+00
1.803690184509e+01,1.002947591857e+00
1.803890194510e+01,1.003200784599e+00
1.804090204510e+01,1.003453328688e+00
1.804290214511e+01,1.003705185896e+00
1.804490224511e+01,1.003956318205e+00
1.804690234512e+01,1.004206687815e+00
1.804890244512e+01,1.004456257142e+00
1.805090254513e+01,1.004704988831e+00
1.805290264513e+01,1.004952845754e+00
1.805490274514e+01,1.005199791016e+00
1.805690284514e+01,1.005445787960e+00
1.805890294515e+01,1.005690800170e+00
1.806090304515e+01,1.005934791477e+00
1.806290314516e+01,1.006177725959e+00
1.806490324516e+01,1.006419567952e+00
1.806690334517e+01,1.006660282044e+00
1.806890344517e+01,1.006899833089e+00
1.807090354518e+01,1.007138186201e+00
1.807290364518e+01,1.007375306767e+00
1.807490374519e+01,1.007611160443e+00
1.807690384519e+01,1.007845713161e+00
1.807890394520e+01,1.008078931130e+00
1.808090404520e+01,1.008310780844e+00
1.808290414521e+01,1.008541229079e+00
1.808490424521e+01,1.008770242901e+00
1.808690434522e+01,1.008997789664e+00
1.808890444522e+01,1.009223837020e+00
1.809090454523e+01,1.009448352918e+00
1.809290464523e+01,1.009671305604e+00
1.809490474524e+01,1.009892663628e+00
1.809690484524e+01,1.010112395848e+00
1.809890494525e+01,1.010330471426e+00
1.810090504525e+01,1.010546859837e+00
1.810290514526e+01,1.010761530868e+00
1.810490524526e+01,1.010974454623e+00
1.810690534527e+01,1.011185601522e+00
1.810890544527e+01,1.011394942307e+00
1.811090554528e+01,1.011602448042e+00
1.811290564528e+01,1.011808090115e+00
1.811490574529e+01,1.012011840243e+00
1.811690584529e+01,1.012213670469e+00
1.811890594530e+01,1.012413553169e+00
1.812090604530e+01,1.012611461051e+00
1.812290614531e+01,1.012807367160e+00
1.812490624531e+01,1.013001244876e+00
1.812690634532e+01,1.013193067917e+00
1.812890644532e+01,1.013382810342e+00
1.813090654533e+01,1.013570446553e+00
1.813290664533e+01,1.013755951295e+00
1.813490674534e+01,1.013939299658e+00
1.813690684534e+01,1.014120467078e+00
1.813890694535e+01,1.014299429341e+00
1.814090704535e+01,1.014476162583e+00
1.814290714536e+01,1.014650643290e+00
1.814490724536e+01,1.014822848302e+00
1.814690734537e+01,1.014992754811e+00
1.814890744537e+01,1.015160340368e+00
1.815090754538e+01,1.015325582876e+00
1.815290764538e+01,1.015488460598e+00
1.815490774539e+01,1.015648952157e+00
1.815690784539e+01,1.015807036534e+00
1.815890794540e+01,1.015962693073e+00
1.816090804540e+01,1.016115901478e+00
1.816290814541e+01,1.016266641817e+00
1.816490824541e+01,1.016414894524e+00
1.816690834542e+01,1.016560640397e+00
1.816890844542e+01,1.016703860598e+00
1.817090854543e+01,1.016844536659e+00
1.817290864543e+01,1.016982650479e+00
1.817490874544e+01,1.017118184324e+00
1.817690884544e+01,1.017251120831e+00
1.817890894545e+01,1.017381443007e+00
1.818090904545e+01,1.017509134229e+00
1.818290914546e+01,1.017634178247e+00
1.818490924546e+01,1.017756559181e+00
1.818690934547e+01,1.017876261526e+00
1.818890944547e+01,1.017993270149e+00
1.819090954548e+01,1.018107570291e+00
1.819290964548e+01,1.018219147570e+00
1.819490974549e+01,1.018327987976e+00
1.819690984549e+01,1.018434077876e+00
1.819890994550e+01,1.018537404014e+00
1.820091004550e+01,1.018637953510e+00
1.820291014551e+01,1.018735713860e+00
1.820491024551e+01,1.018830672939e+00
1.820691034552e+01,1.018922818998e+00
1.820891044552e+01,1.019012140669e+00
1.821091054553e+01,1.019098626959e+00
1.821291064553e+01,1.019182267257e+00
1.821491074554e+01,1.019263051331e+00
1.821691084554e+01,1.019340969326e+00
1.821891094555e+01,1.019416011769e+00
1.822091104555e+01,1.019488169566e+00
1.822291114556e+01,1.019557434005e+00
1.822491124556e+01,1.019623796753e+00
1.822691134557e+01,1.019687249858e+00
1.822891144557e+01,1.019747785749e+00
1.823091154558e+01,1.019805397236e+00
1.823291164558e+01,1.019860077510e+00
1.823491174559e+01,1.019911820144e+00
1.823691184559e+01,1.019960619093e+00
1.823891194560e+01,1.020006468691e+00
1.824091204560e+01,1.020049363658e+00
1.824291214561e+01,1.020089299092e+00
1.824491224561e+01,1.020126270474e+00
1.824691234562e+01,1.020160273668e+00
1.824891244562e+01,1.020191304920e+00
1.825091254563e+01,1.020219360855e+00
1.825291264563e+01,1.020244438484e+00
1.825491274564e+01,1.020266535197e+00
1.825691284564e+01,1.020285648768e+00
1.825891294565e+01,1.020301777352e+00
1.826091304565e+01,1.020314919486e+00
1.826291314566e+01,1.020325074088e+00
1.826491324566e+01,1.020332240459e+00
1.826691334567e+01,1.020336418282e+00
1.826891344567e+01,1.020337607621e+00
1.827091354568e+01,1.020335808920e+00
1.827291364568e+01,1.020331023007e+00
1.827491374569e+01,1.020323251090e+00
1.827691384569e+01,1.020312494758e+00
1.827891394570e+01,1.020298755982e+00
1.828091404570e+01,1.020282037111e+00
1.828291414571e+01,1.020262340878e+00
1.828491424571e+01,1.020239670393e+00
1.828691434572e+01,1.020214029150e+00
1.828891444572e+01,1.020185421020e+00
1.829091454573e+01,1.020153850255e+00
1.829291464573e+01,1.020119321486e+00
1.829491474574e+01,1.020081839723e+00
1.829691484574e+01,1.020041410355e+00
1.829891494575e+01,1.019998039150e+00
1.830091504575e+01,1.019951732255e+00
1.830291514576e+01,1.019902496192e+00
1.830491524576e+01,1.019850337865e+00
1.830691534577e+01,1.019795264552e+00
1.830891544577e+01,1.019737283909e+00
1.831091554578e+01,1.019676403968e+00
1.831291564578e+01,1.019612633138e+00
1.831491574579e+01,1.019545980204e+00
1.831691584579e+01,1.019476454324e+00
1.831891594580e+01,1.019404065033e+00
1.832091604580e+01,1.019328822240e+00
1.832291614581e+01,1.019250736227e+00
1.832491624581e+01,1.019169817651e+00
1.832691634582e+01,1.019086077540e+00
1.832891644582e+01,1.018999527295e+00
1.833091654583e+01,1.018910178689e+00
1.833291664583e+01,1.018818043866e+00
1.833491674584e+01,1.018723135340e+00
1.833691684584e+01,1.018625465995e+00
1.833891694585e+01,1.018525049085e+00
1.834091704585e+01,1.018421898233e+00
1.834291714586e+01,1.018316027428e+00
1.834491724586e+01,1.018207451027e+00
1.834691734587e+01,1.018096183754e+00
1.834891744587e+01,1.017982240699e+00
1.835091754588e+01,1.017865637316e+00
1.835291764588e+01,1.017746389422e+00
1.835491774589e+01,1.017624513200e+00
1.835691784589e+01,1.017500025193e+00
1.835891794590e+01,1.017372942306e+00
1.836091804590e+01,1.017243281806e+00
1.836291814591e+01,1.017111061318e+00
1.836491824591e+01,1.016976298825e+00
1.836691834592e+01,1.016839012670e+00
1.836891844592e+01,1.016699221550e+00
1.837091854593e+01,1.016556944520e+00
1.837291864593e+01,1.016412200986e+00
1.837491874594e+01,1.016265010711e+00
1.837691884594e+01,1.016115393809e+00
1.837891894595e+01,1.015963370742e+00
1.838091904595e+01,1.015808962324e+00
1.838291914596e+01,1.015652189719e+00
1.838491924596e+01,1.015493074434e+00
1.838691934597e+01,1.015331638325e+00
1.838891944597e+01,1.015167903590e+00
1.839091954598e+01,1.015001892771e+00
1.839291964598e+01,1.014833628752e+00
1.839491974599e+01,1.014663134755e+00
1.839691984599e+01,1.014490434343e+00
1.839891994600e+01,1.014315551412e+00
1.840092004600e+01,1.014138510196e+00
1.840292014601e+01,1.013959335261e+00
1.840492024601e+01,1.013778051506e+00
1.840692034602e+01,1.013594684159e+00
1.840892044602e+01,1.013409258776e+00
1.841092054603e+01,1.013221801238e+00
1.841292064603e+01,1.013032337752e+00
1.841492074604e+01,1.012840894848e+00
1.841692084604e+01,1.012647499374e+00
1.841892094605e+01,1.012452178498e+00
1.842092104605e+01,1.012254959702e+00
1.842292114606e+01,1.012055870786e+00
1.842492124606e+01,1.011854939857e+00
1.842692134607e+01,1.011652195334e+00
1.842892144607e+01,1.011447665944e+00
1.843092154608e+01,1.011241380715e+00
1.843292164608e+01,1.011033368982e+00
1.843492174609e+01,1.010823660376e+00
1.843692184609e+01,1.010612284827e+00
1.843892194610e+01,1.010399272558e+00
1.844092204610e+01,1.010184654086e+00
1.844292214611e+01,1.009968460215e+00
1.844492224611e+01,1.009750722039e+00
1.844692234612e+01,1.009531470930e+00
1.844892244612e+01,1.009310738546e+00
1.845092254613e+01,1.009088556818e+00
1.845292264613e+01,1.008864957955e+00
1.845492274614e+01,1.008639974434e+00
1.845692284614e+01,1.008413639004e+00
1.845892294615e+01,1.008185984675e+00
1.846092304615e+01,1.007957044721e+00
1.846292314616e+01,1.007726852674e+00
1.846492324616e+01,1.007495442319e+00
1.846692334617e+01,1.007262847693e+00
1.846892344617e+01,1.007029103083e+00
1.847092354618e+01,1.006794243015e+00
1.847292364618e+01,1.006558302260e+00
1.847492374619e+01,1.006321315822e+00
1.847692384619e+01,1.006083318938e+00
1.847892394620e+01,1.005844347074e+00
1.848092404620e+01,1.005604435920e+00
1.848292414621e+01,1.005363621387e+00
1.848492424621e+01,1.005121939599e+00
1.848692434622e+01,1.004879426895e+00
1.848892444622e+01,1.004636119819e+00
1.849092454623e+01,1.004392055121e+00
1.849292464623e+01,1.004147269746e+00
1.849492474624e+01,1.003901800835e+00
1.849692484624e+01,1.003655685717e+00
1.849892494625e+01,1.003408961906e+00
1.850092504625e+01,1.003161667095e+00
1.850292514626e+01,1.002913839153e+00
1.850492524626e+01,1.002665516117e+00
1.850692534627e+01,1.002416736189e+00
1.850892544627e+01,1.002167537731e+00
1.851092554628e+01,1.001917959259e+00
1.851292564628e+01,1.001668039439e+00
1.851492574629e+01,1.001417817077e+00
1.851692584629e+01,1.001167331122e+00
1.851892594630e+01,1.000916620653e+00
1.852092604630e+01,1.000665724875e+00
1.852292614631e+01,1.000414683117e+00
1.852492624631e+01,1.000163534821e+00
1.852692634632e+01,9.999123195395e-01
1.852892644632e+01,9.996610769296e-01
1.853092654633e+01,9.994098467448e-01
1.853292664633e+01,9.991586688305e-01
1.853492674634e+01,9.989075831171e-01
1.853692684634e+01,9.986566296140e-01
1.853892694635e+01,9.984058484044e-01
1.854092704635e+01,9.981552796377e-01
1.854292714636e+01,9.979049635228e-01
1.854492724636e+01,9.976549403224e-01
1.854692734637e+01,9.974052503458e-01
1.854892744637e+01,9.971559339424e-01
1.855092754638e+01,9.969070314949e-01
1.855292764638e+01,9.966585834124e-01
1.855492774639e+01,9.964106301237e-01
1.855692784639e+01,9.961632120699e-01
1.855892794640e+01,9.959163696978e-01
1.856092804640e+01,9.956701434525e-01
1.856292814641e+01,9.954245737706e-01
1.856492824641e+01,9.951797010723e-01
1.856692834642e+01,9.949355657549e-01
1.856892844642e+01,9.946922081847e-01
1.857092854643e+01,9.944496686902e-01
1.857292864643e+01,9.942079875543e-01
1.857492874644e+01,9.939672050064e-01
1.857692884644e+01,9.937273612157e-01
1.857892894645e+01,9.934884962826e-01
1.858092904645e+01,9.932506502313e-01
1.858292914646e+01,9.930138630023e-01
1.858492924646e+01,9.927781744438e-01
1.858692934647e+01,9.925436243046e-01
1.858892944647e+01,9.923102522268e-01
1.859092954648e+01,9.920780977369e-01
1.859292964648e+01,9.918472002378e-01
1.859492974649e+01,9.916175990012e-01
1.859692984649e+01,9.913893331593e-01
1.859892994650e+01,9.911624416968e-01
1.860093004650e+01,9.909369634426e-01
1.860293014651e+01,9.907129370621e-01
1.860493024651e+01,9.904904010484e-01
1.860693034652e+01,9.902693937146e-01
1.860893044652e+01,9.900499531854e-01
1.861093054653e+01,9.898321173888e-01
1.861293064653e+01,9.896159240478e-01
1.861493074654e+01,9.894014106726e-01
1.861693084654e+01,9.891886145517e-01
1.861893094655e+01,9.889775727438e-01
1.862093104655e+01,9.887683220698e-01
1.862293114656e+01,9.885608991042e-01
1.862493124656e+01,9.883553401669e-01
1.862693134657e+01,9.881516813149e-01
1.862893144657e+01,9.879499583339e-01
1.863093154658e+01,9.877502067303e-01
1.863293164658e+01,9.875524617225e-01
1.863493174659e+01,9.873567582331e-01
1.863693184659e+01,9.871631308802e-01
1.863893194660e+01,9.869716139699e-01
1.864093204660e+01,9.867822414877e-01
1.864293214661e+01,9.865950470903e-01
1.864493224661e+01,9.864100640975e-01
1.864693234662e+01,9.862273254842e-01
1.864893244662e+01,9.860468638724e-01
1.865093254663e+01,9.858687115232e-01
1.865293264663e+01,9.856929003286e-01
1.865493274664e+01,9.855194618040e-01
1.865693284664e+01,9.853484270802e-01
1.865893294665e+01,9.851798268955e-01
1.866093304665e+01,9.850136915880e-01
1.866293314666e+01,9.848500510881e-01
1.866493324666e+01,9.846889349105e-01
1.866693334667e+01,9.845303721472e-01
1.866893344667e+01,9.843743914597e-01
1.867093354668e+01,9.842210210716e-01
1.867293364668e+01,9.840702887615e-01
1.867493374669e+01,9.839222218557e-01
1.867693384669e+01,9.837768472211e-01
1.867893394670e+01,9.836341912583e-01
1.868093404670e+01,9.834942798945e-01
1.868293414671e+01,9.833571385768e-01
1.868493424671e+01,9.832227922654e-01
1.868693434672e+01,9.830912654264e-01
1.868893444672e+01,9.829625820260e-01
1.869093454673e+01,9.828367655242e-01
1.869293464673e+01,9.827138388677e-01
1.869493474674e+01,9.825938244845e-01
1.869693484674e+01,9.824767442775e-01
1.869893494675e+01,9.823626196186e-01
1.870093504675e+01,9.822514713431e-01
1.870293514676e+01,9.821433197435e-01
1.870493524676e+01,9.820381845647e-01
1.870693534677e+01,9.819360849979e-01
1.870893544677e+01,9.818370396756e-01
1.871093554678e+01,9.817410666667e-01
1.871293564678e+01,9.816481834709e-01
1.871493574679e+01,9.815584070145e-01
1.871693584679e+01,9.814717536453e-01
1.871893594680e+01,9.813882391285e-01
1.872093604680e+01,9.813078786419e-01
1.872293614681e+01,9.812306867720e-01
1.872493624681e+01,9.811566775100e-01
1.872693634682e+01,9.810858642481e-01
1.872893644682e+01,9.810182597748e-01
1.873093654683e+01,9.809538762717e-01
1.873293664683e+01,9.808927253105e-01
1.873493674684e+01,9.808348178498e-01
1.873693684684e+01,9.807801642315e-01
1.873893694685e+01,9.807287741785e-01
1.874093704685e+01,9.806806567917e-01
1.874293714686e+01,9.806358205476e-01
1.874493724686e+01,9.805942732958e-01
1.874693734687e+01,9.805560222570e-01
1.874893744687e+01,9.805210740209e-01
1.875093754688e+01,9.804894345442e-01
1.875293764688e+01,9.804611091493e-01
1.875493774689e+01,9.804361025227e-01
1.875693784689e+01,9.804144187136e-01
1.875893794690e+01,9.803960611330e-01
1.876093804690e+01,9.803810325526e-01
1.876293814691e+01,9.803693351048e-01
1.876493824691e+01,9.803609702813e-01
1.876693834692e+01,9.803559389336e-01
1.876893844692e+01,9.803542412728e-01
1.877093854693e+01,9.803558768687e-01
1.877293864693e+01,9.803608446502e-01
1.877493874694e+01,9.803691429066e-01
1.877693884694e+01,9.803807692877e-01
1.877893894695e+01,9.803957208044e-01
1.878093904695e+01,9.804139938302e-01
1.878293914696e+01,9.804355841019e-01
1.878493924696e+01,9.804604867215e-01
1.878693934697e+01,9.804886961570e-01
1.878893944697e+01,9.805202062448e-01
1.879093954698e+01,9.805550101912e-01
1.879293964698e+01,9.805931005746e-01
1.879493974699e+01,9.806344693476e-01
1.879693984699e+01,9.806791078397e-01
1.879893994700e+01,9.807270067597e-01
1.880094004700e+01,9.807781561984e-01
1.880294014701e+01,9.808325456321e-01
1.880494024701e+01,9.808901639253e-01
1.880694034702e+01,9.809509993341e-01
1.880894044702e+01,9.810150395102e-01
1.881094054703e+01,9.810822715043e-01
1.881294064703e+01,9.811526817688e-01
1.881494074704e+01,9.812262561631e-01
1.881694084704e+01,9.813029799570e-01
1.881894094705e+01,9.813828378356e-01
1.882094104705e+01,9.814658139033e-01
1.882294114706e+01,9.815518916883e-01
1.882494124706e+01,9.816410541481e-01
1.882694134707e+01,9.817332836736e-01
1.882894144707e+01,9.818285620948e-01
1.883094154708e+01,9.819268706855e-01
1.883294164708e+01,9.820281901690e-01
1.883494174709e+01,9.821325007232e-01
1.883694184709e+01,9.822397819866e-01
1.883894194710e+01,9.823500130636e-01
1.884094204710e+01,9.824631725306e-01
1.884294214711e+01,9.825792384418e-01
1.884494224711e+01,9.826981883356e-01
1.884694234712e+01,9.828199992404e-01
1.884894244712e+01,9.829446476816e-01
1.885094254713e+01,9.830721096873e-01
1.885294264713e+01,9.832023607957e-01
1.885494274714e+01,9.833353760614e-01
1.885694284714e+01,9.834711300626e-01
1.885894294715e+01,9.836095969076e-01
1.886094304715e+01,9.837507502428e-01
1.886294314716e+01,9.838945632568e-01
1.886494324716e+01,9.840410086893e-01
1.886694334717e+01,9.841900588392e-01
1.886894344717e+01,9.843416855712e-01
1.887094354718e+01,9.844958603234e-01
1.887294364718e+01,9.846525541143e-01
1.887494374719e+01,9.848117375511e-01
1.887694384719e+01,9.849733808366e-01
1.887894394720e+01,9.851374537773e-01
1.888094404720e+01,9.853039257912e-01
1.888294414721e+01,9.854727659153e-01
1.888494424721e+01,9.856439428137e-01
1.888694434722e+01,9.858174247853e-01
1.888894444722e+01,9.859931797720e-01
1.889094454723e+01,9.861711753665e-01
1.889294464723e+01,9.863513788205e-01
1.889494474724e+01,9.865337570526e-01
1.889694484724e+01,9.867182766566e-01
1.889894494725e+01,9.869049039097e-01
1.890094504725e+01,9.870936047804e-01
1.890294514726e+01,9.872843449371e-01
1.890494524726e+01,9.874770897561e-01
1.890694534727e+01,9.876718043300e-01
1.890894544727e+01,9.878684534753e-01
1.891094554728e+01,9.880670017412e-01
1.891294564728e+01,9.882674134181e-01
1.891494574729e+01,9.884696525453e-01
1.891694584729e+01,9.886736829198e-01
1.891894594730e+01,9.888794681043e-01
1.892094604730e+01,9.890869714354e-01
1.892294614731e+01,9.892961560322e-01
1.892494624731e+01,9.895069848042e-01
1.892694634732e+01,9.897194204598e-01
1.892894644732e+01,9.899334255144e-01
1.893094654733e+01,9.901489622985e-01
1.893294664733e+01,9.903659929662e-01
1.893494674734e+01,9.905844795032e-01
1.893694684734e+01,9.908043837350e-01
1.893894694735e+01,9.910256673347e-01
1.894094704735e+01,9.912482918317e-01
1.894294714736e+01,9.914722186191e-01
1.894494724736e+01,9.916974089623e-01
1.894694734737e+01,9.919238240065e-01
1.894894744737e+01,9.921514247849e-01
1.895094754738e+01,9.923801722263e-01
1.895294764738e+01,9.926100271636e-01
1.895494774739e+01,9.928409503408e-01
1.895694784739e+01,9.930729024216e-01
1.895894794740e+01,9.933058439962e-01
1.896094804740e+01,9.935397355898e-01
1.896294814741e+01,9.937745376696e-01
1.896494824741e+01,9.940102106527e-01
1.896694834742e+01,9.942467149133e-01
1.896894844742e+01,9.944840107906e-01
1.897094854743e+01,9.947220585955e-01
1.897294864743e+01,9.949608186185e-01
1.897494874744e+01,9.952002511367e-01
1.897694884744e+01,9.954403164211e-01
1.897894894745e+01,9.956809747435e-01
1.898094904745e+01,9.959221863839e-01
1.898294914746e+01,9.961639116372e-01
1.898494924746e+01,9.964061108203e-01
1.898694934747e+01,9.966487442787e-01
1.898894944747e+01,9.968917723937e-01
1.899094954748e+01,9.971351555885e-01
1.899294964748e+01,9.973788543355e-01
1.899494974749e+01,9.976228291620e-01
1.899694984749e+01,9.978670406573e-01
1.899894994750e+01,9.981114494791e-01
1.900095004750e+01,9.983560163602e-01
1.900295014751e+01,9.986007021137e-01
1.900495024751e+01,9.988454676401e-01
1.900695034752e+01,9.990902739329e-01
1.900895044752e+01,9.993350820849e-01
1.901095054753e+01,9.995798532942e-01
1.901295064753e+01,9.998245488694e-01
1.901495074754e+01,1.000069130236e+00
1.901695084754e+01,1.000313558943e+00
1.901895094755e+01,1.000557796666e+00
1.902095104755e+01,1.000801805214e+00
1.902295114756e+01,1.001045546537e+00
1.902495124756e+01,1.001288982729e+00
1.902695134757e+01,1.001532076032e+00
1.902895144757e+01,1.001774788845e+00
1.903095154758e+01,1.002017083727e+00
1.903295164758e+01,1.002258923401e+00
1.903495174759e+01,1.002500270761e+00
1.903695184759e+01,1.002741088878e+00
1.903895194760e+01,1.002981340999e+00
1.904095204760e+01,1.003220990559e+00
1.904295214761e+01,1.003460001181e+00
1.904495224761e+01,1.003698336682e+00
1.904695234762e+01,1.003935961077e+00
1.904895244762e+01,1.004172838584e+00
1.905095254763e+01,1.004408933630e+00
1.905295264763e+01,1.004644210851e+00
1.905495274764e+01,1.004878635100e+00
1.905695284764e+01,1.005112171450e+00
1.905895294765e+01,1.005344785198e+00
1.906095304765e+01,1.005576441868e+00
1.906295314766e+01,1.005807107217e+00
1.906495324766e+01,1.006036747235e+00
1.906695334767e+01,1.006265328154e+00
1.906895344767e+01,1.006492816447e+00
1.907095354768e+01,1.006719178836e+00
1.907295364768e+01,1.006944382290e+00
1.907495374769e+01,1.007168394034e+00
1.907695384769e+01,1.007391181549e+00
1.907895394770e+01,1.007612712575e+00
1.908095404770e+01,1.007832955118e+00
1.908295414771e+01,1.008051877449e+00
1.908495424771e+01,1.008269448109e+00
1.908695434772e+01,1.008485635913e+00
1.908895444772e+01,1.008700409949e+00
1.909095454773e+01,1.008913739586e+00
1.909295464773e+01,1.009125594474e+00
1.909495474774e+01,1.009335944547e+00
1.909695484774e+01,1.009544760026e+00
1.909895494775e+01,1.009752011421e+00
1.910095504775e+01,1.009957669536e+00
1.910295514776e+01,1.010161705468e+00
1.910495524776e+01,1.010364090612e+00
1.910695534777e+01,1.010564796663e+00
1.910895544777e+01,1.010763795617e+00
1.911095554778e+01,1.010961059776e+00
1.911295564778e+01,1.011156561747e+00
1.911495574779e+01,1.011350274446e+00
1.911695584779e+01,1.011542171099e+00
1.911895594780e+01,1.011732225248e+00
1.912095604780e+01,1.011920410745e+00
1.912295614781e+01,1.012106701763e+00
1.912495624781e+01,1.012291072792e+00
1.912695634782e+01,1.012473498644e+00
1.912895644782e+01,1.012653954451e+00
1.913095654783e+01,1.012832415672e+00
1.913295664783e+01,1.013008858090e+00
1.913495674784e+01,1.013183257816e+00
1.913695684784e+01,1.013355591292e+00
1.913895694785e+01,1.013525835287e+00
1.914095704785e+01,1.013693966907e+00
1.914295714786e+01,1.013859963588e+00
1.914495724786e+01,1.014023803103e+00
1.914695734787e+01,1.014185463560e+00
1.914895744787e+01,1.014344923407e+00
1.915095754788e+01,1.014502161432e+00
1.915295764788e+01,1.014657156760e+00
1.915495774789e+01,1.014809888862e+00
1.915695784789e+01,1.014960337548e+00
1.915895794790e+01,1.015108482976e+00
1.916095804790e+01,1.015254305647e+00
1.916295814791e+01,1.015397786409e+00
1.916495824791e+01,1.015538906457e+00
1.916695834792e+01,1.015677647336e+00
1.916895844792e+01,1.015813990937e+00
1.917095854793e+01,1.015947919506e+00
1.917295864793e+01,1.016079415636e+00
1.917495874794e+01,1.016208462276e+00
1.917695884794e+01,1.016335042725e+00
1.917895894795e+01,1.016459140637e+00
1.918095904795e+01,1.016580740022e+00
1.918295914796e+01,1.016699825242e+00
1.918495924796e+01,1.016816381020e+00
1.918695934797e+01,1.016930392431e+00
1.918895944797e+01,1.017041844910e+00
1.919095954798e+01,1.017150724250e+00
1.919295964798e+01,1.017257016604e+00
1.919495974799e+01,1.017360708480e+00
1.919695984799e+01,1.017461786752e+00
1.919895994800e+01,1.017560238649e+00
1.920096004800e+01,1.017656051764e+00
1.920296014801e+01,1.017749214052e+00
1.920496024801e+01,1.017839713828e+00
1.920696034802e+01,1.017927539771e+00
1.920896044802e+01,1.018012680923e+00
1.921096054803e+01,1.018095126687e+00
1.921296064803e+01,1.018174866833e+00
1.921496074804e+01,1.018251891492e+00
1.921696084804e+01,1.018326191162e+00
1.921896094805e+01,1.018397756704e+00
1.922096104805e+01,1.018466579343e+00
1.922296114806e+01,1.018532650674e+00
1.922496124806e+01,1.018595962652e+00
1.922696134807e+01,1.018656507600e+00
1.922896144807e+01,1.018714278209e+00
1.923096154808e+01,1.018769267534e+00
1.923296164808e+01,1.018821468997e+00
1.923496174809e+01,1.018870876387e+00
1.923696184809e+01,1.018917483858e+00
1.923896194810e+01,1.018961285935e+00
1.924096204810e+01,1.019002277506e+00
1.924296214811e+01,1.019040453828e+00
1.924496224811e+01,1.019075810525e+00
1.924696234812e+01,1.019108343589e+00
1.924896244812e+01,1.019138049378e+00
1.925096254813e+01,1.019164924619e+00
1.925296264813e+01,1.019188966406e+00
1.925496274814e+01,1.019210172200e+00
1.925696284814e+01,1.019228539829e+00
1.925896294815e+01,1.019244067491e+00
1.926096304815e+01,1.019256753750e+00
1.926296314816e+01,1.019266597536e+00
1.926496324816e+01,1.019273598149e+00
1.926696334817e+01,1.019277755255e+00
1.926896344817e+01,1.019279068887e+00
1.927096354818e+01,1.019277539445e+00
1.927296364818e+01,1.019273167698e+00
1.927496374819e+01,1.019265954779e+00
1.927696384819e+01,1.019255902189e+00
1.927896394820e+01,1.019243011797e+00
1.928096404820e+01,1.019227285836e+00
1.928296414821e+01,1.019208726907e+00
1.928496424821e+01,1.019187337976e+00
1.928696434822e+01,1.019163122376e+00
1.928896444822e+01,1.019136083804e+00
1.929096454823e+01,1.019106226323e+00
1.929296464823e+01,1.019073554361e+00
1.929496474824e+01,1.019038072711e+00
1.929696484824e+01,1.018999786530e+00
1.929896494825e+01,1.018958701340e+00
1.930096504825e+01,1.018914823027e+00
1.930296514826e+01,1.018868157838e+00
1.930496524826e+01,1.018818712385e+00
1.930696534827e+01,1.018766493644e+00
1.930896544827e+01,1.018711508951e+00
1.931096554828e+01,1.018653766005e+00
1.931296564828e+01,1.018593272867e+00
1.931496574829e+01,1.018530037958e+00
1.931696584829e+01,1.018464070060e+00
1.931896594830e+01,1.018395378315e+00
1.932096604830e+01,1.018323972224e+00
1.932296614831e+01,1.018249861650e+00
1.932496624831e+01,1.018173056810e+00
1.932696634832e+01,1.018093568282e+00
1.932896644832e+01,1.018011407001e+00
1.933096654833e+01,1.017926584259e+00
1.933296664833e+01,1.017839111702e+00
1.933496674834e+01,1.017749001334e+00
1.933696684834e+01,1.017656265514e+00
1.933896694835e+01,1.017560916952e+00
1.934096704835e+01,1.017462968715e+00
1.934296714836e+01,1.017362434221e+00
1.934496724836e+01,1.017259327240e+00
1.934696734837e+01,1.017153661892e+00
1.934896744837e+01,1.017045452650e+00
1.935096754838e+01,1.016934714335e+00
1.935296764838e+01,1.016821462116e+00
1.935496774839e+01,1.016705711511e+00
1.935696784839e+01,1.016587478384e+00
1.935896794840e+01,1.016466778945e+00
1.936096804840e+01,1.016343629749e+00
1.936296814841e+01,1.016218047695e+00
1.936496824841e+01,1.016090050025e+00
1.936696834842e+01,1.015959654323e+00
1.936896844842e+01,1.015826878511e+00
1.937096854843e+01,1.015691740855e+00
1.937296864843e+01,1.015554259956e+00
1.937496874844e+01,1.015414454755e+00
1.937696884844e+01,1.015272344525e+00
1.937896894845e+01,1.015127948879e+00
1.938096904845e+01,1.014981287758e+00
1.938296914846e+01,1.014832381440e+00
1.938496924846e+01,1.014681250530e+00
1.938696934847e+01,1.014527915964e+00
1.938896944847e+01,1.014372399007e+00
1.939096954848e+01,1.014214721248e+00
1.939296964848e+01,1.014054904604e+00
1.939496974849e+01,1.013892971311e+00
1.939696984849e+01,1.013728943931e+00
1.939896994850e+01,1.013562845343e+00
1.940097004850e+01,1.013394698747e+00
1.940297014851e+01,1.013224527658e+00
1.940497024851e+01,1.013052355907e+00
1.940697034852e+01,1.012878207637e+00
1.940897044852e+01,1.012702107304e+00
1.941097054853e+01,1.012524079672e+00
1.941297064853e+01,1.012344149812e+00
1.941497074854e+01,1.012162343102e+00
1.941697084854e+01,1.011978685223e+00
1.941897094855e+01,1.011793202156e+00
1.942097104855e+01,1.011605920183e+00
1.942297114856e+01,1.011416865881e+00
1.942497124856e+01,1.011226066124e+00
1.942697134857e+01,1.011033548076e+00
1.942897144857e+01,1.010839339194e+00
1.943097154858e+01,1.010643467220e+00
1.943297164858e+01,1.010445960182e+00
1.943497174859e+01,1.010246846392e+00
1.943697184859e+01,1.010046154441e+00
1.943897194860e+01,1.009843913197e+00
1.944097204860e+01,1.009640151805e+00
1.944297214861e+01,1.009434899679e+00
1.944497224861e+01,1.009228186506e+00
1.944697234862e+01,1.009020042235e+00
1.944897244862e+01,1.008810497083e+00
1.945097254863e+01,1.008599581525e+00
1.945297264863e+01,1.008387326293e+00
1.945497274864e+01,1.008173762377e+00
1.945697284864e+01,1.007958921015e+00
1.945897294865e+01,1.007742833693e+00
1.946097304865e+01,1.007525532144e+00
1.946297314866e+01,1.007307048341e+00
1.946497324866e+01,1.007087414496e+00
1.946697334867e+01,1.006866663053e+00
1.946897344867e+01,1.006644826691e+00
1.947097354868e+01,1.006421938312e+00
1.947297364868e+01,1.006198031045e+00
1.947497374869e+01,1.005973138238e+00
1.947697384869e+01,1.005747293455e+00
1.947897394870e+01,1.005520530471e+00
1.948097404870e+01,1.005292883272e+00
1.948297414871e+01,1.005064386046e+00
1.948497424871e+01,1.004835073182e+00
1.948697434872e+01,1.004604979266e+00
1.948897444872e+01,1.004374139074e+00
1.949097454873e+01,1.004142587571e+00
1.949297464873e+01,1.003910359903e+00
1.949497474874e+01,1.003677491398e+00
1.949697484874e+01,1.003444017554e+00
1.949897494875e+01,1.003209974041e+00
1.950097504875e+01,1.002975396694e+00
1.950297514876e+01,1.002740321509e+00
1.950497524876e+01,1.002504784633e+00
1.950697534877e+01,1.002268822370e+00
1.950897544877e+01,1.002032471163e+00
1.951097554878e+01,1.001795767601e+00
1.951297564878e+01,1.001558748404e+00
1.951497574879e+01,1.001321450426e+00
1.951697584879e+01,1.001083910643e+00
1.951897594880e+01,1.000846166151e+00
1.952097604880e+01,1.000608254162e+00
1.952297614881e+01,1.000370211996e+00
1.952497624881e+01,1.000132077075e+00
1.952697634882e+01,9.998938869213e-01
1.952897644882e+01,9.996556791469e-01
1.953097654883e+01,9.994174914512e-01
1.953297664883e+01,9.991793616140e-01
1.953497674884e+01,9.989413274898e-01
1.953697684884e+01,9.987034270015e-01
1.953897694885e+01,9.984656981348e-01
1.954097704885e+01,9.982281789320e-01
1.954297714886e+01,9.979909074854e-01
1.954497724886e+01,9.977539219316e-01
1.954697734887e+01,9.975172604447e-01
1.954897744887e+01,9.972809612310e-01
1.955097754888e+01,9.970450625220e-01
1.955297764888e+01,9.968096025676e-01
1.955497774889e+01,9.965746196302e-01
1.955697784889e+01,9.963401519772e-01
1.955897794890e+01,9.961062378752e-01
1.956097804890e+01,9.958729155830e-01
1.956297814891e+01,9.956402233447e-01
1.956497824891e+01,9.954081993828e-01
1.956697834892e+01,9.951768818917e-01
1.956897844892e+01,9.949463090303e-01
1.957097854893e+01,9.947165189154e-01
1.957297864893e+01,9.944875496145e-01
1.957497874894e+01,9.942594391386e-01
1.957697884894e+01,9.940322254352e-01
1.957897894895e+01,9.938059463812e-01
1.958097904895e+01,9.935806397756e-01
1.958297914896e+01,9.933563433322e-01
1.958497924896e+01,9.931330946721e-01
1.958697934897e+01,9.929109313166e-01
1.958897944897e+01,9.926898906800e-01
1.959097954898e+01,9.924700100614e-01
1.959297964898e+01,9.922513266379e-01
1.959497974899e+01,9.920338774568e-01
1.959697984899e+01,9.918176994280e-01
1.959897994900e+01,9.916028293167e-01
1.960098004900e+01,9.913893037367e-01
1.960298014901e+01,9.911771591410e-01
1.960498024901e+01,9.909664318155e-01
1.960698034902e+01,9.907571578707e-01
1.960898044902e+01,9.905493732343e-01
1.961098054903e+01,9.903431136436e-01
1.961298064903e+01,9.901384146376e-01
1.961498074904e+01,9.899353115495e-01
1.961698084904e+01,9.897338394990e-01
1.961898094905e+01,9.895340333845e-01
1.962098104905e+01,9.893359278754e-01
1.962298114906e+01,9.891395574045e-01
1.962498124906e+01,9.889449561602e-01
1.962698134907e+01,9.887521580789e-01
1.962898144907e+01,9.885611968373e-01
1.963098154908e+01,9.883721058449e-01
1.963298164908e+01,9.881849182359e-01
1.963498174909e+01,9.879996668620e-01
1.963698184909e+01,9.878163842847e-01
1.963898194910e+01,9.876351027675e-01
1.964098204910e+01,9.874558542688e-01
1.964298214911e+01,9.872786704337e-01
1.964498224911e+01,9.871035825871e-01
1.964698234912e+01,9.869306217259e-01
1.964898244912e+01,9.867598185117e-01
1.965098254913e+01,9.865912032638e-01
1.965298264913e+01,9.864248059511e-01
1.965498274914e+01,9.862606561854e-01
1.965698284914e+01,9.860987832140e-01
1.965898294915e+01,9.859392159123e-01
1.966098304915e+01,9.857819827771e-01
1.966298314916e+01,9.856271119193e-01
1.966498324916e+01,9.854746310571e-01
1.966698334917e+01,9.853245675086e-01
1.966898344917e+01,9.851769481857e-01
1.967098354918e+01,9.850317995866e-01
1.967298364918e+01,9.848891477895e-01
1.967498374919e+01,9.847490184457e-01
1.967698384919e+01,9.846114367734e-01
1.967898394920e+01,9.844764275508e-01
1.968098404920e+01,9.843440151100e-01
1.968298414921e+01,9.842142233310e-01
1.968498424921e+01,9.840870756348e-01
1.968698434922e+01,9.839625949779e-01
1.968898444922e+01,9.838408038465e-01
1.969098454923e+01,9.837217242501e-01
1.969298464923e+01,9.836053777160e-01
1.969498474924e+01,9.834917852838e-01
1.969698484924e+01,9.833809674988e-01
1.969898494925e+01,9.832729444078e-01
1.970098504925e+01,9.831677355534e-01
1.970298514926e+01,9.830653599686e-01
1.970498524926e+01,9.829658361717e-01
1.970698534927e+01,9.828691821620e-01
1.970898544927e+01,9.827754154141e-01
1.971098554928e+01,9.826845528738e-01
1.971298564928e+01,9.825966109534e-01
1.971498574929e+01,9.825116055271e-01
1.971698584929e+01,9.824295519270e-01
1.971898594930e+01,9.823504649387e-01
1.972098604930e+01,9.822743587973e-01
1.972298614931e+01,9.822012471837e-01
1.972498624931e+01,9.821311432207e-01
1.972698634932e+01,9.820640594696e-01
1.972898644932e+01,9.820000079267e-01
1.973098654933e+01,9.819390000202e-01
1.973298664933e+01,9.818810466070e-01
1.973498674934e+01,9.818261579700e-01
1.973698684934e+01,9.817743438152e-01
1.973898694935e+01,9.817256132687e-01
1.974098704935e+01,9.816799748739e-01
1.974298714936e+01,9.816374365902e-01
1.974498724936e+01,9.815980057902e-01
1.974698734937e+01,9.815616892580e-01
1.974898744937e+01,9.815284931871e-01
1.975098754938e+01,9.814984231791e-01
1.975298764938e+01,9.814714842420e-01
1.975498774939e+01,9.814476807890e-01
1.975698784939e+01,9.814270166372e-01
1.975898794940e+01,9.814094950067e-01
1.976098804940e+01,9.813951185196e-01
1.976298814941e+01,9.813838891996e-01
1.976498824941e+01,9.813758084715e-01
1.976698834942e+01,9.813708771606e-01
1.976898844942e+01,9.813690954928e-01
1.977098854943e+01,9.813704630946e-01
1.977298864943e+01,9.813749789934e-01
1.977498874944e+01,9.813826416181e-01
1.977698884944e+01,9.813934487994e-01
1.977898894945e+01,9.814073977707e-01
1.978098904945e+01,9.814244851688e-01
1.978298914946e+01,9.814447070342e-01
1.978498924946e+01,9.814680588137e-01
1.978698934947e+01,9.814945353608e-01
1.978898944947e+01,9.815241309379e-01
1.979098954948e+01,9.815568392178e-01
1.979298964948e+01,9.815926532855e-01
1.979498974949e+01,9.816315656405e-01
1.979698984949e+01,9.816735681986e-01
1.979898994950e+01,9.817186522949e-01
1.980099004950e+01,9.817668086860e-01
1.980299014951e+01,9.818180275523e-01
1.980499024951e+01,9.818722985018e-01
1.980699034952e+01,9.819296105720e-01
1.980899044952e+01,9.819899522340e-01
1.981099054953e+01,9.820533113953e-01
1.981299064953e+01,9.821196754035e-01
1.981499074954e+01,9.821890310500e-01
1.981699084954e+01,9.822613645735e-01
1.981899094955e+01,9.823366616645e-01
1.982099104955e+01,9.824149074692e-01
1.982299114956e+01,9.824960865933e-01
1.982499124956e+01,9.825801831058e-01
1.982699134957e+01,9.826671805449e-01
1.982899144957e+01,9.827570619214e-01
1.983099154958e+01,9.828498097244e-01
1.983299164958e+01,9.829454059254e-01
1.983499174959e+01,9.830438319837e-01
1.983699184959e+01,9.831450688517e-01
1.983899194960e+01,9.832490969798e-01
1.984099204960e+01,9.833558963218e-01
1.984299214961e+01,9.834654463409e-01
1.984499224961e+01,9.835777260144e-01
1.984699234962e+01,9.836927138403e-01
1.984899244962e+01,9.838103878423e-01
1.985099254963e+01,9.839307255762e-01
1.985299264963e+01,9.840537041358e-01
1.985499274964e+01,9.841793001591e-01
1.985699284964e+01,9.843074898341e-01
1.985899294965e+01,9.844382489058e-01
1.986099304965e+01,9.845715526820e-01
1.986299314966e+01,9.847073760402e-01
1.986499324966e+01,9.848456934341e-01
1.986699334967e+01,9.849864789006e-01
1.986899344967e+01,9.851297060661e-01
1.987099354968e+01,9.852753481542e-01
1.987299364968e+01,9.854233779906e-01
1.987499374969e+01,9.855737680106e-01
1.987699384969e+01,9.857264902673e-01
1.987899394970e+01,9.858815164380e-01
1.988099404970e+01,9.860388178315e-01
1.988299414971e+01,9.861983653950e-01
1.988499424971e+01,9.863601297217e-01
1.988699434972e+01,9.865240810579e-01
1.988899444972e+01,9.866901893102e-01
1.989099454973e+01,9.868584240532e-01
1.989299464973e+01,9.870287545368e-01
1.989499474974e+01,9.872011496935e-01
1.989699484974e+01,9.873755781460e-01
1.989899494975e+01,9.875520082147e-01
1.990099504975e+01,9.877304079255e-01
1.990299514976e+01,9.879107450170e-01
1.990499524976e+01,9.880929869481e-01
1.990699534977e+01,9.882771009061e-01
1.990899544977e+01,9.884630538140e-01
1.991099554978e+01,9.886508123379e-01
1.991299564978e+01,9.888403428955e-01
1.991499574979e+01,9.890316116628e-01
1.991699584979e+01,9.892245845827e-01
1.991899594980e+01,9.894192273718e-01
1.992099604980e+01,9.896155055283e-01
1.992299614981e+01,9.898133843402e-01
1.992499624981e+01,9.900128288925e-01
1.992699634982e+01,9.902138040750e-01
1.992899644982e+01,9.904162745899e-01
1.993099654983e+01,9.906202049597e-01
1.993299664983e+01,9.908255595343e-01
1.993499674984e+01,9.910323024992e-01
1.993699684984e+01,9.912403978826e-01
1.993899694985e+01,9.914498095633e-01
1.994099704985e+01,9.916605012783e-01
1.994299714986e+01,9.918724366297e-01
1.994499724986e+01,9.920855790931e-01
1.994699734987e+01,9.922998920243e-01
1.994899744987e+01,9.925153386672e-01
1.995099754988e+01,9.927318821609e-01
1.995299764988e+01,9.929494855472e-01
1.995499774989e+01,9.931681117779e-01
1.995699784989e+01,9.933877237221e-01
1.995899794990e+01,9.936082841730e-01
1.996099804990e+01,9.938297558559e-01
1.996299814991e+01,9.940521014346e-01
1.996499824991e+01,9.942752835190e-01
1.996699834992e+01,9.944992646718e-01
1.996899844992e+01,9.947240074157e-01
1.997099854993e+01,9.949494742404e-01
1.997299864993e+01,9.951756276091e-01
1.997499874994e+01,9.954024299658e-01
1.997699884994e+01,9.956298437418e-01
1.997899894995e+01,9.958578313626e-01
1.998099904995e+01,9.960863552541e-01
1.998299914996e+01,9.963153778500e-01
1.998499924996e+01,9.965448615975e-01
1.998699934997e+01,9.967747689644e-01
1.998899944997e+01,9.970050624452e-01
1.999099954998e+01,9.972357045677e-01
1.999299964998e+01,9.974666578990e-01
1.999499974999e+01,9.976978850519e-01
1.999699984999e+01,9.979293486911e-01
1.999899995000e+01,9.981610115391e-01
2.000100005000e+01,9.983928363826e-01
2.000300015001e+01,9.986247860777e-01
2.000500025001e+01,9.988568235567e-01
2.000700035002e+01,9.990889118330e-01
2.000900045002e+01,9.993210140072e-01
2.001100055003e+01,9.995530932733e-01
2.001300065003e+01,9.997851129240e-01
2.001500075004e+01,1.000017036356e+00
2.001700085004e+01,1.000248827075e+00
2.001900095005e+01,1.000480448703e+00
2.002100105005e+01,1.000711864981e+00
2.002300115006e+01,1.000943039777e+00
2.002500125006e+01,1.001173937087e+00
2.002700135007e+01,1.001404521046e+00
2.002900145007e+01,1.001634755928e+00
2.003100155008e+01,1.001864606152e+00
2.003300165008e+01,1.002094036290e+00
2.003500175009e+01,1.002323011068e+00
2.003700185009e+01,1.002551495372e+00
2.003900195010e+01,1.002779454253e+00
2.004100205010e+01,1.003006852933e+00
2.004300215011e+01,1.003233656805e+00
2.004500225011e+01,1.003459831443e+00
2.004700235012e+01,1.003685342603e+00
2.004900245012e+01,1.003910156228e+00
2.005100255013e+01,1.004134238452e+00
2.005300265013e+01,1.004357555606e+00
2.005500275014e+01,1.004580074217e+00
2.005700285014e+01,1.004801761020e+00
2.005900295015e+01,1.005022582953e+00
2.006100305015e+01,1.005242507168e+00
2.006300315016e+01,1.005461501033e+00
2.006500325016e+01,1.005679532132e+00
2.006700335017e+01,1.005896568276e+00
2.006900345017e+01,1.006112577497e+00
2.007100355018e+01,1.006327528060e+00
2.007300365018e+01,1.006541388463e+00
2.007500375019e+01,1.006754127440e+00
2.007700385019e+01,1.006965713964e+00
2.007900395020e+01,1.007176117252e+00
2.008100405020e+01,1.007385306768e+00
2.008300415021e+01,1.007593252225e+00
2.008500425021e+01,1.007799923588e+00
2.008700435022e+01,1.008005291078e+00
2.008900445022e+01,1.008209325175e+00
2.009100455023e+01,1.008411996620e+00
2.009300465023e+01,1.008613276419e+00
2.009500475024e+01,1.008813135843e+00
2.009700485024e+01,1.009011546435e+00
2.009900495025e+01,1.009208480009e+00
2.010100505025e+01,1.009403908655e+00
2.010300515026e+01,1.009597804739e+00
2.010500525026e+01,1.009790140909e+00
2.010700535027e+01,1.009980890094e+00
2.010900545027e+01,1.010170025507e+00
2.011100555028e+01,1.010357520650e+00
2.011300565028e+01,1.010543349312e+00
2.011500575029e+01,1.010727485575e+00
2.011700585029e+01,1.010909903816e+00
2.011900595030e+01,1.011090578705e+00
2.012100605030e+01,1.011269485211e+00
2.012300615031e+01,1.011446598603e+00
2.012500625031e+01,1.011621894451e+00
2.012700635032e+01,1.011795348630e+00
2.012900645032e+01,1.011966937318e+00
2.013100655033e+01,1.012136637004e+00
2.013300665033e+01,1.012304424482e+00
2.013500675034e+01,1.012470276859e+00
2.013700685034e+01,1.012634171554e+00
2.013900695035e+01,1.012796086299e+00
2.014100705035e+01,1.012955999145e+00
2.014300715036e+01,1.013113888455e+00
2.014500725036e+01,1.013269732914e+00
2.014700735037e+01,1.013423511528e+00
2.014900745037e+01,1.013575203620e+00
2.015100755038e+01,1.013724788840e+00
2.015300765038e+01,1.013872247161e+00
2.015500775039e+01,1.014017558881e+00
2.015700785039e+01,1.014160704624e+00
2.015900795040e+01,1.014301665343e+00
2.016100805040e+01,1.014440422320e+00
2.016300815041e+01,1.014576957166e+00
2.016500825041e+01,1.014711251825e+00
2.016700835042e+01,1.014843288573e+00
2.016900845042e+01,1.014973050019e+00
2.017100855043e+01,1.015100519106e+00
2.017300865043e+01,1.015225679113e+00
2.017500875044e+01,1.015348513655e+00
2.017700885044e+01,1.015469006686e+00
2.017900895045e+01,1.015587142495e+00
2.018100905045e+01,1.015702905713e+00
2.018300915046e+01,1.015816281308e+00
2.018500925046e+01,1.015927254590e+00
2.018700935047e+01,1.016035811211e+00
2.018900945047e+01,1.016141937164e+00
2.019100955048e+01,1.016245618786e+00
2.019300965048e+01,1.016346842755e+00
2.019500975049e+01,1.016445596095e+00
2.019700985049e+01,1.016541866175e+00
2.019900995050e+01,1.016635640709e+00
2.020101005050e+01,1.016726907755e+00
2.020301015051e+01,1.016815655720e+00
2.020501025051e+01,1.016901873357e+00
2.020701035052e+01,1.016985549766e+00
2.020901045052e+01,1.017066674396e+00
2.021101055053e+01,1.017145237042e+00
2.021301065053e+01,1.017221227850e+00
2.021501075054e+01,1.017294637316e+00
2.021701085054e+01,1.017365456283e+00
2.021901095055e+01,1.017433675946e+00
2.022101105055e+01,1.017499287849e+00
2.022301115056e+01,1.017562283888e+00
2.022501125056e+01,1.017622656309e+00
2.022701135057e+01,1.017680397710e+00
2.022901145057e+01,1.017735501039e+00
2.023101155058e+01,1.017787959598e+00
2.023301165058e+01,1.017837767039e+00
2.023501175059e+01,1.017884917367e+00
2.023701185059e+01,1.017929404940e+00
2.023901195060e+01,1.017971224468e+00
2.024101205060e+01,1.018010371013e+00
2.024301215061e+01,1.018046839991e+00
2.024501225061e+01,1.018080627171e+00
2.024701235062e+01,1.018111728674e+00
2.024901245062e+01,1.018140140975e+00
2.025101255063e+01,1.018165860903e+00
2.025301265063e+01,1.018188885639e+00
2.025501275064e+01,1.018209212717e+00
2.025701285064e+01,1.018226840026e+00
2.025901295065e+01,1.018241765807e+00
2.026101305065e+01,1.018253988655e+00
2.026301315066e+01,1.018263507518e+00
2.026501325066e+01,1.018270321697e+00
2.026701335067e+01,1.018274430847e+00
2.026901345067e+01,1.018275834976e+00
2.027101355068e+01,1.018274534444e+00
2.027301365068e+01,1.018270529966e+00
2.027501375069e+01,1.018263822607e+00
2.027701385069e+01,1.018254413787e+00
2.027901395070e+01,1.018242305277e+00
2.028101405070e+01,1.018227499201e+00
2.028301415071e+01,1.018209998035e+00
2.028501425071e+01,1.018189804608e+00
2.028701435072e+01,1.018166922098e+00
2.028901445072e+01,1.018141354037e+00
2.029101455073e+01,1.018113104307e+00
2.029301465073e+01,1.018082177141e+00
2.029501475074e+01,1.018048577123e+00
2.029701485074e+01,1.018012309187e+00
2.029901495075e+01,1.017973378617e+00
2.030101505075e+01,1.017931791046e+00
2.030301515076e+01,1.017887552459e+00
2.030501525076e+01,1.017840669186e+00
2.030701535077e+01,1.017791147908e+00
2.030901545077e+01,1.017738995653e+00
2.031101555078e+01,1.017684219798e+00
2.031301565078e+01,1.017626828065e+00
2.031501575079e+01,1.017566828524e+00
2.031701585079e+01,1.017504229593e+00
2.031901595080e+01,1.017439040032e+00
2.032101605080e+01,1.017371268949e+00
2.032301615081e+01,1.017300925795e+00
2.032501625081e+01,1.017228020367e+00
2.032701635082e+01,1.017152562803e+00
2.032901645082e+01,1.017074563585e+00
2.033101655083e+01,1.016994033539e+00
2.033301665083e+01,1.016910983829e+00
2.033501675084e+01,1.016825425963e+00
2.033701685084e+01,1.016737371786e+00
2.033901695085e+01,1.016646833486e+00
2.034101705085e+01,1.016553823588e+00
2.034301715086e+01,1.016458354954e+00
2.034501725086e+01,1.016360440785e+00
2.034701735087e+01,1.016260094616e+00
2.034901745087e+01,1.016157330320e+00
2.035101755088e+01,1.016052162103e+00
2.035301765088e+01,1.015944604505e+00
2.035501775089e+01,1.015834672398e+00
2.035701785089e+01,1.015722380986e+00
2.035901795090e+01,1.015607745806e+00
2.036101805090e+01,1.015490782722e+00
2.036301815091e+01,1.015371507927e+00
2.036501825091e+01,1.015249937943e+00
2.036701835092e+01,1.015126089618e+00
2.036901845092e+01,1.014999980125e+00
2.037101855093e+01,1.014871626961e+00
2.037301865093e+01,1.014741047948e+00
2.037501875094e+01,1.014608261228e+00
2.037701885094e+01,1.014473285262e+00
2.037901895095e+01,1.014336138835e+00
2.038101905095e+01,1.014196841045e+00
2.038301915096e+01,1.014055411309e+00
2.038501925096e+01,1.013911869360e+00
2.038701935097e+01,1.013766235242e+00
2.038901945097e+01,1.013618529313e+00
2.039101955098e+01,1.013468772243e+00
2.039301965098e+01,1.013316985008e+00
2.039501975099e+01,1.013163188894e+00
2.039701985099e+01,1.013007405492e+00
2.039901995100e+01,1.012849656697e+00
2.040102005100e+01,1.012689964709e+00
2.040302015101e+01,1.012528352025e+00
2.040502025101e+01,1.012364841444e+00
2.040702035102e+01,1.012199456061e+00
2.040902045102e+01,1.012032219267e+00
2.041102055103e+01,1.011863154744e+00
2.041302065103e+01,1.011692286469e+00
2.041502075104e+01,1.011519638707e+00
2.041702085104e+01,1.011345236009e+00
2.041902095105e+01,1.011169103213e+00
2.042102105105e+01,1.010991265440e+00
2.042302115106e+01,1.010811748090e+00
2.042502125106e+01,1.010630576845e+00
2.042702135107e+01,1.010447777661e+00
2.042902145107e+01,1.010263376768e+00
2.043102155108e+01,1.010077400668e+00
2.043302165108e+01,1.009889876133e+00
2.043502175109e+01,1.009700830200e+00
2.043702185109e+01,1.009510290171e+00
2.043902195110e+01,1.009318283611e+00
2.044102205110e+01,1.009124838341e+00
2.044302215111e+01,1.008929982441e+00
2.044502225111e+01,1.008733744242e+00
2.044702235112e+01,1.008536152326e+00
2.044902245112e+01,1.008337235524e+00
2.045102255113e+01,1.008137022911e+00
2.045302265113e+01,1.007935543804e+00
2.045502275114e+01,1.007732827758e+00
2.045702285114e+01,1.007528904563e+00
2.045902295115e+01,1.007323804242e+00
2.046102305115e+01,1.007117557048e+00
2.046302315116e+01,1.006910193459e+00
2.046502325116e+01,1.006701744176e+00
2.046702335117e+01,1.006492240119e+00
2.046902345117e+01,1.006281712423e+00
2.047102355118e+01,1.006070192436e+00
2.047302365118e+01,1.005857711713e+00
2.047502375119e+01,1.005644302017e+00
2.047702385119e+01,1.005429995309e+00
2.047902395120e+01,1.005214823749e+00
2.048102405120e+01,1.004998819688e+00
2.048302415121e+01,1.004782015671e+00
2.048502425121e+01,1.004564444424e+00
2.048702435122e+01,1.004346138858e+00
2.048902445122e+01,1.004127132059e+00
2.049102455123e+01,1.003907457288e+00
2.049302465123e+01,1.003687147974e+00
2.049502475124e+01,1.003466237713e+00
2.049702485124e+01,1.003244760257e+00
2.049902495125e+01,1.003022749519e+00
2.050102505125e+01,1.002800239559e+00
2.050302515126e+01,1.002577264587e+00
2.050502525126e+01,1.002353858955e+00
2.050702535127e+01,1.002130057149e+00
2.050902545127e+01,1.001905893793e+00
2.051102555128e+01,1.001681403634e+00
2.051302565128e+01,1.001456621546e+00
2.051502575129e+01,1.001231582520e+00
2.051702585129e+01,1.001006321659e+00
2.051902595130e+01,1.000780874174e+00
2.052102605130e+01,1.000555275382e+00
2.052302615131e+01,1.000329560693e+00
2.052502625131e+01,1.000103765612e+00
2.052702635132e+01,9.998779257314e-01
2.052902645132e+01,9.996520767239e-01
2.053102655133e+01,9.994262543388e-01
2.053302665133e+01,9.992004943960e-01
2.053502675134e+01,9.989748327804e-01
2.053702685134e+01,9.987493054360e-01
2.053902695135e+01,9.985239483608e-01
2.054102705135e+01,9.982987976005e-01
2.054302715136e+01,9.980738892428e-01
2.054502725136e+01,9.978492594114e-01
2.054702735137e+01,9.976249442606e-01
2.054902745137e+01,9.974009799682e-01
2.055102755138e+01,9.971774027307e-01
2.055302765138e+01,9.969542487560e-01
2.055502775139e+01,9.967315542578e-01
2.055702785139e+01,9.965093554494e-01
2.055902795140e+01,9.962876885367e-01
2.056102805140e+01,9.960665897131e-01
2.056302815141e+01,9.958460951527e-01
2.056502825141e+01,9.956262410035e-01
2.056702835142e+01,9.954070633809e-01
2.056902845142e+01,9.951885983616e-01
2.057102855143e+01,9.949708819765e-01
2.057302865143e+01,9.947539502044e-01
2.057502875144e+01,9.945378389654e-01
2.057702885144e+01,9.943225841138e-01
2.057902895145e+01,9.941082214319e-01
2.058102905145e+01,9.938947866226e-01
2.058302915146e+01,9.936823153032e-01
2.058502925146e+01,9.934708429981e-01
2.058702935147e+01,9.932604051320e-01
2.058902945147e+01,9.930510370232e-01
2.059102955148e+01,9.928427738764e-01
2.059302965148e+01,9.926356507760e-01
2.059502975149e+01,9.924297026787e-01
2.059702985149e+01,9.922249644069e-01
2.059902995150e+01,9.920214706414e-01
2.060103005150e+01,9.918192559141e-01
2.060303015151e+01,9.916183546016e-01
2.060503025151e+01,9.914188009172e-01
2.060703035152e+01,9.912206289044e-01
2.060903045152e+01,9.910238724294e-01
2.061103055153e+01,9.908285651743e-01
2.061303065153e+01,9.906347406302e-01
2.061503075154e+01,9.904424320895e-01
2.061703085154e+01,9.902516726389e-01
2.061903095155e+01,9.900624951521e-01
2.062103105155e+01,9.898749322831e-01
2.062303115156e+01,9.896890164586e-01
2.062503125156e+01,9.895047798711e-01
2.062703135157e+01,9.893222544716e-01
2.062903145157e+01,9.891414719628e-01
2.063103155158e+01,9.889624637917e-01
2.063303165158e+01,9.887852611424e-01
2.063503175159e+01,9.886098949295e-01
2.063703185159e+01,9.884363957906e-01
2.063903195160e+01,9.882647940796e-01
2.064103205160e+01,9.880951198595e-01
2.064303215161e+01,9.879274028955e-01
2.064503225161e+01,9.877616726481e-01
2.064703235162e+01,9.875979582662e-01
2.064903245162e+01,9.874362885803e-01
2.065103255163e+01,9.872766920954e-01
2.065303265163e+01,9.871191969848e-01
2.065503275164e+01,9.869638310829e-01
2.065703285164e+01,9.868106218787e-01
2.065903295165e+01,9.866595965092e-01
2.066103305165e+01,9.865107817529e-01
2.066303315166e+01,9.863642040228e-01
2.066503325166e+01,9.862198893607e-01
2.066703335167e+01,9.860778634304e-01
2.066903345167e+01,9.859381515115e-01
2.067103355168e+01,9.858007784929e-01
2.067303365168e+01,9.856657688670e-01
2.067503375169e+01,9.855331467236e-01
2.067703385169e+01,9.854029357436e-01
2.067903395170e+01,9.852751591932e-01
2.068103405170e+01,9.851498399182e-01
2.068303415171e+01,9.850270003380e-01
2.068503425171e+01,9.849066624400e-01
2.068703435172e+01,9.847888477739e-01
2.068903445172e+01,9.846735774464e-01
2.069103455173e+01,9.845608721157e-01
2.069303465173e+01,9.844507519861e-01
2.069503475174e+01,9.843432368030e-01
2.069703485174e+01,9.842383458476e-01
2.069903495175e+01,9.841360979323e-01
2.070103505175e+01,9.840365113954e-01
2.070303515176e+01,9.839396040968e-01
2.070503525176e+01,9.838453934131e-01
2.070703535177e+01,9.837538962330e-01
2.070903545177e+01,9.836651289522e-01
2.071103555178e+01,9.835791074704e-01
2.071303565178e+01,9.834958471863e-01
2.071503575179e+01,9.834153629938e-01
2.071703585179e+01,9.833376692781e-01
2.071903595180e+01,9.832627799118e-01
2.072103605180e+01,9.831907082513e-01
2.072303615181e+01,9.831214671333e-01
2.072503625181e+01,9.830550688715e-01
2.072703635182e+01,9.829915252531e-01
2.072903645182e+01,9.829308475357e-01
2.073103655183e+01,9.828730464444e-01
2.073303665183e+01,9.828181321690e-01
2.073503675184e+01,9.827661143612e-01
2.073703685184e+01,9.827170021318e-01
2.073903695185e+01,9.826708040489e-01
2.074103705185e+01,9.826275281351e-01
2.074303715186e+01,9.825871818657e-01
2.074503725186e+01,9.825497721667e-01
2.074703735187e+01,9.825153054132e-01
2.074903745187e+01,9.824837874277e-01
2.075103755188e+01,9.824552234776e-01
2.075303765188e+01,9.824296182747e-01
2.075503775189e+01,9.824069759738e-01
2.075703785189e+01,9.823873001719e-01
2.075903795190e+01,9.823705939071e-01
2.076103805190e+01,9.823568596576e-01
2.076303815191e+01,9.823460993417e-01
2.076503825191e+01,9.823383143169e-01
2.076703835192e+01,9.823335053798e-01
2.076903845192e+01,9.823316727660e-01
2.077103855193e+01,9.823328161499e-01
2.077303865193e+01,9.823369346453e-01
2.077503875194e+01,9.823440268053e-01
2.077703885194e+01,9.823540906228e-01
2.077903895195e+01,9.823671235315e-01
2.078103905195e+01,9.823831224066e-01
2.078303915196e+01,9.824020835654e-01
2.078503925196e+01,9.824240027690e-01
2.078703935197e+01,9.824488752234e-01
2.078903945197e+01,9.824766955809e-01
2.079103955198e+01,9.825074579420e-01
2.079303965198e+01,9.825411558566e-01
2.079503975199e+01,9.825777823253e-01
2.079703985199e+01,9.826173298027e-01
2.079903995200e+01,9.826597901990e-01
2.080104005200e+01,9.827051548821e-01
2.080304015201e+01,9.827534146806e-01
2.080504025201e+01,9.828045598861e-01
2.080704035202e+01,9.828585802561e-01
2.080904045202e+01,9.829154650166e-01
2.081104055203e+01,9.829752028658e-01
2.081304065203e+01,9.830377819764e-01
2.081504075204e+01,9.831031899996e-01
2.081704085204e+01,9.831714140681e-01
2.081904095205e+01,9.832424408001e-01
2.082104105205e+01,9.833162563024e-01
2.082304115206e+01,9.833928461748e-01
2.082504125206e+01,9.834721955140e-01
2.082704135207e+01,9.835542889173e-01
2.082904145207e+01,9.836391104876e-01
2.083104155208e+01,9.837266438369e-01
2.083304165208e+01,9.838168720917e-01
2.083504175209e+01,9.839097778973e-01
2.083704185209e+01,9.840053434214e-01
2.083904195210e+01,9.841035503599e-01
2.084104205210e+01,9.842043799416e-01
2.084304215211e+01,9.843078129335e-01
2.084504225211e+01,9.844138296456e-01
2.084704235212e+01,9.845224099362e-01
2.084904245212e+01,9.846335332173e-01
2.085104255213e+01,9.847471784601e-01
2.085304265213e+01,9.848633242004e-01
2.085504275214e+01,9.849819485443e-01
2.085704285214e+01,9.851030291739e-01
2.085904295215e+01,9.852265433532e-01
2.086104305215e+01,9.853524679335e-01
2.086304315216e+01,9.854807793599e-01
2.086504325216e+01,9.856114536772e-01
2.086704335217e+01,9.857444665356e-01
2.086904345217e+01,9.858797931976e-01
2.087104355218e+01,9.860174085436e-01
2.087304365218e+01,9.861572870787e-01
2.087504375219e+01,9.862994029388e-01
2.087704385219e+01,9.864437298974e-01
2.087904395220e+01,9.865902413720e-01
2.088104405220e+01,9.867389104309e-01
2.088304415221e+01,9.868897097995e-01
2.088504425221e+01,9.870426118668e-01
2.088704435222e+01,9.871975886918e-01
2.088904445222e+01,9.873546120111e-01
2.089104455223e+01,9.875136532456e-01
2.089304465223e+01,9.876746835070e-01
2.089504475224e+01,9.878376736049e-01
2.089704485224e+01,9.880025940538e-01
2.089904495225e+01,9.881694150800e-01
2.090104505225e+01,9.883381066282e-01
2.090304515226e+01,9.885086383692e-01
2.090504525226e+01,9.886809797065e-01
2.090704535227e+01,9.888550997835e-01
2.090904545227e+01,9.890309674903e-01
2.091104555228e+01,9.892085514713e-01
2.091304565228e+01,9.893878201319e-01
2.091504575229e+01,9.895687416456e-01
2.091704585229e+01,9.897512839616e-01
2.091904595230e+01,9.899354148113e-01
2.092104605230e+01,9.901211017158e-01
2.092304615231e+01,9.903083119931e-01
2.092504625231e+01,9.904970127651e-01
2.092704635232e+01,9.906871709648e-01
2.092904645232e+01,9.908787533433e-01
2.093104655233e+01,9.910717264769e-01
2.093304665233e+01,9.912660567743e-01
2.093504675234e+01,9.914617104838e-01
2.093704685234e+01,9.916586537001e-01
2.093904695235e+01,9.918568523716e-01
2.094104705235e+01,9.920562723074e-01
2.094304715236e+01,9.922568791842e-01
2.094504725236e+01,9.924586385534e-01
2.094704735237e+01,9.926615158482e-01
2.094904745237e+01,9.928654763900e-01
2.095104755238e+01,9.930704853960e-01
2.095304765238e+01,9.932765079858e-01
2.095504775239e+01,9.934835091881e-01
2.095704785239e+01,9.936914539477e-01
2.095904795240e+01,9.939003071324e-01
2.096104805240e+01,9.941100335393e-01
2.096304815241e+01,9.943205979020e-01
2.096504825241e+01,9.945319648972e-01
2.096704835242e+01,9.947440991508e-01
2.096904845242e+01,9.949569652451e-01
2.097104855243e+01,9.951705277250e-01
2.097304865243e+01,9.953847511046e-01
2.097504875244e+01,9.955995998733e-01
2.097704885244e+01,9.958150385029e-01
2.097904895245e+01,9.960310314535e-01
2.098104905245e+01,9.962475431798e-01
2.098304915246e+01,9.964645381372e-01
2.098504925246e+01,9.966819807884e-01
2.098704935247e+01,9.968998356091e-01
2.098904945247e+01,9.971180670944e-01
2.099104955248e+01,9.973366397646e-01
2.099304965248e+01,9.975555181711e-01
2.099504975249e+01,9.977746669026e-01
2.099704985249e+01,9.979940505906e-01
2.099904995250e+01,9.982136339154e-01
2.100105005250e+01,9.984333816119e-01
2.100305015251e+01,9.986532584750e-01
2.100505025251e+01,9.988732293655e-01
2.100705035252e+01,9.990932592153e-01
2.100905045252e+01,9.993133130333e-01
2.101105055253e+01,9.995333559105e-01
2.101305065253e+01,9.997533530253e-01
2.101505075254e+01,9.999732696491e-01
2.101705085254e+01,1.000193071151e+00
2.101905095255e+01,1.000412723004e+00
2.102105105255e+01,1.000632190788e+00
2.102305115256e+01,1.000851440196e+00
2.102505125256e+01,1.001070437042e+00
2.102705135257e+01,1.001289147260e+00
2.102905145257e+01,1.001507536913e+00
2.103105155258e+01,1.001725572198e+00
2.103305165258e+01,1.001943219449e+00
2.103505175259e+01,1.002160445140e+00
2.103705185259e+01,1.002377215893e+00
2.103905195260e+01,1.002593498482e+00
2.104105205260e+01,1.002809259836e+00
2.104305215261e+01,1.003024467042e+00
2.104505225261e+01,1.003239087354e+00
2.104705235262e+01,1.003453088192e+00
2.104905245262e+01,1.003666437150e+00
2.105105255263e+01,1.003879101999e+00
2.105305265263e+01,1.004091050689e+00
2.105505275264e+01,1.004302251356e+00
2.105705285264e+01,1.004512672325e+00
2.105905295265e+01,1.004722282113e+00
2.106105305265e+01,1.004931049431e+00
2.106305315266e+01,1.005138943194e+00
2.106505325266e+01,1.005345932517e+00
2.106705335267e+01,1.005551986724e+00
2.106905345267e+01,1.005757075350e+00
2.107105355268e+01,1.005961168141e+00
2.107305365268e+01,1.006164235064e+00
2.107505375269e+01,1.006366246305e+00
2.107705385269e+01,1.006567172274e+00
2.107905395270e+01,1.006766983609e+00
2.108105405270e+01,1.006965651180e+00
2.108305415271e+01,1.007163146087e+00
2.108505425271e+01,1.007359439669e+00
2.108705435272e+01,1.007554503504e+00
2.108905445272e+01,1.007748309412e+00
2.109105455273e+01,1.007940829460e+00
2.109305465273e+01,1.008132035960e+00
2.109505475274e+01,1.008321901478e+00
2.109705485274e+01,1.008510398831e+00
2.109905495275e+01,1.008697501094e+00
2.110105505275e+01,1.008883181600e+00
2.110305515276e+01,1.009067413942e+00
2.110505525276e+01,1.009250171980e+00
2.110705535277e+01,1.009431429837e+00
2.110905545277e+01,1.009611161905e+00
2.111105555278e+01,1.009789342849e+00
2.111305565278e+01,1.009965947604e+00
2.111505575279e+01,1.010140951382e+00
2.111705585279e+01,1.010314329673e+00
2.111905595280e+01,1.010486058244e+00
2.112105605280e+01,1.010656113147e+00
2.112305615281e+01,1.010824470713e+00
2.112505625281e+01,1.010991107564e+00
2.112705635282e+01,1.011156000604e+00
2.112905645282e+01,1.011319127031e+00
2.113105655283e+01,1.011480464332e+00
2.113305665283e+01,1.011639990286e+00
2.113505675284e+01,1.011797682968e+00
2.113705685284e+01,1.011953520751e+00
2.113905695285e+01,1.012107482302e+00
2.114105705285e+01,1.012259546590e+00
2.114305715286e+01,1.012409692885e+00
2.114505725286e+01,1.012557900760e+00
2.114705735287e+01,1.012704150092e+00
2.114905745287e+01,1.012848421062e+00
2.115105755288e+01,1.012990694160e+00
2.115305765288e+01,1.013130950185e+00
2.115505775289e+01,1.013269170242e+00
2.115705785289e+01,1.013405335752e+00
2.115905795290e+01,1.013539428444e+00
2.116105805290e+01,1.013671430364e+00
2.116305815291e+01,1.013801323869e+00
2.116505825291e+01,1.013929091635e+00
2.116705835292e+01,1.014054716654e+00
2.116905845292e+01,1.014178182235e+00
2.117105855293e+01,1.014299472006e+00
2.117305865293e+01,1.014418569917e+00
2.117505875294e+01,1.014535460237e+00
2.117705885294e+01,1.014650127558e+00
2.117905895295e+01,1.014762556795e+00
2.118105905295e+01,1.014872733187e+00
2.118305915296e+01,1.014980642297e+00
2.118505925296e+01,1.015086270013e+00
2.118705935297e+01,1.015189602551e+00
2.118905945297e+01,1.015290626452e+00
2.119105955298e+01,1.015389328588e+00
2.119305965298e+01,1.015485696156e+00
2.119505975299e+01,1.015579716685e+00
2.119705985299e+01,1.015671378031e+00
2.119905995300e+01,1.015760668384e+00
2.120106005300e+01,1.015847576262e+00
2.120306015301e+01,1.015932090518e+00
2.120506025301e+01,1.016014200333e+00
2.120706035302e+01,1.016093895226e+00
2.120906045302e+01,1.016171165045e+00
2.121106055303e+01,1.016245999974e+00
2.121306065303e+01,1.016318390532e+00
2.121506075304e+01,1.016388327571e+00
2.121706085304e+01,1.016455802279e+00
2.121906095305e+01,1.016520806179e+00
2.122106105305e+01,1.016583331132e+00
2.122306115306e+01,1.016643369334e+00
2.122506125306e+01,1.016700913315e+00
2.122706135307e+01,1.016755955948e+00
2.122906145307e+01,1.016808490438e+00
2.123106155308e+01,1.016858510331e+00
2.123306165308e+01,1.016906009508e+00
2.123506175309e+01,1.016950982190e+00
2.123706185309e+01,1.016993422937e+00
2.123906195310e+01,1.017033326646e+00
2.124106205310e+01,1.017070688552e+00
2.124306215311e+01,1.017105504231e+00
2.124506225311e+01,1.017137769596e+00
2.124706235312e+01,1.017167480901e+00
2.124906245312e+01,1.017194634737e+00
2.125106255313e+01,1.017219228037e+00
2.125306265313e+01,1.017241258072e+00
2.125506275314e+01,1.017260722451e+00
2.125706285314e+01,1.017277619125e+00
2.125906295315e+01,1.017291946383e+00
2.126106305315e+01,1.017303702853e+00
2.126306315316e+01,1.017312887505e+00
2.126506325316e+01,1.017319499646e+00
2.126706335317e+01,1.017323538923e+00
2.126906345317e+01,1.017325005322e+00
2.127106355318e+01,1.017323899169e+00
2.127306365318e+01,1.017320221129e+00
2.127506375319e+01,1.017313972205e+00
2.127706385319e+01,1.017305153740e+00
2.127906395320e+01,1.017293767414e+00
2.128106405320e+01,1.017279815249e+00
2.128306415321e+01,1.017263299601e+00
2.128506425321e+01,1.017244223167e+00
2.128706435322e+01,1.017222588981e+00
2.128906445322e+01,1.017198400414e+00
2.129106455323e+01,1.017171661175e+00
2.129306465323e+01,1.017142375311e+00
2.129506475324e+01,1.017110547203e+00
2.129706485324e+01,1.017076181572e+00
2.129906495325e+01,1.017039283473e+00
2.130106505325e+01,1.016999858296e+00
2.130306515326e+01,1.016957911768e+00
2.130506525326e+01,1.016913449951e+00
2.130706535327e+01,1.016866479241e+00
2.130906545327e+01,1.016817006367e+00
2.131106555328e+01,1.016765038394e+00
2.131306565328e+01,1.016710582719e+00
2.131506575329e+01,1.016653647072e+00
2.131706585329e+01,1.016594239514e+00
2.131906595330e+01,1.016532368440e+00
2.132106605330e+01,1.016468042574e+00
2.132306615331e+01,1.016401270972e+00
2.132506625331e+01,1.016332063018e+00
2.132706635332e+01,1.016260428428e+00
2.132906645332e+01,1.016186377244e+00
2.133106655333e+01,1.016109919839e+00
2.133306665333e+01,1.016031066910e+00
2.133506675334e+01,1.015949829484e+00
2.133706685334e+01,1.015866218912e+00
2.133906695335e+01,1.015780246869e+00
2.134106705335e+01,1.015691925357e+00
2.134306715336e+01,1.015601266701e+00
2.134506725336e+01,1.015508283546e+00
2.134706735337e+01,1.015412988863e+00
2.134906745337e+01,1.015315395941e+00
2.135106755338e+01,1.015215518390e+00
2.135306765338e+01,1.015113370139e+00
2.135506775339e+01,1.015008965436e+00
2.135706785339e+01,1.014902318845e+00
2.135906795340e+01,1.014793445248e+00
2.136106805340e+01,1.014682359840e+00
2.136306815341e+01,1.014569078131e+00
2.136506825341e+01,1.014453615944e+00
2.136706835342e+01,1.014335989414e+00
2.136906845342e+01,1.014216214987e+00
2.137106855343e+01,1.014094309418e+00
2.137306865343e+01,1.013970289769e+00
2.137506875344e+01,1.013844173410e+00
2.137706885344e+01,1.013715978018e+00
2.137906895345e+01,1.013585721573e+00
2.138106905345e+01,1.013453422359e+00
2.138306915346e+01,1.013319098959e+00
2.138506925346e+01,1.013182770259e+00
2.138706935347e+01,1.013044455444e+00
2.138906945347e+01,1.012904173993e+00
2.139106955348e+01,1.012761945684e+00
2.139306965348e+01,1.012617790587e+00
2.139506975349e+01,1.012471729067e+00
2.139706985349e+01,1.012323781776e+00
2.139906995350e+01,1.012173969658e+00
2.140107005350e+01,1.012022313944e+00
2.140307015351e+01,1.011868836151e+00
2.140507025351e+01,1.011713558079e+00
2.140707035352e+01,1.011556501810e+00
2.140907045352e+01,1.011397689708e+00
2.141107055353e+01,1.011237144412e+00
2.141307065353e+01,1.011074888840e+00
2.141507075354e+01,1.010910946183e+00
2.141707085354e+01,1.010745339904e+00
2.141907095355e+01,1.010578093738e+00
2.142107105355e+01,1.010409231685e+00
2.142307115356e+01,1.010238778011e+00
2.142507125356e+01,1.010066757249e+00
2.142707135357e+01,1.009893194188e+00
2.142907145357e+01,1.009718113881e+00
2.143107155358e+01,1.009541541633e+00
2.143307165358e+01,1.009363503006e+00
2.143507175359e+01,1.009184023813e+00
2.143707185359e+01,1.009003130114e+00
2.143907195360e+01,1.008820848218e+00
2.144107205360e+01,1.008637204677e+00
2.144307215361e+01,1.008452226283e+00
2.144507225361e+01,1.008265940068e+00
2.144707235362e+01,1.008078373298e+00
2.144907245362e+01,1.007889553474e+00
2.145107255363e+01,1.007699508323e+00
2.145307265363e+01,1.007508265804e+00
2.145507275364e+01,1.007315854095e+00
2.145707285364e+01,1.007122301598e+00
2.145907295365e+01,1.006927636933e+00
2.146107305365e+01,1.006731888931e+00
2.146307315366e+01,1.006535086639e+00
2.146507325366e+01,1.006337259310e+00
2.146707335367e+01,1.006138436400e+00
2.146907345367e+01,1.005938647569e+00
2.147107355368e+01,1.005737922673e+00
2.147307365368e+01,1.005536291765e+00
2.147507375369e+01,1.005333785084e+00
2.147707385369e+01,1.005130433063e+00
2.147907395370e+01,1.004926266312e+00
2.148107405370e+01,1.004721315625e+00
2.148307415371e+01,1.004515611971e+00
2.148507425371e+01,1.004309186490e+00
2.148707435372e+01,1.004102070493e+00
2.148907445372e+01,1.003894295451e+00
2.149107455373e+01,1.003685892998e+00
2.149307465373e+01,1.003476894925e+00
2.149507475374e+01,1.003267333174e+00
2.149707485374e+01,1.003057239832e+00
2.149907495375e+01,1.002846647134e+00
2.150107505375e+01,1.002635587452e+00
2.150307515376e+01,1.002424093292e+00
2.150507525376e+01,1.002212197291e+00
2.150707535377e+01,1.001999932214e+00
2.150907545377e+01,1.001787330943e+00
2.151107555378e+01,1.001574426481e+00
2.151307565378e+01,1.001361251939e+00
2.151507575379e+01,1.001147840539e+00
2.151707585379e+01,1.000934225602e+00
2.151907595380e+01,1.000720440547e+00
2.152107605380e+01,1.000506518888e+00
2.152307615381e+01,1.000292494223e+00
2.152507625381e+01,1.000078400235e+00
2.152707635382e+01,9.998642706835e-01
2.152907645382e+01,9.996501394013e-01
2.153107655383e+01,9.994360402871e-01
2.153307665383e+01,9.992220073017e-01
2.153507675384e+01,9.990080744626e-01
2.153707685384e+01,9.987942758380e-01
2.153907695385e+01,9.985806455420e-01
2.154107705385e+01,9.983672177287e-01
2.154307715386e+01,9.981540265868e-01
2.154507725386e+01,9.979411063340e-01
2.154707735387e+01,9.977284912113e-01
2.154907745387e+01,9.975162154775e-01
2.155107755388e+01,9.973043134032e-01
2.155307765388e+01,9.970928192650e-01
2.155507775389e+01,9.968817673402e-01
2.155707785389e+01,9.966711919002e-01
2.155907795390e+01,9.964611272048e-01
2.156107805390e+01,9.962516074966e-01
2.156307815391e+01,9.960426669943e-01
2.156507825391e+01,9.958343398873e-01
2.156707835392e+01,9.956266603288e-01
2.156907845392e+01,9.954196624305e-01
2.157107855393e+01,9.952133802554e-01
2.157307865393e+01,9.950078478124e-01
2.157507875394e+01,9.948030990499e-01
2.157707885394e+01,9.945991678498e-01
2.157907895395e+01,9.943960880204e-01
2.158107905395e+01,9.941938932906e-01
2.158307915396e+01,9.939926173031e-01
2.158507925396e+01,9.937922936085e-01
2.158707935397e+01,9.935929556581e-01
2.158907945397e+01,9.933946367982e-01
2.159107955398e+01,9.931973702631e-01
2.159307965398e+01,9.930011891686e-01
2.159507975399e+01,9.928061265059e-01
2.159707985399e+01,9.926122151343e-01
2.159907995400e+01,9.924194877751e-01
2.160108005400e+01,9.922279770052e-01
2.160308015401e+01,9.920377152498e-01
2.160508025401e+01,9.918487347765e-01
2.160708035402e+01,9.916610676880e-01
2.160908045402e+01,9.914747459162e-01
2.161108055403e+01,9.912898012147e-01
2.161308065403e+01,9.911062651530e-01
2.161508075404e+01,9.909241691091e-01
2.161708085404e+01,9.907435442632e-01
2.161908095405e+01,9.905644215911e-01
2.162108105405e+01,9.903868318574e-01
2.162308115406e+01,9.902108056087e-01
2.162508125406e+01,9.900363731673e-01
2.162708135407e+01,9.898635646248e-01
2.162908145407e+01,9.896924098350e-01
2.163108155408e+01,9.895229384073e-01
2.163308165408e+01,9.893551797004e-01
2.163508175409e+01,9.891891628157e-01
2.163708185409e+01,9.890249165906e-01
2.163908195410e+01,9.888624695922e-01
2.164108205410e+01,9.887018501108e-01
2.164308215411e+01,9.885430861534e-01
2.164508225411e+01,9.883862054372e-01
2.164708235412e+01,9.882312353834e-01
2.164908245412e+01,9.880782031107e-01
2.165108255413e+01,9.879271354293e-01
2.165308265413e+01,9.877780588342e-01
2.165508275414e+01,9.876309994994e-01
2.165708285414e+01,9.874859832713e-01
2.165908295415e+01,9.873430356630e-01
2.166108305415e+01,9.872021818483e-01
2.166308315416e+01,9.870634466551e-01
2.166508325416e+01,9.869268545602e-01
2.166708335417e+01,9.867924296830e-01
2.166908345417e+01,9.866601957799e-01
2.167108355418e+01,9.865301762383e-01
2.167308365418e+01,9.864023940714e-01
2.167508375419e+01,9.862768719116e-01
2.167708385419e+01,9.861536320058e-01
2.167908395420e+01,9.860326962098e-01
2.168108405420e+01,9.859140859828e-01
2.168308415421e+01,9.857978223820e-01
2.168508425421e+01,9.856839260577e-01
2.168708435422e+01,9.855724172477e-01
2.168908445422e+01,9.854633157727e-01
2.169108455423e+01,9.853566410313e-01
2.169308465423e+01,9.852524119948e-01
2.169508475424e+01,9.851506472026e-01
2.169708485424e+01,9.850513647575e-01
2.169908495425e+01,9.849545823214e-01
2.170108505425e+01,9.848603171100e-01
2.170308515426e+01,9.847685858895e-01
2.170508525426e+01,9.846794049715e-01
2.170708535427e+01,9.845927902091e-01
2.170908545427e+01,9.845087569930e-01
2.171108555428e+01,9.844273202475e-01
2.171308565428e+01,9.843484944266e-01
2.171508575429e+01,9.842722935105e-01
2.171708585429e+01,9.841987310021e-01
2.171908595430e+01,9.841278199229e-01
2.172108605430e+01,9.840595728096e-01
2.172308615431e+01,9.839940017117e-01
2.172508625431e+01,9.839311181875e-01
2.172708635432e+01,9.838709333019e-01
2.172908645432e+01,9.838134576229e-01
2.173108655433e+01,9.837587012194e-01
2.173308665433e+01,9.837066736583e-01
2.173508675434e+01,9.836573840019e-01
2.173708685434e+01,9.836108408059e-01
2.173908695435e+01,9.835670521170e-01
2.174108705435e+01,9.835260254709e-01
2.174308715436e+01,9.834877678900e-01
2.174508725436e+01,9.834522858822e-01
2.174708735437e+01,9.834195854386e-01
2.174908745437e+01,9.833896720325e-01
2.175108755438e+01,9.833625506175e-01
2.175308765438e+01,9.833382256268e-01
2.175508775439e+01,9.833167009717e-01
2.175708785439e+01,9.832979800411e-01
2.175908795440e+01,9.832820657003e-01
2.176108805440e+01,9.832689602909e-01
2.176308815441e+01,9.832586656290e-01
2.176508825441e+01,9.832511830055e-01
2.176708835442e+01,9.832465131861e-01
2.176908845442e+01,9.832446564107e-01
2.177108855443e+01,9.832456123940e-01
2.177308865443e+01,9.832493803252e-01
2.177508875444e+01,9.832559588684e-01
2.177708885444e+01,9.832653461634e-01
2.177908895445e+01,9.832775398258e-01
2.178108905445e+01,9.832925369482e-01
2.178308915446e+01,9.833103341006e-01
2.178508925446e+01,9.833309273318e-01
2.178708935447e+01,9.833543121705e-01
2.178908945447e+01,9.833804836262e-01
2.179108955448e+01,9.834094361912e-01
2.179308965448e+01,9.834411638417e-01
2.179508975449e+01,9.834756600400e-01
2.179708985449e+01,9.835129177358e-01
2.179908995450e+01,9.835529293687e-01
2.180109005450e+01,9.835956868705e-01
2.180309015451e+01,9.836411816671e-01
2.180509025451e+01,9.836894046810e-01
2.180709035452e+01,9.837403463331e-01
2.180909045452e+01,9.837939965462e-01
2.181109055453e+01,9.838503447477e-01
2.181309065453e+01,9.839093798720e-01
2.181509075454e+01,9.839710903642e-01
2.181709085454e+01,9.840354641829e-01
2.181909095455e+01,9.841024888033e-01
2.182109105455e+01,9.841721512212e-01
2.182309115456e+01,9.842444379561e-01
2.182509125456e+01,9.843193350549e-01
2.182709135457e+01,9.843968280957e-01
2.182909145457e+01,9.844769021916e-01
2.183109155458e+01,9.845595419948e-01
2.183309165458e+01,9.846447317005e-01
2.183509175459e+01,9.847324550512e-01
2.183709185459e+01,9.848226953407e-01
2.183909195460e+01,9.849154354192e-01
2.184109205460e+01,9.850106576970e-01
2.184309215461e+01,9.851083441496e-01
2.184509225461e+01,9.852084763225e-01
2.184709235462e+01,9.853110353357e-01
2.184909245462e+01,9.854160018892e-01
2.185109255463e+01,9.855233562674e-01
2.185309265463e+01,9.856330783450e-01
2.185509275464e+01,9.857451475918e-01
2.185709285464e+01,9.858595430761e-01
2.185909295465e+01,9.859762434717e-01
2.186109305465e+01,9.860952270638e-01
2.186309315466e+01,9.862164717536e-01
2.186509325466e+01,9.863399550643e-01
2.186709335467e+01,9.864656541464e-01
2.186909345467e+01,9.865935457838e-01
2.187109355468e+01,9.867236063992e-01
2.187309365468e+01,9.868558120601e-01
2.187509375469e+01,9.869901384846e-01
2.187709385469e+01,9.871265610477e-01
2.187909395470e+01,9.872650547866e-01
2.188109405470e+01,9.874055944076e-01
2.188309415471e+01,9.875481542915e-01
2.188509425471e+01,9.876927085001e-01
2.188709435472e+01,9.878392307824e-01
2.188909445472e+01,9.879876945809e-01
2.189109455473e+01,9.881380730376e-01
2.189309465473e+01,9.882903390007e-01
2.189509475474e+01,9.884444650309e-01
2.189709485474e+01,9.886004234078e-01
2.189909495475e+01,9.887581861363e-01
2.190109505475e+01,9.889177249533e-01
2.190309515476e+01,9.890790113341e-01
2.190509525476e+01,9.892420164980e-01
2.190709535477e+01,9.894067114160e-01
2.190909545477e+01,9.895730668171e-01
2.191109555478e+01,9.897410531945e-01
2.191309565478e+01,9.899106408128e-01
2.191509575479e+01,9.900817997140e-01
2.191709585479e+01,9.902544997247e-01
2.191909595480e+01,9.904287104620e-01
2.192109605480e+01,9.906044013410e-01
2.192309615481e+01,9.907815415806e-01
2.192509625481e+01,9.909601002108e-01
2.192709635482e+01,9.911400460789e-01
2.192909645482e+01,9.913213478562e-01
2.193109655483e+01,9.915039740451e-01
2.193309665483e+01,9.916878929849e-01
2.193509675484e+01,9.918730728591e-01
2.193709685484e+01,9.920594817018e-01
2.193909695485e+01,9.922470874040e-01
2.194109705485e+01,9.924358577207e-01
2.194309715486e+01,9.926257602769e-01
2.194509725486e+01,9.928167625748e-01
2.194709735487e+01,9.930088319995e-01
2.194909745487e+01,9.932019358263e-01
2.195109755488e+01,9.933960412266e-01
2.195309765488e+01,9.935911152746e-01
2.195509775489e+01,9.937871249536e-01
2.195709785489e+01,9.939840371627e-01
2.195909795490e+01,9.941818187226e-01
2.196109805490e+01,9.943804363826e-01
2.196309815491e+01,9.945798568264e-01
2.196509825491e+01,9.947800466783e-01
2.196709835492e+01,9.949809725100e-01
2.196909845492e+01,9.951826008462e-01
2.197109855493e+01,9.953848981710e-01
2.197309865493e+01,9.955878309340e-01
2.197509875494e+01,9.957913655563e-01
2.197709885494e+01,9.959954684368e-01
2.197909895495e+01,9.962001059577e-01
2.198109905495e+01,9.964052444908e-01
2.198309915496e+01,9.966108504034e-01
2.198509925496e+01,9.968168900639e-01
2.198709935497e+01,9.970233298478e-01
2.198909945497e+01,9.972301361433e-01
2.199109955498e+01,9.974372753570e-01
2.199309965498e+01,9.976447139197e-01
2.199509975499e+01,9.978524182916e-01
2.199709985499e+01,9.980603549685e-01
2.199909995500e+01,9.982684904868e-01
2.200110005500e+01,9.984767914291e-01
2.200310015501e+01,9.986852244297e-01
2.200510025501e+01,9.988937561795e-01
2.200710035502e+01,9.991023534318e-01
2.200910045502e+01,9.993109830071e-01
2.201110055503e+01,9.995196117984e-01
2.201310065503e+01,9.997282067765e-01
2.201510075504e+01,9.999367349946e-01
2.201710085504e+01,1.000145163594e+00
2.201910095505e+01,1.000353459807e+00
2.202110105505e+01,1.000561590966e+00
2.202310115506e+01,1.000769524503e+00
2.202510125506e+01,1.000977227959e+00
2.202710135507e+01,1.001184668985e+00
2.202910145507e+01,1.001391815350e+00
2.203110155508e+01,1.001598634943e+00
2.203310165508e+01,1.001805095778e+00
2.203510175509e+01,1.002011166000e+00
2.203710185509e+01,1.002216813887e+00
2.203910195510e+01,1.002422007856e+00
2.204110205510e+01,1.002626716468e+00
2.204310215511e+01,1.002830908428e+00
2.204510225511e+01,1.003034552595e+00
2.204710235512e+01,1.003237617981e+00
2.204910245512e+01,1.003440073760e+00
2.205110255513e+01,1.003641889267e+00
2.205310265513e+01,1.003843034006e+00
2.205510275514e+01,1.004043477649e+00
2.205710285514e+01,1.004243190047e+00
2.205910295515e+01,1.004442141225e+00
2.206110305515e+01,1.004640301394e+00
2.206310315516e+01,1.004837640949e+00
2.206510325516e+01,1.005034130473e+00
2.206710335517e+01,1.005229740745e+00
2.206910345517e+01,1.005424442737e+00
2.207110355518e+01,1.005618207623e+00
2.207310365518e+01,1.005811006778e+00
2.207510375519e+01,1.006002811786e+00
2.207710385519e+01,1.006193594437e+00
2.207910395520e+01,1.006383326736e+00
2.208110405520e+01,1.006571980901e+00
2.208310415521e+01,1.006759529373e+00
2.208510425521e+01,1.006945944811e+00
2.208710435522e+01,1.007131200099e+00
2.208910445522e+01,1.007315268350e+00
2.209110455523e+01,1.007498122905e+00
2.209310465523e+01,1.007679737339e+00
2.209510475524e+01,1.007860085464e+00
2.209710485524e+01,1.008039141328e+00
2.209910495525e+01,1.008216879221e+00
2.210110505525e+01,1.008393273677e+00
2.210310515526e+01,1.008568299475e+00
2.210510525526e+01,1.008741931643e+00
2.210710535527e+01,1.008914145461e+00
2.210910545527e+01,1.009084916459e+00
2.211110555528e+01,1.009254220426e+00
2.211310565528e+01,1.009422033406e+00
2.211510575529e+01,1.009588331704e+00
2.211710585529e+01,1.009753091887e+00
2.211910595530e+01,1.009916290786e+00
2.212110605530e+01,1.010077905500e+00
2.212310615531e+01,1.010237913392e+00
2.212510625531e+01,1.010396292100e+00
2.212710635532e+01,1.010553019530e+00
2.212910645532e+01,1.010708073866e+00
2.213110655533e+01,1.010861433564e+00
2.213310665533e+01,1.011013077361e+00
2.213510675534e+01,1.011162984271e+00
2.213710685534e+01,1.011311133590e+00
2.213910695535e+01,1.011457504897e+00
2.214110705535e+01,1.011602078055e+00
2.214310715536e+01,1.011744833213e+00
2.214510725536e+01,1.011885750807e+00
2.214710735537e+01,1.012024811563e+00
2.214910745537e+01,1.012161996496e+00
2.215110755538e+01,1.012297286915e+00
2.215310765538e+01,1.012430664422e+00
2.215510775539e+01,1.012562110911e+00
2.215710785539e+01,1.012691608576e+00
2.215910795540e+01,1.012819139905e+00
2.216110805540e+01,1.012944687686e+00
2.216310815541e+01,1.013068235007e+00
2.216510825541e+01,1.013189765255e+00
2.216710835542e+01,1.013309262122e+00
2.216910845542e+01,1.013426709602e+00
2.217110855543e+01,1.013542091991e+00
2.217310865543e+01,1.013655393894e+00
2.217510875544e+01,1.013766600220e+00
2.217710885544e+01,1.013875696186e+00
2.217910895545e+01,1.013982667317e+00
2.218110905545e+01,1.014087499448e+00
2.218310915546e+01,1.014190178722e+00
2.218510925546e+01,1.014290691597e+00
2.218710935547e+01,1.014389024838e+00
2.218910945547e+01,1.014485165527e+00
2.219110955548e+01,1.014579101055e+00
2.219310965548e+01,1.014670819131e+00
2.219510975549e+01,1.014760307777e+00
2.219710985549e+01,1.014847555330e+00
2.219910995550e+01,1.014932550445e+00
2.220111005550e+01,1.015015282092e+00
2.220311015551e+01,1.015095739561e+00
2.220511025551e+01,1.015173912459e+00
2.220711035552e+01,1.015249790709e+00
2.220911045552e+01,1.015323364558e+00
2.221111055553e+01,1.015394624570e+00
2.221311065553e+01,1.015463561629e+00
2.221511075554e+01,1.015530166940e+00
2.221711085554e+01,1.015594432031e+00
2.221911095555e+01,1.015656348749e+00
2.222111105555e+01,1.015715909266e+00
2.222311115556e+01,1.015773106073e+00
2.222511125556e+01,1.015827931986e+00
2.222711135557e+01,1.015880380144e+00
2.222911145557e+01,1.015930444010e+00
2.223111155558e+01,1.015978117369e+00
2.223311165558e+01,1.016023394332e+00
2.223511175559e+01,1.016066269332e+00
2.223711185559e+01,1.016106737129e+00
2.223911195560e+01,1.016144792807e+00
2.224111205560e+01,1.016180431774e+00
2.224311215561e+01,1.016213649764e+00
2.224511225561e+01,1.016244442836e+00
2.224711235562e+01,1.016272807375e+00
2.224911245562e+01,1.016298740092e+00
2.225111255563e+01,1.016322238022e+00
2.225311265563e+01,1.016343298527e+00
2.225511275564e+01,1.016361919295e+00
2.225711285564e+01,1.016378098338e+00
2.225911295565e+01,1.016391833998e+00
2.226111305565e+01,1.016403124938e+00
2.226311315566e+01,1.016411970151e+00
2.226511325566e+01,1.016418368953e+00
2.226711335567e+01,1.016422320988e+00
2.226911345567e+01,1.016423826223e+00
2.227111355568e+01,1.016422884955e+00
2.227311365568e+01,1.016419497802e+00
2.227511375569e+01,1.016413665711e+00
2.227711385569e+01,1.016405389951e+00
2.227911395570e+01,1.016394672121e+00
2.228111405570e+01,1.016381514139e+00
2.228311415571e+01,1.016365918253e+00
2.228511425571e+01,1.016347887033e+00
2.228711435572e+01,1.016327423373e+00
2.228911445572e+01,1.016304530493e+00
2.229111455573e+01,1.016279211936e+00
2.229311465573e+01,1.016251471567e+00
2.229511475574e+01,1.016221313577e+00
2.229711485574e+01,1.016188742478e+00
2.229911495575e+01,1.016153763104e+00
2.230111505575e+01,1.016116380614e+00
2.230311515576e+01,1.016076600486e+00
2.230511525576e+01,1.016034428522e+00
2.230711535577e+01,1.015989870842e+00
2.230911545577e+01,1.015942933888e+00
2.231111555578e+01,1.015893624423e+00
2.231311565578e+01,1.015841949529e+00
2.231511575579e+01,1.015787916607e+00
2.231711585579e+01,1.015731533375e+00
2.231911595580e+01,1.015672807871e+00
2.232111605580e+01,1.015611748450e+00
2.232311615581e+01,1.015548363785e+00
2.232511625581e+01,1.015482662862e+00
2.232711635582e+01,1.015414654985e+00
2.232911645582e+01,1.015344349773e+00
2.233111655583e+01,1.015271757158e+00
2.233311665583e+01,1.015196887388e+00
2.233511675584e+01,1.015119751020e+00
2.233711685584e+01,1.015040358927e+00
2.233911695585e+01,1.014958722291e+00
2.234111705585e+01,1.014874852604e+00
2.234311715586e+01,1.014788761669e+00
2.234511725586e+01,1.014700461598e+00
2.234711735587e+01,1.014609964809e+00
2.234911745587e+01,1.014517284030e+00
2.235111755588e+01,1.014422432293e+00
2.235311765588e+01,1.014325422935e+00
2.235511775589e+01,1.014226269599e+00
2.235711785589e+01,1.014124986228e+00
2.235911795590e+01,1.014021587071e+00
2.236111805590e+01,1.013916086675e+00
2.236311815591e+01,1.013808499889e+00
2.236511825591e+01,1.013698841858e+00
2.236711835592e+01,1.013587128028e+00
2.236911845592e+01,1.013473374140e+00
2.237111855593e+01,1.013357596229e+00
2.237311865593e+01,1.013239810626e+00
2.237511875594e+01,1.013120033954e+00
2.237711885594e+01,1.012998283127e+00
2.237911895595e+01,1.012874575350e+00
2.238111905595e+01,1.012748928115e+00
2.238311915596e+01,1.012621359205e+00
2.238511925596e+01,1.012491886683e+00
2.238711935597e+01,1.012360528903e+00
2.238911945597e+01,1.012227304496e+00
2.239111955598e+01,1.012092232378e+00
2.239311965598e+01,1.011955331743e+00
2.239511975599e+01,1.011816622064e+00
2.239711985599e+01,1.011676123090e+00
2.239911995600e+01,1.011533854844e+00
2.240112005600e+01,1.011389837624e+00
2.240312015601e+01,1.011244091998e+00
2.240512025601e+01,1.011096638803e+00
2.240712035602e+01,1.010947499145e+00
2.240912045602e+01,1.010796694393e+00
2.241112055603e+01,1.010644246184e+00
2.241312065603e+01,1.010490176413e+00
2.241512075604e+01,1.010334507236e+00
2.241712085604e+01,1.010177261067e+00
2.241912095605e+01,1.010018460576e+00
2.242112105605e+01,1.009858128686e+00
2.242312115606e+01,1.009696288571e+00
2.242512125606e+01,1.009532963654e+00
2.242712135607e+01,1.009368177606e+00
2.242912145607e+01,1.009201954342e+00
2.243112155608e+01,1.009034318017e+00
2.243312165608e+01,1.008865293030e+00
2.243512175609e+01,1.008694904014e+00
2.243712185609e+01,1.008523175837e+00
2.243912195610e+01,1.008350133601e+00
2.244112205610e+01,1.008175802636e+00
2.244312215611e+01,1.008000208500e+00
2.244512225611e+01,1.007823376973e+00
2.244712235612e+01,1.007645334060e+00
2.244912245612e+01,1.007466105983e+00
2.245112255613e+01,1.007285719180e+00
2.245312265613e+01,1.007104200301e+00
2.245512275614e+01,1.006921576209e+00
2.245712285614e+01,1.006737873971e+00
2.245912295615e+01,1.006553120860e+00
2.246112305615e+01,1.006367344349e+00
2.246312315616e+01,1.006180572110e+00
2.246512325616e+01,1.005992832008e+00
2.246712335617e+01,1.005804152101e+00
2.246912345617e+01,1.005614560634e+00
2.247112355618e+01,1.005424086037e+00
2.247312365618e+01,1.005232756921e+00
2.247512375619e+01,1.005040602075e+00
2.247712385619e+01,1.004847650464e+00
2.247912395620e+01,1.004653931221e+00
2.248112405620e+01,1.004459473648e+00
2.248312415621e+01,1.004264307211e+00
2.248512425621e+01,1.004068461533e+00
2.248712435622e+01,1.003871966397e+00
2.248912445622e+01,1.003674851734e+00
2.249112455623e+01,1.003477147625e+00
2.249312465623e+01,1.003278884296e+00
2.249512475624e+01,1.003080092113e+00
2.249712485624e+01,1.002880801576e+00
2.249912495625e+01,1.002681043320e+00
2.250112505625e+01,1.002480848107e+00
2.250312515626e+01,1.002280246822e+00
2.250512525626e+01,1.002079270469e+00
2.250712535627e+01,1.001877950170e+00
2.250912545627e+01,1.001676317155e+00
2.251112555628e+01,1.001474402760e+00
2.251312565628e+01,1.001272238425e+00
2.251512575629e+01,1.001069855685e+00
2.251712585629e+01,1.000867286169e+00
2.251912595630e+01,1.000664561594e+00
2.252112605630e+01,1.000461713758e+00
2.252312615631e+01,1.000258774540e+00
2.252512625631e+01,1.000055775892e+00
2.252712635632e+01,9.998527498351e-01
2.252912645632e+01,9.996497284536e-01
2.253112655633e+01,9.994467438911e-01
2.253312665633e+01,9.992438283452e-01
2.253512675634e+01,9.990410140623e-01
2.253712685634e+01,9.988383333326e-01
2.253912695635e+01,9.986358184847e-01
2.254112705635e+01,9.984335018806e-01
2.254312715636e+01,9.982314159103e-01
2.254512725636e+01,9.980295929863e-01
2.254712735637e+01,9.978280655390e-01
2.254912745637e+01,9.976268660110e-01
2.255112755638e+01,9.974260268514e-01
2.255312765638e+01,9.972255805103e-01
2.255512775639e+01,9.970255594334e-01
2.255712785639e+01,9.968259960568e-01
2.255912795640e+01,9.966269228004e-01
2.256112805640e+01,9.964283720636e-01
2.256312815641e+01,9.962303762183e-01
2.256512825641e+01,9.960329676040e-01
2.256712835642e+01,9.958361785220e-01
2.256912845642e+01,9.956400412291e-01
2.257112855643e+01,9.954445879323e-01
2.257312865643e+01,9.952498507827e-01
2.257512875644e+01,9.950558618698e-01
2.257712885644e+01,9.948626532152e-01
2.257912895645e+01,9.946702567670e-01
2.258112905645e+01,9.944787043939e-01
2.258312915646e+01,9.942880278787e-01
2.258512925646e+01,9.940982589130e-01
2.258712935647e+01,9.939094290903e-01
2.258912945647e+01,9.937215699005e-01
2.259112955648e+01,9.935347127237e-01
2.259312965648e+01,9.933488888239e-01
2.259512975649e+01,9.931641293428e-01
2.259712985649e+01,9.929804652942e-01
2.259912995650e+01,9.927979275576e-01
2.260113005650e+01,9.926165468720e-01
2.260313015651e+01,9.924363538295e-01
2.260513025651e+01,9.922573788693e-01
2.260713035652e+01,9.920796522716e-01
2.260913045652e+01,9.919032041511e-01
2.261113055653e+01,9.917280644514e-01
2.261313065653e+01,9.915542629379e-01
2.261513075654e+01,9.913818291925e-01
2.261713085654e+01,9.912107926067e-01
2.261913095655e+01,9.910411823761e-01
2.262113105655e+01,9.908730274934e-01
2.262313115656e+01,9.907063567428e-01
2.262513125656e+01,9.905411986940e-01
2.262713135657e+01,9.903775816952e-01
2.262913145657e+01,9.902155338679e-01
2.263113155658e+01,9.900550831003e-01
2.263313165658e+01,9.898962570412e-01
2.263513175659e+01,9.897390830941e-01
2.263713185659e+01,9.895835884109e-01
2.263913195660e+01,9.894297998863e-01
2.264113205660e+01,9.892777441513e-01
2.264313215661e+01,9.891274475675e-01
2.264513225661e+01,9.889789362213e-01
2.264713235662e+01,9.888322359175e-01
2.264913245662e+01,9.886873721741e-01
2.265113255663e+01,9.885443702160e-01
2.265313265663e+01,9.884032549693e-01
2.265513275664e+01,9.882640510556e-01
2.265713285664e+01,9.881267827864e-01
2.265913295665e+01,9.879914741574e-01
2.266113305665e+01,9.878581488427e-01
2.266313315666e+01,9.877268301896e-01
2.266513325666e+01,9.875975412132e-01
2.266713335667e+01,9.874703045903e-01
2.266913345667e+01,9.873451426548e-01
2.267113355668e+01,9.872220773918e-01
2.267313365668e+01,9.871011304329e-01
2.267513375669e+01,9.869823230505e-01
2.267713385669e+01,9.868656761529e-01
2.267913395670e+01,9.867512102793e-01
2.268113405670e+01,9.866389455950e-01
2.268313415671e+01,9.865289018861e-01
2.268513425671e+01,9.864210985550e-01
2.268713435672e+01,9.863155546157e-01
2.268913445672e+01,9.862122886891e-01
2.269113455673e+01,9.861113189987e-01
2.269313465673e+01,9.860126633655e-01
2.269513475674e+01,9.859163392039e-01
2.269713485674e+01,9.858223635173e-01
2.269913495675e+01,9.857307528942e-01
2.270113505675e+01,9.856415235035e-01
2.270313515676e+01,9.855546910914e-01
2.270513525676e+01,9.854702709766e-01
2.270713535677e+01,9.853882780468e-01
2.270913545677e+01,9.853087267552e-01
2.271113555678e+01,9.852316311166e-01
2.271313565678e+01,9.851570047041e-01
2.271513575679e+01,9.850848606453e-01
2.271713585679e+01,9.850152116193e-01
2.271913595680e+01,9.849480698536e-01
2.272113605680e+01,9.848834471206e-01
2.272313615681e+01,9.848213547349e-01
2.272513625681e+01,9.847618035505e-01
2.272713635682e+01,9.847048039579e-01
2.272913645682e+01,9.846503658816e-01
2.273113655683e+01,9.845984987773e-01
2.273313665683e+01,9.845492116303e-01
2.273513675684e+01,9.845025129524e-01
2.273713685684e+01,9.844584107806e-01
2.273913695685e+01,9.844169126742e-01
2.274113705685e+01,9.843780257127e-01
2.274313715686e+01,9.843417564948e-01
2.274513725686e+01,9.843081111367e-01
2.274713735687e+01,9.842770952702e-01
2.274913745687e+01,9.842487140413e-01
2.275113755688e+01,9.842229721093e-01
2.275313765688e+01,9.841998736454e-01
2.275513775689e+01,9.841794223318e-01
2.275713785689e+01,9.841616213607e-01
2.275913795690e+01,9.841464734335e-01
2.276113805690e+01,9.841339807605e-01
2.276313815691e+01,9.841241450597e-01
2.276513825691e+01,9.841169675573e-01
2.276713835692e+01,9.841124489867e-01
2.276913845692e+01,9.841105895887e-01
2.277113855693e+01,9.841113891116e-01
2.277313865693e+01,9.841148468114e-01
2.277513875694e+01,9.841209614518e-01
2.277713885694e+01,9.841297313050e-01
2.277913895695e+01,9.841411541524e-01
2.278113905695e+01,9.841552272849e-01
2.278313915696e+01,9.841719475037e-01
2.278513925696e+01,9.841913111205e-01
2.278713935697e+01,9.842133139602e-01
2.278913945697e+01,9.842379513606e-01
2.279113955698e+01,9.842652181747e-01
2.279313965698e+01,9.842951087718e-01
2.279513975699e+01,9.843276170390e-01
2.279713985699e+01,9.843627363829e-01
2.279913995700e+01,9.844004597317e-01
2.280114005700e+01,9.844407795368e-01
2.280314015701e+01,9.844836877751e-01
2.280514025701e+01,9.845291759511e-01
2.280714035702e+01,9.845772350991e-01
2.280914045702e+01,9.846278557859e-01
2.281114055703e+01,9.846810281127e-01
2.281314065703e+01,9.847367417188e-01
2.281514075704e+01,9.847949857834e-01
2.281714085704e+01,9.848557490291e-01
2.281914095705e+01,9.849190197247e-01
2.282114105705e+01,9.849847856887e-01
2.282314115706e+01,9.850530342921e-01
2.282514125706e+01,9.851237524622e-01
2.282714135707e+01,9.851969266850e-01
2.282914145707e+01,9.852725430095e-01
2.283114155708e+01,9.853505870515e-01
2.283314165708e+01,9.854310439972e-01
2.283514175709e+01,9.855138986067e-01
2.283714185709e+01,9.855991352185e-01
2.283914195710e+01,9.856867377533e-01
2.284114205710e+01,9.857766897181e-01
2.284314215711e+01,9.858689742106e-01
2.284514225711e+01,9.859635739236e-01
2.284714235712e+01,9.860604711489e-01
2.284914245712e+01,9.861596477826e-01
2.285114255713e+01,9.862610853289e-01
2.285314265713e+01,9.863647649052e-01
2.285514275714e+01,9.864706672468e-01
2.285714285714e+01,9.865787727116e-01
2.285914295715e+01,9.866890612849e-01
2.286114305715e+01,9.868015125849e-01
2.286314315716e+01,9.869161058671e-01
2.286514325716e+01,9.870328200298e-01
2.286714335717e+01,9.871516336196e-01
2.286914345717e+01,9.872725248360e-01
2.287114355718e+01,9.873954715376e-01
2.287314365718e+01,9.875204512468e-01
2.287514375719e+01,9.876474411559e-01
2.287714385719e+01,9.877764181309e-01
2.287914395720e+01,9.879073587181e-01
2.288114405720e+01,9.880402391505e-01
2.288314415721e+01,9.881750353524e-01
2.288514425721e+01,9.883117229456e-01
2.288714435722e+01,9.884502772548e-01
2.288914445722e+01,9.885906733139e-01
2.289114455723e+01,9.887328858712e-01
2.289314465723e+01,9.888768893958e-01
2.289514475724e+01,9.890226580831e-01
2.289714485724e+01,9.891701658610e-01
2.289914495725e+01,9.893193863957e-01
2.290114505725e+01,9.894702930977e-01
2.290314515726e+01,9.896228591281e-01
2.290514525726e+01,9.897770574042e-01
2.290714535727e+01,9.899328606058e-01
2.290914545727e+01,9.900902411812e-01
2.291114555728e+01,9.902491713536e-01
2.291314565728e+01,9.904096231269e-01
2.291514575729e+01,9.905715682919e-01
2.291714585729e+01,9.907349784327e-01
2.291914595730e+01,9.908998249325e-01
2.292114605730e+01,9.910660789802e-01
2.292314615731e+01,9.912337115763e-01
2.292514625731e+01,9.914026935385e-01
2.292714635732e+01,9.915729955090e-01
2.292914645732e+01,9.917445879600e-01
2.293114655733e+01,9.919174411999e-01
2.293314665733e+01,9.920915253799e-01
2.293514675734e+01,9.922668104996e-01
2.293714685734e+01,9.924432664136e-01
2.293914695735e+01,9.926208628373e-01
2.294114705735e+01,9.927995693535e-01
2.294314715736e+01,9.929793554179e-01
2.294514725736e+01,9.931601903659e-01
2.294714735737e+01,9.933420434181e-01
2.294914745737e+01,9.935248836868e-01
2.295114755738e+01,9.937086801820e-01
2.295314765738e+01,9.938934018171e-01
2.295514775739e+01,9.940790174153e-01
2.295714785739e+01,9.942654957154e-01
2.295914795740e+01,9.944528053781e-01
2.296114805740e+01,9.946409149913e-01
2.296314815741e+01,9.948297930766e-01
2.296514825741e+01,9.950194080948e-01
2.296714835742e+01,9.952097284520e-01
2.296914845742e+01,9.954007225052e-01
2.297114855743e+01,9.955923585686e-01
2.297314865743e+01,9.957846049186e-01
2.297514875744e+01,9.959774298000e-01
2.297714885744e+01,9.961708014316e-01
2.297914895745e+01,9.963646880119e-01
2.298114905745e+01,9.965590577244e-01
2.298314915746e+01,9.967538787436e-01
2.298514925746e+01,9.969491192402e-01
2.298714935747e+01,9.971447473865e-01
2.298914945747e+01,9.973407313622e-01
2.299114955748e+01,9.975370393596e-01
2.299314965748e+01,9.977336395887e-01
2.299514975749e+01,9.979305002831e-01
2.299714985749e+01,9.981275897046e-01
2.299914995750e+01,9.983248761488e-01
2.300115005750e+01,9.985223279504e-01
2.300315015751e+01,9.987199134879e-01
2.300515025751e+01,9.989176011888e-01
2.300715035752e+01,9.991153595347e-01
2.300915045752e+01,9.993131570663e-01
2.301115055753e+01,9.995109623882e-01
2.301315065753e+01,9.997087441735e-01
2.301515075754e+01,9.999064711690e-01
2.301715085754e+01,1.000104112200e+00
2.301915095755e+01,1.000301636174e+00
2.302115105755e+01,1.000499012088e+00
2.302315115756e+01,1.000696209030e+00
2.302515125756e+01,1.000893196184e+00
2.302715135757e+01,1.001089942838e+00
2.302915145757e+01,1.001286418384e+00
2.303115155758e+01,1.001482592323e+00
2.303315165758e+01,1.001678434273e+00
2.303515175759e+01,1.001873913969e+00
2.303715185759e+01,1.002069001269e+00
2.303915195760e+01,1.002263666159e+00
2.304115205760e+01,1.002457878756e+00
2.304315215761e+01,1.002651609312e+00
2.304515225761e+01,1.002844828217e+00
2.304715235762e+01,1.003037506007e+00
2.304915245762e+01,1.003229613363e+00
2.305115255763e+01,1.003421121117e+00
2.305315265763e+01,1.003612000257e+00
2.305515275764e+01,1.003802221928e+00
2.305715285764e+01,1.003991757438e+00
2.305915295765e+01,1.004180578261e+00
2.306115305765e+01,1.004368656038e+00
2.306315315766e+01,1.004555962585e+00
2.306515325766e+01,1.004742469893e+00
2.306715335767e+01,1.004928150133e+00
2.306915345767e+01,1.005112975659e+00
2.307115355768e+01,1.005296919010e+00
2.307315365768e+01,1.005479952917e+00
2.307515375769e+01,1.005662050302e+00
2.307715385769e+01,1.005843184282e+00
2.307915395770e+01,1.006023328173e+00
2.308115405770e+01,1.006202455494e+00
2.308315415771e+01,1.006380539968e+00
2.308515425771e+01,1.006557555526e+00
2.308715435772e+01,1.006733476309e+00
2.308915445772e+01,1.006908276671e+00
2.309115455773e+01,1.007081931183e+00
2.309315465773e+01,1.007254414635e+00
2.309515475774e+01,1.007425702038e+00
2.309715485774e+01,1.007595768626e+00
2.309915495775e+01,1.007764589861e+00
2.310115505775e+01,1.007932141435e+00
2.310315515776e+01,1.008098399269e+00
2.310515525776e+01,1.008263339521e+00
2.310715535777e+01,1.008426938583e+00
2.310915545777e+01,1.008589173088e+00
2.311115555778e+01,1.008750019907e+00
2.311315565778e+01,1.008909456156e+00
2.311515575779e+01,1.009067459198e+00
2.311715585779e+01,1.009224006640e+00
2.311915595780e+01,1.009379076341e+00
2.312115605780e+01,1.009532646412e+00
2.312315615781e+01,1.009684695216e+00
2.312515625781e+01,1.009835201374e+00
2.312715635782e+01,1.009984143762e+00
2.312915645782e+01,1.010131501517e+00
2.313115655783e+01,1.010277254037e+00
2.313315665783e+01,1.010421380983e+00
2.313515675784e+01,1.010563862281e+00
2.313715685784e+01,1.010704678125e+00
2.313915695785e+01,1.010843808974e+00
2.314115705785e+01,1.010981235559e+00
2.314315715786e+01,1.011116938883e+00
2.314515725786e+01,1.011250900220e+00
2.314715735787e+01,1.011383101121e+00
2.314915745787e+01,1.011513523411e+00
2.315115755788e+01,1.011642149194e+00
2.315315765788e+01,1.011768960852e+00
2.315515775789e+01,1.011893941048e+00
2.315715785789e+01,1.012017072725e+00
2.315915795790e+01,1.012138339112e+00
2.316115805790e+01,1.012257723718e+00
2.316315815791e+01,1.012375210342e+00
2.316515825791e+01,1.012490783066e+00
2.316715835792e+01,1.012604426262e+00
2.316915845792e+01,1.012716124588e+00
2.317115855793e+01,1.012825862997e+00
2.317315865793e+01,1.012933626729e+00
2.317515875794e+01,1.013039401317e+00
2.317715885794e+01,1.013143172588e+00
2.317915895795e+01,1.013244926664e+00
2.318115905795e+01,1.013344649960e+00
2.318315915796e+01,1.013442329187e+00
2.318515925796e+01,1.013537951356e+00
2.318715935797e+01,1.013631503773e+00
2.318915945797e+01,1.013722974042e+00
2.319115955798e+01,1.013812350070e+00
2.319315965798e+01,1.013899620060e+00
2.319515975799e+01,1.013984772520e+00
2.319715985799e+01,1.014067796256e+00
2.319915995800e+01,1.014148680379e+00
2.320116005800e+01,1.014227414303e+00
2.320316015801e+01,1.014303987744e+00
2.320516025801e+01,1.014378390723e+00
2.320716035802e+01,1.014450613568e+00
2.320916045802e+01,1.014520646910e+00
2.321116055803e+01,1.014588481687e+00
2.321316065803e+01,1.014654109143e+00
2.321516075804e+01,1.014717520831e+00
2.321716085804e+01,1.014778708610e+00
2.321916095805e+01,1.014837664646e+00
2.322116105805e+01,1.014894381416e+00
2.322316115806e+01,1.014948851706e+00
2.322516125806e+01,1.015001068608e+00
2.322716135807e+01,1.015051025526e+00
2.322916145807e+01,1.015098716176e+00
2.323116155808e+01,1.015144134580e+00
2.323316165808e+01,1.015187275073e+00
2.323516175809e+01,1.015228132302e+00
2.323716185809e+01,1.015266701222e+00
2.323916195810e+01,1.015302977103e+00
2.324116205810e+01,1.015336955523e+00
2.324316215811e+01,1.015368632376e+00
2.324516225811e+01,1.015398003864e+00
2.324716235812e+01,1.015425066504e+00
2.324916245812e+01,1.015449817123e+00
2.325116255813e+01,1.015472252862e+00
2.325316265813e+01,1.015492371176e+00
2.325516275814e+01,1.015510169828e+00
2.325716285814e+01,1.015525646899e+00
2.325916295815e+01,1.015538800778e+00
2.326116305815e+01,1.015549630170e+00
2.326316315816e+01,1.015558134091e+00
2.326516325816e+01,1.015564311871e+00
2.326716335817e+01,1.015568163150e+00
2.326916345817e+01,1.015569687885e+00
2.327116355818e+01,1.015568886341e+00
2.327316365818e+01,1.015565759098e+00
2.327516375819e+01,1.015560307047e+00
2.327716385819e+01,1.015552531394e+00
2.327916395820e+01,1.015542433652e+00
2.328116405820e+01,1.015530015651e+00
2.328316415821e+01,1.015515279529e+00
2.328516425821e+01,1.015498227737e+00
2.328716435822e+01,1.015478863037e+00
2.328916445822e+01,1.015457188502e+00
2.329116455823e+01,1.015433207516e+00
2.329316465823e+01,1.015406923772e+00
2.329516475824e+01,1.015378341274e+00
2.329716485824e+01,1.015347464336e+00
2.329916495825e+01,1.015314297582e+00
2.330116505825e+01,1.015278845942e+00
2.330316515826e+01,1.015241114659e+00
2.330516525826e+01,1.015201109281e+00
2.330716535827e+01,1.015158835664e+00
2.330916545827e+01,1.015114299973e+00
2.331116555828e+01,1.015067508678e+00
2.331316565828e+01,1.015018468557e+00
2.331516575829e+01,1.014967186693e+00
2.331716585829e+01,1.014913670473e+00
2.331916595830e+01,1.014857927592e+00
2.332116605830e+01,1.014799966046e+00
2.332316615831e+01,1.014739794135e+00
2.332516625831e+01,1.014677420464e+00
2.332716635832e+01,1.014612853938e+00
2.332916645832e+01,1.014546103765e+00
2.333116655833e+01,1.014477179453e+00
2.333316665833e+01,1.014406090811e+00
2.333516675834e+01,1.014332847947e+00
2.333716685834e+01,1.014257461267e+00
2.333916695835e+01,1.014179941475e+00
2.334116705835e+01,1.014100299574e+00
2.334316715836e+01,1.014018546860e+00
2.334516725836e+01,1.013934694927e+00
2.334716735837e+01,1.013848755663e+00
2.334916745837e+01,1.013760741248e+00
2.335116755838e+01,1.013670664156e+00
2.335316765838e+01,1.013578537152e+00
2.335516775839e+01,1.013484373292e+00
2.335716785839e+01,1.013388185921e+00
2.335916795840e+01,1.013289988674e+00
2.336116805840e+01,1.013189795472e+00
2.336316815841e+01,1.013087620522e+00
2.336516825841e+01,1.012983478317e+00
2.336716835842e+01,1.012877383633e+00
2.336916845842e+01,1.012769351532e+00
2.337116855843e+01,1.012659397353e+00
2.337316865843e+01,1.012547536720e+00
2.337516875844e+01,1.012433785531e+00
2.337716885844e+01,1.012318159966e+00
2.337916895845e+01,1.012200676480e+00
2.338116905845e+01,1.012081351801e+00
2.338316915846e+01,1.011960202935e+00
2.338516925846e+01,1.011837247155e+00
2.338716935847e+01,1.011712502008e+00
2.338916945847e+01,1.011585985309e+00
2.339116955848e+01,1.011457715140e+00
2.339316965848e+01,1.011327709851e+00
2.339516975849e+01,1.011195988055e+00
2.339716985849e+01,1.011062568626e+00
2.339916995850e+01,1.010927470702e+00
2.340117005850e+01,1.010790713679e+00
2.340317015851e+01,1.010652317210e+00
2.340517025851e+01,1.010512301204e+00
2.340717035852e+01,1.010370685825e+00
2.340917045852e+01,1.010227491487e+00
2.341117055853e+01,1.010082738855e+00
2.341317065853e+01,1.009936448843e+00
2.341517075854e+01,1.009788642609e+00
2.341717085854e+01,1.009639341556e+00
2.341917095855e+01,1.009488567331e+00
2.342117105855e+01,1.009336341817e+00
2.342317115856e+01,1.009182687137e+00
2.342517125856e+01,1.009027625650e+00
2.342717135857e+01,1.008871179948e+00
2.342917145857e+01,1.008713372851e+00
2.343117155858e+01,1.008554227413e+00
2.343317165858e+01,1.008393766910e+00
2.343517175859e+01,1.008232014842e+00
2.343717185859e+01,1.008068994933e+00
2.343917195860e+01,1.007904731124e+00
2.344117205860e+01,1.007739247573e+00
2.344317215861e+01,1.007572568650e+00
2.344517225861e+01,1.007404718939e+00
2.344717235862e+01,1.007235723230e+00
2.344917245862e+01,1.007065606520e+00
2.345117255863e+01,1.006894394009e+00
2.345317265863e+01,1.006722111096e+00
2.345517275864e+01,1.006548783377e+00
2.345717285864e+01,1.006374436645e+00
2.345917295865e+01,1.006199096881e+00
2.346117305865e+01,1.006022790256e+00
2.346317315866e+01,1.005845543125e+00
2.346517325866e+01,1.005667382028e+00
2.346717335867e+01,1.005488333679e+00
2.346917345867e+01,1.005308424972e+00
2.347117355868e+01,1.005127682973e+00
2.347317365868e+01,1.004946134915e+00
2.347517375869e+01,1.004763808199e+00
2.347717385869e+01,1.004580730387e+00
2.347917395870e+01,1.004396929201e+00
2.348117405870e+01,1.004212432517e+00
2.348317415871e+01,1.004027268365e+00
2.348517425871e+01,1.003841464922e+00
2.348717435872e+01,1.003655050509e+00
2.348917445872e+01,1.003468053589e+00
2.349117455873e+01,1.003280502762e+00
2.349317465873e+01,1.003092426761e+00
2.349517475874e+01,1.002903854449e+00
2.349717485874e+01,1.002714814814e+00
2.349917495875e+01,1.002525336967e+00
2.350117505875e+01,1.002335450133e+00
2.350317515876e+01,1.002145183656e+00
2.350517525876e+01,1.001954566986e+00
2.350717535877e+01,1.001763629678e+00
2.350917545877e+01,1.001572401391e+00
2.351117555878e+01,1.001380911877e+00
2.351317565878e+01,1.001189190984e+00
2.351517575879e+01,1.000997268645e+00
2.351717585879e+01,1.000805174880e+00
2.351917595880e+01,1.000612939786e+00
2.352117605880e+01,1.000420593536e+00
2.352317615881e+01,1.000228166374e+00
2.352517625881e+01,1.000035688607e+00
2.352717635882e+01,9.998431906065e-01
2.352917645882e+01,9.996507027985e-01
2.353117655883e+01,9.994582556610e-01
2.353317665883e+01,9.992658797189e-01
2.353517675884e+01,9.990736055395e-01
2.353717685884e+01,9.988814637270e-01
2.353917695885e+01,9.986894849181e-01
2.354117705885e+01,9.984976997769e-01
2.354317715886e+01,9.983061389899e-01
2.354517725886e+01,9.981148332609e-01
2.354717735887e+01,9.979238133062e-01
2.354917745887e+01,9.977331098493e-01
2.355117755888e+01,9.975427536157e-01
2.355317765888e+01,9.973527753279e-01
2.355517775889e+01,9.971632057000e-01
2.355717785889e+01,9.969740754326e-01
2.355917795890e+01,9.967854152072e-01
2.356117805890e+01,9.965972556812e-01
2.356317815891e+01,9.964096274824e-01
2.356517825891e+01,9.962225612034e-01
2.356717835892e+01,9.960360873962e-01
2.356917845892e+01,9.958502365675e-01
2.357117855893e+01,9.956650391726e-01
2.357317865893e+01,9.954805256099e-01
2.357517875894e+01,9.952967262153e-01
2.357717885894e+01,9.951136712567e-01
2.357917895895e+01,9.949313909286e-01
2.358117905895e+01,9.947499153463e-01
2.358317915896e+01,9.945692745402e-01
2.358517925896e+01,9.943894984503e-01
2.358717935897e+01,9.942106169206e-01
2.358917945897e+01,9.940326596930e-01
2.359117955898e+01,9.938556564022e-01
2.359317965898e+01,9.936796365693e-01
2.359517975899e+01,9.935046295968e-01
2.359717985899e+01,9.933306647623e-01
2.359917995900e+01,9.931577712129e-01
2.360118005900e+01,9.929859779595e-01
2.360318015901e+01,9.928153138710e-01
2.360518025901e+01,9.926458076685e-01
2.360718035902e+01,9.924774879195e-01
2.360918045902e+01,9.923103830323e-01
2.361118055903e+01,9.921445212499e-01
2.361318065903e+01,9.919799306443e-01
2.361518075904e+01,9.918166391108e-01
2.361718085904e+01,9.916546743622e-01
2.361918095905e+01,9.914940639233e-01
2.362118105905e+01,9.913348351248e-01
2.362318115906e+01,9.911770150977e-01
2.362518125906e+01,9.910206307674e-01
2.362718135907e+01,9.908657088483e-01
2.362918145907e+01,9.907122758376e-01
2.363118155908e+01,9.905603580102e-01
2.363318165908e+01,9.904099814126e-01
2.363518175909e+01,9.902611718576e-01
2.363718185909e+01,9.901139549182e-01
2.363918195910e+01,9.899683559227e-01
2.364118205910e+01,9.898243999484e-01
2.364318215911e+01,9.896821118166e-01
2.364518225911e+01,9.895415160868e-01
2.364718235912e+01,9.894026370513e-01
2.364918245912e+01,9.892654987298e-01
2.365118255913e+01,9.891301248642e-01
2.365318265913e+01,9.889965389128e-01
2.365518275914e+01,9.888647640453e-01
2.365718285914e+01,9.887348231374e-01
2.365918295915e+01,9.886067387660e-01
2.366118305915e+01,9.884805332032e-01
2.366318315916e+01,9.883562284121e-01
2.366518325916e+01,9.882338460413e-01
2.366718335917e+01,9.881134074198e-01
2.366918345917e+01,9.879949335520e-01
2.367118355918e+01,9.878784451128e-01
2.367318365918e+01,9.877639624431e-01
2.367518375919e+01,9.876515055448e-01
2.367718385919e+01,9.875410940760e-01
2.367918395920e+01,9.874327473465e-01
2.368118405920e+01,9.873264843130e-01
2.368318415921e+01,9.872223235750e-01
2.368518425921e+01,9.871202833702e-01
2.368718435922e+01,9.870203815699e-01
2.368918445922e+01,9.869226356749e-01
2.369118455923e+01,9.868270628115e-01
2.369318465923e+01,9.867336797268e-01
2.369518475924e+01,9.866425027853e-01
2.369718485924e+01,9.865535479644e-01
2.369918495925e+01,9.864668308509e-01
2.370118505925e+01,9.863823666368e-01
2.370318515926e+01,9.863001701162e-01
2.370518525926e+01,9.862202556812e-01
2.370718535927e+01,9.861426373185e-01
2.370918545927e+01,9.860673286062e-01
2.371118555928e+01,9.859943427105e-01
2.371318565928e+01,9.859236923823e-01
2.371518575929e+01,9.858553899538e-01
2.371718585929e+01,9.857894473354e-01
2.371918595930e+01,9.857258760133e-01
2.372118605930e+01,9.856646870463e-01
2.372318615931e+01,9.856058910633e-01
2.372518625931e+01,9.855494982605e-01
2.372718635932e+01,9.854955183991e-01
2.372918645932e+01,9.854439608024e-01
2.373118655933e+01,9.853948343542e-01
2.373318665933e+01,9.853481474961e-01
2.373518675934e+01,9.853039082256e-01
2.373718685934e+01,9.852621240939e-01
2.373918695935e+01,9.852228022045e-01
2.374118705935e+01,9.851859492109e-01
2.374318715936e+01,9.851515713151e-01
2.374518725936e+01,9.851196742665e-01
2.374718735937e+01,9.850902633599e-01
2.374918745937e+01,9.850633434347e-01
2.375118755938e+01,9.850389188734e-01
2.375318765938e+01,9.850169936010e-01
2.375518775939e+01,9.849975710836e-01
2.375718785939e+01,9.849806543283e-01
2.375918795940e+01,9.849662458818e-01
2.376118805940e+01,9.849543478291e-01
2.376318815941e+01,9.849449617947e-01
2.376518825941e+01,9.849380889412e-01
2.376718835942e+01,9.849337299693e-01
2.376918845942e+01,9.849318851180e-01
2.377118855943e+01,9.849325541642e-01
2.377318865943e+01,9.849357364231e-01
2.377518875944e+01,9.849414307485e-01
2.377718885944e+01,9.849496355329e-01
2.377918895945e+01,9.849603487085e-01
2.378118905945e+01,9.849735677472e-01
2.378318915946e+01,9.849892896616e-01
2.378518925946e+01,9.850075110061e-01
2.378718935947e+01,9.850282278773e-01
2.378918945947e+01,9.850514359158e-01
2.379118955948e+01,9.850771303065e-01
2.379318965948e+01,9.851053057810e-01
2.379518975949e+01,9.851359566183e-01
2.379718985949e+01,9.851690766465e-01
2.379918995950e+01,9.852046592450e-01
2.380119005950e+01,9.852426973460e-01
2.380319015951e+01,9.852831834361e-01
2.380519025951e+01,9.853261095578e-01
2.380719035952e+01,9.853714673129e-01
2.380919045952e+01,9.854192478638e-01
2.381119055953e+01,9.854694419362e-01
2.381319065953e+01,9.855220398215e-01
2.381519075954e+01,9.855770313793e-01
2.381719085954e+01,9.856344060403e-01
2.381919095955e+01,9.856941528086e-01
2.382119105955e+01,9.857562602653e-01
2.382319115956e+01,9.858207165707e-01
2.382519125956e+01,9.858875094678e-01
2.382719135957e+01,9.859566262854e-01
2.382919145957e+01,9.860280539413e-01
2.383119155958e+01,9.861017789454e-01
2.383319165958e+01,9.861777874038e-01
2.383519175959e+01,9.862560650215e-01
2.383719185959e+01,9.863365971066e-01
2.383919195960e+01,9.864193685741e-01
2.384119205960e+01,9.865043639492e-01
2.384319215961e+01,9.865915673718e-01
2.384519225961e+01,9.866809626001e-01
2.384719235962e+01,9.867725330151e-01
2.384919245962e+01,9.868662616247e-01
2.385119255963e+01,9.869621310679e-01
2.385319265963e+01,9.870601236191e-01
2.385519275964e+01,9.871602211907e-01
2.385719285964e+01,9.872624053398e-01
2.385919295965e+01,9.873666572724e-01
2.386119305965e+01,9.874729578474e-01
2.386319315966e+01,9.875812875813e-01
2.386519325966e+01,9.876916266535e-01
2.386719335967e+01,9.878039549106e-01
2.386919345967e+01,9.879182518712e-01
2.387119355968e+01,9.880344967313e-01
2.387319365968e+01,9.881526683687e-01
2.387519375969e+01,9.882727453483e-01
2.387719385969e+01,9.883947059274e-01
2.387919395970e+01,9.885185280603e-01
2.388119405970e+01,9.886441894037e-01
2.388319415971e+01,9.887716673221e-01
2.388519425971e+01,9.889009388928e-01
2.388719435972e+01,9.890319809116e-01
2.388919445972e+01,9.891647698974e-01
2.389119455973e+01,9.892992820986e-01
2.389319465973e+01,9.894354934977e-01
2.389519475974e+01,9.895733798173e-01
2.389719485974e+01,9.897129165255e-01
2.389919495975e+01,9.898540788414e-01
2.390119505975e+01,9.899968417408e-01
2.390319515976e+01,9.901411799613e-01
2.390519525976e+01,9.902870680077e-01
2.390719535977e+01,9.904344801586e-01
2.390919545977e+01,9.905833904714e-01
2.391119555978e+01,9.907337727884e-01
2.391319565978e+01,9.908856007421e-01
2.391519575979e+01,9.910388477610e-01
2.391719585979e+01,9.911934870753e-01
2.391919595980e+01,9.913494917231e-01
2.392119605980e+01,9.915068345553e-01
2.392319615981e+01,9.916654882420e-01
2.392519625981e+01,9.918254252780e-01
2.392719635982e+01,9.919866179887e-01
2.392919645982e+01,9.921490385356e-01
2.393119655983e+01,9.923126589224e-01
2.393319665983e+01,9.924774510004e-01
2.393519675984e+01,9.926433864746e-01
2.393719685984e+01,9.928104369093e-01
2.393919695985e+01,9.929785737337e-01
2.394119705985e+01,9.931477682479e-01
2.394319715986e+01,9.933179916286e-01
2.394519725986e+01,9.934892149346e-01
2.394719735987e+01,9.936614091128e-01
2.394919745987e+01,9.938345450035e-01
2.395119755988e+01,9.940085933466e-01
2.395319765988e+01,9.941835247867e-01
2.395519775989e+01,9.943593098792e-01
2.395719785989e+01,9.945359190957e-01
2.395919795990e+01,9.947133228295e-01
2.396119805990e+01,9.948914914015e-01
2.396319815991e+01,9.950703950655e-01
2.396519825991e+01,9.952500040137e-01
2.396719835992e+01,9.954302883826e-01
2.396919845992e+01,9.956112182577e-01
2.397119855993e+01,9.957927636799e-01
2.397319865993e+01,9.959748946500e-01
2.397519875994e+01,9.961575811348e-01
2.397719885994e+01,9.963407930721e-01
2.397919895995e+01,9.965245003762e-01
2.398119905995e+01,9.967086729429e-01
2.398319915996e+01,9.968932806551e-01
2.398519925996e+01,9.970782933877e-01
2.398719935997e+01,9.972636810132e-01
2.398919945997e+01,9.974494134062e-01
2.399119955998e+01,9.976354604491e-01
2.399319965998e+01,9.978217920368e-01
2.399519975999e+01,9.980083780817e-01
2.399719985999e+01,9.981951885189e-01
2.399919996000e+01,9.983821933113e-01
2.400120006000e+01,9.985693624541e-01
2.400320016001e+01,9.987566659799e-01
2.400520026001e+01,9.989440739631e-01
2.400720036002e+01,9.991315565255e-01
2.400920046002e+01,9.993190838401e-01
2.401120056003e+01,9.995066261362e-01
2.401320066003e+01,9.996941537043e-01
2.401520076004e+01,9.998816368999e-01
2.401720086004e+01,1.000069046149e+00
2.401920096005e+01,1.000256351951e+00
2.402120106005e+01,1.000443524887e+00
2.402320116006e+01,1.000630535617e+00
2.402520126006e+01,1.000817354893e+00
2.402720136007e+01,1.001003953557e+00
2.402920146007e+01,1.001190302546e+00
2.403120156008e+01,1.001376372901e+00
2.403320166008e+01,1.001562135763e+00
2.403520176009e+01,1.001747562385e+00
2.403720186009e+01,1.001932624133e+00
2.403920196010e+01,1.002117292486e+00
2.404120206010e+01,1.002301539048e+00
2.404320216011e+01,1.002485335543e+00
2.404520226011e+01,1.002668653828e+00
2.404720236012e+01,1.002851465889e+00
2.404920246012e+01,1.003033743848e+00
2.405120256013e+01,1.003215459968e+00
2.405320266013e+01,1.003396586656e+00
2.405520276014e+01,1.003577096462e+00
2.405720286014e+01,1.003756962091e+00
2.405920296015e+01,1.003936156398e+00
2.406120306015e+01,1.004114652398e+00
2.406320316016e+01,1.004292423265e+00
2.406520326016e+01,1.004469442339e+00
2.406720336017e+01,1.004645683123e+00
2.406920346017e+01,1.004821119296e+00
2.407120356018e+01,1.004995724707e+00
2.407320366018e+01,1.005169473383e+00
2.407520376019e+01,1.005342339532e+00
2.407720386019e+01,1.005514297542e+00
2.407920396020e+01,1.005685321990e+00
2.408120406020e+01,1.005855387641e+00
2.408320416021e+01,1.006024469451e+00
2.408520426021e+01,1.006192542573e+00
2.408720436022e+01,1.006359582354e+00
2.408920446022e+01,1.006525564344e+00
2.409120456023e+01,1.006690464294e+00
2.409320466023e+01,1.006854258162e+00
2.409520476024e+01,1.007016922114e+00
2.409720486024e+01,1.007178432525e+00
2.409920496025e+01,1.007338765985e+00
2.410120506025e+01,1.007497899299e+00
2.410320516026e+01,1.007655809492e+00
2.410520526026e+01,1.007812473806e+00
2.410720536027e+01,1.007967869709e+00
2.410920546027e+01,1.008121974893e+00
2.411120556028e+01,1.008274767276e+00
2.411320566028e+01,1.008426225009e+00
2.411520576029e+01,1.008576326471e+00
2.411720586029e+01,1.008725050277e+00
2.411920596030e+01,1.008872375277e+00
2.412120606030e+01,1.009018280561e+00
2.412320616031e+01,1.009162745456e+00
2.412520626031e+01,1.009305749533e+00
2.412720636032e+01,1.009447272605e+00
2.412920646032e+01,1.009587294733e+00
2.413120656033e+01,1.009725796225e+00
2.413320666033e+01,1.009862757637e+00
2.413520676034e+01,1.009998159776e+00
2.413720686034e+01,1.010131983704e+00
2.413920696035e+01,1.010264210735e+00
2.414120706035e+01,1.010394822441e+00
2.414320716036e+01,1.010523800651e+00
2.414520726036e+01,1.010651127452e+00
2.414720736037e+01,1.010776785193e+00
2.414920746037e+01,1.010900756485e+00
2.415120756038e+01,1.011023024203e+00
2.415320766038e+01,1.011143571487e+00
2.415520776039e+01,1.011262381744e+00
2.415720786039e+01,1.011379438648e+00
2.415920796040e+01,1.011494726143e+00
2.416120806040e+01,1.011608228443e+00
2.416320816041e+01,1.011719930033e+00
2.416520826041e+01,1.011829815672e+00
2.416720836042e+01,1.011937870393e+00
2.416920846042e+01,1.012044079505e+00
2.417120856043e+01,1.012148428592e+00
2.417320866043e+01,1.012250903515e+00
2.417520876044e+01,1.012351490416e+00
2.417720886044e+01,1.012450175715e+00
2.417920896045e+01,1.012546946112e+00
2.418120906045e+01,1.012641788591e+00
2.418320916046e+01,1.012734690416e+00
2.418520926046e+01,1.012825639135e+00
2.418720936047e+01,1.012914622581e+00
2.418920946047e+01,1.013001628872e+00
2.419120956048e+01,1.013086646412e+00
2.419320966048e+01,1.013169663891e+00
2.419520976049e+01,1.013250670288e+00
2.419720986049e+01,1.013329654868e+00
2.419920996050e+01,1.013406607188e+00
2.420121006050e+01,1.013481517093e+00
2.420321016051e+01,1.013554374718e+00
2.420521026051e+01,1.013625170490e+00
2.420721036052e+01,1.013693895128e+00
2.420921046052e+01,1.013760539643e+00
2.421121056053e+01,1.013825095338e+00
2.421321066053e+01,1.013887553809e+00
2.421521076054e+01,1.013947906949e+00
2.421721086054e+01,1.014006146941e+00
2.421921096055e+01,1.014062266267e+00
2.422121106055e+01,1.014116257702e+00
2.422321116056e+01,1.014168114316e+00
2.422521126056e+01,1.014217829479e+00
2.422721136057e+01,1.014265396853e+00
2.422921146057e+01,1.014310810400e+00
2.423121156058e+01,1.014354064377e+00
2.423321166058e+01,1.014395153342e+00
2.423521176059e+01,1.014434072148e+00
2.423721186059e+01,1.014470815946e+00
2.423921196060e+01,1.014505380187e+00
2.424121206060e+01,1.014537760620e+00
2.424321216061e+01,1.014567953292e+00
2.424521226061e+01,1.014595954552e+00
2.424721236062e+01,1.014621761044e+00
2.424921246062e+01,1.014645369714e+00
2.425121256063e+01,1.014666777807e+00
2.425321266063e+01,1.014685982868e+00
2.425521276064e+01,1.014702982741e+00
2.425721286064e+01,1.014717775570e+00
2.425921296065e+01,1.014730359799e+00
2.426121306065e+01,1.014740734171e+00
2.426321316066e+01,1.014748897731e+00
2.426521326066e+01,1.014754849821e+00
2.426721336067e+01,1.014758590085e+00
2.426921346067e+01,1.014760118466e+00
2.427121356068e+01,1.014759435205e+00
2.427321366068e+01,1.014756540846e+00
2.427521376069e+01,1.014751436230e+00
2.427721386069e+01,1.014744122497e+00
2.427921396070e+01,1.014734601088e+00
2.428121406070e+01,1.014722873743e+00
2.428321416071e+01,1.014708942498e+00
2.428521426071e+01,1.014692809691e+00
2.428721436072e+01,1.014674477956e+00
2.428921446072e+01,1.014653950228e+00
2.429121456073e+01,1.014631229735e+00
2.429321466073e+01,1.014606320008e+00
2.429521476074e+01,1.014579224871e+00
2.429721486074e+01,1.014549948446e+00
2.429921496075e+01,1.014518495154e+00
2.430121506075e+01,1.014484869709e+00
2.430321516076e+01,1.014449077123e+00
2.430521526076e+01,1.014411122701e+00
2.430721536077e+01,1.014371012046e+00
2.430921546077e+01,1.014328751053e+00
2.431121556078e+01,1.014284345911e+00
2.431321566078e+01,1.014237803104e+00
2.431521576079e+01,1.014189129407e+00
2.431721586079e+01,1.014138331891e+00
2.431921596080e+01,1.014085417914e+00
2.432121606080e+01,1.014030395129e+00
2.432321616081e+01,1.013973271477e+00
2.432521626081e+01,1.013914055191e+00
2.432721636082e+01,1.013852754793e+00
2.432921646082e+01,1.013789379093e+00
2.433121656083e+01,1.013723937188e+00
2.433321666083e+01,1.013656438464e+00
2.433521676084e+01,1.013586892594e+00
2.433721686084e+01,1.013515309533e+00
2.433921696085e+01,1.013441699526e+00
2.434121706085e+01,1.013366073098e+00
2.434321716086e+01,1.013288441059e+00
2.434521726086e+01,1.013208814501e+00
2.434721736087e+01,1.013127204796e+00
2.434921746087e+01,1.013043623599e+00
2.435121756088e+01,1.012958082843e+00
2.435321766088e+01,1.012870594740e+00
2.435521776089e+01,1.012781171780e+00
2.435721786089e+01,1.012689826728e+00
2.435921796090e+01,1.012596572625e+00
2.436121806090e+01,1.012501422788e+00
2.436321816091e+01,1.012404390805e+00
2.436521826091e+01,1.012305490538e+00
2.436721836092e+01,1.012204736117e+00
2.436921846092e+01,1.012102141946e+00
2.437121856093e+01,1.011997722693e+00
2.437321866093e+01,1.011891493296e+00
2.437521876094e+01,1.011783468959e+00
2.437721886094e+01,1.011673665148e+00
2.437921896095e+01,1.011562097596e+00
2.438121906095e+01,1.011448782295e+00
2.438321916096e+01,1.011333735498e+00
2.438521926096e+01,1.011216973717e+00
2.438721936097e+01,1.011098513723e+00
2.438921946097e+01,1.010978372540e+00
2.439121956098e+01,1.010856567449e+00
2.439321966098e+01,1.010733115984e+00
2.439521976099e+01,1.010608035927e+00
2.439721986099e+01,1.010481345312e+00
2.439921996100e+01,1.010353062421e+00
2.440122006100e+01,1.010223205783e+00
2.440322016101e+01,1.010091794168e+00
2.440522026101e+01,1.009958846592e+00
2.440722036102e+01,1.009824382310e+00
2.440922046102e+01,1.009688420816e+00
2.441122056103e+01,1.009550981843e+00
2.441322066103e+01,1.009412085357e+00
2.441522076104e+01,1.009271751556e+00
2.441722086104e+01,1.009130000873e+00
2.441922096105e+01,1.008986853966e+00
2.442122106105e+01,1.008842331722e+00
2.442322116106e+01,1.008696455252e+00
2.442522126106e+01,1.008549245892e+00
2.442722136107e+01,1.008400725194e+00
2.442922146107e+01,1.008250914933e+00
2.443122156108e+01,1.008099837096e+00
2.443322166108e+01,1.007947513885e+00
2.443522176109e+01,1.007793967715e+00
2.443722186109e+01,1.007639221207e+00
2.443922196110e+01,1.007483297189e+00
2.444122206110e+01,1.007326218694e+00
2.444322216111e+01,1.007168008955e+00
2.444522226111e+01,1.007008691404e+00
2.444722236112e+01,1.006848289669e+00
2.444922246112e+01,1.006686827572e+00
2.445122256113e+01,1.006524329125e+00
2.445322266113e+01,1.006360818528e+00
2.445522276114e+01,1.006196320167e+00
2.445722286114e+01,1.006030858609e+00
2.445922296115e+01,1.005864458601e+00
2.446122306115e+01,1.005697145067e+00
2.446322316116e+01,1.005528943102e+00
2.446522326116e+01,1.005359877976e+00
2.446722336117e+01,1.005189975121e+00
2.446922346117e+01,1.005019260138e+00
2.447122356118e+01,1.004847758786e+00
2.447322366118e+01,1.004675496983e+00
2.447522376119e+01,1.004502500802e+00
2.447722386119e+01,1.004328796466e+00
2.447922396120e+01,1.004154410349e+00
2.448122406120e+01,1.003979368965e+00
2.448322416121e+01,1.003803698974e+00
2.448522426121e+01,1.003627427171e+00
2.448722436122e+01,1.003450580486e+00
2.448922446122e+01,1.003273185978e+00
2.449122456123e+01,1.003095270836e+00
2.449322466123e+01,1.002916862369e+00
2.449522476124e+01,1.002737988009e+00
2.449722486124e+01,1.002558675300e+00
2.449922496125e+01,1.002378951902e+00
2.450122506125e+01,1.002198845581e+00
2.450322516126e+01,1.002018384207e+00
2.450522526126e+01,1.001837595752e+00
2.450722536127e+01,1.001656508284e+00
2.450922546127e+01,1.001475149962e+00
2.451122556128e+01,1.001293549035e+00
2.451322566128e+01,1.001111733836e+00
2.451522576129e+01,1.000929732776e+00
2.451722586129e+01,1.000747574344e+00
2.451922596130e+01,1.000565287101e+00
2.452122606130e+01,1.000382899673e+00
2.452322616131e+01,1.000200440752e+00
2.452522626131e+01,1.000017939085e+00
2.452722636132e+01,9.998354234760e-01
2.452922646132e+01,9.996529227781e-01
2.453122656133e+01,9.994704658892e-01
2.453322666133e+01,9.992880817483e-01
2.453522676134e+01,9.991057993304e-01
2.453722686134e+01,9.989236476421e-01
2.453922696135e+01,9.987416557168e-01
2.454122706135e+01,9.985598526100e-01
2.454322716136e+01,9.983782673947e-01
2.454522726136e+01,9.981969291562e-01
2.454722736137e+01,9.980158669880e-01
2.454922746137e+01,9.978351099869e-01
2.455122756138e+01,9.976546872477e-01
2.455322766138e+01,9.974746278584e-01
2.455522776139e+01,9.972949608954e-01
2.455722786139e+01,9.971157154186e-01
2.455922796140e+01,9.969369204660e-01
2.456122806140e+01,9.967586050491e-01
2.456322816141e+01,9.965807981478e-01
2.456522826141e+01,9.964035287049e-01
2.456722836142e+01,9.962268256215e-01
2.456922846142e+01,9.960507177516e-01
2.457122856143e+01,9.958752338970e-01
2.457322866143e+01,9.957004028020e-01
2.457522876144e+01,9.955262531484e-01
2.457722886144e+01,9.953528135501e-01
2.457922896145e+01,9.951801125481e-01
2.458122906145e+01,9.950081786048e-01
2.458322916146e+01,9.948370400992e-01
2.458522926146e+01,9.946667253212e-01
2.458722936147e+01,9.944972624663e-01
2.458922946147e+01,9.943286796307e-01
2.459122956148e+01,9.941610048054e-01
2.459322966148e+01,9.939942658710e-01
2.459522976149e+01,9.938284905924e-01
2.459722986149e+01,9.936637066134e-01
2.459922996150e+01,9.934999414517e-01
2.460123006150e+01,9.933372224930e-01
2.460323016151e+01,9.931755769856e-01
2.460523026151e+01,9.930150320353e-01
2.460723036152e+01,9.928556145999e-01
2.460923046152e+01,9.926973514836e-01
2.461123056153e+01,9.925402693320e-01
2.461323066153e+01,9.923843946262e-01
2.461523076154e+01,9.922297536780e-01
2.461723086154e+01,9.920763726238e-01
2.461923096155e+01,9.919242774201e-01
2.462123106155e+01,9.917734938374e-01
2.462323116156e+01,9.916240474551e-01
2.462523126156e+01,9.914759636563e-01
2.462723136157e+01,9.913292676222e-01
2.462923146157e+01,9.911839843272e-01
2.463123156158e+01,9.910401385331e-01
2.463323166158e+01,9.908977547843e-01
2.463523176159e+01,9.907568574023e-01
2.463723186159e+01,9.906174704805e-01
2.463923196160e+01,9.904796178791e-01
2.464123206160e+01,9.903433232198e-01
2.464323216161e+01,9.902086098811e-01
2.464523226161e+01,9.900755009923e-01
2.464723236162e+01,9.899440194295e-01
2.464923246162e+01,9.898141878097e-01
2.465123256163e+01,9.896860284862e-01
2.465323266163e+01,9.895595635437e-01
2.465523276164e+01,9.894348147931e-01
2.465723286164e+01,9.893118037668e-01
2.465923296165e+01,9.891905517140e-01
2.466123306165e+01,9.890710795955e-01
2.466323316166e+01,9.889534080796e-01
2.466523326166e+01,9.888375575367e-01
2.466723336167e+01,9.887235480352e-01
2.466923346167e+01,9.886113993368e-01
2.467123356168e+01,9.885011308916e-01
2.467323366168e+01,9.883927618341e-01
2.467523376169e+01,9.882863109786e-01
2.467723386169e+01,9.881817968147e-01
2.467923396170e+01,9.880792375032e-01
2.468123406170e+01,9.879786508719e-01
2.468323416171e+01,9.878800544111e-01
2.468523426171e+01,9.877834652701e-01
2.468723436172e+01,9.876889002526e-01
2.468923446172e+01,9.875963758133e-01
2.469123456173e+01,9.875059080535e-01
2.469323466173e+01,9.874175127180e-01
2.469523476174e+01,9.873312051907e-01
2.469723486174e+01,9.872470004907e-01
2.469923496175e+01,9.871649132694e-01
2.470123506175e+01,9.870849578067e-01
2.470323516176e+01,9.870071480079e-01
2.470523526176e+01,9.869314973998e-01
2.470723536177e+01,9.868580191281e-01
2.470923546177e+01,9.867867259537e-01
2.471123556178e+01,9.867176302501e-01
2.471323566178e+01,9.866507440002e-01
2.471523576179e+01,9.865860787934e-01
2.471723586179e+01,9.865236458226e-01
2.471923596180e+01,9.864634558822e-01
2.472123606180e+01,9.864055193644e-01
2.472323616181e+01,9.863498462578e-01
2.472523626181e+01,9.862964461439e-01
2.472723636182e+01,9.862453281959e-01
2.472923646182e+01,9.861965011756e-01
2.473123656183e+01,9.861499734316e-01
2.473323666183e+01,9.861057528974e-01
2.473523676184e+01,9.860638470896e-01
2.473723686184e+01,9.860242631058e-01
2.473923696185e+01,9.859870076234e-01
2.474123706185e+01,9.859520868971e-01
2.474323716186e+01,9.859195067578e-01
2.474523726186e+01,9.858892726111e-01
2.474723736187e+01,9.858613894366e-01
2.474923746187e+01,9.858358617859e-01
2.475123756188e+01,9.858126937823e-01
2.475323766188e+01,9.857918891191e-01
2.475523776189e+01,9.857734510594e-01
2.475723786189e+01,9.857573824350e-01
2.475923796190e+01,9.857436856458e-01
2.476123806190e+01,9.857323626592e-01
2.476323816191e+01,9.857234150099e-01
2.476523826191e+01,9.857168437994e-01
2.476723836192e+01,9.857126496957e-01
2.476923846192e+01,9.857108329334e-01
2.477123856193e+01,9.857113933137e-01
2.477323866193e+01,9.857143302043e-01
2.477523876194e+01,9.857196425399e-01
2.477723886194e+01,9.857273288226e-01
2.477923896195e+01,9.857373871221e-01
2.478123906195e+01,9.857498150768e-01
2.478323916196e+01,9.857646098940e-01
2.478523926196e+01,9.857817683512e-01
2.478723936197e+01,9.858012867957e-01
2.478923946197e+01,9.858231611466e-01
2.479123956198e+01,9.858473868962e-01
2.479323966198e+01,9.858739591105e-01
2.479523976199e+01,9.859028724309e-01
2.479723986199e+01,9.859341210755e-01
2.479923996200e+01,9.859676988410e-01
2.480124006200e+01,9.860035991038e-01
2.480324016201e+01,9.860418148220e-01
2.480524026201e+01,9.860823385374e-01
2.480724036202e+01,9.861251623772e-01
2.480924046202e+01,9.861702780561e-01
2.481124056203e+01,9.862176768785e-01
2.481324066203e+01,9.862673497406e-01
2.481524076204e+01,9.863192871330e-01
2.481724086204e+01,9.863734791429e-01
2.481924096205e+01,9.864299154568e-01
2.482124106205e+01,9.864885853631e-01
2.482324116206e+01,9.865494777550e-01
2.482524126206e+01,9.866125811331e-01
2.482724136207e+01,9.866778836088e-01
2.482924146207e+01,9.867453729066e-01
2.483124156208e+01,9.868150363670e-01
2.483324166208e+01,9.868868609506e-01
2.483524176209e+01,9.869608332409e-01
2.483724186209e+01,9.870369394475e-01
2.483924196210e+01,9.871151654097e-01
2.484124206210e+01,9.871954966002e-01
2.484324216211e+01,9.872779181283e-01
2.484524226211e+01,9.873624147441e-01
2.484724236212e+01,9.874489708418e-01
2.484924246212e+01,9.875375704636e-01
2.485124256213e+01,9.876281973038e-01
2.485324266213e+01,9.877208347126e-01
2.485524276214e+01,9.878154657002e-01
2.485724286214e+01,9.879120729407e-01
2.485924296215e+01,9.880106387766e-01
2.486124306215e+01,9.881111452227e-01
2.486324316216e+01,9.882135739705e-01
2.486524326216e+01,9.883179063930e-01
2.486724336217e+01,9.884241235483e-01
2.486924346217e+01,9.885322061848e-01
2.487124356218e+01,9.886421347457e-01
2.487324366218e+01,9.887538893732e-01
2.487524376219e+01,9.888674499137e-01
2.487724386219e+01,9.889827959225e-01
2.487924396220e+01,9.890999066678e-01
2.488124406220e+01,9.892187611351e-01
2.488324416221e+01,9.893393380333e-01
2.488524426221e+01,9.894616157993e-01
2.488724436222e+01,9.895855726025e-01
2.488924446222e+01,9.897111863501e-01
2.489124456223e+01,9.898384346918e-01
2.489324466223e+01,9.899672950251e-01
2.489524476224e+01,9.900977445005e-01
2.489724486224e+01,9.902297600260e-01
2.489924496225e+01,9.903633182729e-01
2.490124506225e+01,9.904983956806e-01
2.490324516226e+01,9.906349684617e-01
2.490524526226e+01,9.907730126077e-01
2.490724536227e+01,9.909125038934e-01
2.490924546227e+01,9.910534178830e-01
2.491124556228e+01,9.911957299350e-01
2.491324566228e+01,9.913394152074e-01
2.491524576229e+01,9.914844486631e-01
2.491724586229e+01,9.916308050753e-01
2.491924596230e+01,9.917784590329e-01
2.492124606230e+01,9.919273849456e-01
2.492324616231e+01,9.920775570497e-01
2.492524626231e+01,9.922289494129e-01
2.492724636232e+01,9.923815359402e-01
2.492924646232e+01,9.925352903785e-01
2.493124656233e+01,9.926901863229e-01
2.493324666233e+01,9.928461972213e-01
2.493524676234e+01,9.930032963805e-01
2.493724686234e+01,9.931614569709e-01
2.493924696235e+01,9.933206520325e-01
2.494124706235e+01,9.934808544796e-01
2.494324716236e+01,9.936420371069e-01
2.494524726236e+01,9.938041725940e-01
2.494724736237e+01,9.939672335115e-01
2.494924746237e+01,9.941311923261e-01
2.495124756238e+01,9.942960214055e-01
2.495324766238e+01,9.944616930244e-01
2.495524776239e+01,9.946281793692e-01
2.495724786239e+01,9.947954525437e-01
2.495924796240e+01,9.949634845741e-01
2.496124806240e+01,9.951322474143e-01
2.496324816241e+01,9.953017129511e-01
2.496524826241e+01,9.954718530096e-01
2.496724836242e+01,9.956426393580e-01
2.496924846242e+01,9.958140437131e-01
2.497124856243e+01,9.959860377450e-01
2.497324866243e+01,9.961585930827e-01
2.497524876244e+01,9.963316813190e-01
2.497724886244e+01,9.965052740154e-01
2.497924896245e+01,9.966793427071e-01
2.498124906245e+01,9.968538589083e-01
2.498324916246e+01,9.970287941169e-01
2.498524926246e+01,9.972041198194e-01
2.498724936247e+01,9.973798074960e-01
2.498924946247e+01,9.975558286252e-01
2.499124956248e+01,9.977321546888e-01
2.499324966248e+01,9.979087571767e-01
2.499524976249e+01,9.980856075915e-01
2.499724986249e+01,9.982626774533e-01
2.499924996250e+01,9.984399383045e-01
2.500125006250e+01,9.986173617143e-01
2.500325016251e+01,9.987949192832e-01
2.500525026251e+01,9.989725826481e-01
2.500725036252e+01,9.991503234860e-01
2.500925046252e+01,9.993281135192e-01
2.501125056253e+01,9.995059245195e-01
2.501325066253e+01,9.996837283125e-01
2.501525076254e+01,9.998614967819e-01
2.501725086254e+01,1.000039201874e+00
2.501925096255e+01,1.000216815602e+00
2.502125106255e+01,1.000394310051e+00
2.502325116256e+01,1.000571657378e+00
2.502525126256e+01,1.000748829824e+00
2.502725136257e+01,1.000925799710e+00
2.502925146257e+01,1.001102539447e+00
2.503125156258e+01,1.001279021536e+00
2.503325166258e+01,1.001455218573e+00
2.503525176259e+01,1.001631103256e+00
2.503725186259e+01,1.001806648385e+00
2.503925196260e+01,1.001981826865e+00
2.504125206260e+01,1.002156611715e+00
2.504325216261e+01,1.002330976068e+00
2.504525226261e+01,1.002504893175e+00
2.504725236262e+01,1.002678336408e+00
2.504925246262e+01,1.002851279265e+00
2.505125256263e+01,1.003023695376e+00
2.505325266263e+01,1.003195558499e+00
2.505525276264e+01,1.003366842532e+00
2.505725286264e+01,1.003537521511e+00
2.505925296265e+01,1.003707569615e+00
2.506125306265e+01,1.003876961170e+00
2.506325316266e+01,1.004045670650e+00
2.506525326266e+01,1.004213672683e+00
2.506725336267e+01,1.004380942053e+00
2.506925346267e+01,1.004547453702e+00
2.507125356268e+01,1.004713182735e+00
2.507325366268e+01,1.004878104422e+00
2.507525376269e+01,1.005042194201e+00
2.507725386269e+01,1.005205427681e+00
2.507925396270e+01,1.005367780646e+00
2.508125406270e+01,1.005529229056e+00
2.508325416271e+01,1.005689749051e+00
2.508525426271e+01,1.005849316954e+00
2.508725436272e+01,1.006007909274e+00
2.508925446272e+01,1.006165502704e+00
2.509125456273e+01,1.006322074133e+00
2.509325466273e+01,1.006477600639e+00
2.509525476274e+01,1.006632059498e+00
2.509725486274e+01,1.006785428182e+00
2.509925496275e+01,1.006937684367e+00
2.510125506275e+01,1.007088805928e+00
2.510325516276e+01,1.007238770950e+00
2.510525526276e+01,1.007387557721e+00
2.510725536277e+01,1.007535144744e+00
2.510925546277e+01,1.007681510730e+00
2.511125556278e+01,1.007826634607e+00
2.511325566278e+01,1.007970495520e+00
2.511525576279e+01,1.008113072832e+00
2.511725586279e+01,1.008254346126e+00
2.511925596280e+01,1.008394295210e+00
2.512125606280e+01,1.008532900115e+00
2.512325616281e+01,1.008670141100e+00
2.512525626281e+01,1.008805998654e+00
2.512725636282e+01,1.008940453494e+00
2.512925646282e+01,1.009073486573e+00
2.513125656283e+01,1.009205079076e+00
2.513325666283e+01,1.009335212424e+00
2.513525676284e+01,1.009463868278e+00
2.513725686284e+01,1.009591028538e+00
2.513925696285e+01,1.009716675344e+00
2.514125706285e+01,1.009840791081e+00
2.514325716286e+01,1.009963358376e+00
2.514525726286e+01,1.010084360105e+00
2.514725736287e+01,1.010203779389e+00
2.514925746287e+01,1.010321599600e+00
2.515125756288e+01,1.010437804360e+00
2.515325766288e+01,1.010552377543e+00
2.515525776289e+01,1.010665303276e+00
2.515725786289e+01,1.010776565941e+00
2.515925796290e+01,1.010886150177e+00
2.516125806290e+01,1.010994040879e+00
2.516325816291e+01,1.011100223201e+00
2.516525826291e+01,1.011204682558e+00
2.516725836292e+01,1.011307404623e+00
2.516925846292e+01,1.011408375336e+00
2.517125856293e+01,1.011507580895e+00
2.517325866293e+01,1.011605007766e+00
2.517525876294e+01,1.011700642679e+00
2.517725886294e+01,1.011794472631e+00
2.517925896295e+01,1.011886484887e+00
2.518125906295e+01,1.011976666980e+00
2.518325916296e+01,1.012065006713e+00
2.518525926296e+01,1.012151492157e+00
2.518725936297e+01,1.012236111659e+00
2.518925946297e+01,1.012318853834e+00
2.519125956298e+01,1.012399707572e+00
2.519325966298e+01,1.012478662036e+00
2.519525976299e+01,1.012555706664e+00
2.519725986299e+01,1.012630831169e+00
2.519925996300e+01,1.012704025542e+00
2.520126006300e+01,1.012775280048e+00
2.520326016301e+01,1.012844585232e+00
2.520526026301e+01,1.012911931915e+00
2.520726036302e+01,1.012977311199e+00
2.520926046302e+01,1.013040714464e+00
2.521126056303e+01,1.013102133370e+00
2.521326066303e+01,1.013161559860e+00
2.521526076304e+01,1.013218986154e+00
2.521726086304e+01,1.013274404757e+00
2.521926096305e+01,1.013327808454e+00
2.522126106305e+01,1.013379190315e+00
2.522326116306e+01,1.013428543691e+00
2.522526126306e+01,1.013475862217e+00
2.522726136307e+01,1.013521139811e+00
2.522926146307e+01,1.013564370678e+00
2.523126156308e+01,1.013605549305e+00
2.523326166308e+01,1.013644670464e+00
2.523526176309e+01,1.013681729215e+00
2.523726186309e+01,1.013716720900e+00
2.523926196310e+01,1.013749641149e+00
2.524126206310e+01,1.013780485877e+00
2.524326216311e+01,1.013809251285e+00
2.524526226311e+01,1.013835933863e+00
2.524726236312e+01,1.013860530384e+00
2.524926246312e+01,1.013883037910e+00
2.525126256313e+01,1.013903453790e+00
2.525326266313e+01,1.013921775659e+00
2.525526276314e+01,1.013938001440e+00
2.525726286314e+01,1.013952129343e+00
2.525926296315e+01,1.013964157864e+00
2.526126306315e+01,1.013974085790e+00
2.526326316316e+01,1.013981912191e+00
2.526526326316e+01,1.013987636427e+00
2.526726336317e+01,1.013991258144e+00
2.526926346317e+01,1.013992777276e+00
2.527126356318e+01,1.013992194044e+00
2.527326366318e+01,1.013989508956e+00
2.527526376319e+01,1.013984722807e+00
2.527726386319e+01,1.013977836679e+00
2.527926396320e+01,1.013968851940e+00
2.528126406320e+01,1.013957770245e+00
2.528326416321e+01,1.013944593537e+00
2.528526426321e+01,1.013929324042e+00
2.528726436322e+01,1.013911964275e+00
2.528926446322e+01,1.013892517033e+00
2.529126456323e+01,1.013870985403e+00
2.529326466323e+01,1.013847372753e+00
2.529526476324e+01,1.013821682738e+00
2.529726486324e+01,1.013793919296e+00
2.529926496325e+01,1.013764086651e+00
2.530126506325e+01,1.013732189309e+00
2.530326516326e+01,1.013698232059e+00
2.530526526326e+01,1.013662219976e+00
2.530726536327e+01,1.013624158413e+00
2.530926546327e+01,1.013584053009e+00
2.531126556328e+01,1.013541909681e+00
2.531326566328e+01,1.013497734630e+00
2.531526576329e+01,1.013451534336e+00
2.531726586329e+01,1.013403315558e+00
2.531926596330e+01,1.013353085336e+00
2.532126606330e+01,1.013300850989e+00
2.532326616331e+01,1.013246620111e+00
2.532526626331e+01,1.013190400577e+00
2.532726636332e+01,1.013132200537e+00
2.532926646332e+01,1.013072028418e+00
2.533126656333e+01,1.013009892922e+00
2.533326666333e+01,1.012945803026e+00
2.533526676334e+01,1.012879767980e+00
2.533726686334e+01,1.012811797307e+00
2.533926696335e+01,1.012741900804e+00
2.534126706335e+01,1.012670088539e+00
2.534326716336e+01,1.012596370849e+00
2.534526726336e+01,1.012520758342e+00
2.534726736337e+01,1.012443261895e+00
2.534926746337e+01,1.012363892653e+00
2.535126756338e+01,1.012282662027e+00
2.535326766338e+01,1.012199581695e+00
2.535526776339e+01,1.012114663600e+00
2.535726786339e+01,1.012027919947e+00
2.535926796340e+01,1.011939363206e+00
2.536126806340e+01,1.011849006108e+00
2.536326816341e+01,1.011756861645e+00
2.536526826341e+01,1.011662943067e+00
2.536726836342e+01,1.011567263886e+00
2.536926846342e+01,1.011469837866e+00
2.537126856343e+01,1.011370679030e+00
2.537326866343e+01,1.011269801655e+00
2.537526876344e+01,1.011167220272e+00
2.537726886344e+01,1.011062949662e+00
2.537926896345e+01,1.010957004859e+00
2.538126906345e+01,1.010849401145e+00
2.538326916346e+01,1.010740154051e+00
2.538526926346e+01,1.010629279351e+00
2.538726936347e+01,1.010516793068e+00
2.538926946347e+01,1.010402711467e+00
2.539126956348e+01,1.010287051054e+00
2.539326966348e+01,1.010169828576e+00
2.539526976349e+01,1.010051061018e+00
2.539726986349e+01,1.009930765604e+00
2.539926996350e+01,1.009808959791e+00
2.540127006350e+01,1.009685661271e+00
2.540327016351e+01,1.009560887968e+00
2.540527026351e+01,1.009434658035e+00
2.540727036352e+01,1.009306989855e+00
2.540927046352e+01,1.009177902037e+00
2.541127056353e+01,1.009047413413e+00
2.541327066353e+01,1.008915543040e+00
2.541527076354e+01,1.008782310196e+00
2.541727086354e+01,1.008647734375e+00
2.541927096355e+01,1.008511835290e+00
2.542127106355e+01,1.008374632868e+00
2.542327116356e+01,1.008236147248e+00
2.542527126356e+01,1.008096398781e+00
2.542727136357e+01,1.007955408026e+00
2.542927146357e+01,1.007813195748e+00
2.543127156358e+01,1.007669782913e+00
2.543327166358e+01,1.007525190694e+00
2.543527176359e+01,1.007379440459e+00
2.543727186359e+01,1.007232553774e+00
2.543927196360e+01,1.007084552401e+00
2.544127206360e+01,1.006935458291e+00
2.544327216361e+01,1.006785293587e+00
2.544527226361e+01,1.006634080619e+00
2.544727236362e+01,1.006481841900e+00
2.544927246362e+01,1.006328600126e+00
2.545127256363e+01,1.006174378171e+00
2.545327266363e+01,1.006019199088e+00
2.545527276364e+01,1.005863086101e+00
2.545727286364e+01,1.005706062608e+00
2.545927296365e+01,1.005548152172e+00
2.546127306365e+01,1.005389378523e+00
2.546327316366e+01,1.005229765555e+00
2.546527326366e+01,1.005069337319e+00
2.546727336367e+01,1.004908118024e+00
2.546927346367e+01,1.004746132032e+00
2.547127356368e+01,1.004583403857e+00
2.547327366368e+01,1.004419958157e+00
2.547527376369e+01,1.004255819738e+00
2.547727386369e+01,1.004091013545e+00
2.547927396370e+01,1.003925564663e+00
2.548127406370e+01,1.003759498308e+00
2.548327416371e+01,1.003592839831e+00
2.548527426371e+01,1.003425614709e+00
2.548727436372e+01,1.003257848543e+00
2.548927446372e+01,1.003089567058e+00
2.549127456373e+01,1.002920796094e+00
2.549327466373e+01,1.002751561604e+00
2.549527476374e+01,1.002581889656e+00
2.549727486374e+01,1.002411806421e+00
2.549927496375e+01,1.002241338174e+00
2.550127506375e+01,1.002070511292e+00
2.550327516376e+01,1.001899352244e+00
2.550527526376e+01,1.001727887594e+00
2.550727536377e+01,1.001556143995e+00
2.550927546377e+01,1.001384148181e+00
2.551127556378e+01,1.001211926970e+00
2.551327566378e+01,1.001039507254e+00
2.551527576379e+01,1.000866916000e+00
2.551727586379e+01,1.000694180242e+00
2.551927596380e+01,1.000521327079e+00
2.552127606380e+01,1.000348383671e+00
2.552327616381e+01,1.000175377233e+00
2.552527626381e+01,1.000002335034e+00
2.552727636382e+01,9.998292843895e-01
2.552927646382e+01,9.996562526600e-01
2.553127656383e+01,9.994832672448e-01
2.553327666383e+01,9.993103555786e-01
2.553527676384e+01,9.991375451270e-01
2.553727686384e+01,9.989648633820e-01
2.553927696385e+01,9.987923378575e-01
2.554127706385e+01,9.986199960851e-01
2.554327716386e+01,9.984478656097e-01
2.554527726386e+01,9.982759739844e-01
2.554727736387e+01,9.981043487667e-01
2.554927746387e+01,9.979330175134e-01
2.555127756388e+01,9.977620077761e-01
2.555327766388e+01,9.975913470970e-01
2.555527776389e+01,9.974210630035e-01
2.555727786389e+01,9.972511830041e-01
2.555927796390e+01,9.970817345835e-01
2.556127806390e+01,9.969127451976e-01
2.556327816391e+01,9.967442422693e-01
2.556527826391e+01,9.965762531829e-01
2.556727836392e+01,9.964088052801e-01
2.556927846392e+01,9.962419258546e-01
2.557127856393e+01,9.960756421473e-01
2.557327866393e+01,9.959099813413e-01
2.557527876394e+01,9.957449705580e-01
2.557727886394e+01,9.955806368511e-01
2.557927896395e+01,9.954170072020e-01
2.558127906395e+01,9.952541085147e-01
2.558327916396e+01,9.950919676111e-01
2.558527926396e+01,9.949306112260e-01
2.558727936397e+01,9.947700660018e-01
2.558927946397e+01,9.946103584839e-01
2.559127956398e+01,9.944515151152e-01
2.559327966398e+01,9.942935622316e-01
2.559527976399e+01,9.941365260567e-01
2.559727986399e+01,9.939804326967e-01
2.559927996400e+01,9.938253081356e-01
2.560128006400e+01,9.936711782298e-01
2.560328016401e+01,9.935180687036e-01
2.560528026401e+01,9.933660051434e-01
2.560728036402e+01,9.932150129936e-01
2.560928046402e+01,9.930651175505e-01
2.561128056403e+01,9.929163439582e-01
2.561328066403e+01,9.927687172029e-01
2.561528076404e+01,9.926222621084e-01
2.561728086404e+01,9.924770033307e-01
2.561928096405e+01,9.923329653528e-01
2.562128106405e+01,9.921901724805e-01
2.562328116406e+01,9.920486488365e-01
2.562528126406e+01,9.919084183560e-01
2.562728136407e+01,9.917695047818e-01
2.562928146407e+01,9.916319316590e-01
2.563128156408e+01,9.914957223302e-01
2.563328166408e+01,9.913608999307e-01
2.563528176409e+01,9.912274873834e-01
2.563728186409e+01,9.910955073944e-01
2.563928196410e+01,9.909649824477e-01
2.564128206410e+01,9.908359348007e-01
2.564328216411e+01,9.907083864791e-01
2.564528226411e+01,9.905823592728e-01
2.564728236412e+01,9.904578747304e-01
2.564928246412e+01,9.903349541552e-01
2.565128256413e+01,9.902136185999e-01
2.565328266413e+01,9.900938888626e-01
2.565528276414e+01,9.899757854820e-01
2.565728286414e+01,9.898593287328e-01
2.565928296415e+01,9.897445386212e-01
2.566128306415e+01,9.896314348807e-01
2.566328316416e+01,9.895200369676e-01
2.566528326416e+01,9.894103640565e-01
2.566728336417e+01,9.893024350363e-01
2.566928346417e+01,9.891962685058e-01
2.567128356418e+01,9.890918827696e-01
2.567328366418e+01,9.889892958340e-01
2.567528376419e+01,9.888885254023e-01
2.567728386419e+01,9.887895888716e-01
2.567928396420e+01,9.886925033283e-01
2.568128406420e+01,9.885972855446e-01
2.568328416421e+01,9.885039519744e-01
2.568528426421e+01,9.884125187494e-01
2.568728436422e+01,9.883230016757e-01
2.568928446422e+01,9.882354162302e-01
2.569128456423e+01,9.881497775565e-01
2.569328466423e+01,9.880661004620e-01
2.569528476424e+01,9.879843994140e-01
2.569728486424e+01,9.879046885367e-01
2.569928496425e+01,9.878269816075e-01
2.570128506425e+01,9.877512920541e-01
2.570328516426e+01,9.876776329511e-01
2.570528526426e+01,9.876060170171e-01
2.570728536427e+01,9.875364566117e-01
2.570928546427e+01,9.874689637324e-01
2.571128556428e+01,9.874035500123e-01
2.571328566428e+01,9.873402267168e-01
2.571528576429e+01,9.872790047410e-01
2.571728586429e+01,9.872198946079e-01
2.571928596430e+01,9.871629064652e-01
2.572128606430e+01,9.871080500827e-01
2.572328616431e+01,9.870553348500e-01
2.572528626431e+01,9.870047697747e-01
2.572728636432e+01,9.869563634805e-01
2.572928646432e+01,9.869101242042e-01
2.573128656433e+01,9.868660597946e-01
2.573328666433e+01,9.868241777105e-01
2.573528676434e+01,9.867844850185e-01
2.573728686434e+01,9.867469883921e-01
2.573928696435e+01,9.867116941091e-01
2.574128706435e+01,9.866786080512e-01
2.574328716436e+01,9.866477357019e-01
2.574528726436e+01,9.866190821453e-01
2.574728736437e+01,9.865926520652e-01
2.574928746437e+01,9.865684497436e-01
2.575128756438e+01,9.865464790600e-01
2.575328766438e+01,9.865267434906e-01
2.575528776439e+01,9.865092461071e-01
2.575728786439e+01,9.864939895763e-01
2.575928796440e+01,9.864809761598e-01
2.576128806440e+01,9.864702077132e-01
2.576328816441e+01,9.864616856857e-01
2.576528826441e+01,9.864554111202e-01
2.576728836442e+01,9.864513846522e-01
2.576928846442e+01,9.864496065102e-01
2.577128856443e+01,9.864500765160e-01
2.577328866443e+01,9.864527940846e-01
2.577528876444e+01,9.864577582242e-01
2.577728886444e+01,9.864649675370e-01
2.577928896445e+01,9.864744202193e-01
2.578128906445e+01,9.864861140620e-01
2.578328916446e+01,9.865000464516e-01
2.578528926446e+01,9.865162143703e-01
2.578728936447e+01,9.865346143975e-01
2.578928946447e+01,9.865552427101e-01
2.579128956448e+01,9.865780950840e-01
2.579328966448e+01,9.866031668948e-01
2.579528976449e+01,9.866304531193e-01
2.579728986449e+01,9.866599483368e-01
2.579928996450e+01,9.866916467303e-01
2.580129006450e+01,9.867255420882e-01
2.580329016451e+01,9.867616278059e-01
2.580529026451e+01,9.867998968878e-01
2.580729036452e+01,9.868403419484e-01
2.580929046452e+01,9.868829552153e-01
2.581129056453e+01,9.869277285302e-01
2.581329066453e+01,9.869746533507e-01
2.581529076454e+01,9.870237207530e-01
2.581729086454e+01,9.870749214346e-01
2.581929096455e+01,9.871282457158e-01
2.582129106455e+01,9.871836835426e-01
2.582329116456e+01,9.872412244892e-01
2.582529126456e+01,9.873008577605e-01
2.582729136457e+01,9.873625721948e-01
2.582929146457e+01,9.874263562666e-01
2.583129156458e+01,9.874921980895e-01
2.583329166458e+01,9.875600854192e-01
2.583529176459e+01,9.876300056561e-01
2.583729186459e+01,9.877019458487e-01
2.583929196460e+01,9.877758926970e-01
2.584129206460e+01,9.878518325551e-01
2.584329216461e+01,9.879297514349e-01
2.584529226461e+01,9.880096350095e-01
2.584729236462e+01,9.880914686165e-01
2.584929246462e+01,9.881752372619e-01
2.585129256463e+01,9.882609256231e-01
2.585329266463e+01,9.883485180533e-01
2.585529276464e+01,9.884379985847e-01
2.585729286464e+01,9.885293509328e-01
2.585929296465e+01,9.886225585001e-01
2.586129306465e+01,9.887176043800e-01
2.586329316466e+01,9.888144713594e-01
2.586529326466e+01,9.889131419244e-01
2.586729336467e+01,9.890135982642e-01
2.586929346467e+01,9.891158222749e-01
2.587129356468e+01,9.892197955635e-01
2.587329366468e+01,9.893254994529e-01
2.587529376469e+01,9.894329149853e-01
2.587729386469e+01,9.895420229273e-01
2.587929396470e+01,9.896528037738e-01
2.588129406470e+01,9.897652377527e-01
2.588329416471e+01,9.898793048294e-01
2.588529426471e+01,9.899949847109e-01
2.588729436472e+01,9.901122568510e-01
2.588929446472e+01,9.902311004543e-01
2.589129456473e+01,9.903514944812e-01
2.589329466473e+01,9.904734176525e-01
2.589529476474e+01,9.905968484540e-01
2.589729486474e+01,9.907217651414e-01
2.589929496475e+01,9.908481457447e-01
2.590129506475e+01,9.909759680736e-01
2.590329516476e+01,9.911052097219e-01
2.590529526476e+01,9.912358480725e-01
2.590729536477e+01,9.913678603024e-01
2.590929546477e+01,9.915012233873e-01
2.591129556478e+01,9.916359141067e-01
2.591329566478e+01,9.917719090482e-01
2.591529576479e+01,9.919091846134e-01
2.591729586479e+01,9.920477170222e-01
2.591929596480e+01,9.921874823182e-01
2.592129606480e+01,9.923284563734e-01
2.592329616481e+01,9.924706148933e-01
2.592529626481e+01,9.926139334218e-01
2.592729636482e+01,9.927583873466e-01
2.592929646482e+01,9.929039519034e-01
2.593129656483e+01,9.930506021819e-01
2.593329666483e+01,9.931983131300e-01
2.593529676484e+01,9.933470595595e-01
2.593729686484e+01,9.934968161505e-01
2.593929696485e+01,9.936475574568e-01
2.594129706485e+01,9.937992579110e-01
2.594329716486e+01,9.939518918291e-01
2.594529726486e+01,9.941054334160e-01
2.594729736487e+01,9.942598567700e-01
2.594929746487e+01,9.944151358883e-01
2.595129756488e+01,9.945712446716e-01
2.595329766488e+01,9.947281569293e-01
2.595529776489e+01,9.948858463843e-01
2.595729786489e+01,9.950442866782e-01
2.595929796490e+01,9.952034513760e-01
2.596129806490e+01,9.953633139708e-01
2.596329816491e+01,9.955238478894e-01
2.596529826491e+01,9.956850264965e-01
2.596729836492e+01,9.958468231000e-01
2.596929846492e+01,9.960092109555e-01
2.597129856493e+01,9.961721632716e-01
2.597329866493e+01,9.963356532140e-01
2.597529876494e+01,9.964996539111e-01
2.597729886494e+01,9.966641384580e-01
2.597929896495e+01,9.968290799219e-01
2.598129906495e+01,9.969944513462e-01
2.598329916496e+01,9.971602257556e-01
2.598529926496e+01,9.973263761605e-01
2.598729936497e+01,9.974928755619e-01
2.598929946497e+01,9.976596969558e-01
2.599129956498e+01,9.978268133377e-01
2.599329966498e+01,9.979941977072e-01
2.599529976499e+01,9.981618230728e-01
2.599729986499e+01,9.983296624559e-01
2.599929996500e+01,9.984976888953e-01
2.600130006500e+01,9.986658754519e-01
2.600330016501e+01,9.988341952128e-01
2.600530026501e+01,9.990026212957e-01
2.600730036502e+01,9.991711268531e-01
2.600930046502e+01,9.993396850770e-01
2.601130056503e+01,9.995082692027e-01
2.601330066503e+01,9.996768525131e-01
2.601530076504e+01,9.998454083428e-01
2.601730086504e+01,1.000013910082e+00
2.601930096505e+01,1.000182331182e+00
2.602130106505e+01,1.000350645157e+00
2.602330116506e+01,1.000518825588e+00
2.602530126506e+01,1.000686846131e+00
2.602730136507e+01,1.000854680515e+00
2.602930146507e+01,1.001022302551e+00
2.603130156508e+01,1.001189686131e+00
2.603330166508e+01,1.001356805237e+00
2.603530176509e+01,1.001523633939e+00
2.603730186509e+01,1.001690146406e+00
2.603930196510e+01,1.001856316901e+00
2.604130206510e+01,1.002022119793e+00
2.604330216511e+01,1.002187529553e+00
2.604530226511e+01,1.002352520766e+00
2.604730236512e+01,1.002517068124e+00
2.604930246512e+01,1.002681146441e+00
2.605130256513e+01,1.002844730645e+00
2.605330266513e+01,1.003007795791e+00
2.605530276514e+01,1.003170317060e+00
2.605730286514e+01,1.003332269759e+00
2.605930296515e+01,1.003493629333e+00
2.606130306515e+01,1.003654371359e+00
2.606330316516e+01,1.003814471556e+00
2.606530326516e+01,1.003973905783e+00
2.606730336517e+01,1.004132650047e+00
2.606930346517e+01,1.004290680500e+00
2.607130356518e+01,1.004447973450e+00
2.607330366518e+01,1.004604505355e+00
2.607530376519e+01,1.004760252832e+00
2.607730386519e+01,1.004915192660e+00
2.607930396520e+01,1.005069301777e+00
2.608130406520e+01,1.005222557291e+00
2.608330416521e+01,1.005374936475e+00
2.608530426521e+01,1.005526416775e+00
2.608730436522e+01,1.005676975811e+00
2.608930446522e+01,1.005826591379e+00
2.609130456523e+01,1.005975241453e+00
2.609330466523e+01,1.006122904191e+00
2.609530476524e+01,1.006269557933e+00
2.609730486524e+01,1.006415181205e+00
2.609930496525e+01,1.006559752724e+00
2.610130506525e+01,1.006703251398e+00
2.610330516526e+01,1.006845656326e+00
2.610530526526e+01,1.006986946805e+00
2.610730536527e+01,1.007127102329e+00
2.610930546527e+01,1.007266102594e+00
2.611130556528e+01,1.007403927497e+00
2.611330566528e+01,1.007540557140e+00
2.611530576529e+01,1.007675971833e+00
2.611730586529e+01,1.007810152091e+00
2.611930596530e+01,1.007943078645e+00
2.612130606530e+01,1.008074732434e+00
2.612330616531e+01,1.008205094614e+00
2.612530626531e+01,1.008334146558e+00
2.612730636532e+01,1.008461869856e+00
2.612930646532e+01,1.008588246319e+00
2.613130656533e+01,1.008713257981e+00
2.613330666533e+01,1.008836887097e+00
2.613530676534e+01,1.008959116151e+00
2.613730686534e+01,1.009079927851e+00
2.613930696535e+01,1.009199305137e+00
2.614130706535e+01,1.009317231177e+00
2.614330716536e+01,1.009433689372e+00
2.614530726536e+01,1.009548663358e+00
2.614730736537e+01,1.009662137003e+00
2.614930746537e+01,1.009774094415e+00
2.615130756538e+01,1.009884519937e+00
2.615330766538e+01,1.009993398153e+00
2.615530776539e+01,1.010100713889e+00
2.615730786539e+01,1.010206452210e+00
2.615930796540e+01,1.010310598429e+00
2.616130806540e+01,1.010413138098e+00
2.616330816541e+01,1.010514057022e+00
2.616530826541e+01,1.010613341247e+00
2.616730836542e+01,1.010710977071e+00
2.616930846542e+01,1.010806951040e+00
2.617130856543e+01,1.010901249953e+00
2.617330866543e+01,1.010993860859e+00
2.617530876544e+01,1.011084771060e+00
2.617730886544e+01,1.011173968113e+00
2.617930896545e+01,1.011261439829e+00
2.618130906545e+01,1.011347174275e+00
2.618330916546e+01,1.011431159776e+00
2.618530926546e+01,1.011513384915e+00
2.618730936547e+01,1.011593838532e+00
2.618930946547e+01,1.011672509729e+00
2.619130956548e+01,1.011749387866e+00
2.619330966548e+01,1.011824462568e+00
2.619530976549e+01,1.011897723718e+00
2.619730986549e+01,1.011969161465e+00
2.619930996550e+01,1.012038766221e+00
2.620131006550e+01,1.012106528661e+00
2.620331016551e+01,1.012172439728e+00
2.620531026551e+01,1.012236490627e+00
2.620731036552e+01,1.012298672832e+00
2.620931046552e+01,1.012358978084e+00
2.621131056553e+01,1.012417398391e+00
2.621331066553e+01,1.012473926029e+00
2.621531076554e+01,1.012528553544e+00
2.621731086554e+01,1.012581273749e+00
2.621931096555e+01,1.012632079730e+00
2.622131106555e+01,1.012680964841e+00
2.622331116556e+01,1.012727922706e+00
2.622531126556e+01,1.012772947223e+00
2.622731136557e+01,1.012816032560e+00
2.622931146557e+01,1.012857173156e+00
2.623131156558e+01,1.012896363724e+00
2.623331166558e+01,1.012933599249e+00
2.623531176559e+01,1.012968874988e+00
2.623731186559e+01,1.013002186474e+00
2.623931196560e+01,1.013033529511e+00
2.624131206560e+01,1.013062900177e+00
2.624331216561e+01,1.013090294825e+00
2.624531226561e+01,1.013115710083e+00
2.624731236562e+01,1.013139142851e+00
2.624931246562e+01,1.013160590306e+00
2.625131256563e+01,1.013180049899e+00
2.625331266563e+01,1.013197519355e+00
2.625531276564e+01,1.013212996674e+00
2.625731286564e+01,1.013226480133e+00
2.625931296565e+01,1.013237968282e+00
2.626131306565e+01,1.013247459948e+00
2.626331316566e+01,1.013254954230e+00
2.626531326566e+01,1.013260450507e+00
2.626731336567e+01,1.013263948429e+00
2.626931346567e+01,1.013265447923e+00
2.627131356568e+01,1.013264949191e+00
2.627331366568e+01,1.013262452709e+00
2.627531376569e+01,1.013257959229e+00
2.627731386569e+01,1.013251469778e+00
2.627931396570e+01,1.013242985656e+00
2.628131406570e+01,1.013232508439e+00
2.628331416571e+01,1.013220039976e+00
2.628531426571e+01,1.013205582391e+00
2.628731436572e+01,1.013189138081e+00
2.628931446572e+01,1.013170709718e+00
2.629131456573e+01,1.013150300245e+00
2.629331466573e+01,1.013127912880e+00
2.629531476574e+01,1.013103551113e+00
2.629731486574e+01,1.013077218706e+00
2.629931496575e+01,1.013048919693e+00
2.630131506575e+01,1.013018658381e+00
2.630331516576e+01,1.012986439346e+00
2.630531526576e+01,1.012952267437e+00
2.630731536577e+01,1.012916147770e+00
2.630931546577e+01,1.012878085735e+00
2.631131556578e+01,1.012838086989e+00
2.631331566578e+01,1.012796157458e+00
2.631531576579e+01,1.012752303338e+00
2.631731586579e+01,1.012706531089e+00
2.631931596580e+01,1.012658847443e+00
2.632131606580e+01,1.012609259396e+00
2.632331616581e+01,1.012557774209e+00
2.632531626581e+01,1.012504399412e+00
2.632731636582e+01,1.012449142795e+00
2.632931646582e+01,1.012392012416e+00
2.633131656583e+01,1.012333016595e+00
2.633331666583e+01,1.012272163913e+00
2.633531676584e+01,1.012209463215e+00
2.633731686584e+01,1.012144923606e+00
2.633931696585e+01,1.012078554452e+00
2.634131706585e+01,1.012010365376e+00
2.634331716586e+01,1.011940366263e+00
2.634531726586e+01,1.011868567252e+00
2.634731736587e+01,1.011794978743e+00
2.634931746587e+01,1.011719611388e+00
2.635131756588e+01,1.011642476095e+00
2.635331766588e+01,1.011563584027e+00
2.635531776589e+01,1.011482946598e+00
2.635731786589e+01,1.011400575475e+00
2.635931796590e+01,1.011316482575e+00
2.636131806590e+01,1.011230680066e+00
2.636331816591e+01,1.011143180362e+00
2.636531826591e+01,1.011053996128e+00
2.636731836592e+01,1.010963140273e+00
2.636931846592e+01,1.010870625949e+00
2.637131856593e+01,1.010776466557e+00
2.637331866593e+01,1.010680675735e+00
2.637531876594e+01,1.010583267367e+00
2.637731886594e+01,1.010484255572e+00
2.637931896595e+01,1.010383654713e+00
2.638131906595e+01,1.010281479386e+00
2.638331916596e+01,1.010177744425e+00
2.638531926596e+01,1.010072464896e+00
2.638731936597e+01,1.009965656102e+00
2.638931946597e+01,1.009857333574e+00
2.639131956598e+01,1.009747513073e+00
2.639331966598e+01,1.009636210590e+00
2.639531976599e+01,1.009523442343e+00
2.639731986599e+01,1.009409224773e+00
2.639931996600e+01,1.009293574546e+00
2.640132006600e+01,1.009176508550e+00
2.640332016601e+01,1.009058043891e+00
2.640532026601e+01,1.008938197897e+00
2.640732036602e+01,1.008816988108e+00
2.640932046602e+01,1.008694432283e+00
2.641132056603e+01,1.008570548391e+00
2.641332066603e+01,1.008445354613e+00
2.641532076604e+01,1.008318869341e+00
2.641732086604e+01,1.008191111170e+00
2.641932096605e+01,1.008062098904e+00
2.642132106605e+01,1.007931851548e+00
2.642332116606e+01,1.007800388309e+00
2.642532126606e+01,1.007667728593e+00
2.642732136607e+01,1.007533892002e+00
2.642932146607e+01,1.007398898334e+00
2.643132156608e+01,1.007262767578e+00
2.643332166608e+01,1.007125519914e+00
2.643532176609e+01,1.006987175712e+00
2.643732186609e+01,1.006847755523e+00
2.643932196610e+01,1.006707280087e+00
2.644132206610e+01,1.006565770320e+00
2.644332216611e+01,1.006423247320e+00
2.644532226611e+01,1.006279732359e+00
2.644732236612e+01,1.006135246885e+00
2.644932246612e+01,1.005989812514e+00
2.645132256613e+01,1.005843451032e+00
2.645332266613e+01,1.005696184393e+00
2.645532276614e+01,1.005548034710e+00
2.645732286614e+01,1.005399024259e+00
2.645932296615e+01,1.005249175474e+00
2.646132306615e+01,1.005098510943e+00
2.646332316616e+01,1.004947053408e+00
2.646532326616e+01,1.004794825760e+00
2.646732336617e+01,1.004641851034e+00
2.646932346617e+01,1.004488152413e+00
2.647132356618e+01,1.004333753216e+00
2.647332366618e+01,1.004178676904e+00
2.647532376619e+01,1.004022947070e+00
2.647732386619e+01,1.003866587440e+00
2.647932396620e+01,1.003709621866e+00
2.648132406620e+01,1.003552074330e+00
2.648332416621e+01,1.003393968930e+00
2.648532426621e+01,1.003235329889e+00
2.648732436622e+01,1.003076181542e+00
2.648932446622e+01,1.002916548337e+00
2.649132456623e+01,1.002756454832e+00
2.649332466623e+01,1.002595925690e+00
2.649532476624e+01,1.002434985676e+00
2.649732486624e+01,1.002273659654e+00
2.649932496625e+01,1.002111972583e+00
2.650132506625e+01,1.001949949514e+00
2.650332516626e+01,1.001787615586e+00
2.650532526626e+01,1.001624996024e+00
2.650732536627e+01,1.001462116130e+00
2.650932546627e+01,1.001299001288e+00
2.651132556628e+01,1.001135676951e+00
2.651332566628e+01,1.000972168647e+00
2.651532576629e+01,1.000808501965e+00
2.651732586629e+01,1.000644702558e+00
2.651932596630e+01,1.000480796138e+00
2.652132606630e+01,1.000316808472e+00
2.652332616631e+01,1.000152765374e+00
2.652532626631e+01,9.999886927078e-01
2.652732636632e+01,9.998246163787e-01
2.652932646632e+01,9.996605623301e-01
2.653132656633e+01,9.994965565400e-01
2.653332666633e+01,9.993326250167e-01
2.653532676634e+01,9.991687937947e-01
2.653732686634e+01,9.990050889304e-01
2.653932696635e+01,9.988415364982e-01
2.654132706635e+01,9.986781625861e-01
2.654332716636e+01,9.985149932912e-01
2.654532726636e+01,9.983520547161e-01
2.654732736637e+01,9.981893729638e-01
2.654932746637e+01,9.980269741339e-01
2.655132756638e+01,9.978648843182e-01
2.655332766638e+01,9.977031295958e-01
2.655532776639e+01,9.975417360292e-01
2.655732786639e+01,9.973807296597e-01
2.655932796640e+01,9.972201365033e-01
2.656132806640e+01,9.970599825458e-01
2.656332816641e+01,9.969002937386e-01
2.656532826641e+01,9.967410959937e-01
2.656732836642e+01,9.965824151796e-01
2.656932846642e+01,9.964242771166e-01
2.657132856643e+01,9.962667075723e-01
2.657332866643e+01,9.961097322567e-01
2.657532876644e+01,9.959533768180e-01
2.657732886644e+01,9.957976668378e-01
2.657932896645e+01,9.956426278264e-01
2.658132906645e+01,9.954882852182e-01
2.658332916646e+01,9.953346643670e-01
2.658532926646e+01,9.951817905414e-01
2.658732936647e+01,9.950296889200e-01
2.658932946647e+01,9.948783845870e-01
2.659132956648e+01,9.947279025270e-01
2.659332966648e+01,9.945782676209e-01
2.659532976649e+01,9.944295046406e-01
2.659732986649e+01,9.942816382446e-01
2.659932996650e+01,9.941346929732e-01
2.660133006650e+01,9.939886932440e-01
2.660333016651e+01,9.938436633466e-01
2.660533026651e+01,9.936996274385e-01
2.660733036652e+01,9.935566095399e-01
2.660933046652e+01,9.934146335296e-01
2.661133056653e+01,9.932737231398e-01
2.661333066653e+01,9.931339019515e-01
2.661533076654e+01,9.929951933897e-01
2.661733086654e+01,9.928576207189e-01
2.661933096655e+01,9.927212070386e-01
2.662133106655e+01,9.925859752780e-01
2.662333116656e+01,9.924519481921e-01
2.662533126656e+01,9.923191483566e-01
2.662733136657e+01,9.921875981633e-01
2.662933146657e+01,9.920573198159e-01
2.663133156658e+01,9.919283353248e-01
2.663333166658e+01,9.918006665032e-01
2.663533176659e+01,9.916743349618e-01
2.663733186659e+01,9.915493621052e-01
2.663933196660e+01,9.914257691265e-01
2.664133206660e+01,9.913035770036e-01
2.664333216661e+01,9.911828064941e-01
2.664533226661e+01,9.910634781315e-01
2.664733236662e+01,9.909456122204e-01
2.664933246662e+01,9.908292288324e-01
2.665133256663e+01,9.907143478017e-01
2.665333266663e+01,9.906009887208e-01
2.665533276664e+01,9.904891709366e-01
2.665733286664e+01,9.903789135457e-01
2.665933296665e+01,9.902702353903e-01
2.666133306665e+01,9.901631550545e-01
2.666333316666e+01,9.900576908598e-01
2.666533326666e+01,9.899538608613e-01
2.666733336667e+01,9.898516828437e-01
2.666933346667e+01,9.897511743173e-01
2.667133356668e+01,9.896523525144e-01
2.667333366668e+01,9.895552343848e-01
2.667533376669e+01,9.894598365930e-01
2.667733386669e+01,9.893661755136e-01
2.667933396670e+01,9.892742672280e-01
2.668133406670e+01,9.891841275210e-01
2.668333416671e+01,9.890957718766e-01
2.668533426671e+01,9.890092154753e-01
2.668733436672e+01,9.889244731899e-01
2.668933446672e+01,9.888415595827e-01
2.669133456673e+01,9.887604889018e-01
2.669333466673e+01,9.886812750782e-01
2.669533476674e+01,9.886039317222e-01
2.669733486674e+01,9.885284721208e-01
2.669933496675e+01,9.884549092343e-01
2.670133506675e+01,9.883832556937e-01
2.670333516676e+01,9.883135237974e-01
2.670533526676e+01,9.882457255087e-01
2.670733536677e+01,9.881798724524e-01
2.670933546677e+01,9.881159759127e-01
2.671133556678e+01,9.880540468304e-01
2.671333566678e+01,9.879940958004e-01
2.671533576679e+01,9.879361330694e-01
2.671733586679e+01,9.878801685332e-01
2.671933596680e+01,9.878262117347e-01
2.672133606680e+01,9.877742718617e-01
2.672333616681e+01,9.877243577445e-01
2.672533626681e+01,9.876764778541e-01
2.672733636682e+01,9.876306403000e-01
2.672933646682e+01,9.875868528286e-01
2.673133656683e+01,9.875451228211e-01
2.673333666683e+01,9.875054572920e-01
2.673533676684e+01,9.874678628874e-01
2.673733686684e+01,9.874323458833e-01
2.673933696685e+01,9.873989121844e-01
2.674133706685e+01,9.873675673226e-01
2.674333716686e+01,9.873383164559e-01
2.674533726686e+01,9.873111643670e-01
2.674733736687e+01,9.872861154625e-01
2.674933746687e+01,9.872631737719e-01
2.675133756688e+01,9.872423429466e-01
2.675333766688e+01,9.872236262585e-01
2.675533776689e+01,9.872070265997e-01
2.675733786689e+01,9.871925464822e-01
2.675933796690e+01,9.871801880370e-01
2.676133806690e+01,9.871699530136e-01
2.676333816691e+01,9.871618427799e-01
2.676533826691e+01,9.871558583218e-01
2.676733836692e+01,9.871520002431e-01
2.676933846692e+01,9.871502687655e-01
2.677133856693e+01,9.871506637281e-01
2.677333866693e+01,9.871531845883e-01
2.677533876694e+01,9.871578304215e-01
2.677733886694e+01,9.871645999213e-01
2.677933896695e+01,9.871734914001e-01
2.678133906695e+01,9.871845027897e-01
2.678333916696e+01,9.871976316416e-01
2.678533926696e+01,9.872128751275e-01
2.678733936697e+01,9.872302300409e-01
2.678933946697e+01,9.872496927969e-01
2.679133956698e+01,9.872712594339e-01
2.679333966698e+01,9.872949256147e-01
2.679533976699e+01,9.873206866273e-01
2.679733986699e+01,9.873485373862e-01
2.679933996700e+01,9.873784724329e-01
2.680134006700e+01,9.874104859385e-01
2.680334016701e+01,9.874445717045e-01
2.680534026701e+01,9.874807231648e-01
2.680734036702e+01,9.875189333867e-01
2.680934046702e+01,9.875591950735e-01
2.681134056703e+01,9.876015005655e-01
2.681334066703e+01,9.876458418427e-01
2.681534076704e+01,9.876922105260e-01
2.681734086704e+01,9.877405978800e-01
2.681934096705e+01,9.877909948148e-01
2.682134106705e+01,9.878433918881e-01
2.682334116706e+01,9.878977793079e-01
2.682534126706e+01,9.879541469343e-01
2.682734136707e+01,9.880124842826e-01
2.682934146707e+01,9.880727805256e-01
2.683134156708e+01,9.881350244959e-01
2.683334166708e+01,9.881992046892e-01
2.683534176709e+01,9.882653092666e-01
2.683734186709e+01,9.883333260579e-01
2.683934196710e+01,9.884032425641e-01
2.684134206710e+01,9.884750459608e-01
2.684334216711e+01,9.885487231013e-01
2.684534226711e+01,9.886242605197e-01
2.684734236712e+01,9.887016444340e-01
2.684934246712e+01,9.887808607481e-01
2.685134256713e+01,9.888618950568e-01
2.685334266713e+01,9.889447326487e-01
2.685534276714e+01,9.890293585096e-01
2.685734286714e+01,9.891157573261e-01
2.685934296715e+01,9.892039134889e-01
2.686134306715e+01,9.892938110967e-01
2.686334316716e+01,9.893854339600e-01
2.686534326716e+01,9.894787656044e-01
2.686734336717e+01,9.895737892747e-01
2.686934346717e+01,9.896704879387e-01
2.687134356718e+01,9.897688442911e-01
2.687334366718e+01,9.898688407572e-01
2.687534376719e+01,9.899704594971e-01
2.687734386719e+01,9.900736824098e-01
2.687934396720e+01,9.901784911370e-01
2.688134406720e+01,9.902848670673e-01
2.688334416721e+01,9.903927913406e-01
2.688534426721e+01,9.905022448520e-01
2.688734436722e+01,9.906132082561e-01
2.688934446722e+01,9.907256619715e-01
2.689134456723e+01,9.908395861849e-01
2.689334466723e+01,9.909549608556e-01
2.689534476724e+01,9.910717657200e-01
2.689734486724e+01,9.911899802957e-01
2.689934496725e+01,9.913095838853e-01
2.690134506725e+01,9.914305555819e-01
2.690334516726e+01,9.915528742732e-01
2.690534526726e+01,9.916765186459e-01
2.690734536727e+01,9.918014671906e-01
2.690934546727e+01,9.919276982059e-01
2.691134556728e+01,9.920551898032e-01
2.691334566728e+01,9.921839199114e-01
2.691534576729e+01,9.923138662811e-01
2.691734586729e+01,9.924450064897e-01
2.691934596730e+01,9.925773179458e-01
2.692134606730e+01,9.927107778937e-01
2.692334616731e+01,9.928453634184e-01
2.692534626731e+01,9.929810514499e-01
2.692734636732e+01,9.931178187681e-01
2.692934646732e+01,9.932556420077e-01
2.693134656733e+01,9.933944976622e-01
2.693334666733e+01,9.935343620893e-01
2.693534676734e+01,9.936752115153e-01
2.693734686734e+01,9.938170220397e-01
2.693934696735e+01,9.939597696401e-01
2.694134706735e+01,9.941034301770e-01
2.694334716736e+01,9.942479793980e-01
2.694534726736e+01,9.943933929432e-01
2.694734736737e+01,9.945396463490e-01
2.694934746737e+01,9.946867150536e-01
2.695134756738e+01,9.948345744012e-01
2.695334766738e+01,9.949831996469e-01
2.695534776739e+01,9.951325659612e-01
2.695734786739e+01,9.952826484346e-01
2.695934796740e+01,9.954334220827e-01
2.696134806740e+01,9.955848618501e-01
2.696334816741e+01,9.957369426155e-01
2.696534826741e+01,9.958896391963e-01
2.696734836742e+01,9.960429263528e-01
2.696934846742e+01,9.961967787932e-01
2.697134856743e+01,9.963511711778e-01
2.697334866743e+01,9.965060781238e-01
2.697534876744e+01,9.966614742096e-01
2.697734886744e+01,9.968173339794e-01
2.697934896745e+01,9.969736319475e-01
2.698134906745e+01,9.971303426031e-01
2.698334916746e+01,9.972874404142e-01
2.698534926746e+01,9.974448998326e-01
2.698734936747e+01,9.976026952976e-01
2.698934946747e+01,9.977608012407e-01
2.699134956748e+01,9.979191920902e-01
2.699334966748e+01,9.980778422746e-01
2.699534976749e+01,9.982367262279e-01
2.699734986749e+01,9.983958183933e-01
2.699934996750e+01,9.985550932274e-01
2.700135006750e+01,9.987145252045e-01
2.700335016751e+01,9.988740888205e-01
2.700535026751e+01,9.990337585974e-01
2.700735036752e+01,9.991935090873e-01
2.700935046752e+01,9.993533148759e-01
2.701135056753e+01,9.995131505872e-01
2.701335066753e+01,9.996729908872e-01
2.701535076754e+01,9.998328104878e-01
2.701735086754e+01,9.999925841507e-01
2.701935096755e+01,1.000152286692e+00
2.702135106755e+01,1.000311892984e+00
2.702335116756e+01,1.000471377961e+00
2.702535126756e+01,1.000630716624e+00
2.702735136757e+01,1.000789884041e+00
2.702935146757e+01,1.000948855353e+00
2.703135156758e+01,1.001107605778e+00
2.703335166758e+01,1.001266110614e+00
2.703535176759e+01,1.001424345241e+00
2.703735186759e+01,1.001582285128e+00
2.703935196760e+01,1.001739905832e+00
2.704135206760e+01,1.001897183007e+00
2.704335216761e+01,1.002054092403e+00
2.704535226761e+01,1.002210609869e+00
2.704735236762e+01,1.002366711363e+00
2.704935246762e+01,1.002522372945e+00
2.705135256763e+01,1.002677570791e+00
2.705335266763e+01,1.002832281186e+00
2.705535276764e+01,1.002986480537e+00
2.705735286764e+01,1.003140145369e+00
2.705935296765e+01,1.003293252330e+00
2.706135306765e+01,1.003445778196e+00
2.706335316766e+01,1.003597699872e+00
2.706535326766e+01,1.003748994396e+00
2.706735336767e+01,1.003899638942e+00
2.706935346767e+01,1.004049610822e+00
2.707135356768e+01,1.004198887489e+00
2.707335366768e+01,1.004347446542e+00
2.707535376769e+01,1.004495265725e+00
2.707735386769e+01,1.004642322934e+00
2.707935396770e+01,1.004788596217e+00
2.708135406770e+01,1.004934063776e+00
2.708335416771e+01,1.005078703973e+00
2.708535426771e+01,1.005222495329e+00
2.708735436772e+01,1.005365416529e+00
2.708935446772e+01,1.005507446424e+00
2.709135456773e+01,1.005648564032e+00
2.709335466773e+01,1.005788748543e+00
2.709535476774e+01,1.005927979319e+00
2.709735486774e+01,1.006066235898e+00
2.709935496775e+01,1.006203497996e+00
2.710135506775e+01,1.006339745508e+00
2.710335516776e+01,1.006474958514e+00
2.710535526776e+01,1.006609117276e+00
2.710735536777e+01,1.006742202243e+00
2.710935546777e+01,1.006874194055e+00
2.711135556778e+01,1.007005073541e+00
2.711335566778e+01,1.007134821725e+00
2.711535576779e+01,1.007263419823e+00
2.711735586779e+01,1.007390849252e+00
2.711935596780e+01,1.007517091627e+00
2.712135606780e+01,1.007642128763e+00
2.712335616781e+01,1.007765942678e+00
2.712535626781e+01,1.007888515598e+00
2.712735636782e+01,1.008009829951e+00
2.712935646782e+01,1.008129868377e+00
2.713135656783e+01,1.008248613726e+00
2.713335666783e+01,1.008366049059e+00
2.713535676784e+01,1.008482157652e+00
2.713735686784e+01,1.008596922994e+00
2.713935696785e+01,1.008710328793e+00
2.714135706785e+01,1.008822358976e+00
2.714335716786e+01,1.008932997688e+00
2.714535726786e+01,1.009042229299e+00
2.714735736787e+01,1.009150038398e+00
2.714935746787e+01,1.009256409802e+00
2.715135756788e+01,1.009361328554e+00
2.715335766788e+01,1.009464779923e+00
2.715535776789e+01,1.009566749407e+00
2.715735786789e+01,1.009667222736e+00
2.715935796790e+01,1.009766185869e+00
2.716135806790e+01,1.009863625000e+00
2.716335816791e+01,1.009959526556e+00
2.716535826791e+01,1.010053877199e+00
2.716735836792e+01,1.010146663829e+00
2.716935846792e+01,1.010237873582e+00
2.717135856793e+01,1.010327493833e+00
2.717335866793e+01,1.010415512198e+00
2.717535876794e+01,1.010501916533e+00
2.717735886794e+01,1.010586694936e+00
2.717935896795e+01,1.010669835748e+00
2.718135906795e+01,1.010751327556e+00
2.718335916796e+01,1.010831159188e+00
2.718535926796e+01,1.010909319722e+00
2.718735936797e+01,1.010985798480e+00
2.718935946797e+01,1.011060585034e+00
2.719135956798e+01,1.011133669201e+00
2.719335966798e+01,1.011205041051e+00
2.719535976799e+01,1.011274690902e+00
2.719735986799e+01,1.011342609324e+00
2.719935996800e+01,1.011408787139e+00
2.720136006800e+01,1.011473215421e+00
2.720336016801e+01,1.011535885497e+00
2.720536026801e+01,1.011596788947e+00
2.720736036802e+01,1.011655917607e+00
2.720936046802e+01,1.011713263568e+00
2.721136056803e+01,1.011768819176e+00
2.721336066803e+01,1.011822577033e+00
2.721536076804e+01,1.011874529999e+00
2.721736086804e+01,1.011924671190e+00
2.721936096805e+01,1.011972993981e+00
2.722136106805e+01,1.012019492005e+00
2.722336116806e+01,1.012064159154e+00
2.722536126806e+01,1.012106989578e+00
2.722736136807e+01,1.012147977690e+00
2.722936146807e+01,1.012187118159e+00
2.723136156808e+01,1.012224405917e+00
2.723336166808e+01,1.012259836156e+00
2.723536176809e+01,1.012293404330e+00
2.723736186809e+01,1.012325106153e+00
2.723936196810e+01,1.012354937602e+00
2.724136206810e+01,1.012382894914e+00
2.724336216811e+01,1.012408974591e+00
2.724536226811e+01,1.012433173396e+00
2.724736236812e+01,1.012455488354e+00
2.724936246812e+01,1.012475916754e+00
2.725136256813e+01,1.012494456147e+00
2.725336266813e+01,1.012511104348e+00
2.725536276814e+01,1.012525859434e+00
2.725736286814e+01,1.012538719747e+00
2.725936296815e+01,1.012549683891e+00
2.726136306815e+01,1.012558750733e+00
2.726336316816e+01,1.012565919405e+00
2.726536326816e+01,1.012571189302e+00
2.726736336817e+01,1.012574560080e+00
2.726936346817e+01,1.012576031663e+00
2.727136356818e+01,1.012575604233e+00
2.727336366818e+01,1.012573278240e+00
2.727536376819e+01,1.012569054394e+00
2.727736386819e+01,1.012562933669e+00
2.727936396820e+01,1.012554917303e+00
2.728136406820e+01,1.012545006794e+00
2.728336416821e+01,1.012533203904e+00
2.728536426821e+01,1.012519510660e+00
2.728736436822e+01,1.012503929346e+00
2.728936446822e+01,1.012486462510e+00
2.729136456823e+01,1.012467112964e+00
2.729336466823e+01,1.012445883778e+00
2.729536476824e+01,1.012422778284e+00
2.729736486824e+01,1.012397800074e+00
2.729936496825e+01,1.012370953002e+00
2.730136506825e+01,1.012342241181e+00
2.730336516826e+01,1.012311668983e+00
2.730536526826e+01,1.012279241039e+00
2.730736536827e+01,1.012244962240e+00
2.730936546827e+01,1.012208837734e+00
2.731136556828e+01,1.012170872927e+00
2.731336566828e+01,1.012131073481e+00
2.731536576829e+01,1.012089445317e+00
2.731736586829e+01,1.012045994611e+00
2.731936596830e+01,1.012000727794e+00
2.732136606830e+01,1.011953651552e+00
2.732336616831e+01,1.011904772826e+00
2.732536626831e+01,1.011854098810e+00
2.732736636832e+01,1.011801636952e+00
2.732936646832e+01,1.011747394952e+00
2.733136656833e+01,1.011691380760e+00
2.733336666833e+01,1.011633602579e+00
2.733536676834e+01,1.011574068861e+00
2.733736686834e+01,1.011512788308e+00
2.733936696835e+01,1.011449769869e+00
2.734136706835e+01,1.011385022744e+00
2.734336716836e+01,1.011318556375e+00
2.734536726836e+01,1.011250380454e+00
2.734736736837e+01,1.011180504917e+00
2.734936746837e+01,1.011108939943e+00
2.735136756838e+01,1.011035695955e+00
2.735336766838e+01,1.010960783619e+00
2.735536776839e+01,1.010884213841e+00
2.735736786839e+01,1.010805997767e+00
2.735936796840e+01,1.010726146783e+00
2.736136806840e+01,1.010644672512e+00
2.736336816841e+01,1.010561586816e+00
2.736536826841e+01,1.010476901791e+00
2.736736836842e+01,1.010390629767e+00
2.736936846842e+01,1.010302783308e+00
2.737136856843e+01,1.010213375213e+00
2.737336866843e+01,1.010122418507e+00
2.737536876844e+01,1.010029926448e+00
2.737736886844e+01,1.009935912522e+00
2.737936896845e+01,1.009840390441e+00
2.738136906845e+01,1.009743374144e+00
2.738336916846e+01,1.009644877794e+00
2.738536926846e+01,1.009544915776e+00
2.738736936847e+01,1.009443502697e+00
2.738936946847e+01,1.009340653384e+00
2.739136956848e+01,1.009236382883e+00
2.739336966848e+01,1.009130706456e+00
2.739536976849e+01,1.009023639581e+00
2.739736986849e+01,1.008915197949e+00
2.739936996850e+01,1.008805397464e+00
2.740137006850e+01,1.008694254240e+00
2.740337016851e+01,1.008581784601e+00
2.740537026851e+01,1.008468005077e+00
2.740737036852e+01,1.008352932403e+00
2.740937046852e+01,1.008236583518e+00
2.741137056853e+01,1.008118975564e+00
2.741337066853e+01,1.008000125880e+00
2.741537076854e+01,1.007880052006e+00
2.741737086854e+01,1.007758771677e+00
2.741937096855e+01,1.007636302821e+00
2.742137106855e+01,1.007512663560e+00
2.742337116856e+01,1.007387872205e+00
2.742537126856e+01,1.007261947257e+00
2.742737136857e+01,1.007134907400e+00
2.742937146857e+01,1.007006771505e+00
2.743137156858e+01,1.006877558622e+00
2.743337166858e+01,1.006747287984e+00
2.743537176859e+01,1.006615978998e+00
2.743737186859e+01,1.006483651249e+00
2.743937196860e+01,1.006350324493e+00
2.744137206860e+01,1.006216018657e+00
2.744337216861e+01,1.006080753837e+00
2.744537226861e+01,1.005944550293e+00
2.744737236862e+01,1.005807428450e+00
2.744937246862e+01,1.005669408895e+00
2.745137256863e+01,1.005530512371e+00
2.745337266863e+01,1.005390759777e+00
2.745537276864e+01,1.005250172169e+00
2.745737286864e+01,1.005108770749e+00
2.745937296865e+01,1.004966576870e+00
2.746137306865e+01,1.004823612030e+00
2.746337316866e+01,1.004679897869e+00
2.746537326866e+01,1.004535456167e+00
2.746737336867e+01,1.004390308844e+00
2.746937346867e+01,1.004244477949e+00
2.747137356868e+01,1.004097985668e+00
2.747337366868e+01,1.003950854313e+00
2.747537376869e+01,1.003803106322e+00
2.747737386869e+01,1.003654764255e+00
2.747937396870e+01,1.003505850794e+00
2.748137406870e+01,1.003356388736e+00
2.748337416871e+01,1.003206400993e+00
2.748537426871e+01,1.003055910585e+00
2.748737436872e+01,1.002904940644e+00
2.748937446872e+01,1.002753514401e+00
2.749137456873e+01,1.002601655193e+00
2.749337466873e+01,1.002449386450e+00
2.749537476874e+01,1.002296731700e+00
2.749737486874e+01,1.002143714561e+00
2.749937496875e+01,1.001990358740e+00
2.750137506875e+01,1.001836688027e+00
2.750337516876e+01,1.001682726294e+00
2.750537526876e+01,1.001528497491e+00
2.750737536877e+01,1.001374025640e+00
2.750937546877e+01,1.001219334837e+00
2.751137556878e+01,1.001064449242e+00
2.751337566878e+01,1.000909393081e+00
2.751537576879e+01,1.000754190638e+00
2.751737586879e+01,1.000598866253e+00
2.751937596880e+01,1.000443444321e+00
2.752137606880e+01,1.000287949284e+00
2.752337616881e+01,1.000132405629e+00
2.752537626881e+01,9.999768378850e-01
2.752737636882e+01,9.998212706185e-01
2.752937646882e+01,9.996657284296e-01
2.753137656883e+01,9.995102359481e-01
2.753337666883e+01,9.993548178300e-01
2.753537676884e+01,9.991994987532e-01
2.753737686884e+01,9.990443034137e-01
2.753937696885e+01,9.988892565215e-01
2.754137706885e+01,9.987343827968e-01
2.754337716886e+01,9.985797069658e-01
2.754537726886e+01,9.984252537565e-01
2.754737736887e+01,9.982710478956e-01
2.754937746887e+01,9.981171141031e-01
2.755137756888e+01,9.979634770890e-01
2.755337766888e+01,9.978101615487e-01
2.755537776889e+01,9.976571921594e-01
2.755737786889e+01,9.975045935750e-01
2.755937796890e+01,9.973523904230e-01
2.756137806890e+01,9.972006072992e-01
2.756337816891e+01,9.970492687644e-01
2.756537826891e+01,9.968983993394e-01
2.756737836892e+01,9.967480235012e-01
2.756937846892e+01,9.965981656785e-01
2.757137856893e+01,9.964488502472e-01
2.757337866893e+01,9.963001015267e-01
2.757537876894e+01,9.961519437749e-01
2.757737886894e+01,9.960044011840e-01
2.757937896895e+01,9.958574978766e-01
2.758137906895e+01,9.957112579007e-01
2.758337916896e+01,9.955657052257e-01
2.758537926896e+01,9.954208637378e-01
2.758737936897e+01,9.952767572357e-01
2.758937946897e+01,9.951334094263e-01
2.759137956898e+01,9.949908439200e-01
2.759337966898e+01,9.948490842264e-01
2.759537976899e+01,9.947081537501e-01
2.759737986899e+01,9.945680757861e-01
2.759937996900e+01,9.944288735154e-01
2.760138006900e+01,9.942905700007e-01
2.760338016901e+01,9.941531881818e-01
2.760538026901e+01,9.940167508710e-01
2.760738036902e+01,9.938812807492e-01
2.760938046902e+01,9.937468003612e-01
2.761138056903e+01,9.936133321112e-01
2.761338066903e+01,9.934808982586e-01
2.761538076904e+01,9.933495209137e-01
2.761738086904e+01,9.932192220329e-01
2.761938096905e+01,9.930900234148e-01
2.762138106905e+01,9.929619466956e-01
2.762338116906e+01,9.928350133447e-01
2.762538126906e+01,9.927092446607e-01
2.762738136907e+01,9.925846617668e-01
2.762938146907e+01,9.924612856066e-01
2.763138156908e+01,9.923391369398e-01
2.763338166908e+01,9.922182363381e-01
2.763538176909e+01,9.920986041806e-01
2.763738186909e+01,9.919802606503e-01
2.763938196910e+01,9.918632257291e-01
2.764138206910e+01,9.917475191944e-01
2.764338216911e+01,9.916331606142e-01
2.764538226911e+01,9.915201693438e-01
2.764738236912e+01,9.914085645212e-01
2.764938246912e+01,9.912983650630e-01
2.765138256913e+01,9.911895896610e-01
2.765338266913e+01,9.910822567775e-01
2.765538276914e+01,9.909763846420e-01
2.765738286914e+01,9.908719912467e-01
2.765938296915e+01,9.907690943433e-01
2.766138306915e+01,9.906677114387e-01
2.766338316916e+01,9.905678597915e-01
2.766538326916e+01,9.904695564080e-01
2.766738336917e+01,9.903728180387e-01
2.766938346917e+01,9.902776611747e-01
2.767138356918e+01,9.901841020439e-01
2.767338366918e+01,9.900921566077e-01
2.767538376919e+01,9.900018405572e-01
2.767738386919e+01,9.899131693099e-01
2.767938396920e+01,9.898261580064e-01
2.768138406920e+01,9.897408215068e-01
2.768338416921e+01,9.896571743877e-01
2.768538426921e+01,9.895752309389e-01
2.768738436922e+01,9.894950051600e-01
2.768938446922e+01,9.894165107577e-01
2.769138456923e+01,9.893397611425e-01
2.769338466923e+01,9.892647694259e-01
2.769538476924e+01,9.891915484165e-01
2.769738486924e+01,9.891201106183e-01
2.769938496925e+01,9.890504682274e-01
2.770138506925e+01,9.889826331292e-01
2.770338516926e+01,9.889166168959e-01
2.770538526926e+01,9.888524307836e-01
2.770738536927e+01,9.887900857303e-01
2.770938546927e+01,9.887295923528e-01
2.771138556928e+01,9.886709609448e-01
2.771338566928e+01,9.886142014741e-01
2.771538576929e+01,9.885593235807e-01
2.771738586929e+01,9.885063365745e-01
2.771938596930e+01,9.884552494330e-01
2.772138606930e+01,9.884060707995e-01
2.772338616931e+01,9.883588089809e-01
2.772538626931e+01,9.883134719461e-01
2.772738636932e+01,9.882700673237e-01
2.772938646932e+01,9.882286024008e-01
2.773138656933e+01,9.881890841211e-01
2.773338666933e+01,9.881515190833e-01
2.773538676934e+01,9.881159135399e-01
2.773738686934e+01,9.880822733953e-01
2.773938696935e+01,9.880506042053e-01
2.774138706935e+01,9.880209111749e-01
2.774338716936e+01,9.879931991569e-01
2.774538726936e+01,9.879674726519e-01
2.774738736937e+01,9.879437358066e-01
2.774938746937e+01,9.879219924131e-01
2.775138756938e+01,9.879022459081e-01
2.775338766938e+01,9.878844993718e-01
2.775538776939e+01,9.878687555278e-01
2.775738786939e+01,9.878550167421e-01
2.775938796940e+01,9.878432850227e-01
2.776138806940e+01,9.878335620193e-01
2.776338816941e+01,9.878258490226e-01
2.776538826941e+01,9.878201469647e-01
2.776738836942e+01,9.878164564182e-01
2.776938846942e+01,9.878147775967e-01
2.777138856943e+01,9.878151103543e-01
2.777338866943e+01,9.878174541863e-01
2.777538876944e+01,9.878218082288e-01
2.777738886944e+01,9.878281712594e-01
2.777938896945e+01,9.878365416975e-01
2.778138906945e+01,9.878469176047e-01
2.778338916946e+01,9.878592966853e-01
2.778538926946e+01,9.878736762874e-01
2.778738936947e+01,9.878900534027e-01
2.778938946947e+01,9.879084246674e-01
2.779138956948e+01,9.879287863635e-01
2.779338966948e+01,9.879511344198e-01
2.779538976949e+01,9.879754644126e-01
2.779738986949e+01,9.880017715671e-01
2.779938996950e+01,9.880300507584e-01
2.780139006950e+01,9.880602965130e-01
2.780339016951e+01,9.880925030099e-01
2.780539026951e+01,9.881266640822e-01
2.780739036952e+01,9.881627732187e-01
2.780939046952e+01,9.882008235654e-01
2.781139056953e+01,9.882408079272e-01
2.781339066953e+01,9.882827187695e-01
2.781539076954e+01,9.883265482202e-01
2.781739086954e+01,9.883722880717e-01
2.781939096955e+01,9.884199297827e-01
2.782139106955e+01,9.884694644804e-01
2.782339116956e+01,9.885208829626e-01
2.782539126956e+01,9.885741756999e-01
2.782739136957e+01,9.886293328384e-01
2.782939146957e+01,9.886863442014e-01
2.783139156958e+01,9.887451992926e-01
2.783339166958e+01,9.888058872973e-01
2.783539176959e+01,9.888683970861e-01
2.783739186959e+01,9.889327172172e-01
2.783939196960e+01,9.889988359393e-01
2.784139206960e+01,9.890667411939e-01
2.784339216961e+01,9.891364206185e-01
2.784539226961e+01,9.892078615495e-01
2.784739236962e+01,9.892810510251e-01
2.784939246962e+01,9.893559757883e-01
2.785139256963e+01,9.894326222898e-01
2.785339266963e+01,9.895109766916e-01
2.785539276964e+01,9.895910248696e-01
2.785739286964e+01,9.896727524175e-01
2.785939296965e+01,9.897561446493e-01
2.786139306965e+01,9.898411866034e-01
2.786339316966e+01,9.899278630454e-01
2.786539326966e+01,9.900161584722e-01
2.786739336967e+01,9.901060571148e-01
2.786939346967e+01,9.901975429424e-01
2.787139356968e+01,9.902905996659e-01
2.787339366968e+01,9.903852107414e-01
2.787539376969e+01,9.904813593741e-01
2.787739386969e+01,9.905790285220e-01
2.787939396970e+01,9.906782009000e-01
2.788139406970e+01,9.907788589832e-01
2.788339416971e+01,9.908809850100e-01
2.788539426971e+01,9.909845609875e-01
2.788739436972e+01,9.910895686946e-01
2.788939446972e+01,9.911959896864e-01
2.789139456973e+01,9.913038052978e-01
2.789339466973e+01,9.914129966478e-01
2.789539476974e+01,9.915235446433e-01
2.789739486974e+01,9.916354299837e-01
2.789939496975e+01,9.917486331645e-01
2.790139506975e+01,9.918631344814e-01
2.790339516976e+01,9.919789140351e-01
2.790539526976e+01,9.920959517349e-01
2.790739536977e+01,9.922142273031e-01
2.790939546977e+01,9.923337202792e-01
2.791139556978e+01,9.924544100242e-01
2.791339566978e+01,9.925762757250e-01
2.791539576979e+01,9.926992963984e-01
2.791739586979e+01,9.928234508956e-01
2.791939596980e+01,9.929487179065e-01
2.792139606980e+01,9.930750759641e-01
2.792339616981e+01,9.932025034489e-01
2.792539626981e+01,9.933309785928e-01
2.792739636982e+01,9.934604794843e-01
2.792939646982e+01,9.935909840723e-01
2.793139656983e+01,9.937224701704e-01
2.793339666983e+01,9.938549154613e-01
2.793539676984e+01,9.939882975015e-01
2.793739686984e+01,9.941225937257e-01
2.793939696985e+01,9.942577814507e-01
2.794139706985e+01,9.943938378805e-01
2.794339716986e+01,9.945307401101e-01
2.794539726986e+01,9.946684651304e-01
2.794739736987e+01,9.948069898319e-01
2.794939746987e+01,9.949462910099e-01
2.795139756988e+01,9.950863453683e-01
2.795339766988e+01,9.952271295243e-01
2.795539776989e+01,9.953686200125e-01
2.795739786989e+01,9.955107932895e-01
2.795939796990e+01,9.956536257382e-01
2.796139806990e+01,9.957970936720e-01
2.796339816991e+01,9.959411733393e-01
2.796539826991e+01,9.960858409278e-01
2.796739836992e+01,9.962310725686e-01
2.796939846992e+01,9.963768443408e-01
2.797139856993e+01,9.965231322756e-01
2.797339866993e+01,9.966699123606e-01
2.797539876994e+01,9.968171605439e-01
2.797739886994e+01,9.969648527387e-01
2.797939896995e+01,9.971129648269e-01
2.798139906995e+01,9.972614726640e-01
2.798339916996e+01,9.974103520829e-01
2.798539926996e+01,9.975595788978e-01
2.798739936997e+01,9.977091289088e-01
2.798939946997e+01,9.978589779058e-01
2.799139956998e+01,9.980091016726e-01
2.799339966998e+01,9.981594759908e-01
2.799539976999e+01,9.983100766441e-01
2.799739986999e+01,9.984608794221e-01
2.799939997000e+01,9.986118601242e-01
2.800140007000e+01,9.987629945641e-01
2.800340017001e+01,9.989142585728e-01
2.800540027001e+01,9.990656280035e-01
2.800740037002e+01,9.992170787348e-01
2.800940047002e+01,9.993685866746e-01
2.801140057003e+01,9.995201277645e-01
2.801340067003e+01,9.996716779827e-01
2.801540077004e+01,9.998232133484e-01
2.801740087004e+01,9.999747099254e-01
2.801940097005e+01,1.000126143826e+00
2.802140107005e+01,1.000277491213e+00
2.802340117006e+01,1.000428728306e+00
2.802540127006e+01,1.000579831384e+00
2.802740137007e+01,1.000730776787e+00
2.802940147007e+01,1.000881540923e+00
2.803140157008e+01,1.001032100268e+00
2.803340167008e+01,1.001182431372e+00
2.803540177009e+01,1.001332510863e+00
2.803740187009e+01,1.001482315445e+00
2.803940197010e+01,1.001631821910e+00
2.804140207010e+01,1.001781007134e+00
2.804340217011e+01,1.001929848083e+00
2.804540227011e+01,1.002078321817e+00
2.804740237012e+01,1.002226405492e+00
2.804940247012e+01,1.002374076363e+00
2.805140257013e+01,1.002521311790e+00
2.805340267013e+01,1.002668089235e+00
2.805540277014e+01,1.002814386272e+00
2.805740287014e+01,1.002960180587e+00
2.805940297015e+01,1.003105449980e+00
2.806140307015e+01,1.003250172367e+00
2.806340317016e+01,1.003394325790e+00
2.806540327016e+01,1.003537888410e+00
2.806740337017e+01,1.003680838516e+00
2.806940347017e+01,1.003823154529e+00
2.807140357018e+01,1.003964814998e+00
2.807340367018e+01,1.004105798610e+00
2.807540377019e+01,1.004246084188e+00
2.807740387019e+01,1.004385650698e+00
2.807940397020e+01,1.004524477245e+00
2.808140407020e+01,1.004662543082e+00
2.808340417021e+01,1.004799827611e+00
2.808540427021e+01,1.004936310383e+00
2.808740437022e+01,1.005071971104e+00
2.808940447022e+01,1.005206789634e+00
2.809140457023e+01,1.005340745991e+00
2.809340467023e+01,1.005473820356e+00
2.809540477024e+01,1.005605993069e+00
2.809740487024e+01,1.005737244639e+00
2.809940497025e+01,1.005867555739e+00
2.810140507025e+01,1.005996907215e+00
2.810340517026e+01,1.006125280081e+00
2.810540527026e+01,1.006252655529e+00
2.810740537027e+01,1.006379014926e+00
2.810940547027e+01,1.006504339814e+00
2.811140557028e+01,1.006628611921e+00
2.811340567028e+01,1.006751813153e+00
2.811540577029e+01,1.006873925603e+00
2.811740587029e+01,1.006994931548e+00
2.811940597030e+01,1.007114813455e+00
2.812140607030e+01,1.007233553982e+00
2.812340617031e+01,1.007351135976e+00
2.812540627031e+01,1.007467542481e+00
2.812740637032e+01,1.007582756736e+00
2.812940647032e+01,1.007696762175e+00
2.813140657033e+01,1.007809542433e+00
2.813340667033e+01,1.007921081348e+00
2.813540677034e+01,1.008031362957e+00
2.813740687034e+01,1.008140371503e+00
2.813940697035e+01,1.008248091435e+00
2.814140707035e+01,1.008354507408e+00
2.814340717036e+01,1.008459604287e+00
2.814540727036e+01,1.008563367147e+00
2.814740737037e+01,1.008665781275e+00
2.814940747037e+01,1.008766832172e+00
2.815140757038e+01,1.008866505553e+00
2.815340767038e+01,1.008964787348e+00
2.815540777039e+01,1.009061663707e+00
2.815740787039e+01,1.009157120997e+00
2.815940797040e+01,1.009251145806e+00
2.816140807040e+01,1.009343724942e+00
2.816340817041e+01,1.009434845437e+00
2.816540827041e+01,1.009524494548e+00
2.816740837042e+01,1.009612659753e+00
2.816940847042e+01,1.009699328761e+00
2.817140857043e+01,1.009784489505e+00
2.817340867043e+01,1.009868130147e+00
2.817540877044e+01,1.009950239079e+00
2.817740887044e+01,1.010030804923e+00
2.817940897045e+01,1.010109816532e+00
2.818140907045e+01,1.010187262994e+00
2.818340917046e+01,1.010263133627e+00
2.818540927046e+01,1.010337417986e+00
2.818740937047e+01,1.010410105861e+00
2.818940947047e+01,1.010481187276e+00
2.819140957048e+01,1.010550652494e+00
2.819340967048e+01,1.010618492016e+00
2.819540977049e+01,1.010684696581e+00
2.819740987049e+01,1.010749257167e+00
2.819940997050e+01,1.010812164993e+00
2.820141007050e+01,1.010873411518e+00
2.820341017051e+01,1.010932988445e+00
2.820541027051e+01,1.010990887716e+00
2.820741037052e+01,1.011047101518e+00
2.820941047052e+01,1.011101622281e+00
2.821141057053e+01,1.011154442679e+00
2.821341067053e+01,1.011205555632e+00
2.821541077054e+01,1.011254954304e+00
2.821741087054e+01,1.011302632106e+00
2.821941097055e+01,1.011348582693e+00
2.822141107055e+01,1.011392799971e+00
2.822341117056e+01,1.011435278089e+00
2.822541127056e+01,1.011476011447e+00
2.822741137057e+01,1.011514994691e+00
2.822941147057e+01,1.011552222717e+00
2.823141157058e+01,1.011587690669e+00
2.823341167058e+01,1.011621393942e+00
2.823541177059e+01,1.011653328179e+00
2.823741187059e+01,1.011683489274e+00
2.823941197060e+01,1.011711873369e+00
2.824141207060e+01,1.011738476861e+00
2.824341217061e+01,1.011763296393e+00
2.824541227061e+01,1.011786328863e+00
2.824741237062e+01,1.011807571416e+00
2.824941247062e+01,1.011827021452e+00
2.825141257063e+01,1.011844676622e+00
2.825341267063e+01,1.011860534827e+00
2.825541277064e+01,1.011874594220e+00
2.825741287064e+01,1.011886853207e+00
2.825941297065e+01,1.011897310446e+00
2.826141307065e+01,1.011905964846e+00
2.826341317066e+01,1.011912815569e+00
2.826541327066e+01,1.011917862028e+00
2.826741337067e+01,1.011921103889e+00
2.826941347067e+01,1.011922541069e+00
2.827141357068e+01,1.011922173739e+00
2.827341367068e+01,1.011920002318e+00
2.827541377069e+01,1.011916027480e+00
2.827741387069e+01,1.011910250151e+00
2.827941397070e+01,1.011902671505e+00
2.828141407070e+01,1.011893292970e+00
2.828341417071e+01,1.011882116227e+00
2.828541427071e+01,1.011869143202e+00
2.828741437072e+01,1.011854376079e+00
2.828941447072e+01,1.011837817286e+00
2.829141457073e+01,1.011819469506e+00
2.829341467073e+01,1.011799335669e+00
2.829541477074e+01,1.011777418956e+00
2.829741487074e+01,1.011753722797e+00
2.829941497075e+01,1.011728250870e+00
2.830141507075e+01,1.011701007104e+00
2.830341517076e+01,1.011671995673e+00
2.830541527076e+01,1.011641221001e+00
2.830741537077e+01,1.011608687759e+00
2.830941547077e+01,1.011574400864e+00
2.831141557078e+01,1.011538365480e+00
2.831341567078e+01,1.011500587017e+00
2.831541577079e+01,1.011461071130e+00
2.831741587079e+01,1.011419823719e+00
2.831941597080e+01,1.011376850929e+00
2.832141607080e+01,1.011332159146e+00
2.832341617081e+01,1.011285755003e+00
2.832541627081e+01,1.011237645371e+00
2.832741637082e+01,1.011187837367e+00
2.832941647082e+01,1.011136338345e+00
2.833141657083e+01,1.011083155902e+00
2.833341667083e+01,1.011028297875e+00
2.833541677084e+01,1.010971772338e+00
2.833741687084e+01,1.010913587603e+00
2.833941697085e+01,1.010853752221e+00
2.834141707085e+01,1.010792274979e+00
2.834341717086e+01,1.010729164898e+00
2.834541727086e+01,1.010664431237e+00
2.834741737087e+01,1.010598083484e+00
2.834941747087e+01,1.010530131364e+00
2.835141757088e+01,1.010460584833e+00
2.835341767088e+01,1.010389454077e+00
2.835541777089e+01,1.010316749513e+00
2.835741787089e+01,1.010242481787e+00
2.835941797090e+01,1.010166661771e+00
2.836141807090e+01,1.010089300566e+00
2.836341817091e+01,1.010010409500e+00
2.836541827091e+01,1.009930000121e+00
2.836741837092e+01,1.009848084206e+00
2.836941847092e+01,1.009764673749e+00
2.837141857093e+01,1.009679780970e+00
2.837341867093e+01,1.009593418306e+00
2.837541877094e+01,1.009505598413e+00
2.837741887094e+01,1.009416334165e+00
2.837941897095e+01,1.009325638650e+00
2.838141907095e+01,1.009233525174e+00
2.838341917096e+01,1.009140007255e+00
2.838541927096e+01,1.009045098621e+00
2.838741937097e+01,1.008948813213e+00
2.838941947097e+01,1.008851165180e+00
2.839141957098e+01,1.008752168880e+00
2.839341967098e+01,1.008651838874e+00
2.839541977099e+01,1.008550189930e+00
2.839741987099e+01,1.008447237019e+00
2.839941997100e+01,1.008342995313e+00
2.840142007100e+01,1.008237480182e+00
2.840342017101e+01,1.008130707196e+00
2.840542027101e+01,1.008022692123e+00
2.840742037102e+01,1.007913450921e+00
2.840942047102e+01,1.007802999745e+00
2.841142057103e+01,1.007691354941e+00
2.841342067103e+01,1.007578533041e+00
2.841542077104e+01,1.007464550768e+00
2.841742087104e+01,1.007349425030e+00
2.841942097105e+01,1.007233172918e+00
2.842142107105e+01,1.007115811705e+00
2.842342117106e+01,1.006997358844e+00
2.842542127106e+01,1.006877831966e+00
2.842742137107e+01,1.006757248877e+00
2.842942147107e+01,1.006635627558e+00
2.843142157108e+01,1.006512986162e+00
2.843342167108e+01,1.006389343011e+00
2.843542177109e+01,1.006264716593e+00
2.843742187109e+01,1.006139125563e+00
2.843942197110e+01,1.006012588740e+00
2.844142207110e+01,1.005885125102e+00
2.844342217111e+01,1.005756753785e+00
2.844542227111e+01,1.005627494083e+00
2.844742237112e+01,1.005497365442e+00
2.844942247112e+01,1.005366387462e+00
2.845142257113e+01,1.005234579890e+00
2.845342267113e+01,1.005101962620e+00
2.845542277114e+01,1.004968555690e+00
2.845742287114e+01,1.004834379281e+00
2.845942297115e+01,1.004699453710e+00
2.846142307115e+01,1.004563799433e+00
2.846342317116e+01,1.004427437041e+00
2.846542327116e+01,1.004290387252e+00
2.846742337117e+01,1.004152670917e+00
2.846942347117e+01,1.004014309010e+00
2.847142357118e+01,1.003875322629e+00
2.847342367118e+01,1.003735732992e+00
2.847542377119e+01,1.003595561434e+00
2.847742387119e+01,1.003454829407e+00
2.847942397120e+01,1.003313558471e+00
2.848142407120e+01,1.003171770297e+00
2.848342417121e+01,1.003029486663e+00
2.848542427121e+01,1.002886729448e+00
2.848742437122e+01,1.002743520631e+00
2.848942447122e+01,1.002599882288e+00
2.849142457123e+01,1.002455836590e+00
2.849342467123e+01,1.002311405798e+00
2.849542477124e+01,1.002166612259e+00
2.849742487124e+01,1.002021478407e+00
2.849942497125e+01,1.001876026754e+00
2.850142507125e+01,1.001730279893e+00
2.850342517126e+01,1.001584260489e+00
2.850542527126e+01,1.001437991281e+00
2.850742537127e+01,1.001291495073e+00
2.850942547127e+01,1.001144794737e+00
2.851142557128e+01,1.000997913203e+00
2.851342567128e+01,1.000850873461e+00
2.851542577129e+01,1.000703698554e+00
2.851742587129e+01,1.000556411578e+00
2.851942597130e+01,1.000409035675e+00
2.852142607130e+01,1.000261594030e+00
2.852342617131e+01,1.000114109870e+00
2.852542627131e+01,9.999666064576e-01
2.852742637132e+01,9.998191070888e-01
2.852942647132e+01,9.996716350891e-01
2.853142657133e+01,9.995242138099e-01
2.853342667133e+01,9.993768666249e-01
2.853542677134e+01,9.992296169259e-01
2.853742687134e+01,9.990824881194e-01
2.853942697135e+01,9.989355036228e-01
2.854142707135e+01,9.987886868607e-01
2.854342717136e+01,9.986420612608e-01
2.854542727136e+01,9.984956502504e-01
2.854742737137e+01,9.983494772522e-01
2.854942747137e+01,9.982035656807e-01
2.855142757138e+01,9.980579389383e-01
2.855342767138e+01,9.979126204111e-01
2.855542777139e+01,9.977676334652e-01
2.855742787139e+01,9.976230014429e-01
2.855942797140e+01,9.974787476582e-01
2.856142807140e+01,9.973348953934e-01
2.856342817141e+01,9.971914678948e-01
2.856542827141e+01,9.970484883687e-01
2.856742837142e+01,9.969059799773e-01
2.856942847142e+01,9.967639658349e-01
2.857142857143e+01,9.966224690034e-01
2.857342867143e+01,9.964815124888e-01
2.857542877144e+01,9.963411192365e-01
2.857742887144e+01,9.962013121275e-01
2.857942897145e+01,9.960621139744e-01
2.858142907145e+01,9.959235475173e-01
2.858342917146e+01,9.957856354196e-01
2.858542927146e+01,9.956484002637e-01
2.858742937147e+01,9.955118645473e-01
2.858942947147e+01,9.953760506785e-01
2.859142957148e+01,9.952409809727e-01
2.859342967148e+01,9.951066776475e-01
2.859542977149e+01,9.949731628191e-01
2.859742987149e+01,9.948404584980e-01
2.859942997150e+01,9.947085865849e-01
2.860143007150e+01,9.945775688665e-01
2.860343017151e+01,9.944474270115e-01
2.860543027151e+01,9.943181825662e-01
2.860743037152e+01,9.941898569507e-01
2.860943047152e+01,9.940624714543e-01
2.861143057153e+01,9.939360472321e-01
2.861343067153e+01,9.938106053002e-01
2.861543077154e+01,9.936861665319e-01
2.861743087154e+01,9.935627516537e-01
2.861943097155e+01,9.934403812412e-01
2.862143107155e+01,9.933190757146e-01
2.862343117156e+01,9.931988553354e-01
2.862543127156e+01,9.930797402018e-01
2.862743137157e+01,9.929617502448e-01
2.862943147157e+01,9.928449052244e-01
2.863143157158e+01,9.927292247255e-01
2.863343167158e+01,9.926147281536e-01
2.863543177159e+01,9.925014347316e-01
2.863743187159e+01,9.923893634953e-01
2.863943197160e+01,9.922785332895e-01
2.864143207160e+01,9.921689627646e-01
2.864343217161e+01,9.920606703723e-01
2.864543227161e+01,9.919536743620e-01
2.864743237162e+01,9.918479927770e-01
2.864943247162e+01,9.917436434507e-01
2.865143257163e+01,9.916406440030e-01
2.865343267163e+01,9.915390118365e-01
2.865543277164e+01,9.914387641328e-01
2.865743287164e+01,9.913399178489e-01
2.865943297165e+01,9.912424897137e-01
2.866143307165e+01,9.911464962246e-01
2.866343317166e+01,9.910519536434e-01
2.866543327166e+01,9.909588779936e-01
2.866743337167e+01,9.908672850563e-01
2.866943347167e+01,9.907771903674e-01
2.867143357168e+01,9.906886092139e-01
2.867343367168e+01,9.906015566308e-01
2.867543377169e+01,9.905160473978e-01
2.867743387169e+01,9.904320960361e-01
2.867943397170e+01,9.903497168053e-01
2.868143407170e+01,9.902689236999e-01
2.868343417171e+01,9.901897304466e-01
2.868543427171e+01,9.901121505014e-01
2.868743437172e+01,9.900361970465e-01
2.868943447172e+01,9.899618829872e-01
2.869143457173e+01,9.898892209497e-01
2.869343467173e+01,9.898182232776e-01
2.869543477174e+01,9.897489020296e-01
2.869743487174e+01,9.896812689767e-01
2.869943497175e+01,9.896153355998e-01
2.870143507175e+01,9.895511130869e-01
2.870343517176e+01,9.894886123305e-01
2.870543527176e+01,9.894278439256e-01
2.870743537177e+01,9.893688181671e-01
2.870943547177e+01,9.893115450473e-01
2.871143557178e+01,9.892560342542e-01
2.871343567178e+01,9.892022951686e-01
2.871543577179e+01,9.891503368628e-01
2.871743587179e+01,9.891001680980e-01
2.871943597180e+01,9.890517973227e-01
2.872143607180e+01,9.890052326706e-01
2.872343617181e+01,9.889604819591e-01
2.872543627181e+01,9.889175526873e-01
2.872743637182e+01,9.888764520345e-01
2.872943647182e+01,9.888371868579e-01
2.873143657183e+01,9.887997636916e-01
2.873343667183e+01,9.887641887454e-01
2.873543677184e+01,9.887304679031e-01
2.873743687184e+01,9.886986067212e-01
2.873943697185e+01,9.886686104276e-01
2.874143707185e+01,9.886404839207e-01
2.874343717186e+01,9.886142317683e-01
2.874543727186e+01,9.885898582062e-01
2.874743737187e+01,9.885673671378e-01
2.874943747187e+01,9.885467621328e-01
2.875143757188e+01,9.885280464268e-01
2.875343767188e+01,9.885112229201e-01
2.875543777189e+01,9.884962941776e-01
2.875743787189e+01,9.884832624280e-01
2.875943797190e+01,9.884721295633e-01
2.876143807190e+01,9.884628971385e-01
2.876343817191e+01,9.884555663713e-01
2.876543827191e+01,9.884501381419e-01
2.876743837192e+01,9.884466129928e-01
2.876943847192e+01,9.884449911292e-01
2.877143857193e+01,9.884452724183e-01
2.877343867193e+01,9.884474563902e-01
2.877543877194e+01,9.884515422368e-01
2.877743887194e+01,9.884575288130e-01
2.877943897195e+01,9.884654146370e-01
2.878143907195e+01,9.884751978903e-01
2.878343917196e+01,9.884868764186e-01
2.878543927196e+01,9.885004477324e-01
2.878743937197e+01,9.885159090071e-01
2.878943947197e+01,9.885332570843e-01
2.879143957198e+01,9.885524884725e-01
2.879343967198e+01,9.885735993478e-01
2.879543977199e+01,9.885965855549e-01
2.879743987199e+01,9.886214426082e-01
2.879943997200e+01,9.886481656928e-01
2.880144007200e+01,9.886767496658e-01
2.880344017201e+01,9.887071890574e-01
2.880544027201e+01,9.887394780724e-01
2.880744037202e+01,9.887736105916e-01
2.880944047202e+01,9.888095801730e-01
2.881144057203e+01,9.888473800539e-01
2.881344067203e+01,9.888870031520e-01
2.881544077204e+01,9.889284420675e-01
2.881744087204e+01,9.889716890850e-01
2.881944097205e+01,9.890167361751e-01
2.882144107205e+01,9.890635749960e-01
2.882344117206e+01,9.891121968954e-01
2.882544127206e+01,9.891625929133e-01
2.882744137207e+01,9.892147537834e-01
2.882944147207e+01,9.892686699359e-01
2.883144157208e+01,9.893243314992e-01
2.883344167208e+01,9.893817283025e-01
2.883544177209e+01,9.894408498783e-01
2.883744187209e+01,9.895016854645e-01
2.883944197210e+01,9.895642240073e-01
2.884144207210e+01,9.896284541632e-01
2.884344217211e+01,9.896943643023e-01
2.884544227211e+01,9.897619425105e-01
2.884744237212e+01,9.898311765923e-01
2.884944247212e+01,9.899020540737e-01
2.885144257213e+01,9.899745622050e-01
2.885344267213e+01,9.900486879636e-01
2.885544277214e+01,9.901244180571e-01
2.885744287214e+01,9.902017389263e-01
2.885944297215e+01,9.902806367481e-01
2.886144307215e+01,9.903610974390e-01
2.886344317216e+01,9.904431066578e-01
2.886544327216e+01,9.905266498094e-01
2.886744337217e+01,9.906117120477e-01
2.886944347217e+01,9.906982782789e-01
2.887144357218e+01,9.907863331650e-01
2.887344367218e+01,9.908758611261e-01
2.887544377219e+01,9.909668463453e-01
2.887744387219e+01,9.910592727716e-01
2.887944397220e+01,9.911531241235e-01
2.888144407220e+01,9.912483838923e-01
2.888344417221e+01,9.913450353459e-01
2.888544427221e+01,9.914430615326e-01
2.888744437222e+01,9.915424452843e-01
2.888944447222e+01,9.916431692205e-01
2.889144457223e+01,9.917452157519e-01
2.889344467223e+01,9.918485670844e-01
2.889544477224e+01,9.919532052224e-01
2.889744487224e+01,9.920591119731e-01
2.889944497225e+01,9.921662689498e-01
2.890144507225e+01,9.922746575764e-01
2.890344517226e+01,9.923842590908e-01
2.890544527226e+01,9.924950545488e-01
2.890744537227e+01,9.926070248284e-01
2.890944547227e+01,9.927201506334e-01
2.891144557228e+01,9.928344124975e-01
2.891344567228e+01,9.929497907886e-01
2.891544577229e+01,9.930662657121e-01
2.891744587229e+01,9.931838173158e-01
2.891944597230e+01,9.933024254934e-01
2.892144607230e+01,9.934220699884e-01
2.892344617231e+01,9.935427303983e-01
2.892544627231e+01,9.936643861788e-01
2.892744637232e+01,9.937870166478e-01
2.892944647232e+01,9.939106009897e-01
2.893144657233e+01,9.940351182590e-01
2.893344667233e+01,9.941605473851e-01
2.893544677234e+01,9.942868671757e-01
2.893744687234e+01,9.944140563215e-01
2.893944697235e+01,9.945420933999e-01
2.894144707235e+01,9.946709568792e-01
2.894344717236e+01,9.948006251231e-01
2.894544727236e+01,9.949310763943e-01
2.894744737237e+01,9.950622888588e-01
2.894944747237e+01,9.951942405901e-01
2.895144757238e+01,9.953269095734e-01
2.895344767238e+01,9.954602737094e-01
2.895544777239e+01,9.955943108187e-01
2.895744787239e+01,9.957289986456e-01
2.895944797240e+01,9.958643148625e-01
2.896144807240e+01,9.960002370739e-01
2.896344817241e+01,9.961367428203e-01
2.896544827241e+01,9.962738095825e-01
2.896744837242e+01,9.964114147853e-01
2.896944847242e+01,9.965495358021e-01
2.897144857243e+01,9.966881499584e-01
2.897344867243e+01,9.968272345361e-01
2.897544877244e+01,9.969667667772e-01
2.897744887244e+01,9.971067238882e-01
2.897944897245e+01,9.972470830439e-01
2.898144907245e+01,9.973878213912e-01
2.898344917246e+01,9.975289160532e-01
2.898544927246e+01,9.976703441332e-01
2.898744937247e+01,9.978120827181e-01
2.898944947247e+01,9.979541088830e-01
2.899144957248e+01,9.980963996945e-01
2.899344967248e+01,9.982389322149e-01
2.899544977249e+01,9.983816835056e-01
2.899744987249e+01,9.985246306313e-01
2.899944997250e+01,9.986677506638e-01
2.900145007250e+01,9.988110206851e-01
2.900345017251e+01,9.989544177921e-01
2.900545027251e+01,9.990979190995e-01
2.900745037252e+01,9.992415017437e-01
2.900945047252e+01,9.993851428867e-01
2.901145057253e+01,9.995288197194e-01
2.901345067253e+01,9.996725094653e-01
2.901545077254e+01,9.998161893841e-01
2.901745087254e+01,9.999598367751e-01
2.901945097255e+01,1.000103428981e+00
2.902145107255e+01,1.000246943391e+00
2.902345117256e+01,1.000390357444e+00
2.902545127256e+01,1.000533648634e+00
2.902745137257e+01,1.000676794511e+00
2.902945147257e+01,1.000819772686e+00
2.903145157258e+01,1.000962560831e+00
2.903345167258e+01,1.001105136690e+00
2.903545177259e+01,1.001247478072e+00
2.903745187259e+01,1.001389562863e+00
2.903945197260e+01,1.001531369024e+00
2.904145207260e+01,1.001672874597e+00
2.904345217261e+01,1.001814057706e+00
2.904545227261e+01,1.001954896562e+00
2.904745237262e+01,1.002095369465e+00
2.904945247262e+01,1.002235454807e+00
2.905145257263e+01,1.002375131076e+00
2.905345267263e+01,1.002514376857e+00
2.905545277264e+01,1.002653170838e+00
2.905745287264e+01,1.002791491810e+00
2.905945297265e+01,1.002929318671e+00
2.906145307265e+01,1.003066630429e+00
2.906345317266e+01,1.003203406206e+00
2.906545327266e+01,1.003339625237e+00
2.906745337267e+01,1.003475266878e+00
2.906945347267e+01,1.003610310604e+00
2.907145357268e+01,1.003744736014e+00
2.907345367268e+01,1.003878522834e+00
2.907545377269e+01,1.004011650919e+00
2.907745387269e+01,1.004144100254e+00
2.907945397270e+01,1.004275850960e+00
2.908145407270e+01,1.004406883293e+00
2.908345417271e+01,1.004537177650e+00
2.908545427271e+01,1.004666714567e+00
2.908745437272e+01,1.004795474726e+00
2.908945447272e+01,1.004923438954e+00
2.909145457273e+01,1.005050588227e+00
2.909345467273e+01,1.005176903673e+00
2.909545477274e+01,1.005302366571e+00
2.909745487274e+01,1.005426958357e+00
2.909945497275e+01,1.005550660625e+00
2.910145507275e+01,1.005673455128e+00
2.910345517276e+01,1.005795323782e+00
2.910545527276e+01,1.005916248665e+00
2.910745537277e+01,1.006036212025e+00
2.910945547277e+01,1.006155196274e+00
2.911145557278e+01,1.006273183996e+00
2.911345567278e+01,1.006390157950e+00
2.911545577279e+01,1.006506101064e+00
2.911745587279e+01,1.006620996445e+00
2.911945597280e+01,1.006734827379e+00
2.912145607280e+01,1.006847577330e+00
2.912345617281e+01,1.006959229944e+00
2.912545627281e+01,1.007069769051e+00
2.912745637282e+01,1.007179178666e+00
2.912945647282e+01,1.007287442990e+00
2.913145657283e+01,1.007394546415e+00
2.913345667283e+01,1.007500473522e+00
2.913545677284e+01,1.007605209082e+00
2.913745687284e+01,1.007708738062e+00
2.913945697285e+01,1.007811045625e+00
2.914145707285e+01,1.007912117127e+00
2.914345717286e+01,1.008011938125e+00
2.914545727286e+01,1.008110494375e+00
2.914745737287e+01,1.008207771834e+00
2.914945747287e+01,1.008303756662e+00
2.915145757288e+01,1.008398435221e+00
2.915345767288e+01,1.008491794082e+00
2.915545777289e+01,1.008583820018e+00
2.915745787289e+01,1.008674500014e+00
2.915945797290e+01,1.008763821262e+00
2.916145807290e+01,1.008851771164e+00
2.916345817291e+01,1.008938337337e+00
2.916545827291e+01,1.009023507606e+00
2.916745837292e+01,1.009107270014e+00
2.916945847292e+01,1.009189612817e+00
2.917145857293e+01,1.009270524489e+00
2.917345867293e+01,1.009349993719e+00
2.917545877294e+01,1.009428009416e+00
2.917745887294e+01,1.009504560710e+00
2.917945897295e+01,1.009579636948e+00
2.918145907295e+01,1.009653227701e+00
2.918345917296e+01,1.009725322762e+00
2.918545927296e+01,1.009795912147e+00
2.918745937297e+01,1.009864986095e+00
2.918945947297e+01,1.009932535072e+00
2.919145957298e+01,1.009998549770e+00
2.919345967298e+01,1.010063021106e+00
2.919545977299e+01,1.010125940227e+00
2.919745987299e+01,1.010187298506e+00
2.919945997300e+01,1.010247087546e+00
2.920146007300e+01,1.010305299180e+00
2.920346017301e+01,1.010361925473e+00
2.920546027301e+01,1.010416958718e+00
2.920746037302e+01,1.010470391443e+00
2.920946047302e+01,1.010522216406e+00
2.921146057303e+01,1.010572426601e+00
2.921346067303e+01,1.010621015252e+00
2.921546077304e+01,1.010667975821e+00
2.921746087304e+01,1.010713302002e+00
2.921946097305e+01,1.010756987725e+00
2.922146107305e+01,1.010799027157e+00
2.922346117306e+01,1.010839414700e+00
2.922546127306e+01,1.010878144994e+00
2.922746137307e+01,1.010915212913e+00
2.922946147307e+01,1.010950613573e+00
2.923146157308e+01,1.010984342325e+00
2.923346167308e+01,1.011016394760e+00
2.923546177309e+01,1.011046766705e+00
2.923746187309e+01,1.011075454228e+00
2.923946197310e+01,1.011102453636e+00
2.924146207310e+01,1.011127761475e+00
2.924346217311e+01,1.011151374531e+00
2.924546227311e+01,1.011173289830e+00
2.924746237312e+01,1.011193504638e+00
2.924946247312e+01,1.011212016461e+00
2.925146257313e+01,1.011228823046e+00
2.925346267313e+01,1.011243922381e+00
2.925546277314e+01,1.011257312694e+00
2.925746287314e+01,1.011268992454e+00
2.925946297315e+01,1.011278960371e+00
2.926146307315e+01,1.011287215396e+00
2.926346317316e+01,1.011293756721e+00
2.926546327316e+01,1.011298583779e+00
2.926746337317e+01,1.011301696244e+00
2.926946347317e+01,1.011303094031e+00
2.927146357318e+01,1.011302777296e+00
2.927346367318e+01,1.011300746435e+00
2.927546377319e+01,1.011297002086e+00
2.927746387319e+01,1.011291545127e+00
2.927946397320e+01,1.011284376678e+00
2.928146407320e+01,1.011275498096e+00
2.928346417321e+01,1.011264910982e+00
2.928546427321e+01,1.011252617173e+00
2.928746437322e+01,1.011238618751e+00
2.928946447322e+01,1.011222918032e+00
2.929146457323e+01,1.011205517574e+00
2.929346467323e+01,1.011186420175e+00
2.929546477324e+01,1.011165628869e+00
2.929746487324e+01,1.011143146929e+00
2.929946497325e+01,1.011118977869e+00
2.930146507325e+01,1.011093125437e+00
2.930346517326e+01,1.011065593619e+00
2.930546527326e+01,1.011036386640e+00
2.930746537327e+01,1.011005508958e+00
2.930946547327e+01,1.010972965270e+00
2.931146557328e+01,1.010938760506e+00
2.931346567328e+01,1.010902899833e+00
2.931546577329e+01,1.010865388651e+00
2.931746587329e+01,1.010826232595e+00
2.931946597330e+01,1.010785437532e+00
2.932146607330e+01,1.010743009563e+00
2.932346617331e+01,1.010698955020e+00
2.932546627331e+01,1.010653280468e+00
2.932746637332e+01,1.010605992701e+00
2.932946647332e+01,1.010557098746e+00
2.933146657333e+01,1.010506605856e+00
2.933346667333e+01,1.010454521514e+00
2.933546677334e+01,1.010400853433e+00
2.933746687334e+01,1.010345609551e+00
2.933946697335e+01,1.010288798033e+00
2.934146707335e+01,1.010230427270e+00
2.934346717336e+01,1.010170505877e+00
2.934546727336e+01,1.010109042694e+00
2.934746737337e+01,1.010046046783e+00
2.934946747337e+01,1.009981527429e+00
2.935146757338e+01,1.009915494137e+00
2.935346767338e+01,1.009847956635e+00
2.935546777339e+01,1.009778924866e+00
2.935746787339e+01,1.009708408996e+00
2.935946797340e+01,1.009636419404e+00
2.936146807340e+01,1.009562966689e+00
2.936346817341e+01,1.009488061661e+00
2.936546827341e+01,1.009411715347e+00
2.936746837342e+01,1.009333938986e+00
2.936946847342e+01,1.009254744029e+00
2.937146857343e+01,1.009174142135e+00
2.937346867343e+01,1.009092145177e+00
2.937546877344e+01,1.009008765232e+00
2.937746887344e+01,1.008924014586e+00
2.937946897345e+01,1.008837905729e+00
2.938146907345e+01,1.008750451356e+00
2.938346917346e+01,1.008661664365e+00
2.938546927346e+01,1.008571557856e+00
2.938746937347e+01,1.008480145128e+00
2.938946947347e+01,1.008387439678e+00
2.939146957348e+01,1.008293455202e+00
2.939346967348e+01,1.008198205590e+00
2.939546977349e+01,1.008101704929e+00
2.939746987349e+01,1.008003967496e+00
2.939946997350e+01,1.007905007759e+00
2.940147007350e+01,1.007804840378e+00
2.940347017351e+01,1.007703480198e+00
2.940547027351e+01,1.007600942253e+00
2.940747037352e+01,1.007497241760e+00
2.940947047352e+01,1.007392394120e+00
2.941147057353e+01,1.007286414913e+00
2.941347067353e+01,1.007179319900e+00
2.941547077354e+01,1.007071125020e+00
2.941747087354e+01,1.006961846388e+00
2.941947097355e+01,1.006851500290e+00
2.942147107355e+01,1.006740103187e+00
2.942347117356e+01,1.006627671710e+00
2.942547127356e+01,1.006514222656e+00
2.942747137357e+01,1.006399772992e+00
2.942947147357e+01,1.006284339845e+00
2.943147157358e+01,1.006167940508e+00
2.943347167358e+01,1.006050592431e+00
2.943547177359e+01,1.005932313224e+00
2.943747187359e+01,1.005813120652e+00
2.943947197360e+01,1.005693032634e+00
2.944147207360e+01,1.005572067242e+00
2.944347217361e+01,1.005450242694e+00
2.944547227361e+01,1.005327577359e+00
2.944747237362e+01,1.005204089748e+00
2.944947247362e+01,1.005079798517e+00
2.945147257363e+01,1.004954722459e+00
2.945347267363e+01,1.004828880508e+00
2.945547277364e+01,1.004702291733e+00
2.945747287364e+01,1.004574975333e+00
2.945947297365e+01,1.004446950642e+00
2.946147307365e+01,1.004318237120e+00
2.946347317366e+01,1.004188854351e+00
2.946547327366e+01,1.004058822044e+00
2.946747337367e+01,1.003928160027e+00
2.946947347367e+01,1.003796888249e+00
2.947147357368e+01,1.003665026769e+00
2.947347367368e+01,1.003532595763e+00
2.947547377369e+01,1.003399615515e+00
2.947747387369e+01,1.003266106416e+00
2.947947397370e+01,1.003132088961e+00
2.948147407370e+01,1.002997583747e+00
2.948347417371e+01,1.002862611469e+00
2.948547427371e+01,1.002727192920e+00
2.948747437372e+01,1.002591348982e+00
2.948947447372e+01,1.002455100631e+00
2.949147457373e+01,1.002318468927e+00
2.949347467373e+01,1.002181475015e+00
2.949547477374e+01,1.002044140122e+00
2.949747487374e+01,1.001906485551e+00
2.949947497375e+01,1.001768532683e+00
2.950147507375e+01,1.001630302968e+00
2.950347517376e+01,1.001491817925e+00
2.950547527376e+01,1.001353099141e+00
2.950747537377e+01,1.001214168262e+00
2.950947547377e+01,1.001075046997e+00
2.951147557378e+01,1.000935757107e+00
2.951347567378e+01,1.000796320409e+00
2.951547577379e+01,1.000656758766e+00
2.951747587379e+01,1.000517094092e+00
2.951947597380e+01,1.000377348338e+00
2.952147607380e+01,1.000237543498e+00
2.952347617381e+01,1.000097701601e+00
2.952547627381e+01,9.999578447105e-01
2.952747637382e+01,9.998179949161e-01
2.952947647382e+01,9.996781743348e-01
2.953147657383e+01,9.995384051056e-01
2.953347667383e+01,9.993987093863e-01
2.953547677384e+01,9.992591093495e-01
2.953747687384e+01,9.991196271798e-01
2.953947697385e+01,9.989802850698e-01
2.954147707385e+01,9.988411052164e-01
2.954347717386e+01,9.987021098175e-01
2.954547727386e+01,9.985633210682e-01
2.954747737387e+01,9.984247611572e-01
2.954947747387e+01,9.982864522630e-01
2.955147757388e+01,9.981484165504e-01
2.955347767388e+01,9.980106761669e-01
2.955547777389e+01,9.978732532385e-01
2.955747787389e+01,9.977361698665e-01
2.955947797390e+01,9.975994481235e-01
2.956147807390e+01,9.974631100493e-01
2.956347817391e+01,9.973271776480e-01
2.956547827391e+01,9.971916728832e-01
2.956747837392e+01,9.970566176747e-01
2.956947847392e+01,9.969220338948e-01
2.957147857393e+01,9.967879433643e-01
2.957347867393e+01,9.966543678488e-01
2.957547877394e+01,9.965213290545e-01
2.957747887394e+01,9.963888486250e-01
2.957947897395e+01,9.962569481365e-01
2.958147907395e+01,9.961256490949e-01
2.958347917396e+01,9.959949729313e-01
2.958547927396e+01,9.958649409982e-01
2.958747937397e+01,9.957355745660e-01
2.958947947397e+01,9.956068948187e-01
2.959147957398e+01,9.954789228500e-01
2.959347967398e+01,9.953516796600e-01
2.959547977399e+01,9.952251861504e-01
2.959747987399e+01,9.950994631214e-01
2.959947997400e+01,9.949745312675e-01
2.960148007400e+01,9.948504111735e-01
2.960348017401e+01,9.947271233108e-01
2.960548027401e+01,9.946046880337e-01
2.960748037402e+01,9.944831255749e-01
2.960948047402e+01,9.943624560425e-01
2.961148057403e+01,9.942426994154e-01
2.961348067403e+01,9.941238755399e-01
2.961548077404e+01,9.940060041256e-01
2.961748087404e+01,9.938891047419e-01
2.961948097405e+01,9.937731968137e-01
2.962148107405e+01,9.936582996183e-01
2.962348117406e+01,9.935444322809e-01
2.962548127406e+01,9.934316137713e-01
2.962748137407e+01,9.933198628999e-01
2.962948147407e+01,9.932091983142e-01
2.963148157408e+01,9.930996384949e-01
2.963348167408e+01,9.929912017522e-01
2.963548177409e+01,9.928839062223e-01
2.963748187409e+01,9.927777698635e-01
2.963948197410e+01,9.926728104529e-01
2.964148207410e+01,9.925690455826e-01
2.964348217411e+01,9.924664926559e-01
2.964548227411e+01,9.923651688844e-01
2.964748237412e+01,9.922650912837e-01
2.964948247412e+01,9.921662766704e-01
2.965148257413e+01,9.920687416585e-01
2.965348267413e+01,9.919725026560e-01
2.965548277414e+01,9.918775758613e-01
2.965748287414e+01,9.917839772602e-01
2.965948297415e+01,9.916917226223e-01
2.966148307415e+01,9.916008274978e-01
2.966348317416e+01,9.915113072143e-01
2.966548327416e+01,9.914231768735e-01
2.966748337417e+01,9.913364513480e-01
2.966948347417e+01,9.912511452786e-01
2.967148357418e+01,9.911672730700e-01
2.967348367418e+01,9.910848488891e-01
2.967548377419e+01,9.910038866611e-01
2.967748387419e+01,9.909244000670e-01
2.967948397420e+01,9.908464025406e-01
2.968148407420e+01,9.907699072652e-01
2.968348417421e+01,9.906949271715e-01
2.968548427421e+01,9.906214749343e-01
2.968748437422e+01,9.905495629699e-01
2.968948447422e+01,9.904792034335e-01
2.969148457423e+01,9.904104082165e-01
2.969348467423e+01,9.903431889438e-01
2.969548477424e+01,9.902775569716e-01
2.969748487424e+01,9.902135233846e-01
2.969948497425e+01,9.901510989936e-01
2.970148507425e+01,9.900902943334e-01
2.970348517426e+01,9.900311196603e-01
2.970548527426e+01,9.899735849499e-01
2.970748537427e+01,9.899176998948e-01
2.970948547427e+01,9.898634739029e-01
2.971148557428e+01,9.898109160949e-01
2.971348567428e+01,9.897600353024e-01
2.971548577429e+01,9.897108400666e-01
2.971748587429e+01,9.896633386355e-01
2.971948597430e+01,9.896175389623e-01
2.972148607430e+01,9.895734487038e-01
2.972348617431e+01,9.895310752187e-01
2.972548627431e+01,9.894904255659e-01
2.972748637432e+01,9.894515065032e-01
2.972948647432e+01,9.894143244856e-01
2.973148657433e+01,9.893788856640e-01
2.973348667433e+01,9.893451958837e-01
2.973548677434e+01,9.893132606834e-01
2.973748687434e+01,9.892830852935e-01
2.973948697435e+01,9.892546746357e-01
2.974148707435e+01,9.892280333212e-01
2.974348717436e+01,9.892031656500e-01
2.974548727436e+01,9.891800756101e-01
2.974748737437e+01,9.891587668764e-01
2.974948747437e+01,9.891392428099e-01
2.975148757438e+01,9.891215064572e-01
2.975348767438e+01,9.891055605497e-01
2.975548777439e+01,9.890914075031e-01
2.975748787439e+01,9.890790494168e-01
2.975948797440e+01,9.890684880738e-01
2.976148807440e+01,9.890597249401e-01
2.976348817441e+01,9.890527611647e-01
2.976548827441e+01,9.890475975791e-01
2.976748837442e+01,9.890442346968e-01
2.976948847442e+01,9.890426727135e-01
2.977148857443e+01,9.890429115077e-01
2.977348867443e+01,9.890449506402e-01
2.977548877444e+01,9.890487893542e-01
2.977748887444e+01,9.890544265760e-01
2.977948897445e+01,9.890618609150e-01
2.978148907445e+01,9.890710906640e-01
2.978348917446e+01,9.890821138001e-01
2.978548927446e+01,9.890949279846e-01
2.978748937447e+01,9.891095305641e-01
2.978948947447e+01,9.891259185710e-01
2.979148957448e+01,9.891440887240e-01
2.979348967448e+01,9.891640374293e-01
2.979548977449e+01,9.891857607813e-01
2.979748987449e+01,9.892092545633e-01
2.979948997450e+01,9.892345142491e-01
2.980149007450e+01,9.892615350035e-01
2.980349017451e+01,9.892903116840e-01
2.980549027451e+01,9.893208388416e-01
2.980749037452e+01,9.893531107227e-01
2.980949047452e+01,9.893871212698e-01
2.981149057453e+01,9.894228641237e-01
2.981349067453e+01,9.894603326244e-01
2.981549077454e+01,9.894995198121e-01
2.981749087454e+01,9.895404184300e-01
2.981949097455e+01,9.895830209255e-01
2.982149107455e+01,9.896273194520e-01
2.982349117456e+01,9.896733058708e-01
2.982549127456e+01,9.897209717528e-01
2.982749137457e+01,9.897703083808e-01
2.982949147457e+01,9.898213067513e-01
2.983149157458e+01,9.898739575765e-01
2.983349167458e+01,9.899282512868e-01
2.983549177459e+01,9.899841780325e-01
2.983749187459e+01,9.900417276865e-01
2.983949197460e+01,9.901008898463e-01
2.984149207460e+01,9.901616538365e-01
2.984349217461e+01,9.902240087113e-01
2.984549227461e+01,9.902879432567e-01
2.984749237462e+01,9.903534459933e-01
2.984949247462e+01,9.904205051790e-01
2.985149257463e+01,9.904891088110e-01
2.985349267463e+01,9.905592446296e-01
2.985549277464e+01,9.906309001198e-01
2.985749287464e+01,9.907040625151e-01
2.985949297465e+01,9.907787187999e-01
2.986149307465e+01,9.908548557123e-01
2.986349317466e+01,9.909324597472e-01
2.986549327466e+01,9.910115171585e-01
2.986749337467e+01,9.910920139630e-01
2.986949347467e+01,9.911739359434e-01
2.987149357468e+01,9.912572686511e-01
2.987349367468e+01,9.913419974098e-01
2.987549377469e+01,9.914281073179e-01
2.987749387469e+01,9.915155832527e-01
2.987949397470e+01,9.916044098728e-01
2.988149407470e+01,9.916945716220e-01
2.988349417471e+01,9.917860527323e-01
2.988549427471e+01,9.918788372275e-01
2.988749437472e+01,9.919729089262e-01
2.988949447472e+01,9.920682514458e-01
2.989149457473e+01,9.921648482054e-01
2.989349467473e+01,9.922626824297e-01
2.989549477474e+01,9.923617371522e-01
2.989749487474e+01,9.924619952190e-01
2.989949497475e+01,9.925634392922e-01
2.990149507475e+01,9.926660518536e-01
2.990349517476e+01,9.927698152084e-01
2.990549527476e+01,9.928747114886e-01
2.990749537477e+01,9.929807226571e-01
2.990949547477e+01,9.930878305108e-01
2.991149557478e+01,9.931960166851e-01
2.991349567478e+01,9.933052626568e-01
2.991549577479e+01,9.934155497478e-01
2.991749587479e+01,9.935268591297e-01
2.991949597480e+01,9.936391718267e-01
2.992149607480e+01,9.937524687200e-01
2.992349617481e+01,9.938667305513e-01
2.992549627481e+01,9.939819379267e-01
2.992749637482e+01,9.940980713205e-01
2.992949647482e+01,9.942151110789e-01
2.993149657483e+01,9.943330374241e-01
2.993349667483e+01,9.944518304578e-01
2.993549677484e+01,9.945714701655e-01
2.993749687484e+01,9.946919364197e-01
2.993949697485e+01,9.948132089845e-01
2.994149707485e+01,9.949352675190e-01
2.994349717486e+01,9.950580915811e-01
2.994549727486e+01,9.951816606318e-01
2.994749737487e+01,9.953059540384e-01
2.994949747487e+01,9.954309510791e-01
2.995149757488e+01,9.955566309464e-01
2.995349767488e+01,9.956829727510e-01
2.995549777489e+01,9.958099555259e-01
2.995749787489e+01,9.959375582298e-01
2.995949797490e+01,9.960657597514e-01
2.996149807490e+01,9.961945389133e-01
2.996349817491e+01,9.963238744751e-01
2.996549827491e+01,9.964537451379e-01
2.996749837492e+01,9.965841295480e-01
2.996949847492e+01,9.967150063006e-01
2.997149857493e+01,9.968463539434e-01
2.997349867493e+01,9.969781509810e-01
2.997549877494e+01,9.971103758779e-01
2.997749887494e+01,9.972430070628e-01
2.997949897495e+01,9.973760229322e-01
2.998149907495e+01,9.975094018539e-01
2.998349917496e+01,9.976431221711e-01
2.998549927496e+01,9.977771622059e-01
2.998749937497e+01,9.979115002628e-01
2.998949947497e+01,9.980461146327e-01
2.999149957498e+01,9.981809835964e-01
2.999349967498e+01,9.983160854283e-01
2.999549977499e+01,9.984513983997e-01
2.999749987499e+01,9.985869007830e-01
2.999949997500e+01,9.987225708545e-01
3.000150007500e+01,9.988583868987e-01
3.000350017501e+01,9.989943272112e-01
3.000550027501e+01,9.991303701027e-01
3.000750037502e+01,9.992664939020e-01
3.000950047502e+01,9.994026769599e-01
3.001150057503e+01,9.995388976522e-01
3.001350067503e+01,9.996751343838e-01
3.001550077504e+01,9.998113655913e-01
3.001750087504e+01,9.999475697469e-01
3.001950097505e+01,1.000083725362e+00
3.002150107505e+01,1.000219810988e+00
3.002350117506e+01,1.000355805225e+00
3.002550127506e+01,1.000491686720e+00
3.002750137507e+01,1.000627434171e+00
3.002950147507e+01,1.000763026332e+00
3.003150157508e+01,1.000898442015e+00
3.003350167508e+01,1.001033660094e+00
3.003550177509e+01,1.001168659507e+00
3.003750187509e+01,1.001303419259e+00
3.003950197510e+01,1.001437918427e+00
3.004150207510e+01,1.001572136161e+00
3.004350217511e+01,1.001706051687e+00
3.004550227511e+01,1.001839644313e+00
3.004750237512e+01,1.001972893427e+00
3.004950247512e+01,1.002105778504e+00
3.005150257513e+01,1.002238279108e+00
3.005350267513e+01,1.002370374892e+00
3.005550277514e+01,1.002502045606e+00
3.005750287514e+01,1.002633271096e+00
3.005950297515e+01,1.002764031305e+00
3.006150307515e+01,1.002894306283e+00
3.006350317516e+01,1.003024076182e+00
3.006550327516e+01,1.003153321263e+00
3.006750337517e+01,1.003282021898e+00
3.006950347517e+01,1.003410158570e+00
3.007150357518e+01,1.003537711880e+00
3.007350367518e+01,1.003664662547e+00
3.007550377519e+01,1.003790991409e+00
3.007750387519e+01,1.003916679429e+00
3.007950397520e+01,1.004041707694e+00
3.008150407520e+01,1.004166057422e+00
3.008350417521e+01,1.004289709958e+00
3.008550427521e+01,1.004412646782e+00
3.008750437522e+01,1.004534849510e+00
3.008950447522e+01,1.004656299892e+00
3.009150457523e+01,1.004776979822e+00
3.009350467523e+01,1.004896871334e+00
3.009550477524e+01,1.005015956605e+00
3.009750487524e+01,1.005134217961e+00
3.009950497525e+01,1.005251637875e+00
3.010150507525e+01,1.005368198971e+00
3.010350517526e+01,1.005483884026e+00
3.010550527526e+01,1.005598675971e+00
3.010750537527e+01,1.005712557895e+00
3.010950547527e+01,1.005825513044e+00
3.011150557528e+01,1.005937524826e+00
3.011350567528e+01,1.006048576812e+00
3.011550577529e+01,1.006158652737e+00
3.011750587529e+01,1.006267736503e+00
3.011950597530e+01,1.006375812178e+00
3.012150607530e+01,1.006482864004e+00
3.012350617531e+01,1.006588876392e+00
3.012550627531e+01,1.006693833926e+00
3.012750637532e+01,1.006797721369e+00
3.012950647532e+01,1.006900523657e+00
3.013150657533e+01,1.007002225907e+00
3.013350667533e+01,1.007102813415e+00
3.013550677534e+01,1.007202271660e+00
3.013750687534e+01,1.007300586304e+00
3.013950697535e+01,1.007397743193e+00
3.014150707535e+01,1.007493728361e+00
3.014350717536e+01,1.007588528029e+00
3.014550727536e+01,1.007682128608e+00
3.014750737537e+01,1.007774516700e+00
3.014950747537e+01,1.007865679099e+00
3.015150757538e+01,1.007955602791e+00
3.015350767538e+01,1.008044274960e+00
3.015550777539e+01,1.008131682984e+00
3.015750787539e+01,1.008217814440e+00
3.015950797540e+01,1.008302657103e+00
3.016150807540e+01,1.008386198946e+00
3.016350817541e+01,1.008468428148e+00
3.016550827541e+01,1.008549333086e+00
3.016750837542e+01,1.008628902344e+00
3.016950847542e+01,1.008707124707e+00
3.017150857543e+01,1.008783989169e+00
3.017350867543e+01,1.008859484930e+00
3.017550877544e+01,1.008933601398e+00
3.017750887544e+01,1.009006328188e+00
3.017950897545e+01,1.009077655127e+00
3.018150907545e+01,1.009147572252e+00
3.018350917546e+01,1.009216069814e+00
3.018550927546e+01,1.009283138272e+00
3.018750937547e+01,1.009348768304e+00
3.018950947547e+01,1.009412950799e+00
3.019150957548e+01,1.009475676863e+00
3.019350967548e+01,1.009536937816e+00
3.019550977549e+01,1.009596725198e+00
3.019750987549e+01,1.009655030765e+00
3.019950997550e+01,1.009711846492e+00
3.020151007550e+01,1.009767164572e+00
3.020351017551e+01,1.009820977420e+00
3.020551027551e+01,1.009873277669e+00
3.020751037552e+01,1.009924058177e+00
3.020951047552e+01,1.009973312019e+00
3.021151057553e+01,1.010021032496e+00
3.021351067553e+01,1.010067213130e+00
3.021551077554e+01,1.010111847670e+00
3.021751087554e+01,1.010154930084e+00
3.021951097555e+01,1.010196454568e+00
3.022151107555e+01,1.010236415543e+00
3.022351117556e+01,1.010274807656e+00
3.022551127556e+01,1.010311625777e+00
3.022751137557e+01,1.010346865006e+00
3.022951147557e+01,1.010380520668e+00
3.023151157558e+01,1.010412588315e+00
3.023351167558e+01,1.010443063729e+00
3.023551177559e+01,1.010471942916e+00
3.023751187559e+01,1.010499222114e+00
3.023951197560e+01,1.010524897788e+00
3.024151207560e+01,1.010548966631e+00
3.024351217561e+01,1.010571425567e+00
3.024551227561e+01,1.010592271746e+00
3.024751237562e+01,1.010611502552e+00
3.024951247562e+01,1.010629115596e+00
3.025151257563e+01,1.010645108718e+00
3.025351267563e+01,1.010659479990e+00
3.025551277564e+01,1.010672227712e+00
3.025751287564e+01,1.010683350418e+00
3.025951297565e+01,1.010692846867e+00
3.026151307565e+01,1.010700716053e+00
3.026351317566e+01,1.010706957196e+00
3.026551327566e+01,1.010711569751e+00
3.026751337567e+01,1.010714553401e+00
3.026951347567e+01,1.010715908058e+00
3.027151357568e+01,1.010715633867e+00
3.027351367568e+01,1.010713731202e+00
3.027551377569e+01,1.010710200667e+00
3.027751387569e+01,1.010705043096e+00
3.027951397570e+01,1.010698259553e+00
3.028151407570e+01,1.010689851332e+00
3.028351417571e+01,1.010679819956e+00
3.028551427571e+01,1.010668167179e+00
3.028751437572e+01,1.010654894982e+00
3.028951447572e+01,1.010640005576e+00
3.029151457573e+01,1.010623501400e+00
3.029351467573e+01,1.010605385123e+00
3.029551477574e+01,1.010585659641e+00
3.029751487574e+01,1.010564328077e+00
3.029951497575e+01,1.010541393782e+00
3.030151507575e+01,1.010516860336e+00
3.030351517576e+01,1.010490731542e+00
3.030551527576e+01,1.010463011432e+00
3.030751537577e+01,1.010433704264e+00
3.030951547577e+01,1.010402814519e+00
3.031151557578e+01,1.010370346905e+00
3.031351567578e+01,1.010336306354e+00
3.031551577579e+01,1.010300698021e+00
3.031751587579e+01,1.010263527286e+00
3.031951597580e+01,1.010224799751e+00
3.032151607580e+01,1.010184521239e+00
3.032351617581e+01,1.010142697798e+00
3.032551627581e+01,1.010099335693e+00
3.032751637582e+01,1.010054441412e+00
3.032951647582e+01,1.010008021662e+00
3.033151657583e+01,1.009960083369e+00
3.033351667583e+01,1.009910633678e+00
3.033551677584e+01,1.009859679950e+00
3.033751687584e+01,1.009807229763e+00
3.033951697585e+01,1.009753290914e+00
3.034151707585e+01,1.009697871411e+00
3.034351717586e+01,1.009640979479e+00
3.034551727586e+01,1.009582623556e+00
3.034751737587e+01,1.009522812293e+00
3.034951747587e+01,1.009461554553e+00
3.035151757588e+01,1.009398859408e+00
3.035351767588e+01,1.009334736143e+00
3.035551777589e+01,1.009269194248e+00
3.035751787589e+01,1.009202243425e+00
3.035951797590e+01,1.009133893581e+00
3.036151807590e+01,1.009064154828e+00
3.036351817591e+01,1.008993037484e+00
3.036551827591e+01,1.008920552071e+00
3.036751837592e+01,1.008846709314e+00
3.036951847592e+01,1.008771520139e+00
3.037151857593e+01,1.008694995670e+00
3.037351867593e+01,1.008617147235e+00
3.037551877594e+01,1.008537986356e+00
3.037751887594e+01,1.008457524753e+00
3.037951897595e+01,1.008375774341e+00
3.038151907595e+01,1.008292747231e+00
3.038351917596e+01,1.008208455725e+00
3.038551927596e+01,1.008122912316e+00
3.038751937597e+01,1.008036129689e+00
3.038951947597e+01,1.007948120716e+00
3.039151957598e+01,1.007858898458e+00
3.039351967598e+01,1.007768476161e+00
3.039551977599e+01,1.007676867255e+00
3.039751987599e+01,1.007584085353e+00
3.039951997600e+01,1.007490144251e+00
3.040152007600e+01,1.007395057922e+00
3.040352017601e+01,1.007298840521e+00
3.040552027601e+01,1.007201506375e+00
3.040752037602e+01,1.007103069991e+00
3.040952047602e+01,1.007003546045e+00
3.041152057603e+01,1.006902949386e+00
3.041352067603e+01,1.006801295035e+00
3.041552077604e+01,1.006698598178e+00
3.041752087604e+01,1.006594874170e+00
3.041952097605e+01,1.006490138530e+00
3.042152107605e+01,1.006384406939e+00
3.042352117606e+01,1.006277695239e+00
3.042552127606e+01,1.006170019431e+00
3.042752137607e+01,1.006061395675e+00
3.042952147607e+01,1.005951840284e+00
3.043152157608e+01,1.005841369726e+00
3.043352167608e+01,1.005730000617e+00
3.043552177609e+01,1.005617749726e+00
3.043752187609e+01,1.005504633968e+00
3.043952197610e+01,1.005390670401e+00
3.044152207610e+01,1.005275876229e+00
3.044352217611e+01,1.005160268795e+00
3.044552227611e+01,1.005043865581e+00
3.044752237612e+01,1.004926684205e+00
3.044952247612e+01,1.004808742420e+00
3.045152257613e+01,1.004690058112e+00
3.045352267613e+01,1.004570649293e+00
3.045552277614e+01,1.004450534107e+00
3.045752287614e+01,1.004329730819e+00
3.045952297615e+01,1.004208257819e+00
3.046152307615e+01,1.004086133616e+00
3.046352317616e+01,1.003963376837e+00
3.046552327616e+01,1.003840006226e+00
3.046752337617e+01,1.003716040638e+00
3.046952347617e+01,1.003591499039e+00
3.047152357618e+01,1.003466400502e+00
3.047352367618e+01,1.003340764206e+00
3.047552377619e+01,1.003214609433e+00
3.047752387619e+01,1.003087955565e+00
3.047952397620e+01,1.002960822080e+00
3.048152407620e+01,1.002833228552e+00
3.048352417621e+01,1.002705194645e+00
3.048552427621e+01,1.002576740116e+00
3.048752437622e+01,1.002447884805e+00
3.048952447622e+01,1.002318648636e+00
3.049152457623e+01,1.002189051615e+00
3.049352467623e+01,1.002059113826e+00
3.049552477624e+01,1.001928855427e+00
3.049752487624e+01,1.001798296648e+00
3.049952497625e+01,1.001667457791e+00
3.050152507625e+01,1.001536359221e+00
3.050352517626e+01,1.001405021367e+00
3.050552527626e+01,1.001273464720e+00
3.050752537627e+01,1.001141709827e+00
3.050952547627e+01,1.001009777290e+00
3.051152557628e+01,1.000877687759e+00
3.051352567628e+01,1.000745461937e+00
3.051552577629e+01,1.000613120569e+00
3.051752587629e+01,1.000480684441e+00
3.051952597630e+01,1.000348174380e+00
3.052152607630e+01,1.000215611247e+00
3.052352617631e+01,1.000083015935e+00
3.052552627631e+01,9.999504093659e-01
3.052752637632e+01,9.998178124881e-01
3.052952647632e+01,9.996852462716e-01
3.053152657633e+01,9.995527317056e-01
3.053352667633e+01,9.994202897951e-01
3.053552677634e+01,9.992879415574e-01
3.053752687634e+01,9.991557080188e-01
3.053952697635e+01,9.990236102112e-01
3.054152707635e+01,9.988916691688e-01
3.054352717636e+01,9.987599059246e-01
3.054552727636e+01,9.986283415068e-01
3.054752737637e+01,9.984969969358e-01
3.054952747637e+01,9.983658932202e-01
3.055152757638e+01,9.982350513536e-01
3.055352767638e+01,9.981044923111e-01
3.055552777639e+01,9.979742370455e-01
3.055752787639e+01,9.978443064843e-01
3.055952797640e+01,9.977147215255e-01
3.056152807640e+01,9.975855030346e-01
3.056352817641e+01,9.974566718406e-01
3.056552827641e+01,9.973282487330e-01
3.056752837642e+01,9.972002544579e-01
3.056952847642e+01,9.970727097140e-01
3.057152857643e+01,9.969456351495e-01
3.057352867643e+01,9.968190513586e-01
3.057552877644e+01,9.966929788774e-01
3.057752887644e+01,9.965674381803e-01
3.057952897645e+01,9.964424496770e-01
3.058152907645e+01,9.963180337082e-01
3.058352917646e+01,9.961942105421e-01
3.058552927646e+01,9.960710003710e-01
3.058752937647e+01,9.959484233075e-01
3.058952947647e+01,9.958264993806e-01
3.059152957648e+01,9.957052485326e-01
3.059352967648e+01,9.955846906151e-01
3.059552977649e+01,9.954648453852e-01
3.059752987649e+01,9.953457325022e-01
3.059952997650e+01,9.952273715239e-01
3.060153007650e+01,9.951097819026e-01
3.060353017651e+01,9.949929829820e-01
3.060553027651e+01,9.948769939931e-01
3.060753037652e+01,9.947618340510e-01
3.060953047652e+01,9.946475221509e-01
3.061153057653e+01,9.945340771646e-01
3.061353067653e+01,9.944215178370e-01
3.061553077654e+01,9.943098627828e-01
3.061753087654e+01,9.941991304821e-01
3.061953097655e+01,9.940893392777e-01
3.062153107655e+01,9.939805073711e-01
3.062353117656e+01,9.938726528190e-01
3.062553127656e+01,9.937657935298e-01
3.062753137657e+01,9.936599472601e-01
3.062953147657e+01,9.935551316116e-01
3.063153157658e+01,9.934513640268e-01
3.063353167658e+01,9.933486617865e-01
3.063553177659e+01,9.932470420054e-01
3.063753187659e+01,9.931465216297e-01
3.063953197660e+01,9.930471174330e-01
3.064153207660e+01,9.929488460130e-01
3.064353217661e+01,9.928517237885e-01
3.064553227661e+01,9.927557669960e-01
3.064753237662e+01,9.926609916860e-01
3.064953247662e+01,9.925674137204e-01
3.065153257663e+01,9.924750487688e-01
3.065353267663e+01,9.923839123056e-01
3.065553277664e+01,9.922940196063e-01
3.065753287664e+01,9.922053857454e-01
3.065953297665e+01,9.921180255923e-01
3.066153307665e+01,9.920319538088e-01
3.066353317666e+01,9.919471848456e-01
3.066553327666e+01,9.918637329397e-01
3.066753337667e+01,9.917816121112e-01
3.066953347667e+01,9.917008361608e-01
3.067153357668e+01,9.916214186662e-01
3.067353367668e+01,9.915433729800e-01
3.067553377669e+01,9.914667122263e-01
3.067753387669e+01,9.913914492985e-01
3.067953397670e+01,9.913175968562e-01
3.068153407670e+01,9.912451673225e-01
3.068353417671e+01,9.911741728817e-01
3.068553427671e+01,9.911046254766e-01
3.068753437672e+01,9.910365368056e-01
3.068953447672e+01,9.909699183207e-01
3.069153457673e+01,9.909047812248e-01
3.069353467673e+01,9.908411364693e-01
3.069553477674e+01,9.907789947519e-01
3.069753487674e+01,9.907183665141e-01
3.069953497675e+01,9.906592619393e-01
3.070153507675e+01,9.906016909501e-01
3.070353517676e+01,9.905456632068e-01
3.070553527676e+01,9.904911881050e-01
3.070753537677e+01,9.904382747736e-01
3.070953547677e+01,9.903869320729e-01
3.071153557678e+01,9.903371685930e-01
3.071353567678e+01,9.902889926506e-01
3.071553577679e+01,9.902424122888e-01
3.071753587679e+01,9.901974352745e-01
3.071953597680e+01,9.901540690971e-01
3.072153607680e+01,9.901123209666e-01
3.072353617681e+01,9.900721978122e-01
3.072553627681e+01,9.900337062809e-01
3.072753637682e+01,9.899968527360e-01
3.072953647682e+01,9.899616432555e-01
3.073153657683e+01,9.899280836312e-01
3.073353667683e+01,9.898961793671e-01
3.073553677684e+01,9.898659356783e-01
3.073753687684e+01,9.898373574901e-01
3.073953697685e+01,9.898104494366e-01
3.074153707685e+01,9.897852158598e-01
3.074353717686e+01,9.897616608089e-01
3.074553727686e+01,9.897397880391e-01
3.074753737687e+01,9.897196010110e-01
3.074953747687e+01,9.897011028900e-01
3.075153757688e+01,9.896842965455e-01
3.075353767688e+01,9.896691845502e-01
3.075553777689e+01,9.896557691799e-01
3.075753787689e+01,9.896440524132e-01
3.075953797690e+01,9.896340359304e-01
3.076153807690e+01,9.896257211133e-01
3.076353817691e+01,9.896191090450e-01
3.076553827691e+01,9.896142005104e-01
3.076753837692e+01,9.896109959951e-01
3.076953847692e+01,9.896094956860e-01
3.077153857693e+01,9.896096994710e-01
3.077353867693e+01,9.896116069393e-01
3.077553877694e+01,9.896152173816e-01
3.077753887694e+01,9.896205297897e-01
3.077953897695e+01,9.896275428578e-01
3.078153907695e+01,9.896362549820e-01
3.078353917696e+01,9.896466642609e-01
3.078553927696e+01,9.896587684966e-01
3.078753937697e+01,9.896725651944e-01
3.078953947697e+01,9.896880515641e-01
3.079153957698e+01,9.897052245204e-01
3.079353967698e+01,9.897240806835e-01
3.079553977699e+01,9.897446163805e-01
3.079753987699e+01,9.897668276454e-01
3.079953997700e+01,9.897907102212e-01
3.080154007700e+01,9.898162595598e-01
3.080354017701e+01,9.898434708242e-01
3.080554027701e+01,9.898723388889e-01
3.080754037702e+01,9.899028583410e-01
3.080954047702e+01,9.899350234816e-01
3.081154057703e+01,9.899688283271e-01
3.081354067703e+01,9.900042666111e-01
3.081554077704e+01,9.900413317851e-01
3.081754087704e+01,9.900800170207e-01
3.081954097705e+01,9.901203152108e-01
3.082154107705e+01,9.901622189713e-01
3.082354117706e+01,9.902057206428e-01
3.082554127706e+01,9.902508122925e-01
3.082754137707e+01,9.902974857158e-01
3.082954147707e+01,9.903457324385e-01
3.083154157708e+01,9.903955437183e-01
3.083354167708e+01,9.904469105469e-01
3.083554177709e+01,9.904998236523e-01
3.083754187709e+01,9.905542735007e-01
3.083954197710e+01,9.906102502984e-01
3.084154207710e+01,9.906677439944e-01
3.084354217711e+01,9.907267442825e-01
3.084554227711e+01,9.907872406037e-01
3.084754237712e+01,9.908492221482e-01
3.084954247712e+01,9.909126778584e-01
3.085154257713e+01,9.909775964311e-01
3.085354267713e+01,9.910439663198e-01
3.085554277714e+01,9.911117757380e-01
3.085754287714e+01,9.911810126607e-01
3.085954297715e+01,9.912516648271e-01
3.086154307715e+01,9.913237197439e-01
3.086354317716e+01,9.913971646880e-01
3.086554327716e+01,9.914719867091e-01
3.086754337717e+01,9.915481726322e-01
3.086954347717e+01,9.916257090611e-01
3.087154357718e+01,9.917045823807e-01
3.087354367718e+01,9.917847787603e-01
3.087554377719e+01,9.918662841565e-01
3.087754387719e+01,9.919490843160e-01
3.087954397720e+01,9.920331647787e-01
3.088154407720e+01,9.921185108810e-01
3.088354417721e+01,9.922051077586e-01
3.088554427721e+01,9.922929403498e-01
3.088754437722e+01,9.923819933986e-01
3.088954447722e+01,9.924722514578e-01
3.089154457723e+01,9.925636988926e-01
3.089354467723e+01,9.926563198832e-01
3.089554477724e+01,9.927500984288e-01
3.089754487724e+01,9.928450183504e-01
3.089954497725e+01,9.929410632945e-01
3.090154507725e+01,9.930382167360e-01
3.090354517726e+01,9.931364619824e-01
3.090554527726e+01,9.932357821763e-01
3.090754537727e+01,9.933361602993e-01
3.090954547727e+01,9.934375791749e-01
3.091154557728e+01,9.935400214727e-01
3.091354567728e+01,9.936434697113e-01
3.091554577729e+01,9.937479062623e-01
3.091754587729e+01,9.938533133532e-01
3.091954597730e+01,9.939596730715e-01
3.092154607730e+01,9.940669673680e-01
3.092354617731e+01,9.941751780602e-01
3.092554627731e+01,9.942842868361e-01
3.092754637732e+01,9.943942752578e-01
3.092954647732e+01,9.945051247646e-01
3.093154657733e+01,9.946168166773e-01
3.093354667733e+01,9.947293322012e-01
3.093554677734e+01,9.948426524301e-01
3.093754687734e+01,9.949567583496e-01
3.093954697735e+01,9.950716308410e-01
3.094154707735e+01,9.951872506847e-01
3.094354717736e+01,9.953035985639e-01
3.094554727736e+01,9.954206550683e-01
3.094754737737e+01,9.955384006976e-01
3.094954747737e+01,9.956568158651e-01
3.095154757738e+01,9.957758809016e-01
3.095354767738e+01,9.958955760587e-01
3.095554777739e+01,9.960158815128e-01
3.095754787739e+01,9.961367773681e-01
3.095954797740e+01,9.962582436607e-01
3.096154807740e+01,9.963802603622e-01
3.096354817741e+01,9.965028073831e-01
3.096554827741e+01,9.966258645764e-01
3.096754837742e+01,9.967494117414e-01
3.096954847742e+01,9.968734286273e-01
3.097154857743e+01,9.969978949363e-01
3.097354867743e+01,9.971227903278e-01
3.097554877744e+01,9.972480944214e-01
3.097754887744e+01,9.973737868009e-01
3.097954897745e+01,9.974998470176e-01
3.098154907745e+01,9.976262545936e-01
3.098354917746e+01,9.977529890258e-01
3.098554927746e+01,9.978800297891e-01
3.098754937747e+01,9.980073563399e-01
3.098954947747e+01,9.981349481196e-01
3.099154957748e+01,9.982627845580e-01
3.099354967748e+01,9.983908450768e-01
3.099554977749e+01,9.985191090929e-01
3.099754987749e+01,9.986475560220e-01
3.099954997750e+01,9.987761652817e-01
3.100155007750e+01,9.989049162952e-01
3.100355017751e+01,9.990337884942e-01
3.100555027751e+01,9.991627613227e-01
3.100755037752e+01,9.992918142398e-01
3.100955047752e+01,9.994209267237e-01
3.101155057753e+01,9.995500782742e-01
3.101355067753e+01,9.996792484163e-01
3.101555077754e+01,9.998084167035e-01
3.101755087754e+01,9.999375627208e-01
3.101955097755e+01,1.000066666088e+00
3.102155107755e+01,1.000195706463e+00
3.102355117756e+01,1.000324663544e+00
3.102555127756e+01,1.000453517074e+00
3.102755137757e+01,1.000582246844e+00
3.102955147757e+01,1.000710832693e+00
3.103155157758e+01,1.000839254514e+00
3.103355167758e+01,1.000967492259e+00
3.103555177759e+01,1.001095525936e+00
3.103755187759e+01,1.001223335617e+00
3.103955197760e+01,1.001350901438e+00
3.104155207760e+01,1.001478203604e+00
3.104355217761e+01,1.001605222390e+00
3.104555227761e+01,1.001731938147e+00
3.104755237762e+01,1.001858331299e+00
3.104955247762e+01,1.001984382353e+00
3.105155257763e+01,1.002110071895e+00
3.105355267763e+01,1.002235380599e+00
3.105555277764e+01,1.002360289224e+00
3.105755287764e+01,1.002484778621e+00
3.105955297765e+01,1.002608829732e+00
3.106155307765e+01,1.002732423598e+00
3.106355317766e+01,1.002855541354e+00
3.106555327766e+01,1.002978164239e+00
3.106755337767e+01,1.003100273593e+00
3.106955347767e+01,1.003221850865e+00
3.107155357768e+01,1.003342877607e+00
3.107355367768e+01,1.003463335488e+00
3.107555377769e+01,1.003583206285e+00
3.107755387769e+01,1.003702471893e+00
3.107955397770e+01,1.003821114324e+00
3.108155407770e+01,1.003939115712e+00
3.108355417771e+01,1.004056458311e+00
3.108555427771e+01,1.004173124501e+00
3.108755437772e+01,1.004289096790e+00
3.108955447772e+01,1.004404357815e+00
3.109155457773e+01,1.004518890343e+00
3.109355467773e+01,1.004632677275e+00
3.109555477774e+01,1.004745701650e+00
3.109755487774e+01,1.004857946642e+00
3.109955497775e+01,1.004969395568e+00
3.110155507775e+01,1.005080031883e+00
3.110355517776e+01,1.005189839190e+00
3.110555527776e+01,1.005298801236e+00
3.110755537777e+01,1.005406901915e+00
3.110955547777e+01,1.005514125274e+00
3.111155557778e+01,1.005620455508e+00
3.111355567778e+01,1.005725876969e+00
3.111555577779e+01,1.005830374163e+00
3.111755587779e+01,1.005933931753e+00
3.111955597780e+01,1.006036534562e+00
3.112155607780e+01,1.006138167572e+00
3.112355617781e+01,1.006238815930e+00
3.112555627781e+01,1.006338464947e+00
3.112755637782e+01,1.006437100097e+00
3.112955647782e+01,1.006534707026e+00
3.113155657783e+01,1.006631271545e+00
3.113355667783e+01,1.006726779638e+00
3.113555677784e+01,1.006821217462e+00
3.113755687784e+01,1.006914571346e+00
3.113955697785e+01,1.007006827796e+00
3.114155707785e+01,1.007097973493e+00
3.114355717786e+01,1.007187995299e+00
3.114555727786e+01,1.007276880253e+00
3.114755737787e+01,1.007364615577e+00
3.114955747787e+01,1.007451188674e+00
3.115155757788e+01,1.007536587132e+00
3.115355767788e+01,1.007620798723e+00
3.115555777789e+01,1.007703811406e+00
3.115755787789e+01,1.007785613328e+00
3.115955797790e+01,1.007866192825e+00
3.116155807790e+01,1.007945538423e+00
3.116355817791e+01,1.008023638837e+00
3.116555827791e+01,1.008100482979e+00
3.116755837792e+01,1.008176059950e+00
3.116955847792e+01,1.008250359049e+00
3.117155857793e+01,1.008323369769e+00
3.117355867793e+01,1.008395081800e+00
3.117555877794e+01,1.008465485031e+00
3.117755887794e+01,1.008534569548e+00
3.117955897795e+01,1.008602325638e+00
3.118155907795e+01,1.008668743788e+00
3.118355917796e+01,1.008733814689e+00
3.118555927796e+01,1.008797529231e+00
3.118755937797e+01,1.008859878510e+00
3.118955947797e+01,1.008920853826e+00
3.119155957798e+01,1.008980446683e+00
3.119355967798e+01,1.009038648793e+00
3.119555977799e+01,1.009095452073e+00
3.119755987799e+01,1.009150848649e+00
3.119955997800e+01,1.009204830853e+00
3.120156007800e+01,1.009257391228e+00
3.120356017801e+01,1.009308522526e+00
3.120556027801e+01,1.009358217710e+00
3.120756037802e+01,1.009406469953e+00
3.120956047802e+01,1.009453272639e+00
3.121156057803e+01,1.009498619367e+00
3.121356067803e+01,1.009542503946e+00
3.121556077804e+01,1.009584920399e+00
3.121756087804e+01,1.009625862963e+00
3.121956097805e+01,1.009665326091e+00
3.122156107805e+01,1.009703304448e+00
3.122356117806e+01,1.009739792917e+00
3.122556127806e+01,1.009774786595e+00
3.122756137807e+01,1.009808280795e+00
3.122956147807e+01,1.009840271048e+00
3.123156157808e+01,1.009870753101e+00
3.123356167808e+01,1.009899722919e+00
3.123556177809e+01,1.009927176683e+00
3.123756187809e+01,1.009953110795e+00
3.123956197810e+01,1.009977521872e+00
3.124156207810e+01,1.010000406752e+00
3.124356217811e+01,1.010021762491e+00
3.124556227811e+01,1.010041586363e+00
3.124756237812e+01,1.010059875862e+00
3.124956247812e+01,1.010076628702e+00
3.125156257813e+01,1.010091842816e+00
3.125356267813e+01,1.010105516356e+00
3.125556277814e+01,1.010117647695e+00
3.125756287814e+01,1.010128235424e+00
3.125956297815e+01,1.010137278358e+00
3.126156307815e+01,1.010144775527e+00
3.126356317816e+01,1.010150726186e+00
3.126556327816e+01,1.010155129805e+00
3.126756337817e+01,1.010157986079e+00
3.126956347817e+01,1.010159294920e+00
3.127156357818e+01,1.010159056461e+00
3.127356367818e+01,1.010157271055e+00
3.127556377819e+01,1.010153939275e+00
3.127756387819e+01,1.010149061913e+00
3.127956397820e+01,1.010142639983e+00
3.128156407820e+01,1.010134674714e+00
3.128356417821e+01,1.010125167559e+00
3.128556427821e+01,1.010114120188e+00
3.128756437822e+01,1.010101534491e+00
3.128956447822e+01,1.010087412574e+00
3.129156457823e+01,1.010071756765e+00
3.129356467823e+01,1.010054569608e+00
3.129556477824e+01,1.010035853866e+00
3.129756487824e+01,1.010015612518e+00
3.129956497825e+01,1.009993848762e+00
3.130156507825e+01,1.009970566013e+00
3.130356517826e+01,1.009945767900e+00
3.130556527826e+01,1.009919458270e+00
3.130756537827e+01,1.009891641187e+00
3.130956547827e+01,1.009862320927e+00
3.131156557828e+01,1.009831501984e+00
3.131356567828e+01,1.009799189063e+00
3.131556577829e+01,1.009765387086e+00
3.131756587829e+01,1.009730101186e+00
3.131956597830e+01,1.009693336711e+00
3.132156607830e+01,1.009655099218e+00
3.132356617831e+01,1.009615394478e+00
3.132556627831e+01,1.009574228472e+00
3.132756637832e+01,1.009531607392e+00
3.132956647832e+01,1.009487537638e+00
3.133156657833e+01,1.009442025822e+00
3.133356667833e+01,1.009395078761e+00
3.133556677834e+01,1.009346703482e+00
3.133756687834e+01,1.009296907217e+00
3.133956697835e+01,1.009245697405e+00
3.134156707835e+01,1.009193081690e+00
3.134356717836e+01,1.009139067920e+00
3.134556727836e+01,1.009083664149e+00
3.134756737837e+01,1.009026878630e+00
3.134956747837e+01,1.008968719821e+00
3.135156757838e+01,1.008909196379e+00
3.135356767838e+01,1.008848317162e+00
3.135556777839e+01,1.008786091227e+00
3.135756787839e+01,1.008722527828e+00
3.135956797840e+01,1.008657636418e+00
3.136156807840e+01,1.008591426645e+00
3.136356817841e+01,1.008523908351e+00
3.136556827841e+01,1.008455091575e+00
3.136756837842e+01,1.008384986547e+00
3.136956847842e+01,1.008313603687e+00
3.137156857843e+01,1.008240953609e+00
3.137356867843e+01,1.008167047115e+00
3.137556877844e+01,1.008091895195e+00
3.137756887844e+01,1.008015509026e+00
3.137956897845e+01,1.007937899972e+00
3.138156907845e+01,1.007859079581e+00
3.138356917846e+01,1.007779059582e+00
3.138556927846e+01,1.007697851891e+00
3.138756937847e+01,1.007615468599e+00
3.138956947847e+01,1.007531921981e+00
3.139156957848e+01,1.007447224487e+00
3.139356967848e+01,1.007361388745e+00
3.139556977849e+01,1.007274427558e+00
3.139756987849e+01,1.007186353901e+00
3.139956997850e+01,1.007097180922e+00
3.140157007850e+01,1.007006921942e+00
3.140357017851e+01,1.006915590446e+00
3.140557027851e+01,1.006823200091e+00
3.140757037852e+01,1.006729764699e+00
3.140957047852e+01,1.006635298253e+00
3.141157057853e+01,1.006539814904e+00
3.141357067853e+01,1.006443328959e+00
3.141557077854e+01,1.006345854888e+00
3.141757087854e+01,1.006247407316e+00
3.141957097855e+01,1.006148001026e+00
3.142157107855e+01,1.006047650953e+00
3.142357117856e+01,1.005946372185e+00
3.142557127856e+01,1.005844179961e+00
3.142757137857e+01,1.005741089668e+00
3.142957147857e+01,1.005637116840e+00
3.143157157858e+01,1.005532277155e+00
3.143357167858e+01,1.005426586434e+00
3.143557177859e+01,1.005320060640e+00
3.143757187859e+01,1.005212715873e+00
3.143957197860e+01,1.005104568372e+00
3.144157207860e+01,1.004995634510e+00
3.144357217861e+01,1.004885930792e+00
3.144557227861e+01,1.004775473853e+00
3.144757237862e+01,1.004664280460e+00
3.144957247862e+01,1.004552367502e+00
3.145157257863e+01,1.004439751996e+00
3.145357267863e+01,1.004326451077e+00
3.145557277864e+01,1.004212482004e+00
3.145757287864e+01,1.004097862151e+00
3.145957297865e+01,1.003982609007e+00
3.146157307865e+01,1.003866740175e+00
3.146357317866e+01,1.003750273368e+00
3.146557327866e+01,1.003633226408e+00
3.146757337867e+01,1.003515617221e+00
3.146957347867e+01,1.003397463839e+00
3.147157357868e+01,1.003278784393e+00
3.147357367868e+01,1.003159597113e+00
3.147557377869e+01,1.003039920325e+00
3.147757387869e+01,1.002919772448e+00
3.147957397870e+01,1.002799171993e+00
3.148157407870e+01,1.002678137558e+00
3.148357417871e+01,1.002556687827e+00
3.148557427871e+01,1.002434841569e+00
3.148757437872e+01,1.002312617631e+00
3.148957447872e+01,1.002190034939e+00
3.149157457873e+01,1.002067112494e+00
3.149357467873e+01,1.001943869369e+00
3.149557477874e+01,1.001820324706e+00
3.149757487874e+01,1.001696497716e+00
3.149957497875e+01,1.001572407672e+00
3.150157507875e+01,1.001448073908e+00
3.150357517876e+01,1.001323515819e+00
3.150557527876e+01,1.001198752852e+00
3.150757537877e+01,1.001073804509e+00
3.150957547877e+01,1.000948690341e+00
3.151157557878e+01,1.000823429945e+00
3.151357567878e+01,1.000698042963e+00
3.151557577879e+01,1.000572549078e+00
3.151757587879e+01,1.000446968010e+00
3.151957597880e+01,1.000321319513e+00
3.152157607880e+01,1.000195623374e+00
3.152357617881e+01,1.000069899408e+00
3.152557627881e+01,9.999441674574e-01
3.152757637882e+01,9.998184473844e-01
3.152957647882e+01,9.996927590720e-01
3.153157657883e+01,9.995671224194e-01
3.153357667883e+01,9.994415573386e-01
3.153557677884e+01,9.993160837518e-01
3.153757687884e+01,9.991907215876e-01
3.153957697885e+01,9.990654907784e-01
3.154157707885e+01,9.989404112566e-01
3.154357717886e+01,9.988155029519e-01
3.154557727886e+01,9.986907857877e-01
3.154757737887e+01,9.985662796778e-01
3.154957747887e+01,9.984420045234e-01
3.155157757888e+01,9.983179802095e-01
3.155357767888e+01,9.981942266016e-01
3.155557777889e+01,9.980707635426e-01
3.155757787889e+01,9.979476108492e-01
3.155957797890e+01,9.978247883091e-01
3.156157807890e+01,9.977023156771e-01
3.156357817891e+01,9.975802126718e-01
3.156557827891e+01,9.974584989723e-01
3.156757837892e+01,9.973371942150e-01
3.156957847892e+01,9.972163179899e-01
3.157157857893e+01,9.970958898373e-01
3.157357867893e+01,9.969759292446e-01
3.157557877894e+01,9.968564556427e-01
3.157757887894e+01,9.967374884024e-01
3.157957897895e+01,9.966190468315e-01
3.158157907895e+01,9.965011501708e-01
3.158357917896e+01,9.963838175911e-01
3.158557927896e+01,9.962670681897e-01
3.158757937897e+01,9.961509209866e-01
3.158957947897e+01,9.960353949216e-01
3.159157957898e+01,9.959205088505e-01
3.159357967898e+01,9.958062815420e-01
3.159557977899e+01,9.956927316739e-01
3.159757987899e+01,9.955798778299e-01
3.159957997900e+01,9.954677384962e-01
3.160158007900e+01,9.953563320578e-01
3.160358017901e+01,9.952456767955e-01
3.160558027901e+01,9.951357908823e-01
3.160758037902e+01,9.950266923800e-01
3.160958047902e+01,9.949183992358e-01
3.161158057903e+01,9.948109292790e-01
3.161358067903e+01,9.947043002176e-01
3.161558077904e+01,9.945985296347e-01
3.161758087904e+01,9.944936349857e-01
3.161958097905e+01,9.943896335945e-01
3.162158107905e+01,9.942865426502e-01
3.162358117906e+01,9.941843792042e-01
3.162558127906e+01,9.940831601663e-01
3.162758137907e+01,9.939829023021e-01
3.162958147907e+01,9.938836222291e-01
3.163158157908e+01,9.937853364140e-01
3.163358167908e+01,9.936880611690e-01
3.163558177909e+01,9.935918126490e-01
3.163758187909e+01,9.934966068483e-01
3.163958197910e+01,9.934024595972e-01
3.164158207910e+01,9.933093865592e-01
3.164358217911e+01,9.932174032277e-01
3.164558227911e+01,9.931265249230e-01
3.164758237912e+01,9.930367667891e-01
3.164958247912e+01,9.929481437910e-01
3.165158257913e+01,9.928606707114e-01
3.165358267913e+01,9.927743621476e-01
3.165558277914e+01,9.926892325092e-01
3.165758287914e+01,9.926052960144e-01
3.165958297915e+01,9.925225666874e-01
3.166158307915e+01,9.924410583557e-01
3.166358317916e+01,9.923607846471e-01
3.166558327916e+01,9.922817589870e-01
3.166758337917e+01,9.922039945956e-01
3.166958347917e+01,9.921275044852e-01
3.167158357918e+01,9.920523014577e-01
3.167358367918e+01,9.919783981015e-01
3.167558377919e+01,9.919058067895e-01
3.167758387919e+01,9.918345396760e-01
3.167958397920e+01,9.917646086946e-01
3.168158407920e+01,9.916960255553e-01
3.168358417921e+01,9.916288017425e-01
3.168558427921e+01,9.915629485122e-01
3.168758437922e+01,9.914984768898e-01
3.168958447922e+01,9.914353976679e-01
3.169158457923e+01,9.913737214038e-01
3.169358467923e+01,9.913134584176e-01
3.169558477924e+01,9.912546187895e-01
3.169758487924e+01,9.911972123584e-01
3.169958497925e+01,9.911412487194e-01
3.170158507925e+01,9.910867372218e-01
3.170358517926e+01,9.910336869673e-01
3.170558527926e+01,9.909821068081e-01
3.170758537927e+01,9.909320053444e-01
3.170958547927e+01,9.908833909232e-01
3.171158557928e+01,9.908362716363e-01
3.171358567928e+01,9.907906553186e-01
3.171558577929e+01,9.907465495466e-01
3.171758587929e+01,9.907039616365e-01
3.171958597930e+01,9.906628986430e-01
3.172158607930e+01,9.906233673576e-01
3.172358617931e+01,9.905853743071e-01
3.172558627931e+01,9.905489257523e-01
3.172758637932e+01,9.905140276867e-01
3.172958647932e+01,9.904806858353e-01
3.173158657933e+01,9.904489056531e-01
3.173358667933e+01,9.904186923241e-01
3.173558677934e+01,9.903900507604e-01
3.173758687934e+01,9.903629856007e-01
3.173958697935e+01,9.903375012096e-01
3.174158707935e+01,9.903136016770e-01
3.174358717936e+01,9.902912908166e-01
3.174558727936e+01,9.902705721654e-01
3.174758737937e+01,9.902514489834e-01
3.174958747937e+01,9.902339242522e-01
3.175158757938e+01,9.902180006751e-01
3.175358767938e+01,9.902036806763e-01
3.175558777939e+01,9.901909663999e-01
3.175758787939e+01,9.901798597098e-01
3.175958797940e+01,9.901703621894e-01
3.176158807940e+01,9.901624751414e-01
3.176358817941e+01,9.901561995874e-01
3.176558827941e+01,9.901515362680e-01
3.176758837942e+01,9.901484856421e-01
3.176958847942e+01,9.901470478876e-01
3.177158857943e+01,9.901472229009e-01
3.177358867943e+01,9.901490102970e-01
3.177558877944e+01,9.901524094101e-01
3.177758887944e+01,9.901574192931e-01
3.177958897945e+01,9.901640387185e-01
3.178158907945e+01,9.901722661782e-01
3.178358917946e+01,9.901820998844e-01
3.178558927946e+01,9.901935377695e-01
3.178758937947e+01,9.902065774870e-01
3.178958947947e+01,9.902212164119e-01
3.179158957948e+01,9.902374516415e-01
3.179358967948e+01,9.902552799959e-01
3.179558977949e+01,9.902746980190e-01
3.179758987949e+01,9.902957019793e-01
3.179958997950e+01,9.903182878706e-01
3.180159007950e+01,9.903424514135e-01
3.180359017951e+01,9.903681880557e-01
3.180559027951e+01,9.903954929725e-01
3.180759037952e+01,9.904243610695e-01
3.180959047952e+01,9.904547869826e-01
3.181159057953e+01,9.904867650798e-01
3.181359067953e+01,9.905202894623e-01
3.181559077954e+01,9.905553539658e-01
3.181759087954e+01,9.905919521621e-01
3.181959097955e+01,9.906300773604e-01
3.182159107955e+01,9.906697226088e-01
3.182359117956e+01,9.907108806961e-01
3.182559127956e+01,9.907535441533e-01
3.182759137957e+01,9.907977052550e-01
3.182959147957e+01,9.908433560218e-01
3.183159157958e+01,9.908904882213e-01
3.183359167958e+01,9.909390933704e-01
3.183559177959e+01,9.909891627372e-01
3.183759187959e+01,9.910406873428e-01
3.183959197960e+01,9.910936579631e-01
3.184159207960e+01,9.911480651314e-01
3.184359217961e+01,9.912038991401e-01
3.184559227961e+01,9.912611500430e-01
3.184759237962e+01,9.913198076574e-01
3.184959247962e+01,9.913798615666e-01
3.185159257963e+01,9.914413011221e-01
3.185359267963e+01,9.915041154455e-01
3.185559277964e+01,9.915682934307e-01
3.185759287964e+01,9.916338237470e-01
3.185959297965e+01,9.917006948413e-01
3.186159307965e+01,9.917688949406e-01
3.186359317966e+01,9.918384120546e-01
3.186559327966e+01,9.919092339779e-01
3.186759337967e+01,9.919813482933e-01
3.186959347967e+01,9.920547423736e-01
3.187159357968e+01,9.921294033852e-01
3.187359367968e+01,9.922053182901e-01
3.187559377969e+01,9.922824738489e-01
3.187759387969e+01,9.923608566238e-01
3.187959397970e+01,9.924404529810e-01
3.188159407970e+01,9.925212490939e-01
3.188359417971e+01,9.926032309458e-01
3.188559427971e+01,9.926863843330e-01
3.188759437972e+01,9.927706948673e-01
3.188959447972e+01,9.928561479798e-01
3.189159457973e+01,9.929427289230e-01
3.189359467973e+01,9.930304227746e-01
3.189559477974e+01,9.931192144398e-01
3.189759487974e+01,9.932090886553e-01
3.189959497975e+01,9.933000299918e-01
3.190159507975e+01,9.933920228574e-01
3.190359517976e+01,9.934850515004e-01
3.190559527976e+01,9.935791000124e-01
3.190759537977e+01,9.936741523319e-01
3.190959547977e+01,9.937701922474e-01
3.191159557978e+01,9.938672034007e-01
3.191359567978e+01,9.939651692899e-01
3.191559577979e+01,9.940640732729e-01
3.191759587979e+01,9.941638985706e-01
3.191959597980e+01,9.942646282700e-01
3.192159607980e+01,9.943662453280e-01
3.192359617981e+01,9.944687325742e-01
3.192559627981e+01,9.945720727144e-01
3.192759637982e+01,9.946762483343e-01
3.192959647982e+01,9.947812419021e-01
3.193159657983e+01,9.948870357726e-01
3.193359667983e+01,9.949936121903e-01
3.193559677984e+01,9.951009532924e-01
3.193759687984e+01,9.952090411128e-01
3.193959697985e+01,9.953178575852e-01
3.194159707985e+01,9.954273845465e-01
3.194359717986e+01,9.955376037400e-01
3.194559727986e+01,9.956484968194e-01
3.194759737987e+01,9.957600453515e-01
3.194959747987e+01,9.958722308201e-01
3.195159757988e+01,9.959850346293e-01
3.195359767988e+01,9.960984381066e-01
3.195559777989e+01,9.962124225066e-01
3.195759787989e+01,9.963269690142e-01
3.195959797990e+01,9.964420587485e-01
3.196159807990e+01,9.965576727655e-01
3.196359817991e+01,9.966737920618e-01
3.196559827991e+01,9.967903975781e-01
3.196759837992e+01,9.969074702027e-01
3.196959847992e+01,9.970249907742e-01
3.197159857993e+01,9.971429400857e-01
3.197359867993e+01,9.972612988875e-01
3.197559877994e+01,9.973800478910e-01
3.197759887994e+01,9.974991677714e-01
3.197959897995e+01,9.976186391719e-01
3.198159907995e+01,9.977384427060e-01
3.198359917996e+01,9.978585589617e-01
3.198559927996e+01,9.979789685043e-01
3.198759937997e+01,9.980996518799e-01
3.198959947997e+01,9.982205896184e-01
3.199159957998e+01,9.983417622371e-01
3.199359967998e+01,9.984631502438e-01
3.199559977999e+01,9.985847341400e-01
3.199759987999e+01,9.987064944240e-01
3.199959998000e+01,9.988284115945e-01
3.200160008000e+01,9.989504661531e-01
3.200360018001e+01,9.990726386084e-01
3.200560028001e+01,9.991949094782e-01
3.200760038002e+01,9.993172592933e-01
3.200960048002e+01,9.994396686004e-01
3.201160058003e+01,9.995621179652e-01
3.201360068003e+01,9.996845879751e-01
3.201560078004e+01,9.998070592432e-01
3.201760088004e+01,9.999295124101e-01
3.201960098005e+01,1.000051928148e+00
3.202160108005e+01,1.000174287163e+00
3.202360118006e+01,1.000296570199e+00
3.202560128006e+01,1.000418758039e+00
3.202760138007e+01,1.000540831509e+00
3.202960148007e+01,1.000662771482e+00
3.203160158008e+01,1.000784558879e+00
3.203360168008e+01,1.000906174672e+00
3.203560178009e+01,1.001027599890e+00
3.203760188009e+01,1.001148815616e+00
3.203960198010e+01,1.001269802996e+00
3.204160208010e+01,1.001390543237e+00
3.204360218011e+01,1.001511017612e+00
3.204560228011e+01,1.001631207464e+00
3.204760238012e+01,1.001751094204e+00
3.204960248012e+01,1.001870659319e+00
3.205160258013e+01,1.001989884373e+00
3.205360268013e+01,1.002108751005e+00
3.205560278014e+01,1.002227240940e+00
3.205760288014e+01,1.002345335985e+00
3.205960298015e+01,1.002463018035e+00
3.206160308015e+01,1.002580269072e+00
3.206360318016e+01,1.002697071171e+00
3.206560328016e+01,1.002813406502e+00
3.206760338017e+01,1.002929257330e+00
3.206960348017e+01,1.003044606020e+00
3.207160358018e+01,1.003159435039e+00
3.207360368018e+01,1.003273726955e+00
3.207560378019e+01,1.003387464444e+00
3.207760388019e+01,1.003500630292e+00
3.207960398020e+01,1.003613207392e+00
3.208160408020e+01,1.003725178753e+00
3.208360418021e+01,1.003836527497e+00
3.208560428021e+01,1.003947236865e+00
3.208760438022e+01,1.004057290216e+00
3.208960448022e+01,1.004166671032e+00
3.209160458023e+01,1.004275362918e+00
3.209360468023e+01,1.004383349604e+00
3.209560478024e+01,1.004490614950e+00
3.209760488024e+01,1.004597142943e+00
3.209960498025e+01,1.004702917705e+00
3.210160508025e+01,1.004807923490e+00
3.210360518026e+01,1.004912144687e+00
3.210560528026e+01,1.005015565826e+00
3.210760538027e+01,1.005118171572e+00
3.210960548027e+01,1.005219946737e+00
3.211160558028e+01,1.005320876271e+00
3.211360568028e+01,1.005420945273e+00
3.211560578029e+01,1.005520138987e+00
3.211760588029e+01,1.005618442807e+00
3.211960598030e+01,1.005715842275e+00
3.212160608030e+01,1.005812323089e+00
3.212360618031e+01,1.005907871096e+00
3.212560628031e+01,1.006002472304e+00
3.212760638032e+01,1.006096112872e+00
3.212960648032e+01,1.006188779123e+00
3.213160658033e+01,1.006280457538e+00
3.213360668033e+01,1.006371134758e+00
3.213560678034e+01,1.006460797591e+00
3.213760688034e+01,1.006549433006e+00
3.213960698035e+01,1.006637028143e+00
3.214160708035e+01,1.006723570304e+00
3.214360718036e+01,1.006809046965e+00
3.214560728036e+01,1.006893445769e+00
3.214760738037e+01,1.006976754533e+00
3.214960748037e+01,1.007058961247e+00
3.215160758038e+01,1.007140054073e+00
3.215360768038e+01,1.007220021353e+00
3.215560778039e+01,1.007298851602e+00
3.215760788039e+01,1.007376533515e+00
3.215960798040e+01,1.007453055968e+00
3.216160808040e+01,1.007528408014e+00
3.216360818041e+01,1.007602578892e+00
3.216560828041e+01,1.007675558020e+00
3.216760838042e+01,1.007747335003e+00
3.216960848042e+01,1.007817899630e+00
3.217160858043e+01,1.007887241875e+00
3.217360868043e+01,1.007955351901e+00
3.217560878044e+01,1.008022220059e+00
3.217760888044e+01,1.008087836889e+00
3.217960898045e+01,1.008152193120e+00
3.218160908045e+01,1.008215279673e+00
3.218360918046e+01,1.008277087661e+00
3.218560928046e+01,1.008337608392e+00
3.218760938047e+01,1.008396833363e+00
3.218960948047e+01,1.008454754270e+00
3.219160958048e+01,1.008511363002e+00
3.219360968048e+01,1.008566651646e+00
3.219560978049e+01,1.008620612484e+00
3.219760988049e+01,1.008673237997e+00
3.219960998050e+01,1.008724520865e+00
3.220161008050e+01,1.008774453965e+00
3.220361018051e+01,1.008823030376e+00
3.220561028051e+01,1.008870243377e+00
3.220761038052e+01,1.008916086448e+00
3.220961048052e+01,1.008960553270e+00
3.221161058053e+01,1.009003637728e+00
3.221361068053e+01,1.009045333909e+00
3.221561078054e+01,1.009085636102e+00
3.221761088054e+01,1.009124538803e+00
3.221961098055e+01,1.009162036711e+00
3.222161108055e+01,1.009198124730e+00
3.222361118056e+01,1.009232797968e+00
3.222561128056e+01,1.009266051742e+00
3.222761138057e+01,1.009297881573e+00
3.222961148057e+01,1.009328283189e+00
3.223161158058e+01,1.009357252526e+00
3.223361168058e+01,1.009384785727e+00
3.223561178059e+01,1.009410879143e+00
3.223761188059e+01,1.009435529331e+00
3.223961198060e+01,1.009458733059e+00
3.224161208060e+01,1.009480487304e+00
3.224361218061e+01,1.009500789249e+00
3.224561228061e+01,1.009519636288e+00
3.224761238062e+01,1.009537026025e+00
3.224961248062e+01,1.009552956271e+00
3.225161258063e+01,1.009567425049e+00
3.225361268063e+01,1.009580430591e+00
3.225561278064e+01,1.009591971338e+00
3.225761288064e+01,1.009602045943e+00
3.225961298065e+01,1.009610653267e+00
3.226161308065e+01,1.009617792383e+00
3.226361318066e+01,1.009623462574e+00
3.226561328066e+01,1.009627663331e+00
3.226761338067e+01,1.009630394358e+00
3.226961348067e+01,1.009631655567e+00
3.227161358068e+01,1.009631447083e+00
3.227361368068e+01,1.009629769238e+00
3.227561378069e+01,1.009626622575e+00
3.227761388069e+01,1.009622007848e+00
3.227961398070e+01,1.009615926021e+00
3.228161408070e+01,1.009608378265e+00
3.228361418071e+01,1.009599365962e+00
3.228561428071e+01,1.009588890706e+00
3.228761438072e+01,1.009576954295e+00
3.228961448072e+01,1.009563558740e+00
3.229161458073e+01,1.009548706258e+00
3.229361468073e+01,1.009532399276e+00
3.229561478074e+01,1.009514640429e+00
3.229761488074e+01,1.009495432559e+00
3.229961498075e+01,1.009474778715e+00
3.230161508075e+01,1.009452682154e+00
3.230361518076e+01,1.009429146339e+00
3.230561528076e+01,1.009404174941e+00
3.230761538077e+01,1.009377771835e+00
3.230961548077e+01,1.009349941103e+00
3.231161558078e+01,1.009320687029e+00
3.231361568078e+01,1.009290014106e+00
3.231561578079e+01,1.009257927028e+00
3.231761588079e+01,1.009224430693e+00
3.231961598080e+01,1.009189530202e+00
3.232161608080e+01,1.009153230860e+00
3.232361618081e+01,1.009115538171e+00
3.232561628081e+01,1.009076457843e+00
3.232761638082e+01,1.009035995783e+00
3.232961648082e+01,1.008994158098e+00
3.233161658083e+01,1.008950951096e+00
3.233361668083e+01,1.008906381280e+00
3.233561678084e+01,1.008860455356e+00
3.233761688084e+01,1.008813180223e+00
3.233961698085e+01,1.008764562979e+00
3.234161708085e+01,1.008714610916e+00
3.234361718086e+01,1.008663331521e+00
3.234561728086e+01,1.008610732476e+00
3.234761738087e+01,1.008556821657e+00
3.234961748087e+01,1.008501607129e+00
3.235161758088e+01,1.008445097151e+00
3.235361768088e+01,1.008387300173e+00
3.235561778089e+01,1.008328224833e+00
3.235761788089e+01,1.008267879959e+00
3.235961798090e+01,1.008206274566e+00
3.236161808090e+01,1.008143417855e+00
3.236361818091e+01,1.008079319214e+00
3.236561828091e+01,1.008013988216e+00
3.236761838092e+01,1.007947434616e+00
3.236961848092e+01,1.007879668352e+00
3.237161858093e+01,1.007810699544e+00
3.237361868093e+01,1.007740538492e+00
3.237561878094e+01,1.007669195674e+00
3.237761888094e+01,1.007596681747e+00
3.237961898095e+01,1.007523007545e+00
3.238161908095e+01,1.007448184077e+00
3.238361918096e+01,1.007372222525e+00
3.238561928096e+01,1.007295134246e+00
3.238761938097e+01,1.007216930768e+00
3.238961948097e+01,1.007137623788e+00
3.239161958098e+01,1.007057225173e+00
3.239361968098e+01,1.006975746958e+00
3.239561978099e+01,1.006893201344e+00
3.239761988099e+01,1.006809600695e+00
3.239961998100e+01,1.006724957541e+00
3.240162008100e+01,1.006639284572e+00
3.240362018101e+01,1.006552594639e+00
3.240562028101e+01,1.006464900751e+00
3.240762038102e+01,1.006376216076e+00
3.240962048102e+01,1.006286553936e+00
3.241162058103e+01,1.006195927808e+00
3.241362068103e+01,1.006104351321e+00
3.241562078104e+01,1.006011838255e+00
3.241762088104e+01,1.005918402540e+00
3.241962098105e+01,1.005824058251e+00
3.242162108105e+01,1.005728819613e+00
3.242362118106e+01,1.005632700990e+00
3.242562128106e+01,1.005535716892e+00
3.242762138107e+01,1.005437881968e+00
3.242962148107e+01,1.005339211006e+00
3.243162158108e+01,1.005239718930e+00
3.243362168108e+01,1.005139420799e+00
3.243562178109e+01,1.005038331807e+00
3.243762188109e+01,1.004936467276e+00
3.243962198110e+01,1.004833842660e+00
3.244162208110e+01,1.004730473538e+00
3.244362218111e+01,1.004626375615e+00
3.244562228111e+01,1.004521564719e+00
3.244762238112e+01,1.004416056801e+00
3.244962248112e+01,1.004309867927e+00
3.245162258113e+01,1.004203014283e+00
3.245362268113e+01,1.004095512169e+00
3.245562278114e+01,1.003987377998e+00
3.245762288114e+01,1.003878628293e+00
3.245962298115e+01,1.003769279685e+00
3.246162308115e+01,1.003659348911e+00
3.246362318116e+01,1.003548852814e+00
3.246562328116e+01,1.003437808335e+00
3.246762338117e+01,1.003326232517e+00
3.246962348117e+01,1.003214142498e+00
3.247162358118e+01,1.003101555513e+00
3.247362368118e+01,1.002988488887e+00
3.247562378119e+01,1.002874960035e+00
3.247762388119e+01,1.002760986460e+00
3.247962398120e+01,1.002646585751e+00
3.248162408120e+01,1.002531775576e+00
3.248362418121e+01,1.002416573688e+00
3.248562428121e+01,1.002300997912e+00
3.248762438122e+01,1.002185066153e+00
3.248962448122e+01,1.002068796385e+00
3.249162458123e+01,1.001952206652e+00
3.249362468123e+01,1.001835315068e+00
3.249562478124e+01,1.001718139808e+00
3.249762488124e+01,1.001600699112e+00
3.249962498125e+01,1.001483011276e+00
3.250162508125e+01,1.001365094655e+00
3.250362518126e+01,1.001246967657e+00
3.250562528126e+01,1.001128648741e+00
3.250762538127e+01,1.001010156415e+00
3.250962548127e+01,1.000891509231e+00
3.251162558128e+01,1.000772725786e+00
3.251362568128e+01,1.000653824715e+00
3.251562578129e+01,1.000534824692e+00
3.251762588129e+01,1.000415744422e+00
3.251962598130e+01,1.000296602646e+00
3.252162608130e+01,1.000177418129e+00
3.252362618131e+01,1.000058209664e+00
3.252562628131e+01,9.999389960670e-01
3.252762638132e+01,9.998197961721e-01
3.252962648132e+01,9.997006288310e-01
3.253162658133e+01,9.995815129093e-01
3.253362668133e+01,9.994624672829e-01
3.253562678134e+01,9.993435108357e-01
3.253762688134e+01,9.992246624565e-01
3.253962698135e+01,9.991059410354e-01
3.254162708135e+01,9.989873654614e-01
3.254362718136e+01,9.988689546189e-01
3.254562728136e+01,9.987507273850e-01
3.254762738137e+01,9.986327026258e-01
3.254962748137e+01,9.985148991939e-01
3.255162758138e+01,9.983973359248e-01
3.255362768138e+01,9.982800316344e-01
3.255562778139e+01,9.981630051151e-01
3.255762788139e+01,9.980462751335e-01
3.255962798140e+01,9.979298604264e-01
3.256162808140e+01,9.978137796981e-01
3.256362818141e+01,9.976980516170e-01
3.256562828141e+01,9.975826948129e-01
3.256762838142e+01,9.974677278730e-01
3.256962848142e+01,9.973531693394e-01
3.257162858143e+01,9.972390377057e-01
3.257362868143e+01,9.971253514134e-01
3.257562878144e+01,9.970121288494e-01
3.257762888144e+01,9.968993883423e-01
3.257962898145e+01,9.967871481591e-01
3.258162908145e+01,9.966754265023e-01
3.258362918146e+01,9.965642415067e-01
3.258562928146e+01,9.964536112358e-01
3.258762938147e+01,9.963435536788e-01
3.258962948147e+01,9.962340867474e-01
3.259162958148e+01,9.961252282728e-01
3.259362968148e+01,9.960169960018e-01
3.259562978149e+01,9.959094075943e-01
3.259762988149e+01,9.958024806197e-01
3.259962998150e+01,9.956962325538e-01
3.260163008150e+01,9.955906807755e-01
3.260363018151e+01,9.954858425638e-01
3.260563028151e+01,9.953817350944e-01
3.260763038152e+01,9.952783754368e-01
3.260963048152e+01,9.951757805507e-01
3.261163058153e+01,9.950739672832e-01
3.261363068153e+01,9.949729523654e-01
3.261563078154e+01,9.948727524095e-01
3.261763088154e+01,9.947733839055e-01
3.261963098155e+01,9.946748632180e-01
3.262163108155e+01,9.945772065834e-01
3.262363118156e+01,9.944804301065e-01
3.262563128156e+01,9.943845497576e-01
3.262763138157e+01,9.942895813692e-01
3.262963148157e+01,9.941955406333e-01
3.263163158158e+01,9.941024430982e-01
3.263363168158e+01,9.940103041654e-01
3.263563178159e+01,9.939191390867e-01
3.263763188159e+01,9.938289629613e-01
3.263963198160e+01,9.937397907326e-01
3.264163208160e+01,9.936516371857e-01
3.264363218161e+01,9.935645169440e-01
3.264563228161e+01,9.934784444667e-01
3.264763238162e+01,9.933934340460e-01
3.264963248162e+01,9.933094998038e-01
3.265163258163e+01,9.932266556895e-01
3.265363268163e+01,9.931449154766e-01
3.265563278164e+01,9.930642927604e-01
3.265763288164e+01,9.929848009551e-01
3.265963298165e+01,9.929064532911e-01
3.266163308165e+01,9.928292628123e-01
3.266363318166e+01,9.927532423739e-01
3.266563328166e+01,9.926784046391e-01
3.266763338167e+01,9.926047620770e-01
3.266963348167e+01,9.925323269602e-01
3.267163358168e+01,9.924611113617e-01
3.267363368168e+01,9.923911271532e-01
3.267563378169e+01,9.923223860021e-01
3.267763388169e+01,9.922548993693e-01
3.267963398170e+01,9.921886785069e-01
3.268163408170e+01,9.921237344559e-01
3.268363418171e+01,9.920600780438e-01
3.268563428171e+01,9.919977198824e-01
3.268763438172e+01,9.919366703656e-01
3.268963448172e+01,9.918769396674e-01
3.269163458173e+01,9.918185377398e-01
3.269363468173e+01,9.917614743105e-01
3.269563478174e+01,9.917057588810e-01
3.269763488174e+01,9.916514007250e-01
3.269963498175e+01,9.915984088858e-01
3.270163508175e+01,9.915467921753e-01
3.270363518176e+01,9.914965591711e-01
3.270563528176e+01,9.914477182152e-01
3.270763538177e+01,9.914002774124e-01
3.270963548177e+01,9.913542446285e-01
3.271163558178e+01,9.913096274885e-01
3.271363568178e+01,9.912664333754e-01
3.271563578179e+01,9.912246694281e-01
3.271763588179e+01,9.911843425407e-01
3.271963598180e+01,9.911454593600e-01
3.272163608180e+01,9.911080262852e-01
3.272363618181e+01,9.910720494658e-01
3.272563628181e+01,9.910375348007e-01
3.272763638182e+01,9.910044879366e-01
3.272963648182e+01,9.909729142673e-01
3.273163658183e+01,9.909428189321e-01
3.273363668183e+01,9.909142068151e-01
3.273563678184e+01,9.908870825439e-01
3.273763688184e+01,9.908614504888e-01
3.273963698185e+01,9.908373147618e-01
3.274163708185e+01,9.908146792160e-01
3.274363718186e+01,9.907935474443e-01
3.274563728186e+01,9.907739227795e-01
3.274763738187e+01,9.907558082929e-01
3.274963748187e+01,9.907392067941e-01
3.275163758188e+01,9.907241208303e-01
3.275363768188e+01,9.907105526851e-01
3.275563778189e+01,9.906985043791e-01
3.275763788189e+01,9.906879776689e-01
3.275963798190e+01,9.906789740469e-01
3.276163808190e+01,9.906714947413e-01
3.276363818191e+01,9.906655407153e-01
3.276563828191e+01,9.906611126677e-01
3.276763838192e+01,9.906582110321e-01
3.276963848192e+01,9.906568359772e-01
3.277163858193e+01,9.906569874067e-01
3.277363868193e+01,9.906586649598e-01
3.277563878194e+01,9.906618680104e-01
3.277763888194e+01,9.906665956682e-01
3.277963898195e+01,9.906728467784e-01
3.278163908195e+01,9.906806199222e-01
3.278363918196e+01,9.906899134172e-01
3.278563928196e+01,9.907007253177e-01
3.278763938197e+01,9.907130534150e-01
3.278963948197e+01,9.907268952386e-01
3.279163958198e+01,9.907422480561e-01
3.279363968198e+01,9.907591088742e-01
3.279563978199e+01,9.907774744395e-01
3.279763988199e+01,9.907973412392e-01
3.279963998200e+01,9.908187055019e-01
3.280164008200e+01,9.908415631979e-01
3.280364018201e+01,9.908659100407e-01
3.280564028201e+01,9.908917414880e-01
3.280764038202e+01,9.909190527426e-01
3.280964048202e+01,9.909478387535e-01
3.281164058203e+01,9.909780942172e-01
3.281364068203e+01,9.910098135786e-01
3.281564078204e+01,9.910429910326e-01
3.281764088204e+01,9.910776205253e-01
3.281964098205e+01,9.911136957552e-01
3.282164108205e+01,9.911512101748e-01
3.282364118206e+01,9.911901569919e-01
3.282564128206e+01,9.912305291714e-01
3.282764138207e+01,9.912723194363e-01
3.282964148207e+01,9.913155202700e-01
3.283164158208e+01,9.913601239174e-01
3.283364168208e+01,9.914061223869e-01
3.283564178209e+01,9.914535074520e-01
3.283764188209e+01,9.915022706533e-01
3.283964198210e+01,9.915524033003e-01
3.284164208210e+01,9.916038964730e-01
3.284364218211e+01,9.916567410246e-01
3.284564228211e+01,9.917109275827e-01
3.284764238212e+01,9.917664465521e-01
3.284964248212e+01,9.918232881163e-01
3.285164258213e+01,9.918814422392e-01
3.285364268213e+01,9.919408986680e-01
3.285564278214e+01,9.920016469351e-01
3.285764288214e+01,9.920636763606e-01
3.285964298215e+01,9.921269760544e-01
3.286164308215e+01,9.921915349185e-01
3.286364318216e+01,9.922573416492e-01
3.286564328216e+01,9.923243847399e-01
3.286764338217e+01,9.923926524834e-01
3.286964348217e+01,9.924621329741e-01
3.287164358218e+01,9.925328141108e-01
3.287364368218e+01,9.926046835990e-01
3.287564378219e+01,9.926777289537e-01
3.287764388219e+01,9.927519375019e-01
3.287964398220e+01,9.928272963850e-01
3.288164408220e+01,9.929037925619e-01
3.288364418221e+01,9.929814128112e-01
3.288564428221e+01,9.930601437346e-01
3.288764438222e+01,9.931399717587e-01
3.288964448222e+01,9.932208831388e-01
3.289164458223e+01,9.933028639609e-01
3.289364468223e+01,9.933859001450e-01
3.289564478224e+01,9.934699774480e-01
3.289764488224e+01,9.935550814663e-01
3.289964498225e+01,9.936411976391e-01
3.290164508225e+01,9.937283112504e-01
3.290364518226e+01,9.938164074326e-01
3.290564528226e+01,9.939054711697e-01
3.290764538227e+01,9.939954872998e-01
3.290964548227e+01,9.940864405185e-01
3.291164558228e+01,9.941783153816e-01
3.291364568228e+01,9.942710963082e-01
3.291564578229e+01,9.943647675840e-01
3.291764588229e+01,9.944593133640e-01
3.291964598230e+01,9.945547176759e-01
3.292164608230e+01,9.946509644230e-01
3.292364618231e+01,9.947480373873e-01
3.292564628231e+01,9.948459202327e-01
3.292764638232e+01,9.949445965084e-01
3.292964648232e+01,9.950440496513e-01
3.293164658233e+01,9.951442629898e-01
3.293364668233e+01,9.952452197469e-01
3.293564678234e+01,9.953469030430e-01
3.293764688234e+01,9.954492958995e-01
3.293964698235e+01,9.955523812415e-01
3.294164708235e+01,9.956561419015e-01
3.294364718236e+01,9.957605606224e-01
3.294564728236e+01,9.958656200606e-01
3.294764738237e+01,9.959713027891e-01
3.294964748237e+01,9.960775913012e-01
3.295164758238e+01,9.961844680131e-01
3.295364768238e+01,9.962919152671e-01
3.295564778239e+01,9.963999153353e-01
3.295764788239e+01,9.965084504226e-01
3.295964798240e+01,9.966175026697e-01
3.296164808240e+01,9.967270541564e-01
3.296364818241e+01,9.968370869051e-01
3.296564828241e+01,9.969475828832e-01
3.296764838242e+01,9.970585240072e-01
3.296964848242e+01,9.971698921455e-01
3.297164858243e+01,9.972816691211e-01
3.297364868243e+01,9.973938367157e-01
3.297564878244e+01,9.975063766722e-01
3.297764888244e+01,9.976192706977e-01
3.297964898245e+01,9.977325004675e-01
3.298164908245e+01,9.978460476274e-01
3.298364918246e+01,9.979598937970e-01
3.298564928246e+01,9.980740205733e-01
3.298764938247e+01,9.981884095331e-01
3.298964948247e+01,9.983030422366e-01
3.299164958248e+01,9.984179002303e-01
3.299364968248e+01,9.985329650501e-01
3.299564978249e+01,9.986482182242e-01
3.299764988249e+01,9.987636412764e-01
3.299964998250e+01,9.988792157289e-01
3.300165008250e+01,9.989949231056e-01
3.300365018251e+01,9.991107449349e-01
3.300565028251e+01,9.992266627525e-01
3.300765038252e+01,9.993426581048e-01
3.300965048252e+01,9.994587125516e-01
3.301165058253e+01,9.995748076689e-01
3.301365068253e+01,9.996909250522e-01
3.301565078254e+01,9.998070463190e-01
3.301765088254e+01,9.999231531121e-01
3.301965098255e+01,1.000039227102e+00
3.302165108255e+01,1.000155249990e+00
3.302365118256e+01,1.000271203511e+00
3.302565128256e+01,1.000387069436e+00
3.302765138257e+01,1.000502829577e+00
3.302965148257e+01,1.000618465785e+00
3.303165158258e+01,1.000733959958e+00
3.303365168258e+01,1.000849294040e+00
3.303565178259e+01,1.000964450027e+00
3.303765188259e+01,1.001079409966e+00
3.303965198260e+01,1.001194155960e+00
3.304165208260e+01,1.001308670171e+00
3.304365218261e+01,1.001422934821e+00
3.304565228261e+01,1.001536932195e+00
3.304765238262e+01,1.001650644644e+00
3.304965248262e+01,1.001764054589e+00
3.305165258263e+01,1.001877144519e+00
3.305365268263e+01,1.001989897000e+00
3.305565278264e+01,1.002102294672e+00
3.305765288264e+01,1.002214320253e+00
3.305965298265e+01,1.002325956544e+00
3.306165308265e+01,1.002437186426e+00
3.306365318266e+01,1.002547992869e+00
3.306565328266e+01,1.002658358930e+00
3.306765338267e+01,1.002768267754e+00
3.306965348267e+01,1.002877702583e+00
3.307165358268e+01,1.002986646750e+00
3.307365368268e+01,1.003095083687e+00
3.307565378269e+01,1.003202996927e+00
3.307765388269e+01,1.003310370101e+00
3.307965398270e+01,1.003417186946e+00
3.308165408270e+01,1.003523431306e+00
3.308365418271e+01,1.003629087132e+00
3.308565428271e+01,1.003734138484e+00
3.308765438272e+01,1.003838569537e+00
3.308965448272e+01,1.003942364579e+00
3.309165458273e+01,1.004045508015e+00
3.309365468273e+01,1.004147984367e+00
3.309565478274e+01,1.004249778278e+00
3.309765488274e+01,1.004350874516e+00
3.309965498275e+01,1.004451257969e+00
3.310165508275e+01,1.004550913654e+00
3.310365518276e+01,1.004649826716e+00
3.310565528276e+01,1.004747982430e+00
3.310765538277e+01,1.004845366201e+00
3.310965548277e+01,1.004941963570e+00
3.311165558278e+01,1.005037760212e+00
3.311365568278e+01,1.005132741940e+00
3.311565578279e+01,1.005226894704e+00
3.311765588279e+01,1.005320204598e+00
3.311965598280e+01,1.005412657854e+00
3.312165608280e+01,1.005504240851e+00
3.312365618281e+01,1.005594940113e+00
3.312565628281e+01,1.005684742310e+00
3.312765638282e+01,1.005773634261e+00
3.312965648282e+01,1.005861602937e+00
3.313165658283e+01,1.005948635458e+00
3.313365668283e+01,1.006034719099e+00
3.313565678284e+01,1.006119841289e+00
3.313765688284e+01,1.006203989615e+00
3.313965698285e+01,1.006287151819e+00
3.314165708285e+01,1.006369315803e+00
3.314365718286e+01,1.006450469631e+00
3.314565728286e+01,1.006530601525e+00
3.314765738287e+01,1.006609699874e+00
3.314965748287e+01,1.006687753228e+00
3.315165758288e+01,1.006764750306e+00
3.315365768288e+01,1.006840679991e+00
3.315565778289e+01,1.006915531335e+00
3.315765788289e+01,1.006989293560e+00
3.315965798290e+01,1.007061956058e+00
3.316165808290e+01,1.007133508393e+00
3.316365818291e+01,1.007203940300e+00
3.316565828291e+01,1.007273241691e+00
3.316765838292e+01,1.007341402650e+00
3.316965848292e+01,1.007408413438e+00
3.317165858293e+01,1.007474264493e+00
3.317365868293e+01,1.007538946432e+00
3.317565878294e+01,1.007602450051e+00
3.317765888294e+01,1.007664766323e+00
3.317965898295e+01,1.007725886406e+00
3.318165908295e+01,1.007785801637e+00
3.318365918296e+01,1.007844503538e+00
3.318565928296e+01,1.007901983812e+00
3.318765938297e+01,1.007958234349e+00
3.318965948297e+01,1.008013247223e+00
3.319165958298e+01,1.008067014694e+00
3.319365968298e+01,1.008119529209e+00
3.319565978299e+01,1.008170783404e+00
3.319765988299e+01,1.008220770101e+00
3.319965998300e+01,1.008269482312e+00
3.320166008300e+01,1.008316913241e+00
3.320366018301e+01,1.008363056278e+00
3.320566028301e+01,1.008407905008e+00
3.320766038302e+01,1.008451453207e+00
3.320966048302e+01,1.008493694841e+00
3.321166058303e+01,1.008534624072e+00
3.321366068303e+01,1.008574235254e+00
3.321566078304e+01,1.008612522935e+00
3.321766088304e+01,1.008649481858e+00
3.321966098305e+01,1.008685106959e+00
3.322166108305e+01,1.008719393373e+00
3.322366118306e+01,1.008752336429e+00
3.322566128306e+01,1.008783931651e+00
3.322766138307e+01,1.008814174763e+00
3.322966148307e+01,1.008843061685e+00
3.323166158308e+01,1.008870588532e+00
3.323366168308e+01,1.008896751621e+00
3.323566178309e+01,1.008921547464e+00
3.323766188309e+01,1.008944972775e+00
3.323966198310e+01,1.008967024462e+00
3.324166208310e+01,1.008987699637e+00
3.324366218311e+01,1.009006995608e+00
3.324566228311e+01,1.009024909884e+00
3.324766238312e+01,1.009041440174e+00
3.324966248312e+01,1.009056584386e+00
3.325166258313e+01,1.009070340628e+00
3.325366268313e+01,1.009082707210e+00
3.325566278314e+01,1.009093682641e+00
3.325766288314e+01,1.009103265631e+00
3.325966298315e+01,1.009111455091e+00
3.326166308315e+01,1.009118250130e+00
3.326366318316e+01,1.009123650062e+00
3.326566328316e+01,1.009127654398e+00
3.326766338317e+01,1.009130262851e+00
3.326966348317e+01,1.009131475337e+00
3.327166358318e+01,1.009131291968e+00
3.327366368318e+01,1.009129713060e+00
3.327566378319e+01,1.009126739128e+00
3.327766388319e+01,1.009122370889e+00
3.327966398320e+01,1.009116609259e+00
3.328166408320e+01,1.009109455355e+00
3.328366418321e+01,1.009100910492e+00
3.328566428321e+01,1.009090976187e+00
3.328766438322e+01,1.009079654156e+00
3.328966448322e+01,1.009066946314e+00
3.329166458323e+01,1.009052854776e+00
3.329366468323e+01,1.009037381855e+00
3.329566478324e+01,1.009020530063e+00
3.329766488324e+01,1.009002302110e+00
3.329966498325e+01,1.008982700903e+00
3.330166508325e+01,1.008961729550e+00
3.330366518326e+01,1.008939391353e+00
3.330566528326e+01,1.008915689813e+00
3.330766538327e+01,1.008890628624e+00
3.330966548327e+01,1.008864211682e+00
3.331166558328e+01,1.008836443072e+00
3.331366568328e+01,1.008807327080e+00
3.331566578329e+01,1.008776868182e+00
3.331766588329e+01,1.008745071052e+00
3.331966598330e+01,1.008711940555e+00
3.332166608330e+01,1.008677481749e+00
3.332366618331e+01,1.008641699887e+00
3.332566628331e+01,1.008604600412e+00
3.332766638332e+01,1.008566188958e+00
3.332966648332e+01,1.008526471352e+00
3.333166658333e+01,1.008485453608e+00
3.333366668333e+01,1.008443141931e+00
3.333566678334e+01,1.008399542716e+00
3.333766688334e+01,1.008354662543e+00
3.333966698335e+01,1.008308508182e+00
3.334166708335e+01,1.008261086588e+00
3.334366718336e+01,1.008212404901e+00
3.334566728336e+01,1.008162470448e+00
3.334766738337e+01,1.008111290738e+00
3.334966748337e+01,1.008058873465e+00
3.335166758338e+01,1.008005226503e+00
3.335366768338e+01,1.007950357911e+00
3.335566778339e+01,1.007894275925e+00
3.335766788339e+01,1.007836988964e+00
3.335966798340e+01,1.007778505621e+00
3.336166808340e+01,1.007718834673e+00
3.336366818341e+01,1.007657985068e+00
3.336566828341e+01,1.007595965933e+00
3.336766838342e+01,1.007532786568e+00
3.336966848342e+01,1.007468456448e+00
3.337166858343e+01,1.007402985219e+00
3.337366868343e+01,1.007336382701e+00
3.337566878344e+01,1.007268658880e+00
3.337766888344e+01,1.007199823916e+00
3.337966898345e+01,1.007129888132e+00
3.338166908345e+01,1.007058862023e+00
3.338366918346e+01,1.006986756245e+00
3.338566928346e+01,1.006913581621e+00
3.338766938347e+01,1.006839349136e+00
3.338966948347e+01,1.006764069936e+00
3.339166958348e+01,1.006687755330e+00
3.339366968348e+01,1.006610416783e+00
3.339566978349e+01,1.006532065920e+00
3.339766988349e+01,1.006452714521e+00
3.339966998350e+01,1.006372374521e+00
3.340167008350e+01,1.006291058009e+00
3.340367018351e+01,1.006208777226e+00
3.340567028351e+01,1.006125544563e+00
3.340767038352e+01,1.006041372562e+00
3.340967048352e+01,1.005956273910e+00
3.341167058353e+01,1.005870261441e+00
3.341367068353e+01,1.005783348134e+00
3.341567078354e+01,1.005695547111e+00
3.341767088354e+01,1.005606871633e+00
3.341967098355e+01,1.005517335104e+00
3.342167108355e+01,1.005426951063e+00
3.342367118356e+01,1.005335733187e+00
3.342567128356e+01,1.005243695286e+00
3.342767138357e+01,1.005150851304e+00
3.342967148357e+01,1.005057215316e+00
3.343167158358e+01,1.004962801526e+00
3.343367168358e+01,1.004867624265e+00
3.343567178359e+01,1.004771697991e+00
3.343767188359e+01,1.004675037283e+00
3.343967198360e+01,1.004577656845e+00
3.344167208360e+01,1.004479571499e+00
3.344367218361e+01,1.004380796186e+00
3.344567228361e+01,1.004281345963e+00
3.344767238362e+01,1.004181235999e+00
3.344967248362e+01,1.004080481578e+00
3.345167258363e+01,1.003979098094e+00
3.345367268363e+01,1.003877101047e+00
3.345567278364e+01,1.003774506044e+00
3.345767288364e+01,1.003671328796e+00
3.345967298365e+01,1.003567585116e+00
3.346167308365e+01,1.003463290916e+00
3.346367318366e+01,1.003358462207e+00
3.346567328366e+01,1.003253115094e+00
3.346767338367e+01,1.003147265774e+00
3.346967348367e+01,1.003040930537e+00
3.347167358368e+01,1.002934125761e+00
3.347367368368e+01,1.002826867910e+00
3.347567378369e+01,1.002719173532e+00
3.347767388369e+01,1.002611059257e+00
3.347967398370e+01,1.002502541794e+00
3.348167408370e+01,1.002393637930e+00
3.348367418371e+01,1.002284364526e+00
3.348567428371e+01,1.002174738515e+00
3.348767438372e+01,1.002064776901e+00
3.348967448372e+01,1.001954496753e+00
3.349167458373e+01,1.001843915207e+00
3.349367468373e+01,1.001733049461e+00
3.349567478374e+01,1.001621916773e+00
3.349767488374e+01,1.001510534458e+00
3.349967498375e+01,1.001398919884e+00
3.350167508375e+01,1.001287090476e+00
3.350367518376e+01,1.001175063704e+00
3.350567528376e+01,1.001062857087e+00
3.350767538377e+01,1.000950488189e+00
3.350967548377e+01,1.000837974615e+00
3.351167558378e+01,1.000725334010e+00
3.351367568378e+01,1.000612584053e+00
3.351567578379e+01,1.000499742460e+00
3.351767588379e+01,1.000386826975e+00
3.351967598380e+01,1.000273855373e+00
3.352167608380e+01,1.000160845453e+00
3.352367618381e+01,1.000047815037e+00
3.352567628381e+01,9.999347819670e-01
3.352767638382e+01,9.998217641026e-01
3.352967648382e+01,9.997087793173e-01
3.353167658383e+01,9.995958454965e-01
3.353367668383e+01,9.994829805341e-01
3.353567678384e+01,9.993702023300e-01
3.353767688384e+01,9.992575287871e-01
3.353967698385e+01,9.991449778083e-01
3.354167708385e+01,9.990325672939e-01
3.354367718386e+01,9.989203151384e-01
3.354567728386e+01,9.988082392275e-01
3.354767738387e+01,9.986963574356e-01
3.354967748387e+01,9.985846876224e-01
3.355167758388e+01,9.984732476305e-01
3.355367768388e+01,9.983620552819e-01
3.355567778389e+01,9.982511283753e-01
3.355767788389e+01,9.981404846831e-01
3.355967798390e+01,9.980301419484e-01
3.356167808390e+01,9.979201178818e-01
3.356367818391e+01,9.978104301589e-01
3.356567828391e+01,9.977010964167e-01
3.356767838392e+01,9.975921342510e-01
3.356967848392e+01,9.974835612134e-01
3.357167858393e+01,9.973753948078e-01
3.357367868393e+01,9.972676524880e-01
3.357567878394e+01,9.971603516543e-01
3.357767888394e+01,9.970535096505e-01
3.357967898395e+01,9.969471437610e-01
3.358167908395e+01,9.968412712078e-01
3.358367918396e+01,9.967359091470e-01
3.358567928396e+01,9.966310746666e-01
3.358767938397e+01,9.965267847826e-01
3.358967948397e+01,9.964230564366e-01
3.359167958398e+01,9.963199064924e-01
3.359367968398e+01,9.962173517332e-01
3.359567978399e+01,9.961154088583e-01
3.359767988399e+01,9.960140944806e-01
3.359967998400e+01,9.959134251229e-01
3.360168008400e+01,9.958134172153e-01
3.360368018401e+01,9.957140870924e-01
3.360568028401e+01,9.956154509897e-01
3.360768038402e+01,9.955175250413e-01
3.360968048402e+01,9.954203252764e-01
3.361168058403e+01,9.953238676164e-01
3.361368068403e+01,9.952281678722e-01
3.361568078404e+01,9.951332417411e-01
3.361768088404e+01,9.950391048039e-01
3.361968098405e+01,9.949457725219e-01
3.362168108405e+01,9.948532602340e-01
3.362368118406e+01,9.947615831539e-01
3.362568128406e+01,9.946707563672e-01
3.362768138407e+01,9.945807948284e-01
3.362968148407e+01,9.944917133581e-01
3.363168158408e+01,9.944035266405e-01
3.363368168408e+01,9.943162492199e-01
3.363568178409e+01,9.942298954986e-01
3.363768188409e+01,9.941444797336e-01
3.363968198410e+01,9.940600160342e-01
3.364168208410e+01,9.939765183592e-01
3.364368218411e+01,9.938940005140e-01
3.364568228411e+01,9.938124761481e-01
3.364768238412e+01,9.937319587525e-01
3.364968248412e+01,9.936524616568e-01
3.365168258413e+01,9.935739980267e-01
3.365368268413e+01,9.934965808614e-01
3.365568278414e+01,9.934202229911e-01
3.365768288414e+01,9.933449370744e-01
3.365968298415e+01,9.932707355958e-01
3.366168308415e+01,9.931976308632e-01
3.366368318416e+01,9.931256350055e-01
3.366568328416e+01,9.930547599702e-01
3.366768338417e+01,9.929850175210e-01
3.366968348417e+01,9.929164192354e-01
3.367168358418e+01,9.928489765023e-01
3.367368368418e+01,9.927827005200e-01
3.367568378419e+01,9.927176022936e-01
3.367768388419e+01,9.926536926328e-01
3.367968398420e+01,9.925909821501e-01
3.368168408420e+01,9.925294812582e-01
3.368368418421e+01,9.924692001681e-01
3.368568428421e+01,9.924101488870e-01
3.368768438422e+01,9.923523372161e-01
3.368968448422e+01,9.922957747491e-01
3.369168458423e+01,9.922404708694e-01
3.369368468423e+01,9.921864347494e-01
3.369568478424e+01,9.921336753473e-01
3.369768488424e+01,9.920822014065e-01
3.369968498425e+01,9.920320214530e-01
3.370168508425e+01,9.919831437934e-01
3.370368518426e+01,9.919355765140e-01
3.370568528426e+01,9.918893274786e-01
3.370768538427e+01,9.918444043271e-01
3.370968548427e+01,9.918008144739e-01
3.371168558428e+01,9.917585651064e-01
3.371368568428e+01,9.917176631833e-01
3.371568578429e+01,9.916781154335e-01
3.371768588429e+01,9.916399283546e-01
3.371968598430e+01,9.916031082114e-01
3.372168608430e+01,9.915676610348e-01
3.372368618431e+01,9.915335926206e-01
3.372568628431e+01,9.915009085279e-01
3.372768638432e+01,9.914696140785e-01
3.372968648432e+01,9.914397143553e-01
3.373168658433e+01,9.914112142017e-01
3.373368668433e+01,9.913841182203e-01
3.373568678434e+01,9.913584307719e-01
3.373768688434e+01,9.913341559750e-01
3.373968698435e+01,9.913112977046e-01
3.374168708435e+01,9.912898595917e-01
3.374368718436e+01,9.912698450224e-01
3.374568728436e+01,9.912512571373e-01
3.374768738437e+01,9.912340988310e-01
3.374968748437e+01,9.912183727512e-01
3.375168758438e+01,9.912040812980e-01
3.375368768438e+01,9.911912266238e-01
3.375568778439e+01,9.911798106329e-01
3.375768788439e+01,9.911698349810e-01
3.375968798440e+01,9.911613010751e-01
3.376168808440e+01,9.911542100729e-01
3.376368818441e+01,9.911485628828e-01
3.376568828441e+01,9.911443601639e-01
3.376768838442e+01,9.911416023255e-01
3.376968848442e+01,9.911402895277e-01
3.377168858443e+01,9.911404216805e-01
3.377368868443e+01,9.911419984449e-01
3.377568878444e+01,9.911450192321e-01
3.377768888444e+01,9.911494832042e-01
3.377968898445e+01,9.911553892743e-01
3.378168908445e+01,9.911627361067e-01
3.378368918446e+01,9.911715221174e-01
3.378568928446e+01,9.911817454741e-01
3.378768938447e+01,9.911934040974e-01
3.378968948447e+01,9.912064956606e-01
3.379168958448e+01,9.912210175905e-01
3.379368968448e+01,9.912369670682e-01
3.379568978449e+01,9.912543410298e-01
3.379768988449e+01,9.912731361668e-01
3.379968998450e+01,9.912933489265e-01
3.380169008450e+01,9.913149755134e-01
3.380369018451e+01,9.913380118899e-01
3.380569028451e+01,9.913624537773e-01
3.380769038452e+01,9.913882966565e-01
3.380969048452e+01,9.914155357695e-01
3.381169058453e+01,9.914441661199e-01
3.381369068453e+01,9.914741824745e-01
3.381569078454e+01,9.915055793642e-01
3.381769088454e+01,9.915383510852e-01
3.381969098455e+01,9.915724917005e-01
3.382169108455e+01,9.916079950411e-01
3.382369118456e+01,9.916448547070e-01
3.382569128456e+01,9.916830640691e-01
3.382769138457e+01,9.917226162706e-01
3.382969148457e+01,9.917635042280e-01
3.383169158458e+01,9.918057206333e-01
3.383369168458e+01,9.918492579551e-01
3.383569178459e+01,9.918941084404e-01
3.383769188459e+01,9.919402641165e-01
3.383969198460e+01,9.919877167924e-01
3.384169208460e+01,9.920364580608e-01
3.384369218461e+01,9.920864793001e-01
3.384569228461e+01,9.921377716757e-01
3.384769238462e+01,9.921903261428e-01
3.384969248462e+01,9.922441334467e-01
3.385169258463e+01,9.922991841261e-01
3.385369268463e+01,9.923554685148e-01
3.385569278464e+01,9.924129767437e-01
3.385769288464e+01,9.924716987431e-01
3.385969298465e+01,9.925316242442e-01
3.386169308465e+01,9.925927427823e-01
3.386369318466e+01,9.926550436978e-01
3.386569328466e+01,9.927185161395e-01
3.386769338467e+01,9.927831490661e-01
3.386969348467e+01,9.928489312489e-01
3.387169358468e+01,9.929158512741e-01
3.387369368468e+01,9.929838975450e-01
3.387569378469e+01,9.930530582843e-01
3.387769388469e+01,9.931233215369e-01
3.387969398470e+01,9.931946751722e-01
3.388169408470e+01,9.932671068862e-01
3.388369418471e+01,9.933406042045e-01
3.388569428471e+01,9.934151544849e-01
3.388769438472e+01,9.934907449194e-01
3.388969448472e+01,9.935673625373e-01
3.389169458473e+01,9.936449942078e-01
3.389369468473e+01,9.937236266424e-01
3.389569478474e+01,9.938032463978e-01
3.389769488474e+01,9.938838398787e-01
3.389969498475e+01,9.939653933397e-01
3.390169508475e+01,9.940478928886e-01
3.390369518476e+01,9.941313244896e-01
3.390569528476e+01,9.942156739651e-01
3.390769538477e+01,9.943009269995e-01
3.390969548477e+01,9.943870691412e-01
3.391169558478e+01,9.944740858057e-01
3.391369568478e+01,9.945619622788e-01
3.391569578479e+01,9.946506837189e-01
3.391769588479e+01,9.947402351602e-01
3.391969598480e+01,9.948306015153e-01
3.392169608480e+01,9.949217675787e-01
3.392369618481e+01,9.950137180288e-01
3.392569628481e+01,9.951064374317e-01
3.392769638482e+01,9.951999102437e-01
3.392969648482e+01,9.952941208141e-01
3.393169658483e+01,9.953890533886e-01
3.393369668483e+01,9.954846921117e-01
3.393569678484e+01,9.955810210303e-01
3.393769688484e+01,9.956780240962e-01
3.393969698485e+01,9.957756851693e-01
3.394169708485e+01,9.958739880205e-01
3.394369718486e+01,9.959729163348e-01
3.394569728486e+01,9.960724537143e-01
3.394769738487e+01,9.961725836811e-01
3.394969748487e+01,9.962732896802e-01
3.395169758488e+01,9.963745550827e-01
3.395369768488e+01,9.964763631888e-01
3.395569778489e+01,9.965786972306e-01
3.395769788489e+01,9.966815403754e-01
3.395969798490e+01,9.967848757286e-01
3.396169808490e+01,9.968886863367e-01
3.396369818491e+01,9.969929551902e-01
3.396569828491e+01,9.970976652266e-01
3.396769838492e+01,9.972027993337e-01
3.396969848492e+01,9.973083403522e-01
3.397169858493e+01,9.974142710790e-01
3.397369868493e+01,9.975205742701e-01
3.397569878494e+01,9.976272326433e-01
3.397769888494e+01,9.977342288816e-01
3.397969898495e+01,9.978415456359e-01
3.398169908495e+01,9.979491655281e-01
3.398369918496e+01,9.980570711540e-01
3.398569928496e+01,9.981652450861e-01
3.398769938497e+01,9.982736698768e-01
3.398969948497e+01,9.983823280611e-01
3.399169958498e+01,9.984912021596e-01
3.399369968498e+01,9.986002746814e-01
3.399569978499e+01,9.987095281271e-01
3.399769988499e+01,9.988189449914e-01
3.399969998500e+01,9.989285077662e-01
3.400170008500e+01,9.990381989434e-01
3.400370018501e+01,9.991480010178e-01
3.400570028501e+01,9.992578964897e-01
3.400770038502e+01,9.993678678681e-01
3.400970048502e+01,9.994778976730e-01
3.401170058503e+01,9.995879684387e-01
3.401370068503e+01,9.996980627163e-01
3.401570078504e+01,9.998081630763e-01
3.401770088504e+01,9.999182521117e-01
3.401970098505e+01,1.000028312440e+00
3.402170108505e+01,1.000138326708e+00
3.402370118506e+01,1.000248277591e+00
3.402570128506e+01,1.000358147798e+00
3.402770138507e+01,1.000467920075e+00
3.402970148507e+01,1.000577577204e+00
3.403170158508e+01,1.000687102010e+00
3.403370168508e+01,1.000796477362e+00
3.403570178509e+01,1.000905686173e+00
3.403770188509e+01,1.001014711406e+00
3.403970198510e+01,1.001123536075e+00
3.404170208510e+01,1.001232143249e+00
3.404370218511e+01,1.001340516051e+00
3.404570228511e+01,1.001448637664e+00
3.404770238512e+01,1.001556491333e+00
3.404970248512e+01,1.001664060365e+00
3.405170258513e+01,1.001771328134e+00
3.405370268513e+01,1.001878278083e+00
3.405570278514e+01,1.001984893724e+00
3.405770288514e+01,1.002091158645e+00
3.405970298515e+01,1.002197056506e+00
3.406170308515e+01,1.002302571048e+00
3.406370318516e+01,1.002407686091e+00
3.406570328516e+01,1.002512385535e+00
3.406770338517e+01,1.002616653369e+00
3.406970348517e+01,1.002720473665e+00
3.407170358518e+01,1.002823830587e+00
3.407370368518e+01,1.002926708387e+00
3.407570378519e+01,1.003029091412e+00
3.407770388519e+01,1.003130964106e+00
3.407970398520e+01,1.003232311008e+00
3.408170408520e+01,1.003333116757e+00
3.408370418521e+01,1.003433366095e+00
3.408570428521e+01,1.003533043867e+00
3.408770438522e+01,1.003632135023e+00
3.408970448522e+01,1.003730624622e+00
3.409170458523e+01,1.003828497831e+00
3.409370468523e+01,1.003925739931e+00
3.409570478524e+01,1.004022336313e+00
3.409770488524e+01,1.004118272487e+00
3.409970498525e+01,1.004213534077e+00
3.410170508525e+01,1.004308106829e+00
3.410370518526e+01,1.004401976607e+00
3.410570528526e+01,1.004495129401e+00
3.410770538527e+01,1.004587551322e+00
3.410970548527e+01,1.004679228610e+00
3.411170558528e+01,1.004770147631e+00
3.411370568528e+01,1.004860294881e+00
3.411570578529e+01,1.004949656988e+00
3.411770588529e+01,1.005038220712e+00
3.411970598530e+01,1.005125972949e+00
3.412170608530e+01,1.005212900728e+00
3.412370618531e+01,1.005298991218e+00
3.412570628531e+01,1.005384231729e+00
3.412770638532e+01,1.005468609707e+00
3.412970648532e+01,1.005552112745e+00
3.413170658533e+01,1.005634728576e+00
3.413370668533e+01,1.005716445081e+00
3.413570678534e+01,1.005797250286e+00
3.413770688534e+01,1.005877132366e+00
3.413970698535e+01,1.005956079645e+00
3.414170708535e+01,1.006034080597e+00
3.414370718536e+01,1.006111123848e+00
3.414570728536e+01,1.006187198180e+00
3.414770738537e+01,1.006262292526e+00
3.414970748537e+01,1.006336395977e+00
3.415170758538e+01,1.006409497782e+00
3.415370768538e+01,1.006481587347e+00
3.415570778539e+01,1.006552654237e+00
3.415770788539e+01,1.006622688180e+00
3.415970798540e+01,1.006691679063e+00
3.416170808540e+01,1.006759616940e+00
3.416370818541e+01,1.006826492025e+00
3.416570828541e+01,1.006892294699e+00
3.416770838542e+01,1.006957015510e+00
3.416970848542e+01,1.007020645173e+00
3.417170858543e+01,1.007083174570e+00
3.417370868543e+01,1.007144594753e+00
3.417570878544e+01,1.007204896945e+00
3.417770888544e+01,1.007264072540e+00
3.417970898545e+01,1.007322113103e+00
3.418170908545e+01,1.007379010374e+00
3.418370918546e+01,1.007434756264e+00
3.418570928546e+01,1.007489342862e+00
3.418770938547e+01,1.007542762430e+00
3.418970948547e+01,1.007595007408e+00
3.419170958548e+01,1.007646070413e+00
3.419370968548e+01,1.007695944240e+00
3.419570978549e+01,1.007744621860e+00
3.419770988549e+01,1.007792096427e+00
3.419970998550e+01,1.007838361275e+00
3.420171008550e+01,1.007883409915e+00
3.420371018551e+01,1.007927236044e+00
3.420571028551e+01,1.007969833538e+00
3.420771038552e+01,1.008011196457e+00
3.420971048552e+01,1.008051319045e+00
3.421171058553e+01,1.008090195727e+00
3.421371068553e+01,1.008127821117e+00
3.421571078554e+01,1.008164190008e+00
3.421771088554e+01,1.008199297385e+00
3.421971098555e+01,1.008233138413e+00
3.422171108555e+01,1.008265708448e+00
3.422371118556e+01,1.008297003030e+00
3.422571128556e+01,1.008327017887e+00
3.422771138557e+01,1.008355748935e+00
3.422971148557e+01,1.008383192279e+00
3.423171158558e+01,1.008409344210e+00
3.423371168558e+01,1.008434201210e+00
3.423571178559e+01,1.008457759949e+00
3.423771188559e+01,1.008480017287e+00
3.423971198560e+01,1.008500970273e+00
3.424171208560e+01,1.008520616147e+00
3.424371218561e+01,1.008538952339e+00
3.424571228561e+01,1.008555976467e+00
3.424771238562e+01,1.008571686343e+00
3.424971248562e+01,1.008586079968e+00
3.425171258563e+01,1.008599155535e+00
3.425371268563e+01,1.008610911426e+00
3.425571278564e+01,1.008621346218e+00
3.425771288564e+01,1.008630458675e+00
3.425971298565e+01,1.008638247755e+00
3.426171308565e+01,1.008644712608e+00
3.426371318566e+01,1.008649852573e+00
3.426571328566e+01,1.008653667183e+00
3.426771338567e+01,1.008656156162e+00
3.426971348567e+01,1.008657319424e+00
3.427171358568e+01,1.008657157075e+00
3.427371368568e+01,1.008655669415e+00
3.427571378569e+01,1.008652856932e+00
3.427771388569e+01,1.008648720308e+00
3.427971398570e+01,1.008643260413e+00
3.428171408570e+01,1.008636478312e+00
3.428371418571e+01,1.008628375256e+00
3.428571428571e+01,1.008618952692e+00
3.428771438572e+01,1.008608212254e+00
3.428971448572e+01,1.008596155767e+00
3.429171458573e+01,1.008582785246e+00
3.429371468573e+01,1.008568102897e+00
3.429571478574e+01,1.008552111113e+00
3.429771488574e+01,1.008534812479e+00
3.429971498575e+01,1.008516209767e+00
3.430171508575e+01,1.008496305938e+00
3.430371518576e+01,1.008475104142e+00
3.430571528576e+01,1.008452607716e+00
3.430771538577e+01,1.008428820185e+00
3.430971548577e+01,1.008403745261e+00
3.431171558578e+01,1.008377386841e+00
3.431371568578e+01,1.008349749011e+00
3.431571578579e+01,1.008320836041e+00
3.431771588579e+01,1.008290652385e+00
3.431971598580e+01,1.008259202685e+00
3.432171608580e+01,1.008226491764e+00
3.432371618581e+01,1.008192524630e+00
3.432571628581e+01,1.008157306474e+00
3.432771638582e+01,1.008120842668e+00
3.432971648582e+01,1.008083138768e+00
3.433171658583e+01,1.008044200511e+00
3.433371668583e+01,1.008004033812e+00
3.433571678584e+01,1.007962644768e+00
3.433771688584e+01,1.007920039654e+00
3.433971698585e+01,1.007876224925e+00
3.434171708585e+01,1.007831207213e+00
3.434371718586e+01,1.007784993325e+00
3.434571728586e+01,1.007737590247e+00
3.434771738587e+01,1.007689005138e+00
3.434971748587e+01,1.007639245333e+00
3.435171758588e+01,1.007588318339e+00
3.435371768588e+01,1.007536231839e+00
3.435571778589e+01,1.007482993684e+00
3.435771788589e+01,1.007428611899e+00
3.435971798590e+01,1.007373094678e+00
3.436171808590e+01,1.007316450383e+00
3.436371818591e+01,1.007258687546e+00
3.436571828591e+01,1.007199814866e+00
3.436771838592e+01,1.007139841206e+00
3.436971848592e+01,1.007078775596e+00
3.437171858593e+01,1.007016627230e+00
3.437371868593e+01,1.006953405465e+00
3.437571878594e+01,1.006889119819e+00
3.437771888594e+01,1.006823779971e+00
3.437971898595e+01,1.006757395761e+00
3.438171908595e+01,1.006689977185e+00
3.438371918596e+01,1.006621534399e+00
3.438571928596e+01,1.006552077713e+00
3.438771938597e+01,1.006481617593e+00
3.438971948597e+01,1.006410164657e+00
3.439171958598e+01,1.006337729678e+00
3.439371968598e+01,1.006264323578e+00
3.439571978599e+01,1.006189957428e+00
3.439771988599e+01,1.006114642449e+00
3.439971998600e+01,1.006038390008e+00
3.440172008600e+01,1.005961211619e+00
3.440372018601e+01,1.005883118939e+00
3.440572028601e+01,1.005804123767e+00
3.440772038602e+01,1.005724238045e+00
3.440972048602e+01,1.005643473853e+00
3.441172058603e+01,1.005561843413e+00
3.441372068603e+01,1.005479359079e+00
3.441572078604e+01,1.005396033342e+00
3.441772088604e+01,1.005311878830e+00
3.441972098605e+01,1.005226908298e+00
3.442172108605e+01,1.005141134634e+00
3.442372118606e+01,1.005054570855e+00
3.442572128606e+01,1.004967230106e+00
3.442772138607e+01,1.004879125655e+00
3.442972148607e+01,1.004790270897e+00
3.443172158608e+01,1.004700679345e+00
3.443372168608e+01,1.004610364638e+00
3.443572178609e+01,1.004519340528e+00
3.443772188609e+01,1.004427620888e+00
3.443972198610e+01,1.004335219703e+00
3.444172208610e+01,1.004242151074e+00
3.444372218611e+01,1.004148429212e+00
3.444572228611e+01,1.004054068436e+00
3.444772238612e+01,1.003959083174e+00
3.444972248612e+01,1.003863487960e+00
3.445172258613e+01,1.003767297432e+00
3.445372268613e+01,1.003670526328e+00
3.445572278614e+01,1.003573189487e+00
3.445772288614e+01,1.003475301846e+00
3.445972298615e+01,1.003376878437e+00
3.446172308615e+01,1.003277934385e+00
3.446372318616e+01,1.003178484909e+00
3.446572328616e+01,1.003078545315e+00
3.446772338617e+01,1.002978130997e+00
3.446972348617e+01,1.002877257435e+00
3.447172358618e+01,1.002775940192e+00
3.447372368618e+01,1.002674194912e+00
3.447572378619e+01,1.002572037315e+00
3.447772388619e+01,1.002469483202e+00
3.447972398620e+01,1.002366548446e+00
3.448172408620e+01,1.002263248990e+00
3.448372418621e+01,1.002159600851e+00
3.448572428621e+01,1.002055620109e+00
3.448772438622e+01,1.001951322913e+00
3.448972448622e+01,1.001846725473e+00
3.449172458623e+01,1.001741844058e+00
3.449372468623e+01,1.001636694997e+00
3.449572478624e+01,1.001531294675e+00
3.449772488624e+01,1.001425659527e+00
3.449972498625e+01,1.001319806043e+00
3.450172508625e+01,1.001213750758e+00
3.450372518626e+01,1.001107510255e+00
3.450572528626e+01,1.001001101159e+00
3.450772538627e+01,1.000894540137e+00
3.450972548627e+01,1.000787843894e+00
3.451172558628e+01,1.000681029170e+00
3.451372568628e+01,1.000574112740e+00
3.451572578629e+01,1.000467111407e+00
3.451772588629e+01,1.000360042005e+00
3.451972598630e+01,1.000252921391e+00
3.452172608630e+01,1.000145766448e+00
3.452372618631e+01,1.000038594075e+00
3.452572628631e+01,9.999314211935e-01
3.452772638632e+01,9.998242647362e-01
3.452972648632e+01,9.997171416498e-01
3.453172658633e+01,9.996100688903e-01
3.453372668633e+01,9.995030634207e-01
3.453572678634e+01,9.993961422081e-01
3.453772688634e+01,9.992893222213e-01
3.453972698635e+01,9.991826204277e-01
3.454172708635e+01,9.990760537908e-01
3.454372718636e+01,9.989696392674e-01
3.454572728636e+01,9.988633938047e-01
3.454772738637e+01,9.987573343375e-01
3.454972748637e+01,9.986514777861e-01
3.455172758638e+01,9.985458410525e-01
3.455372768638e+01,9.984404410184e-01
3.455572778639e+01,9.983352945418e-01
3.455772788639e+01,9.982304184546e-01
3.455972798640e+01,9.981258295596e-01
3.456172808640e+01,9.980215446278e-01
3.456372818641e+01,9.979175803954e-01
3.456572828641e+01,9.978139535609e-01
3.456772838642e+01,9.977106807827e-01
3.456972848642e+01,9.976077786757e-01
3.457172858643e+01,9.975052638088e-01
3.457372868643e+01,9.974031527021e-01
3.457572878644e+01,9.973014618236e-01
3.457772888644e+01,9.972002075869e-01
3.457972898645e+01,9.970994063481e-01
3.458172908645e+01,9.969990744028e-01
3.458372918646e+01,9.968992279834e-01
3.458572928646e+01,9.967998832562e-01
3.458772938647e+01,9.967010563189e-01
3.458972948647e+01,9.966027631969e-01
3.459172958648e+01,9.965050198413e-01
3.459372968648e+01,9.964078421257e-01
3.459572978649e+01,9.963112458433e-01
3.459772988649e+01,9.962152467042e-01
3.459972998650e+01,9.961198603324e-01
3.460173008650e+01,9.960251022633e-01
3.460373018651e+01,9.959309879406e-01
3.460573028651e+01,9.958375327134e-01
3.460773038652e+01,9.957447518338e-01
3.460973048652e+01,9.956526604537e-01
3.461173058653e+01,9.955612736222e-01
3.461373068653e+01,9.954706062829e-01
3.461573078654e+01,9.953806732709e-01
3.461773088654e+01,9.952914893105e-01
3.461973098655e+01,9.952030690117e-01
3.462173108655e+01,9.951154268682e-01
3.462373118656e+01,9.950285772545e-01
3.462573128656e+01,9.949425344229e-01
3.462773138657e+01,9.948573125011e-01
3.462973148657e+01,9.947729254895e-01
3.463173158658e+01,9.946893872584e-01
3.463373168658e+01,9.946067115456e-01
3.463573178659e+01,9.945249119537e-01
3.463773188659e+01,9.944440019472e-01
3.463973198660e+01,9.943639948505e-01
3.464173208660e+01,9.942849038449e-01
3.464373218661e+01,9.942067419662e-01
3.464573228661e+01,9.941295221024e-01
3.464773238662e+01,9.940532569908e-01
3.464973248662e+01,9.939779592156e-01
3.465173258663e+01,9.939036412059e-01
3.465373268663e+01,9.938303152326e-01
3.465573278664e+01,9.937579934067e-01
3.465773288664e+01,9.936866876764e-01
3.465973298665e+01,9.936164098250e-01
3.466173308665e+01,9.935471714685e-01
3.466373318666e+01,9.934789840536e-01
3.466573328666e+01,9.934118588548e-01
3.466773338667e+01,9.933458069730e-01
3.466973348667e+01,9.932808393327e-01
3.467173358668e+01,9.932169666800e-01
3.467373368668e+01,9.931541995804e-01
3.467573378669e+01,9.930925484170e-01
3.467773388669e+01,9.930320233880e-01
3.467973398670e+01,9.929726345049e-01
3.468173408670e+01,9.929143915904e-01
3.468373418671e+01,9.928573042766e-01
3.468573428671e+01,9.928013820028e-01
3.468773438672e+01,9.927466340139e-01
3.468973448672e+01,9.926930693584e-01
3.469173458673e+01,9.926406968866e-01
3.469373468673e+01,9.925895252488e-01
3.469573478674e+01,9.925395628937e-01
3.469773488674e+01,9.924908180666e-01
3.469973498675e+01,9.924432988074e-01
3.470173508675e+01,9.923970129493e-01
3.470373518676e+01,9.923519681171e-01
3.470573528676e+01,9.923081717259e-01
3.470773538677e+01,9.922656309793e-01
3.470973548677e+01,9.922243528681e-01
3.471173558678e+01,9.921843441687e-01
3.471373568678e+01,9.921456114422e-01
3.471573578679e+01,9.921081610323e-01
3.471773588679e+01,9.920719990649e-01
3.471973598680e+01,9.920371314461e-01
3.472173608680e+01,9.920035638613e-01
3.472373618681e+01,9.919713017742e-01
3.472573628681e+01,9.919403504254e-01
3.472773638682e+01,9.919107148314e-01
3.472973648682e+01,9.918823997838e-01
3.473173658683e+01,9.918554098481e-01
3.473373668683e+01,9.918297493627e-01
3.473573678684e+01,9.918054224383e-01
3.473773688684e+01,9.917824329569e-01
3.473973698685e+01,9.917607845713e-01
3.474173708685e+01,9.917404807038e-01
3.474373718686e+01,9.917215245464e-01
3.474573728686e+01,9.917039190594e-01
3.474773738687e+01,9.916876669714e-01
3.474973748687e+01,9.916727707775e-01
3.475173758688e+01,9.916592327404e-01
3.475373768688e+01,9.916470548891e-01
3.475573778689e+01,9.916362390185e-01
3.475773788689e+01,9.916267866896e-01
3.475973798690e+01,9.916186992287e-01
3.476173808690e+01,9.916119777274e-01
3.476373818691e+01,9.916066230423e-01
3.476573828691e+01,9.916026357950e-01
3.476773838692e+01,9.916000163719e-01
3.476973848692e+01,9.915987649243e-01
3.477173858693e+01,9.915988813680e-01
3.477373868693e+01,9.916003653841e-01
3.477573878694e+01,9.916032164183e-01
3.477773888694e+01,9.916074336816e-01
3.477973898695e+01,9.916130161503e-01
3.478173908695e+01,9.916199625662e-01
3.478373918696e+01,9.916282714371e-01
3.478573928696e+01,9.916379410372e-01
3.478773938697e+01,9.916489694072e-01
3.478973948697e+01,9.916613543551e-01
3.479173958698e+01,9.916750934566e-01
3.479373968698e+01,9.916901840560e-01
3.479573978699e+01,9.917066232663e-01
3.479773988699e+01,9.917244079700e-01
3.479973998700e+01,9.917435348194e-01
3.480174008700e+01,9.917640002380e-01
3.480374018701e+01,9.917858004213e-01
3.480574028701e+01,9.918089313370e-01
3.480774038702e+01,9.918333887268e-01
3.480974048702e+01,9.918591681065e-01
3.481174058703e+01,9.918862647675e-01
3.481374068703e+01,9.919146737780e-01
3.481574078704e+01,9.919443899833e-01
3.481774088704e+01,9.919754080079e-01
3.481974098705e+01,9.920077222559e-01
3.482174108705e+01,9.920413269126e-01
3.482374118706e+01,9.920762159457e-01
3.482574128706e+01,9.921123831066e-01
3.482774138707e+01,9.921498219317e-01
3.482974148707e+01,9.921885257437e-01
3.483174158708e+01,9.922284876534e-01
3.483374168708e+01,9.922697005607e-01
3.483574178709e+01,9.923121571565e-01
3.483774188709e+01,9.923558499242e-01
3.483974198710e+01,9.924007711412e-01
3.484174208710e+01,9.924469128808e-01
3.484374218711e+01,9.924942670137e-01
3.484574228711e+01,9.925428252098e-01
3.484774238712e+01,9.925925789394e-01
3.484974248712e+01,9.926435194756e-01
3.485174258713e+01,9.926956378960e-01
3.485374268713e+01,9.927489250847e-01
3.485574278714e+01,9.928033717339e-01
3.485774288714e+01,9.928589683462e-01
3.485974298715e+01,9.929157052362e-01
3.486174308715e+01,9.929735725331e-01
3.486374318716e+01,9.930325601818e-01
3.486574328716e+01,9.930926579461e-01
3.486774338717e+01,9.931538554099e-01
3.486974348717e+01,9.932161419800e-01
3.487174358718e+01,9.932795068876e-01
3.487374368718e+01,9.933439391911e-01
3.487574378719e+01,9.934094277782e-01
3.487774388719e+01,9.934759613677e-01
3.487974398720e+01,9.935435285124e-01
3.488174408720e+01,9.936121176012e-01
3.488374418721e+01,9.936817168612e-01
3.488574428721e+01,9.937523143606e-01
3.488774438722e+01,9.938238980104e-01
3.488974448722e+01,9.938964555676e-01
3.489174458723e+01,9.939699746372e-01
3.489374468723e+01,9.940444426748e-01
3.489574478724e+01,9.941198469891e-01
3.489774488724e+01,9.941961747439e-01
3.489974498725e+01,9.942734129612e-01
3.490174508725e+01,9.943515485237e-01
3.490374518726e+01,9.944305681772e-01
3.490574528726e+01,9.945104585334e-01
3.490774538727e+01,9.945912060723e-01
3.490974548727e+01,9.946727971448e-01
3.491174558728e+01,9.947552179758e-01
3.491374568728e+01,9.948384546661e-01
3.491574578729e+01,9.949224931959e-01
3.491774588729e+01,9.950073194267e-01
3.491974598730e+01,9.950929191047e-01
3.492174608730e+01,9.951792778631e-01
3.492374618731e+01,9.952663812247e-01
3.492574628731e+01,9.953542146051e-01
3.492774638732e+01,9.954427633152e-01
3.492974648732e+01,9.955320125638e-01
3.493174658733e+01,9.956219474608e-01
3.493374668733e+01,9.957125530195e-01
3.493574678734e+01,9.958038141596e-01
3.493774688734e+01,9.958957157102e-01
3.493974698735e+01,9.959882424123e-01
3.494174708735e+01,9.960813789218e-01
3.494374718736e+01,9.961751098120e-01
3.494574728736e+01,9.962694195771e-01
3.494774738737e+01,9.963642926342e-01
3.494974748737e+01,9.964597133264e-01
3.495174758738e+01,9.965556659258e-01
3.495374768738e+01,9.966521346365e-01
3.495574778739e+01,9.967491035968e-01
3.495774788739e+01,9.968465568826e-01
3.495974798740e+01,9.969444785101e-01
3.496174808740e+01,9.970428524383e-01
3.496374818741e+01,9.971416625725e-01
3.496574828741e+01,9.972408927663e-01
3.496774838742e+01,9.973405268251e-01
3.496974848742e+01,9.974405485086e-01
3.497174858743e+01,9.975409415337e-01
3.497374868743e+01,9.976416895773e-01
3.497574878744e+01,9.977427762792e-01
3.497774888744e+01,9.978441852446e-01
3.497974898745e+01,9.979459000472e-01
3.498174908745e+01,9.980479042322e-01
3.498374918746e+01,9.981501813184e-01
3.498574928746e+01,9.982527148016e-01
3.498774938747e+01,9.983554881571e-01
3.498974948747e+01,9.984584848425e-01
3.499174958748e+01,9.985616883005e-01
3.499374968748e+01,9.986650819615e-01
3.499574978749e+01,9.987686492466e-01
3.499774988749e+01,9.988723735702e-01
3.499974998750e+01,9.989762383424e-01
3.500175008750e+01,9.990802269724e-01
3.500375018751e+01,9.991843228704e-01
3.500575028751e+01,9.992885094509e-01
3.500775038752e+01,9.993927701350e-01
3.500975048752e+01,9.994970883533e-01
3.501175058753e+01,9.996014475483e-01
3.501375068753e+01,9.997058311773e-01
3.501575078754e+01,9.998102227147e-01
3.501775088754e+01,9.999146056548e-01
3.501975098755e+01,1.000018963514e+00
3.502175108755e+01,1.000123279835e+00
3.502375118756e+01,1.000227538186e+00
3.502575128756e+01,1.000331722168e+00
3.502775138757e+01,1.000435815411e+00
3.502975148757e+01,1.000539801584e+00
3.503175158758e+01,1.000643664391e+00
3.503375168758e+01,1.000747387577e+00
3.503575178759e+01,1.000850954929e+00
3.503775188759e+01,1.000954350281e+00
3.503975198760e+01,1.001057557511e+00
3.504175208760e+01,1.001160560549e+00
3.504375218761e+01,1.001263343378e+00
3.504575228761e+01,1.001365890033e+00
3.504775238762e+01,1.001468184607e+00
3.504975248762e+01,1.001570211253e+00
3.505175258763e+01,1.001671954185e+00
3.505375268763e+01,1.001773397681e+00
3.505575278764e+01,1.001874526083e+00
3.505775288764e+01,1.001975323805e+00
3.505975298765e+01,1.002075775329e+00
3.506175308765e+01,1.002175865210e+00
3.506375318766e+01,1.002275578078e+00
3.506575328766e+01,1.002374898641e+00
3.506775338767e+01,1.002473811684e+00
3.506975348767e+01,1.002572302077e+00
3.507175358768e+01,1.002670354769e+00
3.507375368768e+01,1.002767954799e+00
3.507575378769e+01,1.002865087290e+00
3.507775388769e+01,1.002961737456e+00
3.507975398770e+01,1.003057890603e+00
3.508175408770e+01,1.003153532130e+00
3.508375418771e+01,1.003248647531e+00
3.508575428771e+01,1.003343222401e+00
3.508775438772e+01,1.003437242429e+00
3.508975448772e+01,1.003530693410e+00
3.509175458773e+01,1.003623561239e+00
3.509375468773e+01,1.003715831918e+00
3.509575478774e+01,1.003807491556e+00
3.509775488774e+01,1.003898526369e+00
3.509975498775e+01,1.003988922686e+00
3.510175508775e+01,1.004078666947e+00
3.510375518776e+01,1.004167745705e+00
3.510575528776e+01,1.004256145630e+00
3.510775538777e+01,1.004343853511e+00
3.510975548777e+01,1.004430856253e+00
3.511175558778e+01,1.004517140884e+00
3.511375568778e+01,1.004602694554e+00
3.511575578779e+01,1.004687504537e+00
3.511775588779e+01,1.004771558231e+00
3.511975598780e+01,1.004854843165e+00
3.512175608780e+01,1.004937346993e+00
3.512375618781e+01,1.005019057501e+00
3.512575628781e+01,1.005099962608e+00
3.512775638782e+01,1.005180050363e+00
3.512975648782e+01,1.005259308952e+00
3.513175658783e+01,1.005337726697e+00
3.513375668783e+01,1.005415292058e+00
3.513575678784e+01,1.005491993632e+00
3.513775688784e+01,1.005567820158e+00
3.513975698785e+01,1.005642760516e+00
3.514175708785e+01,1.005716803729e+00
3.514375718786e+01,1.005789938964e+00
3.514575728786e+01,1.005862155534e+00
3.514775738787e+01,1.005933442897e+00
3.514975748787e+01,1.006003790663e+00
3.515175758788e+01,1.006073188586e+00
3.515375768788e+01,1.006141626575e+00
3.515575778789e+01,1.006209094687e+00
3.515775788789e+01,1.006275583134e+00
3.515975798790e+01,1.006341082281e+00
3.516175808790e+01,1.006405582648e+00
3.516375818791e+01,1.006469074909e+00
3.516575828791e+01,1.006531549899e+00
3.516775838792e+01,1.006592998607e+00
3.516975848792e+01,1.006653412183e+00
3.517175858793e+01,1.006712781938e+00
3.517375868793e+01,1.006771099340e+00
3.517575878794e+01,1.006828356024e+00
3.517775888794e+01,1.006884543784e+00
3.517975898795e+01,1.006939654580e+00
3.518175908795e+01,1.006993680536e+00
3.518375918796e+01,1.007046613939e+00
3.518575928796e+01,1.007098447247e+00
3.518775938797e+01,1.007149173080e+00
3.518975948797e+01,1.007198784231e+00
3.519175958798e+01,1.007247273657e+00
3.519375968798e+01,1.007294634487e+00
3.519575978799e+01,1.007340860019e+00
3.519775988799e+01,1.007385943723e+00
3.519975998800e+01,1.007429879240e+00
3.520176008800e+01,1.007472660382e+00
3.520376018801e+01,1.007514281135e+00
3.520576028801e+01,1.007554735659e+00
3.520776038802e+01,1.007594018287e+00
3.520976048802e+01,1.007632123526e+00
3.521176058803e+01,1.007669046061e+00
3.521376068803e+01,1.007704780749e+00
3.521576078804e+01,1.007739322626e+00
3.521776088804e+01,1.007772666903e+00
3.521976098805e+01,1.007804808970e+00
3.522176108805e+01,1.007835744393e+00
3.522376118806e+01,1.007865468916e+00
3.522576128806e+01,1.007893978464e+00
3.522776138807e+01,1.007921269139e+00
3.522976148807e+01,1.007947337222e+00
3.523176158808e+01,1.007972179174e+00
3.523376168808e+01,1.007995791637e+00
3.523576178809e+01,1.008018171432e+00
3.523776188809e+01,1.008039315561e+00
3.523976198810e+01,1.008059221209e+00
3.524176208810e+01,1.008077885738e+00
3.524376218811e+01,1.008095306695e+00
3.524576228811e+01,1.008111481807e+00
3.524776238812e+01,1.008126408982e+00
3.524976248812e+01,1.008140086313e+00
3.525176258813e+01,1.008152512072e+00
3.525376268813e+01,1.008163684715e+00
3.525576278814e+01,1.008173602881e+00
3.525776288814e+01,1.008182265389e+00
3.525976298815e+01,1.008189671243e+00
3.526176308815e+01,1.008195819629e+00
3.526376318816e+01,1.008200709915e+00
3.526576328816e+01,1.008204341653e+00
3.526776338817e+01,1.008206714576e+00
3.526976348817e+01,1.008207828602e+00
3.527176358818e+01,1.008207683829e+00
3.527376368818e+01,1.008206280541e+00
3.527576378819e+01,1.008203619201e+00
3.527776388819e+01,1.008199700458e+00
3.527976398820e+01,1.008194525139e+00
3.528176408820e+01,1.008188094258e+00
3.528376418821e+01,1.008180409009e+00
3.528576428821e+01,1.008171470766e+00
3.528776438822e+01,1.008161281088e+00
3.528976448822e+01,1.008149841714e+00
3.529176458823e+01,1.008137154564e+00
3.529376468823e+01,1.008123221738e+00
3.529576478824e+01,1.008108045520e+00
3.529776488824e+01,1.008091628372e+00
3.529976498825e+01,1.008073972937e+00
3.530176508825e+01,1.008055082037e+00
3.530376518826e+01,1.008034958675e+00
3.530576528826e+01,1.008013606032e+00
3.530776538827e+01,1.007991027468e+00
3.530976548827e+01,1.007967226522e+00
3.531176558828e+01,1.007942206910e+00
3.531376568828e+01,1.007915972525e+00
3.531576578829e+01,1.007888527440e+00
3.531776588829e+01,1.007859875901e+00
3.531976598830e+01,1.007830022331e+00
3.532176608830e+01,1.007798971331e+00
3.532376618831e+01,1.007766727673e+00
3.532576628831e+01,1.007733296307e+00
3.532776638832e+01,1.007698682355e+00
3.532976648832e+01,1.007662891112e+00
3.533176658833e+01,1.007625928047e+00
3.533376668833e+01,1.007587798799e+00
3.533576678834e+01,1.007548509181e+00
3.533776688834e+01,1.007508065175e+00
3.533976698835e+01,1.007466472933e+00
3.534176708835e+01,1.007423738776e+00
3.534376718836e+01,1.007379869193e+00
3.534576728836e+01,1.007334870843e+00
3.534776738837e+01,1.007288750551e+00
3.534976748837e+01,1.007241515305e+00
3.535176758838e+01,1.007193172264e+00
3.535376768838e+01,1.007143728747e+00
3.535576778839e+01,1.007093192238e+00
3.535776788839e+01,1.007041570385e+00
3.535976798840e+01,1.006988870995e+00
3.536176808840e+01,1.006935102039e+00
3.536376818841e+01,1.006880271646e+00
3.536576828841e+01,1.006824388105e+00
3.536776838842e+01,1.006767459862e+00
3.536976848842e+01,1.006709495520e+00
3.537176858843e+01,1.006650503841e+00
3.537376868843e+01,1.006590493737e+00
3.537576878844e+01,1.006529474277e+00
3.537776888844e+01,1.006467454684e+00
3.537976898845e+01,1.006404444329e+00
3.538176908845e+01,1.006340452736e+00
3.538376918846e+01,1.006275489578e+00
3.538576928846e+01,1.006209564676e+00
3.538776938847e+01,1.006142687998e+00
3.538976948847e+01,1.006074869658e+00
3.539176958848e+01,1.006006119914e+00
3.539376968848e+01,1.005936449169e+00
3.539576978849e+01,1.005865867966e+00
3.539776988849e+01,1.005794386989e+00
3.539976998850e+01,1.005722017063e+00
3.540177008850e+01,1.005648769150e+00
3.540377018851e+01,1.005574654349e+00
3.540577028851e+01,1.005499683893e+00
3.540777038852e+01,1.005423869152e+00
3.540977048852e+01,1.005347221625e+00
3.541177058853e+01,1.005269752944e+00
3.541377068853e+01,1.005191474871e+00
3.541577078854e+01,1.005112399295e+00
3.541777088854e+01,1.005032538231e+00
3.541977098855e+01,1.004951903822e+00
3.542177108855e+01,1.004870508331e+00
3.542377118856e+01,1.004788364146e+00
3.542577128856e+01,1.004705483772e+00
3.542777138857e+01,1.004621879835e+00
3.542977148857e+01,1.004537565079e+00
3.543177158858e+01,1.004452552360e+00
3.543377168858e+01,1.004366854652e+00
3.543577178859e+01,1.004280485038e+00
3.543777188859e+01,1.004193456712e+00
3.543977198860e+01,1.004105782977e+00
3.544177208860e+01,1.004017477242e+00
3.544377218861e+01,1.003928553022e+00
3.544577228861e+01,1.003839023936e+00
3.544777238862e+01,1.003748903701e+00
3.544977248862e+01,1.003658206137e+00
3.545177258863e+01,1.003566945161e+00
3.545377268863e+01,1.003475134785e+00
3.545577278864e+01,1.003382789115e+00
3.545777288864e+01,1.003289922350e+00
3.545977298865e+01,1.003196548777e+00
3.546177308865e+01,1.003102682772e+00
3.546377318866e+01,1.003008338799e+00
3.546577328866e+01,1.002913531404e+00
3.546777338867e+01,1.002818275214e+00
3.546977348867e+01,1.002722584939e+00
3.547177358868e+01,1.002626475365e+00
3.547377368868e+01,1.002529961353e+00
3.547577378869e+01,1.002433057840e+00
3.547777388869e+01,1.002335779834e+00
3.547977398870e+01,1.002238142410e+00
3.548177408870e+01,1.002140160715e+00
3.548377418871e+01,1.002041849956e+00
3.548577428871e+01,1.001943225407e+00
3.548777438872e+01,1.001844302400e+00
3.548977448872e+01,1.001745096328e+00
3.549177458873e+01,1.001645622637e+00
3.549377468873e+01,1.001545896829e+00
3.549577478874e+01,1.001445934459e+00
3.549777488874e+01,1.001345751127e+00
3.549977498875e+01,1.001245362486e+00
3.550177508875e+01,1.001144784228e+00
3.550377518876e+01,1.001044032092e+00
3.550577528876e+01,1.000943121853e+00
3.550777538877e+01,1.000842069327e+00
3.550977548877e+01,1.000740890363e+00
3.551177558878e+01,1.000639600844e+00
3.551377568878e+01,1.000538216684e+00
3.551577578879e+01,1.000436753822e+00
3.551777588879e+01,1.000335228225e+00
3.551977598880e+01,1.000233655883e+00
3.552177608880e+01,1.000132052806e+00
3.552377618881e+01,1.000030435022e+00
3.552577628881e+01,9.999288185738e-01
3.552777638882e+01,9.998272195187e-01
3.552977648882e+01,9.997256539235e-01
3.553177658883e+01,9.996241378632e-01
3.553377668883e+01,9.995226874183e-01
3.553577678884e+01,9.994213186719e-01
3.553777688884e+01,9.993200477073e-01
3.553977698885e+01,9.992188906057e-01
3.554177708885e+01,9.991178634431e-01
3.554377718886e+01,9.990169822879e-01
3.554577728886e+01,9.989162631983e-01
3.554777738887e+01,9.988157222200e-01
3.554977748887e+01,9.987153753831e-01
3.555177758888e+01,9.986152386996e-01
3.555377768888e+01,9.985153281608e-01
3.555577778889e+01,9.984156597347e-01
3.555777788889e+01,9.983162493631e-01
3.555977798890e+01,9.982171129593e-01
3.556177808890e+01,9.981182664051e-01
3.556377818891e+01,9.980197255484e-01
3.556577828891e+01,9.979215062002e-01
3.556777838892e+01,9.978236241322e-01
3.556977848892e+01,9.977260950740e-01
3.557177858893e+01,9.976289347106e-01
3.557377868893e+01,9.975321586793e-01
3.557577878894e+01,9.974357825674e-01
3.557777888894e+01,9.973398219093e-01
3.557977898895e+01,9.972442921838e-01
3.558177908895e+01,9.971492088118e-01
3.558377918896e+01,9.970545871530e-01
3.558577928896e+01,9.969604425036e-01
3.558777938897e+01,9.968667900934e-01
3.558977948897e+01,9.967736450836e-01
3.559177958898e+01,9.966810225632e-01
3.559377968898e+01,9.965889375474e-01
3.559577978899e+01,9.964974049740e-01
3.559777988899e+01,9.964064397015e-01
3.559977998900e+01,9.963160565058e-01
3.560178008900e+01,9.962262700781e-01
3.560378018901e+01,9.961370950217e-01
3.560578028901e+01,9.960485458497e-01
3.560778038902e+01,9.959606369826e-01
3.560978048902e+01,9.958733827450e-01
3.561178058903e+01,9.957867973635e-01
3.561378068903e+01,9.957008949642e-01
3.561578078904e+01,9.956156895695e-01
3.561778088904e+01,9.955311950961e-01
3.561978098905e+01,9.954474253524e-01
3.562178108905e+01,9.953643940354e-01
3.562378118906e+01,9.952821147288e-01
3.562578128906e+01,9.952006009000e-01
3.562778138907e+01,9.951198658981e-01
3.562978148907e+01,9.950399229508e-01
3.563178158908e+01,9.949607851621e-01
3.563378168908e+01,9.948824655104e-01
3.563578178909e+01,9.948049768452e-01
3.563778188909e+01,9.947283318852e-01
3.563978198910e+01,9.946525432157e-01
3.564178208910e+01,9.945776232864e-01
3.564378218911e+01,9.945035844089e-01
3.564578228911e+01,9.944304387544e-01
3.564778238912e+01,9.943581983509e-01
3.564978248912e+01,9.942868750817e-01
3.565178258913e+01,9.942164806826e-01
3.565378268913e+01,9.941470267398e-01
3.565578278914e+01,9.940785246875e-01
3.565778288914e+01,9.940109858060e-01
3.565978298915e+01,9.939444212191e-01
3.566178308915e+01,9.938788418923e-01
3.566378318916e+01,9.938142586306e-01
3.566578328916e+01,9.937506820763e-01
3.566778338917e+01,9.936881227068e-01
3.566978348917e+01,9.936265908329e-01
3.567178358918e+01,9.935660965965e-01
3.567378368918e+01,9.935066499685e-01
3.567578378919e+01,9.934482607473e-01
3.567778388919e+01,9.933909385565e-01
3.567978398920e+01,9.933346928428e-01
3.568178408920e+01,9.932795328748e-01
3.568378418921e+01,9.932254677405e-01
3.568578428921e+01,9.931725063460e-01
3.568778438922e+01,9.931206574133e-01
3.568978448922e+01,9.930699294791e-01
3.569178458923e+01,9.930203308925e-01
3.569378468923e+01,9.929718698141e-01
3.569578478924e+01,9.929245542136e-01
3.569778488924e+01,9.928783918684e-01
3.569978498925e+01,9.928333903622e-01
3.570178508925e+01,9.927895570835e-01
3.570378518926e+01,9.927468992241e-01
3.570578528926e+01,9.927054237775e-01
3.570778538927e+01,9.926651375378e-01
3.570978548927e+01,9.926260470979e-01
3.571178558928e+01,9.925881588487e-01
3.571378568928e+01,9.925514789776e-01
3.571578578929e+01,9.925160134671e-01
3.571778588929e+01,9.924817680937e-01
3.571978598930e+01,9.924487484271e-01
3.572178608930e+01,9.924169598283e-01
3.572378618931e+01,9.923864074492e-01
3.572578628931e+01,9.923570962313e-01
3.572778638932e+01,9.923290309049e-01
3.572978648932e+01,9.923022159877e-01
3.573178658933e+01,9.922766557845e-01
3.573378668933e+01,9.922523543857e-01
3.573578678934e+01,9.922293156672e-01
3.573778688934e+01,9.922075432890e-01
3.573978698935e+01,9.921870406951e-01
3.574178708935e+01,9.921678111124e-01
3.574378718936e+01,9.921498575501e-01
3.574578728936e+01,9.921331827996e-01
3.574778738937e+01,9.921177894327e-01
3.574978748937e+01,9.921036798022e-01
3.575178758938e+01,9.920908560412e-01
3.575378768938e+01,9.920793200627e-01
3.575578778939e+01,9.920690735591e-01
3.575778788939e+01,9.920601180021e-01
3.575978798940e+01,9.920524546422e-01
3.576178808940e+01,9.920460845088e-01
3.576378818941e+01,9.920410084095e-01
3.576578828941e+01,9.920372269307e-01
3.576778838942e+01,9.920347404368e-01
3.576978848942e+01,9.920335490706e-01
3.577178858943e+01,9.920336527534e-01
3.577378868943e+01,9.920350511843e-01
3.577578878944e+01,9.920377438414e-01
3.577778888944e+01,9.920417299812e-01
3.577978898945e+01,9.920470086388e-01
3.578178908945e+01,9.920535786286e-01
3.578378918946e+01,9.920614385444e-01
3.578578928946e+01,9.920705867597e-01
3.578778938947e+01,9.920810214279e-01
3.578978948947e+01,9.920927404832e-01
3.579178958948e+01,9.921057416407e-01
3.579378968948e+01,9.921200223967e-01
3.579578978949e+01,9.921355800298e-01
3.579778988949e+01,9.921524116013e-01
3.579978998950e+01,9.921705139557e-01
3.580179008950e+01,9.921898837217e-01
3.580379018951e+01,9.922105173127e-01
3.580579028951e+01,9.922324109279e-01
3.580779038952e+01,9.922555605526e-01
3.580979048952e+01,9.922799619597e-01
3.581179058953e+01,9.923056107102e-01
3.581379068953e+01,9.923325021542e-01
3.581579078954e+01,9.923606314322e-01
3.581779088954e+01,9.923899934758e-01
3.581979098955e+01,9.924205830091e-01
3.582179108955e+01,9.924523945494e-01
3.582379118956e+01,9.924854224089e-01
3.582579128956e+01,9.925196606955e-01
3.582779138957e+01,9.925551033146e-01
3.582979148957e+01,9.925917439697e-01
3.583179158958e+01,9.926295761643e-01
3.583379168958e+01,9.926685932033e-01
3.583579178959e+01,9.927087881935e-01
3.583779188959e+01,9.927501540463e-01
3.583979198960e+01,9.927926834783e-01
3.584179208960e+01,9.928363690134e-01
3.584379218961e+01,9.928812029839e-01
3.584579228961e+01,9.929271775326e-01
3.584779238962e+01,9.929742846140e-01
3.584979248962e+01,9.930225159961e-01
3.585179258963e+01,9.930718632625e-01
3.585379268963e+01,9.931223178134e-01
3.585579278964e+01,9.931738708682e-01
3.585779288964e+01,9.932265134667e-01
3.585979298965e+01,9.932802364710e-01
3.586179308965e+01,9.933350305679e-01
3.586379318966e+01,9.933908862701e-01
3.586579328966e+01,9.934477939185e-01
3.586779338967e+01,9.935057436843e-01
3.586979348967e+01,9.935647255708e-01
3.587179358968e+01,9.936247294152e-01
3.587379368968e+01,9.936857448913e-01
3.587579378969e+01,9.937477615110e-01
3.587779388969e+01,9.938107686268e-01
3.587979398970e+01,9.938747554338e-01
3.588179408970e+01,9.939397109719e-01
3.588379418971e+01,9.940056241280e-01
3.588579428971e+01,9.940724836377e-01
3.588779438972e+01,9.941402780883e-01
3.588979448972e+01,9.942089959204e-01
3.589179458973e+01,9.942786254310e-01
3.589379468973e+01,9.943491547751e-01
3.589579478974e+01,9.944205719681e-01
3.589779488974e+01,9.944928648887e-01
3.589979498975e+01,9.945660212806e-01
3.590179508975e+01,9.946400287552e-01
3.590379518976e+01,9.947148747941e-01
3.590579528976e+01,9.947905467514e-01
3.590779538977e+01,9.948670318561e-01
3.590979548977e+01,9.949443172145e-01
3.591179558978e+01,9.950223898129e-01
3.591379568978e+01,9.951012365200e-01
3.591579578979e+01,9.951808440893e-01
3.591779588979e+01,9.952611991616e-01
3.591979598980e+01,9.953422882678e-01
3.592179608980e+01,9.954240978311e-01
3.592379618981e+01,9.955066141700e-01
3.592579628981e+01,9.955898235002e-01
3.592779638982e+01,9.956737119379e-01
3.592979648982e+01,9.957582655022e-01
3.593179658983e+01,9.958434701173e-01
3.593379668983e+01,9.959293116156e-01
3.593579678984e+01,9.960157757398e-01
3.593779688984e+01,9.961028481460e-01
3.593979698985e+01,9.961905144062e-01
3.594179708985e+01,9.962787600106e-01
3.594379718986e+01,9.963675703708e-01
3.594579728986e+01,9.964569308222e-01
3.594779738987e+01,9.965468266264e-01
3.594979748987e+01,9.966372429743e-01
3.595179758988e+01,9.967281649885e-01
3.595379768988e+01,9.968195777258e-01
3.595579778989e+01,9.969114661804e-01
3.595779788989e+01,9.970038152860e-01
3.595979798990e+01,9.970966099188e-01
3.596179808990e+01,9.971898348999e-01
3.596379818991e+01,9.972834749984e-01
3.596579828991e+01,9.973775149335e-01
3.596779838992e+01,9.974719393776e-01
3.596979848992e+01,9.975667329589e-01
3.597179858993e+01,9.976618802638e-01
3.597379868993e+01,9.977573658399e-01
3.597579878994e+01,9.978531741983e-01
3.597779888994e+01,9.979492898165e-01
3.597979898995e+01,9.980456971410e-01
3.598179908995e+01,9.981423805900e-01
3.598379918996e+01,9.982393245559e-01
3.598579928996e+01,9.983365134076e-01
3.598779938997e+01,9.984339314941e-01
3.598979948997e+01,9.985315631460e-01
3.599179958998e+01,9.986293926788e-01
3.599379968998e+01,9.987274043953e-01
3.599579978999e+01,9.988255825882e-01
3.599779988999e+01,9.989239115427e-01
3.599979999000e+01,9.990223755387e-01
3.600180009000e+01,9.991209588542e-01
3.600380019001e+01,9.992196457669e-01
3.600580029001e+01,9.993184205574e-01
3.600780039002e+01,9.994172675116e-01
3.600980049002e+01,9.995161709228e-01
3.601180059003e+01,9.996151150948e-01
3.601380069003e+01,9.997140843440e-01
3.601580079004e+01,9.998130630021e-01
3.601780089004e+01,9.999120354183e-01
3.601980099005e+01,1.000010985962e+00
3.602180109005e+01,1.000109899025e+00
3.602380119006e+01,1.000208759025e+00
3.602580129006e+01,1.000307550406e+00
3.602780139007e+01,1.000406257642e+00
3.602980149007e+01,1.000504865238e+00
3.603180159008e+01,1.000603357737e+00
3.603380169008e+01,1.000701719716e+00
3.603580179009e+01,1.000799935791e+00
3.603780189009e+01,1.000897990621e+00
3.603980199010e+01,1.000995868909e+00
3.604180209010e+01,1.001093555403e+00
3.604380219011e+01,1.001191034899e+00
3.604580229011e+01,1.001288292246e+00
3.604780239012e+01,1.001385312343e+00
3.604980249012e+01,1.001482080146e+00
3.605180259013e+01,1.001578580668e+00
3.605380269013e+01,1.001674798981e+00
3.605580279014e+01,1.001770720218e+00
3.605780289014e+01,1.001866329578e+00
3.605980299015e+01,1.001961612325e+00
3.606180309015e+01,1.002056553788e+00
3.606380319016e+01,1.002151139372e+00
3.606580329016e+01,1.002245354548e+00
3.606780339017e+01,1.002339184865e+00
3.606980349017e+01,1.002432615949e+00
3.607180359018e+01,1.002525633500e+00
3.607380369018e+01,1.002618223302e+00
3.607580379019e+01,1.002710371221e+00
3.607780389019e+01,1.002802063205e+00
3.607980399020e+01,1.002893285290e+00
3.608180409020e+01,1.002984023599e+00
3.608380419021e+01,1.003074264345e+00
3.608580429021e+01,1.003163993833e+00
3.608780439022e+01,1.003253198462e+00
3.608980449022e+01,1.003341864726e+00
3.609180459023e+01,1.003429979216e+00
3.609380469023e+01,1.003517528623e+00
3.609580479024e+01,1.003604499738e+00
3.609780489024e+01,1.003690879455e+00
3.609980499025e+01,1.003776654771e+00
3.610180509025e+01,1.003861812791e+00
3.610380519026e+01,1.003946340725e+00
3.610580529026e+01,1.004030225896e+00
3.610780539027e+01,1.004113455735e+00
3.610980549027e+01,1.004196017786e+00
3.611180559028e+01,1.004277899708e+00
3.611380569028e+01,1.004359089276e+00
3.611580579029e+01,1.004439574380e+00
3.611780589029e+01,1.004519343031e+00
3.611980599030e+01,1.004598383361e+00
3.612180609030e+01,1.004676683622e+00
3.612380619031e+01,1.004754232189e+00
3.612580629031e+01,1.004831017563e+00
3.612780639032e+01,1.004907028372e+00
3.612980649032e+01,1.004982253369e+00
3.613180659033e+01,1.005056681438e+00
3.613380669033e+01,1.005130301591e+00
3.613580679034e+01,1.005203102975e+00
3.613780689034e+01,1.005275074867e+00
3.613980699035e+01,1.005346206679e+00
3.614180709035e+01,1.005416487961e+00
3.614380719036e+01,1.005485908396e+00
3.614580729036e+01,1.005554457806e+00
3.614780739037e+01,1.005622126155e+00
3.614980749037e+01,1.005688903543e+00
3.615180759038e+01,1.005754780216e+00
3.615380769038e+01,1.005819746559e+00
3.615580779039e+01,1.005883793103e+00
3.615780789039e+01,1.005946910523e+00
3.615980799040e+01,1.006009089640e+00
3.616180809040e+01,1.006070321423e+00
3.616380819041e+01,1.006130596989e+00
3.616580829041e+01,1.006189907602e+00
3.616780839042e+01,1.006248244680e+00
3.616980849042e+01,1.006305599788e+00
3.617180859043e+01,1.006361964646e+00
3.617380869043e+01,1.006417331126e+00
3.617580879044e+01,1.006471691253e+00
3.617780889044e+01,1.006525037209e+00
3.617980899045e+01,1.006577361330e+00
3.618180909045e+01,1.006628656109e+00
3.618380919046e+01,1.006678914195e+00
3.618580929046e+01,1.006728128398e+00
3.618780939047e+01,1.006776291685e+00
3.618980949047e+01,1.006823397183e+00
3.619180959048e+01,1.006869438179e+00
3.619380969048e+01,1.006914408124e+00
3.619580979049e+01,1.006958300627e+00
3.619780989049e+01,1.007001109461e+00
3.619980999050e+01,1.007042828564e+00
3.620181009050e+01,1.007083452037e+00
3.620381019051e+01,1.007122974143e+00
3.620581029051e+01,1.007161389315e+00
3.620781039052e+01,1.007198692147e+00
3.620981049052e+01,1.007234877402e+00
3.621181059053e+01,1.007269940010e+00
3.621381069053e+01,1.007303875066e+00
3.621581079054e+01,1.007336677837e+00
3.621781089054e+01,1.007368343754e+00
3.621981099055e+01,1.007398868420e+00
3.622181109055e+01,1.007428247605e+00
3.622381119056e+01,1.007456477251e+00
3.622581129056e+01,1.007483553468e+00
3.622781139057e+01,1.007509472539e+00
3.622981149057e+01,1.007534230916e+00
3.623181159058e+01,1.007557825222e+00
3.623381169058e+01,1.007580252252e+00
3.623581179059e+01,1.007601508974e+00
3.623781189059e+01,1.007621592528e+00
3.623981199060e+01,1.007640500225e+00
3.624181209060e+01,1.007658229550e+00
3.624381219061e+01,1.007674778161e+00
3.624581229061e+01,1.007690143887e+00
3.624781239062e+01,1.007704324735e+00
3.624981249062e+01,1.007717318880e+00
3.625181259063e+01,1.007729124675e+00
3.625381269063e+01,1.007739740645e+00
3.625581279064e+01,1.007749165489e+00
3.625781289064e+01,1.007757398080e+00
3.625981299065e+01,1.007764437467e+00
3.626181309065e+01,1.007770282869e+00
3.626381319066e+01,1.007774933684e+00
3.626581329066e+01,1.007778389482e+00
3.626781339067e+01,1.007780650007e+00
3.626981349067e+01,1.007781715178e+00
3.627181359068e+01,1.007781585088e+00
3.627381369068e+01,1.007780260005e+00
3.627581379069e+01,1.007777740369e+00
3.627781389069e+01,1.007774026797e+00
3.627981399070e+01,1.007769120077e+00
3.628181409070e+01,1.007763021172e+00
3.628381419071e+01,1.007755731219e+00
3.628581429071e+01,1.007747251530e+00
3.628781439072e+01,1.007737583586e+00
3.628981449072e+01,1.007726729045e+00
3.629181459073e+01,1.007714689737e+00
3.629381469073e+01,1.007701467663e+00
3.629581479074e+01,1.007687064999e+00
3.629781489074e+01,1.007671484091e+00
3.629981499075e+01,1.007654727457e+00
3.630181509075e+01,1.007636797788e+00
3.630381519076e+01,1.007617697944e+00
3.630581529076e+01,1.007597430959e+00
3.630781539077e+01,1.007576000033e+00
3.630981549077e+01,1.007553408540e+00
3.631181559078e+01,1.007529660022e+00
3.631381569078e+01,1.007504758189e+00
3.631581579079e+01,1.007478706923e+00
3.631781589079e+01,1.007451510271e+00
3.631981599080e+01,1.007423172449e+00
3.632181609080e+01,1.007393697841e+00
3.632381619081e+01,1.007363090996e+00
3.632581629081e+01,1.007331356632e+00
3.632781639082e+01,1.007298499631e+00
3.632981649082e+01,1.007264525039e+00
3.633181659083e+01,1.007229438067e+00
3.633381669083e+01,1.007193244091e+00
3.633581679084e+01,1.007155948650e+00
3.633781689084e+01,1.007117557445e+00
3.633981699085e+01,1.007078076338e+00
3.634181709085e+01,1.007037511354e+00
3.634381719086e+01,1.006995868677e+00
3.634581729086e+01,1.006953154652e+00
3.634781739087e+01,1.006909375781e+00
3.634981749087e+01,1.006864538726e+00
3.635181759088e+01,1.006818650306e+00
3.635381769088e+01,1.006771717496e+00
3.635581779089e+01,1.006723747426e+00
3.635781789089e+01,1.006674747382e+00
3.635981799090e+01,1.006624724804e+00
3.636181809090e+01,1.006573687286e+00
3.636381819091e+01,1.006521642571e+00
3.636581829091e+01,1.006468598556e+00
3.636781839092e+01,1.006414563287e+00
3.636981849092e+01,1.006359544960e+00
3.637181859093e+01,1.006303551920e+00
3.637381869093e+01,1.006246592657e+00
3.637581879094e+01,1.006188675810e+00
3.637781889094e+01,1.006129810160e+00
3.637981899095e+01,1.006070004635e+00
3.638181909095e+01,1.006009268304e+00
3.638381919096e+01,1.005947610379e+00
3.638581929096e+01,1.005885040213e+00
3.638781939097e+01,1.005821567298e+00
3.638981949097e+01,1.005757201264e+00
3.639181959098e+01,1.005691951880e+00
3.639381969098e+01,1.005625829049e+00
3.639581979099e+01,1.005558842809e+00
3.639781989099e+01,1.005491003333e+00
3.639981999100e+01,1.005422320926e+00
3.640182009100e+01,1.005352806022e+00
3.640382019101e+01,1.005282469187e+00
3.640582029101e+01,1.005211321114e+00
3.640782039102e+01,1.005139372623e+00
3.640982049102e+01,1.005066634660e+00
3.641182059103e+01,1.004993118295e+00
3.641382069103e+01,1.004918834721e+00
3.641582079104e+01,1.004843795251e+00
3.641782089104e+01,1.004768011321e+00
3.641982099105e+01,1.004691494482e+00
3.642182109105e+01,1.004614256403e+00
3.642382119106e+01,1.004536308869e+00
3.642582129106e+01,1.004457663779e+00
3.642782139107e+01,1.004378333143e+00
3.642982149107e+01,1.004298329082e+00
3.643182159108e+01,1.004217663828e+00
3.643382169108e+01,1.004136349718e+00
3.643582179109e+01,1.004054399195e+00
3.643782189109e+01,1.003971824808e+00
3.643982199110e+01,1.003888639207e+00
3.644182209110e+01,1.003804855145e+00
3.644382219111e+01,1.003720485470e+00
3.644582229111e+01,1.003635543132e+00
3.644782239112e+01,1.003550041173e+00
3.644982249112e+01,1.003463992731e+00
3.645182259113e+01,1.003377411035e+00
3.645382269113e+01,1.003290309405e+00
3.645582279114e+01,1.003202701249e+00
3.645782289114e+01,1.003114600061e+00
3.645982299115e+01,1.003026019421e+00
3.646182309115e+01,1.002936972990e+00
3.646382319116e+01,1.002847474512e+00
3.646582329116e+01,1.002757537809e+00
3.646782339117e+01,1.002667176779e+00
3.646982349117e+01,1.002576405397e+00
3.647182359118e+01,1.002485237710e+00
3.647382369118e+01,1.002393687837e+00
3.647582379119e+01,1.002301769964e+00
3.647782389119e+01,1.002209498346e+00
3.647982399120e+01,1.002116887303e+00
3.648182409120e+01,1.002023951217e+00
3.648382419121e+01,1.001930704531e+00
3.648582429121e+01,1.001837161747e+00
3.648782439122e+01,1.001743337425e+00
3.648982449122e+01,1.001649246177e+00
3.649182459123e+01,1.001554902669e+00
3.649382469123e+01,1.001460321617e+00
3.649582479124e+01,1.001365517785e+00
3.649782489124e+01,1.001270505983e+00
3.649982499125e+01,1.001175301064e+00
3.650182509125e+01,1.001079917922e+00
3.650382519126e+01,1.000984371492e+00
3.650582529126e+01,1.000888676745e+00
3.650782539127e+01,1.000792848686e+00
3.650982549127e+01,1.000696902353e+00
3.651182559128e+01,1.000600852814e+00
3.651382569128e+01,1.000504715164e+00
3.651582579129e+01,1.000408504526e+00
3.651782589129e+01,1.000312236043e+00
3.651982599130e+01,1.000215924880e+00
3.652182609130e+01,1.000119586221e+00
3.652382619131e+01,1.000023235265e+00
3.652582629131e+01,9.999268872259e-01
3.652782639132e+01,9.998305573274e-01
3.652982649132e+01,9.997342608031e-01
3.653182659133e+01,9.996380128923e-01
3.653382669133e+01,9.995418288389e-01
3.653582679134e+01,9.994457238881e-01
3.653782689134e+01,9.993497132844e-01
3.653982699135e+01,9.992538122689e-01
3.654182709135e+01,9.991580360769e-01
3.654382719136e+01,9.990623999355e-01
3.654582729136e+01,9.989669190611e-01
3.654782739137e+01,9.988716086568e-01
3.654982749137e+01,9.987764839102e-01
3.655182759138e+01,9.986815599904e-01
3.655382769138e+01,9.985868520462e-01
3.655582779139e+01,9.984923752028e-01
3.655782789139e+01,9.983981445600e-01
3.655982799140e+01,9.983041751893e-01
3.656182809140e+01,9.982104821313e-01
3.656382819141e+01,9.981170803934e-01
3.656582829141e+01,9.980239849474e-01
3.656782839142e+01,9.979312107265e-01
3.656982849142e+01,9.978387726232e-01
3.657182859143e+01,9.977466854866e-01
3.657382869143e+01,9.976549641196e-01
3.657582879144e+01,9.975636232771e-01
3.657782889144e+01,9.974726776625e-01
3.657982899145e+01,9.973821419261e-01
3.658182909145e+01,9.972920306617e-01
3.658382919146e+01,9.972023584047e-01
3.658582929146e+01,9.971131396294e-01
3.658782939147e+01,9.970243887464e-01
3.658982949147e+01,9.969361201000e-01
3.659182959148e+01,9.968483479660e-01
3.659382969148e+01,9.967610865487e-01
3.659582979149e+01,9.966743499788e-01
3.659782989149e+01,9.965881523107e-01
3.659982999150e+01,9.965025075201e-01
3.660183009150e+01,9.964174295014e-01
3.660383019151e+01,9.963329320652e-01
3.660583029151e+01,9.962490289360e-01
3.660783039152e+01,9.961657337495e-01
3.660983049152e+01,9.960830600504e-01
3.661183059153e+01,9.960010212896e-01
3.661383069153e+01,9.959196308220e-01
3.661583079154e+01,9.958389019040e-01
3.661783089154e+01,9.957588476913e-01
3.661983099155e+01,9.956794812359e-01
3.662183109155e+01,9.956008154844e-01
3.662383119156e+01,9.955228632752e-01
3.662583129156e+01,9.954456373362e-01
3.662783139157e+01,9.953691502824e-01
3.662983149157e+01,9.952934146139e-01
3.663183159158e+01,9.952184427132e-01
3.663383169158e+01,9.951442468429e-01
3.663583179159e+01,9.950708391435e-01
3.663783189159e+01,9.949982316313e-01
3.663983199160e+01,9.949264361959e-01
3.664183209160e+01,9.948554645979e-01
3.664383219161e+01,9.947853284670e-01
3.664583229161e+01,9.947160392996e-01
3.664783239162e+01,9.946476084564e-01
3.664983249162e+01,9.945800471608e-01
3.665183259163e+01,9.945133664964e-01
3.665383269163e+01,9.944475774048e-01
3.665583279164e+01,9.943826906838e-01
3.665783289164e+01,9.943187169850e-01
3.665983299165e+01,9.942556668121e-01
3.666183309165e+01,9.941935505186e-01
3.666383319166e+01,9.941323783060e-01
3.666583329166e+01,9.940721602216e-01
3.666783339167e+01,9.940129061568e-01
3.666983349167e+01,9.939546258452e-01
3.667183359168e+01,9.938973288603e-01
3.667383369168e+01,9.938410246142e-01
3.667583379169e+01,9.937857223555e-01
3.667783389169e+01,9.937314311673e-01
3.667983399170e+01,9.936781599661e-01
3.668183409170e+01,9.936259174994e-01
3.668383419171e+01,9.935747123442e-01
3.668583429171e+01,9.935245529051e-01
3.668783439172e+01,9.934754474130e-01
3.668983449172e+01,9.934274039235e-01
3.669183459173e+01,9.933804303148e-01
3.669383469173e+01,9.933345342868e-01
3.669583479174e+01,9.932897233593e-01
3.669783489174e+01,9.932460048704e-01
3.669983499175e+01,9.932033859752e-01
3.670183509175e+01,9.931618736445e-01
3.670383519176e+01,9.931214746630e-01
3.670583529176e+01,9.930821956287e-01
3.670783539177e+01,9.930440429507e-01
3.670983549177e+01,9.930070228487e-01
3.671183559178e+01,9.929711413512e-01
3.671383569178e+01,9.929364042946e-01
3.671583579179e+01,9.929028173220e-01
3.671783589179e+01,9.928703858821e-01
3.671983599180e+01,9.928391152279e-01
3.672183609180e+01,9.928090104162e-01
3.672383619181e+01,9.927800763060e-01
3.672583629181e+01,9.927523175578e-01
3.672783639182e+01,9.927257386329e-01
3.672983649182e+01,9.927003437923e-01
3.673183659183e+01,9.926761370959e-01
3.673383669183e+01,9.926531224019e-01
3.673583679184e+01,9.926313033651e-01
3.673783689184e+01,9.926106834375e-01
3.673983699185e+01,9.925912658666e-01
3.674183709185e+01,9.925730536954e-01
3.674383719186e+01,9.925560497618e-01
3.674583729186e+01,9.925402566974e-01
3.674783739187e+01,9.925256769279e-01
3.674983749187e+01,9.925123126720e-01
3.675183759188e+01,9.925001659413e-01
3.675383769188e+01,9.924892385396e-01
3.675583779189e+01,9.924795320630e-01
3.675783789189e+01,9.924710478992e-01
3.675983799190e+01,9.924637872276e-01
3.676183809190e+01,9.924577510187e-01
3.676383819191e+01,9.924529400343e-01
3.676583829191e+01,9.924493548273e-01
3.676783839192e+01,9.924469957412e-01
3.676983849192e+01,9.924458629107e-01
3.677183859193e+01,9.924459562615e-01
3.677383869193e+01,9.924472755100e-01
3.677583879194e+01,9.924498201641e-01
3.677783889194e+01,9.924535895227e-01
3.677983899195e+01,9.924585826765e-01
3.678183909195e+01,9.924647985077e-01
3.678383919196e+01,9.924722356907e-01
3.678583929196e+01,9.924808926916e-01
3.678783939197e+01,9.924907677691e-01
3.678983949197e+01,9.925018589754e-01
3.679183959198e+01,9.925141641558e-01
3.679383969198e+01,9.925276809497e-01
3.679583979199e+01,9.925424067907e-01
3.679783989199e+01,9.925583389079e-01
3.679983999200e+01,9.925754743258e-01
3.680184009200e+01,9.925938098653e-01
3.680384019201e+01,9.926133421442e-01
3.680584029201e+01,9.926340675783e-01
3.680784039202e+01,9.926559823816e-01
3.680984049202e+01,9.926790825679e-01
3.681184059203e+01,9.927033639507e-01
3.681384069203e+01,9.927288221449e-01
3.681584079204e+01,9.927554525674e-01
3.681784089204e+01,9.927832504379e-01
3.681984099205e+01,9.928122107805e-01
3.682184109205e+01,9.928423284241e-01
3.682384119206e+01,9.928735980039e-01
3.682584129206e+01,9.929060139625e-01
3.682784139207e+01,9.929395705511e-01
3.682984149207e+01,9.929742618307e-01
3.683184159208e+01,9.930100816733e-01
3.683384169208e+01,9.930470237633e-01
3.683584179209e+01,9.930850815980e-01
3.683784189209e+01,9.931242484903e-01
3.683984199210e+01,9.931645175689e-01
3.684184209210e+01,9.932058817807e-01
3.684384219211e+01,9.932483338917e-01
3.684584229211e+01,9.932918664886e-01
3.684784239212e+01,9.933364719803e-01
3.684984249212e+01,9.933821425996e-01
3.685184259213e+01,9.934288704048e-01
3.685384269213e+01,9.934766472811e-01
3.685584279214e+01,9.935254649426e-01
3.685784289214e+01,9.935753149336e-01
3.685984299215e+01,9.936261886307e-01
3.686184309215e+01,9.936780772441e-01
3.686384319216e+01,9.937309718200e-01
3.686584329216e+01,9.937848632417e-01
3.686784339217e+01,9.938397422320e-01
3.686984349217e+01,9.938955993548e-01
3.687184359218e+01,9.939524250172e-01
3.687384369218e+01,9.940102094710e-01
3.687584379219e+01,9.940689428151e-01
3.687784389219e+01,9.941286149975e-01
3.687984399220e+01,9.941892158171e-01
3.688184409220e+01,9.942507349256e-01
3.688384419221e+01,9.943131618300e-01
3.688584429221e+01,9.943764858938e-01
3.688784439222e+01,9.944406963399e-01
3.688984449222e+01,9.945057822524e-01
3.689184459223e+01,9.945717325790e-01
3.689384469223e+01,9.946385361326e-01
3.689584479224e+01,9.947061815942e-01
3.689784489224e+01,9.947746575145e-01
3.689984499225e+01,9.948439523165e-01
3.690184509225e+01,9.949140542976e-01
3.690384519226e+01,9.949849516317e-01
3.690584529226e+01,9.950566323717e-01
3.690784539227e+01,9.951290844517e-01
3.690984549227e+01,9.952022956894e-01
3.691184559228e+01,9.952762537880e-01
3.691384569228e+01,9.953509463394e-01
3.691584579229e+01,9.954263608253e-01
3.691784589229e+01,9.955024846209e-01
3.691984599230e+01,9.955793049963e-01
3.692184609230e+01,9.956568091192e-01
3.692384619231e+01,9.957349840575e-01
3.692584629231e+01,9.958138167814e-01
3.692784639232e+01,9.958932941661e-01
3.692984649232e+01,9.959734029941e-01
3.693184659233e+01,9.960541299576e-01
3.693384669233e+01,9.961354616611e-01
3.693584679234e+01,9.962173846235e-01
3.693784689234e+01,9.962998852808e-01
3.693984699235e+01,9.963829499888e-01
3.694184709235e+01,9.964665650250e-01
3.694384719236e+01,9.965507165918e-01
3.694584729236e+01,9.966353908185e-01
3.694784739237e+01,9.967205737638e-01
3.694984749237e+01,9.968062514185e-01
3.695184759238e+01,9.968924097081e-01
3.695384769238e+01,9.969790344949e-01
3.695584779239e+01,9.970661115806e-01
3.695784789239e+01,9.971536267094e-01
3.695984799240e+01,9.972415655696e-01
3.696184809240e+01,9.973299137968e-01
3.696384819241e+01,9.974186569761e-01
3.696584829241e+01,9.975077806447e-01
3.696784839242e+01,9.975972702943e-01
3.696984849242e+01,9.976871113738e-01
3.697184859243e+01,9.977772892917e-01
3.697384869243e+01,9.978677894186e-01
3.697584879244e+01,9.979585970898e-01
3.697784889244e+01,9.980496976074e-01
3.697984899245e+01,9.981410762435e-01
3.698184909245e+01,9.982327182422e-01
3.698384919246e+01,9.983246088220e-01
3.698584929246e+01,9.984167331787e-01
3.698784939247e+01,9.985090764873e-01
3.698984949247e+01,9.986016239053e-01
3.699184959248e+01,9.986943605742e-01
3.699384969248e+01,9.987872716227e-01
3.699584979249e+01,9.988803421689e-01
3.699784989249e+01,9.989735573225e-01
3.699984999250e+01,9.990669021876e-01
3.700185009250e+01,9.991603618649e-01
3.700385019251e+01,9.992539214543e-01
3.700585029251e+01,9.993475660571e-01
3.700785039252e+01,9.994412807784e-01
3.700985049252e+01,9.995350507297e-01
3.701185059253e+01,9.996288610311e-01
3.701385069253e+01,9.997226968138e-01
3.701585079254e+01,9.998165432222e-01
3.701785089254e+01,9.999103854165e-01
3.701985099255e+01,1.000004208575e+00
3.702185109255e+01,1.000097997896e+00
3.702385119256e+01,1.000191738601e+00
3.702585129256e+01,1.000285415936e+00
3.702785139257e+01,1.000379015174e+00
3.702985149257e+01,1.000472521618e+00
3.703185159258e+01,1.000565920604e+00
3.703385169258e+01,1.000659197498e+00
3.703585179259e+01,1.000752337706e+00
3.703785189259e+01,1.000845326671e+00
3.703985199260e+01,1.000938149877e+00
3.704185209260e+01,1.001030792850e+00
3.704385219261e+01,1.001123241161e+00
3.704585229261e+01,1.001215480429e+00
3.704785239262e+01,1.001307496322e+00
3.704985249262e+01,1.001399274559e+00
3.705185259263e+01,1.001490800911e+00
3.705385269263e+01,1.001582061207e+00
3.705585279264e+01,1.001673041331e+00
3.705785289264e+01,1.001763727230e+00
3.705985299265e+01,1.001854104910e+00
3.706185309265e+01,1.001944160440e+00
3.706385319266e+01,1.002033879957e+00
3.706585329266e+01,1.002123249664e+00
3.706785339267e+01,1.002212255834e+00
3.706985349267e+01,1.002300884813e+00
3.707185359268e+01,1.002389123017e+00
3.707385369268e+01,1.002476956941e+00
3.707585379269e+01,1.002564373155e+00
3.707785389269e+01,1.002651358308e+00
3.707985399270e+01,1.002737899131e+00
3.708185409270e+01,1.002823982438e+00
3.708385419271e+01,1.002909595126e+00
3.708585429271e+01,1.002994724180e+00
3.708785439272e+01,1.003079356673e+00
3.708985449272e+01,1.003163479766e+00
3.709185459273e+01,1.003247080713e+00
3.709385469273e+01,1.003330146863e+00
3.709585479274e+01,1.003412665657e+00
3.709785489274e+01,1.003494624634e+00
3.709985499275e+01,1.003576011433e+00
3.710185509275e+01,1.003656813790e+00
3.710385519276e+01,1.003737019544e+00
3.710585529276e+01,1.003816616639e+00
3.710785539277e+01,1.003895593120e+00
3.710985549277e+01,1.003973937142e+00
3.711185559278e+01,1.004051636965e+00
3.711385569278e+01,1.004128680961e+00
3.711585579279e+01,1.004205057611e+00
3.711785589279e+01,1.004280755509e+00
3.711985599280e+01,1.004355763363e+00
3.712185609280e+01,1.004430069996e+00
3.712385619281e+01,1.004503664347e+00
3.712585629281e+01,1.004576535476e+00
3.712785639282e+01,1.004648672558e+00
3.712985649282e+01,1.004720064893e+00
3.713185659283e+01,1.004790701899e+00
3.713385669283e+01,1.004860573121e+00
3.713585679284e+01,1.004929668226e+00
3.713785689284e+01,1.004997977010e+00
3.713985699285e+01,1.005065489394e+00
3.714185709285e+01,1.005132195428e+00
3.714385719286e+01,1.005198085291e+00
3.714585729286e+01,1.005263149295e+00
3.714785739287e+01,1.005327377882e+00
3.714985749287e+01,1.005390761628e+00
3.715185759288e+01,1.005453291242e+00
3.715385769288e+01,1.005514957572e+00
3.715585779289e+01,1.005575751599e+00
3.715785789289e+01,1.005635664442e+00
3.715985799290e+01,1.005694687361e+00
3.716185809290e+01,1.005752811752e+00
3.716385819291e+01,1.005810029156e+00
3.716585829291e+01,1.005866331253e+00
3.716785839292e+01,1.005921709865e+00
3.716985849292e+01,1.005976156960e+00
3.717185859293e+01,1.006029664648e+00
3.717385869293e+01,1.006082225187e+00
3.717585879294e+01,1.006133830979e+00
3.717785889294e+01,1.006184474575e+00
3.717985899295e+01,1.006234148672e+00
3.718185909295e+01,1.006282846117e+00
3.718385919296e+01,1.006330559907e+00
3.718585929296e+01,1.006377283190e+00
3.718785939297e+01,1.006423009263e+00
3.718985949297e+01,1.006467731577e+00
3.719185959298e+01,1.006511443734e+00
3.719385969298e+01,1.006554139492e+00
3.719585979299e+01,1.006595812760e+00
3.719785989299e+01,1.006636457604e+00
3.719985999300e+01,1.006676068244e+00
3.720186009300e+01,1.006714639058e+00
3.720386019301e+01,1.006752164578e+00
3.720586029301e+01,1.006788639495e+00
3.720786039302e+01,1.006824058657e+00
3.720986049302e+01,1.006858417072e+00
3.721186059303e+01,1.006891709905e+00
3.721386069303e+01,1.006923932480e+00
3.721586079304e+01,1.006955080284e+00
3.721786089304e+01,1.006985148961e+00
3.721986099305e+01,1.007014134319e+00
3.722186109305e+01,1.007042032323e+00
3.722386119306e+01,1.007068839105e+00
3.722586129306e+01,1.007094550954e+00
3.722786139307e+01,1.007119164326e+00
3.722986149307e+01,1.007142675837e+00
3.723186159308e+01,1.007165082266e+00
3.723386169308e+01,1.007186380558e+00
3.723586179309e+01,1.007206567819e+00
3.723786189309e+01,1.007225641321e+00
3.723986199310e+01,1.007243598500e+00
3.724186209310e+01,1.007260436957e+00
3.724386219311e+01,1.007276154456e+00
3.724586229311e+01,1.007290748928e+00
3.724786239312e+01,1.007304218468e+00
3.724986249312e+01,1.007316561339e+00
3.725186259313e+01,1.007327775966e+00
3.725386269313e+01,1.007337860942e+00
3.725586279314e+01,1.007346815026e+00
3.725786289314e+01,1.007354637141e+00
3.725986299315e+01,1.007361326377e+00
3.726186309315e+01,1.007366881992e+00
3.726386319316e+01,1.007371303408e+00
3.726586329316e+01,1.007374590213e+00
3.726786339317e+01,1.007376742162e+00
3.726986349317e+01,1.007377759177e+00
3.727186359318e+01,1.007377641345e+00
3.727386369318e+01,1.007376388918e+00
3.727586379319e+01,1.007374002317e+00
3.727786389319e+01,1.007370482127e+00
3.727986399320e+01,1.007365829097e+00
3.728186409320e+01,1.007360044146e+00
3.728386419321e+01,1.007353128356e+00
3.728586429321e+01,1.007345082973e+00
3.728786439322e+01,1.007335909412e+00
3.728986449322e+01,1.007325609251e+00
3.729186459323e+01,1.007314184231e+00
3.729386469323e+01,1.007301636261e+00
3.729586479324e+01,1.007287967412e+00
3.729786489324e+01,1.007273179920e+00
3.729986499325e+01,1.007257276185e+00
3.730186509325e+01,1.007240258769e+00
3.730386519326e+01,1.007222130400e+00
3.730586529326e+01,1.007202893965e+00
3.730786539327e+01,1.007182552516e+00
3.730986549327e+01,1.007161109268e+00
3.731186559328e+01,1.007138567594e+00
3.731386569328e+01,1.007114931032e+00
3.731586579329e+01,1.007090203278e+00
3.731786589329e+01,1.007064388190e+00
3.731986599330e+01,1.007037489785e+00
3.732186609330e+01,1.007009512241e+00
3.732386619331e+01,1.006980459893e+00
3.732586629331e+01,1.006950337235e+00
3.732786639332e+01,1.006919148919e+00
3.732986649332e+01,1.006886899753e+00
3.733186659333e+01,1.006853594704e+00
3.733386669333e+01,1.006819238892e+00
3.733586679334e+01,1.006783837596e+00
3.733786689334e+01,1.006747396246e+00
3.733986699335e+01,1.006709920429e+00
3.734186709335e+01,1.006671415885e+00
3.734386719336e+01,1.006631888505e+00
3.734586729336e+01,1.006591344333e+00
3.734786739337e+01,1.006549789565e+00
3.734986749337e+01,1.006507230547e+00
3.735186759338e+01,1.006463673774e+00
3.735386769338e+01,1.006419125892e+00
3.735586779339e+01,1.006373593692e+00
3.735786789339e+01,1.006327084114e+00
3.735986799340e+01,1.006279604246e+00
3.736186809340e+01,1.006231161319e+00
3.736386819341e+01,1.006181762710e+00
3.736586829341e+01,1.006131415940e+00
3.736786839342e+01,1.006080128671e+00
3.736986849342e+01,1.006027908711e+00
3.737186859343e+01,1.005974764004e+00
3.737386869343e+01,1.005920702637e+00
3.737586879344e+01,1.005865732835e+00
3.737786889344e+01,1.005809862963e+00
3.737986899345e+01,1.005753101519e+00
3.738186909345e+01,1.005695457139e+00
3.738386919346e+01,1.005636938595e+00
3.738586929346e+01,1.005577554791e+00
3.738786939347e+01,1.005517314763e+00
3.738986949347e+01,1.005456227680e+00
3.739186959348e+01,1.005394302842e+00
3.739386969348e+01,1.005331549674e+00
3.739586979349e+01,1.005267977734e+00
3.739786989349e+01,1.005203596703e+00
3.739986999350e+01,1.005138416389e+00
3.740187009350e+01,1.005072446724e+00
3.740387019351e+01,1.005005697763e+00
3.740587029351e+01,1.004938179683e+00
3.740787039352e+01,1.004869902779e+00
3.740987049352e+01,1.004800877469e+00
3.741187059353e+01,1.004731114284e+00
3.741387069353e+01,1.004660623876e+00
3.741587079354e+01,1.004589417009e+00
3.741787089354e+01,1.004517504560e+00
3.741987099355e+01,1.004444897520e+00
3.742187109355e+01,1.004371606990e+00
3.742387119356e+01,1.004297644180e+00
3.742587129356e+01,1.004223020407e+00
3.742787139357e+01,1.004147747096e+00
3.742987149357e+01,1.004071835775e+00
3.743187159358e+01,1.003995298075e+00
3.743387169358e+01,1.003918145729e+00
3.743587179359e+01,1.003840390571e+00
3.743787189359e+01,1.003762044533e+00
3.743987199360e+01,1.003683119642e+00
3.744187209360e+01,1.003603628023e+00
3.744387219361e+01,1.003523581893e+00
3.744587229361e+01,1.003442993560e+00
3.744787239362e+01,1.003361875424e+00
3.744987249362e+01,1.003280239972e+00
3.745187259363e+01,1.003198099780e+00
3.745387269363e+01,1.003115467505e+00
3.745587279364e+01,1.003032355891e+00
3.745787289364e+01,1.002948777763e+00
3.745987299365e+01,1.002864746024e+00
3.746187309365e+01,1.002780273655e+00
3.746387319366e+01,1.002695373715e+00
3.746587329366e+01,1.002610059336e+00
3.746787339367e+01,1.002524343722e+00
3.746987349367e+01,1.002438240149e+00
3.747187359368e+01,1.002351761959e+00
3.747387369368e+01,1.002264922564e+00
3.747587379369e+01,1.002177735438e+00
3.747787389369e+01,1.002090214119e+00
3.747987399370e+01,1.002002372207e+00
3.748187409370e+01,1.001914223358e+00
3.748387419371e+01,1.001825781287e+00
3.748587429371e+01,1.001737059764e+00
3.748787439372e+01,1.001648072612e+00
3.748987449372e+01,1.001558833703e+00
3.749187459373e+01,1.001469356960e+00
3.749387469373e+01,1.001379656351e+00
3.749587479374e+01,1.001289745891e+00
3.749787489374e+01,1.001199639635e+00
3.749987499375e+01,1.001109351681e+00
3.750187509375e+01,1.001018896162e+00
3.750387519376e+01,1.000928287251e+00
3.750587529376e+01,1.000837539152e+00
3.750787539377e+01,1.000746666103e+00
3.750987549377e+01,1.000655682371e+00
3.751187559378e+01,1.000564602251e+00
3.751387569378e+01,1.000473440062e+00
3.751587579379e+01,1.000382210148e+00
3.751787589379e+01,1.000290926872e+00
3.751987599380e+01,1.000199604618e+00
3.752187609380e+01,1.000108257785e+00
3.752387619381e+01,1.000016900786e+00
3.752587629381e+01,9.999255480471e-01
3.752787639382e+01,9.998342140036e-01
3.752987649382e+01,9.997429130978e-01
3.753187659383e+01,9.996516597777e-01
3.753387669383e+01,9.995604684935e-01
3.753587679384e+01,9.994693536967e-01
3.753787689384e+01,9.993783298366e-01
3.753987699385e+01,9.992874113583e-01
3.754187709385e+01,9.991966127007e-01
3.754387719386e+01,9.991059482938e-01
3.754587729386e+01,9.990154325564e-01
3.754787739387e+01,9.989250798941e-01
3.754987749387e+01,9.988349046963e-01
3.755187759388e+01,9.987449213345e-01
3.755387769388e+01,9.986551441596e-01
3.755587779389e+01,9.985655874993e-01
3.755787789389e+01,9.984762656563e-01
3.755987799390e+01,9.983871929055e-01
3.756187809390e+01,9.982983834918e-01
3.756387819391e+01,9.982098516275e-01
3.756587829391e+01,9.981216114904e-01
3.756787839392e+01,9.980336772206e-01
3.756987849392e+01,9.979460629190e-01
3.757187859393e+01,9.978587826443e-01
3.757387869393e+01,9.977718504108e-01
3.757587879394e+01,9.976852801860e-01
3.757787889394e+01,9.975990858884e-01
3.757987899395e+01,9.975132813847e-01
3.758187909395e+01,9.974278804877e-01
3.758387919396e+01,9.973428969538e-01
3.758587929396e+01,9.972583444808e-01
3.758787939397e+01,9.971742367053e-01
3.758987949397e+01,9.970905872006e-01
3.759187959398e+01,9.970074094738e-01
3.759387969398e+01,9.969247169640e-01
3.759587979399e+01,9.968425230396e-01
3.759787989399e+01,9.967608409961e-01
3.759987999400e+01,9.966796840538e-01
3.760188009400e+01,9.965990653549e-01
3.760388019401e+01,9.965189979622e-01
3.760588029401e+01,9.964394948559e-01
3.760788039402e+01,9.963605689313e-01
3.760988049402e+01,9.962822329973e-01
3.761188059403e+01,9.962044997729e-01
3.761388069403e+01,9.961273818861e-01
3.761588079404e+01,9.960508918708e-01
3.761788089404e+01,9.959750421646e-01
3.761988099405e+01,9.958998451069e-01
3.762188109405e+01,9.958253129367e-01
3.762388119406e+01,9.957514577897e-01
3.762588129406e+01,9.956782916968e-01
3.762788139407e+01,9.956058265816e-01
3.762988149407e+01,9.955340742580e-01
3.763188159408e+01,9.954630464285e-01
3.763388169408e+01,9.953927546817e-01
3.763588179409e+01,9.953232104900e-01
3.763788189409e+01,9.952544252080e-01
3.763988199410e+01,9.951864100698e-01
3.764188209410e+01,9.951191761873e-01
3.764388219411e+01,9.950527345480e-01
3.764588229411e+01,9.949870960129e-01
3.764788239412e+01,9.949222713145e-01
3.764988249412e+01,9.948582710549e-01
3.765188259413e+01,9.947951057034e-01
3.765388269413e+01,9.947327855952e-01
3.765588279414e+01,9.946713209288e-01
3.765788289414e+01,9.946107217644e-01
3.765988299415e+01,9.945509980218e-01
3.766188309415e+01,9.944921594787e-01
3.766388319416e+01,9.944342157688e-01
3.766588329416e+01,9.943771763797e-01
3.766788339417e+01,9.943210506514e-01
3.766988349417e+01,9.942658477746e-01
3.767188359418e+01,9.942115767884e-01
3.767388369418e+01,9.941582465790e-01
3.767588379419e+01,9.941058658782e-01
3.767788389419e+01,9.940544432610e-01
3.767988399420e+01,9.940039871448e-01
3.768188409420e+01,9.939545057871e-01
3.768388419421e+01,9.939060072843e-01
3.768588429421e+01,9.938584995698e-01
3.768788439422e+01,9.938119904124e-01
3.768988449422e+01,9.937664874156e-01
3.769188459423e+01,9.937219980150e-01
3.769388469423e+01,9.936785294777e-01
3.769588479424e+01,9.936360889005e-01
3.769788489424e+01,9.935946832086e-01
3.769988499425e+01,9.935543191544e-01
3.770188509425e+01,9.935150033159e-01
3.770388519426e+01,9.934767420956e-01
3.770588529426e+01,9.934395417193e-01
3.770788539427e+01,9.934034082348e-01
3.770988549427e+01,9.933683475104e-01
3.771188559428e+01,9.933343652346e-01
3.771388569428e+01,9.933014669138e-01
3.771588579429e+01,9.932696578725e-01
3.771788589429e+01,9.932389432511e-01
3.771988599430e+01,9.932093280058e-01
3.772188609430e+01,9.931808169070e-01
3.772388619431e+01,9.931534145388e-01
3.772588629431e+01,9.931271252979e-01
3.772788639432e+01,9.931019533929e-01
3.772988649432e+01,9.930779028433e-01
3.773188659433e+01,9.930549774791e-01
3.773388669433e+01,9.930331809395e-01
3.773588679434e+01,9.930125166722e-01
3.773788689434e+01,9.929929879333e-01
3.773988699435e+01,9.929745977861e-01
3.774188709435e+01,9.929573491010e-01
3.774388719436e+01,9.929412445545e-01
3.774588729436e+01,9.929262866290e-01
3.774788739437e+01,9.929124776124e-01
3.774988749437e+01,9.928998195973e-01
3.775188759438e+01,9.928883144809e-01
3.775388769438e+01,9.928779639647e-01
3.775588779439e+01,9.928687695538e-01
3.775788789439e+01,9.928607325573e-01
3.775988799440e+01,9.928538540872e-01
3.776188809440e+01,9.928481350590e-01
3.776388819441e+01,9.928435761910e-01
3.776588829441e+01,9.928401780045e-01
3.776788839442e+01,9.928379408235e-01
3.776988849442e+01,9.928368647750e-01
3.777188859443e+01,9.928369497887e-01
3.777388869443e+01,9.928381955971e-01
3.777588879444e+01,9.928406017359e-01
3.777788889444e+01,9.928441675439e-01
3.777988899445e+01,9.928488921631e-01
3.778188909445e+01,9.928547745394e-01
3.778388919446e+01,9.928618134221e-01
3.778588929446e+01,9.928700073645e-01
3.778788939447e+01,9.928793547242e-01
3.778988949447e+01,9.928898536636e-01
3.779188959448e+01,9.929015021504e-01
3.779388969448e+01,9.929142979579e-01
3.779588979449e+01,9.929282386655e-01
3.779788989449e+01,9.929433216591e-01
3.779988999450e+01,9.929595441321e-01
3.780189009450e+01,9.929769030856e-01
3.780389019451e+01,9.929953953293e-01
3.780589029451e+01,9.930150174818e-01
3.780789039452e+01,9.930357659720e-01
3.780989049452e+01,9.930576370392e-01
3.781189059453e+01,9.930806267342e-01
3.781389069453e+01,9.931047309201e-01
3.781589079454e+01,9.931299452732e-01
3.781789089454e+01,9.931562652837e-01
3.781989099455e+01,9.931836862572e-01
3.782189109455e+01,9.932122033149e-01
3.782389119456e+01,9.932418113954e-01
3.782589129456e+01,9.932725052553e-01
3.782789139457e+01,9.933042794704e-01
3.782989149457e+01,9.933371284372e-01
3.783189159458e+01,9.933710463735e-01
3.783389169458e+01,9.934060273200e-01
3.783589179459e+01,9.934420651407e-01
3.783789189459e+01,9.934791535253e-01
3.783989199460e+01,9.935172859899e-01
3.784189209460e+01,9.935564558785e-01
3.784389219461e+01,9.935966563640e-01
3.784589229461e+01,9.936378804504e-01
3.784789239462e+01,9.936801209733e-01
3.784989249462e+01,9.937233706022e-01
3.785189259463e+01,9.937676218412e-01
3.785389269463e+01,9.938128670311e-01
3.785589279464e+01,9.938590983510e-01
3.785789289464e+01,9.939063078191e-01
3.785989299465e+01,9.939544872953e-01
3.786189309465e+01,9.940036284822e-01
3.786389319466e+01,9.940537229268e-01
3.786589329466e+01,9.941047620227e-01
3.786789339467e+01,9.941567370109e-01
3.786989349467e+01,9.942096389826e-01
3.787189359468e+01,9.942634588801e-01
3.787389369468e+01,9.943181874993e-01
3.787589379469e+01,9.943738154909e-01
3.787789389469e+01,9.944303333627e-01
3.787989399470e+01,9.944877314815e-01
3.788189409470e+01,9.945460000747e-01
3.788389419471e+01,9.946051292324e-01
3.788589429471e+01,9.946651089087e-01
3.788789439472e+01,9.947259289248e-01
3.788989449472e+01,9.947875789700e-01
3.789189459473e+01,9.948500486043e-01
3.789389469473e+01,9.949133272601e-01
3.789589479474e+01,9.949774042445e-01
3.789789489474e+01,9.950422687410e-01
3.789989499475e+01,9.951079098120e-01
3.790189509475e+01,9.951743164005e-01
3.790389519476e+01,9.952414773325e-01
3.790589529476e+01,9.953093813190e-01
3.790789539477e+01,9.953780169582e-01
3.790989549477e+01,9.954473727375e-01
3.791189559478e+01,9.955174370359e-01
3.791389569478e+01,9.955881981260e-01
3.791589579479e+01,9.956596441763e-01
3.791789589479e+01,9.957317632534e-01
3.791989599480e+01,9.958045433242e-01
3.792189609480e+01,9.958779722583e-01
3.792389619481e+01,9.959520378298e-01
3.792589629481e+01,9.960267277202e-01
3.792789639482e+01,9.961020295203e-01
3.792989649482e+01,9.961779307326e-01
3.793189659483e+01,9.962544187733e-01
3.793389669483e+01,9.963314809753e-01
3.793589679484e+01,9.964091045893e-01
3.793789689484e+01,9.964872767875e-01
3.793989699485e+01,9.965659846649e-01
3.794189709485e+01,9.966452152422e-01
3.794389719486e+01,9.967249554678e-01
3.794589729486e+01,9.968051922203e-01
3.794789739487e+01,9.968859123110e-01
3.794989749487e+01,9.969671024860e-01
3.795189759488e+01,9.970487494285e-01
3.795389769488e+01,9.971308397615e-01
3.795589779489e+01,9.972133600498e-01
3.795789789489e+01,9.972962968025e-01
3.795989799490e+01,9.973796364755e-01
3.796189809490e+01,9.974633654737e-01
3.796389819491e+01,9.975474701534e-01
3.796589829491e+01,9.976319368247e-01
3.796789839492e+01,9.977167517538e-01
3.796989849492e+01,9.978019011654e-01
3.797189859493e+01,9.978873712452e-01
3.797389869493e+01,9.979731481419e-01
3.797589879494e+01,9.980592179700e-01
3.797789889494e+01,9.981455668120e-01
3.797989899495e+01,9.982321807206e-01
3.798189909495e+01,9.983190457212e-01
3.798389919496e+01,9.984061478143e-01
3.798589929496e+01,9.984934729775e-01
3.798789939497e+01,9.985810071684e-01
3.798989949497e+01,9.986687363265e-01
3.799189959498e+01,9.987566463756e-01
3.799389969498e+01,9.988447232263e-01
3.799589979499e+01,9.989329527781e-01
3.799789989499e+01,9.990213209220e-01
3.799989999500e+01,9.991098135424e-01
3.800190009500e+01,9.991984165197e-01
3.800390019501e+01,9.992871157325e-01
3.800590029501e+01,9.993758970597e-01
3.800790039502e+01,9.994647463833e-01
3.800990049502e+01,9.995536495899e-01
3.801190059503e+01,9.996425925737e-01
3.801390069503e+01,9.997315612381e-01
3.801590079504e+01,9.998205414984e-01
3.801790089504e+01,9.999095192838e-01
3.801990099505e+01,9.999984805397e-01
3.802190109505e+01,1.000087411230e+00
3.802390119506e+01,1.000176297339e+00
3.802590129506e+01,1.000265124873e+00
3.802790139507e+01,1.000353879864e+00
3.802990149507e+01,1.000442548372e+00
3.803190159508e+01,1.000531116484e+00
3.803390169508e+01,1.000619570319e+00
3.803590179509e+01,1.000707896031e+00
3.803790189509e+01,1.000796079807e+00
3.803990199510e+01,1.000884107874e+00
3.804190209510e+01,1.000971966497e+00
3.804390219511e+01,1.001059641983e+00
3.804590229511e+01,1.001147120684e+00
3.804790239512e+01,1.001234388995e+00
3.804990249512e+01,1.001321433363e+00
3.805190259513e+01,1.001408240280e+00
3.805390269513e+01,1.001494796294e+00
3.805590279514e+01,1.001581088005e+00
3.805790289514e+01,1.001667102068e+00
3.805990299515e+01,1.001752825196e+00
3.806190309515e+01,1.001838244163e+00
3.806390319516e+01,1.001923345803e+00
3.806590329516e+01,1.002008117014e+00
3.806790339517e+01,1.002092544759e+00
3.806990349517e+01,1.002176616068e+00
3.807190359518e+01,1.002260318040e+00
3.807390369518e+01,1.002343637844e+00
3.807590379519e+01,1.002426562725e+00
3.807790389519e+01,1.002509079997e+00
3.807990399520e+01,1.002591177054e+00
3.808190409520e+01,1.002672841367e+00
3.808390419521e+01,1.002754060486e+00
3.808590429521e+01,1.002834822042e+00
3.808790439522e+01,1.002915113750e+00
3.808990449522e+01,1.002994923410e+00
3.809190459523e+01,1.003074238907e+00
3.809390469523e+01,1.003153048215e+00
3.809590479524e+01,1.003231339397e+00
3.809790489524e+01,1.003309100609e+00
3.809990499525e+01,1.003386320096e+00
3.810190509525e+01,1.003462986201e+00
3.810390519526e+01,1.003539087362e+00
3.810590529526e+01,1.003614612114e+00
3.810790539527e+01,1.003689549091e+00
3.810990549527e+01,1.003763887027e+00
3.811190559528e+01,1.003837614760e+00
3.811390569528e+01,1.003910721229e+00
3.811590579529e+01,1.003983195480e+00
3.811790589529e+01,1.004055026662e+00
3.811990599530e+01,1.004126204037e+00
3.812190609530e+01,1.004196716970e+00
3.812390619531e+01,1.004266554942e+00
3.812590629531e+01,1.004335707541e+00
3.812790639532e+01,1.004404164471e+00
3.812990649532e+01,1.004471915550e+00
3.813190659533e+01,1.004538950710e+00
3.813390669533e+01,1.004605260002e+00
3.813590679534e+01,1.004670833595e+00
3.813790689534e+01,1.004735661775e+00
3.813990699535e+01,1.004799734953e+00
3.814190709535e+01,1.004863043657e+00
3.814390719536e+01,1.004925578541e+00
3.814590729536e+01,1.004987330382e+00
3.814790739537e+01,1.005048290084e+00
3.814990749537e+01,1.005108448674e+00
3.815190759538e+01,1.005167797310e+00
3.815390769538e+01,1.005226327276e+00
3.815590779539e+01,1.005284029987e+00
3.815790789539e+01,1.005340896988e+00
3.815990799540e+01,1.005396919956e+00
3.816190809540e+01,1.005452090700e+00
3.816390819541e+01,1.005506401163e+00
3.816590829541e+01,1.005559843423e+00
3.816790839542e+01,1.005612409694e+00
3.816990849542e+01,1.005664092324e+00
3.817190859543e+01,1.005714883800e+00
3.817390869543e+01,1.005764776748e+00
3.817590879544e+01,1.005813763932e+00
3.817790889544e+01,1.005861838255e+00
3.817990899545e+01,1.005908992763e+00
3.818190909545e+01,1.005955220641e+00
3.818390919546e+01,1.006000515218e+00
3.818590929546e+01,1.006044869965e+00
3.818790939547e+01,1.006088278499e+00
3.818990949547e+01,1.006130734579e+00
3.819190959548e+01,1.006172232110e+00
3.819390969548e+01,1.006212765143e+00
3.819590979549e+01,1.006252327877e+00
3.819790989549e+01,1.006290914656e+00
3.819990999550e+01,1.006328519973e+00
3.820191009550e+01,1.006365138471e+00
3.820391019551e+01,1.006400764938e+00
3.820591029551e+01,1.006435394315e+00
3.820791039552e+01,1.006469021694e+00
3.820991049552e+01,1.006501642315e+00
3.821191059553e+01,1.006533251570e+00
3.821391069553e+01,1.006563845005e+00
3.821591079554e+01,1.006593418315e+00
3.821791089554e+01,1.006621967350e+00
3.821991099555e+01,1.006649488112e+00
3.822191109555e+01,1.006675976759e+00
3.822391119556e+01,1.006701429600e+00
3.822591129556e+01,1.006725843099e+00
3.822791139557e+01,1.006749213877e+00
3.822991149557e+01,1.006771538707e+00
3.823191159558e+01,1.006792814519e+00
3.823391169558e+01,1.006813038400e+00
3.823591179559e+01,1.006832207592e+00
3.823791189559e+01,1.006850319491e+00
3.823991199560e+01,1.006867371655e+00
3.824191209560e+01,1.006883361794e+00
3.824391219561e+01,1.006898287777e+00
3.824591229561e+01,1.006912147631e+00
3.824791239562e+01,1.006924939538e+00
3.824991249562e+01,1.006936661842e+00
3.825191259563e+01,1.006947313040e+00
3.825391269563e+01,1.006956891790e+00
3.825591279564e+01,1.006965396908e+00
3.825791289564e+01,1.006972827366e+00
3.825991299565e+01,1.006979182296e+00
3.826191309565e+01,1.006984460988e+00
3.826391319566e+01,1.006988662891e+00
3.826591329566e+01,1.006991787611e+00
3.826791339567e+01,1.006993834914e+00
3.826991349567e+01,1.006994804723e+00
3.827191359568e+01,1.006994697119e+00
3.827391369568e+01,1.006993512343e+00
3.827591379569e+01,1.006991250794e+00
3.827791389569e+01,1.006987913028e+00
3.827991399570e+01,1.006983499759e+00
3.828191409570e+01,1.006978011861e+00
3.828391419571e+01,1.006971450363e+00
3.828591429571e+01,1.006963816453e+00
3.828791439572e+01,1.006955111477e+00
3.828991449572e+01,1.006945336939e+00
3.829191459573e+01,1.006934494497e+00
3.829391469573e+01,1.006922585968e+00
3.829591479574e+01,1.006909613327e+00
3.829791489574e+01,1.006895578702e+00
3.829991499575e+01,1.006880484380e+00
3.830191509575e+01,1.006864332801e+00
3.830391519576e+01,1.006847126564e+00
3.830591529576e+01,1.006828868420e+00
3.830791539577e+01,1.006809561276e+00
3.830991549577e+01,1.006789208193e+00
3.831191559578e+01,1.006767812388e+00
3.831391569578e+01,1.006745377228e+00
3.831591579579e+01,1.006721906236e+00
3.831791589579e+01,1.006697403087e+00
3.831991599580e+01,1.006671871609e+00
3.832191609580e+01,1.006645315779e+00
3.832391619581e+01,1.006617739729e+00
3.832591629581e+01,1.006589147740e+00
3.832791639582e+01,1.006559544243e+00
3.832991649582e+01,1.006528933820e+00
3.833191659583e+01,1.006497321199e+00
3.833391669583e+01,1.006464711261e+00
3.833591679584e+01,1.006431109032e+00
3.833791689584e+01,1.006396519686e+00
3.833991699585e+01,1.006360948544e+00
3.834191709585e+01,1.006324401073e+00
3.834391719586e+01,1.006286882884e+00
3.834591729586e+01,1.006248399736e+00
3.834791739587e+01,1.006208957529e+00
3.834991749587e+01,1.006168562306e+00
3.835191759588e+01,1.006127220255e+00
3.835391769588e+01,1.006084937703e+00
3.835591779589e+01,1.006041721120e+00
3.835791789589e+01,1.005997577115e+00
3.835991799590e+01,1.005952512436e+00
3.836191809590e+01,1.005906533970e+00
3.836391819591e+01,1.005859648743e+00
3.836591829591e+01,1.005811863914e+00
3.836791839592e+01,1.005763186782e+00
3.836991849592e+01,1.005713624778e+00
3.837191859593e+01,1.005663185468e+00
3.837391869593e+01,1.005611876551e+00
3.837591879594e+01,1.005559705859e+00
3.837791889594e+01,1.005506681352e+00
3.837991899595e+01,1.005452811124e+00
3.838191909595e+01,1.005398103395e+00
3.838391919596e+01,1.005342566514e+00
3.838591929596e+01,1.005286208958e+00
3.838791939597e+01,1.005229039327e+00
3.838991949597e+01,1.005171066350e+00
3.839191959598e+01,1.005112298875e+00
3.839391969598e+01,1.005052745876e+00
3.839591979599e+01,1.004992416447e+00
3.839791989599e+01,1.004931319802e+00
3.839991999600e+01,1.004869465274e+00
3.840192009600e+01,1.004806862313e+00
3.840392019601e+01,1.004743520489e+00
3.840592029601e+01,1.004679449482e+00
3.840792039602e+01,1.004614659091e+00
3.840992049602e+01,1.004549159225e+00
3.841192059603e+01,1.004482959905e+00
3.841392069603e+01,1.004416071261e+00
3.841592079604e+01,1.004348503535e+00
3.841792089604e+01,1.004280267073e+00
3.841992099605e+01,1.004211372330e+00
3.842192109605e+01,1.004141829863e+00
3.842392119606e+01,1.004071650334e+00
3.842592129606e+01,1.004000844507e+00
3.842792139607e+01,1.003929423245e+00
3.842992149607e+01,1.003857397512e+00
3.843192159608e+01,1.003784778367e+00
3.843392169608e+01,1.003711576967e+00
3.843592179609e+01,1.003637804564e+00
3.843792189609e+01,1.003563472499e+00
3.843992199610e+01,1.003488592210e+00
3.844192209610e+01,1.003413175221e+00
3.844392219611e+01,1.003337233146e+00
3.844592229611e+01,1.003260777684e+00
3.844792239612e+01,1.003183820621e+00
3.844992249612e+01,1.003106373825e+00
3.845192259613e+01,1.003028449247e+00
3.845392269613e+01,1.002950058916e+00
3.845592279614e+01,1.002871214943e+00
3.845792289614e+01,1.002791929512e+00
3.845992299615e+01,1.002712214885e+00
3.846192309615e+01,1.002632083395e+00
3.846392319616e+01,1.002551547447e+00
3.846592329616e+01,1.002470619518e+00
3.846792339617e+01,1.002389312150e+00
3.846992349617e+01,1.002307637954e+00
3.847192359618e+01,1.002225609602e+00
3.847392369618e+01,1.002143239832e+00
3.847592379619e+01,1.002060541442e+00
3.847792389619e+01,1.001977527286e+00
3.847992399620e+01,1.001894210279e+00
3.848192409620e+01,1.001810603390e+00
3.848392419621e+01,1.001726719638e+00
3.848592429621e+01,1.001642572098e+00
3.848792439622e+01,1.001558173893e+00
3.848992449622e+01,1.001473538191e+00
3.849192459623e+01,1.001388678209e+00
3.849392469623e+01,1.001303607205e+00
3.849592479624e+01,1.001218338480e+00
3.849792489624e+01,1.001132885374e+00
3.849992499625e+01,1.001047261265e+00
3.850192509625e+01,1.000961479566e+00
3.850392519626e+01,1.000875553724e+00
3.850592529626e+01,1.000789497217e+00
3.850792539627e+01,1.000703323553e+00
3.850992549627e+01,1.000617046268e+00
3.851192559628e+01,1.000530678921e+00
3.851392569628e+01,1.000444235096e+00
3.851592579629e+01,1.000357728399e+00
3.851792589629e+01,1.000271172452e+00
3.851992599630e+01,1.000184580897e+00
3.852192609630e+01,1.000097967388e+00
3.852392619631e+01,1.000011345595e+00
3.852592629631e+01,9.999247291955e-01
3.852792639632e+01,9.998381318762e-01
3.852992649632e+01,9.997515673304e-01
3.853192659633e+01,9.996650492549e-01
3.853392669633e+01,9.995785913485e-01
3.853592679634e+01,9.994922073098e-01
3.853792689634e+01,9.994059108347e-01
3.853992699635e+01,9.993197156141e-01
3.854192709635e+01,9.992336353323e-01
3.854392719636e+01,9.991476836641e-01
3.854592729636e+01,9.990618742732e-01
3.854792739637e+01,9.989762208093e-01
3.854992749637e+01,9.988907369065e-01
3.855192759638e+01,9.988054361807e-01
3.855392769638e+01,9.987203322274e-01
3.855592779639e+01,9.986354386198e-01
3.855792789639e+01,9.985507689058e-01
3.855992799640e+01,9.984663366068e-01
3.856192809640e+01,9.983821552143e-01
3.856392819641e+01,9.982982381887e-01
3.856592829641e+01,9.982145989563e-01
3.856792839642e+01,9.981312509074e-01
3.856992849642e+01,9.980482073940e-01
3.857192859643e+01,9.979654817274e-01
3.857392869643e+01,9.978830871762e-01
3.857592879644e+01,9.978010369637e-01
3.857792889644e+01,9.977193442660e-01
3.857992899645e+01,9.976380222095e-01
3.858192909645e+01,9.975570838686e-01
3.858392919646e+01,9.974765422637e-01
3.858592929646e+01,9.973964103590e-01
3.858792939647e+01,9.973167010599e-01
3.858992949647e+01,9.972374272109e-01
3.859192959648e+01,9.971586015936e-01
3.859392969648e+01,9.970802369241e-01
3.859592979649e+01,9.970023458510e-01
3.859792989649e+01,9.969249409532e-01
3.859992999650e+01,9.968480347377e-01
3.860193009650e+01,9.967716396372e-01
3.860393019651e+01,9.966957680079e-01
3.860593029651e+01,9.966204321278e-01
3.860793039652e+01,9.965456441937e-01
3.860993049652e+01,9.964714163199e-01
3.861193059653e+01,9.963977605352e-01
3.861393069653e+01,9.963246887814e-01
3.861593079654e+01,9.962522129109e-01
3.861793089654e+01,9.961803446845e-01
3.861993099655e+01,9.961090957692e-01
3.862193109655e+01,9.960384777366e-01
3.862393119656e+01,9.959685020601e-01
3.862593129656e+01,9.958991801134e-01
3.862793139657e+01,9.958305231679e-01
3.862993149657e+01,9.957625423912e-01
3.863193159658e+01,9.956952488446e-01
3.863393169658e+01,9.956286534815e-01
3.863593179659e+01,9.955627671449e-01
3.863793189659e+01,9.954976005655e-01
3.863993199660e+01,9.954331643602e-01
3.864193209660e+01,9.953694690295e-01
3.864393219661e+01,9.953065249561e-01
3.864593229661e+01,9.952443424024e-01
3.864793239662e+01,9.951829315092e-01
3.864993249662e+01,9.951223022934e-01
3.865193259663e+01,9.950624646462e-01
3.865393269663e+01,9.950034283314e-01
3.865593279664e+01,9.949452029835e-01
3.865793289664e+01,9.948877981056e-01
3.865993299665e+01,9.948312230681e-01
3.866193309665e+01,9.947754871066e-01
3.866393319666e+01,9.947205993203e-01
3.866593329666e+01,9.946665686701e-01
3.866793339667e+01,9.946134039773e-01
3.866993349667e+01,9.945611139212e-01
3.867193359668e+01,9.945097070385e-01
3.867393369668e+01,9.944591917205e-01
3.867593379669e+01,9.944095762124e-01
3.867793389669e+01,9.943608686117e-01
3.867993399670e+01,9.943130768659e-01
3.868193409670e+01,9.942662087718e-01
3.868393419671e+01,9.942202719737e-01
3.868593429671e+01,9.941752739616e-01
3.868793439672e+01,9.941312220702e-01
3.868993449672e+01,9.940881234772e-01
3.869193459673e+01,9.940459852024e-01
3.869393469673e+01,9.940048141058e-01
3.869593479674e+01,9.939646168866e-01
3.869793489674e+01,9.939254000817e-01
3.869993499675e+01,9.938871700647e-01
3.870193509675e+01,9.938499330445e-01
3.870393519676e+01,9.938136950642e-01
3.870593529676e+01,9.937784619997e-01
3.870793539677e+01,9.937442395590e-01
3.870993549677e+01,9.937110332806e-01
3.871193559678e+01,9.936788485327e-01
3.871393569678e+01,9.936476905123e-01
3.871593579679e+01,9.936175642437e-01
3.871793589679e+01,9.935884745780e-01
3.871993599680e+01,9.935604261922e-01
3.872193609680e+01,9.935334235877e-01
3.872393619681e+01,9.935074710902e-01
3.872593629681e+01,9.934825728483e-01
3.872793639682e+01,9.934587328333e-01
3.872993649682e+01,9.934359548377e-01
3.873193659683e+01,9.934142424753e-01
3.873393669683e+01,9.933935991797e-01
3.873593679684e+01,9.933740282039e-01
3.873793689684e+01,9.933555326198e-01
3.873993699685e+01,9.933381153176e-01
3.874193709685e+01,9.933217790054e-01
3.874393719686e+01,9.933065262082e-01
3.874593729686e+01,9.932923592682e-01
3.874793739687e+01,9.932792803434e-01
3.874993749687e+01,9.932672914081e-01
3.875193759688e+01,9.932563942520e-01
3.875393769688e+01,9.932465904802e-01
3.875593779689e+01,9.932378815126e-01
3.875793789689e+01,9.932302685838e-01
3.875993799690e+01,9.932237527429e-01
3.876193809690e+01,9.932183348532e-01
3.876393819691e+01,9.932140155922e-01
3.876593829691e+01,9.932107954516e-01
3.876793839692e+01,9.932086747368e-01
3.876993849692e+01,9.932076535673e-01
3.877193859693e+01,9.932077318766e-01
3.877393869693e+01,9.932089094121e-01
3.877593879694e+01,9.932111857356e-01
3.877793889694e+01,9.932145602228e-01
3.877993899695e+01,9.932190320643e-01
3.878193909695e+01,9.932246002653e-01
3.878393919696e+01,9.932312636456e-01
3.878593929696e+01,9.932390208399e-01
3.878793939697e+01,9.932478702985e-01
3.878993949697e+01,9.932578102876e-01
3.879193959698e+01,9.932688388895e-01
3.879393969698e+01,9.932809540031e-01
3.879593979699e+01,9.932941533442e-01
3.879793989699e+01,9.933084344464e-01
3.879993999700e+01,9.933237946613e-01
3.880194009700e+01,9.933402311591e-01
3.880394019701e+01,9.933577409295e-01
3.880594029701e+01,9.933763207818e-01
3.880794039702e+01,9.933959673461e-01
3.880994049702e+01,9.934166770737e-01
3.881194059703e+01,9.934384462380e-01
3.881394069703e+01,9.934612709351e-01
3.881594079704e+01,9.934851470849e-01
3.881794089704e+01,9.935100704317e-01
3.881994099705e+01,9.935360365451e-01
3.882194109705e+01,9.935630408210e-01
3.882394119706e+01,9.935910784828e-01
3.882594129706e+01,9.936201445820e-01
3.882794139707e+01,9.936502339993e-01
3.882994149707e+01,9.936813414462e-01
3.883194159708e+01,9.937134614653e-01
3.883394169708e+01,9.937465884320e-01
3.883594179709e+01,9.937807165548e-01
3.883794189709e+01,9.938158398775e-01
3.883994199710e+01,9.938519522799e-01
3.884194209710e+01,9.938890474789e-01
3.884394219711e+01,9.939271190305e-01
3.884594229711e+01,9.939661603301e-01
3.884794239712e+01,9.940061646147e-01
3.884994249712e+01,9.940471249639e-01
3.885194259713e+01,9.940890343010e-01
3.885394269713e+01,9.941318853951e-01
3.885594279714e+01,9.941756708621e-01
3.885794289714e+01,9.942203831660e-01
3.885994299715e+01,9.942660146209e-01
3.886194309715e+01,9.943125573923e-01
3.886394319716e+01,9.943600034984e-01
3.886594329716e+01,9.944083448121e-01
3.886794339717e+01,9.944575730623e-01
3.886994349717e+01,9.945076798357e-01
3.887194359718e+01,9.945586565785e-01
3.887394369718e+01,9.946104945978e-01
3.887594379719e+01,9.946631850636e-01
3.887794389719e+01,9.947167190106e-01
3.887994399720e+01,9.947710873397e-01
3.888194409720e+01,9.948262808200e-01
3.888394419721e+01,9.948822900903e-01
3.888594429721e+01,9.949391056608e-01
3.888794439722e+01,9.949967179155e-01
3.888994449722e+01,9.950551171135e-01
3.889194459723e+01,9.951142933912e-01
3.889394469723e+01,9.951742367642e-01
3.889594479724e+01,9.952349371291e-01
3.889794489724e+01,9.952963842654e-01
3.889994499725e+01,9.953585678373e-01
3.890194509725e+01,9.954214773963e-01
3.890394519726e+01,9.954851023824e-01
3.890594529726e+01,9.955494321265e-01
3.890794539727e+01,9.956144558523e-01
3.890994549727e+01,9.956801626785e-01
3.891194559728e+01,9.957465416205e-01
3.891394569728e+01,9.958135815929e-01
3.891594579729e+01,9.958812714110e-01
3.891794589729e+01,9.959495997935e-01
3.891994599730e+01,9.960185553639e-01
3.892194609730e+01,9.960881266535e-01
3.892394619731e+01,9.961583021025e-01
3.892594629731e+01,9.962290700630e-01
3.892794639732e+01,9.963004188006e-01
3.892994649732e+01,9.963723364968e-01
3.893194659733e+01,9.964448112511e-01
3.893394669733e+01,9.965178310831e-01
3.893594679734e+01,9.965913839346e-01
3.893794689734e+01,9.966654576719e-01
3.893994699735e+01,9.967400400878e-01
3.894194709735e+01,9.968151189043e-01
3.894394719736e+01,9.968906817742e-01
3.894594729736e+01,9.969667162835e-01
3.894794739737e+01,9.970432099539e-01
3.894994749737e+01,9.971201502446e-01
3.895194759738e+01,9.971975245546e-01
3.895394769738e+01,9.972753202252e-01
3.895594779739e+01,9.973535245420e-01
3.895794789739e+01,9.974321247369e-01
3.895994799740e+01,9.975111079910e-01
3.896194809740e+01,9.975904614361e-01
3.896394819741e+01,9.976701721573e-01
3.896594829741e+01,9.977502271952e-01
3.896794839742e+01,9.978306135481e-01
3.896994849742e+01,9.979113181743e-01
3.897194859743e+01,9.979923279941e-01
3.897394869743e+01,9.980736298923e-01
3.897594879744e+01,9.981552107204e-01
3.897794889744e+01,9.982370572986e-01
3.897994899745e+01,9.983191564184e-01
3.898194909745e+01,9.984014948444e-01
3.898394919746e+01,9.984840593169e-01
3.898594929746e+01,9.985668365537e-01
3.898794939747e+01,9.986498132526e-01
3.898994949747e+01,9.987329760938e-01
3.899194959748e+01,9.988163117415e-01
3.899394969748e+01,9.988998068467e-01
3.899594979749e+01,9.989834480491e-01
3.899794989749e+01,9.990672219793e-01
3.899994999750e+01,9.991511152609e-01
3.900195009750e+01,9.992351145130e-01
3.900395019751e+01,9.993192063519e-01
3.900595029751e+01,9.994033773938e-01
3.900795039752e+01,9.994876142563e-01
3.900995049752e+01,9.995719035612e-01
3.901195059753e+01,9.996562319361e-01
3.901395069753e+01,9.997405860169e-01
3.901595079754e+01,9.998249524499e-01
3.901795089754e+01,9.999093178934e-01
3.901995099755e+01,9.999936690205e-01
3.902195109755e+01,1.000077992521e+00
3.902395119756e+01,1.000162275102e+00
3.902595129756e+01,1.000246503494e+00
3.902795139757e+01,1.000330664448e+00
3.902995149757e+01,1.000414744740e+00
3.903195159758e+01,1.000498731174e+00
3.903395169758e+01,1.000582610581e+00
3.903595179759e+01,1.000666369826e+00
3.903795189759e+01,1.000749995803e+00
3.903995199760e+01,1.000833475444e+00
3.904195209760e+01,1.000916795716e+00
3.904395219761e+01,1.000999943625e+00
3.904595229761e+01,1.001082906218e+00
3.904795239762e+01,1.001165670587e+00
3.904995249762e+01,1.001248223863e+00
3.905195259763e+01,1.001330553229e+00
3.905395269763e+01,1.001412645914e+00
3.905595279764e+01,1.001494489197e+00
3.905795289764e+01,1.001576070409e+00
3.905995299765e+01,1.001657376936e+00
3.906195309765e+01,1.001738396220e+00
3.906395319766e+01,1.001819115759e+00
3.906595329766e+01,1.001899523112e+00
3.906795339767e+01,1.001979605898e+00
3.906995349767e+01,1.002059351800e+00
3.907195359768e+01,1.002138748565e+00
3.907395369768e+01,1.002217784007e+00
3.907595379769e+01,1.002296446007e+00
3.907795389769e+01,1.002374722519e+00
3.907995399770e+01,1.002452601564e+00
3.908195409770e+01,1.002530071240e+00
3.908395419771e+01,1.002607119718e+00
3.908595429771e+01,1.002683735247e+00
3.908795439772e+01,1.002759906153e+00
3.908995449772e+01,1.002835620842e+00
3.909195459773e+01,1.002910867802e+00
3.909395469773e+01,1.002985635604e+00
3.909595479774e+01,1.003059912903e+00
3.909795489774e+01,1.003133688439e+00
3.909995499775e+01,1.003206951043e+00
3.910195509775e+01,1.003279689631e+00
3.910395519776e+01,1.003351893213e+00
3.910595529776e+01,1.003423550889e+00
3.910795539777e+01,1.003494651854e+00
3.910995549777e+01,1.003565185396e+00
3.911195559778e+01,1.003635140900e+00
3.911395569778e+01,1.003704507851e+00
3.911595579779e+01,1.003773275831e+00
3.911795589779e+01,1.003841434522e+00
3.911995599780e+01,1.003908973710e+00
3.912195609780e+01,1.003975883282e+00
3.912395619781e+01,1.004042153232e+00
3.912595629781e+01,1.004107773658e+00
3.912795639782e+01,1.004172734764e+00
3.912995649782e+01,1.004237026866e+00
3.913195659783e+01,1.004300640385e+00
3.913395669783e+01,1.004363565857e+00
3.913595679784e+01,1.004425793927e+00
3.913795689784e+01,1.004487315355e+00
3.913995699785e+01,1.004548121014e+00
3.914195709785e+01,1.004608201893e+00
3.914395719786e+01,1.004667549099e+00
3.914595729786e+01,1.004726153855e+00
3.914795739787e+01,1.004784007503e+00
3.914995749787e+01,1.004841101505e+00
3.915195759788e+01,1.004897427444e+00
3.915395769788e+01,1.004952977026e+00
3.915595779789e+01,1.005007742078e+00
3.915795789789e+01,1.005061714552e+00
3.915995799790e+01,1.005114886526e+00
3.916195809790e+01,1.005167250202e+00
3.916395819791e+01,1.005218797910e+00
3.916595829791e+01,1.005269522107e+00
3.916795839792e+01,1.005319415381e+00
3.916995849792e+01,1.005368470447e+00
3.917195859793e+01,1.005416680152e+00
3.917395869793e+01,1.005464037472e+00
3.917595879794e+01,1.005510535519e+00
3.917795889794e+01,1.005556167534e+00
3.917995899795e+01,1.005600926895e+00
3.918195909795e+01,1.005644807112e+00
3.918395919796e+01,1.005687801831e+00
3.918595929796e+01,1.005729904836e+00
3.918795939797e+01,1.005771110045e+00
3.918995949797e+01,1.005811411515e+00
3.919195959798e+01,1.005850803440e+00
3.919395969798e+01,1.005889280155e+00
3.919595979799e+01,1.005926836132e+00
3.919795989799e+01,1.005963465985e+00
3.919995999800e+01,1.005999164467e+00
3.920196009800e+01,1.006033926474e+00
3.920396019801e+01,1.006067747043e+00
3.920596029801e+01,1.006100621353e+00
3.920796039802e+01,1.006132544727e+00
3.920996049802e+01,1.006163512631e+00
3.921196059803e+01,1.006193520674e+00
3.921396069803e+01,1.006222564612e+00
3.921596079804e+01,1.006250640343e+00
3.921796089804e+01,1.006277743914e+00
3.921996099805e+01,1.006303871514e+00
3.922196109805e+01,1.006329019482e+00
3.922396119806e+01,1.006353184299e+00
3.922596129806e+01,1.006376362599e+00
3.922796139807e+01,1.006398551158e+00
3.922996149807e+01,1.006419746902e+00
3.923196159808e+01,1.006439946906e+00
3.923396169808e+01,1.006459148392e+00
3.923596179809e+01,1.006477348732e+00
3.923796189809e+01,1.006494545444e+00
3.923996199810e+01,1.006510736199e+00
3.924196209810e+01,1.006525918816e+00
3.924396219811e+01,1.006540091262e+00
3.924596229811e+01,1.006553251656e+00
3.924796239812e+01,1.006565398267e+00
3.924996249812e+01,1.006576529513e+00
3.925196259813e+01,1.006586643962e+00
3.925396269813e+01,1.006595740335e+00
3.925596279814e+01,1.006603817501e+00
3.925796289814e+01,1.006610874481e+00
3.925996299815e+01,1.006616910447e+00
3.926196309815e+01,1.006621924721e+00
3.926396319816e+01,1.006625916776e+00
3.926596329816e+01,1.006628886237e+00
3.926796339817e+01,1.006630832878e+00
3.926996349817e+01,1.006631756627e+00
3.927196359818e+01,1.006631657559e+00
3.927396369818e+01,1.006630535903e+00
3.927596379819e+01,1.006628392037e+00
3.927796389819e+01,1.006625226491e+00
3.927996399820e+01,1.006621039945e+00
3.928196409820e+01,1.006615833229e+00
3.928396419821e+01,1.006609607323e+00
3.928596429821e+01,1.006602363360e+00
3.928796439822e+01,1.006594102619e+00
3.928996449822e+01,1.006584826533e+00
3.929196459823e+01,1.006574536681e+00
3.929396469823e+01,1.006563234794e+00
3.929596479824e+01,1.006550922751e+00
3.929796489824e+01,1.006537602581e+00
3.929996499825e+01,1.006523276460e+00
3.930196509825e+01,1.006507946714e+00
3.930396519826e+01,1.006491615817e+00
3.930596529826e+01,1.006474286389e+00
3.930796539827e+01,1.006455961199e+00
3.930996549827e+01,1.006436643164e+00
3.931196559828e+01,1.006416335345e+00
3.931396569828e+01,1.006395040952e+00
3.931596579829e+01,1.006372763338e+00
3.931796589829e+01,1.006349506006e+00
3.931996599830e+01,1.006325272598e+00
3.932196609830e+01,1.006300066907e+00
3.932396619831e+01,1.006273892864e+00
3.932596629831e+01,1.006246754549e+00
3.932796639832e+01,1.006218656180e+00
3.932996649832e+01,1.006189602122e+00
3.933196659833e+01,1.006159596880e+00
3.933396669833e+01,1.006128645099e+00
3.933596679834e+01,1.006096751567e+00
3.933796689834e+01,1.006063921212e+00
3.933996699835e+01,1.006030159101e+00
3.934196709835e+01,1.005995470439e+00
3.934396719836e+01,1.005959860572e+00
3.934596729836e+01,1.005923334982e+00
3.934796739837e+01,1.005885899287e+00
3.934996749837e+01,1.005847559243e+00
3.935196759838e+01,1.005808320741e+00
3.935396769838e+01,1.005768189805e+00
3.935596779839e+01,1.005727172597e+00
3.935796789839e+01,1.005685275408e+00
3.935996799840e+01,1.005642504664e+00
3.936196809840e+01,1.005598866922e+00
3.936396819841e+01,1.005554368870e+00
3.936596829841e+01,1.005509017324e+00
3.936796839842e+01,1.005462819233e+00
3.936996849842e+01,1.005415781671e+00
3.937196859843e+01,1.005367911840e+00
3.937396869843e+01,1.005319217068e+00
3.937596879844e+01,1.005269704811e+00
3.937796889844e+01,1.005219382646e+00
3.937996899845e+01,1.005168258276e+00
3.938196909845e+01,1.005116339525e+00
3.938396919846e+01,1.005063634338e+00
3.938596929846e+01,1.005010150784e+00
3.938796939847e+01,1.004955897047e+00
3.938996949847e+01,1.004900881433e+00
3.939196959848e+01,1.004845112363e+00
3.939396969848e+01,1.004788598376e+00
3.939596979849e+01,1.004731348123e+00
3.939796989849e+01,1.004673370373e+00
3.939996999850e+01,1.004614674006e+00
3.940197009850e+01,1.004555268013e+00
3.940397019851e+01,1.004495161495e+00
3.940597029851e+01,1.004434363666e+00
3.940797039852e+01,1.004372883843e+00
3.940997049852e+01,1.004310731455e+00
3.941197059853e+01,1.004247916031e+00
3.941397069853e+01,1.004184447210e+00
3.941597079854e+01,1.004120334730e+00
3.941797089854e+01,1.004055588432e+00
3.941997099855e+01,1.003990218258e+00
3.942197109855e+01,1.003924234249e+00
3.942397119856e+01,1.003857646543e+00
3.942597129856e+01,1.003790465376e+00
3.942797139857e+01,1.003722701076e+00
3.942997149857e+01,1.003654364067e+00
3.943197159858e+01,1.003585464865e+00
3.943397169858e+01,1.003516014076e+00
3.943597179859e+01,1.003446022396e+00
3.943797189859e+01,1.003375500608e+00
3.943997199860e+01,1.003304459582e+00
3.944197209860e+01,1.003232910273e+00
3.944397219861e+01,1.003160863718e+00
3.944597229861e+01,1.003088331038e+00
3.944797239862e+01,1.003015323433e+00
3.944997249862e+01,1.002941852182e+00
3.945197259863e+01,1.002867928639e+00
3.945397269863e+01,1.002793564237e+00
3.945597279864e+01,1.002718770482e+00
3.945797289864e+01,1.002643558950e+00
3.945997299865e+01,1.002567941289e+00
3.946197309865e+01,1.002491929218e+00
3.946397319866e+01,1.002415534520e+00
3.946597329866e+01,1.002338769046e+00
3.946797339867e+01,1.002261644710e+00
3.946997349867e+01,1.002184173488e+00
3.947197359868e+01,1.002106367418e+00
3.947397369868e+01,1.002028238595e+00
3.947597379869e+01,1.001949799171e+00
3.947797389869e+01,1.001871061354e+00
3.947997399870e+01,1.001792037406e+00
3.948197409870e+01,1.001712739639e+00
3.948397419871e+01,1.001633180417e+00
3.948597429871e+01,1.001553372150e+00
3.948797439872e+01,1.001473327295e+00
3.948997449872e+01,1.001393058354e+00
3.949197459873e+01,1.001312577869e+00
3.949397469873e+01,1.001231898427e+00
3.949597479874e+01,1.001151032649e+00
3.949797489874e+01,1.001069993196e+00
3.949997499875e+01,1.000988792763e+00
3.950197509875e+01,1.000907444077e+00
3.950397519876e+01,1.000825959898e+00
3.950597529876e+01,1.000744353013e+00
3.950797539877e+01,1.000662636237e+00
3.950997549877e+01,1.000580822411e+00
3.951197559878e+01,1.000498924398e+00
3.951397569878e+01,1.000416955084e+00
3.951597579879e+01,1.000334927372e+00
3.951797589879e+01,1.000252854183e+00
3.951997599880e+01,1.000170748455e+00
3.952197609880e+01,1.000088623136e+00
3.952397619881e+01,1.000006491189e+00
3.952597629881e+01,9.999243655826e-01
3.952797639882e+01,9.998422592946e-01
3.952997649882e+01,9.997601853070e-01
3.953197659883e+01,9.996781566051e-01
3.953397669883e+01,9.995961861751e-01
3.953597679884e+01,9.995142870020e-01
3.953797689884e+01,9.994324720677e-01
3.953997699885e+01,9.993507543486e-01
3.954197709885e+01,9.992691468139e-01
3.954397719886e+01,9.991876624232e-01
3.954597729886e+01,9.991063141244e-01
3.954797739887e+01,9.990251148519e-01
3.954997749887e+01,9.989440775241e-01
3.955197759888e+01,9.988632150417e-01
3.955397769888e+01,9.987825402852e-01
3.955597779889e+01,9.987020661128e-01
3.955797789889e+01,9.986218053588e-01
3.955997799890e+01,9.985417708307e-01
3.956197809890e+01,9.984619753076e-01
3.956397819891e+01,9.983824315382e-01
3.956597829891e+01,9.983031522379e-01
3.956797839892e+01,9.982241500877e-01
3.956997849892e+01,9.981454377311e-01
3.957197859893e+01,9.980670277728e-01
3.957397869893e+01,9.979889327758e-01
3.957597879894e+01,9.979111652601e-01
3.957797889894e+01,9.978337376997e-01
3.957997899895e+01,9.977566625212e-01
3.958197909895e+01,9.976799521012e-01
3.958397919896e+01,9.976036187644e-01
3.958597929896e+01,9.975276747816e-01
3.958797939897e+01,9.974521323673e-01
3.958997949897e+01,9.973770036777e-01
3.959197959898e+01,9.973023008086e-01
3.959397969898e+01,9.972280357935e-01
3.959597979899e+01,9.971542206010e-01
3.959797989899e+01,9.970808671334e-01
3.959997999900e+01,9.970079872240e-01
3.960198009900e+01,9.969355926352e-01
3.960398019901e+01,9.968636950569e-01
3.960598029901e+01,9.967923061037e-01
3.960798039902e+01,9.967214373131e-01
3.960998049902e+01,9.966511001440e-01
3.961198059903e+01,9.965813059737e-01
3.961398069903e+01,9.965120660968e-01
3.961598079904e+01,9.964433917224e-01
3.961798089904e+01,9.963752939727e-01
3.961998099905e+01,9.963077838808e-01
3.962198109905e+01,9.962408723884e-01
3.962398119906e+01,9.961745703444e-01
3.962598129906e+01,9.961088885025e-01
3.962798139907e+01,9.960438375196e-01
3.962998149907e+01,9.959794279534e-01
3.963198159908e+01,9.959156702612e-01
3.963398169908e+01,9.958525747971e-01
3.963598179909e+01,9.957901518108e-01
3.963798189909e+01,9.957284114454e-01
3.963998199910e+01,9.956673637357e-01
3.964198209910e+01,9.956070186063e-01
3.964398219911e+01,9.955473858697e-01
3.964598229911e+01,9.954884752246e-01
3.964798239912e+01,9.954302962542e-01
3.964998249912e+01,9.953728584241e-01
3.965198259913e+01,9.953161710809e-01
3.965398269913e+01,9.952602434503e-01
3.965598279914e+01,9.952050846353e-01
3.965798289914e+01,9.951507036148e-01
3.965998299915e+01,9.950971092415e-01
3.966198309915e+01,9.950443102407e-01
3.966398319916e+01,9.949923152083e-01
3.966598329916e+01,9.949411326094e-01
3.966798339917e+01,9.948907707765e-01
3.966998349917e+01,9.948412379083e-01
3.967198359918e+01,9.947925420678e-01
3.967398369918e+01,9.947446911810e-01
3.967598379919e+01,9.946976930352e-01
3.967798389919e+01,9.946515552779e-01
3.967998399920e+01,9.946062854150e-01
3.968198409920e+01,9.945618908096e-01
3.968398419921e+01,9.945183786805e-01
3.968598429921e+01,9.944757561007e-01
3.968798439922e+01,9.944340299961e-01
3.968998449922e+01,9.943932071444e-01
3.969198459923e+01,9.943532941738e-01
3.969398469923e+01,9.943142975615e-01
3.969598479924e+01,9.942762236325e-01
3.969798489924e+01,9.942390785587e-01
3.969998499925e+01,9.942028683574e-01
3.970198509925e+01,9.941675988903e-01
3.970398519926e+01,9.941332758624e-01
3.970598529926e+01,9.940999048208e-01
3.970798539927e+01,9.940674911538e-01
3.970998549927e+01,9.940360400896e-01
3.971198559928e+01,9.940055566957e-01
3.971398569928e+01,9.939760458774e-01
3.971598579929e+01,9.939475123774e-01
3.971798589929e+01,9.939199607746e-01
3.971998599930e+01,9.938933954833e-01
3.972198609930e+01,9.938678207522e-01
3.972398619931e+01,9.938432406640e-01
3.972598629931e+01,9.938196591342e-01
3.972798639932e+01,9.937970799106e-01
3.972998649932e+01,9.937755065726e-01
3.973198659933e+01,9.937549425305e-01
3.973398669933e+01,9.937353910249e-01
3.973598679934e+01,9.937168551255e-01
3.973798689934e+01,9.936993377312e-01
3.973998699935e+01,9.936828415695e-01
3.974198709935e+01,9.936673691957e-01
3.974398719936e+01,9.936529229925e-01
3.974598729936e+01,9.936395051700e-01
3.974798739937e+01,9.936271177645e-01
3.974998749937e+01,9.936157626388e-01
3.975198759938e+01,9.936054414817e-01
3.975398769938e+01,9.935961558073e-01
3.975598779939e+01,9.935879069555e-01
3.975798789939e+01,9.935806960909e-01
3.975998799940e+01,9.935745242033e-01
3.976198809940e+01,9.935693921070e-01
3.976398819941e+01,9.935653004410e-01
3.976598829941e+01,9.935622496690e-01
3.976798839942e+01,9.935602400789e-01
3.976998849942e+01,9.935592717830e-01
3.977198859943e+01,9.935593447183e-01
3.977398869943e+01,9.935604586461e-01
3.977598879944e+01,9.935626131525e-01
3.977798889944e+01,9.935658076481e-01
3.977998899945e+01,9.935700413687e-01
3.978198909945e+01,9.935753133752e-01
3.978398919946e+01,9.935816225534e-01
3.978598929946e+01,9.935889676147e-01
3.978798939947e+01,9.935973470963e-01
3.978998949947e+01,9.936067593617e-01
3.979198959948e+01,9.936172026006e-01
3.979398969948e+01,9.936286748299e-01
3.979598979949e+01,9.936411738937e-01
3.979798989949e+01,9.936546974639e-01
3.979998999950e+01,9.936692430409e-01
3.980199009950e+01,9.936848079536e-01
3.980399019951e+01,9.937013893606e-01
3.980599029951e+01,9.937189842504e-01
3.980799039952e+01,9.937375894421e-01
3.980999049952e+01,9.937572015860e-01
3.981199059953e+01,9.937778171646e-01
3.981399069953e+01,9.937994324930e-01
3.981599079954e+01,9.938220437197e-01
3.981799089954e+01,9.938456468276e-01
3.981999099955e+01,9.938702376347e-01
3.982199109955e+01,9.938958117947e-01
3.982399119956e+01,9.939223647986e-01
3.982599129956e+01,9.939498919750e-01
3.982799139957e+01,9.939783884912e-01
3.982999149957e+01,9.940078493545e-01
3.983199159958e+01,9.940382694129e-01
3.983399169958e+01,9.940696433563e-01
3.983599179959e+01,9.941019657169e-01
3.983799189959e+01,9.941352308714e-01
3.983999199960e+01,9.941694330413e-01
3.984199209960e+01,9.942045662945e-01
3.984399219961e+01,9.942406245464e-01
3.984599229961e+01,9.942776015611e-01
3.984799239962e+01,9.943154909524e-01
3.984999249962e+01,9.943542861858e-01
3.985199259963e+01,9.943939805788e-01
3.985399269963e+01,9.944345673030e-01
3.985599279964e+01,9.944760393853e-01
3.985799289964e+01,9.945183897089e-01
3.985999299965e+01,9.945616110152e-01
3.986199309965e+01,9.946056959049e-01
3.986399319966e+01,9.946506368395e-01
3.986599329966e+01,9.946964261431e-01
3.986799339967e+01,9.947430560032e-01
3.986999349967e+01,9.947905184729e-01
3.987199359968e+01,9.948388054725e-01
3.987399369968e+01,9.948879087902e-01
3.987599379969e+01,9.949378200849e-01
3.987799389969e+01,9.949885308869e-01
3.987999399970e+01,9.950400325999e-01
3.988199409970e+01,9.950923165029e-01
3.988399419971e+01,9.951453737513e-01
3.988599429971e+01,9.951991953789e-01
3.988799439972e+01,9.952537722994e-01
3.988999449972e+01,9.953090953087e-01
3.989199459973e+01,9.953651550860e-01
3.989399469973e+01,9.954219421960e-01
3.989599479974e+01,9.954794470906e-01
3.989799489974e+01,9.955376601106e-01
3.989999499975e+01,9.955965714875e-01
3.990199509975e+01,9.956561713456e-01
3.990399519976e+01,9.957164497036e-01
3.990599529976e+01,9.957773964766e-01
3.990799539977e+01,9.958390014779e-01
3.990999549977e+01,9.959012544209e-01
3.991199559978e+01,9.959641449212e-01
3.991399569978e+01,9.960276624982e-01
3.991599579979e+01,9.960917965773e-01
3.991799589979e+01,9.961565364917e-01
3.991999599980e+01,9.962218714845e-01
3.992199609980e+01,9.962877907106e-01
3.992399619981e+01,9.963542832386e-01
3.992599629981e+01,9.964213380530e-01
3.992799639982e+01,9.964889440561e-01
3.992999649982e+01,9.965570900700e-01
3.993199659983e+01,9.966257648389e-01
3.993399669983e+01,9.966949570304e-01
3.993599679984e+01,9.967646552382e-01
3.993799689984e+01,9.968348479840e-01
3.993999699985e+01,9.969055237195e-01
3.994199709985e+01,9.969766708283e-01
3.994399719986e+01,9.970482776284e-01
3.994599729986e+01,9.971203323738e-01
3.994799739987e+01,9.971928232570e-01
3.994999749987e+01,9.972657384106e-01
3.995199759988e+01,9.973390659100e-01
3.995399769988e+01,9.974127937750e-01
3.995599779989e+01,9.974869099718e-01
3.995799789989e+01,9.975614024158e-01
3.995999799990e+01,9.976362589729e-01
3.996199809990e+01,9.977114674620e-01
3.996399819991e+01,9.977870156573e-01
3.996599829991e+01,9.978628912898e-01
3.996799839992e+01,9.979390820500e-01
3.996999849992e+01,9.980155755896e-01
3.997199859993e+01,9.980923595239e-01
3.997399869993e+01,9.981694214338e-01
3.997599879994e+01,9.982467488677e-01
3.997799889994e+01,9.983243293439e-01
3.997999899995e+01,9.984021503527e-01
3.998199909995e+01,9.984801993582e-01
3.998399919996e+01,9.985584638007e-01
3.998599929996e+01,9.986369310986e-01
3.998799939997e+01,9.987155886505e-01
3.998999949997e+01,9.987944238376e-01
3.999199959998e+01,9.988734240252e-01
3.999399969998e+01,9.989525765653e-01
3.999599979999e+01,9.990318687985e-01
3.999799990000e+01,9.991112880561e-01
4.000000000000e+01,9.991908216619e-01
