t_over_theta,r
0.000000000000e+00,1.000000000000e+00
4.000200010001e-04,9.996247590978e-01
8.000400020001e-04,9.984992691537e-01
1.200060003000e-03,9.966222766670e-01
1.600080004000e-03,9.939903749853e-01
2.000100005000e-03,9.905979593211e-01
2.400120006000e-03,9.864371512192e-01
2.800140007000e-03,9.814976899770e-01
3.200160008000e-03,9.757667875449e-01
3.600180009000e-03,9.692289421717e-01
4.000200010001e-03,9.618657045440e-01
4.400220011001e-03,9.536553877353e-01
4.800240012001e-03,9.445727103702e-01
5.200260013001e-03,9.345883580378e-01
5.600280014001e-03,9.236684455599e-01
6.000300015001e-03,9.117738537499e-01
6.400320016001e-03,8.988594093008e-01
6.800340017001e-03,8.848728635169e-01
7.200360018001e-03,8.697536101600e-01
7.600380019001e-03,8.534310605810e-01
8.000400020001e-03,8.358225622606e-01
8.400420021001e-03,8.168306972094e-01
8.800440022001e-03,7.963397258338e-01
9.200460023001e-03,7.742108276803e-01
9.600480024001e-03,7.502756121433e-01
1.000050002500e-02,7.243270799320e-01
1.040052002600e-02,6.961067230858e-01
1.080054002700e-02,6.652855914429e-01
1.120056002800e-02,6.314355962466e-01
1.160058002900e-02,5.939843867701e-01
1.200060003000e-02,5.521414206433e-01
1.240062003100e-02,5.047716144941e-01
1.280064003200e-02,4.501733088618e-01
1.320066003300e-02,3.857153301110e-01
1.360068003400e-02,3.077773610814e-01
1.400070003500e-02,2.214437594265e-01
1.440072003600e-02,2.133521299054e-01
1.480074003700e-02,2.811914709251e-01
1.520076003800e-02,3.448991621300e-01
1.560078003900e-02,3.983784361288e-01
1.600080004000e-02,4.438898527767e-01
1.640082004100e-02,4.833617152566e-01
1.680084004200e-02,5.181129237733e-01
1.720086004300e-02,5.490508390114e-01
1.760088004400e-02,5.768200698735e-01
1.800090004500e-02,6.018937613388e-01
1.840092004600e-02,6.246292960919e-01
1.880094004700e-02,6.453032409514e-01
1.920096004800e-02,6.641340135377e-01
1.960098004900e-02,6.812970612066e-01
2.000100005000e-02,6.969353232668e-01
2.040102005100e-02,7.111666287662e-01
2.080104005200e-02,7.240890462663e-01
2.120106005300e-02,7.357848293328e-01
2.160108005400e-02,7.463233766118e-01
2.200110005500e-02,7.557634858623e-01
2.240112005600e-02,7.641550921965e-01
2.280114005700e-02,7.715406227967e-01
2.320116005800e-02,7.779560617053e-01
2.360118005900e-02,7.834317916834e-01
2.400120006000e-02,7.879932621674e-01
2.440122006100e-02,7.916615190129e-01
2.480124006200e-02,7.944536227016e-01
2.520126006300e-02,7.963829748303e-01
2.560128006400e-02,7.974595673265e-01
2.600130006500e-02,7.976901652543e-01
2.640132006600e-02,7.970784308883e-01
2.680134006700e-02,7.956249940567e-01
2.720136006800e-02,7.933274718987e-01
2.760138006900e-02,7.901804391331e-01
2.800140007000e-02,7.861753481140e-01
2.840142007100e-02,7.813003962770e-01
2.880144007200e-02,7.755403363364e-01
2.920146007300e-02,7.688762231511e-01
2.960148007400e-02,7.612850875034e-01
3.000150007500e-02,7.527395252819e-01
3.040152007600e-02,7.432071856338e-01
3.080154007700e-02,7.326501386516e-01
3.120156007800e-02,7.210240951418e-01
3.160158007900e-02,7.082774460881e-01
3.200160008000e-02,6.943500805999e-01
3.240162008100e-02,6.791719297066e-01
3.280164008200e-02,6.626611763406e-01
3.320166008300e-02,6.447220641236e-01
3.360168008400e-02,6.252422447989e-01
3.400170008500e-02,6.040896476270e-01
3.440172008600e-02,5.811089859281e-01
3.480174008700e-02,5.561183861585e-01
3.520176008800e-02,5.289075762625e-01
3.560178008900e-02,4.992415675787e-01
3.600180009000e-02,4.668804183598e-01
3.640182009100e-02,4.316440271311e-01
3.680184009200e-02,3.936030268384e-01
3.720186009300e-02,3.536221618961e-01
3.760188009400e-02,3.148021469971e-01
3.800190009500e-02,2.852064978760e-01
3.840192009600e-02,2.771573662833e-01
3.880194009700e-02,2.938978955742e-01
3.920196009800e-02,3.248258323486e-01
3.960198009900e-02,3.598265488519e-01
4.000200010001e-02,3.942590634827e-01
4.040202010101e-02,4.265479656629e-01
4.080204010201e-02,4.563111172585e-01
4.120206010301e-02,4.835839981513e-01
4.160208010401e-02,5.085336165016e-01
4.200210010501e-02,5.313549560034e-01
4.240212010601e-02,5.522345607500e-01
4.280214010701e-02,5.713392087222e-01
4.320216010801e-02,5.888139756814e-01
4.360218010901e-02,6.047836539507e-01
4.400220011001e-02,6.193551693197e-01
4.440222011101e-02,6.326200884209e-01
4.480224011201e-02,6.446568928533e-01
4.520226011301e-02,6.555329311299e-01
4.560228011401e-02,6.653060520931e-01
4.600230011501e-02,6.740259547264e-01
4.640232011601e-02,6.817352971532e-01
4.680234011701e-02,6.884706051579e-01
4.720236011801e-02,6.942630152603e-01
4.760238011901e-02,6.991388814197e-01
4.800240012001e-02,7.031202688773e-01
4.840242012101e-02,7.062253540101e-01
4.880244012201e-02,7.084687452296e-01
4.920246012301e-02,7.098617365758e-01
4.960248012401e-02,7.104125032446e-01
5.000250012501e-02,7.101262462558e-01
5.040252012601e-02,7.090052914205e-01
5.080254012701e-02,7.070491467981e-01
5.120256012801e-02,7.042545214229e-01
5.160258012901e-02,7.006153072922e-01
5.200260013001e-02,6.961225259096e-01
5.240262013101e-02,6.907642403462e-01
5.280264013201e-02,6.845254336571e-01
5.320266013301e-02,6.773878550757e-01
5.360268013401e-02,6.693298366741e-01
5.400270013501e-02,6.603260858566e-01
5.440272013601e-02,6.503474639362e-01
5.480274013701e-02,6.393607698500e-01
5.520276013801e-02,6.273285628118e-01
5.560278013901e-02,6.142090842274e-01
5.600280014001e-02,5.999563839130e-01
5.640282014101e-02,5.845208351531e-01
5.680284014201e-02,5.678503620952e-01
5.720286014301e-02,5.498929526759e-01
5.760288014401e-02,5.306014793405e-01
5.800290014501e-02,5.099426713376e-01
5.840292014601e-02,4.879135840244e-01
5.880294014701e-02,4.645716286376e-01
5.920296014801e-02,4.400889269407e-01
5.960298014901e-02,4.148488502617e-01
6.000300015001e-02,3.896088811286e-01
6.040302015101e-02,3.657406159963e-01
6.080304015201e-02,3.454640097657e-01
6.120306015301e-02,3.317339392228e-01
6.160308015401e-02,3.272354496083e-01
6.200310015501e-02,3.327380907238e-01
6.240312015601e-02,3.465314627797e-01
6.280314015701e-02,3.656856857153e-01
6.320316015801e-02,3.875409762294e-01
6.360318015901e-02,4.102702769674e-01
6.400320016001e-02,4.327886943235e-01
6.440322016101e-02,4.545058005867e-01
6.480324016201e-02,4.751241711590e-01
6.520326016301e-02,4.945111759109e-01
6.560328016401e-02,5.126242803108e-01
6.600330016501e-02,5.294689163362e-01
6.640332016601e-02,5.450749686973e-01
6.680334016701e-02,5.594836933717e-01
6.720336016801e-02,5.727404710096e-01
6.760338016901e-02,5.848908395197e-01
6.800340017001e-02,5.959783799417e-01
6.840342017101e-02,6.060436532369e-01
6.880344017201e-02,6.151237316399e-01
6.920346017301e-02,6.232520622628e-01
6.960348017401e-02,6.304585113994e-01
7.000350017501e-02,6.367695013336e-01
7.040352017601e-02,6.422081886283e-01
7.080354017701e-02,6.467946545018e-01
7.120356017801e-02,6.505460908575e-01
7.160358017901e-02,6.534769730761e-01
7.200360018001e-02,6.555992153064e-01
7.240362018101e-02,6.569223066329e-01
7.280364018201e-02,6.574534283066e-01
7.320366018301e-02,6.571975528895e-01
7.360368018401e-02,6.561575274886e-01
7.400370018501e-02,6.543341432906e-01
7.440372018601e-02,6.517261947275e-01
7.480374018701e-02,6.483305323081e-01
7.520376018801e-02,6.441421146034e-01
7.560378018901e-02,6.391540667051e-01
7.600380019001e-02,6.333577553394e-01
7.640382019101e-02,6.267428951340e-01
7.680384019201e-02,6.192977066850e-01
7.720386019301e-02,6.110091564096e-01
7.760388019401e-02,6.018633222923e-01
7.800390019501e-02,5.918459499688e-01
7.840392019601e-02,5.809432956816e-01
7.880394019701e-02,5.691433995276e-01
7.920396019801e-02,5.564380037666e-01
7.960398019901e-02,5.428254404853e-01
8.000400020001e-02,5.283149720692e-01
8.040402020101e-02,5.129333088564e-01
8.080404020201e-02,4.967343573961e-01
8.120406020301e-02,4.798136869089e-01
8.160408020401e-02,4.623296355111e-01
8.200410020501e-02,4.445331076049e-01
8.240412020601e-02,4.268070207871e-01
8.280414020701e-02,4.097120487203e-01
8.320416020801e-02,3.940244413703e-01
8.360418020901e-02,3.807321385828e-01
8.400420021001e-02,3.709360757895e-01
8.440422021101e-02,3.656190135366e-01
8.480424021201e-02,3.653355155732e-01
8.520426021301e-02,3.699975136962e-01
8.560428021401e-02,3.789154807688e-01
8.600430021501e-02,3.910609315397e-01
8.640432021601e-02,4.053638244582e-01
8.680434021701e-02,4.209027732013e-01
8.720436021801e-02,4.369703935083e-01
8.760438021901e-02,4.530617079358e-01
8.800440022001e-02,4.688333608224e-01
8.840442022101e-02,4.840603341886e-01
8.880444022201e-02,4.986001984662e-01
8.920446022301e-02,5.123665772354e-01
8.960448022401e-02,5.253104667851e-01
9.000450022501e-02,5.374074371789e-01
9.040452022601e-02,5.486489819642e-01
9.080454022701e-02,5.590367080838e-01
9.120456022801e-02,5.685784445055e-01
9.160458022901e-02,5.772856388830e-01
9.200460023001e-02,5.851716189695e-01
9.240462023101e-02,5.922504347427e-01
9.280464023201e-02,5.985360921309e-01
9.320466023301e-02,6.040420510159e-01
9.360468023401e-02,6.087809025155e-01
9.400470023501e-02,6.127641678234e-01
9.440472023601e-02,6.160021799190e-01
9.480474023701e-02,6.185040219582e-01
9.520476023801e-02,6.202775048221e-01
9.560478023901e-02,6.213291724702e-01
9.600480024001e-02,6.216643279270e-01
9.640482024101e-02,6.212870760714e-01
9.680484024201e-02,6.202003819293e-01
9.720486024301e-02,6.184061453731e-01
9.760488024401e-02,6.159052953497e-01
9.800490024501e-02,6.126979090291e-01
9.840492024601e-02,6.087833639695e-01
9.880494024701e-02,6.041605348502e-01
9.920496024801e-02,5.988280506974e-01
9.960498024901e-02,5.927846343869e-01
1.000050002500e-01,5.860295540604e-01
1.004050202510e-01,5.785632269516e-01
1.008050402520e-01,5.703880302084e-01
1.012050602530e-01,5.615093929634e-01
1.016050802540e-01,5.519372698462e-01
1.020051002550e-01,5.416881287633e-01
1.024051202560e-01,5.307876293356e-01
1.028051402570e-01,5.192742162773e-01
1.032051602580e-01,5.072039013821e-01
1.036051802590e-01,4.946565421594e-01
1.040052002600e-01,4.817438967546e-01
1.044052202610e-01,4.686195739585e-01
1.048052402620e-01,4.554905490628e-01
1.052052602630e-01,4.426289710235e-01
1.056052802640e-01,4.303813006265e-01
1.060053002650e-01,4.191693681317e-01
1.064053202660e-01,4.094754575673e-01
1.068053402670e-01,4.018032353733e-01
1.072053602680e-01,3.966118233942e-01
1.076053802690e-01,3.942335484547e-01
1.080054002700e-01,3.948016486353e-01
1.084054202710e-01,3.982190000612e-01
1.088054402720e-01,4.041830176753e-01
1.092054602730e-01,4.122542503472e-01
1.096054802740e-01,4.219384138195e-01
1.100055002750e-01,4.327545040232e-01
1.104055202760e-01,4.442768169389e-01
1.108055402770e-01,4.561524403832e-01
1.112055602780e-01,4.681019882170e-01
1.116055802790e-01,4.799115156251e-01
1.120056002800e-01,4.914212343368e-01
1.124056202810e-01,5.025141934739e-01
1.128056402820e-01,5.131063504619e-01
1.132056602830e-01,5.231384538592e-01
1.136056802840e-01,5.325696732382e-01
1.140057002850e-01,5.413727226570e-01
1.144057202860e-01,5.495301824310e-01
1.148057402870e-01,5.570317517152e-01
1.152057602880e-01,5.638722065220e-01
1.156057802890e-01,5.700498882382e-01
1.160058002900e-01,5.755655875111e-01
1.164058202910e-01,5.804217222455e-01
1.168058402920e-01,5.846217350004e-01
1.172058602930e-01,5.881696539667e-01
1.176058802940e-01,5.910697771324e-01
1.180059002950e-01,5.933264500293e-01
1.184059202960e-01,5.949439156606e-01
1.188059402970e-01,5.959262216583e-01
1.192059602980e-01,5.962771742958e-01
1.196059802990e-01,5.960003328474e-01
1.200060003000e-01,5.950990409726e-01
1.204060203010e-01,5.935764943991e-01
1.208060403020e-01,5.914358467636e-01
1.212060603030e-01,5.886803580609e-01
1.216060803040e-01,5.853135928047e-01
1.220061003050e-01,5.813396782386e-01
1.224061203060e-01,5.767636362180e-01
1.228061403070e-01,5.715918073890e-01
1.232061603080e-01,5.658323910456e-01
1.236061803090e-01,5.594961300429e-01
1.240062003100e-01,5.525971787595e-01
1.244062203110e-01,5.451541991106e-01
1.248062403120e-01,5.371917382902e-01
1.252062603130e-01,5.287419506433e-01
1.256062803140e-01,5.198467277692e-01
1.260063003150e-01,5.105602959498e-01
1.264063203160e-01,5.009523161574e-01
1.268063403170e-01,4.911114642524e-01
1.272063603180e-01,4.811493590691e-01
1.276063803190e-01,4.712045150600e-01
1.280064003200e-01,4.614457001084e-01
1.284064203210e-01,4.520736736027e-01
1.288064403220e-01,4.433198219149e-01
1.292064603230e-01,4.354398710913e-01
1.296064803240e-01,4.287009707651e-01
1.300065003250e-01,4.233614348527e-01
1.304065203260e-01,4.196445500264e-01
1.308065403270e-01,4.177107367985e-01
1.312065603280e-01,4.176346749428e-01
1.316065803290e-01,4.193940463941e-01
1.320066003300e-01,4.228734958812e-01
1.324066203310e-01,4.278824648994e-01
1.328066403320e-01,4.341813477612e-01
1.332066603330e-01,4.415090016734e-01
1.336066803340e-01,4.496060802752e-01
1.340067003350e-01,4.582314630719e-01
1.344067203360e-01,4.671716091659e-01
1.348067403370e-01,4.762441722239e-01
1.352067603380e-01,4.852976916820e-01
1.356067803390e-01,4.942090097385e-01
1.360068003400e-01,5.028796428933e-01
1.364068203410e-01,5.112319025674e-01
1.368068403420e-01,5.192052150273e-01
1.372068603430e-01,5.267528554974e-01
1.376068803440e-01,5.338391672422e-01
1.380069003450e-01,5.404372570019e-01
1.384069203460e-01,5.465271204164e-01
1.388069403470e-01,5.520941363450e-01
1.392069603480e-01,5.571278695758e-01
1.396069803490e-01,5.616211258923e-01
1.400070003500e-01,5.655692105773e-01
1.404070203510e-01,5.689693521673e-01
1.408070403520e-01,5.718202578846e-01
1.412070603530e-01,5.741217761830e-01
1.416070803540e-01,5.758746457258e-01
1.420071003550e-01,5.770803166168e-01
1.424071203560e-01,5.777408318488e-01
1.428071403570e-01,5.778587613248e-01
1.432071603580e-01,5.774371832331e-01
1.436071803590e-01,5.764797098624e-01
1.440072003600e-01,5.749905573308e-01
1.444072203610e-01,5.729746603989e-01
1.448072403620e-01,5.704378360107e-01
1.452072603630e-01,5.673870006579e-01
1.456072803640e-01,5.638304492967e-01
1.460073003650e-01,5.597782048937e-01
1.464073203660e-01,5.552424510236e-01
1.468073403670e-01,5.502380607777e-01
1.472073603680e-01,5.447832383327e-01
1.476073803690e-01,5.389002890745e-01
1.480074003700e-01,5.326165362035e-01
1.484074203710e-01,5.259653963177e-01
1.488074403720e-01,5.189876214295e-01
1.492074603730e-01,5.117327002177e-01
1.496074803740e-01,5.042603878948e-01
1.500075003750e-01,4.966422964160e-01
1.504075203760e-01,4.889634208596e-01
1.508075403770e-01,4.813234011503e-01
1.512075603780e-01,4.738372224580e-01
1.516075803790e-01,4.666349540656e-01
1.520076003800e-01,4.598600423959e-01
1.524076203810e-01,4.536656568975e-01
1.528076403820e-01,4.482087037673e-01
1.532076603830e-01,4.436414333051e-01
1.536076803840e-01,4.401010952990e-01
1.540077003850e-01,4.376987561416e-01
1.544077203860e-01,4.365089827789e-01
1.548077403870e-01,4.365623314889e-01
1.552077603880e-01,4.378422395337e-01
1.556077803890e-01,4.402870170733e-01
1.560078003900e-01,4.437964734401e-01
1.564078203910e-01,4.482417288868e-01
1.568078403920e-01,4.534763014231e-01
1.572078603930e-01,4.593466880864e-01
1.576078803940e-01,4.657011970099e-01
1.580079003950e-01,4.723964482732e-01
1.584079203960e-01,4.793015209286e-01
1.588079403970e-01,4.863000769170e-01
1.592079603980e-01,4.932909438715e-01
1.596079803990e-01,5.001876445486e-01
1.600080004000e-01,5.069172880343e-01
1.604080204010e-01,5.134191376412e-01
1.608080404020e-01,5.196430734825e-01
1.612080604030e-01,5.255480879766e-01
1.616080804040e-01,5.311008932122e-01
1.620081004050e-01,5.362746784508e-01
1.624081204060e-01,5.410480298849e-01
1.628081404070e-01,5.454040093166e-01
1.632081604080e-01,5.493293800353e-01
1.636081804090e-01,5.528139645969e-01
1.640082004100e-01,5.558501183907e-01
1.644082204110e-01,5.584323032359e-01
1.648082404120e-01,5.605567475310e-01
1.652082604130e-01,5.622211807392e-01
1.656082804140e-01,5.634246322680e-01
1.660083004150e-01,5.641672875485e-01
1.664083204160e-01,5.644503930756e-01
1.668083404170e-01,5.642762087742e-01
1.672083604180e-01,5.636480027202e-01
1.676083804190e-01,5.625700872390e-01
1.680084004200e-01,5.610478962866e-01
1.684084204210e-01,5.590881047988e-01
1.688084404220e-01,5.566987921201e-01
1.692084604230e-01,5.538896523439e-01
1.696084804240e-01,5.506722553381e-01
1.700085004250e-01,5.470603626049e-01
1.704085204260e-01,5.430703025352e-01
1.708085404270e-01,5.387214088487e-01
1.712085604280e-01,5.340365249684e-01
1.716085804290e-01,5.290425743194e-01
1.720086004300e-01,5.237711920279e-01
1.724086204310e-01,5.182594066149e-01
1.728086404320e-01,5.125503495924e-01
1.732086604330e-01,5.066939565180e-01
1.736086804340e-01,5.007476034920e-01
1.740087004350e-01,4.947765988915e-01
1.744087204360e-01,4.888544223505e-01
1.748087404370e-01,4.830625749052e-01
1.752087604380e-01,4.774898822372e-01
1.756087804390e-01,4.722310868649e-01
1.760088004400e-01,4.673845882344e-01
1.764088204410e-01,4.630492546567e-01
1.768088404420e-01,4.593203480947e-01
1.772088604430e-01,4.562847653891e-01
1.776088804440e-01,4.540159858413e-01
1.780089004450e-01,4.525692770878e-01
1.784089204460e-01,4.519777918003e-01
1.788089404470e-01,4.522501378776e-01
1.792089604480e-01,4.533698117825e-01
1.796089804490e-01,4.552965864542e-01
1.800090004500e-01,4.579696217412e-01
1.804090204510e-01,4.613118069568e-01
1.808090404520e-01,4.652347154210e-01
1.812090604530e-01,4.696435636095e-01
1.816090804540e-01,4.744416910898e-01
1.820091004550e-01,4.795342555739e-01
1.824091204560e-01,4.848310161422e-01
1.828091404570e-01,4.902482203916e-01
1.832091604580e-01,4.957097038533e-01
1.836091804590e-01,5.011473547899e-01
1.840092004600e-01,5.065011061607e-01
1.844092204610e-01,5.117186024402e-01
1.848092404620e-01,5.167546639005e-01
1.852092604630e-01,5.215706429646e-01
1.856092804640e-01,5.261337412228e-01
1.860093004650e-01,5.304163338166e-01
1.864093204660e-01,5.343953309112e-01
1.868093404670e-01,5.380515933438e-01
1.872093604680e-01,5.413694108078e-01
1.876093804690e-01,5.443360450413e-01
1.880094004700e-01,5.469413368590e-01
1.884094204710e-01,5.491773737675e-01
1.888094404720e-01,5.510382139172e-01
1.892094604730e-01,5.525196618282e-01
1.896094804740e-01,5.536190915032e-01
1.900095004750e-01,5.543353129532e-01
1.904095204760e-01,5.546684787834e-01
1.908095404770e-01,5.546200280520e-01
1.912095604780e-01,5.541926653945e-01
1.916095804790e-01,5.533903739014e-01
1.920096004800e-01,5.522184609494e-01
1.924096204810e-01,5.506836365785e-01
1.928096404820e-01,5.487941245261e-01
1.932096604830e-01,5.465598061223e-01
1.936096804840e-01,5.439923974691e-01
1.940097004850e-01,5.411056599687e-01
1.944097204860e-01,5.379156438367e-01
1.948097404870e-01,5.344409630208e-01
1.952097604880e-01,5.307030984119e-01
1.956097804890e-01,5.267267236808e-01
1.960098004900e-01,5.225400445500e-01
1.964098204910e-01,5.181751376920e-01
1.968098404920e-01,5.136682693765e-01
1.972098604930e-01,5.090601666147e-01
1.976098804940e-01,5.043962050356e-01
1.980099004950e-01,4.997264686122e-01
1.984099204960e-01,4.951056278242e-01
1.988099404970e-01,4.905925766490e-01
1.992099604980e-01,4.862497675381e-01
1.996099804990e-01,4.821421903694e-01
2.000100005000e-01,4.783359596490e-01
2.004100205010e-01,4.748965063753e-01
2.008100405020e-01,4.718864171265e-01
2.012100605030e-01,4.693630200375e-01
2.016100805040e-01,4.673758767408e-01
2.020101005050e-01,4.659643892686e-01
2.024101205060e-01,4.651557566388e-01
2.028101405070e-01,4.649635057784e-01
2.032101605080e-01,4.653867706088e-01
2.036101805090e-01,4.664104078125e-01
2.040102005100e-01,4.680059337426e-01
2.044102205110e-01,4.701331664880e-01
2.048102405120e-01,4.727423809298e-01
2.052102605130e-01,4.757767459746e-01
2.056102805140e-01,4.791748146291e-01
2.060103005150e-01,4.828728716869e-01
2.064103205160e-01,4.868069975995e-01
2.068103405170e-01,4.909147664825e-01
2.072103605180e-01,4.951365502251e-01
2.076103805190e-01,4.994164424817e-01
2.080104005200e-01,5.037028440889e-01
2.084104205210e-01,5.079487659548e-01
2.088104405220e-01,5.121119096873e-01
2.092104605230e-01,5.161545833631e-01
2.096104805240e-01,5.200435029030e-01
2.100105005250e-01,5.237495208314e-01
2.104105205260e-01,5.272473153114e-01
2.108105405270e-01,5.305150642382e-01
2.112105605280e-01,5.335341222268e-01
2.116105805290e-01,5.362887127569e-01
2.120106005300e-01,5.387656434081e-01
2.124106205310e-01,5.409540488934e-01
2.128106405320e-01,5.428451643201e-01
2.132106605330e-01,5.444321295186e-01
2.136106805340e-01,5.457098242675e-01
2.140107005350e-01,5.466747336422e-01
2.144107205360e-01,5.473248423782e-01
2.148107405370e-01,5.476595570466e-01
2.152107605380e-01,5.476796548362e-01
2.156107805390e-01,5.473872578462e-01
2.160108005400e-01,5.467858318812e-01
2.164108205410e-01,5.458802088650e-01
2.168108405420e-01,5.446766321115e-01
2.172108605430e-01,5.431828235645e-01
2.176108805440e-01,5.414080721593e-01
2.180109005450e-01,5.393633420935e-01
2.184109205460e-01,5.370613994328e-01
2.188109405470e-01,5.345169547358e-01
2.192109605480e-01,5.317468184827e-01
2.196109805490e-01,5.287700647527e-01
2.200110005500e-01,5.256081968890e-01
2.204110205510e-01,5.222853067834e-01
2.208110405520e-01,5.188282168265e-01
2.212110605530e-01,5.152665906220e-01
2.216110805540e-01,5.116329953568e-01
2.220111005550e-01,5.079628955090e-01
2.224111205560e-01,5.042945547560e-01
2.228111405570e-01,5.006688211552e-01
2.232111605580e-01,4.971287705668e-01
2.236111805590e-01,4.937191859276e-01
2.240112005600e-01,4.904858561698e-01
2.244112205610e-01,4.874746889649e-01
2.248112405620e-01,4.847306467348e-01
2.252112605630e-01,4.822965341706e-01
2.256112805640e-01,4.802116872302e-01
2.260113005650e-01,4.785106344033e-01
2.264113205660e-01,4.772218181000e-01
2.268113405670e-01,4.763664727707e-01
2.272113605680e-01,4.759577536972e-01
2.276113805690e-01,4.760001949395e-01
2.280114005700e-01,4.764895473249e-01
2.284114205710e-01,4.774130118459e-01
2.288114405720e-01,4.787498455849e-01
2.292114605730e-01,4.804722830231e-01
2.296114805740e-01,4.825466904131e-01
2.300115005750e-01,4.849348580631e-01
2.304115205760e-01,4.875953353222e-01
2.308115405770e-01,4.904847237729e-01
2.312115605780e-01,4.935588620732e-01
2.316115805790e-01,4.967738572098e-01
2.320116005800e-01,5.000869377900e-01
2.324116205810e-01,5.034571233239e-01
2.328116405820e-01,5.068457173543e-01
2.332116605830e-01,5.102166418485e-01
2.336116805840e-01,5.135366356326e-01
2.340117005850e-01,5.167753416136e-01
2.344117205860e-01,5.199053071101e-01
2.348117405870e-01,5.229019195699e-01
2.352117605880e-01,5.257432970755e-01
2.356117805890e-01,5.284101498358e-01
2.360118005900e-01,5.308856257129e-01
2.364118205910e-01,5.331551499663e-01
2.368118405920e-01,5.352062668953e-01
2.372118605930e-01,5.370284889966e-01
2.376118805940e-01,5.386131575958e-01
2.380119005950e-01,5.399533175950e-01
2.384119205960e-01,5.410436080103e-01
2.388119405970e-01,5.418801692420e-01
2.392119605980e-01,5.424605674817e-01
2.396119805990e-01,5.427837363016e-01
2.400120006000e-01,5.428499352190e-01
2.404120206010e-01,5.426607248157e-01
2.408120406020e-01,5.422189578715e-01
2.412120606030e-01,5.415287858606e-01
2.416120806040e-01,5.405956799515e-01
2.420121006050e-01,5.394264655538e-01
2.424121206060e-01,5.380293691787e-01
2.428121406070e-01,5.364140760566e-01
2.432121606080e-01,5.345917965702e-01
2.436121806090e-01,5.325753389931e-01
2.440122006100e-01,5.303791853686e-01
2.444122206110e-01,5.280195665051e-01
2.448122406120e-01,5.255145311113e-01
2.452122606130e-01,5.228840029491e-01
2.456122806140e-01,5.201498186624e-01
2.460123006150e-01,5.173357376740e-01
2.464123206160e-01,5.144674143444e-01
2.468123406170e-01,5.115723216046e-01
2.472123606180e-01,5.086796147439e-01
2.476123806190e-01,5.058199241369e-01
2.480124006200e-01,5.030250668040e-01
2.484124206210e-01,5.003276691748e-01
2.488124406220e-01,4.977606968773e-01
2.492124606230e-01,4.953568935138e-01
2.496124806240e-01,4.931481366490e-01
2.500125006250e-01,4.911647278424e-01
2.504125206260e-01,4.894346420420e-01
2.508125406270e-01,4.879827697039e-01
2.512125606280e-01,4.868301914114e-01
2.516125806290e-01,4.859935281102e-01
2.520126006300e-01,4.854844093700e-01
2.524126206310e-01,4.853090969371e-01
2.528126406320e-01,4.854682911418e-01
2.532126606330e-01,4.859571347265e-01
2.536126806340e-01,4.867654136348e-01
2.540127006350e-01,4.878779394693e-01
2.544127206360e-01,4.892750854033e-01
2.548127406370e-01,4.909334380417e-01
2.552127606380e-01,4.928265227785e-01
2.556127806390e-01,4.949255598290e-01
2.560128006400e-01,4.972002116662e-01
2.564128206410e-01,4.996192890145e-01
2.568128406420e-01,5.021513906980e-01
2.572128606430e-01,5.047654611082e-01
2.576128806440e-01,5.074312571709e-01
2.580129006450e-01,5.101197234492e-01
2.584129206460e-01,5.128032793671e-01
2.588129406470e-01,5.154560262551e-01
2.592129606480e-01,5.180538842758e-01
2.596129806490e-01,5.205746699665e-01
2.600130006500e-01,5.229981258465e-01
2.604130206510e-01,5.253059122674e-01
2.608130406520e-01,5.274815711986e-01
2.612130606530e-01,5.295104702007e-01
2.616130806540e-01,5.313797336337e-01
2.620131006550e-01,5.330781668981e-01
2.624131206560e-01,5.345961783734e-01
2.628131406570e-01,5.359257027063e-01
2.632131606580e-01,5.370601282413e-01
2.636131806590e-01,5.379942306619e-01
2.640132006600e-01,5.387241143147e-01
2.644132206610e-01,5.392471622100e-01
2.648132406620e-01,5.395619952979e-01
2.652132606630e-01,5.396684413053e-01
2.656132806640e-01,5.395675131526e-01
2.660133006650e-01,5.392613967468e-01
2.664133206660e-01,5.387534477292e-01
2.668133406670e-01,5.380481965519e-01
2.672133606680e-01,5.371513610657e-01
2.676133806690e-01,5.360698655048e-01
2.680134006700e-01,5.348118645470e-01
2.684134206710e-01,5.333867707637e-01
2.688134406720e-01,5.318052834197e-01
2.692134606730e-01,5.300794161689e-01
2.696134806740e-01,5.282225207088e-01
2.700135006750e-01,5.262493029550e-01
2.704135206760e-01,5.241758277563e-01
2.708135406770e-01,5.220195076475e-01
2.712135606780e-01,5.197990706649e-01
2.716135806790e-01,5.175345018841e-01
2.720136006800e-01,5.152469531840e-01
2.724136206810e-01,5.129586158108e-01
2.728136406820e-01,5.106925508369e-01
2.732136606830e-01,5.084724736339e-01
2.736136806840e-01,5.063224897217e-01
2.740137006850e-01,5.042667819989e-01
2.744137206860e-01,5.023292515839e-01
2.748137406870e-01,5.005331180601e-01
2.752137606880e-01,4.989004885309e-01
2.756137806890e-01,4.974519084294e-01
2.760138006900e-01,4.962059105351e-01
2.764138206910e-01,4.951785812105e-01
2.768138406920e-01,4.943831643956e-01
2.772138606930e-01,4.938297237798e-01
2.776138806940e-01,4.935248818691e-01
2.780139006950e-01,4.934716510381e-01
2.784139206960e-01,4.936693667178e-01
2.788139406970e-01,4.941137267163e-01
2.792139606980e-01,4.947969342128e-01
2.796139806990e-01,4.957079357201e-01
2.800140007000e-01,4.968327399729e-01
2.804140207010e-01,4.981547998521e-01
2.808140407020e-01,4.996554371799e-01
2.812140607030e-01,5.013142898490e-01
2.816140807040e-01,5.031097618308e-01
2.820141007050e-01,5.050194590107e-01
2.824141207060e-01,5.070205970104e-01
2.828141407070e-01,5.090903707787e-01
2.832141607080e-01,5.112062793273e-01
2.836141807090e-01,5.133464023902e-01
2.840142007100e-01,5.154896285675e-01
2.844142207110e-01,5.176158368319e-01
2.848142407120e-01,5.197060348856e-01
2.852142607130e-01,5.217424590139e-01
2.856142807140e-01,5.237086404310e-01
2.860143007150e-01,5.255894437086e-01
2.864143207160e-01,5.273710822829e-01
2.868143407170e-01,5.290411160557e-01
2.872143607180e-01,5.305884354787e-01
2.876143807190e-01,5.320032360250e-01
2.880144007200e-01,5.332769863969e-01
2.884144207210e-01,5.344023932778e-01
2.888144407220e-01,5.353733649337e-01
2.892144607230e-01,5.361849755066e-01
2.896144807240e-01,5.368334314373e-01
2.900145007250e-01,5.373160410883e-01
2.904145207260e-01,5.376311883264e-01
2.908145407270e-01,5.377783105496e-01
2.912145607280e-01,5.377578813944e-01
2.916145807290e-01,5.375713981436e-01
2.920146007300e-01,5.372213736521e-01
2.924146207310e-01,5.367113324054e-01
2.928146407320e-01,5.360458101420e-01
2.932146607330e-01,5.352303562647e-01
2.936146807340e-01,5.342715380638e-01
2.940147007350e-01,5.331769455532e-01
2.944147207360e-01,5.319551954886e-01
2.948147407370e-01,5.306159328931e-01
2.952147607380e-01,5.291698281629e-01
2.956147807390e-01,5.276285675752e-01
2.960148007400e-01,5.260048347819e-01
2.964148207410e-01,5.243122806758e-01
2.968148407420e-01,5.225654788531e-01
2.972148607430e-01,5.207798638487e-01
2.976148807440e-01,5.189716493848e-01
2.980149007450e-01,5.171577240296e-01
2.984149207460e-01,5.153555221508e-01
2.988149407470e-01,5.135828686877e-01
2.992149607480e-01,5.118577969373e-01
2.996149807490e-01,5.101983400399e-01
3.000150007500e-01,5.086222979382e-01
3.004150207510e-01,5.071469832371e-01
3.008150407520e-01,5.057889511081e-01
3.012150607530e-01,5.045637200094e-01
3.016150807540e-01,5.034854915245e-01
3.020151007550e-01,5.025668788462e-01
3.024151207560e-01,5.018186541575e-01
3.028151407570e-01,5.012495253310e-01
3.032151607580e-01,5.008659517407e-01
3.036151807590e-01,5.006720077619e-01
3.040152007600e-01,5.006693004719e-01
3.044152207610e-01,5.008569456139e-01
3.048152407620e-01,5.012316029822e-01
3.052152607630e-01,5.017875694155e-01
3.056152807640e-01,5.025169248105e-01
3.060153007650e-01,5.034097241020e-01
3.064153207660e-01,5.044542263901e-01
3.068153407670e-01,5.056371511922e-01
3.072153607680e-01,5.069439514468e-01
3.076153807690e-01,5.083590931337e-01
3.080154007700e-01,5.098663322477e-01
3.084154207710e-01,5.114489811338e-01
3.088154407720e-01,5.130901577613e-01
3.092154607730e-01,5.147730131781e-01
3.096154807740e-01,5.164809340047e-01
3.100155007750e-01,5.181977183904e-01
3.104155207760e-01,5.199077251237e-01
3.108155407770e-01,5.215959966464e-01
3.112155607780e-01,5.232483575696e-01
3.116155807790e-01,5.248514909071e-01
3.120156007800e-01,5.263929943399e-01
3.124156207810e-01,5.278614194440e-01
3.128156407820e-01,5.292462963561e-01
3.132156607830e-01,5.305381465822e-01
3.136156807840e-01,5.317284863506e-01
3.140157007850e-01,5.328098227141e-01
3.144157207860e-01,5.337756443571e-01
3.148157407870e-01,5.346204088020e-01
3.152157607880e-01,5.353395274453e-01
3.156157807890e-01,5.359293496045e-01
3.160158007900e-01,5.363871465183e-01
3.164158207910e-01,5.367110960232e-01
3.168158407920e-01,5.369002684240e-01
3.172158607930e-01,5.369546138854e-01
3.176158807940e-01,5.368749515030e-01
3.180159007950e-01,5.366629600368e-01
3.184159207960e-01,5.363211701443e-01
3.188159407970e-01,5.358529577926e-01
3.192159607980e-01,5.352625383831e-01
3.196159807990e-01,5.345549609761e-01
3.200160008000e-01,5.337361018587e-01
3.204160208010e-01,5.328126565523e-01
3.208160408020e-01,5.317921292195e-01
3.212160608030e-01,5.306828182945e-01
3.216160808040e-01,5.294937970369e-01
3.220161008050e-01,5.282348876112e-01
3.224161208060e-01,5.269166272175e-01
3.228161408070e-01,5.255502247608e-01
3.232161608080e-01,5.241475065690e-01
3.236161808090e-01,5.227208497887e-01
3.240162008100e-01,5.212831021421e-01
3.244162208110e-01,5.198474871979e-01
3.248162408120e-01,5.184274943963e-01
3.252162608130e-01,5.170367540871e-01
3.256162808140e-01,5.156888972583e-01
3.260163008150e-01,5.143974022566e-01
3.264163208160e-01,5.131754294539e-01
3.268163408170e-01,5.120356471404e-01
3.272163608180e-01,5.109900520487e-01
3.276163808190e-01,5.100497888210e-01
3.280164008200e-01,5.092249733397e-01
3.284164208210e-01,5.085245252487e-01
3.288164408220e-01,5.079560151599e-01
3.292164608230e-01,5.075255319418e-01
3.296164808240e-01,5.072375749871e-01
3.300165008250e-01,5.070949756453e-01
3.304165208260e-01,5.070988509575e-01
3.308165408270e-01,5.072485915284e-01
3.312165608280e-01,5.075418840483e-01
3.316165808290e-01,5.079747674843e-01
3.320166008300e-01,5.085417206295e-01
3.324166208310e-01,5.092357775500e-01
3.328166408320e-01,5.100486664077e-01
3.332166608330e-01,5.109709666115e-01
3.336166808340e-01,5.119922788255e-01
3.340167008350e-01,5.131014023678e-01
3.344167208360e-01,5.142865147919e-01
3.348167408370e-01,5.155353489202e-01
3.352167608380e-01,5.168353632697e-01
3.356167808390e-01,5.181739025438e-01
3.360168008400e-01,5.195383457074e-01
3.364168208410e-01,5.209162399252e-01
3.368168408420e-01,5.222954193683e-01
3.372168608430e-01,5.236641085971e-01
3.376168808440e-01,5.250110107450e-01
3.380169008450e-01,5.263253811062e-01
3.384169208460e-01,5.275970872214e-01
3.388169408470e-01,5.288166565511e-01
3.392169608480e-01,5.299753132870e-01
3.396169808490e-01,5.310650053481e-01
3.400170008500e-01,5.320784234359e-01
3.404170208510e-01,5.330090130968e-01
3.408170408520e-01,5.338509812628e-01
3.412170608530e-01,5.345992983569e-01
3.416170808540e-01,5.352496969918e-01
3.420171008550e-01,5.357986681436e-01
3.424171208560e-01,5.362434555479e-01
3.428171408570e-01,5.365820489254e-01
3.432171608580e-01,5.368131765067e-01
3.436171808590e-01,5.369362972015e-01
3.440172008600e-01,5.369515926292e-01
3.444172208610e-01,5.368599591092e-01
3.448172408620e-01,5.366629995957e-01
3.452172608630e-01,5.363630154370e-01
3.456172808640e-01,5.359629977240e-01
3.460173008650e-01,5.354666179067e-01
3.464173208660e-01,5.348782172496e-01
3.468173408670e-01,5.342027946183e-01
3.472173608680e-01,5.334459919879e-01
3.476173808690e-01,5.326140770146e-01
3.480174008700e-01,5.317139219342e-01
3.484174208710e-01,5.307529779836e-01
3.488174408720e-01,5.297392445688e-01
3.492174608730e-01,5.286812323271e-01
3.496174808740e-01,5.275879193525e-01
3.500175008750e-01,5.264686997650e-01
3.504175208760e-01,5.253333241467e-01
3.508175408770e-01,5.241918312018e-01
3.512175608780e-01,5.230544706935e-01
3.516175808790e-01,5.219316171904e-01
3.520176008800e-01,5.208336753779e-01
3.524176208810e-01,5.197709774315e-01
3.528176408820e-01,5.187536734240e-01
3.532176608830e-01,5.177916163290e-01
3.536176808840e-01,5.168942434768e-01
3.540177008850e-01,5.160704566809e-01
3.544177208860e-01,5.153285036437e-01
3.548177408870e-01,5.146758634707e-01
3.552177608880e-01,5.141191392766e-01
3.556177808890e-01,5.136639609128e-01
3.560178008900e-01,5.133149006833e-01
3.564178208910e-01,5.130754046858e-01
3.568178408920e-01,5.129477420119e-01
3.572178608930e-01,5.129329734501e-01
3.576178808940e-01,5.130309407641e-01
3.580179008950e-01,5.132402768952e-01
3.584179208960e-01,5.135584366959e-01
3.588179408970e-01,5.139817471526e-01
3.592179608980e-01,5.145054753828e-01
3.596179808990e-01,5.151239121731e-01
3.600180009000e-01,5.158304684468e-01
3.604180209010e-01,5.166177817237e-01
3.608180409020e-01,5.174778295895e-01
3.612180609030e-01,5.184020471748e-01
3.616180809040e-01,5.193814457991e-01
3.620181009050e-01,5.204067302070e-01
3.624181209060e-01,5.214684121300e-01
3.628181409070e-01,5.225569183071e-01
3.632181609080e-01,5.236626914925e-01
3.636181809090e-01,5.247762833654e-01
3.640182009100e-01,5.258884386710e-01
3.644182209110e-01,5.269901702509e-01
3.648182409120e-01,5.280728248868e-01
3.652182609130e-01,5.291281402255e-01
3.656182809140e-01,5.301482931532e-01
3.660183009150e-01,5.311259402070e-01
3.664183209160e-01,5.320542506454e-01
3.668183409170e-01,5.329269329763e-01
3.672183609180e-01,5.337382556283e-01
3.676183809190e-01,5.344830625382e-01
3.680184009200e-01,5.351567843668e-01
3.684184209210e-01,5.357554460370e-01
3.688184409220e-01,5.362756711768e-01
3.692184609230e-01,5.367146840295e-01
3.696184809240e-01,5.370703092980e-01
3.700185009250e-01,5.373409703110e-01
3.704185209260e-01,5.375256858210e-01
3.708185409270e-01,5.376240656682e-01
3.712185609280e-01,5.376363054600e-01
3.716185809290e-01,5.375631803412e-01
3.720186009300e-01,5.374060378580e-01
3.724186209310e-01,5.371667898500e-01
3.728186409320e-01,5.368479032233e-01
3.732186609330e-01,5.364523894211e-01
3.736186809340e-01,5.359837923127e-01
3.740187009350e-01,5.354461742294e-01
3.744187209360e-01,5.348440997283e-01
3.748187409370e-01,5.341826167623e-01
3.752187609380e-01,5.334672347789e-01
3.756187809390e-01,5.327038993627e-01
3.760188009400e-01,5.318989629454e-01
3.764188209410e-01,5.310591511698e-01
3.768188409420e-01,5.301915245882e-01
3.772188609430e-01,5.293034352624e-01
3.776188809440e-01,5.284024782394e-01
3.780189009450e-01,5.274964373928e-01
3.784189209460e-01,5.265932261149e-01
3.788189409470e-01,5.257008226626e-01
3.792189609480e-01,5.248272006644e-01
3.796189809490e-01,5.239802552761e-01
3.800190009500e-01,5.231677257978e-01
3.804190209510e-01,5.223971156694e-01
3.808190409520e-01,5.216756110509e-01
3.812190609530e-01,5.210099993498e-01
3.816190809540e-01,5.204065892180e-01
3.820191009550e-01,5.198711336623e-01
3.824191209560e-01,5.194087579764e-01
3.828191409570e-01,5.190238941927e-01
3.832191609580e-01,5.187202236886e-01
3.836191809590e-01,5.185006294546e-01
3.840192009600e-01,5.183671592883e-01
3.844192209610e-01,5.183210009442e-01
3.848192409620e-01,5.183624699280e-01
3.852192609630e-01,5.184910102623e-01
3.856192809640e-01,5.187052081962e-01
3.860193009650e-01,5.190028184371e-01
3.864193209660e-01,5.193808021436e-01
3.868193409670e-01,5.198353756092e-01
3.872193609680e-01,5.203620682913e-01
3.876193809690e-01,5.209557886604e-01
3.880194009700e-01,5.216108962071e-01
3.884194209710e-01,5.223212778929e-01
3.888194409720e-01,5.230804273393e-01
3.892194609730e-01,5.238815251257e-01
3.896194809740e-01,5.247175186858e-01
3.900195009750e-01,5.255812004599e-01
3.904195209760e-01,5.264652831477e-01
3.908195409770e-01,5.273624711137e-01
3.912195609780e-01,5.282655272093e-01
3.916195809790e-01,5.291673344896e-01
3.920196009800e-01,5.300609524642e-01
3.924196209810e-01,5.309396677495e-01
3.928196409820e-01,5.317970391013e-01
3.932196609830e-01,5.326269369217e-01
3.936196809840e-01,5.334235775068e-01
3.940197009850e-01,5.341815522747e-01
3.944197209860e-01,5.348958524028e-01
3.948197409870e-01,5.355618891711e-01
3.952197609880e-01,5.361755104604e-01
3.956197809890e-01,5.367330138396e-01
3.960198009900e-01,5.372311565571e-01
3.964198209910e-01,5.376671628540e-01
3.968198409920e-01,5.380387289023e-01
3.972198609930e-01,5.383440256943e-01
3.976198809940e-01,5.385817001042e-01
3.980199009950e-01,5.387508743486e-01
3.984199209960e-01,5.388511440036e-01
3.988199409970e-01,5.388825746906e-01
3.992199609980e-01,5.388456975025e-01
3.996199809990e-01,5.387415031878e-01
4.000200010001e-01,5.385714350809e-01
4.004200210011e-01,5.383373806974e-01
4.008200410021e-01,5.380416619239e-01
4.012200610031e-01,5.376870236094e-01
4.016200810041e-01,5.372766204905e-01
4.020201010051e-01,5.368140021771e-01
4.024201210061e-01,5.363030959254e-01
4.028201410071e-01,5.357481872357e-01
4.032201610081e-01,5.351538977175e-01
4.036201810091e-01,5.345251602665e-01
4.040202010101e-01,5.338671912819e-01
4.044202210111e-01,5.331854595246e-01
4.048202410121e-01,5.324856519795e-01
4.052202610131e-01,5.317736361434e-01
4.056202810141e-01,5.310554190445e-01
4.060203010151e-01,5.303371029176e-01
4.064203210161e-01,5.296248377868e-01
4.068203410171e-01,5.289247711706e-01
4.072203610181e-01,5.282429953161e-01
4.076203810191e-01,5.275854924322e-01
4.080204010201e-01,5.269580785593e-01
4.084204210211e-01,5.263663467654e-01
4.088204410221e-01,5.258156104993e-01
4.092204610231e-01,5.253108479968e-01
4.096204810241e-01,5.248566487006e-01
4.100205010251e-01,5.244571626813e-01
4.104205210261e-01,5.241160540796e-01
4.108205410271e-01,5.238364595096e-01
4.112205610281e-01,5.236209523410e-01
4.116205810291e-01,5.234715136691e-01
4.120206010301e-01,5.233895106166e-01
4.124206210311e-01,5.233756824895e-01
4.128206410321e-01,5.234301351120e-01
4.132206610331e-01,5.235523434485e-01
4.136206810341e-01,5.237411624452e-01
4.140207010351e-01,5.239948458179e-01
4.144207210361e-01,5.243110723020e-01
4.148207410371e-01,5.246869787463e-01
4.152207610381e-01,5.251191992620e-01
4.156207810391e-01,5.256039095638e-01
4.160208010401e-01,5.261368755083e-01
4.164208210411e-01,5.267135048581e-01
4.168208410421e-01,5.273289012589e-01
4.172208610431e-01,5.279779194387e-01
4.176208810441e-01,5.286552207178e-01
4.180209010451e-01,5.293553279720e-01
4.184209210461e-01,5.300726792985e-01
4.188209410471e-01,5.308016797364e-01
4.192209610481e-01,5.315367504999e-01
4.196209810491e-01,5.322723753104e-01
4.200210010501e-01,5.330031435040e-01
4.204210210511e-01,5.337237897222e-01
4.208210410521e-01,5.344292300410e-01
4.212210610531e-01,5.351145945449e-01
4.216210810541e-01,5.357752563555e-01
4.220211010551e-01,5.364068572306e-01
4.224211210561e-01,5.370053298492e-01
4.228211410571e-01,5.375669170055e-01
4.232211610581e-01,5.380881878469e-01
4.236211810591e-01,5.385660514696e-01
4.240212010601e-01,5.389977679106e-01
4.244212210611e-01,5.393809569542e-01
4.248212410621e-01,5.397136048016e-01
4.252212610631e-01,5.399940688493e-01
4.256212810641e-01,5.402210807228e-01
4.260213010651e-01,5.403937477095e-01
4.264213210661e-01,5.405115527168e-01
4.268213410671e-01,5.405743528299e-01
4.272213610681e-01,5.405823765436e-01
4.276213810691e-01,5.405362196895e-01
4.280214010701e-01,5.404368400959e-01
4.284214210711e-01,5.402855509377e-01
4.288214410721e-01,5.400840127661e-01
4.292214610731e-01,5.398342241124e-01
4.296214810741e-01,5.395385107106e-01
4.300215010751e-01,5.391995130353e-01
4.304215210761e-01,5.388201721670e-01
4.308215410771e-01,5.384037141830e-01
4.312215610781e-01,5.379536326061e-01
4.316215810791e-01,5.374736683936e-01
4.320216010801e-01,5.369677881423e-01
4.324216210811e-01,5.364401608587e-01
4.328216410821e-01,5.358951315273e-01
4.332216610831e-01,5.353371930550e-01
4.336216810841e-01,5.347709559141e-01
4.340217010851e-01,5.342011157203e-01
4.344217210861e-01,5.336324188486e-01
4.348217410871e-01,5.330696262547e-01
4.352217610881e-01,5.325174757506e-01
4.356217810891e-01,5.319806430463e-01
4.360218010901e-01,5.314637019140e-01
4.364218210911e-01,5.309710839066e-01
4.368218410921e-01,5.305070381101e-01
4.372218610931e-01,5.300755914641e-01
4.376218810941e-01,5.296805102158e-01
4.380219010951e-01,5.293252630943e-01
4.384219210961e-01,5.290129868221e-01
4.388219410971e-01,5.287464545353e-01
4.392219610981e-01,5.285280476927e-01
4.396219810991e-01,5.283597320025e-01
4.400220011001e-01,5.282430378099e-01
4.404220211011e-01,5.281790453413e-01
4.408220411021e-01,5.281683750965e-01
4.412220611031e-01,5.282111835679e-01
4.416220811041e-01,5.283071643715e-01
4.420221011051e-01,5.284555547493e-01
4.424221211061e-01,5.286551473011e-01
4.428221411071e-01,5.289043066881e-01
4.432221611081e-01,5.292009909449e-01
4.436221811091e-01,5.295427770032e-01
4.440222011101e-01,5.299268898670e-01
4.444222211111e-01,5.303502349295e-01
4.448222411121e-01,5.308094328206e-01
4.452222611131e-01,5.313008561812e-01
4.456222811141e-01,5.318206677641e-01
4.460223011151e-01,5.323648592730e-01
4.464223211161e-01,5.329292903879e-01
4.468223411171e-01,5.335097274617e-01
4.472223611181e-01,5.341018814353e-01
4.476223811191e-01,5.347014445609e-01
4.480224011201e-01,5.353041256046e-01
4.484224211211e-01,5.359056832426e-01
4.488224411221e-01,5.365019574444e-01
4.492224611231e-01,5.370888986718e-01
4.496224811241e-01,5.376625948102e-01
4.500225011251e-01,5.382192957662e-01
4.504225211261e-01,5.387554357202e-01
4.508225411271e-01,5.392676530607e-01
4.512225611281e-01,5.397528080595e-01
4.516225811291e-01,5.402079983571e-01
4.520226011301e-01,5.406305723703e-01
4.524226211311e-01,5.410181406686e-01
4.528226411321e-01,5.413685855398e-01
4.532226611331e-01,5.416800687116e-01
4.536226811341e-01,5.419510374765e-01
4.540227011351e-01,5.421802292868e-01
4.544227211361e-01,5.423666747310e-01
4.548227411371e-01,5.425096993095e-01
4.552227611381e-01,5.426089238199e-01
4.556227811391e-01,5.426642634478e-01
4.560228011401e-01,5.426759257288e-01
4.564228211411e-01,5.426444072680e-01
4.568228411421e-01,5.425704892106e-01
4.572228611431e-01,5.424552317079e-01
4.576228811441e-01,5.422999670333e-01
4.580229011451e-01,5.421062915620e-01
4.584229211461e-01,5.418760565060e-01
4.588229411471e-01,5.416113572923e-01
4.592229611481e-01,5.413145217214e-01
4.596229811491e-01,5.409880966709e-01
4.600230011501e-01,5.406348334132e-01
4.604230211511e-01,5.402576715551e-01
4.608230411521e-01,5.398597213890e-01
4.612230611531e-01,5.394442448135e-01
4.616230811541e-01,5.390146348521e-01
4.620231011551e-01,5.385743936180e-01
4.624231211561e-01,5.381271089506e-01
4.628231411571e-01,5.376764296951e-01
4.632231611581e-01,5.372260398170e-01
4.636231811591e-01,5.367796314324e-01
4.640232011601e-01,5.363408769731e-01
4.644232211611e-01,5.359134006791e-01
4.648232411621e-01,5.355007496865e-01
4.652232611631e-01,5.351063649786e-01
4.656232811641e-01,5.347335525177e-01
4.660233011651e-01,5.343854548966e-01
4.664233211661e-01,5.340650238574e-01
4.668233411671e-01,5.337749940505e-01
4.672233611681e-01,5.335178583998e-01
4.676233811691e-01,5.332958454408e-01
4.680234011701e-01,5.331108989764e-01
4.684234211711e-01,5.329646603704e-01
4.688234411721e-01,5.328584537836e-01
4.692234611731e-01,5.327932745731e-01
4.696234811741e-01,5.327697810654e-01
4.700235011751e-01,5.327882898407e-01
4.704235211761e-01,5.328487745920e-01
4.708235411771e-01,5.329508685809e-01
4.712235611781e-01,5.330938706265e-01
4.716235811791e-01,5.332767545250e-01
4.720236011801e-01,5.334981817059e-01
4.724236211811e-01,5.337565169022e-01
4.728236411821e-01,5.340498465729e-01
4.732236611831e-01,5.343759997328e-01
4.736236811841e-01,5.347325708757e-01
4.740237011851e-01,5.351169446050e-01
4.744237211861e-01,5.355263216211e-01
4.748237411871e-01,5.359577456676e-01
4.752237611881e-01,5.364081310920e-01
4.756237811891e-01,5.368742906601e-01
4.760238011901e-01,5.373529633008e-01
4.764238211911e-01,5.378408414793e-01
4.768238411921e-01,5.383345979354e-01
4.772238611931e-01,5.388309115427e-01
4.776238811941e-01,5.393264921012e-01
4.780239011951e-01,5.398181038894e-01
4.784239211961e-01,5.403025878532e-01
4.788239411971e-01,5.407768823246e-01
4.792239611981e-01,5.412380422163e-01
4.796239811991e-01,5.416832566417e-01
4.800240012001e-01,5.421098649508e-01
4.804240212011e-01,5.425153711728e-01
4.808240412021e-01,5.428974569118e-01
4.812240612031e-01,5.432539926995e-01
4.816240812041e-01,5.435830478882e-01
4.820241012051e-01,5.438828990688e-01
4.824241212061e-01,5.441520371630e-01
4.828241412071e-01,5.443891731504e-01
4.832241612081e-01,5.445932425500e-01
4.836241812091e-01,5.447634087233e-01
4.840242012101e-01,5.448990649281e-01
4.844242212111e-01,5.449998352741e-01
4.848242412121e-01,5.450655748044e-01
4.852242612131e-01,5.450963681726e-01
4.856242812141e-01,5.450925272444e-01
4.860243012151e-01,5.450545880707e-01
4.864243212161e-01,5.449833069684e-01
4.868243412171e-01,5.448796554179e-01
4.872243612181e-01,5.447448134885e-01
4.876243812191e-01,5.445801616402e-01
4.880244012201e-01,5.443872737943e-01
4.884244212211e-01,5.441679080337e-01
4.888244412221e-01,5.439239956397e-01
4.892244612231e-01,5.436576299284e-01
4.896244812241e-01,5.433710538025e-01
4.900245012251e-01,5.430666461858e-01
4.904245212261e-01,5.427469075275e-01
4.908245412271e-01,5.424144441901e-01
4.912245612281e-01,5.420719518947e-01
4.916245812291e-01,5.417221982109e-01
4.920246012301e-01,5.413680041750e-01
4.924246212311e-01,5.410122251283e-01
4.928246412321e-01,5.406577308599e-01
4.932246612331e-01,5.403073851908e-01
4.936246812341e-01,5.399640251338e-01
4.940247012351e-01,5.396304398003e-01
4.944247212361e-01,5.393093492256e-01
4.948247412371e-01,5.390033833161e-01
4.952247612381e-01,5.387150611273e-01
4.956247812391e-01,5.384467706965e-01
4.960248012401e-01,5.382007496567e-01
4.964248212411e-01,5.379790668704e-01
4.968248412421e-01,5.377836053066e-01
4.972248612431e-01,5.376160463902e-01
4.976248812441e-01,5.374778560258e-01
4.980249012451e-01,5.373702725077e-01
4.984249212461e-01,5.372942964617e-01
4.988249412471e-01,5.372506829832e-01
4.992249612481e-01,5.372399360724e-01
4.996249812491e-01,5.372623054530e-01
5.000250012501e-01,5.373177858089e-01
5.004250212511e-01,5.374061184425e-01
5.008250412521e-01,5.375267953366e-01
5.012250612531e-01,5.376790655234e-01
5.016250812541e-01,5.378619436806e-01
5.020251012551e-01,5.380742207886e-01
5.024251212561e-01,5.383144767274e-01
5.028251412571e-01,5.385810945626e-01
5.032251612581e-01,5.388722763657e-01
5.036251812591e-01,5.391860603103e-01
5.040252012601e-01,5.395203388367e-01
5.044252212611e-01,5.398728776249e-01
5.048252412621e-01,5.402413351623e-01
5.052252612631e-01,5.406232826674e-01
5.056252812641e-01,5.410162241532e-01
5.060253012651e-01,5.414176164252e-01
5.064253212661e-01,5.418248888260e-01
5.068253412671e-01,5.422354625521e-01
5.072253612681e-01,5.426467693957e-01
5.076253812691e-01,5.430562697747e-01
5.080254012701e-01,5.434614699487e-01
5.084254212711e-01,5.438599383137e-01
5.088254412721e-01,5.442493207235e-01
5.092254612731e-01,5.446273547645e-01
5.096254812741e-01,5.449918829650e-01
5.100255012751e-01,5.453408648889e-01
5.104255212761e-01,5.456723881362e-01
5.108255412771e-01,5.459846782182e-01
5.112255612781e-01,5.462761073454e-01
5.116255812791e-01,5.465452021205e-01
5.120256012801e-01,5.467906501618e-01
5.124256212811e-01,5.470113057071e-01
5.128256412821e-01,5.472061941779e-01
5.132256612831e-01,5.473745157952e-01
5.136256812841e-01,5.475156482027e-01
5.140257012851e-01,5.476291481641e-01
5.144257212861e-01,5.477147523934e-01
5.148257412871e-01,5.477723774306e-01
5.152257612881e-01,5.478021187080e-01
5.156257812891e-01,5.478042487927e-01
5.160258012901e-01,5.477792146821e-01
5.164258212911e-01,5.477276343252e-01
5.168258412921e-01,5.476502924086e-01
5.172258612931e-01,5.475481351885e-01
5.176258812941e-01,5.474222645972e-01
5.180259012951e-01,5.472739315355e-01
5.184259212961e-01,5.471045282926e-01
5.188259412971e-01,5.469155802659e-01
5.192259612981e-01,5.467087368226e-01
5.196259812991e-01,5.464857613960e-01
5.200260013001e-01,5.462485208483e-01
5.204260213011e-01,5.459989740425e-01
5.208260413021e-01,5.457391597328e-01
5.212260613031e-01,5.454711837947e-01
5.216260813041e-01,5.451972058013e-01
5.220261013051e-01,5.449194250518e-01
5.224261213061e-01,5.446400660861e-01
5.228261413071e-01,5.443613637936e-01
5.232261613081e-01,5.440855481840e-01
5.236261813091e-01,5.438148289369e-01
5.240262013101e-01,5.435513798352e-01
5.244262213111e-01,5.432973232126e-01
5.248262413121e-01,5.430547145430e-01
5.252262613131e-01,5.428255273111e-01
5.256262813141e-01,5.426116383151e-01
5.260263013151e-01,5.424148135411e-01
5.264263213161e-01,5.422366947678e-01
5.268263413171e-01,5.420787870380e-01
5.272263613181e-01,5.419424471539e-01
5.276263813191e-01,5.418288733147e-01
5.280264013201e-01,5.417390960337e-01
5.284264213211e-01,5.416739704355e-01
5.288264413221e-01,5.416341700426e-01
5.292264613231e-01,5.416201821086e-01
5.296264813241e-01,5.416323045712e-01
5.300265013251e-01,5.416706446532e-01
5.304265213261e-01,5.417351191263e-01
5.308265413271e-01,5.418254562272e-01
5.312265613281e-01,5.419411991896e-01
5.316265813291e-01,5.420817113536e-01
5.320266013301e-01,5.422461827547e-01
5.324266213311e-01,5.424336381260e-01
5.328266413321e-01,5.426429461708e-01
5.332266613331e-01,5.428728300273e-01
5.336266813341e-01,5.431218787471e-01
5.340267013351e-01,5.433885596673e-01
5.344267213361e-01,5.436712315246e-01
5.348267413371e-01,5.439681581601e-01
5.352267613381e-01,5.442775226609e-01
5.356267813391e-01,5.445974417913e-01
5.360268013401e-01,5.449259805740e-01
5.364268213411e-01,5.452611668804e-01
5.368268413421e-01,5.456010059059e-01
5.372268613431e-01,5.459434944107e-01
5.376268813441e-01,5.462866346232e-01
5.380269013451e-01,5.466284477045e-01
5.384269213461e-01,5.469669866999e-01
5.388269413471e-01,5.473003488974e-01
5.392269613481e-01,5.476266875443e-01
5.396269813491e-01,5.479442228593e-01
5.400270013501e-01,5.482512523173e-01
5.404270213511e-01,5.485461601659e-01
5.408270413521e-01,5.488274261647e-01
5.412270613531e-01,5.490936335269e-01
5.416270813541e-01,5.493434760544e-01
5.420271013551e-01,5.495757644850e-01
5.424271213561e-01,5.497894320276e-01
5.428271413571e-01,5.499835391298e-01
5.432271613581e-01,5.501572774387e-01
5.436271813591e-01,5.503099730199e-01
5.440272013601e-01,5.504410888142e-01
5.444272213611e-01,5.505502263478e-01
5.448272413621e-01,5.506371267452e-01
5.452272613631e-01,5.507016709910e-01
5.456272813641e-01,5.507438795109e-01
5.460273013651e-01,5.507639110840e-01
5.464273213661e-01,5.507620610363e-01
5.468273413671e-01,5.507387588095e-01
5.472273613681e-01,5.506945648633e-01
5.476273813691e-01,5.506301668724e-01
5.480274013701e-01,5.505463753780e-01
5.484274213711e-01,5.504441187362e-01
5.488274413721e-01,5.503244374640e-01
5.492274613731e-01,5.501884779978e-01
5.496274813741e-01,5.500374858130e-01
5.500275013751e-01,5.498727979760e-01
5.504275213761e-01,5.496958351584e-01
5.508275413771e-01,5.495080930683e-01
5.512275613781e-01,5.493111333983e-01
5.516275813791e-01,5.491065742723e-01
5.520276013801e-01,5.488960802472e-01
5.524276213811e-01,5.486813519292e-01
5.528276413821e-01,5.484641152197e-01
5.532276613831e-01,5.482461102790e-01
5.536276813841e-01,5.480290802470e-01
5.540277013851e-01,5.478147598118e-01
5.544277213861e-01,5.476048636858e-01
5.548277413871e-01,5.474010750801e-01
5.552277613881e-01,5.472050342610e-01
5.556277813891e-01,5.470183272813e-01
5.560278013901e-01,5.468424749806e-01
5.564278213911e-01,5.466789223518e-01
5.568278413921e-01,5.465290283700e-01
5.572278613931e-01,5.463940563860e-01
5.576278813941e-01,5.462751651702e-01
5.580279013951e-01,5.461734007050e-01
5.584279213961e-01,5.460896888078e-01
5.588279413971e-01,5.460248286647e-01
5.592279613981e-01,5.459794873397e-01
5.596279813991e-01,5.459541953203e-01
5.600280014001e-01,5.459493431532e-01
5.604280214011e-01,5.459651791944e-01
5.608280414021e-01,5.460018085063e-01
5.612280614031e-01,5.460591928993e-01
5.616280814041e-01,5.461371521296e-01
5.620281014051e-01,5.462353662117e-01
5.624281214061e-01,5.463533788400e-01
5.628281414071e-01,5.464906018427e-01
5.632281614081e-01,5.466463206336e-01
5.636281814091e-01,5.468197006184e-01
5.640282014101e-01,5.470097943978e-01
5.644282214111e-01,5.472155497808e-01
5.648282414121e-01,5.474358184474e-01
5.652282614131e-01,5.476693652087e-01
5.656282814141e-01,5.479148777364e-01
5.660283014151e-01,5.481709766835e-01
5.664283214161e-01,5.484362260878e-01
5.668283414171e-01,5.487091439662e-01
5.672283614181e-01,5.489882130032e-01
5.676283814191e-01,5.492718912442e-01
5.680284014201e-01,5.495586227131e-01
5.684284214211e-01,5.498468478699e-01
5.688284414221e-01,5.501350138420e-01
5.692284614231e-01,5.504215843593e-01
5.696284814241e-01,5.507050493394e-01
5.700285014251e-01,5.509839340690e-01
5.704285214261e-01,5.512568079361e-01
5.708285414271e-01,5.515222926816e-01
5.712285614281e-01,5.517790701332e-01
5.716285814291e-01,5.520258894041e-01
5.720286014301e-01,5.522615735228e-01
5.724286214311e-01,5.524850255031e-01
5.728286414321e-01,5.526952338192e-01
5.732286614331e-01,5.528912773031e-01
5.736286814341e-01,5.530723294423e-01
5.740287014351e-01,5.532376620858e-01
5.744287214361e-01,5.533866485721e-01
5.748287414371e-01,5.535187662567e-01
5.752287614381e-01,5.536335984819e-01
5.756287814391e-01,5.537308359526e-01
5.760288014401e-01,5.538102775549e-01
5.764288214411e-01,5.538718306300e-01
5.768288414421e-01,5.539155106730e-01
5.772288614431e-01,5.539414405200e-01
5.776288814441e-01,5.539498489927e-01
5.780289014451e-01,5.539410689813e-01
5.784289214461e-01,5.539155350817e-01
5.788289414471e-01,5.538737806675e-01
5.792289614481e-01,5.538164344882e-01
5.796289814491e-01,5.537442167877e-01
5.800290014501e-01,5.536579349160e-01
5.804290214511e-01,5.535584785103e-01
5.808290414521e-01,5.534468142092e-01
5.812290614531e-01,5.533239799326e-01
5.816290814541e-01,5.531910787588e-01
5.820291014551e-01,5.530492723844e-01
5.824291214561e-01,5.528997742345e-01
5.828291414571e-01,5.527438422197e-01
5.832291614581e-01,5.525827711791e-01
5.836291814591e-01,5.524178850505e-01
5.840292014601e-01,5.522505287882e-01
5.844292214611e-01,5.520820600962e-01
5.848292414621e-01,5.519138409980e-01
5.852292614631e-01,5.517472293086e-01
5.856292814641e-01,5.515835700548e-01
5.860293014651e-01,5.514241869025e-01
5.864293214661e-01,5.512703736522e-01
5.868293414671e-01,5.511233858610e-01
5.872293614681e-01,5.509844326570e-01
5.876293814691e-01,5.508546688130e-01
5.880294014701e-01,5.507351871384e-01
5.884294214711e-01,5.506270112604e-01
5.888294414721e-01,5.505310888511e-01
5.892294614731e-01,5.504482853707e-01
5.896294814741e-01,5.503793783693e-01
5.900295014751e-01,5.503250524155e-01
5.904295214761e-01,5.502858946861e-01
5.908295414771e-01,5.502623912727e-01
5.912295614781e-01,5.502549242239e-01
5.916295814791e-01,5.502637693647e-01
5.920296014801e-01,5.502890949011e-01
5.924296214811e-01,5.503309608355e-01
5.928296414821e-01,5.503893191767e-01
5.932296614831e-01,5.504640149566e-01
5.936296814841e-01,5.505547880246e-01
5.940297014851e-01,5.506612756139e-01
5.944297214861e-01,5.507830156290e-01
5.948297414871e-01,5.509194506361e-01
5.952297614881e-01,5.510699324937e-01
5.956297814891e-01,5.512337275993e-01
5.960298014901e-01,5.514100226646e-01
5.964298214911e-01,5.515979309893e-01
5.968298414921e-01,5.517964991530e-01
5.972298614931e-01,5.520047140710e-01
5.976298814941e-01,5.522215103468e-01
5.980299014951e-01,5.524457778501e-01
5.984299214961e-01,5.526763694637e-01
5.988299414971e-01,5.529121089304e-01
5.992299614981e-01,5.531517987409e-01
5.996299814991e-01,5.533942280022e-01
6.000300015001e-01,5.536381802318e-01
6.004300215011e-01,5.538824410281e-01
6.008300415021e-01,5.541258055626e-01
6.012300615031e-01,5.543670858594e-01
6.016300815041e-01,5.546051178129e-01
6.020301015051e-01,5.548387679173e-01
6.024301215061e-01,5.550669396695e-01
6.028301415071e-01,5.552885796232e-01
6.032301615081e-01,5.555026830706e-01
6.036301815091e-01,5.557082993313e-01
6.040302015101e-01,5.559045366385e-01
6.044302215111e-01,5.560905665941e-01
6.048302415121e-01,5.562656282102e-01
6.052302615131e-01,5.564290315015e-01
6.056302815141e-01,5.565801606480e-01
6.060303015151e-01,5.567184767107e-01
6.064303215161e-01,5.568435198971e-01
6.068303415171e-01,5.569549114012e-01
6.072303615181e-01,5.570523547844e-01
6.076303815191e-01,5.571356369355e-01
6.080304015201e-01,5.572046285906e-01
6.084304215211e-01,5.572592844107e-01
6.088304415221e-01,5.572996426661e-01
6.092304615231e-01,5.573258244734e-01
6.096304815241e-01,5.573380326368e-01
6.100305015251e-01,5.573365500962e-01
6.104305215261e-01,5.573217379437e-01
6.108305415271e-01,5.572940330797e-01
6.112305615281e-01,5.572539454916e-01
6.116305815291e-01,5.572020551430e-01
6.120306015301e-01,5.571390085233e-01
6.124306215311e-01,5.570655148361e-01
6.128306415321e-01,5.569823418594e-01
6.132306615331e-01,5.568903114925e-01
6.136306815341e-01,5.567902949914e-01
6.140307015351e-01,5.566832079301e-01
6.144307215361e-01,5.565700048888e-01
6.148307415371e-01,5.564516739079e-01
6.152307615381e-01,5.563292307257e-01
6.156307815391e-01,5.562037128247e-01
6.160308015401e-01,5.560761733219e-01
6.164308215411e-01,5.559476747262e-01
6.168308415421e-01,5.558192826090e-01
6.172308615431e-01,5.556920592132e-01
6.176308815441e-01,5.555670570443e-01
6.180309015451e-01,5.554453124834e-01
6.184309215461e-01,5.553278394625e-01
6.188309415471e-01,5.552156232456e-01
6.192309615481e-01,5.551096143587e-01
6.196309815491e-01,5.550107227125e-01
6.200310015501e-01,5.549198119645e-01
6.204310215511e-01,5.548376941574e-01
6.208310415521e-01,5.547651246838e-01
6.212310615531e-01,5.547027976089e-01
6.216310815541e-01,5.546513414002e-01
6.220311015551e-01,5.546113150865e-01
6.224311215561e-01,5.545832048910e-01
6.228311415571e-01,5.545674213542e-01
6.232311615581e-01,5.545642969852e-01
6.236311815591e-01,5.545740844444e-01
6.240312015601e-01,5.545969552869e-01
6.244312215611e-01,5.546329992631e-01
6.248312415621e-01,5.546822241930e-01
6.252312615631e-01,5.547445564008e-01
6.256312815641e-01,5.548198417126e-01
6.260313015651e-01,5.549078469969e-01
6.264313215661e-01,5.550082622377e-01
6.268313415671e-01,5.551207031178e-01
6.272313615681e-01,5.552447140764e-01
6.276313815691e-01,5.553797718277e-01
6.280314015701e-01,5.555252892826e-01
6.284314215711e-01,5.556806198666e-01
6.288314415721e-01,5.558450621720e-01
6.292314615731e-01,5.560178649015e-01
6.296314815741e-01,5.561982320809e-01
6.300315015751e-01,5.563853284745e-01
6.304315215761e-01,5.565782851774e-01
6.308315415771e-01,5.567762053256e-01
6.312315615781e-01,5.569781698923e-01
6.316315815791e-01,5.571832435219e-01
6.320316015801e-01,5.573904803648e-01
6.324316215811e-01,5.575989298715e-01
6.328316415821e-01,5.578076425116e-01
6.332316615831e-01,5.580156753822e-01
6.336316815841e-01,5.582220976757e-01
6.340317015851e-01,5.584259959733e-01
6.344317215861e-01,5.586264793456e-01
6.348317415871e-01,5.588226842268e-01
6.352317615881e-01,5.590137790512e-01
6.356317815891e-01,5.591989686254e-01
6.360318015901e-01,5.593774982224e-01
6.364318215911e-01,5.595486573887e-01
6.368318415921e-01,5.597117834441e-01
6.372318615931e-01,5.598662646761e-01
6.376318815941e-01,5.600115432057e-01
6.380319015951e-01,5.601471175357e-01
6.384319215961e-01,5.602725447671e-01
6.388319415971e-01,5.603874424811e-01
6.392319615981e-01,5.604914902960e-01
6.396319815991e-01,5.605844310756e-01
6.400320016001e-01,5.606660718175e-01
6.404320216011e-01,5.607362842061e-01
6.408320416021e-01,5.607950048308e-01
6.412320616031e-01,5.608422350919e-01
6.416320816041e-01,5.608780407704e-01
6.420321016051e-01,5.609025512804e-01
6.424321216061e-01,5.609159586266e-01
6.428321416071e-01,5.609185160338e-01
6.432321616081e-01,5.609105362914e-01
6.436321816091e-01,5.608923898058e-01
6.440322016101e-01,5.608645023474e-01
6.444322216111e-01,5.608273525531e-01
6.448322416121e-01,5.607814691416e-01
6.452322616131e-01,5.607274278793e-01
6.456322816141e-01,5.606658483105e-01
6.460323016151e-01,5.605973902432e-01
6.464323216161e-01,5.605227500308e-01
6.468323416171e-01,5.604426566518e-01
6.472323616181e-01,5.603578676023e-01
6.476323816191e-01,5.602691646293e-01
6.480324016201e-01,5.601773493118e-01
6.484324216211e-01,5.600832385251e-01
6.488324416221e-01,5.599876598001e-01
6.492324616231e-01,5.598914466067e-01
6.496324816241e-01,5.597954335854e-01
6.500325016251e-01,5.597004517530e-01
6.504325216261e-01,5.596073237123e-01
6.508325416271e-01,5.595168588923e-01
6.512325616281e-01,5.594298488481e-01
6.516325816291e-01,5.593470626526e-01
6.520326016301e-01,5.592692424080e-01
6.524326216311e-01,5.591970989079e-01
6.528326416321e-01,5.591313074797e-01
6.532326616331e-01,5.590725040358e-01
6.536326816341e-01,5.590212813658e-01
6.540327016351e-01,5.589781856883e-01
6.544327216361e-01,5.589437134979e-01
6.548327416371e-01,5.589183087203e-01
6.552327616381e-01,5.589023602097e-01
6.556327816391e-01,5.588961995913e-01
6.560328016401e-01,5.589000994807e-01
6.564328216411e-01,5.589142720792e-01
6.568328416421e-01,5.589388681689e-01
6.572328616431e-01,5.589739765007e-01
6.576328816441e-01,5.590196235884e-01
6.580329016451e-01,5.590757739024e-01
6.584329216461e-01,5.591423304631e-01
6.588329416471e-01,5.592191358278e-01
6.592329616481e-01,5.593059734533e-01
6.596329816491e-01,5.594025694345e-01
6.600330016501e-01,5.595085945815e-01
6.604330216511e-01,5.596236668411e-01
6.608330416521e-01,5.597473540297e-01
6.612330616531e-01,5.598791768382e-01
6.616330816541e-01,5.600186121151e-01
6.620331016551e-01,5.601650963727e-01
6.624331216561e-01,5.603180295050e-01
6.628331416571e-01,5.604767786839e-01
6.632331616581e-01,5.606406823950e-01
6.636331816591e-01,5.608090545986e-01
6.640332016601e-01,5.609811889734e-01
6.644332216611e-01,5.611563632214e-01
6.648332416621e-01,5.613338434003e-01
6.652332616631e-01,5.615128882574e-01
6.656332816641e-01,5.616927535396e-01
6.660333016651e-01,5.618726962512e-01
6.664333216661e-01,5.620519788370e-01
6.668333416671e-01,5.622298732681e-01
6.672333616681e-01,5.624056650082e-01
6.676333816691e-01,5.625786568432e-01
6.680334016701e-01,5.627481725541e-01
6.684334216711e-01,5.629135604168e-01
6.688334416721e-01,5.630741965192e-01
6.692334616731e-01,5.632294878754e-01
6.696334816741e-01,5.633788753346e-01
6.700335016751e-01,5.635218362657e-01
6.704335216761e-01,5.636578870163e-01
6.708335416771e-01,5.637865851393e-01
6.712335616781e-01,5.639075313744e-01
6.716335816791e-01,5.640203713932e-01
6.720336016801e-01,5.641247972874e-01
6.724336216811e-01,5.642205488125e-01
6.728336416821e-01,5.643074143828e-01
6.732336616831e-01,5.643852318072e-01
6.736336816841e-01,5.644538887849e-01
6.740337016851e-01,5.645133231429e-01
6.744337216861e-01,5.645635228225e-01
6.748337416871e-01,5.646045256353e-01
6.752337616881e-01,5.646364187604e-01
6.756337816891e-01,5.646593380122e-01
6.760338016901e-01,5.646734668806e-01
6.764338216911e-01,5.646790353211e-01
6.768338416921e-01,5.646763183412e-01
6.772338616931e-01,5.646656343668e-01
6.776338816941e-01,5.646473433913e-01
6.780339016951e-01,5.646218449314e-01
6.784339216961e-01,5.645895757825e-01
6.788339416971e-01,5.645510075928e-01
6.792339616981e-01,5.645066442661e-01
6.796339816991e-01,5.644570191963e-01
6.800340017001e-01,5.644026923562e-01
6.804340217011e-01,5.643442472425e-01
6.808340417021e-01,5.642822876990e-01
6.812340617031e-01,5.642174346302e-01
6.816340817041e-01,5.641503226178e-01
6.820341017051e-01,5.640815964613e-01
6.824341217061e-01,5.640119076547e-01
6.828341417071e-01,5.639419108227e-01
6.832341617081e-01,5.638722601311e-01
6.836341817091e-01,5.638036056929e-01
6.840342017101e-01,5.637365899892e-01
6.844342217111e-01,5.636718443261e-01
6.848342417121e-01,5.636099853468e-01
6.852342617131e-01,5.635516116229e-01
6.856342817141e-01,5.634973003409e-01
6.860343017151e-01,5.634476041102e-01
6.864343217161e-01,5.634030479084e-01
6.868343417171e-01,5.633641261858e-01
6.872343617181e-01,5.633313001478e-01
6.876343817191e-01,5.633049952323e-01
6.880344017201e-01,5.632855988024e-01
6.884344217211e-01,5.632734580631e-01
6.888344417221e-01,5.632688782252e-01
6.892344617231e-01,5.632721209180e-01
6.896344817241e-01,5.632834028744e-01
6.900345017251e-01,5.633028948834e-01
6.904345217261e-01,5.633307210272e-01
6.908345417271e-01,5.633669582003e-01
6.912345617281e-01,5.634116359171e-01
6.916345817291e-01,5.634647364083e-01
6.920346017301e-01,5.635261949975e-01
6.924346217311e-01,5.635959007640e-01
6.928346417321e-01,5.636736974725e-01
6.932346617331e-01,5.637593847755e-01
6.936346817341e-01,5.638527196679e-01
6.940347017351e-01,5.639534181803e-01
6.944347217361e-01,5.640611573077e-01
6.948347417371e-01,5.641755771436e-01
6.952347617381e-01,5.642962832181e-01
6.956347817391e-01,5.644228490107e-01
6.960348017401e-01,5.645548186209e-01
6.964348217411e-01,5.646917095828e-01
6.968348417421e-01,5.648330157959e-01
6.972348617431e-01,5.649782105597e-01
6.976348817441e-01,5.651267496843e-01
6.980349017451e-01,5.652780746607e-01
6.984349217461e-01,5.654316158697e-01
6.988349417471e-01,5.655867958099e-01
6.992349617481e-01,5.657430323243e-01
6.996349817491e-01,5.658997418088e-01
7.000350017501e-01,5.660563423827e-01
7.004350217511e-01,5.662122570057e-01
7.008350417521e-01,5.663669165254e-01
7.012350617531e-01,5.665197626379e-01
7.016350817541e-01,5.666702507521e-01
7.020351017551e-01,5.668178527392e-01
7.024351217561e-01,5.669620595608e-01
7.028351417571e-01,5.671023837621e-01
7.032351617581e-01,5.672383618176e-01
7.036351817591e-01,5.673695563297e-01
7.040352017601e-01,5.674955580624e-01
7.044352217611e-01,5.676159878097e-01
7.048352417621e-01,5.677304980945e-01
7.052352617631e-01,5.678387746813e-01
7.056352817641e-01,5.679405379201e-01
7.060353017651e-01,5.680355438961e-01
7.064353217661e-01,5.681235853978e-01
7.068353417671e-01,5.682044927010e-01
7.072353617681e-01,5.682781341525e-01
7.076353817691e-01,5.683444165776e-01
7.080354017701e-01,5.684032854945e-01
7.084354217711e-01,5.684547251374e-01
7.088354417721e-01,5.684987583045e-01
7.092354617731e-01,5.685354460152e-01
7.096354817741e-01,5.685648869804e-01
7.100355017751e-01,5.685872169152e-01
7.104355217761e-01,5.686026076591e-01
7.108355417771e-01,5.686112661357e-01
7.112355617781e-01,5.686134331531e-01
7.116355817791e-01,5.686093820359e-01
7.120356017801e-01,5.685994171026e-01
7.124356217811e-01,5.685838720149e-01
7.128356417821e-01,5.685631079684e-01
7.132356617831e-01,5.685375117631e-01
7.136356817841e-01,5.685074937472e-01
7.140357017851e-01,5.684734856460e-01
7.144357217861e-01,5.684359382902e-01
7.148357417871e-01,5.683953192461e-01
7.152357617881e-01,5.683521103646e-01
7.156357817891e-01,5.683068052569e-01
7.160358017901e-01,5.682599067086e-01
7.164358217911e-01,5.682119240491e-01
7.168358417921e-01,5.681633704830e-01
7.172358617931e-01,5.681147604009e-01
7.176358817941e-01,5.680666066827e-01
7.180359017951e-01,5.680194180062e-01
7.184359217961e-01,5.679736961770e-01
7.188359417971e-01,5.679299334935e-01
7.192359617981e-01,5.678886101608e-01
7.196359817991e-01,5.678501917704e-01
7.200360018001e-01,5.678151268570e-01
7.204360218011e-01,5.677838445502e-01
7.208360418021e-01,5.677567523312e-01
7.212360618031e-01,5.677342339107e-01
7.216360818041e-01,5.677166472416e-01
7.220361018051e-01,5.677043226736e-01
7.224361218061e-01,5.676975612679e-01
7.228361418071e-01,5.676966332752e-01
7.232361618081e-01,5.677017767942e-01
7.236361818091e-01,5.677131966107e-01
7.240362018101e-01,5.677310632303e-01
7.244362218111e-01,5.677555121078e-01
7.248362418121e-01,5.677866430760e-01
7.252362618131e-01,5.678245199836e-01
7.256362818141e-01,5.678691705328e-01
7.260363018151e-01,5.679205863281e-01
7.264363218161e-01,5.679787231247e-01
7.268363418171e-01,5.680435012815e-01
7.272363618181e-01,5.681148064135e-01
7.276363818191e-01,5.681924902288e-01
7.280364018201e-01,5.682763715587e-01
7.284364218211e-01,5.683662375586e-01
7.288364418221e-01,5.684618450755e-01
7.292364618231e-01,5.685629221853e-01
7.296364818241e-01,5.686691698582e-01
7.300365018251e-01,5.687802637710e-01
7.304365218261e-01,5.688958562380e-01
7.308365418271e-01,5.690155782472e-01
7.312365618281e-01,5.691390415968e-01
7.316365818291e-01,5.692658411109e-01
7.320366018301e-01,5.693955569184e-01
7.324366218311e-01,5.695277567904e-01
7.328366418321e-01,5.696619985126e-01
7.332366618331e-01,5.697978322838e-01
7.336366818341e-01,5.699348031256e-01
7.340367018351e-01,5.700724532885e-01
7.344367218361e-01,5.702103246436e-01
7.348367418371e-01,5.703479610466e-01
7.352367618381e-01,5.704849106609e-01
7.356367818391e-01,5.706207282302e-01
7.360368018401e-01,5.707549772892e-01
7.364368218411e-01,5.708872323013e-01
7.368368418421e-01,5.710170807171e-01
7.372368618431e-01,5.711441249411e-01
7.376368818441e-01,5.712679841995e-01
7.380369018451e-01,5.713882963062e-01
7.384369218461e-01,5.715047193135e-01
7.388369418471e-01,5.716169330486e-01
7.392369618481e-01,5.717246405260e-01
7.396369818491e-01,5.718275692301e-01
7.400370018501e-01,5.719254722735e-01
7.404370218511e-01,5.720181294151e-01
7.408370418521e-01,5.721053479450e-01
7.412370618531e-01,5.721869634329e-01
7.416370818541e-01,5.722628403283e-01
7.420371018551e-01,5.723328724302e-01
7.424371218561e-01,5.723969832097e-01
7.428371418571e-01,5.724551259921e-01
7.432371618581e-01,5.725072840023e-01
7.436371818591e-01,5.725534702643e-01
7.440372018601e-01,5.725937273697e-01
7.444372218611e-01,5.726281271061e-01
7.448372418621e-01,5.726567699538e-01
7.452372618631e-01,5.726797844532e-01
7.456372818641e-01,5.726973264400e-01
7.460373018651e-01,5.727095781630e-01
7.464373218661e-01,5.727167472784e-01
7.468373418671e-01,5.727190657291e-01
7.472373618681e-01,5.727167885182e-01
7.476373818691e-01,5.727101923707e-01
7.480374018701e-01,5.726995743016e-01
7.484374218711e-01,5.726852500905e-01
7.488374418721e-01,5.726675526679e-01
7.492374618731e-01,5.726468304253e-01
7.496374818741e-01,5.726234454520e-01
7.500375018751e-01,5.725977717065e-01
7.504375218761e-01,5.725701931369e-01
7.508375418771e-01,5.725411017504e-01
7.512375618781e-01,5.725108956468e-01
7.516375818791e-01,5.724799770225e-01
7.520376018801e-01,5.724487501556e-01
7.524376218811e-01,5.724176193821e-01
7.528376418821e-01,5.723869870720e-01
7.532376618831e-01,5.723572516171e-01
7.536376818841e-01,5.723288054390e-01
7.540377018851e-01,5.723020330293e-01
7.544377218861e-01,5.722773090312e-01
7.548377418871e-01,5.722549963728e-01
7.552377618881e-01,5.722354444621e-01
7.556377818891e-01,5.722189874554e-01
7.560378018901e-01,5.722059426044e-01
7.564378218911e-01,5.721966086965e-01
7.568378418921e-01,5.721912645920e-01
7.572378618931e-01,5.721901678696e-01
7.576378818941e-01,5.721935535883e-01
7.580379018951e-01,5.722016331683e-01
7.584379218961e-01,5.722145934030e-01
7.588379418971e-01,5.722325956026e-01
7.592379618981e-01,5.722557748767e-01
7.596379818991e-01,5.722842395609e-01
7.600380019001e-01,5.723180707846e-01
7.604380219011e-01,5.723573221897e-01
7.608380419021e-01,5.724020197940e-01
7.612380619031e-01,5.724521620051e-01
7.616380819041e-01,5.725077197818e-01
7.620381019051e-01,5.725686369374e-01
7.624381219061e-01,5.726348305911e-01
7.628381419071e-01,5.727061917518e-01
7.632381619081e-01,5.727825860413e-01
7.636381819091e-01,5.728638545490e-01
7.640382019101e-01,5.729498148004e-01
7.644382219111e-01,5.730402618519e-01
7.648382419121e-01,5.731349694890e-01
7.652382619131e-01,5.732336915251e-01
7.656382819141e-01,5.733361631993e-01
7.660383019151e-01,5.734421026496e-01
7.664383219161e-01,5.735512124650e-01
7.668383419171e-01,5.736631813031e-01
7.672383619181e-01,5.737776855595e-01
7.676383819191e-01,5.738943910863e-01
7.680384019201e-01,5.740129549450e-01
7.684384219211e-01,5.741330271834e-01
7.688384419221e-01,5.742542526311e-01
7.692384619231e-01,5.743762726996e-01
7.696384819241e-01,5.744987271808e-01
7.700385019251e-01,5.746212560321e-01
7.704385219261e-01,5.747435011421e-01
7.708385419271e-01,5.748651080655e-01
7.712385619281e-01,5.749857277216e-01
7.716385819291e-01,5.751050180484e-01
7.720386019301e-01,5.752226456011e-01
7.724386219311e-01,5.753382870959e-01
7.728386419321e-01,5.754516308854e-01
7.732386619331e-01,5.755623783631e-01
7.736386819341e-01,5.756702452933e-01
7.740387019351e-01,5.757749630564e-01
7.744387219361e-01,5.758762798098e-01
7.748387419371e-01,5.759739615604e-01
7.752387619381e-01,5.760677931402e-01
7.756387819391e-01,5.761575790903e-01
7.760388019401e-01,5.762431444434e-01
7.764388219411e-01,5.763243354021e-01
7.768388419421e-01,5.764010199231e-01
7.772388619431e-01,5.764730881894e-01
7.776388819441e-01,5.765404529817e-01
7.780389019451e-01,5.766030499468e-01
7.784389219461e-01,5.766608377550e-01
7.788389419471e-01,5.767137981550e-01
7.792389619481e-01,5.767619359297e-01
7.796389819491e-01,5.768052787402e-01
7.800390019501e-01,5.768438768734e-01
7.804390219511e-01,5.768778028923e-01
7.808390419521e-01,5.769071511787e-01
7.812390619531e-01,5.769320373850e-01
7.816390819541e-01,5.769525977995e-01
7.820391019551e-01,5.769689886107e-01
7.824391219561e-01,5.769813850910e-01
7.828391419571e-01,5.769899806988e-01
7.832391619581e-01,5.769949860935e-01
7.836391819591e-01,5.769966280843e-01
7.840392019601e-01,5.769951485050e-01
7.844392219611e-01,5.769908030214e-01
7.848392419621e-01,5.769838598826e-01
7.852392619631e-01,5.769745986143e-01
7.856392819641e-01,5.769633086614e-01
7.860393019651e-01,5.769502879923e-01
7.864393219661e-01,5.769358416617e-01
7.868393419671e-01,5.769202803443e-01
7.872393619681e-01,5.769039188450e-01
7.876393819691e-01,5.768870745899e-01
7.880394019701e-01,5.768700661093e-01
7.884394219711e-01,5.768532115163e-01
7.888394419721e-01,5.768368269896e-01
7.892394619731e-01,5.768212252674e-01
7.896394819741e-01,5.768067141609e-01
7.900395019751e-01,5.767935950922e-01
7.904395219761e-01,5.767821616670e-01
7.908395419771e-01,5.767726982862e-01
7.912395619781e-01,5.767654788054e-01
7.916395819791e-01,5.767607652491e-01
7.920396019801e-01,5.767588065842e-01
7.924396219811e-01,5.767598375622e-01
7.928396419821e-01,5.767640776328e-01
7.932396619831e-01,5.767717299372e-01
7.936396819841e-01,5.767829803855e-01
7.940397019851e-01,5.767979968215e-01
7.944397219861e-01,5.768169282816e-01
7.948397419871e-01,5.768399043495e-01
7.952397619881e-01,5.768670346110e-01
7.956397819891e-01,5.768984082127e-01
7.960398019901e-01,5.769340935223e-01
7.964398219911e-01,5.769741378984e-01
7.968398419921e-01,5.770185675630e-01
7.972398619931e-01,5.770673875841e-01
7.976398819941e-01,5.771205819655e-01
7.980399019951e-01,5.771781138372e-01
7.984399219961e-01,5.772399257545e-01
7.988399419971e-01,5.773059400958e-01
7.992399619981e-01,5.773760595571e-01
7.996399819991e-01,5.774501677478e-01
8.000400020001e-01,5.775281298712e-01
8.004400220011e-01,5.776097934927e-01
8.008400420021e-01,5.776949893935e-01
8.012400620031e-01,5.777835324954e-01
8.016400820041e-01,5.778752228588e-01
8.020401020051e-01,5.779698467493e-01
8.024401220061e-01,5.780671777543e-01
8.028401420071e-01,5.781669779588e-01
8.032401620081e-01,5.782689991636e-01
8.036401820091e-01,5.783729841421e-01
8.040402020101e-01,5.784786679292e-01
8.044402220111e-01,5.785857791366e-01
8.048402420121e-01,5.786940412828e-01
8.052402620131e-01,5.788031741368e-01
8.056402820141e-01,5.789128950655e-01
8.060403020151e-01,5.790229203786e-01
8.064403220161e-01,5.791329666658e-01
8.068403420171e-01,5.792427521174e-01
8.072403620181e-01,5.793519978261e-01
8.076403820191e-01,5.794604290598e-01
8.080404020201e-01,5.795677765051e-01
8.084404220211e-01,5.796737774699e-01
8.088404420221e-01,5.797781770459e-01
8.092404620231e-01,5.798807292236e-01
8.096404820241e-01,5.799811979550e-01
8.100405020251e-01,5.800793581622e-01
8.104405220261e-01,5.801749966871e-01
8.108405420271e-01,5.802679131752e-01
8.112405620281e-01,5.803579208994e-01
8.116405820291e-01,5.804448475119e-01
8.120406020301e-01,5.805285357261e-01
8.124406220311e-01,5.806088439285e-01
8.128406420321e-01,5.806856467140e-01
8.132406620331e-01,5.807588353436e-01
8.136406820341e-01,5.808283181322e-01
8.140407020351e-01,5.808940207519e-01
8.144407220361e-01,5.809558864607e-01
8.148407420371e-01,5.810138762548e-01
8.152407620381e-01,5.810679689387e-01
8.156407820391e-01,5.811181611172e-01
8.160408020401e-01,5.811644671175e-01
8.164408220411e-01,5.812069188261e-01
8.168408420421e-01,5.812455654552e-01
8.172408620431e-01,5.812804732374e-01
8.176408820441e-01,5.813117250451e-01
8.180409020451e-01,5.813394199337e-01
8.184409220461e-01,5.813636726324e-01
8.188409420471e-01,5.813846129555e-01
8.192409620481e-01,5.814023851551e-01
8.196409820491e-01,5.814171472161e-01
8.200410020501e-01,5.814290700907e-01
8.204410220511e-01,5.814383368771e-01
8.208410420521e-01,5.814451419549e-01
8.212410620531e-01,5.814496900665e-01
8.216410820541e-01,5.814521953586e-01
8.220411020551e-01,5.814528803863e-01
8.224411220561e-01,5.814519750798e-01
8.228411420571e-01,5.814497156808e-01
8.232411620581e-01,5.814463436573e-01
8.236411820591e-01,5.814421045933e-01
8.240412020601e-01,5.814372470641e-01
8.244412220611e-01,5.814320215013e-01
8.248412420621e-01,5.814266790499e-01
8.252412620631e-01,5.814214704267e-01
8.256412820641e-01,5.814166447810e-01
8.260413020651e-01,5.814124485664e-01
8.264413220661e-01,5.814091244257e-01
8.268413420671e-01,5.814069100971e-01
8.272413620681e-01,5.814060373442e-01
8.276413820691e-01,5.814067309169e-01
8.280414020701e-01,5.814092075461e-01
8.284414220711e-01,5.814136749784e-01
8.288414420721e-01,5.814203310565e-01
8.292414620731e-01,5.814293628456e-01
8.296414820741e-01,5.814409458152e-01
8.300415020751e-01,5.814552430761e-01
8.304415220761e-01,5.814724046776e-01
8.308415420771e-01,5.814925669713e-01
8.312415620781e-01,5.815158520376e-01
8.316415820791e-01,5.815423671849e-01
8.320416020801e-01,5.815722045194e-01
8.324416220811e-01,5.816054405873e-01
8.328416420821e-01,5.816421360963e-01
8.332416620831e-01,5.816823357085e-01
8.336416820841e-01,5.817260679134e-01
8.340417020851e-01,5.817733449781e-01
8.344417220861e-01,5.818241629726e-01
8.348417420871e-01,5.818785018733e-01
8.352417620881e-01,5.819363257447e-01
8.356417820891e-01,5.819975829888e-01
8.360418020901e-01,5.820622066729e-01
8.364418220911e-01,5.821301149268e-01
8.368418420921e-01,5.822012114032e-01
8.372418620931e-01,5.822753858057e-01
8.376418820941e-01,5.823525144868e-01
8.380419020951e-01,5.824324610895e-01
8.384419220961e-01,5.825150772514e-01
8.388419420971e-01,5.826002033611e-01
8.392419620981e-01,5.826876693569e-01
8.396419820991e-01,5.827772955670e-01
8.400420021001e-01,5.828688935921e-01
8.404420221011e-01,5.829622672185e-01
8.408420421021e-01,5.830572133547e-01
8.412420621031e-01,5.831535229981e-01
8.416420821041e-01,5.832509822164e-01
8.420421021051e-01,5.833493731433e-01
8.424421221061e-01,5.834484749835e-01
8.428421421071e-01,5.835480650215e-01
8.432421621081e-01,5.836479196294e-01
8.436421821091e-01,5.837478152698e-01
8.440422021101e-01,5.838475294893e-01
8.444422221111e-01,5.839468418974e-01
8.448422421121e-01,5.840455351275e-01
8.452422621131e-01,5.841433957756e-01
8.456422821141e-01,5.842402153134e-01
8.460423021151e-01,5.843357909702e-01
8.464423221161e-01,5.844299265842e-01
8.468423421171e-01,5.845224334154e-01
8.472423621181e-01,5.846131309185e-01
8.476423821191e-01,5.847018474766e-01
8.480424021201e-01,5.847884210874e-01
8.484424221211e-01,5.848727000034e-01
8.488424421221e-01,5.849545433237e-01
8.492424621231e-01,5.850338215337e-01
8.496424821241e-01,5.851104169904e-01
8.500425021251e-01,5.851842243590e-01
8.504425221261e-01,5.852551509882e-01
8.508425421271e-01,5.853231172324e-01
8.512425621281e-01,5.853880567183e-01
8.516425821291e-01,5.854499165504e-01
8.520426021301e-01,5.855086574587e-01
8.524426221311e-01,5.855642538937e-01
8.528426421321e-01,5.856166940578e-01
8.532426621331e-01,5.856659798808e-01
8.536426821341e-01,5.857121269412e-01
8.540427021351e-01,5.857551643292e-01
8.544427221361e-01,5.857951344482e-01
8.548427421371e-01,5.858320927744e-01
8.552427621381e-01,5.858661075541e-01
8.556427821391e-01,5.858972594503e-01
8.560428021401e-01,5.859256411420e-01
8.564428221411e-01,5.859513568768e-01
8.568428421421e-01,5.859745219711e-01
8.572428621431e-01,5.859952622658e-01
8.576428821441e-01,5.860137135522e-01
8.580429021451e-01,5.860300209442e-01
8.584429221461e-01,5.860443382207e-01
8.588429421471e-01,5.860568271332e-01
8.592429621481e-01,5.860676566808e-01
8.596429821491e-01,5.860770023569e-01
8.600430021501e-01,5.860850453730e-01
8.604430221511e-01,5.860919718574e-01
8.608430421521e-01,5.860979720377e-01
8.612430621531e-01,5.861032394073e-01
8.616430821541e-01,5.861079698793e-01
8.620431021551e-01,5.861123609336e-01
8.624431221561e-01,5.861166107592e-01
8.628431421571e-01,5.861209173951e-01
8.632431621581e-01,5.861254778743e-01
8.636431821591e-01,5.861304873749e-01
8.640432021601e-01,5.861361383806e-01
8.644432221611e-01,5.861426198555e-01
8.648432421621e-01,5.861501164368e-01
8.652432621631e-01,5.861588076479e-01
8.656432821641e-01,5.861688671363e-01
8.660433021651e-01,5.861804619402e-01
8.664433221661e-01,5.861937517852e-01
8.668433421671e-01,5.862088884166e-01
8.672433621681e-01,5.862260149679e-01
8.676433821691e-01,5.862452653700e-01
8.680434021701e-01,5.862667638041e-01
8.684434221711e-01,5.862906241985e-01
8.688434421721e-01,5.863169497737e-01
8.692434621731e-01,5.863458326369e-01
8.696434821741e-01,5.863773534271e-01
8.700435021751e-01,5.864115810134e-01
8.704435221761e-01,5.864485722485e-01
8.708435421771e-01,5.864883717737e-01
8.712435621781e-01,5.865310118829e-01
8.716435821791e-01,5.865765124413e-01
8.720436021801e-01,5.866248808574e-01
8.724436221811e-01,5.866761121165e-01
8.728436421821e-01,5.867301888653e-01
8.732436621831e-01,5.867870815514e-01
8.736436821841e-01,5.868467486185e-01
8.740437021851e-01,5.869091367526e-01
8.744437221861e-01,5.869741811776e-01
8.748437421871e-01,5.870418060039e-01
8.752437621881e-01,5.871119246220e-01
8.756437821891e-01,5.871844401385e-01
8.760438021901e-01,5.872592458592e-01
8.764438221911e-01,5.873362258090e-01
8.768438421921e-01,5.874152552890e-01
8.772438621931e-01,5.874962014694e-01
8.776438821941e-01,5.875789240146e-01
8.780439021951e-01,5.876632757314e-01
8.784439221961e-01,5.877491032471e-01
8.788439421971e-01,5.878362477075e-01
8.792439621981e-01,5.879245454918e-01
8.796439821991e-01,5.880138289437e-01
8.800440022001e-01,5.881039271149e-01
8.804440222011e-01,5.881946665133e-01
8.808440422021e-01,5.882858718591e-01
8.812440622031e-01,5.883773668405e-01
8.816440822041e-01,5.884689748677e-01
8.820441022051e-01,5.885605198220e-01
8.824441222061e-01,5.886518267959e-01
8.828441422071e-01,5.887427228227e-01
8.832441622081e-01,5.888330375909e-01
8.836441822091e-01,5.889226041417e-01
8.840442022101e-01,5.890112595468e-01
8.844442222111e-01,5.890988455640e-01
8.848442422121e-01,5.891852092662e-01
8.852442622131e-01,5.892702036459e-01
8.856442822141e-01,5.893536881881e-01
8.860443022151e-01,5.894355294126e-01
8.864443222161e-01,5.895156013842e-01
8.868443422171e-01,5.895937861866e-01
8.872443622181e-01,5.896699743588e-01
8.876443822191e-01,5.897440652980e-01
8.880444022201e-01,5.898159676194e-01
8.884444222211e-01,5.898855994772e-01
8.888444422221e-01,5.899528888467e-01
8.892444622231e-01,5.900177737633e-01
8.896444822241e-01,5.900802025163e-01
8.900445022251e-01,5.901401338071e-01
8.904445222261e-01,5.901975368591e-01
8.908445422271e-01,5.902523914866e-01
8.912445622281e-01,5.903046881215e-01
8.916445822291e-01,5.903544277960e-01
8.920446022301e-01,5.904016220841e-01
8.924446222311e-01,5.904462930017e-01
8.928446422321e-01,5.904884728640e-01
8.932446622331e-01,5.905282041049e-01
8.936446822341e-01,5.905655390551e-01
8.940447022351e-01,5.906005396817e-01
8.944447222361e-01,5.906332772933e-01
8.948447422371e-01,5.906638322052e-01
8.952447622381e-01,5.906922933730e-01
8.956447822391e-01,5.907187579938e-01
8.960448022401e-01,5.907433310739e-01
8.964448222411e-01,5.907661249649e-01
8.968448422421e-01,5.907872588798e-01
8.972448622431e-01,5.908068583757e-01
8.976448822441e-01,5.908250548165e-01
8.980449022451e-01,5.908419848133e-01
8.984449222461e-01,5.908577896465e-01
8.988449422471e-01,5.908726146686e-01
8.992449622481e-01,5.908866086942e-01
8.996449822491e-01,5.908999233790e-01
9.000450022501e-01,5.909127125861e-01
9.004450222511e-01,5.909251317482e-01
9.008450422521e-01,5.909373372234e-01
9.012450622531e-01,5.909494856501e-01
9.016450822541e-01,5.909617333021e-01
9.020451022551e-01,5.909742354478e-01
9.024451222561e-01,5.909871457149e-01
9.028451422571e-01,5.910006154637e-01
9.032451622581e-01,5.910147931721e-01
9.036451822591e-01,5.910298238342e-01
9.040452022601e-01,5.910458483751e-01
9.044452222611e-01,5.910630030846e-01
9.048452422621e-01,5.910814190722e-01
9.052452622631e-01,5.911012217445e-01
9.056452822641e-01,5.911225303099e-01
9.060453022651e-01,5.911454573098e-01
9.064453222661e-01,5.911701081792e-01
9.068453422671e-01,5.911965808397e-01
9.072453622681e-01,5.912249653248e-01
9.076453822691e-01,5.912553434397e-01
9.080454022701e-01,5.912877884585e-01
9.084454222711e-01,5.913223648572e-01
9.088454422721e-01,5.913591280849e-01
9.092454622731e-01,5.913981243757e-01
9.096454822741e-01,5.914393905983e-01
9.100455022751e-01,5.914829541461e-01
9.104455222761e-01,5.915288328710e-01
9.108455422771e-01,5.915770350533e-01
9.112455622781e-01,5.916275594147e-01
9.116455822791e-01,5.916803951720e-01
9.120456022801e-01,5.917355221287e-01
9.124456222811e-01,5.917929108059e-01
9.128456422821e-01,5.918525226142e-01
9.132456622831e-01,5.919143100621e-01
9.136456822841e-01,5.919782169958e-01
9.140457022851e-01,5.920441788810e-01
9.144457222861e-01,5.921121231139e-01
9.148457422871e-01,5.921819693636e-01
9.152457622881e-01,5.922536299450e-01
9.156457822891e-01,5.923270102242e-01
9.160458022901e-01,5.924020090438e-01
9.164458222911e-01,5.924785191740e-01
9.168458422921e-01,5.925564277880e-01
9.172458622931e-01,5.926356169558e-01
9.176458822941e-01,5.927159641536e-01
9.180459022951e-01,5.927973427907e-01
9.184459222961e-01,5.928796227503e-01
9.188459422971e-01,5.929626709361e-01
9.192459622981e-01,5.930463518308e-01
9.196459822991e-01,5.931305280587e-01
9.200460023001e-01,5.932150609517e-01
9.204460223011e-01,5.932998111159e-01
9.208460423021e-01,5.933846389975e-01
9.212460623031e-01,5.934694054435e-01
9.216460823041e-01,5.935539722579e-01
9.220461023051e-01,5.936382027484e-01
9.224461223061e-01,5.937219622635e-01
9.228461423071e-01,5.938051187178e-01
9.232461623081e-01,5.938875431014e-01
9.236461823091e-01,5.939691099744e-01
9.240462023101e-01,5.940496979436e-01
9.244462223111e-01,5.941291901187e-01
9.248462423121e-01,5.942074745477e-01
9.252462623131e-01,5.942844446307e-01
9.256462823141e-01,5.943599995083e-01
9.260463023151e-01,5.944340444241e-01
9.264463223161e-01,5.945064910637e-01
9.268463423171e-01,5.945772578639e-01
9.272463623181e-01,5.946462702934e-01
9.276463823191e-01,5.947134611065e-01
9.280464023201e-01,5.947787705659e-01
9.284464223211e-01,5.948421466321e-01
9.288464423221e-01,5.949035451275e-01
9.292464623231e-01,5.949629298658e-01
9.296464823241e-01,5.950202727495e-01
9.300465023251e-01,5.950755538376e-01
9.304465223261e-01,5.951287613826e-01
9.308465423271e-01,5.951798918328e-01
9.312465623281e-01,5.952289498028e-01
9.316465823291e-01,5.952759480195e-01
9.320466023301e-01,5.953209072309e-01
9.324466223311e-01,5.953638560857e-01
9.328466423321e-01,5.954048309866e-01
9.332466623331e-01,5.954438759137e-01
9.336466823341e-01,5.954810422176e-01
9.340467023351e-01,5.955163883841e-01
9.344467223361e-01,5.955499797810e-01
9.348467423371e-01,5.955818883713e-01
9.352467623381e-01,5.956121924050e-01
9.356467823391e-01,5.956409760900e-01
9.360468023401e-01,5.956683292409e-01
9.364468223411e-01,5.956943469048e-01
9.368468423421e-01,5.957191289715e-01
9.372468623431e-01,5.957427797676e-01
9.376468823441e-01,5.957654076318e-01
9.380469023451e-01,5.957871244779e-01
9.384469223461e-01,5.958080453470e-01
9.388469423471e-01,5.958282879466e-01
9.392469623481e-01,5.958479721822e-01
9.396469823491e-01,5.958672196825e-01
9.400470023501e-01,5.958861533192e-01
9.404470223511e-01,5.959048967228e-01
9.408470423521e-01,5.959235737982e-01
9.412470623531e-01,5.959423082401e-01
9.416470823541e-01,5.959612230506e-01
9.420471023551e-01,5.959804400622e-01
9.424471223561e-01,5.960000794658e-01
9.428471423571e-01,5.960202593469e-01
9.432471623581e-01,5.960410952324e-01
9.436471823591e-01,5.960626996478e-01
9.440472023601e-01,5.960851816886e-01
9.444472223611e-01,5.961086466066e-01
9.448472423621e-01,5.961331954123e-01
9.452472623631e-01,5.961589244960e-01
9.456472823641e-01,5.961859252684e-01
9.460473023651e-01,5.962142838218e-01
9.464473223661e-01,5.962440806150e-01
9.468473423671e-01,5.962753901803e-01
9.472473623681e-01,5.963082808559e-01
9.476473823691e-01,5.963428145443e-01
9.480474023701e-01,5.963790464967e-01
9.484474223711e-01,5.964170251243e-01
9.488474423721e-01,5.964567918403e-01
9.492474623731e-01,5.964983809275e-01
9.496474823741e-01,5.965418194357e-01
9.500475023751e-01,5.965871271100e-01
9.504475223761e-01,5.966343163466e-01
9.508475423771e-01,5.966833921783e-01
9.512475623781e-01,5.967343522908e-01
9.516475823791e-01,5.967871870686e-01
9.520476023801e-01,5.968418796658e-01
9.524476223811e-01,5.968984061097e-01
9.528476423821e-01,5.969567354307e-01
9.532476623831e-01,5.970168298174e-01
9.536476823841e-01,5.970786447996e-01
9.540477023851e-01,5.971421294588e-01
9.544477223861e-01,5.972072266587e-01
9.548477423871e-01,5.972738733005e-01
9.552477623881e-01,5.973420006013e-01
9.556477823891e-01,5.974115343923e-01
9.560478023901e-01,5.974823954351e-01
9.564478223911e-01,5.975544997565e-01
9.568478423921e-01,5.976277590032e-01
9.572478623931e-01,5.977020808044e-01
9.576478823941e-01,5.977773691528e-01
9.580479023951e-01,5.978535247953e-01
9.584479223961e-01,5.979304456340e-01
9.588479423971e-01,5.980080271346e-01
9.592479623981e-01,5.980861627421e-01
9.596479823991e-01,5.981647443025e-01
9.600480024001e-01,5.982436624842e-01
9.604480224011e-01,5.983228072044e-01
9.608480424021e-01,5.984020680529e-01
9.612480624031e-01,5.984813347157e-01
9.616480824041e-01,5.985604973942e-01
9.620481024051e-01,5.986394472193e-01
9.624481224061e-01,5.987180766595e-01
9.628481424071e-01,5.987962799206e-01
9.632481624081e-01,5.988739533364e-01
9.636481824091e-01,5.989509957471e-01
9.640482024101e-01,5.990273088682e-01
9.644482224111e-01,5.991027976434e-01
9.648482424121e-01,5.991773705835e-01
9.652482624131e-01,5.992509400908e-01
9.656482824141e-01,5.993234227657e-01
9.660483024151e-01,5.993947396954e-01
9.664483224161e-01,5.994648167243e-01
9.668483424171e-01,5.995335847065e-01
9.672483624181e-01,5.996009797341e-01
9.676483824191e-01,5.996669433482e-01
9.680484024201e-01,5.997314227284e-01
9.684484224211e-01,5.997943708577e-01
9.688484424221e-01,5.998557466675e-01
9.692484624231e-01,5.999155151591e-01
9.696484824241e-01,5.999736475034e-01
9.700485024251e-01,6.000301211131e-01
9.704485224261e-01,6.000849196973e-01
9.708485424271e-01,6.001380332906e-01
9.712485624281e-01,6.001894582574e-01
9.716485824291e-01,6.002391972744e-01
9.720486024301e-01,6.002872592920e-01
9.724486224311e-01,6.003336594713e-01
9.728486424321e-01,6.003784190961e-01
9.732486624331e-01,6.004215654677e-01
9.736486824341e-01,6.004631317780e-01
9.740487024351e-01,6.005031569585e-01
9.744487224361e-01,6.005416855107e-01
9.748487424371e-01,6.005787673184e-01
9.752487624381e-01,6.006144574421e-01
9.756487824391e-01,6.006488158913e-01
9.760488024401e-01,6.006819073793e-01
9.764488224411e-01,6.007138010703e-01
9.768488424421e-01,6.007445703035e-01
9.772488624431e-01,6.007742923043e-01
9.776488824441e-01,6.008030478850e-01
9.780489024451e-01,6.008309211318e-01
9.784489224461e-01,6.008579990810e-01
9.788489424471e-01,6.008843713854e-01
9.792489624481e-01,6.009101299744e-01
9.796489824491e-01,6.009353687047e-01
9.800490024501e-01,6.009601830057e-01
9.804490224511e-01,6.009846695215e-01
9.808490424521e-01,6.010089257487e-01
9.812490624531e-01,6.010330496720e-01
9.816490824541e-01,6.010571394004e-01
9.820491024551e-01,6.010812928037e-01
9.824491224561e-01,6.011056071508e-01
9.828491424571e-01,6.011301787520e-01
9.832491624581e-01,6.011551026060e-01
9.836491824591e-01,6.011804720524e-01
9.840492024601e-01,6.012063784332e-01
9.844492224611e-01,6.012329107608e-01
9.848492424621e-01,6.012601553975e-01
9.852492624631e-01,6.012881957457e-01
9.856492824641e-01,6.013171119493e-01
9.860493024651e-01,6.013469806099e-01
9.864493224661e-01,6.013778745169e-01
9.868493424671e-01,6.014098623918e-01
9.872493624681e-01,6.014430086502e-01
9.876493824691e-01,6.014773731802e-01
9.880494024701e-01,6.015130111390e-01
9.884494224711e-01,6.015499727667e-01
9.888494424721e-01,6.015883032225e-01
9.892494624731e-01,6.016280424378e-01
9.896494824741e-01,6.016692249901e-01
9.900495024751e-01,6.017118799991e-01
9.904495224761e-01,6.017560310423e-01
9.908495424771e-01,6.018016960919e-01
9.912495624781e-01,6.018488874734e-01
9.916495824791e-01,6.018976118480e-01
9.920496024801e-01,6.019478702114e-01
9.924496224811e-01,6.019996579174e-01
9.928496424821e-01,6.020529647230e-01
9.932496624831e-01,6.021077748522e-01
9.936496824841e-01,6.021640670801e-01
9.940497024851e-01,6.022218148384e-01
9.944497224861e-01,6.022809863429e-01
9.948497424871e-01,6.023415447331e-01
9.952497624881e-01,6.024034482344e-01
9.956497824891e-01,6.024666503382e-01
9.960498024901e-01,6.025310999972e-01
9.964498224911e-01,6.025967418350e-01
9.968498424921e-01,6.026635163727e-01
9.972498624931e-01,6.027313602704e-01
9.976498824941e-01,6.028002065790e-01
9.980499024951e-01,6.028699850031e-01
9.984499224961e-01,6.029406221776e-01
9.988499424971e-01,6.030120419523e-01
9.992499624981e-01,6.030841656842e-01
9.996499824991e-01,6.031569125379e-01
1.000050002500e+00,6.032301997920e-01
1.000450022501e+00,6.033039431516e-01
1.000850042502e+00,6.033780570605e-01
1.001250062503e+00,6.034524550205e-01
1.001650082504e+00,6.035270499091e-01
1.002050102505e+00,6.036017542987e-01
1.002450122506e+00,6.036764807734e-01
1.002850142507e+00,6.037511422453e-01
1.003250162508e+00,6.038256522660e-01
1.003650182509e+00,6.038999253344e-01
1.004050202510e+00,6.039738771986e-01
1.004450222511e+00,6.040474251517e-01
1.004850242512e+00,6.041204883197e-01
1.005250262513e+00,6.041929879416e-01
1.005650282514e+00,6.042648476386e-01
1.006050302515e+00,6.043359936745e-01
1.006450322516e+00,6.044063552044e-01
1.006850342517e+00,6.044758645116e-01
1.007250362518e+00,6.045444572317e-01
1.007650382519e+00,6.046120725638e-01
1.008050402520e+00,6.046786534679e-01
1.008450422521e+00,6.047441468462e-01
1.008850442522e+00,6.048085037117e-01
1.009250462523e+00,6.048716793406e-01
1.009650482524e+00,6.049336334076e-01
1.010050502525e+00,6.049943301062e-01
1.010450522526e+00,6.050537382532e-01
1.010850542527e+00,6.051118313756e-01
1.011250562528e+00,6.051685877784e-01
1.011650582529e+00,6.052239905992e-01
1.012050602530e+00,6.052780278447e-01
1.012450622531e+00,6.053306924079e-01
1.012850642532e+00,6.053819820702e-01
1.013250662533e+00,6.054318994866e-01
1.013650682534e+00,6.054804521546e-01
1.014050702535e+00,6.055276523636e-01
1.014450722536e+00,6.055735171290e-01
1.014850742537e+00,6.056180681147e-01
1.015250762538e+00,6.056613315343e-01
1.015650782539e+00,6.057033380383e-01
1.016050802540e+00,6.057441225881e-01
1.016450822541e+00,6.057837243161e-01
1.016850842542e+00,6.058221863709e-01
1.017250862543e+00,6.058595557463e-01
1.017650882544e+00,6.058958831005e-01
1.018050902545e+00,6.059312225681e-01
1.018450922546e+00,6.059656315526e-01
1.018850942547e+00,6.059991705127e-01
1.019250962548e+00,6.060319027385e-01
1.019650982549e+00,6.060638941189e-01
1.020051002550e+00,6.060952129002e-01
1.020451022551e+00,6.061259294371e-01
1.020851042552e+00,6.061561159393e-01
1.021251062553e+00,6.061858462108e-01
1.021651082554e+00,6.062151953849e-01
1.022051102555e+00,6.062442396563e-01
1.022451122556e+00,6.062730560100e-01
1.022851142557e+00,6.063017219482e-01
1.023251162558e+00,6.063303152166e-01
1.023651182559e+00,6.063589135316e-01
1.024051202560e+00,6.063875943073e-01
1.024451222561e+00,6.064164343855e-01
1.024851242562e+00,6.064455097682e-01
1.025251262563e+00,6.064748953544e-01
1.025651282564e+00,6.065046646816e-01
1.026051302565e+00,6.065348896728e-01
1.026451322566e+00,6.065656403907e-01
1.026851342567e+00,6.065969847986e-01
1.027251362568e+00,6.066289885307e-01
1.027651382569e+00,6.066617146700e-01
1.028051402570e+00,6.066952235373e-01
1.028451422571e+00,6.067295724910e-01
1.028851442572e+00,6.067648157367e-01
1.029251462573e+00,6.068010041501e-01
1.029651482574e+00,6.068381851117e-01
1.030051502575e+00,6.068764023555e-01
1.030451522576e+00,6.069156958289e-01
1.030851542577e+00,6.069561015699e-01
1.031251562578e+00,6.069976515970e-01
1.031651582579e+00,6.070403738130e-01
1.032051602580e+00,6.070842919252e-01
1.032451622581e+00,6.071294253810e-01
1.032851642582e+00,6.071757893176e-01
1.033251662583e+00,6.072233945276e-01
1.033651682584e+00,6.072722474410e-01
1.034051702585e+00,6.073223501239e-01
1.034451722586e+00,6.073737002883e-01
1.034851742587e+00,6.074262913213e-01
1.035251762588e+00,6.074801123291e-01
1.035651782589e+00,6.075351481940e-01
1.036051802590e+00,6.075913796466e-01
1.036451822591e+00,6.076487833528e-01
1.036851842592e+00,6.077073320170e-01
1.037251862593e+00,6.077669944944e-01
1.037651882594e+00,6.078277359175e-01
1.038051902595e+00,6.078895178372e-01
1.038451922596e+00,6.079522983739e-01
1.038851942597e+00,6.080160323798e-01
1.039251962598e+00,6.080806716109e-01
1.039651982599e+00,6.081461649112e-01
1.040052002600e+00,6.082124584061e-01
1.040452022601e+00,6.082794956996e-01
1.040852042602e+00,6.083472180839e-01
1.041252062603e+00,6.084155647542e-01
1.041652082604e+00,6.084844730289e-01
1.042052102605e+00,6.085538785753e-01
1.042452122606e+00,6.086237156398e-01
1.042852142607e+00,6.086939172816e-01
1.043252162608e+00,6.087644156094e-01
1.043652182609e+00,6.088351420181e-01
1.044052202610e+00,6.089060274285e-01
1.044452222611e+00,6.089770025264e-01
1.044852242612e+00,6.090479980003e-01
1.045252262613e+00,6.091189447787e-01
1.045652282614e+00,6.091897742641e-01
1.046052302615e+00,6.092604185644e-01
1.046452322616e+00,6.093308107205e-01
1.046852342617e+00,6.094008849286e-01
1.047252362618e+00,6.094705767581e-01
1.047652382619e+00,6.095398233627e-01
1.048052402620e+00,6.096085636852e-01
1.048452422621e+00,6.096767386555e-01
1.048852442622e+00,6.097442913782e-01
1.049252462623e+00,6.098111673159e-01
1.049652482624e+00,6.098773144595e-01
1.050052502625e+00,6.099426834914e-01
1.050452522626e+00,6.100072279372e-01
1.050852542627e+00,6.100709043088e-01
1.051252562628e+00,6.101336722352e-01
1.051652582629e+00,6.101954945810e-01
1.052052602630e+00,6.102563375571e-01
1.052452622631e+00,6.103161708168e-01
1.052852642632e+00,6.103749675400e-01
1.053252662633e+00,6.104327045064e-01
1.053652682634e+00,6.104893621560e-01
1.054052702635e+00,6.105449246378e-01
1.054452722636e+00,6.105993798432e-01
1.054852742637e+00,6.106527194296e-01
1.055252762638e+00,6.107049388322e-01
1.055652782639e+00,6.107560372603e-01
1.056052802640e+00,6.108060176827e-01
1.056452822641e+00,6.108548868015e-01
1.056852842642e+00,6.109026550136e-01
1.057252862643e+00,6.109493363595e-01
1.057652882644e+00,6.109949484582e-01
1.058052902645e+00,6.110395124354e-01
1.058452922646e+00,6.110830528388e-01
1.058852942647e+00,6.111255975403e-01
1.059252962648e+00,6.111671776293e-01
1.059652982649e+00,6.112078272968e-01
1.060053002650e+00,6.112475837095e-01
1.060453022651e+00,6.112864868741e-01
1.060853042652e+00,6.113245794903e-01
1.061253062653e+00,6.113619068002e-01
1.061653082654e+00,6.113985164291e-01
1.062053102655e+00,6.114344582164e-01
1.062453122656e+00,6.114697840415e-01
1.062853142657e+00,6.115045476441e-01
1.063253162658e+00,6.115388044388e-01
1.063653182659e+00,6.115726113254e-01
1.064053202660e+00,6.116060264922e-01
1.064453222661e+00,6.116391092196e-01
1.064853242662e+00,6.116719196799e-01
1.065253262663e+00,6.117045187331e-01
1.065653282664e+00,6.117369677230e-01
1.066053302665e+00,6.117693282717e-01
1.066453322666e+00,6.118016620742e-01
1.066853342667e+00,6.118340306936e-01
1.067253362668e+00,6.118664953570e-01
1.067653382669e+00,6.118991167543e-01
1.068053402670e+00,6.119319548384e-01
1.068453422671e+00,6.119650686292e-01
1.068853442672e+00,6.119985160219e-01
1.069253462673e+00,6.120323535982e-01
1.069653482674e+00,6.120666364444e-01
1.070053502675e+00,6.121014179748e-01
1.070453522676e+00,6.121367497598e-01
1.070853542677e+00,6.121726813630e-01
1.071253562678e+00,6.122092601842e-01
1.071653582679e+00,6.122465313110e-01
1.072053602680e+00,6.122845373777e-01
1.072453622681e+00,6.123233184343e-01
1.072853642682e+00,6.123629118244e-01
1.073253662683e+00,6.124033520714e-01
1.073653682684e+00,6.124446707761e-01
1.074053702685e+00,6.124868965239e-01
1.074453722686e+00,6.125300548026e-01
1.074853742687e+00,6.125741679301e-01
1.075253762688e+00,6.126192549943e-01
1.075653782689e+00,6.126653318047e-01
1.076053802690e+00,6.127124108523e-01
1.076453822691e+00,6.127605012829e-01
1.076853842692e+00,6.128096088821e-01
1.077253862693e+00,6.128597360707e-01
1.077653882694e+00,6.129108819105e-01
1.078053902695e+00,6.129630421226e-01
1.078453922696e+00,6.130162091175e-01
1.078853942697e+00,6.130703720352e-01
1.079253962698e+00,6.131255167939e-01
1.079653982699e+00,6.131816261522e-01
1.080054002700e+00,6.132386797814e-01
1.080454022701e+00,6.132966543464e-01
1.080854042702e+00,6.133555235960e-01
1.081254062703e+00,6.134152584610e-01
1.081654082704e+00,6.134758271638e-01
1.082054102705e+00,6.135371953386e-01
1.082454122706e+00,6.135993261587e-01
1.082854142707e+00,6.136621804591e-01
1.083254162708e+00,6.137257168836e-01
1.083654182709e+00,6.137898920290e-01
1.084054202710e+00,6.138546605971e-01
1.084454222711e+00,6.139199755512e-01
1.084854242712e+00,6.139857882783e-01
1.085254262713e+00,6.140520487558e-01
1.085654282714e+00,6.141187057217e-01
1.086054302715e+00,6.141857068459e-01
1.086454322716e+00,6.142529989068e-01
1.086854342717e+00,6.143205279682e-01
1.087254362718e+00,6.143882395576e-01
1.087654382719e+00,6.144560788455e-01
1.088054402720e+00,6.145239908244e-01
1.088454422721e+00,6.145919204878e-01
1.088854442722e+00,6.146598130076e-01
1.089254462723e+00,6.147276139102e-01
1.089654482724e+00,6.147952692499e-01
1.090054502725e+00,6.148627257804e-01
1.090454522726e+00,6.149299311220e-01
1.090854542727e+00,6.149968339263e-01
1.091254562728e+00,6.150633840352e-01
1.091654582729e+00,6.151295326356e-01
1.092054602730e+00,6.151952324098e-01
1.092454622731e+00,6.152604376791e-01
1.092854642732e+00,6.153251045416e-01
1.093254662733e+00,6.153891910037e-01
1.093654682734e+00,6.154526571056e-01
1.094054702735e+00,6.155154650380e-01
1.094454722736e+00,6.155775792514e-01
1.094854742737e+00,6.156389665598e-01
1.095254762738e+00,6.156995962343e-01
1.095654782739e+00,6.157594400888e-01
1.096054802740e+00,6.158184725571e-01
1.096454822741e+00,6.158766707628e-01
1.096854842742e+00,6.159340145790e-01
1.097254862743e+00,6.159904866784e-01
1.097654882744e+00,6.160460725747e-01
1.098054902745e+00,6.161007606578e-01
1.098454922746e+00,6.161545422156e-01
1.098854942747e+00,6.162074114487e-01
1.099254962748e+00,6.162593654753e-01
1.099654982749e+00,6.163104043285e-01
1.100055002750e+00,6.163605309436e-01
1.100455022751e+00,6.164097511343e-01
1.100855042752e+00,6.164580735617e-01
1.101255062753e+00,6.165055096973e-01
1.101655082754e+00,6.165520737736e-01
1.102055102755e+00,6.165977827268e-01
1.102455122756e+00,6.166426561325e-01
1.102855142757e+00,6.166867161333e-01
1.103255162758e+00,6.167299873599e-01
1.103655182759e+00,6.167724968432e-01
1.104055202760e+00,6.168142739178e-01
1.104455222761e+00,6.168553501180e-01
1.104855242762e+00,6.168957590772e-01
1.105255262763e+00,6.169355364093e-01
1.105655282764e+00,6.169747195893e-01
1.106055302765e+00,6.170133478289e-01
1.106455322766e+00,6.170514619467e-01
1.106855342767e+00,6.170891042342e-01
1.107255362768e+00,6.171263183165e-01
1.107655382769e+00,6.171631490105e-01
1.108055402770e+00,6.171996421806e-01
1.108455422771e+00,6.172358445902e-01
1.108855442772e+00,6.172718037515e-01
1.109255462773e+00,6.173075677743e-01
1.109655482774e+00,6.173431852122e-01
1.110055502775e+00,6.173787049094e-01
1.110455522776e+00,6.174141758460e-01
1.110855542777e+00,6.174496469839e-01
1.111255562778e+00,6.174851671138e-01
1.111655582779e+00,6.175207847026e-01
1.112055602780e+00,6.175565477431e-01
1.112455622781e+00,6.175925036050e-01
1.112855642782e+00,6.176286988890e-01
1.113255662783e+00,6.176651792835e-01
1.113655682784e+00,6.177019894256e-01
1.114055702785e+00,6.177391727644e-01
1.114455722786e+00,6.177767714300e-01
1.114855742787e+00,6.178148261063e-01
1.115255762788e+00,6.178533759097e-01
1.115655782789e+00,6.178924582719e-01
1.116055802790e+00,6.179321088293e-01
1.116455822791e+00,6.179723613195e-01
1.116855842792e+00,6.180132474822e-01
1.117255862793e+00,6.180547969679e-01
1.117655882794e+00,6.180970372535e-01
1.118055902795e+00,6.181399935654e-01
1.118455922796e+00,6.181836888093e-01
1.118855942797e+00,6.182281435074e-01
1.119255962798e+00,6.182733757446e-01
1.119655982799e+00,6.183194011232e-01
1.120056002800e+00,6.183662327220e-01
1.120456022801e+00,6.184138810671e-01
1.120856042802e+00,6.184623541103e-01
1.121256062803e+00,6.185116572144e-01
1.121656082804e+00,6.185617931475e-01
1.122056102805e+00,6.186127620847e-01
1.122456122806e+00,6.186645616201e-01
1.122856142807e+00,6.187171867859e-01
1.123256162808e+00,6.187706300767e-01
1.123656182809e+00,6.188248814854e-01
1.124056202810e+00,6.188799285455e-01
1.124456222811e+00,6.189357563805e-01
1.124856242812e+00,6.189923477604e-01
1.125256262813e+00,6.190496831658e-01
1.125656282814e+00,6.191077408594e-01
1.126056302815e+00,6.191664969637e-01
1.126456322816e+00,6.192259255434e-01
1.126856342817e+00,6.192859986957e-01
1.127256362818e+00,6.193466866462e-01
1.127656382819e+00,6.194079578491e-01
1.128056402820e+00,6.194697790926e-01
1.128456422821e+00,6.195321156087e-01
1.128856442822e+00,6.195949311889e-01
1.129256462823e+00,6.196581883029e-01
1.129656482824e+00,6.197218482180e-01
1.130056502825e+00,6.197858711255e-01
1.130456522826e+00,6.198502162680e-01
1.130856542827e+00,6.199148420688e-01
1.131256562828e+00,6.199797062629e-01
1.131656582829e+00,6.200447660303e-01
1.132056602830e+00,6.201099781293e-01
1.132456622831e+00,6.201752990315e-01
1.132856642832e+00,6.202406850552e-01
1.133256662833e+00,6.203060924997e-01
1.133656682834e+00,6.203714777790e-01
1.134056702835e+00,6.204367975537e-01
1.134456722836e+00,6.205020088618e-01
1.134856742837e+00,6.205670692475e-01
1.135256762838e+00,6.206319368881e-01
1.135656782839e+00,6.206965707169e-01
1.136056802840e+00,6.207609305454e-01
1.136456822841e+00,6.208249771799e-01
1.136856842842e+00,6.208886725359e-01
1.137256862843e+00,6.209519797477e-01
1.137656882844e+00,6.210148632742e-01
1.138056902845e+00,6.210772890004e-01
1.138456922846e+00,6.211392243328e-01
1.138856942847e+00,6.212006382904e-01
1.139256962848e+00,6.212615015915e-01
1.139656982849e+00,6.213217867335e-01
1.140057002850e+00,6.213814680666e-01
1.140457022851e+00,6.214405218632e-01
1.140857042852e+00,6.214989263803e-01
1.141257062853e+00,6.215566619159e-01
1.141657082854e+00,6.216137108580e-01
1.142057102855e+00,6.216700577279e-01
1.142457122856e+00,6.217256892182e-01
1.142857142857e+00,6.217805942222e-01
1.143257162858e+00,6.218347638573e-01
1.143657182859e+00,6.218881914815e-01
1.144057202860e+00,6.219408727045e-01
1.144457222861e+00,6.219928053911e-01
1.144857242862e+00,6.220439896566e-01
1.145257262863e+00,6.220944278565e-01
1.145657282864e+00,6.221441245720e-01
1.146057302865e+00,6.221930865859e-01
1.146457322866e+00,6.222413228532e-01
1.146857342867e+00,6.222888444648e-01
1.147257362868e+00,6.223356646066e-01
1.147657382869e+00,6.223817985121e-01
1.148057402870e+00,6.224272634084e-01
1.148457422871e+00,6.224720784553e-01
1.148857442872e+00,6.225162646821e-01
1.149257462873e+00,6.225598449184e-01
1.149657482874e+00,6.226028437183e-01
1.150057502875e+00,6.226452872803e-01
1.150457522876e+00,6.226872033636e-01
1.150857542877e+00,6.227286212002e-01
1.151257562878e+00,6.227695714022e-01
1.151657582879e+00,6.228100858654e-01
1.152057602880e+00,6.228501976689e-01
1.152457622881e+00,6.228899409751e-01
1.152857642882e+00,6.229293509221e-01
1.153257662883e+00,6.229684635173e-01
1.153657682884e+00,6.230073155263e-01
1.154057702885e+00,6.230459443623e-01
1.154457722886e+00,6.230843879722e-01
1.154857742887e+00,6.231226847231e-01
1.155257762888e+00,6.231608732856e-01
1.155657782889e+00,6.231989925198e-01
1.156057802890e+00,6.232370813591e-01
1.156457822891e+00,6.232751786945e-01
1.156857842892e+00,6.233133232602e-01
1.157257862893e+00,6.233515535192e-01
1.157657882894e+00,6.233899075509e-01
1.158057902895e+00,6.234284229398e-01
1.158457922896e+00,6.234671366662e-01
1.158857942897e+00,6.235060849994e-01
1.159257962898e+00,6.235453033930e-01
1.159657982899e+00,6.235848263832e-01
1.160058002900e+00,6.236246874905e-01
1.160458022901e+00,6.236649191242e-01
1.160858042902e+00,6.237055524910e-01
1.161258062903e+00,6.237466175073e-01
1.161658082904e+00,6.237881427165e-01
1.162058102905e+00,6.238301552094e-01
1.162458122906e+00,6.238726805497e-01
1.162858142907e+00,6.239157427050e-01
1.163258162908e+00,6.239593639825e-01
1.163658182909e+00,6.240035649689e-01
1.164058202910e+00,6.240483644768e-01
1.164458222911e+00,6.240937794964e-01
1.164858242912e+00,6.241398251536e-01
1.165258262913e+00,6.241865146710e-01
1.165658282914e+00,6.242338593379e-01
1.166058302915e+00,6.242818684846e-01
1.166458322916e+00,6.243305494633e-01
1.166858342917e+00,6.243799076338e-01
1.167258362918e+00,6.244299463559e-01
1.167658382919e+00,6.244806669879e-01
1.168058402920e+00,6.245320688926e-01
1.168458422921e+00,6.245841494454e-01
1.168858442922e+00,6.246369040505e-01
1.169258462923e+00,6.246903261636e-01
1.169658482924e+00,6.247444073193e-01
1.170058502925e+00,6.247991371638e-01
1.170458522926e+00,6.248545034927e-01
1.170858542927e+00,6.249104922947e-01
1.171258562928e+00,6.249670878015e-01
1.171658582929e+00,6.250242725425e-01
1.172058602930e+00,6.250820273996e-01
1.172458622931e+00,6.251403316731e-01
1.172858642932e+00,6.251991631480e-01
1.173258662933e+00,6.252584981662e-01
1.173658682934e+00,6.253183117010e-01
1.174058702935e+00,6.253785774361e-01
1.174458722936e+00,6.254392678473e-01
1.174858742937e+00,6.255003542901e-01
1.175258762938e+00,6.255618070862e-01
1.175658782939e+00,6.256235956138e-01
1.176058802940e+00,6.256856884015e-01
1.176458822941e+00,6.257480532234e-01
1.176858842942e+00,6.258106571951e-01
1.177258862943e+00,6.258734668723e-01
1.177658882944e+00,6.259364483495e-01
1.178058902945e+00,6.259995673603e-01
1.178458922946e+00,6.260627893780e-01
1.178858942947e+00,6.261260797160e-01
1.179258962948e+00,6.261894036281e-01
1.179658982949e+00,6.262527264093e-01
1.180059002950e+00,6.263160134948e-01
1.180459022951e+00,6.263792305590e-01
1.180859042952e+00,6.264423436128e-01
1.181259062953e+00,6.265053190992e-01
1.181659082954e+00,6.265681239878e-01
1.182059102955e+00,6.266307258664e-01
1.182459122956e+00,6.266930930315e-01
1.182859142957e+00,6.267551945751e-01
1.183259162958e+00,6.268170004696e-01
1.183659182959e+00,6.268784816491e-01
1.184059202960e+00,6.269396100884e-01
1.184459222961e+00,6.270003588781e-01
1.184859242962e+00,6.270607022954e-01
1.185259262963e+00,6.271206158724e-01
1.185659282964e+00,6.271800764600e-01
1.186059302965e+00,6.272390622882e-01
1.186459322966e+00,6.272975530208e-01
1.186859342967e+00,6.273555298071e-01
1.187259362968e+00,6.274129753292e-01
1.187659382969e+00,6.274698738441e-01
1.188059402970e+00,6.275262112216e-01
1.188459422971e+00,6.275819749758e-01
1.188859442972e+00,6.276371542950e-01
1.189259462973e+00,6.276917400647e-01
1.189659482974e+00,6.277457248859e-01
1.190059502975e+00,6.277991030880e-01
1.190459522976e+00,6.278518707383e-01
1.190859542977e+00,6.279040256462e-01
1.191259562978e+00,6.279555673617e-01
1.191659582979e+00,6.280064971687e-01
1.192059602980e+00,6.280568180741e-01
1.192459622981e+00,6.281065347941e-01
1.192859642982e+00,6.281556537326e-01
1.193259662983e+00,6.282041829567e-01
1.193659682984e+00,6.282521321668e-01
1.194059702985e+00,6.282995126636e-01
1.194459722986e+00,6.283463373104e-01
1.194859742987e+00,6.283926204903e-01
1.195259762988e+00,6.284383780590e-01
1.195659782989e+00,6.284836272951e-01
1.196059802990e+00,6.285283868477e-01
1.196459822991e+00,6.285726766772e-01
1.196859842992e+00,6.286165179947e-01
1.197259862993e+00,6.286599331980e-01
1.197659882994e+00,6.287029458045e-01
1.198059902995e+00,6.287455803816e-01
1.198459922996e+00,6.287878624736e-01
1.198859942997e+00,6.288298185257e-01
1.199259962998e+00,6.288714758079e-01
1.199659982999e+00,6.289128623359e-01
1.200060003000e+00,6.289540067893e-01
1.200460023001e+00,6.289949384295e-01
1.200860043002e+00,6.290356870156e-01
1.201260063003e+00,6.290762827198e-01
1.201660083004e+00,6.291167560416e-01
1.202060103005e+00,6.291571377215e-01
1.202460123006e+00,6.291974586540e-01
1.202860143007e+00,6.292377498014e-01
1.203260163008e+00,6.292780421070e-01
1.203660183009e+00,6.293183664091e-01
1.204060203010e+00,6.293587533552e-01
1.204460223011e+00,6.293992333175e-01
1.204860243012e+00,6.294398363093e-01
1.205260263013e+00,6.294805919024e-01
1.205660283014e+00,6.295215291469e-01
1.206060303015e+00,6.295626764921e-01
1.206460323016e+00,6.296040617092e-01
1.206860343017e+00,6.296457118169e-01
1.207260363018e+00,6.296876530091e-01
1.207660383019e+00,6.297299105848e-01
1.208060403020e+00,6.297725088813e-01
1.208460423021e+00,6.298154712096e-01
1.208860443022e+00,6.298588197944e-01
1.209260463023e+00,6.299025757163e-01
1.209660483024e+00,6.299467588566e-01
1.210060503025e+00,6.299913878476e-01
1.210460523026e+00,6.300364800254e-01
1.210860543027e+00,6.300820513867e-01
1.211260563028e+00,6.301281165495e-01
1.211660583029e+00,6.301746887177e-01
1.212060603030e+00,6.302217796500e-01
1.212460623031e+00,6.302693996341e-01
1.212860643032e+00,6.303175574625e-01
1.213260663033e+00,6.303662604142e-01
1.213660683034e+00,6.304155142412e-01
1.214060703035e+00,6.304653231585e-01
1.214460723036e+00,6.305156898383e-01
1.214860743037e+00,6.305666154086e-01
1.215260763038e+00,6.306180994562e-01
1.215660783039e+00,6.306701400349e-01
1.216060803040e+00,6.307227336776e-01
1.216460823041e+00,6.307758754097e-01
1.216860843042e+00,6.308295587711e-01
1.217260863043e+00,6.308837758393e-01
1.217660883044e+00,6.309385172577e-01
1.218060903045e+00,6.309937722669e-01
1.218460923046e+00,6.310495287399e-01
1.218860943047e+00,6.311057732218e-01
1.219260963048e+00,6.311624909726e-01
1.219660983049e+00,6.312196660126e-01
1.220061003050e+00,6.312772811710e-01
1.220461023051e+00,6.313353181390e-01
1.220861043052e+00,6.313937575246e-01
1.221261063053e+00,6.314525789102e-01
1.221661083054e+00,6.315117609127e-01
1.222061103055e+00,6.315712812463e-01
1.222461123056e+00,6.316311167868e-01
1.222861143057e+00,6.316912436404e-01
1.223261163058e+00,6.317516372101e-01
1.223661183059e+00,6.318122722660e-01
1.224061203060e+00,6.318731230178e-01
1.224461223061e+00,6.319341631870e-01
1.224861243062e+00,6.319953660804e-01
1.225261263063e+00,6.320567046646e-01
1.225661283064e+00,6.321181516408e-01
1.226061303065e+00,6.321796795202e-01
1.226461323066e+00,6.322412606995e-01
1.226861343067e+00,6.323028675361e-01
1.227261363068e+00,6.323644724230e-01
1.227661383069e+00,6.324260478634e-01
1.228061403070e+00,6.324875665445e-01
1.228461423071e+00,6.325490014107e-01
1.228861443072e+00,6.326103257352e-01
1.229261463073e+00,6.326715131910e-01
1.229661483074e+00,6.327325379200e-01
1.230061503075e+00,6.327933746000e-01
1.230461523076e+00,6.328539985113e-01
1.230861543077e+00,6.329143856003e-01
1.231261563078e+00,6.329745125412e-01
1.231661583079e+00,6.330343567951e-01
1.232061603080e+00,6.330938966674e-01
1.232461623081e+00,6.331531113628e-01
1.232861643082e+00,6.332119810364e-01
1.233261663083e+00,6.332704868430e-01
1.233661683084e+00,6.333286109829e-01
1.234061703085e+00,6.333863367456e-01
1.234461723086e+00,6.334436485497e-01
1.234861743087e+00,6.335005319795e-01
1.235261763088e+00,6.335569738183e-01
1.235661783089e+00,6.336129620791e-01
1.236061803090e+00,6.336684860316e-01
1.236461823091e+00,6.337235362253e-01
1.236861843092e+00,6.337781045084e-01
1.237261863093e+00,6.338321840450e-01
1.237661883094e+00,6.338857693284e-01
1.238061903095e+00,6.339388561894e-01
1.238461923096e+00,6.339914418022e-01
1.238861943097e+00,6.340435246860e-01
1.239261963098e+00,6.340951047043e-01
1.239661983099e+00,6.341461830600e-01
1.240062003100e+00,6.341967622866e-01
1.240462023101e+00,6.342468462352e-01
1.240862043102e+00,6.342964400594e-01
1.241262063103e+00,6.343455501981e-01
1.241662083104e+00,6.343941843522e-01
1.242062103105e+00,6.344423514598e-01
1.242462123106e+00,6.344900616665e-01
1.242862143107e+00,6.345373262950e-01
1.243262163108e+00,6.345841578108e-01
1.243662183109e+00,6.346305697856e-01
1.244062203110e+00,6.346765768570e-01
1.244462223111e+00,6.347221946854e-01
1.244862243112e+00,6.347674399063e-01
1.245262263113e+00,6.348123300850e-01
1.245662283114e+00,6.348568836701e-01
1.246062303115e+00,6.349011199373e-01
1.246462323116e+00,6.349450589368e-01
1.246862343117e+00,6.349887214377e-01
1.247262363118e+00,6.350321288710e-01
1.247662383119e+00,6.350753032706e-01
1.248062403120e+00,6.351182672132e-01
1.248462423121e+00,6.351610437568e-01
1.248862443122e+00,6.352036563778e-01
1.249262463123e+00,6.352461289092e-01
1.249662483124e+00,6.352884854757e-01
1.250062503125e+00,6.353307504294e-01
1.250462523126e+00,6.353729482851e-01
1.250862543127e+00,6.354151036556e-01
1.251262563128e+00,6.354572411864e-01
1.251662583129e+00,6.354993854911e-01
1.252062603130e+00,6.355415610871e-01
1.252462623131e+00,6.355837923312e-01
1.252862643132e+00,6.356261033568e-01
1.253262663133e+00,6.356685180115e-01
1.253662683134e+00,6.357110597950e-01
1.254062703135e+00,6.357537517997e-01
1.254462723136e+00,6.357966166509e-01
1.254862743137e+00,6.358396764498e-01
1.255262763138e+00,6.358829527171e-01
1.255662783139e+00,6.359264663394e-01
1.256062803140e+00,6.359702375163e-01
1.256462823141e+00,6.360142857105e-01
1.256862843142e+00,6.360586295993e-01
1.257262863143e+00,6.361032870287e-01
1.257662883144e+00,6.361482749704e-01
1.258062903145e+00,6.361936094799e-01
1.258462923146e+00,6.362393056580e-01
1.258862943147e+00,6.362853776154e-01
1.259262963148e+00,6.363318384401e-01
1.259662983149e+00,6.363787001658e-01
1.260063003150e+00,6.364259737450e-01
1.260463023151e+00,6.364736690249e-01
1.260863043152e+00,6.365217947256e-01
1.261263063153e+00,6.365703584218e-01
1.261663083154e+00,6.366193665273e-01
1.262063103155e+00,6.366688242822e-01
1.262463123156e+00,6.367187357449e-01
1.262863143157e+00,6.367691037863e-01
1.263263163158e+00,6.368199300854e-01
1.263663183159e+00,6.368712151305e-01
1.264063203160e+00,6.369229582228e-01
1.264463223161e+00,6.369751574824e-01
1.264863243162e+00,6.370278098586e-01
1.265263263163e+00,6.370809111412e-01
1.265663283164e+00,6.371344559764e-01
1.266063303165e+00,6.371884378854e-01
1.266463323166e+00,6.372428492871e-01
1.266863343167e+00,6.372976815202e-01
1.267263363168e+00,6.373529248701e-01
1.267663383169e+00,6.374085685989e-01
1.268063403170e+00,6.374646009771e-01
1.268463423171e+00,6.375210093183e-01
1.268863443172e+00,6.375777800155e-01
1.269263463173e+00,6.376348985793e-01
1.269663483174e+00,6.376923496792e-01
1.270063503175e+00,6.377501171867e-01
1.270463523176e+00,6.378081842214e-01
1.270863543177e+00,6.378665331959e-01
1.271263563178e+00,6.379251458636e-01
1.271663583179e+00,6.379840033691e-01
1.272063603180e+00,6.380430862992e-01
1.272463623181e+00,6.381023747350e-01
1.272863643182e+00,6.381618483046e-01
1.273263663183e+00,6.382214862372e-01
1.273663683184e+00,6.382812674180e-01
1.274063703185e+00,6.383411704438e-01
1.274463723186e+00,6.384011736794e-01
1.274863743187e+00,6.384612553126e-01
1.275263763188e+00,6.385213934114e-01
1.275663783189e+00,6.385815659801e-01
1.276063803190e+00,6.386417510156e-01
1.276463823191e+00,6.387019265637e-01
1.276863843192e+00,6.387620707746e-01
1.277263863193e+00,6.388221619577e-01
1.277663883194e+00,6.388821786366e-01
1.278063903195e+00,6.389420996021e-01
1.278463923196e+00,6.390019039652e-01
1.278863943197e+00,6.390615712087e-01
1.279263963198e+00,6.391210812373e-01
1.279663983199e+00,6.391804144273e-01
1.280064003200e+00,6.392395516733e-01
1.280464023201e+00,6.392984744352e-01
1.280864043202e+00,6.393571647824e-01
1.281264063203e+00,6.394156054366e-01
1.281664083204e+00,6.394737798120e-01
1.282064103205e+00,6.395316720548e-01
1.282464123206e+00,6.395892670804e-01
1.282864143207e+00,6.396465506077e-01
1.283264163208e+00,6.397035091917e-01
1.283664183209e+00,6.397601302540e-01
1.284064203210e+00,6.398164021110e-01
1.284464223211e+00,6.398723139994e-01
1.284864243212e+00,6.399278561002e-01
1.285264263213e+00,6.399830195582e-01
1.285664283214e+00,6.400377965006e-01
1.286064303215e+00,6.400921800537e-01
1.286464323216e+00,6.401461643556e-01
1.286864343217e+00,6.401997445668e-01
1.287264363218e+00,6.402529168779e-01
1.287664383219e+00,6.403056785153e-01
1.288064403220e+00,6.403580277447e-01
1.288464423221e+00,6.404099638710e-01
1.288864443222e+00,6.404614872359e-01
1.289264463223e+00,6.405125992119e-01
1.289664483224e+00,6.405633021962e-01
1.290064503225e+00,6.406135996014e-01
1.290464523226e+00,6.406634958418e-01
1.290864543227e+00,6.407129963189e-01
1.291264563228e+00,6.407621074044e-01
1.291664583229e+00,6.408108364205e-01
1.292064603230e+00,6.408591916189e-01
1.292464623231e+00,6.409071821562e-01
1.292864643232e+00,6.409548180678e-01
1.293264663233e+00,6.410021102384e-01
1.293664683234e+00,6.410490703746e-01
1.294064703235e+00,6.410957109709e-01
1.294464723236e+00,6.411420452765e-01
1.294864743237e+00,6.411880872594e-01
1.295264763238e+00,6.412338515691e-01
1.295664783239e+00,6.412793534982e-01
1.296064803240e+00,6.413246089422e-01
1.296464823241e+00,6.413696343582e-01
1.296864843242e+00,6.414144467211e-01
1.297264863243e+00,6.414590634802e-01
1.297664883244e+00,6.415035025151e-01
1.298064903245e+00,6.415477820896e-01
1.298464923246e+00,6.415919208046e-01
1.298864943247e+00,6.416359375518e-01
1.299264963248e+00,6.416798514653e-01
1.299664983249e+00,6.417236818740e-01
1.300065003250e+00,6.417674482530e-01
1.300465023251e+00,6.418111701753e-01
1.300865043252e+00,6.418548672625e-01
1.301265063253e+00,6.418985591369e-01
1.301665083254e+00,6.419422653729e-01
1.302065103255e+00,6.419860054490e-01
1.302465123256e+00,6.420297987001e-01
1.302865143257e+00,6.420736642703e-01
1.303265163258e+00,6.421176210667e-01
1.303665183259e+00,6.421616877135e-01
1.304065203260e+00,6.422058825069e-01
1.304465223261e+00,6.422502233718e-01
1.304865243262e+00,6.422947278192e-01
1.305265263263e+00,6.423394129035e-01
1.305665283264e+00,6.423842951835e-01
1.306065303265e+00,6.424293906827e-01
1.306465323266e+00,6.424747148520e-01
1.306865343267e+00,6.425202825344e-01
1.307265363268e+00,6.425661079297e-01
1.307665383269e+00,6.426122045624e-01
1.308065403270e+00,6.426585852515e-01
1.308465423271e+00,6.427052620813e-01
1.308865443272e+00,6.427522463742e-01
1.309265463273e+00,6.427995486657e-01
1.309665483274e+00,6.428471786818e-01
1.310065503275e+00,6.428951453181e-01
1.310465523276e+00,6.429434566210e-01
1.310865543277e+00,6.429921197710e-01
1.311265563278e+00,6.430411410682e-01
1.311665583279e+00,6.430905259202e-01
1.312065603280e+00,6.431402788335e-01
1.312465623281e+00,6.431904034041e-01
1.312865643282e+00,6.432409023127e-01
1.313265663283e+00,6.432917773217e-01
1.313665683284e+00,6.433430292746e-01
1.314065703285e+00,6.433946580973e-01
1.314465723286e+00,6.434466628014e-01
1.314865743287e+00,6.434990414902e-01
1.315265763288e+00,6.435517913665e-01
1.315665783289e+00,6.436049087436e-01
1.316065803290e+00,6.436583890583e-01
1.316465823291e+00,6.437122268834e-01
1.316865843292e+00,6.437664159453e-01
1.317265863293e+00,6.438209491424e-01
1.317665883294e+00,6.438758185659e-01
1.318065903295e+00,6.439310155219e-01
1.318465923296e+00,6.439865305557e-01
1.318865943297e+00,6.440423534771e-01
1.319265963298e+00,6.440984733875e-01
1.319665983299e+00,6.441548787102e-01
1.320066003300e+00,6.442115572209e-01
1.320466023301e+00,6.442684960815e-01
1.320866043302e+00,6.443256818697e-01
1.321266063303e+00,6.443831006159e-01
1.321666083304e+00,6.444407378390e-01
1.322066103305e+00,6.444985785835e-01
1.322466123306e+00,6.445566074569e-01
1.322866143307e+00,6.446148086692e-01
1.323266163308e+00,6.446731660715e-01
1.323666183309e+00,6.447316631966e-01
1.324066203310e+00,6.447902833001e-01
1.324466223311e+00,6.448490094019e-01
1.324866243312e+00,6.449078243281e-01
1.325266263313e+00,6.449667107517e-01
1.325666283314e+00,6.450256512355e-01
1.326066303315e+00,6.450846282745e-01
1.326466323316e+00,6.451436243378e-01
1.326866343317e+00,6.452026219104e-01
1.327266363318e+00,6.452616035354e-01
1.327666383319e+00,6.453205518553e-01
1.328066403320e+00,6.453794496527e-01
1.328466423321e+00,6.454382798912e-01
1.328866443322e+00,6.454970257549e-01
1.329266463323e+00,6.455556706880e-01
1.329666483324e+00,6.456141984326e-01
1.330066503325e+00,6.456725930666e-01
1.330466523326e+00,6.457308390397e-01
1.330866543327e+00,6.457889212093e-01
1.331266563328e+00,6.458468248748e-01
1.331666583329e+00,6.459045358102e-01
1.332066603330e+00,6.459620402967e-01
1.332466623331e+00,6.460193251520e-01
1.332866643332e+00,6.460763777603e-01
1.333266663333e+00,6.461331860998e-01
1.333666683334e+00,6.461897387686e-01
1.334066703335e+00,6.462460250090e-01
1.334466723336e+00,6.463020347305e-01
1.334866743337e+00,6.463577585311e-01
1.335266763338e+00,6.464131877168e-01
1.335666783339e+00,6.464683143197e-01
1.336066803340e+00,6.465231311127e-01
1.336466823341e+00,6.465776316242e-01
1.336866843342e+00,6.466318101513e-01
1.337266863343e+00,6.466856617692e-01
1.337666883344e+00,6.467391823404e-01
1.338066903345e+00,6.467923685207e-01
1.338466923346e+00,6.468452177645e-01
1.338866943347e+00,6.468977283277e-01
1.339266963348e+00,6.469498992693e-01
1.339666983349e+00,6.470017304500e-01
1.340067003350e+00,6.470532225290e-01
1.340467023351e+00,6.471043769595e-01
1.340867043352e+00,6.471551959836e-01
1.341267063353e+00,6.472056826235e-01
1.341667083354e+00,6.472558406711e-01
1.342067103355e+00,6.473056746764e-01
1.342467123356e+00,6.473551899343e-01
1.342867143357e+00,6.474043924697e-01
1.343267163358e+00,6.474532890205e-01
1.343667183359e+00,6.475018870201e-01
1.344067203360e+00,6.475501945760e-01
1.344467223361e+00,6.475982204486e-01
1.344867243362e+00,6.476459740300e-01
1.345267263363e+00,6.476934653190e-01
1.345667283364e+00,6.477407048954e-01
1.346067303365e+00,6.477877038935e-01
1.346467323366e+00,6.478344739742e-01
1.346867343367e+00,6.478810272961e-01
1.347267363368e+00,6.479273764855e-01
1.347667383369e+00,6.479735346058e-01
1.348067403370e+00,6.480195151250e-01
1.348467423371e+00,6.480653318823e-01
1.348867443372e+00,6.481109990563e-01
1.349267463373e+00,6.481565311302e-01
1.349667483374e+00,6.482019428571e-01
1.350067503375e+00,6.482472492247e-01
1.350467523376e+00,6.482924654202e-01
1.350867543377e+00,6.483376067937e-01
1.351267563378e+00,6.483826888230e-01
1.351667583379e+00,6.484277270767e-01
1.352067603380e+00,6.484727371779e-01
1.352467623381e+00,6.485177347680e-01
1.352867643382e+00,6.485627354703e-01
1.353267663383e+00,6.486077548540e-01
1.353667683384e+00,6.486528083987e-01
1.354067703385e+00,6.486979114585e-01
1.354467723386e+00,6.487430792270e-01
1.354867743387e+00,6.487883267031e-01
1.355267763388e+00,6.488336686569e-01
1.355667783389e+00,6.488791195960e-01
1.356067803390e+00,6.489246937333e-01
1.356467823391e+00,6.489704049557e-01
1.356867843392e+00,6.490162667923e-01
1.357267863393e+00,6.490622923851e-01
1.357667883394e+00,6.491084944596e-01
1.358067903395e+00,6.491548852975e-01
1.358467923396e+00,6.492014767096e-01
1.358867943397e+00,6.492482800105e-01
1.359267963398e+00,6.492953059936e-01
1.359667983399e+00,6.493425649091e-01
1.360068003400e+00,6.493900664414e-01
1.360468023401e+00,6.494378196904e-01
1.360868043402e+00,6.494858331507e-01
1.361268063403e+00,6.495341146954e-01
1.361668083404e+00,6.495826715598e-01
1.362068103405e+00,6.496315103276e-01
1.362468123406e+00,6.496806369176e-01
1.362868143407e+00,6.497300565729e-01
1.363268163408e+00,6.497797738506e-01
1.363668183409e+00,6.498297926143e-01
1.364068203410e+00,6.498801160280e-01
1.364468223411e+00,6.499307465520e-01
1.364868243412e+00,6.499816859380e-01
1.365268263413e+00,6.500329352289e-01
1.365668283414e+00,6.500844947588e-01
1.366068303415e+00,6.501363641549e-01
1.366468323416e+00,6.501885423412e-01
1.366868343417e+00,6.502410275430e-01
1.367268363418e+00,6.502938172934e-01
1.367668383419e+00,6.503469084417e-01
1.368068403420e+00,6.504002971635e-01
1.368468423421e+00,6.504539789724e-01
1.368868443422e+00,6.505079487317e-01
1.369268463423e+00,6.505622006681e-01
1.369668483424e+00,6.506167283882e-01
1.370068503425e+00,6.506715248953e-01
1.370468523426e+00,6.507265826074e-01
1.370868543427e+00,6.507818933766e-01
1.371268563428e+00,6.508374485097e-01
1.371668583429e+00,6.508932387896e-01
1.372068603430e+00,6.509492544982e-01
1.372468623431e+00,6.510054854408e-01
1.372868643432e+00,6.510619209720e-01
1.373268663433e+00,6.511185500203e-01
1.373668683434e+00,6.511753611139e-01
1.374068703435e+00,6.512323424092e-01
1.374468723436e+00,6.512894817192e-01
1.374868743437e+00,6.513467665420e-01
1.375268763438e+00,6.514041840902e-01
1.375668783439e+00,6.514617213207e-01
1.376068803440e+00,6.515193649653e-01
1.376468823441e+00,6.515771015609e-01
1.376868843442e+00,6.516349174811e-01
1.377268863443e+00,6.516927989675e-01
1.377668883444e+00,6.517507321614e-01
1.378068903445e+00,6.518087031340e-01
1.378468923446e+00,6.518666979190e-01
1.378868943447e+00,6.519247025437e-01
1.379268963448e+00,6.519827030607e-01
1.379668983449e+00,6.520406855785e-01
1.380069003450e+00,6.520986362927e-01
1.380469023451e+00,6.521565415163e-01
1.380869043452e+00,6.522143877103e-01
1.381269063453e+00,6.522721615127e-01
1.381669083454e+00,6.523298497681e-01
1.382069103455e+00,6.523874395561e-01
1.382469123456e+00,6.524449182191e-01
1.382869143457e+00,6.525022733897e-01
1.383269163458e+00,6.525594930171e-01
1.383669183459e+00,6.526165653920e-01
1.384069203460e+00,6.526734791724e-01
1.384469223461e+00,6.527302234069e-01
1.384869243462e+00,6.527867875574e-01
1.385269263463e+00,6.528431615211e-01
1.385669283464e+00,6.528993356507e-01
1.386069303465e+00,6.529553007749e-01
1.386469323466e+00,6.530110482164e-01
1.386869343467e+00,6.530665698094e-01
1.387269363468e+00,6.531218579157e-01
1.387669383469e+00,6.531769054392e-01
1.388069403470e+00,6.532317058402e-01
1.388469423471e+00,6.532862531475e-01
1.388869443472e+00,6.533405419696e-01
1.389269463473e+00,6.533945675043e-01
1.389669483474e+00,6.534483255463e-01
1.390069503475e+00,6.535018124952e-01
1.390469523476e+00,6.535550253617e-01
1.390869543477e+00,6.536079617706e-01
1.391269563478e+00,6.536606199645e-01
1.391669583479e+00,6.537129988053e-01
1.392069603480e+00,6.537650977741e-01
1.392469623481e+00,6.538169169707e-01
1.392869643482e+00,6.538684571112e-01
1.393269663483e+00,6.539197195239e-01
1.393669683484e+00,6.539707061434e-01
1.394069703485e+00,6.540214195045e-01
1.394469723486e+00,6.540718627358e-01
1.394869743487e+00,6.541220395495e-01
1.395269763488e+00,6.541719542318e-01
1.395669783489e+00,6.542216116305e-01
1.396069803490e+00,6.542710171433e-01
1.396469823491e+00,6.543201767037e-01
1.396869843492e+00,6.543690967663e-01
1.397269863493e+00,6.544177842916e-01
1.397669883494e+00,6.544662467279e-01
1.398069903495e+00,6.545144919936e-01
1.398469923496e+00,6.545625284574e-01
1.398869943497e+00,6.546103649201e-01
1.399269963498e+00,6.546580105937e-01
1.399669983499e+00,6.547054750793e-01
1.400070003500e+00,6.547527683448e-01
1.400470023501e+00,6.547999007021e-01
1.400870043502e+00,6.548468827835e-01
1.401270063503e+00,6.548937255176e-01
1.401670083504e+00,6.549404401044e-01
1.402070103505e+00,6.549870379902e-01
1.402470123506e+00,6.550335308412e-01
1.402870143507e+00,6.550799305178e-01
1.403270163508e+00,6.551262490487e-01
1.403670183509e+00,6.551724986033e-01
1.404070203510e+00,6.552186914657e-01
1.404470223511e+00,6.552648400069e-01
1.404870243512e+00,6.553109566581e-01
1.405270263513e+00,6.553570538833e-01
1.405670283514e+00,6.554031441523e-01
1.406070303515e+00,6.554492399139e-01
1.406470323516e+00,6.554953535684e-01
1.406870343517e+00,6.555414974415e-01
1.407270363518e+00,6.555876837574e-01
1.407670383519e+00,6.556339246132e-01
1.408070403520e+00,6.556802319525e-01
1.408470423521e+00,6.557266175409e-01
1.408870443522e+00,6.557730929404e-01
1.409270463523e+00,6.558196694857e-01
1.409670483524e+00,6.558663582601e-01
1.410070503525e+00,6.559131700724e-01
1.410470523526e+00,6.559601154346e-01
1.410870543527e+00,6.560072045406e-01
1.411270563528e+00,6.560544472449e-01
1.411670583529e+00,6.561018530423e-01
1.412070603530e+00,6.561494310491e-01
1.412470623531e+00,6.561971899846e-01
1.412870643532e+00,6.562451381535e-01
1.413270663533e+00,6.562932834298e-01
1.413670683534e+00,6.563416332412e-01
1.414070703535e+00,6.563901945541e-01
1.414470723536e+00,6.564389738608e-01
1.414870743537e+00,6.564879771672e-01
1.415270763538e+00,6.565372099819e-01
1.415670783539e+00,6.565866773052e-01
1.416070803540e+00,6.566363836203e-01
1.416470823541e+00,6.566863328861e-01
1.416870843542e+00,6.567365285302e-01
1.417270863543e+00,6.567869734434e-01
1.417670883544e+00,6.568376699754e-01
1.418070903545e+00,6.568886199315e-01
1.418470923546e+00,6.569398245704e-01
1.418870943547e+00,6.569912846041e-01
1.419270963548e+00,6.570430001987e-01
1.419670983549e+00,6.570949709750e-01
1.420071003550e+00,6.571471960112e-01
1.420471023551e+00,6.571996738473e-01
1.420871043552e+00,6.572524024901e-01
1.421271063553e+00,6.573053794194e-01
1.421671083554e+00,6.573586015952e-01
1.422071103555e+00,6.574120654660e-01
1.422471123556e+00,6.574657669779e-01
1.422871143557e+00,6.575197015850e-01
1.423271163558e+00,6.575738642615e-01
1.423671183559e+00,6.576282495145e-01
1.424071203560e+00,6.576828513966e-01
1.424471223561e+00,6.577376635198e-01
1.424871243562e+00,6.577926790711e-01
1.425271263563e+00,6.578478908289e-01
1.425671283564e+00,6.579032911795e-01
1.426071303565e+00,6.579588721348e-01
1.426471323566e+00,6.580146253505e-01
1.426871343567e+00,6.580705421447e-01
1.427271363568e+00,6.581266135179e-01
1.427671383569e+00,6.581828301731e-01
1.428071403570e+00,6.582391825370e-01
1.428471423571e+00,6.582956607815e-01
1.428871443572e+00,6.583522548437e-01
1.429271463573e+00,6.584089544495e-01
1.429671483574e+00,6.584657491355e-01
1.430071503575e+00,6.585226282720e-01
1.430471523576e+00,6.585795810859e-01
1.430871543577e+00,6.586365966840e-01
1.431271563578e+00,6.586936640761e-01
1.431671583579e+00,6.587507721984e-01
1.432071603580e+00,6.588079099376e-01
1.432471623581e+00,6.588650661537e-01
1.432871643582e+00,6.589222297043e-01
1.433271663583e+00,6.589793894672e-01
1.433671683584e+00,6.590365343640e-01
1.434071703585e+00,6.590936533829e-01
1.434471723586e+00,6.591507356019e-01
1.434871743587e+00,6.592077702108e-01
1.435271763588e+00,6.592647465339e-01
1.435671783589e+00,6.593216540515e-01
1.436071803590e+00,6.593784824213e-01
1.436471823591e+00,6.594352214996e-01
1.436871843592e+00,6.594918613611e-01
1.437271863593e+00,6.595483923192e-01
1.437671883594e+00,6.596048049455e-01
1.438071903595e+00,6.596610900880e-01
1.438471923596e+00,6.597172388896e-01
1.438871943597e+00,6.597732428049e-01
1.439271963598e+00,6.598290936170e-01
1.439671983599e+00,6.598847834536e-01
1.440072003600e+00,6.599403048020e-01
1.440472023601e+00,6.599956505232e-01
1.440872043602e+00,6.600508138656e-01
1.441272063603e+00,6.601057884768e-01
1.441672083604e+00,6.601605684162e-01
1.442072103605e+00,6.602151481655e-01
1.442472123606e+00,6.602695226387e-01
1.442872143607e+00,6.603236871908e-01
1.443272163608e+00,6.603776376257e-01
1.443672183609e+00,6.604313702035e-01
1.444072203610e+00,6.604848816468e-01
1.444472223611e+00,6.605381691456e-01
1.444872243612e+00,6.605912303614e-01
1.445272263613e+00,6.606440634304e-01
1.445672283614e+00,6.606966669647e-01
1.446072303615e+00,6.607490400551e-01
1.446472323616e+00,6.608011822704e-01
1.446872343617e+00,6.608530936569e-01
1.447272363618e+00,6.609047747363e-01
1.447672383619e+00,6.609562265029e-01
1.448072403620e+00,6.610074504200e-01
1.448472423621e+00,6.610584484157e-01
1.448872443622e+00,6.611092228770e-01
1.449272463623e+00,6.611597766439e-01
1.449672483624e+00,6.612101130008e-01
1.450072503625e+00,6.612602356687e-01
1.450472523626e+00,6.613101487958e-01
1.450872543627e+00,6.613598569490e-01
1.451272563628e+00,6.614093651017e-01
1.451672583629e+00,6.614586786229e-01
1.452072603630e+00,6.615078032642e-01
1.452472623631e+00,6.615567451473e-01
1.452872643632e+00,6.616055107500e-01
1.453272663633e+00,6.616541068920e-01
1.453672683634e+00,6.617025407199e-01
1.454072703635e+00,6.617508196917e-01
1.454472723636e+00,6.617989515598e-01
1.454872743637e+00,6.618469443540e-01
1.455272763638e+00,6.618948063647e-01
1.455672783639e+00,6.619425461262e-01
1.456072803640e+00,6.619901723971e-01
1.456472823641e+00,6.620376941421e-01
1.456872843642e+00,6.620851205133e-01
1.457272863643e+00,6.621324608305e-01
1.457672883644e+00,6.621797245622e-01
1.458072903645e+00,6.622269213055e-01
1.458472923646e+00,6.622740607667e-01
1.458872943647e+00,6.623211527408e-01
1.459272963648e+00,6.623682070913e-01
1.459672983649e+00,6.624152337296e-01
1.460073003650e+00,6.624622425956e-01
1.460473023651e+00,6.625092436370e-01
1.460873043652e+00,6.625562467892e-01
1.461273063653e+00,6.626032619550e-01
1.461673083654e+00,6.626502989849e-01
1.462073103655e+00,6.626973676573e-01
1.462473123656e+00,6.627444776585e-01
1.462873143657e+00,6.627916385642e-01
1.463273163658e+00,6.628388598198e-01
1.463673183659e+00,6.628861507219e-01
1.464073203660e+00,6.629335204005e-01
1.464473223661e+00,6.629809778003e-01
1.464873243662e+00,6.630285316640e-01
1.465273263663e+00,6.630761905144e-01
1.465673283664e+00,6.631239626391e-01
1.466073303665e+00,6.631718560736e-01
1.466473323666e+00,6.632198785864e-01
1.466873343667e+00,6.632680376641e-01
1.467273363668e+00,6.633163404971e-01
1.467673383669e+00,6.633647939662e-01
1.468073403670e+00,6.634134046299e-01
1.468473423671e+00,6.634621787125e-01
1.468873443672e+00,6.635111220921e-01
1.469273463673e+00,6.635602402901e-01
1.469673483674e+00,6.636095384617e-01
1.470073503675e+00,6.636590213862e-01
1.470473523676e+00,6.637086934593e-01
1.470873543677e+00,6.637585586850e-01
1.471273563678e+00,6.638086206693e-01
1.471673583679e+00,6.638588826135e-01
1.472073603680e+00,6.639093473101e-01
1.472473623681e+00,6.639600171381e-01
1.472873643682e+00,6.640108940606e-01
1.473273663683e+00,6.640619796207e-01
1.473673683684e+00,6.641132749405e-01
1.474073703685e+00,6.641647807208e-01
1.474473723686e+00,6.642164972404e-01
1.474873743687e+00,6.642684243577e-01
1.475273763688e+00,6.643205615120e-01
1.475673783689e+00,6.643729077260e-01
1.476073803690e+00,6.644254616090e-01
1.476473823691e+00,6.644782213615e-01
1.476873843692e+00,6.645311847799e-01
1.477273863693e+00,6.645843492633e-01
1.477673883694e+00,6.646377118192e-01
1.478073903695e+00,6.646912690702e-01
1.478473923696e+00,6.647450172629e-01
1.478873943697e+00,6.647989522764e-01
1.479273963698e+00,6.648530696323e-01
1.479673983699e+00,6.649073645043e-01
1.480074003700e+00,6.649618317294e-01
1.480474023701e+00,6.650164658188e-01
1.480874043702e+00,6.650712609699e-01
1.481274063703e+00,6.651262110792e-01
1.481674083704e+00,6.651813097551e-01
1.482074103705e+00,6.652365503324e-01
1.482474123706e+00,6.652919258872e-01
1.482874143707e+00,6.653474292491e-01
1.483274163708e+00,6.654030530174e-01
1.483674183709e+00,6.654587895765e-01
1.484074203710e+00,6.655146311119e-01
1.484474223711e+00,6.655705696264e-01
1.484874243712e+00,6.656265969562e-01
1.485274263713e+00,6.656827047879e-01
1.485674283714e+00,6.657388846749e-01
1.486074303715e+00,6.657951280549e-01
1.486474323716e+00,6.658514262668e-01
1.486874343717e+00,6.659077705685e-01
1.487274363718e+00,6.659641521545e-01
1.487674383719e+00,6.660205621733e-01
1.488074403720e+00,6.660769917443e-01
1.488474423721e+00,6.661334319757e-01
1.488874443722e+00,6.661898739824e-01
1.489274463723e+00,6.662463089029e-01
1.489674483724e+00,6.663027279167e-01
1.490074503725e+00,6.663591222612e-01
1.490474523726e+00,6.664154832493e-01
1.490874543727e+00,6.664718022852e-01
1.491274563728e+00,6.665280708816e-01
1.491674583729e+00,6.665842806756e-01
1.492074603730e+00,6.666404234444e-01
1.492474623731e+00,6.666964911208e-01
1.492874643732e+00,6.667524758090e-01
1.493274663733e+00,6.668083697987e-01
1.493674683734e+00,6.668641655798e-01
1.494074703735e+00,6.669198558558e-01
1.494474723736e+00,6.669754335579e-01
1.494874743737e+00,6.670308918576e-01
1.495274763738e+00,6.670862241790e-01
1.495674783739e+00,6.671414242113e-01
1.496074803740e+00,6.671964859190e-01
1.496474823741e+00,6.672514035535e-01
1.496874843742e+00,6.673061716626e-01
1.497274863743e+00,6.673607851009e-01
1.497674883744e+00,6.674152390380e-01
1.498074903745e+00,6.674695289668e-01
1.498474923746e+00,6.675236507113e-01
1.498874943747e+00,6.675776004331e-01
1.499274963748e+00,6.676313746383e-01
1.499674983749e+00,6.676849701825e-01
1.500075003750e+00,6.677383842762e-01
1.500475023751e+00,6.677916144887e-01
1.500875043752e+00,6.678446587506e-01
1.501275063753e+00,6.678975153576e-01
1.501675083754e+00,6.679501829729e-01
1.502075103755e+00,6.680026606275e-01
1.502475123756e+00,6.680549477215e-01
1.502875143757e+00,6.681070440235e-01
1.503275163758e+00,6.681589496699e-01
1.503675183759e+00,6.682106651636e-01
1.504075203760e+00,6.682621913716e-01
1.504475223761e+00,6.683135295227e-01
1.504875243762e+00,6.683646812034e-01
1.505275263763e+00,6.684156483535e-01
1.505675283764e+00,6.684664332609e-01
1.506075303765e+00,6.685170385566e-01
1.506475323766e+00,6.685674672088e-01
1.506875343767e+00,6.686177225158e-01
1.507275363768e+00,6.686678080987e-01
1.507675383769e+00,6.687177278927e-01
1.508075403770e+00,6.687674861392e-01
1.508475423771e+00,6.688170873766e-01
1.508875443772e+00,6.688665364303e-01
1.509275463773e+00,6.689158384036e-01
1.509675483774e+00,6.689649986660e-01
1.510075503775e+00,6.690140228431e-01
1.510475523776e+00,6.690629168036e-01
1.510875543777e+00,6.691116866475e-01
1.511275563778e+00,6.691603386942e-01
1.511675583779e+00,6.692088794709e-01
1.512075603780e+00,6.692573156982e-01
1.512475623781e+00,6.693056542767e-01
1.512875643782e+00,6.693539022736e-01
1.513275663783e+00,6.694020669085e-01
1.513675683784e+00,6.694501555393e-01
1.514075703785e+00,6.694981756479e-01
1.514475723786e+00,6.695461348256e-01
1.514875743787e+00,6.695940407584e-01
1.515275763788e+00,6.696419012117e-01
1.515675783789e+00,6.696897240159e-01
1.516075803790e+00,6.697375170504e-01
1.516475823791e+00,6.697852882292e-01
1.516875843792e+00,6.698330454861e-01
1.517275863793e+00,6.698807967593e-01
1.517675883794e+00,6.699285499760e-01
1.518075903795e+00,6.699763130379e-01
1.518475923796e+00,6.700240938061e-01
1.518875943797e+00,6.700719000863e-01
1.519275963798e+00,6.701197396147e-01
1.519675983799e+00,6.701676200429e-01
1.520076003800e+00,6.702155489242e-01
1.520476023801e+00,6.702635336994e-01
1.520876043802e+00,6.703115816838e-01
1.521276063803e+00,6.703597000525e-01
1.521676083804e+00,6.704078958286e-01
1.522076103805e+00,6.704561758697e-01
1.522476123806e+00,6.705045468557e-01
1.522876143807e+00,6.705530152770e-01
1.523276163808e+00,6.706015874225e-01
1.523676183809e+00,6.706502693689e-01
1.524076203810e+00,6.706990669694e-01
1.524476223811e+00,6.707479858435e-01
1.524876243812e+00,6.707970313675e-01
1.525276263813e+00,6.708462086656e-01
1.525676283814e+00,6.708955226000e-01
1.526076303815e+00,6.709449777632e-01
1.526476323816e+00,6.709945784704e-01
1.526876343817e+00,6.710443287518e-01
1.527276363818e+00,6.710942323467e-01
1.527676383819e+00,6.711442926969e-01
1.528076403820e+00,6.711945129413e-01
1.528476423821e+00,6.712448959111e-01
1.528876443822e+00,6.712954441252e-01
1.529276463823e+00,6.713461597868e-01
1.529676483824e+00,6.713970447804e-01
1.530076503825e+00,6.714481006698e-01
1.530476523826e+00,6.714993286950e-01
1.530876543827e+00,6.715507297717e-01
1.531276563828e+00,6.716023044904e-01
1.531676583829e+00,6.716540531168e-01
1.532076603830e+00,6.717059755921e-01
1.532476623831e+00,6.717580715342e-01
1.532876643832e+00,6.718103402396e-01
1.533276663833e+00,6.718627806852e-01
1.533676683834e+00,6.719153915319e-01
1.534076703835e+00,6.719681711276e-01
1.534476723836e+00,6.720211175123e-01
1.534876743837e+00,6.720742284226e-01
1.535276763838e+00,6.721275012958e-01
1.535676783839e+00,6.721809332762e-01
1.536076803840e+00,6.722345212217e-01
1.536476823841e+00,6.722882617106e-01
1.536876843842e+00,6.723421510484e-01
1.537276863843e+00,6.723961852764e-01
1.537676883844e+00,6.724503601794e-01
1.538076903845e+00,6.725046712939e-01
1.538476923846e+00,6.725591139179e-01
1.538876943847e+00,6.726136831197e-01
1.539276963848e+00,6.726683737481e-01
1.539676983849e+00,6.727231804434e-01
1.540077003850e+00,6.727780976482e-01
1.540477023851e+00,6.728331196171e-01
1.540877043852e+00,6.728882404276e-01
1.541277063853e+00,6.729434539929e-01
1.541677083854e+00,6.729987540730e-01
1.542077103855e+00,6.730541342871e-01
1.542477123856e+00,6.731095881257e-01
1.542877143857e+00,6.731651089627e-01
1.543277163858e+00,6.732206900683e-01
1.543677183859e+00,6.732763246216e-01
1.544077203860e+00,6.733320057233e-01
1.544477223861e+00,6.733877264086e-01
1.544877243862e+00,6.734434796607e-01
1.545277263863e+00,6.734992584234e-01
1.545677283864e+00,6.735550556148e-01
1.546077303865e+00,6.736108641388e-01
1.546477323866e+00,6.736666768996e-01
1.546877343867e+00,6.737224868143e-01
1.547277363868e+00,6.737782868256e-01
1.547677383869e+00,6.738340699144e-01
1.548077403870e+00,6.738898291133e-01
1.548477423871e+00,6.739455575181e-01
1.548877443872e+00,6.740012483009e-01
1.549277463873e+00,6.740568947222e-01
1.549677483874e+00,6.741124901425e-01
1.550077503875e+00,6.741680280343e-01
1.550477523876e+00,6.742235019934e-01
1.550877543877e+00,6.742789057503e-01
1.551277563878e+00,6.743342331814e-01
1.551677583879e+00,6.743894783189e-01
1.552077603880e+00,6.744446353618e-01
1.552477623881e+00,6.744996986852e-01
1.552877643882e+00,6.745546628504e-01
1.553277663883e+00,6.746095226142e-01
1.553677683884e+00,6.746642729372e-01
1.554077703885e+00,6.747189089928e-01
1.554477723886e+00,6.747734261749e-01
1.554877743887e+00,6.748278201052e-01
1.555277763888e+00,6.748820866407e-01
1.555677783889e+00,6.749362218805e-01
1.556077803890e+00,6.749902221719e-01
1.556477823891e+00,6.750440841161e-01
1.556877843892e+00,6.750978045734e-01
1.557277863893e+00,6.751513806679e-01
1.557677883894e+00,6.752048097922e-01
1.558077903895e+00,6.752580896109e-01
1.558477923896e+00,6.753112180642e-01
1.558877943897e+00,6.753641933705e-01
1.559277963898e+00,6.754170140284e-01
1.559677983899e+00,6.754696788183e-01
1.560078003900e+00,6.755221868044e-01
1.560478023901e+00,6.755745373353e-01
1.560878043902e+00,6.756267300437e-01
1.561278063903e+00,6.756787648469e-01
1.561678083904e+00,6.757306419450e-01
1.562078103905e+00,6.757823618205e-01
1.562478123906e+00,6.758339252358e-01
1.562878143907e+00,6.758853332315e-01
1.563278163908e+00,6.759365871238e-01
1.563678183909e+00,6.759876885009e-01
1.564078203910e+00,6.760386392191e-01
1.564478223911e+00,6.760894413987e-01
1.564878243912e+00,6.761400974185e-01
1.565278263913e+00,6.761906099130e-01
1.565678283914e+00,6.762409817650e-01
1.566078303915e+00,6.762912161003e-01
1.566478323916e+00,6.763413162814e-01
1.566878343917e+00,6.763912859002e-01
1.567278363918e+00,6.764411287712e-01
1.567678383919e+00,6.764908489242e-01
1.568078403920e+00,6.765404505964e-01
1.568478423921e+00,6.765899382239e-01
1.568878443922e+00,6.766393164340e-01
1.569278463923e+00,6.766885900356e-01
1.569678483924e+00,6.767377640098e-01
1.570078503925e+00,6.767868435006e-01
1.570478523926e+00,6.768358338056e-01
1.570878543927e+00,6.768847403669e-01
1.571278563928e+00,6.769335687599e-01
1.571678583929e+00,6.769823246830e-01
1.572078603930e+00,6.770310139477e-01
1.572478623931e+00,6.770796424675e-01
1.572878643932e+00,6.771282162472e-01
1.573278663933e+00,6.771767413721e-01
1.573678683934e+00,6.772252239968e-01
1.574078703935e+00,6.772736703346e-01
1.574478723936e+00,6.773220866456e-01
1.574878743937e+00,6.773704792263e-01
1.575278763938e+00,6.774188543971e-01
1.575678783939e+00,6.774672184921e-01
1.576078803940e+00,6.775155778480e-01
1.576478823941e+00,6.775639387923e-01
1.576878843942e+00,6.776123076324e-01
1.577278863943e+00,6.776606906446e-01
1.577678883944e+00,6.777090940630e-01
1.578078903945e+00,6.777575240689e-01
1.578478923946e+00,6.778059867797e-01
1.578878943947e+00,6.778544882386e-01
1.579278963948e+00,6.779030344041e-01
1.579678983949e+00,6.779516311397e-01
1.580079003950e+00,6.780002842042e-01
1.580479023951e+00,6.780489992415e-01
1.580879043952e+00,6.780977817715e-01
1.581279063953e+00,6.781466371802e-01
1.581679083954e+00,6.781955707111e-01
1.582079103955e+00,6.782445874562e-01
1.582479123956e+00,6.782936923480e-01
1.582879143957e+00,6.783428901507e-01
1.583279163958e+00,6.783921854529e-01
1.583679183959e+00,6.784415826596e-01
1.584079203960e+00,6.784910859855e-01
1.584479223961e+00,6.785406994478e-01
1.584879243962e+00,6.785904268604e-01
1.585279263963e+00,6.786402718278e-01
1.585679283964e+00,6.786902377385e-01
1.586079303965e+00,6.787403277608e-01
1.586479323966e+00,6.787905448375e-01
1.586879343967e+00,6.788408916814e-01
1.587279363968e+00,6.788913707718e-01
1.587679383969e+00,6.789419843504e-01
1.588079403970e+00,6.789927344183e-01
1.588479423971e+00,6.790436227333e-01
1.588879443972e+00,6.790946508072e-01
1.589279463973e+00,6.791458199046e-01
1.589679483974e+00,6.791971310412e-01
1.590079503975e+00,6.792485849831e-01
1.590479523976e+00,6.793001822461e-01
1.590879543977e+00,6.793519230948e-01
1.591279563978e+00,6.794038075441e-01
1.591679583979e+00,6.794558353594e-01
1.592079603980e+00,6.795080060580e-01
1.592479623981e+00,6.795603189107e-01
1.592879643982e+00,6.796127729440e-01
1.593279663983e+00,6.796653669419e-01
1.593679683984e+00,6.797180994496e-01
1.594079703985e+00,6.797709687761e-01
1.594479723986e+00,6.798239729981e-01
1.594879743987e+00,6.798771099648e-01
1.595279763988e+00,6.799303773021e-01
1.595679783989e+00,6.799837724167e-01
1.596079803990e+00,6.800372925013e-01
1.596479823991e+00,6.800909345409e-01
1.596879843992e+00,6.801446953182e-01
1.597279863993e+00,6.801985714200e-01
1.597679883994e+00,6.802525592438e-01
1.598079903995e+00,6.803066550045e-01
1.598479923996e+00,6.803608547414e-01
1.598879943997e+00,6.804151543254e-01
1.599279963998e+00,6.804695494670e-01
1.599679983999e+00,6.805240357240e-01
1.600080004000e+00,6.805786085099e-01
1.600480024001e+00,6.806332631024e-01
1.600880044002e+00,6.806879946522e-01
1.601280064003e+00,6.807427981899e-01
1.601680084004e+00,6.807976686370e-01
1.602080104005e+00,6.808526008137e-01
1.602480124006e+00,6.809075894490e-01
1.602880144007e+00,6.809626291895e-01
1.603280164008e+00,6.810177146088e-01
1.603680184009e+00,6.810728402174e-01
1.604080204010e+00,6.811280004717e-01
1.604480224011e+00,6.811831897842e-01
1.604880244012e+00,6.812384025328e-01
1.605280264013e+00,6.812936330708e-01
1.605680284014e+00,6.813488757363e-01
1.606080304015e+00,6.814041248625e-01
1.606480324016e+00,6.814593747867e-01
1.606880344017e+00,6.815146198600e-01
1.607280364018e+00,6.815698544573e-01
1.607680384019e+00,6.816250729863e-01
1.608080404020e+00,6.816802698972e-01
1.608480424021e+00,6.817354396919e-01
1.608880444022e+00,6.817905769332e-01
1.609280464023e+00,6.818456762536e-01
1.609680484024e+00,6.819007323647e-01
1.610080504025e+00,6.819557400653e-01
1.610480524026e+00,6.820106942504e-01
1.610880544027e+00,6.820655899190e-01
1.611280564028e+00,6.821204221825e-01
1.611680584029e+00,6.821751862730e-01
1.612080604030e+00,6.822298775503e-01
1.612480624031e+00,6.822844915097e-01
1.612880644032e+00,6.823390237891e-01
1.613280664033e+00,6.823934701756e-01
1.613680684034e+00,6.824478266127e-01
1.614080704035e+00,6.825020892060e-01
1.614480724036e+00,6.825562542297e-01
1.614880744037e+00,6.826103181323e-01
1.615280764038e+00,6.826642775418e-01
1.615680784039e+00,6.827181292709e-01
1.616080804040e+00,6.827718703213e-01
1.616480824041e+00,6.828254978886e-01
1.616880844042e+00,6.828790093668e-01
1.617280864043e+00,6.829324023513e-01
1.617680884044e+00,6.829856746424e-01
1.618080904045e+00,6.830388242488e-01
1.618480924046e+00,6.830918493894e-01
1.618880944047e+00,6.831447484964e-01
1.619280964048e+00,6.831975202170e-01
1.619680984049e+00,6.832501634150e-01
1.620081004050e+00,6.833026771723e-01
1.620481024051e+00,6.833550607890e-01
1.620881044052e+00,6.834073137843e-01
1.621281064053e+00,6.834594358960e-01
1.621681084054e+00,6.835114270817e-01
1.622081104055e+00,6.835632875170e-01
1.622481124056e+00,6.836150175947e-01
1.622881144057e+00,6.836666179238e-01
1.623281164058e+00,6.837180893274e-01
1.623681184059e+00,6.837694328406e-01
1.624081204060e+00,6.838206497085e-01
1.624481224061e+00,6.838717413832e-01
1.624881244062e+00,6.839227095212e-01
1.625281264063e+00,6.839735559796e-01
1.625681284064e+00,6.840242828124e-01
1.626081304065e+00,6.840748922665e-01
1.626481324066e+00,6.841253867764e-01
1.626881344067e+00,6.841757689615e-01
1.627281364068e+00,6.842260416200e-01
1.627681384069e+00,6.842762077241e-01
1.628081404070e+00,6.843262704143e-01
1.628481424071e+00,6.843762329934e-01
1.628881444072e+00,6.844260989212e-01
1.629281464073e+00,6.844758718076e-01
1.629681484074e+00,6.845255554065e-01
1.630081504075e+00,6.845751536095e-01
1.630481524076e+00,6.846246704386e-01
1.630881544077e+00,6.846741100394e-01
1.631281564078e+00,6.847234766735e-01
1.631681584079e+00,6.847727747113e-01
1.632081604080e+00,6.848220086240e-01
1.632481624081e+00,6.848711829768e-01
1.632881644082e+00,6.849203024208e-01
1.633281664083e+00,6.849693716848e-01
1.633681684084e+00,6.850183955675e-01
1.634081704085e+00,6.850673789291e-01
1.634481724086e+00,6.851163266832e-01
1.634881744087e+00,6.851652437888e-01
1.635281764088e+00,6.852141352417e-01
1.635681784089e+00,6.852630060665e-01
1.636081804090e+00,6.853118613077e-01
1.636481824091e+00,6.853607060222e-01
1.636881844092e+00,6.854095452701e-01
1.637281864093e+00,6.854583841066e-01
1.637681884094e+00,6.855072275738e-01
1.638081904095e+00,6.855560806929e-01
1.638481924096e+00,6.856049484553e-01
1.638881944097e+00,6.856538358148e-01
1.639281964098e+00,6.857027476799e-01
1.639681984099e+00,6.857516889052e-01
1.640082004100e+00,6.858006642844e-01
1.640482024101e+00,6.858496785421e-01
1.640882044102e+00,6.858987363263e-01
1.641282064103e+00,6.859478422012e-01
1.641682084104e+00,6.859970006399e-01
1.642082104105e+00,6.860462160175e-01
1.642482124106e+00,6.860954926041e-01
1.642882144107e+00,6.861448345583e-01
1.643282164108e+00,6.861942459205e-01
1.643682184109e+00,6.862437306067e-01
1.644082204110e+00,6.862932924027e-01
1.644482224111e+00,6.863429349582e-01
1.644882244112e+00,6.863926617813e-01
1.645282264113e+00,6.864424762331e-01
1.645682284114e+00,6.864923815228e-01
1.646082304115e+00,6.865423807029e-01
1.646482324116e+00,6.865924766644e-01
1.646882344117e+00,6.866426721329e-01
1.647282364118e+00,6.866929696650e-01
1.647682384119e+00,6.867433716442e-01
1.648082404120e+00,6.867938802778e-01
1.648482424121e+00,6.868444975933e-01
1.648882444122e+00,6.868952254363e-01
1.649282464123e+00,6.869460654676e-01
1.649682484124e+00,6.869970191617e-01
1.650082504125e+00,6.870480878043e-01
1.650482524126e+00,6.870992724914e-01
1.650882544127e+00,6.871505741274e-01
1.651282564128e+00,6.872019934248e-01
1.651682584129e+00,6.872535309031e-01
1.652082604130e+00,6.873051868891e-01
1.652482624131e+00,6.873569615166e-01
1.652882644132e+00,6.874088547278e-01
1.653282664133e+00,6.874608662724e-01
1.653682684134e+00,6.875129957093e-01
1.654082704135e+00,6.875652424079e-01
1.654482724136e+00,6.876176055499e-01
1.654882744137e+00,6.876700841309e-01
1.655282764138e+00,6.877226769629e-01
1.655682784139e+00,6.877753826768e-01
1.656082804140e+00,6.878281997245e-01
1.656482824141e+00,6.878811263827e-01
1.656882844142e+00,6.879341607557e-01
1.657282864143e+00,6.879873007791e-01
1.657682884144e+00,6.880405442237e-01
1.658082904145e+00,6.880938887004e-01
1.658482924146e+00,6.881473316637e-01
1.658882944147e+00,6.882008704159e-01
1.659282964148e+00,6.882545021124e-01
1.659682984149e+00,6.883082237666e-01
1.660083004150e+00,6.883620322556e-01
1.660483024151e+00,6.884159243248e-01
1.660883044152e+00,6.884698965944e-01
1.661283064153e+00,6.885239455645e-01
1.661683084154e+00,6.885780676215e-01
1.662083104155e+00,6.886322590439e-01
1.662483124156e+00,6.886865160085e-01
1.662883144157e+00,6.887408345973e-01
1.663283164158e+00,6.887952108036e-01
1.663683184159e+00,6.888496405392e-01
1.664083204160e+00,6.889041196412e-01
1.664483224161e+00,6.889586438778e-01
1.664883244162e+00,6.890132089561e-01
1.665283264163e+00,6.890678105291e-01
1.665683284164e+00,6.891224442025e-01
1.666083304165e+00,6.891771055422e-01
1.666483324166e+00,6.892317900811e-01
1.666883344167e+00,6.892864933267e-01
1.667283364168e+00,6.893412107676e-01
1.667683384169e+00,6.893959378815e-01
1.668083404170e+00,6.894506701420e-01
1.668483424171e+00,6.895054030258e-01
1.668883444172e+00,6.895601320197e-01
1.669283464173e+00,6.896148526284e-01
1.669683484174e+00,6.896695603807e-01
1.670083504175e+00,6.897242508369e-01
1.670483524176e+00,6.897789195955e-01
1.670883544177e+00,6.898335623005e-01
1.671283564178e+00,6.898881746475e-01
1.671683584179e+00,6.899427523909e-01
1.672083604180e+00,6.899972913497e-01
1.672483624181e+00,6.900517874147e-01
1.672883644182e+00,6.901062365543e-01
1.673283664183e+00,6.901606348204e-01
1.673683684184e+00,6.902149783551e-01
1.674083704185e+00,6.902692633956e-01
1.674483724186e+00,6.903234862802e-01
1.674883744187e+00,6.903776434535e-01
1.675283764188e+00,6.904317314724e-01
1.675683784189e+00,6.904857470101e-01
1.676083804190e+00,6.905396868619e-01
1.676483824191e+00,6.905935479490e-01
1.676883844192e+00,6.906473273237e-01
1.677283864193e+00,6.907010221727e-01
1.677683884194e+00,6.907546298220e-01
1.678083904195e+00,6.908081477400e-01
1.678483924196e+00,6.908615735417e-01
1.678883944197e+00,6.909149049912e-01
1.679283964198e+00,6.909681400053e-01
1.679683984199e+00,6.910212766557e-01
1.680084004200e+00,6.910743131717e-01
1.680484024201e+00,6.911272479431e-01
1.680884044202e+00,6.911800795214e-01
1.681284064203e+00,6.912328066221e-01
1.681684084204e+00,6.912854281260e-01
1.682084104205e+00,6.913379430803e-01
1.682484124206e+00,6.913903506995e-01
1.682884144207e+00,6.914426503665e-01
1.683284164208e+00,6.914948416327e-01
1.683684184209e+00,6.915469242185e-01
1.684084204210e+00,6.915988980129e-01
1.684484224211e+00,6.916507630737e-01
1.684884244212e+00,6.917025196260e-01
1.685284264213e+00,6.917541680616e-01
1.685684284214e+00,6.918057089381e-01
1.686084304215e+00,6.918571429779e-01
1.686484324216e+00,6.919084710661e-01
1.686884344217e+00,6.919596942487e-01
1.687284364218e+00,6.920108137306e-01
1.687684384219e+00,6.920618308731e-01
1.688084404220e+00,6.921127471911e-01
1.688484424221e+00,6.921635643510e-01
1.688884444222e+00,6.922142841670e-01
1.689284464223e+00,6.922649085983e-01
1.689684484224e+00,6.923154397458e-01
1.690084504225e+00,6.923658798478e-01
1.690484524226e+00,6.924162312762e-01
1.690884544227e+00,6.924664965326e-01
1.691284564228e+00,6.925166782443e-01
1.691684584229e+00,6.925667791598e-01
1.692084604230e+00,6.926168021441e-01
1.692484624231e+00,6.926667501740e-01
1.692884644232e+00,6.927166263331e-01
1.693284664233e+00,6.927664338067e-01
1.693684684234e+00,6.928161758766e-01
1.694084704235e+00,6.928658559161e-01
1.694484724236e+00,6.929154773842e-01
1.694884744237e+00,6.929650438201e-01
1.695284764238e+00,6.930145588380e-01
1.695684784239e+00,6.930640261205e-01
1.696084804240e+00,6.931134494135e-01
1.696484824241e+00,6.931628325192e-01
1.696884844242e+00,6.932121792913e-01
1.697284864243e+00,6.932614936288e-01
1.697684884244e+00,6.933107794693e-01
1.698084904245e+00,6.933600407832e-01
1.698484924246e+00,6.934092815675e-01
1.698884944247e+00,6.934585058396e-01
1.699284964248e+00,6.935077176311e-01
1.699684984249e+00,6.935569209816e-01
1.700085004250e+00,6.936061199325e-01
1.700485024251e+00,6.936553185209e-01
1.700885044252e+00,6.937045207734e-01
1.701285064253e+00,6.937537306999e-01
1.701685084254e+00,6.938029522877e-01
1.702085104255e+00,6.938521894953e-01
1.702485124256e+00,6.939014462466e-01
1.702885144257e+00,6.939507264251e-01
1.703285164258e+00,6.940000338678e-01
1.703685184259e+00,6.940493723598e-01
1.704085204260e+00,6.940987456286e-01
1.704485224261e+00,6.941481573386e-01
1.704885244262e+00,6.941976110858e-01
1.705285264263e+00,6.942471103922e-01
1.705685284264e+00,6.942966587010e-01
1.706085304265e+00,6.943462593717e-01
1.706485324266e+00,6.943959156746e-01
1.706885344267e+00,6.944456307870e-01
1.707285364268e+00,6.944954077881e-01
1.707685384269e+00,6.945452496548e-01
1.708085404270e+00,6.945951592574e-01
1.708485424271e+00,6.946451393556e-01
1.708885444272e+00,6.946951925944e-01
1.709285464273e+00,6.947453215010e-01
1.709685484274e+00,6.947955284809e-01
1.710085504275e+00,6.948458158148e-01
1.710485524276e+00,6.948961856554e-01
1.710885544277e+00,6.949466400246e-01
1.711285564278e+00,6.949971808107e-01
1.711685584279e+00,6.950478097660e-01
1.712085604280e+00,6.950985285045e-01
1.712485624281e+00,6.951493385003e-01
1.712885644282e+00,6.952002410856e-01
1.713285664283e+00,6.952512374488e-01
1.713685684284e+00,6.953023286332e-01
1.714085704285e+00,6.953535155359e-01
1.714485724286e+00,6.954047989072e-01
1.714885744287e+00,6.954561793496e-01
1.715285764288e+00,6.955076573173e-01
1.715685784289e+00,6.955592331163e-01
1.716085804290e+00,6.956109069041e-01
1.716485824291e+00,6.956626786898e-01
1.716885844292e+00,6.957145483347e-01
1.717285864293e+00,6.957665155526e-01
1.717685884294e+00,6.958185799111e-01
1.718085904295e+00,6.958707408329e-01
1.718485924296e+00,6.959229975969e-01
1.718885944297e+00,6.959753493395e-01
1.719285964298e+00,6.960277950560e-01
1.719685984299e+00,6.960803336030e-01
1.720086004300e+00,6.961329637006e-01
1.720486024301e+00,6.961856839344e-01
1.720886044302e+00,6.962384927583e-01
1.721286064303e+00,6.962913884973e-01
1.721686084304e+00,6.963443693497e-01
1.722086104305e+00,6.963974333911e-01
1.722486124306e+00,6.964505785766e-01
1.722886144307e+00,6.965038027450e-01
1.723286164308e+00,6.965571036221e-01
1.723686184309e+00,6.966104788242e-01
1.724086204310e+00,6.966639258631e-01
1.724486224311e+00,6.967174421489e-01
1.724886244312e+00,6.967710249939e-01
1.725286264313e+00,6.968246716180e-01
1.725686284314e+00,6.968783791523e-01
1.726086304315e+00,6.969321446441e-01
1.726486324316e+00,6.969859650613e-01
1.726886344317e+00,6.970398372972e-01
1.727286364318e+00,6.970937581753e-01
1.727686384319e+00,6.971477244541e-01
1.728086404320e+00,6.972017328321e-01
1.728486424321e+00,6.972557799532e-01
1.728886444322e+00,6.973098624112e-01
1.729286464323e+00,6.973639767556e-01
1.729686484324e+00,6.974181194967e-01
1.730086504325e+00,6.974722871109e-01
1.730486524326e+00,6.975264760455e-01
1.730886544327e+00,6.975806827243e-01
1.731286564328e+00,6.976349035533e-01
1.731686584329e+00,6.976891349256e-01
1.732086604330e+00,6.977433732270e-01
1.732486624331e+00,6.977976148410e-01
1.732886644332e+00,6.978518561546e-01
1.733286664333e+00,6.979060935633e-01
1.733686684334e+00,6.979603234764e-01
1.734086704335e+00,6.980145423222e-01
1.734486724336e+00,6.980687465532e-01
1.734886744337e+00,6.981229326515e-01
1.735286764338e+00,6.981770971332e-01
1.735686784339e+00,6.982312365542e-01
1.736086804340e+00,6.982853475145e-01
1.736486824341e+00,6.983394266633e-01
1.736886844342e+00,6.983934707037e-01
1.737286864343e+00,6.984474763976e-01
1.737686884344e+00,6.985014405698e-01
1.738086904345e+00,6.985553601126e-01
1.738486924346e+00,6.986092319903e-01
1.738886944347e+00,6.986630532433e-01
1.739286964348e+00,6.987168209921e-01
1.739686984349e+00,6.987705324416e-01
1.740087004350e+00,6.988241848845e-01
1.740487024351e+00,6.988777757053e-01
1.740887044352e+00,6.989313023832e-01
1.741287064353e+00,6.989847624961e-01
1.741687084354e+00,6.990381537237e-01
1.742087104355e+00,6.990914738508e-01
1.742487124356e+00,6.991447207694e-01
1.742887144357e+00,6.991978924825e-01
1.743287164358e+00,6.992509871058e-01
1.743687184359e+00,6.993040028702e-01
1.744087204360e+00,6.993569381245e-01
1.744487224361e+00,6.994097913370e-01
1.744887244362e+00,6.994625610977e-01
1.745287264363e+00,6.995152461198e-01
1.745687284364e+00,6.995678452413e-01
1.746087304365e+00,6.996203574260e-01
1.746487324366e+00,6.996727817647e-01
1.746887344367e+00,6.997251174761e-01
1.747287364368e+00,6.997773639081e-01
1.747687384369e+00,6.998295205377e-01
1.748087404370e+00,6.998815869718e-01
1.748487424371e+00,6.999335629472e-01
1.748887444372e+00,6.999854483305e-01
1.749287464373e+00,7.000372431180e-01
1.749687484374e+00,7.000889474350e-01
1.750087504375e+00,7.001405615361e-01
1.750487524376e+00,7.001920858035e-01
1.750887544377e+00,7.002435207469e-01
1.751287564378e+00,7.002948670019e-01
1.751687584379e+00,7.003461253288e-01
1.752087604380e+00,7.003972966111e-01
1.752487624381e+00,7.004483818536e-01
1.752887644382e+00,7.004993821806e-01
1.753287664383e+00,7.005502988352e-01
1.753687684384e+00,7.006011331757e-01
1.754087704385e+00,7.006518866740e-01
1.754487724386e+00,7.007025609131e-01
1.754887744387e+00,7.007531575841e-01
1.755287764388e+00,7.008036784839e-01
1.755687784389e+00,7.008541255120e-01
1.756087804390e+00,7.009045006678e-01
1.756487824391e+00,7.009548060474e-01
1.756887844392e+00,7.010050438403e-01
1.757287864393e+00,7.010552163260e-01
1.757687884394e+00,7.011053258707e-01
1.758087904395e+00,7.011553749234e-01
1.758487924396e+00,7.012053660118e-01
1.758887944397e+00,7.012553017388e-01
1.759287964398e+00,7.013051847778e-01
1.759687984399e+00,7.013550178712e-01
1.760088004400e+00,7.014048038239e-01
1.760488024401e+00,7.014545454999e-01
1.760888044402e+00,7.015042458179e-01
1.761288064403e+00,7.015539077473e-01
1.761688084404e+00,7.016035343033e-01
1.762088104405e+00,7.016531285430e-01
1.762488124406e+00,7.017026935606e-01
1.762888144407e+00,7.017522324833e-01
1.763288164408e+00,7.018017484662e-01
1.763688184409e+00,7.018512446884e-01
1.764088204410e+00,7.019007243479e-01
1.764488224411e+00,7.019501906574e-01
1.764888244412e+00,7.019996468392e-01
1.765288264413e+00,7.020490961208e-01
1.765688284414e+00,7.020985417305e-01
1.766088304415e+00,7.021479868930e-01
1.766488324416e+00,7.021974348243e-01
1.766888344417e+00,7.022468887277e-01
1.767288364418e+00,7.022963517888e-01
1.767688384419e+00,7.023458271716e-01
1.768088404420e+00,7.023953180137e-01
1.768488424421e+00,7.024448274219e-01
1.768888444422e+00,7.024943584683e-01
1.769288464423e+00,7.025439141857e-01
1.769688484424e+00,7.025934975634e-01
1.770088504425e+00,7.026431115435e-01
1.770488524426e+00,7.026927590163e-01
1.770888544427e+00,7.027424428171e-01
1.771288564428e+00,7.027921657219e-01
1.771688584429e+00,7.028419304437e-01
1.772088604430e+00,7.028917396287e-01
1.772488624431e+00,7.029415958532e-01
1.772888644432e+00,7.029915016199e-01
1.773288664433e+00,7.030414593545e-01
1.773688684434e+00,7.030914714028e-01
1.774088704435e+00,7.031415400274e-01
1.774488724436e+00,7.031916674051e-01
1.774888744437e+00,7.032418556233e-01
1.775288764438e+00,7.032921066783e-01
1.775688784439e+00,7.033424224719e-01
1.776088804440e+00,7.033928048096e-01
1.776488824441e+00,7.034432553981e-01
1.776888844442e+00,7.034937758436e-01
1.777288864443e+00,7.035443676493e-01
1.777688884444e+00,7.035950322136e-01
1.778088904445e+00,7.036457708287e-01
1.778488924446e+00,7.036965846788e-01
1.778888944447e+00,7.037474748393e-01
1.779288964448e+00,7.037984422752e-01
1.779688984449e+00,7.038494878401e-01
1.780089004450e+00,7.039006122754e-01
1.780489024451e+00,7.039518162096e-01
1.780889044452e+00,7.040031001574e-01
1.781289064453e+00,7.040544645198e-01
1.781689084454e+00,7.041059095834e-01
1.782089104455e+00,7.041574355208e-01
1.782489124456e+00,7.042090423907e-01
1.782889144457e+00,7.042607301381e-01
1.783289164458e+00,7.043124985940e-01
1.783689184459e+00,7.043643474767e-01
1.784089204460e+00,7.044162763921e-01
1.784489224461e+00,7.044682848349e-01
1.784889244462e+00,7.045203721897e-01
1.785289264463e+00,7.045725377317e-01
1.785689284464e+00,7.046247806284e-01
1.786089304465e+00,7.046770999412e-01
1.786489324466e+00,7.047294946263e-01
1.786889344467e+00,7.047819635370e-01
1.787289364468e+00,7.048345054255e-01
1.787689384469e+00,7.048871189447e-01
1.788089404470e+00,7.049398026505e-01
1.788489424471e+00,7.049925550046e-01
1.788889444472e+00,7.050453743765e-01
1.789289464473e+00,7.050982590457e-01
1.789689484474e+00,7.051512072042e-01
1.790089504475e+00,7.052042169598e-01
1.790489524476e+00,7.052572863388e-01
1.790889544477e+00,7.053104132889e-01
1.791289564478e+00,7.053635956823e-01
1.791689584479e+00,7.054168313189e-01
1.792089604480e+00,7.054701179292e-01
1.792489624481e+00,7.055234531782e-01
1.792889644482e+00,7.055768346682e-01
1.793289664483e+00,7.056302599423e-01
1.793689684484e+00,7.056837264885e-01
1.794089704485e+00,7.057372317428e-01
1.794489724486e+00,7.057907730929e-01
1.794889744487e+00,7.058443478827e-01
1.795289764488e+00,7.058979534152e-01
1.795689784489e+00,7.059515869563e-01
1.796089804490e+00,7.060052457389e-01
1.796489824491e+00,7.060589269667e-01
1.796889844492e+00,7.061126278183e-01
1.797289864493e+00,7.061663454511e-01
1.797689884494e+00,7.062200770050e-01
1.798089904495e+00,7.062738196065e-01
1.798489924496e+00,7.063275703727e-01
1.798889944497e+00,7.063813264151e-01
1.799289964498e+00,7.064350848437e-01
1.799689984499e+00,7.064888427711e-01
1.800090004500e+00,7.065425973158e-01
1.800490024501e+00,7.065963456068e-01
1.800890044502e+00,7.066500847872e-01
1.801290064503e+00,7.067038120179e-01
1.801690084504e+00,7.067575244818e-01
1.802090104505e+00,7.068112193869e-01
1.802490124506e+00,7.068648939707e-01
1.802890144507e+00,7.069185455035e-01
1.803290164508e+00,7.069721712920e-01
1.803690184509e+00,7.070257686829e-01
1.804090204510e+00,7.070793350665e-01
1.804490224511e+00,7.071328678799e-01
1.804890244512e+00,7.071863646105e-01
1.805290264513e+00,7.072398227990e-01
1.805690284514e+00,7.072932400431e-01
1.806090304515e+00,7.073466140000e-01
1.806490324516e+00,7.073999423896e-01
1.806890344517e+00,7.074532229975e-01
1.807290364518e+00,7.075064536773e-01
1.807690384519e+00,7.075596323541e-01
1.808090404520e+00,7.076127570266e-01
1.808490424521e+00,7.076658257697e-01
1.808890444522e+00,7.077188367368e-01
1.809290464523e+00,7.077717881621e-01
1.809690484524e+00,7.078246783626e-01
1.810090504525e+00,7.078775057402e-01
1.810490524526e+00,7.079302687840e-01
1.810890544527e+00,7.079829660712e-01
1.811290564528e+00,7.080355962699e-01
1.811690584529e+00,7.080881581398e-01
1.812090604530e+00,7.081406505337e-01
1.812490624531e+00,7.081930723990e-01
1.812890644532e+00,7.082454227784e-01
1.813290664533e+00,7.082977008112e-01
1.813690684534e+00,7.083499057347e-01
1.814090704535e+00,7.084020368840e-01
1.814490724536e+00,7.084540936933e-01
1.814890744537e+00,7.085060756960e-01
1.815290764538e+00,7.085579825252e-01
1.815690784539e+00,7.086098139137e-01
1.816090804540e+00,7.086615696943e-01
1.816490824541e+00,7.087132497995e-01
1.816890844542e+00,7.087648542617e-01
1.817290864543e+00,7.088163832128e-01
1.817690884544e+00,7.088678368833e-01
1.818090904545e+00,7.089192156024e-01
1.818490924546e+00,7.089705197965e-01
1.818890944547e+00,7.090217499887e-01
1.819290964548e+00,7.090729067974e-01
1.819690984549e+00,7.091239909365e-01
1.820091004550e+00,7.091750032130e-01
1.820491024551e+00,7.092259445261e-01
1.820891044552e+00,7.092768158657e-01
1.821291064553e+00,7.093276183106e-01
1.821691084554e+00,7.093783530272e-01
1.822091104555e+00,7.094290212671e-01
1.822491124556e+00,7.094796243660e-01
1.822891144557e+00,7.095301637409e-01
1.823291164558e+00,7.095806408888e-01
1.823691184559e+00,7.096310573840e-01
1.824091204560e+00,7.096814148761e-01
1.824491224561e+00,7.097317150872e-01
1.824891244562e+00,7.097819598098e-01
1.825291264563e+00,7.098321509036e-01
1.825691284564e+00,7.098822902932e-01
1.826091304565e+00,7.099323799654e-01
1.826491324566e+00,7.099824219672e-01
1.826891344567e+00,7.100324184018e-01
1.827291364568e+00,7.100823714262e-01
1.827691384569e+00,7.101322832480e-01
1.828091404570e+00,7.101821561223e-01
1.828491424571e+00,7.102319923488e-01
1.828891444572e+00,7.102817942686e-01
1.829291464573e+00,7.103315642609e-01
1.829691484574e+00,7.103813047399e-01
1.830091504575e+00,7.104310181515e-01
1.830491524576e+00,7.104807069698e-01
1.830891544577e+00,7.105303736942e-01
1.831291564578e+00,7.105800208456e-01
1.831691584579e+00,7.106296509629e-01
1.832091604580e+00,7.106792666002e-01
1.832491624581e+00,7.107288703230e-01
1.832891644582e+00,7.107784647051e-01
1.833291664583e+00,7.108280523249e-01
1.833691684584e+00,7.108776357620e-01
1.834091704585e+00,7.109272175940e-01
1.834491724586e+00,7.109768003932e-01
1.834891744587e+00,7.110263867230e-01
1.835291764588e+00,7.110759791347e-01
1.835691784589e+00,7.111255801639e-01
1.836091804590e+00,7.111751923280e-01
1.836491824591e+00,7.112248181220e-01
1.836891844592e+00,7.112744600160e-01
1.837291864593e+00,7.113241204515e-01
1.837691884594e+00,7.113738018390e-01
1.838091904595e+00,7.114235065541e-01
1.838491924596e+00,7.114732369353e-01
1.838891944597e+00,7.115229952804e-01
1.839291964598e+00,7.115727838438e-01
1.839691984599e+00,7.116226048339e-01
1.840092004600e+00,7.116724604102e-01
1.840492024601e+00,7.117223526806e-01
1.840892044602e+00,7.117722836988e-01
1.841292064603e+00,7.118222554619e-01
1.841692084604e+00,7.118722699077e-01
1.842092104605e+00,7.119223289125e-01
1.842492124606e+00,7.119724342889e-01
1.842892144607e+00,7.120225877833e-01
1.843292164608e+00,7.120727910742e-01
1.843692184609e+00,7.121230457701e-01
1.844092204610e+00,7.121733534078e-01
1.844492224611e+00,7.122237154500e-01
1.844892244612e+00,7.122741332841e-01
1.845292264613e+00,7.123246082204e-01
1.845692284614e+00,7.123751414907e-01
1.846092304615e+00,7.124257342469e-01
1.846492324616e+00,7.124763875599e-01
1.846892344617e+00,7.125271024181e-01
1.847292364618e+00,7.125778797266e-01
1.847692384619e+00,7.126287203063e-01
1.848092404620e+00,7.126796248927e-01
1.848492424621e+00,7.127305941355e-01
1.848892444622e+00,7.127816285977e-01
1.849292464623e+00,7.128327287556e-01
1.849692484624e+00,7.128838949981e-01
1.850092504625e+00,7.129351276268e-01
1.850492524626e+00,7.129864268553e-01
1.850892544627e+00,7.130377928095e-01
1.851292564628e+00,7.130892255273e-01
1.851692584629e+00,7.131407249593e-01
1.852092604630e+00,7.131922909688e-01
1.852492624631e+00,7.132439233325e-01
1.852892644632e+00,7.132956217407e-01
1.853292664633e+00,7.133473857982e-01
1.853692684634e+00,7.133992150249e-01
1.854092704635e+00,7.134511088565e-01
1.854492724636e+00,7.135030666457e-01
1.854892744637e+00,7.135550876631e-01
1.855292764638e+00,7.136071710981e-01
1.855692784639e+00,7.136593160610e-01
1.856092804640e+00,7.137115215837e-01
1.856492824641e+00,7.137637866215e-01
1.856892844642e+00,7.138161100548e-01
1.857292864643e+00,7.138684906894e-01
1.857692884644e+00,7.139209272599e-01
1.858092904645e+00,7.139734184305e-01
1.858492924646e+00,7.140259627975e-01
1.858892944647e+00,7.140785588908e-01
1.859292964648e+00,7.141312051764e-01
1.859692984649e+00,7.141839000583e-01
1.860093004650e+00,7.142366418807e-01
1.860493024651e+00,7.142894289303e-01
1.860893044652e+00,7.143422594384e-01
1.861293064653e+00,7.143951315837e-01
1.861693084654e+00,7.144480434944e-01
1.862093104655e+00,7.145009932509e-01
1.862493124656e+00,7.145539788886e-01
1.862893144657e+00,7.146069984001e-01
1.863293164658e+00,7.146600497387e-01
1.863693184659e+00,7.147131308201e-01
1.864093204660e+00,7.147662395252e-01
1.864493224661e+00,7.148193737032e-01
1.864893244662e+00,7.148725311748e-01
1.865293264663e+00,7.149257097343e-01
1.865693284664e+00,7.149789071530e-01
1.866093304665e+00,7.150321211818e-01
1.866493324666e+00,7.150853495543e-01
1.866893344667e+00,7.151385899895e-01
1.867293364668e+00,7.151918401948e-01
1.867693384669e+00,7.152450978691e-01
1.868093404670e+00,7.152983607053e-01
1.868493424671e+00,7.153516263935e-01
1.868893444672e+00,7.154048926242e-01
1.869293464673e+00,7.154581570907e-01
1.869693484674e+00,7.155114174921e-01
1.870093504675e+00,7.155646715367e-01
1.870493524676e+00,7.156179169440e-01
1.870893544677e+00,7.156711514482e-01
1.871293564678e+00,7.157243728008e-01
1.871693584679e+00,7.157775787731e-01
1.872093604680e+00,7.158307671594e-01
1.872493624681e+00,7.158839357795e-01
1.872893644682e+00,7.159370824813e-01
1.873293664683e+00,7.159902051434e-01
1.873693684684e+00,7.160433016777e-01
1.874093704685e+00,7.160963700322e-01
1.874493724686e+00,7.161494081931e-01
1.874893744687e+00,7.162024141873e-01
1.875293764688e+00,7.162553860850e-01
1.875693784689e+00,7.163083220014e-01
1.876093804690e+00,7.163612200996e-01
1.876493824691e+00,7.164140785922e-01
1.876893844692e+00,7.164668957439e-01
1.877293864693e+00,7.165196698731e-01
1.877693884694e+00,7.165723993541e-01
1.878093904695e+00,7.166250826190e-01
1.878493924696e+00,7.166777181592e-01
1.878893944697e+00,7.167303045273e-01
1.879293964698e+00,7.167828403387e-01
1.879693984699e+00,7.168353242733e-01
1.880094004700e+00,7.168877550765e-01
1.880494024701e+00,7.169401315613e-01
1.880894044702e+00,7.169924526091e-01
1.881294064703e+00,7.170447171708e-01
1.881694084704e+00,7.170969242685e-01
1.882094104705e+00,7.171490729957e-01
1.882494124706e+00,7.172011625185e-01
1.882894144707e+00,7.172531920766e-01
1.883294164708e+00,7.173051609844e-01
1.883694184709e+00,7.173570686310e-01
1.884094204710e+00,7.174089144811e-01
1.884494224711e+00,7.174606980751e-01
1.884894244712e+00,7.175124190298e-01
1.885294264713e+00,7.175640770387e-01
1.885694284714e+00,7.176156718719e-01
1.886094304715e+00,7.176672033762e-01
1.886494324716e+00,7.177186714755e-01
1.886894344717e+00,7.177700761700e-01
1.887294364718e+00,7.178214175367e-01
1.887694384719e+00,7.178726957284e-01
1.888094404720e+00,7.179239109737e-01
1.888494424721e+00,7.179750635766e-01
1.888894444722e+00,7.180261539158e-01
1.889294464723e+00,7.180771824438e-01
1.889694484724e+00,7.181281496865e-01
1.890094504725e+00,7.181790562422e-01
1.890494524726e+00,7.182299027805e-01
1.890894544727e+00,7.182806900415e-01
1.891294564728e+00,7.183314188349e-01
1.891694584729e+00,7.183820900382e-01
1.892094604730e+00,7.184327045961e-01
1.892494624731e+00,7.184832635187e-01
1.892894644732e+00,7.185337678801e-01
1.893294664733e+00,7.185842188173e-01
1.893694684734e+00,7.186346175282e-01
1.894094704735e+00,7.186849652703e-01
1.894494724736e+00,7.187352633588e-01
1.894894744737e+00,7.187855131649e-01
1.895294764738e+00,7.188357161140e-01
1.895694784739e+00,7.188858736835e-01
1.896094804740e+00,7.189359874013e-01
1.896494824741e+00,7.189860588436e-01
1.896894844742e+00,7.190360896330e-01
1.897294864743e+00,7.190860814360e-01
1.897694884744e+00,7.191360359616e-01
1.898094904745e+00,7.191859549581e-01
1.898494924746e+00,7.192358402120e-01
1.898894944747e+00,7.192856935444e-01
1.899294964748e+00,7.193355168095e-01
1.899694984749e+00,7.193853118919e-01
1.900095004750e+00,7.194350807050e-01
1.900495024751e+00,7.194848251880e-01
1.900895044752e+00,7.195345473032e-01
1.901295064753e+00,7.195842490343e-01
1.901695084754e+00,7.196339323830e-01
1.902095104755e+00,7.196835993674e-01
1.902495124756e+00,7.197332520190e-01
1.902895144757e+00,7.197828923803e-01
1.903295164758e+00,7.198325225022e-01
1.903695184759e+00,7.198821444419e-01
1.904095204760e+00,7.199317602599e-01
1.904495224761e+00,7.199813720178e-01
1.904895244762e+00,7.200309817756e-01
1.905295264763e+00,7.200805915894e-01
1.905695284764e+00,7.201302035086e-01
1.906095304765e+00,7.201798195740e-01
1.906495324766e+00,7.202294418144e-01
1.906895344767e+00,7.202790722455e-01
1.907295364768e+00,7.203287128664e-01
1.907695384769e+00,7.203783656576e-01
1.908095404770e+00,7.204280325788e-01
1.908495424771e+00,7.204777155663e-01
1.908895444772e+00,7.205274165311e-01
1.909295464773e+00,7.205771373563e-01
1.909695484774e+00,7.206268798951e-01
1.910095504775e+00,7.206766459685e-01
1.910495524776e+00,7.207264373633e-01
1.910895544777e+00,7.207762558301e-01
1.911295564778e+00,7.208261030810e-01
1.911695584779e+00,7.208759807881e-01
1.912095604780e+00,7.209258905810e-01
1.912495624781e+00,7.209758340456e-01
1.912895644782e+00,7.210258127222e-01
1.913295664783e+00,7.210758281030e-01
1.913695684784e+00,7.211258816314e-01
1.914095704785e+00,7.211759746997e-01
1.914495724786e+00,7.212261086481e-01
1.914895744787e+00,7.212762847629e-01
1.915295764788e+00,7.213265042752e-01
1.915695784789e+00,7.213767683596e-01
1.916095804790e+00,7.214270781328e-01
1.916495824791e+00,7.214774346527e-01
1.916895844792e+00,7.215278389170e-01
1.917295864793e+00,7.215782918620e-01
1.917695884794e+00,7.216287943621e-01
1.918095904795e+00,7.216793472288e-01
1.918495924796e+00,7.217299512096e-01
1.918895944797e+00,7.217806069878e-01
1.919295964798e+00,7.218313151817e-01
1.919695984799e+00,7.218820763434e-01
1.920096004800e+00,7.219328909590e-01
1.920496024801e+00,7.219837594481e-01
1.920896044802e+00,7.220346821629e-01
1.921296064803e+00,7.220856593891e-01
1.921696084804e+00,7.221366913445e-01
1.922096104805e+00,7.221877781799e-01
1.922496124806e+00,7.222389199785e-01
1.922896144807e+00,7.222901167562e-01
1.923296164808e+00,7.223413684616e-01
1.923696184809e+00,7.223926749765e-01
1.924096204810e+00,7.224440361157e-01
1.924496224811e+00,7.224954516280e-01
1.924896244812e+00,7.225469211963e-01
1.925296264813e+00,7.225984444386e-01
1.925696284814e+00,7.226500209084e-01
1.926096304815e+00,7.227016500953e-01
1.926496324816e+00,7.227533314252e-01
1.926896344817e+00,7.228050642622e-01
1.927296364818e+00,7.228568479089e-01
1.927696384819e+00,7.229086816074e-01
1.928096404820e+00,7.229605645409e-01
1.928496424821e+00,7.230124958339e-01
1.928896444822e+00,7.230644745544e-01
1.929296464823e+00,7.231164997145e-01
1.929696484824e+00,7.231685702719e-01
1.930096504825e+00,7.232206851311e-01
1.930496524826e+00,7.232728431449e-01
1.930896544827e+00,7.233250431161e-01
1.931296564828e+00,7.233772837986e-01
1.931696584829e+00,7.234295638993e-01
1.932096604830e+00,7.234818820798e-01
1.932496624831e+00,7.235342369582e-01
1.932896644832e+00,7.235866271110e-01
1.933296664833e+00,7.236390510748e-01
1.933696684834e+00,7.236915073470e-01
1.934096704835e+00,7.237439943885e-01
1.934496724836e+00,7.237965106262e-01
1.934896744837e+00,7.238490544540e-01
1.935296764838e+00,7.239016242353e-01
1.935696784839e+00,7.239542183049e-01
1.936096804840e+00,7.240068349710e-01
1.936496824841e+00,7.240594725171e-01
1.936896844842e+00,7.241121292042e-01
1.937296864843e+00,7.241648032729e-01
1.937696884844e+00,7.242174929456e-01
1.938096904845e+00,7.242701964283e-01
1.938496924846e+00,7.243229119130e-01
1.938896944847e+00,7.243756375799e-01
1.939296964848e+00,7.244283715993e-01
1.939696984849e+00,7.244811121342e-01
1.940097004850e+00,7.245338573420e-01
1.940497024851e+00,7.245866053767e-01
1.940897044852e+00,7.246393543914e-01
1.941297064853e+00,7.246921025399e-01
1.941697084854e+00,7.247448479796e-01
1.942097104855e+00,7.247975888729e-01
1.942497124856e+00,7.248503233896e-01
1.942897144857e+00,7.249030497093e-01
1.943297164858e+00,7.249557660229e-01
1.943697184859e+00,7.250084705352e-01
1.944097204860e+00,7.250611614665e-01
1.944497224861e+00,7.251138370551e-01
1.944897244862e+00,7.251664955589e-01
1.945297264863e+00,7.252191352575e-01
1.945697284864e+00,7.252717544540e-01
1.946097304865e+00,7.253243514774e-01
1.946497324866e+00,7.253769246835e-01
1.946897344867e+00,7.254294724577e-01
1.947297364868e+00,7.254819932164e-01
1.947697384869e+00,7.255344854085e-01
1.948097404870e+00,7.255869475177e-01
1.948497424871e+00,7.256393780634e-01
1.948897444872e+00,7.256917756029e-01
1.949297464873e+00,7.257441387328e-01
1.949697484874e+00,7.257964660903e-01
1.950097504875e+00,7.258487563548e-01
1.950497524876e+00,7.259010082497e-01
1.950897544877e+00,7.259532205428e-01
1.951297564878e+00,7.260053920488e-01
1.951697584879e+00,7.260575216297e-01
1.952097604880e+00,7.261096081961e-01
1.952497624881e+00,7.261616507084e-01
1.952897644882e+00,7.262136481779e-01
1.953297664883e+00,7.262655996676e-01
1.953697684884e+00,7.263175042936e-01
1.954097704885e+00,7.263693612254e-01
1.954497724886e+00,7.264211696873e-01
1.954897744887e+00,7.264729289586e-01
1.955297764888e+00,7.265246383746e-01
1.955697784889e+00,7.265762973271e-01
1.956097804890e+00,7.266279052647e-01
1.956497824891e+00,7.266794616938e-01
1.956897844892e+00,7.267309661786e-01
1.957297864893e+00,7.267824183416e-01
1.957697884894e+00,7.268338178641e-01
1.958097904895e+00,7.268851644860e-01
1.958497924896e+00,7.269364580061e-01
1.958897944897e+00,7.269876982824e-01
1.959297964898e+00,7.270388852316e-01
1.959697984899e+00,7.270900188292e-01
1.960098004900e+00,7.271410991094e-01
1.960498024901e+00,7.271921261655e-01
1.960898044902e+00,7.272431001489e-01
1.961298064903e+00,7.272940212690e-01
1.961698084904e+00,7.273448897929e-01
1.962098104905e+00,7.273957060448e-01
1.962498124906e+00,7.274464704056e-01
1.962898144907e+00,7.274971833119e-01
1.963298164908e+00,7.275478452562e-01
1.963698184909e+00,7.275984567853e-01
1.964098204910e+00,7.276490185002e-01
1.964498224911e+00,7.276995310550e-01
1.964898244912e+00,7.277499951561e-01
1.965298264913e+00,7.278004115613e-01
1.965698284914e+00,7.278507810787e-01
1.966098304915e+00,7.279011045655e-01
1.966498324916e+00,7.279513829270e-01
1.966898344917e+00,7.280016171151e-01
1.967298364918e+00,7.280518081283e-01
1.967698384919e+00,7.281019570093e-01
1.968098404920e+00,7.281520648443e-01
1.968498424921e+00,7.282021327613e-01
1.968898444922e+00,7.282521619288e-01
1.969298464923e+00,7.283021535545e-01
1.969698484924e+00,7.283521088838e-01
1.970098504925e+00,7.284020291981e-01
1.970498524926e+00,7.284519158134e-01
1.970898544927e+00,7.285017700789e-01
1.971298564928e+00,7.285515933753e-01
1.971698584929e+00,7.286013871129e-01
1.972098604930e+00,7.286511527305e-01
1.972498624931e+00,7.287008916931e-01
1.972898644932e+00,7.287506054906e-01
1.973298664933e+00,7.288002956359e-01
1.973698684934e+00,7.288499636629e-01
1.974098704935e+00,7.288996111247e-01
1.974498724936e+00,7.289492395925e-01
1.974898744937e+00,7.289988506535e-01
1.975298764938e+00,7.290484459088e-01
1.975698784939e+00,7.290980269716e-01
1.976098804940e+00,7.291475954655e-01
1.976498824941e+00,7.291971530228e-01
1.976898844942e+00,7.292467012821e-01
1.977298864943e+00,7.292962418872e-01
1.977698884944e+00,7.293457764846e-01
1.978098904945e+00,7.293953067222e-01
1.978498924946e+00,7.294448342468e-01
1.978898944947e+00,7.294943607029e-01
1.979298964948e+00,7.295438877306e-01
1.979698984949e+00,7.295934169637e-01
1.980099004950e+00,7.296429500279e-01
1.980499024951e+00,7.296924885394e-01
1.980899044952e+00,7.297420341023e-01
1.981299064953e+00,7.297915883077e-01
1.981699084954e+00,7.298411527315e-01
1.982099104955e+00,7.298907289329e-01
1.982499124956e+00,7.299403184522e-01
1.982899144957e+00,7.299899228100e-01
1.983299164958e+00,7.300395435048e-01
1.983699184959e+00,7.300891820118e-01
1.984099204960e+00,7.301388397810e-01
1.984499224961e+00,7.301885182360e-01
1.984899244962e+00,7.302382187724e-01
1.985299264963e+00,7.302879427561e-01
1.985699284964e+00,7.303376915219e-01
1.986099304965e+00,7.303874663724e-01
1.986499324966e+00,7.304372685761e-01
1.986899344967e+00,7.304870993668e-01
1.987299364968e+00,7.305369599417e-01
1.987699384969e+00,7.305868514606e-01
1.988099404970e+00,7.306367750444e-01
1.988499424971e+00,7.306867317741e-01
1.988899444972e+00,7.307367226895e-01
1.989299464973e+00,7.307867487885e-01
1.989699484974e+00,7.308368110259e-01
1.990099504975e+00,7.308869103123e-01
1.990499524976e+00,7.309370475136e-01
1.990899544977e+00,7.309872234499e-01
1.991299564978e+00,7.310374388947e-01
1.991699584979e+00,7.310876945744e-01
1.992099604980e+00,7.311379911672e-01
1.992499624981e+00,7.311883293028e-01
1.992899644982e+00,7.312387095616e-01
1.993299664983e+00,7.312891324743e-01
1.993699684984e+00,7.313395985216e-01
1.994099704985e+00,7.313901081336e-01
1.994499724986e+00,7.314406616896e-01
1.994899744987e+00,7.314912595180e-01
1.995299764988e+00,7.315419018953e-01
1.995699784989e+00,7.315925890466e-01
1.996099804990e+00,7.316433211452e-01
1.996499824991e+00,7.316940983127e-01
1.996899844992e+00,7.317449206191e-01
1.997299864993e+00,7.317957880823e-01
1.997699884994e+00,7.318467006691e-01
1.998099904995e+00,7.318976582947e-01
1.998499924996e+00,7.319486608230e-01
1.998899944997e+00,7.319997080670e-01
1.999299964998e+00,7.320507997892e-01
1.999699984999e+00,7.321019357016e-01
2.000100005000e+00,7.321531154666e-01
2.000500025001e+00,7.322043386972e-01
2.000900045002e+00,7.322556049578e-01
2.001300065003e+00,7.323069137646e-01
2.001700085004e+00,7.323582645869e-01
2.002100105005e+00,7.324096568468e-01
2.002500125006e+00,7.324610899201e-01
2.002900145007e+00,7.325125631375e-01
2.003300165008e+00,7.325640757855e-01
2.003700185009e+00,7.326156271069e-01
2.004100205010e+00,7.326672163020e-01
2.004500225011e+00,7.327188425295e-01
2.004900245012e+00,7.327705049077e-01
2.005300265013e+00,7.328222025151e-01
2.005700285014e+00,7.328739343923e-01
2.006100305015e+00,7.329256995421e-01
2.006500325016e+00,7.329774969315e-01
2.006900345017e+00,7.330293254924e-01
2.007300365018e+00,7.330811841231e-01
2.007700385019e+00,7.331330716895e-01
2.008100405020e+00,7.331849870264e-01
2.008500425021e+00,7.332369289388e-01
2.008900445022e+00,7.332888962037e-01
2.009300465023e+00,7.333408875712e-01
2.009700485024e+00,7.333929017662e-01
2.010100505025e+00,7.334449374888e-01
2.010500525026e+00,7.334969934167e-01
2.010900545027e+00,7.335490682063e-01
2.011300565028e+00,7.336011604946e-01
2.011700585029e+00,7.336532689003e-01
2.012100605030e+00,7.337053920257e-01
2.012500625031e+00,7.337575284580e-01
2.012900645032e+00,7.338096767709e-01
2.013300665033e+00,7.338618355261e-01
2.013700685034e+00,7.339140032753e-01
2.014100705035e+00,7.339661785610e-01
2.014500725036e+00,7.340183599189e-01
2.014900745037e+00,7.340705458789e-01
2.015300765038e+00,7.341227349670e-01
2.015700785039e+00,7.341749257066e-01
2.016100805040e+00,7.342271166207e-01
2.016500825041e+00,7.342793062326e-01
2.016900845042e+00,7.343314930685e-01
2.017300865043e+00,7.343836756582e-01
2.017700885044e+00,7.344358525371e-01
2.018100905045e+00,7.344880222476e-01
2.018500925046e+00,7.345401833406e-01
2.018900945047e+00,7.345923343773e-01
2.019300965048e+00,7.346444739303e-01
2.019700985049e+00,7.346966005855e-01
2.020101005050e+00,7.347487129434e-01
2.020501025051e+00,7.348008096203e-01
2.020901045052e+00,7.348528892502e-01
2.021301065053e+00,7.349049504858e-01
2.021701085054e+00,7.349569920003e-01
2.022101105055e+00,7.350090124885e-01
2.022501125056e+00,7.350610106679e-01
2.022901145057e+00,7.351129852808e-01
2.023301165058e+00,7.351649350944e-01
2.023701185059e+00,7.352168589033e-01
2.024101205060e+00,7.352687555296e-01
2.024501225061e+00,7.353206238246e-01
2.024901245062e+00,7.353724626703e-01
2.025301265063e+00,7.354242709797e-01
2.025701285064e+00,7.354760476987e-01
2.026101305065e+00,7.355277918066e-01
2.026501325066e+00,7.355795023169e-01
2.026901345067e+00,7.356311782792e-01
2.027301365068e+00,7.356828187788e-01
2.027701385069e+00,7.357344229387e-01
2.028101405070e+00,7.357859899199e-01
2.028501425071e+00,7.358375189222e-01
2.028901445072e+00,7.358890091852e-01
2.029301465073e+00,7.359404599887e-01
2.029701485074e+00,7.359918706537e-01
2.030101505075e+00,7.360432405426e-01
2.030501525076e+00,7.360945690602e-01
2.030901545077e+00,7.361458556537e-01
2.031301565078e+00,7.361970998134e-01
2.031701585079e+00,7.362483010732e-01
2.032101605080e+00,7.362994590112e-01
2.032501625081e+00,7.363505732497e-01
2.032901645082e+00,7.364016434556e-01
2.033301665083e+00,7.364526693406e-01
2.033701685084e+00,7.365036506614e-01
2.034101705085e+00,7.365545872198e-01
2.034501725086e+00,7.366054788628e-01
2.034901745087e+00,7.366563254825e-01
2.035301765088e+00,7.367071270167e-01
2.035701785089e+00,7.367578834480e-01
2.036101805090e+00,7.368085948044e-01
2.036501825091e+00,7.368592611590e-01
2.036901845092e+00,7.369098826295e-01
2.037301865093e+00,7.369604593782e-01
2.037701885094e+00,7.370109916117e-01
2.038101905095e+00,7.370614795806e-01
2.038501925096e+00,7.371119235784e-01
2.038901945097e+00,7.371623239423e-01
2.039301965098e+00,7.372126810523e-01
2.039701985099e+00,7.372629953305e-01
2.040102005100e+00,7.373132672404e-01
2.040502025101e+00,7.373634972868e-01
2.040902045102e+00,7.374136860149e-01
2.041302065103e+00,7.374638340094e-01
2.041702085104e+00,7.375139418941e-01
2.042102105105e+00,7.375640103312e-01
2.042502125106e+00,7.376140400201e-01
2.042902145107e+00,7.376640316973e-01
2.043302165108e+00,7.377139861347e-01
2.043702185109e+00,7.377639041395e-01
2.044102205110e+00,7.378137865526e-01
2.044502225111e+00,7.378636342481e-01
2.044902245112e+00,7.379134481322e-01
2.045302265113e+00,7.379632291417e-01
2.045702285114e+00,7.380129782433e-01
2.046102305115e+00,7.380626964330e-01
2.046502325116e+00,7.381123847344e-01
2.046902345117e+00,7.381620441978e-01
2.047302365118e+00,7.382116758989e-01
2.047702385119e+00,7.382612809378e-01
2.048102405120e+00,7.383108604374e-01
2.048502425121e+00,7.383604155429e-01
2.048902445122e+00,7.384099474197e-01
2.049302465123e+00,7.384594572529e-01
2.049702485124e+00,7.385089462454e-01
2.050102505125e+00,7.385584156171e-01
2.050502525126e+00,7.386078666034e-01
2.050902545127e+00,7.386573004539e-01
2.051302565128e+00,7.387067184311e-01
2.051702585129e+00,7.387561218088e-01
2.052102605130e+00,7.388055118713e-01
2.052502625131e+00,7.388548899114e-01
2.052902645132e+00,7.389042572295e-01
2.053302665133e+00,7.389536151319e-01
2.053702685134e+00,7.390029649299e-01
2.054102705135e+00,7.390523079381e-01
2.054502725136e+00,7.391016454731e-01
2.054902745137e+00,7.391509788523e-01
2.055302765138e+00,7.392003093921e-01
2.055702785139e+00,7.392496384071e-01
2.056102805140e+00,7.392989672083e-01
2.056502825141e+00,7.393482971020e-01
2.056902845142e+00,7.393976293886e-01
2.057302865143e+00,7.394469653607e-01
2.057702885144e+00,7.394963063026e-01
2.058102905145e+00,7.395456534883e-01
2.058502925146e+00,7.395950081806e-01
2.058902945147e+00,7.396443716298e-01
2.059302965148e+00,7.396937450721e-01
2.059702985149e+00,7.397431297290e-01
2.060103005150e+00,7.397925268056e-01
2.060503025151e+00,7.398419374894e-01
2.060903045152e+00,7.398913629493e-01
2.061303065153e+00,7.399408043347e-01
2.061703085154e+00,7.399902627737e-01
2.062103105155e+00,7.400397393724e-01
2.062503125156e+00,7.400892352141e-01
2.062903145157e+00,7.401387513576e-01
2.063303165158e+00,7.401882888367e-01
2.063703185159e+00,7.402378486591e-01
2.064103205160e+00,7.402874318051e-01
2.064503225161e+00,7.403370392272e-01
2.064903245162e+00,7.403866718488e-01
2.065303265163e+00,7.404363305635e-01
2.065703285164e+00,7.404860162339e-01
2.066103305165e+00,7.405357296914e-01
2.066503325166e+00,7.405854717351e-01
2.066903345167e+00,7.406352431309e-01
2.067303365168e+00,7.406850446114e-01
2.067703385169e+00,7.407348768747e-01
2.068103405170e+00,7.407847405837e-01
2.068503425171e+00,7.408346363659e-01
2.068903445172e+00,7.408845648124e-01
2.069303465173e+00,7.409345264781e-01
2.069703485174e+00,7.409845218803e-01
2.070103505175e+00,7.410345514990e-01
2.070503525176e+00,7.410846157763e-01
2.070903545177e+00,7.411347151158e-01
2.071303565178e+00,7.411848498828e-01
2.071703585179e+00,7.412350204033e-01
2.072103605180e+00,7.412852269645e-01
2.072503625181e+00,7.413354698140e-01
2.072903645182e+00,7.413857491599e-01
2.073303665183e+00,7.414360651707e-01
2.073703685184e+00,7.414864179753e-01
2.074103705185e+00,7.415368076629e-01
2.074503725186e+00,7.415872342829e-01
2.074903745187e+00,7.416376978454e-01
2.075303765188e+00,7.416881983207e-01
2.075703785189e+00,7.417387356395e-01
2.076103805190e+00,7.417893096932e-01
2.076503825191e+00,7.418399203341e-01
2.076903845192e+00,7.418905673760e-01
2.077303865193e+00,7.419412505936e-01
2.077703885194e+00,7.419919697239e-01
2.078103905195e+00,7.420427244657e-01
2.078503925196e+00,7.420935144804e-01
2.078903945197e+00,7.421443393926e-01
2.079303965198e+00,7.421951987898e-01
2.079703985199e+00,7.422460922239e-01
2.080104005200e+00,7.422970192107e-01
2.080504025201e+00,7.423479792314e-01
2.080904045202e+00,7.423989717326e-01
2.081304065203e+00,7.424499961271e-01
2.081704085204e+00,7.425010517950e-01
2.082104105205e+00,7.425521380839e-01
2.082504125206e+00,7.426032543099e-01
2.082904145207e+00,7.426543997582e-01
2.083304165208e+00,7.427055736835e-01
2.083704185209e+00,7.427567753115e-01
2.084104205210e+00,7.428080038394e-01
2.084504225211e+00,7.428592584370e-01
2.084904245212e+00,7.429105382472e-01
2.085304265213e+00,7.429618423874e-01
2.085704285214e+00,7.430131699500e-01
2.086104305215e+00,7.430645200038e-01
2.086504325216e+00,7.431158915945e-01
2.086904345217e+00,7.431672837462e-01
2.087304365218e+00,7.432186954620e-01
2.087704385219e+00,7.432701257253e-01
2.088104405220e+00,7.433215735005e-01
2.088504425221e+00,7.433730377346e-01
2.088904445222e+00,7.434245173580e-01
2.089304465223e+00,7.434760112855e-01
2.089704485224e+00,7.435275184177e-01
2.090104505225e+00,7.435790376423e-01
2.090504525226e+00,7.436305678346e-01
2.090904545227e+00,7.436821078590e-01
2.091304565228e+00,7.437336565698e-01
2.091704585229e+00,7.437852128130e-01
2.092104605230e+00,7.438367754270e-01
2.092504625231e+00,7.438883432440e-01
2.092904645232e+00,7.439399150910e-01
2.093304665233e+00,7.439914897910e-01
2.093704685234e+00,7.440430661642e-01
2.094104705235e+00,7.440946430291e-01
2.094504725236e+00,7.441462192041e-01
2.094904745237e+00,7.441977935078e-01
2.095304765238e+00,7.442493647610e-01
2.095704785239e+00,7.443009317874e-01
2.096104805240e+00,7.443524934150e-01
2.096504825241e+00,7.444040484770e-01
2.096904845242e+00,7.444555958130e-01
2.097304865243e+00,7.445071342703e-01
2.097704885244e+00,7.445586627048e-01
2.098104905245e+00,7.446101799823e-01
2.098504925246e+00,7.446616849795e-01
2.098904945247e+00,7.447131765848e-01
2.099304965248e+00,7.447646536998e-01
2.099704985249e+00,7.448161152402e-01
2.100105005250e+00,7.448675601368e-01
2.100505025251e+00,7.449189873364e-01
2.100905045252e+00,7.449703958028e-01
2.101305065253e+00,7.450217845180e-01
2.101705085254e+00,7.450731524831e-01
2.102105105255e+00,7.451244987188e-01
2.102505125256e+00,7.451758222670e-01
2.102905145257e+00,7.452271221911e-01
2.103305165258e+00,7.452783975773e-01
2.103705185259e+00,7.453296475351e-01
2.104105205260e+00,7.453808711984e-01
2.104505225261e+00,7.454320677259e-01
2.104905245262e+00,7.454832363021e-01
2.105305265263e+00,7.455343761381e-01
2.105705285264e+00,7.455854864720e-01
2.106105305265e+00,7.456365665701e-01
2.106505325266e+00,7.456876157271e-01
2.106905345267e+00,7.457386332668e-01
2.107305365268e+00,7.457896185428e-01
2.107705385269e+00,7.458405709390e-01
2.108105405270e+00,7.458914898700e-01
2.108505425271e+00,7.459423747818e-01
2.108905445272e+00,7.459932251521e-01
2.109305465273e+00,7.460440404909e-01
2.109705485274e+00,7.460948203404e-01
2.110105505275e+00,7.461455642763e-01
2.110505525276e+00,7.461962719072e-01
2.110905545277e+00,7.462469428756e-01
2.111305565278e+00,7.462975768576e-01
2.111705585279e+00,7.463481735635e-01
2.112105605280e+00,7.463987327378e-01
2.112505625281e+00,7.464492541595e-01
2.112905645282e+00,7.464997376416e-01
2.113305665283e+00,7.465501830324e-01
2.113705685284e+00,7.466005902146e-01
2.114105705285e+00,7.466509591059e-01
2.114505725286e+00,7.467012896586e-01
2.114905745287e+00,7.467515818597e-01
2.115305765288e+00,7.468018357308e-01
2.115705785289e+00,7.468520513279e-01
2.116105805290e+00,7.469022287416e-01
2.116505825291e+00,7.469523680965e-01
2.116905845292e+00,7.470024695511e-01
2.117305865293e+00,7.470525332980e-01
2.117705885294e+00,7.471025595630e-01
2.118105905295e+00,7.471525486052e-01
2.118505925296e+00,7.472025007169e-01
2.118905945297e+00,7.472524162224e-01
2.119305965298e+00,7.473022954785e-01
2.119705985299e+00,7.473521388736e-01
2.120106005300e+00,7.474019468271e-01
2.120506025301e+00,7.474517197891e-01
2.120906045302e+00,7.475014582398e-01
2.121306065303e+00,7.475511626898e-01
2.121706085304e+00,7.476008336784e-01
2.122106105305e+00,7.476504717736e-01
2.122506125306e+00,7.477000775713e-01
2.122906145307e+00,7.477496516947e-01
2.123306165308e+00,7.477991947938e-01
2.123706185309e+00,7.478487075443e-01
2.124106205310e+00,7.478981906472e-01
2.124506225311e+00,7.479476448282e-01
2.124906245312e+00,7.479970708364e-01
2.125306265313e+00,7.480464694441e-01
2.125706285314e+00,7.480958414459e-01
2.126106305315e+00,7.481451876577e-01
2.126506325316e+00,7.481945089161e-01
2.126906345317e+00,7.482438060772e-01
2.127306365318e+00,7.482930800161e-01
2.127706385319e+00,7.483423316260e-01
2.128106405320e+00,7.483915618169e-01
2.128506425321e+00,7.484407715149e-01
2.128906445322e+00,7.484899616611e-01
2.129306465323e+00,7.485391332109e-01
2.129706485324e+00,7.485882871337e-01
2.130106505325e+00,7.486374244110e-01
2.130506525326e+00,7.486865460355e-01
2.130906545327e+00,7.487356530108e-01
2.131306565328e+00,7.487847463495e-01
2.131706585329e+00,7.488338270731e-01
2.132106605330e+00,7.488828962104e-01
2.132506625331e+00,7.489319547965e-01
2.132906645332e+00,7.489810038725e-01
2.133306665333e+00,7.490300444836e-01
2.133706685334e+00,7.490790776786e-01
2.134106705335e+00,7.491281045089e-01
2.134506725336e+00,7.491771260274e-01
2.134906745337e+00,7.492261432875e-01
2.135306765338e+00,7.492751573419e-01
2.135706785339e+00,7.493241692421e-01
2.136106805340e+00,7.493731800369e-01
2.136506825341e+00,7.494221907718e-01
2.136906845342e+00,7.494712024876e-01
2.137306865343e+00,7.495202162197e-01
2.137706885344e+00,7.495692329972e-01
2.138106905345e+00,7.496182538419e-01
2.138506925346e+00,7.496672797672e-01
2.138906945347e+00,7.497163117772e-01
2.139306965348e+00,7.497653508660e-01
2.139706985349e+00,7.498143980165e-01
2.140107005350e+00,7.498634541996e-01
2.140507025351e+00,7.499125203733e-01
2.140907045352e+00,7.499615974821e-01
2.141307065353e+00,7.500106864556e-01
2.141707085354e+00,7.500597882081e-01
2.142107105355e+00,7.501089036376e-01
2.142507125356e+00,7.501580336250e-01
2.142907145357e+00,7.502071790333e-01
2.143307165358e+00,7.502563407069e-01
2.143707185359e+00,7.503055194708e-01
2.144107205360e+00,7.503547161298e-01
2.144507225361e+00,7.504039314681e-01
2.144907245362e+00,7.504531662483e-01
2.145307265363e+00,7.505024212108e-01
2.145707285364e+00,7.505516970731e-01
2.146107305365e+00,7.506009945293e-01
2.146507325366e+00,7.506503142495e-01
2.146907345367e+00,7.506996568792e-01
2.147307365368e+00,7.507490230385e-01
2.147707385369e+00,7.507984133222e-01
2.148107405370e+00,7.508478282986e-01
2.148507425371e+00,7.508972685096e-01
2.148907445372e+00,7.509467344700e-01
2.149307465373e+00,7.509962266669e-01
2.149707485374e+00,7.510457455595e-01
2.150107505375e+00,7.510952915789e-01
2.150507525376e+00,7.511448651275e-01
2.150907545377e+00,7.511944665786e-01
2.151307565378e+00,7.512440962765e-01
2.151707585379e+00,7.512937545359e-01
2.152107605380e+00,7.513434416421e-01
2.152507625381e+00,7.513931578505e-01
2.152907645382e+00,7.514429033864e-01
2.153307665383e+00,7.514926784447e-01
2.153707685384e+00,7.515424831903e-01
2.154107705385e+00,7.515923177575e-01
2.154507725386e+00,7.516421822501e-01
2.154907745387e+00,7.516920767417e-01
2.155307765388e+00,7.517420012754e-01
2.155707785389e+00,7.517919558637e-01
2.156107805390e+00,7.518419404889e-01
2.156507825391e+00,7.518919551030e-01
2.156907845392e+00,7.519419996279e-01
2.157307865393e+00,7.519920739553e-01
2.157707885394e+00,7.520421779470e-01
2.158107905395e+00,7.520923114354e-01
2.158507925396e+00,7.521424742231e-01
2.158907945397e+00,7.521926660837e-01
2.159307965398e+00,7.522428867617e-01
2.159707985399e+00,7.522931359733e-01
2.160108005400e+00,7.523434134065e-01
2.160508025401e+00,7.523937187212e-01
2.160908045402e+00,7.524440515499e-01
2.161308065403e+00,7.524944114977e-01
2.161708085404e+00,7.525447981429e-01
2.162108105405e+00,7.525952110378e-01
2.162508125406e+00,7.526456497088e-01
2.162908145407e+00,7.526961136570e-01
2.163308165408e+00,7.527466023585e-01
2.163708185409e+00,7.527971152656e-01
2.164108205410e+00,7.528476518066e-01
2.164508225411e+00,7.528982113868e-01
2.164908245412e+00,7.529487933891e-01
2.165308265413e+00,7.529993971744e-01
2.165708285414e+00,7.530500220823e-01
2.166108305415e+00,7.531006674318e-01
2.166508325416e+00,7.531513325219e-01
2.166908345417e+00,7.532020166324e-01
2.167308365418e+00,7.532527190245e-01
2.167708385419e+00,7.533034389416e-01
2.168108405420e+00,7.533541756099e-01
2.168508425421e+00,7.534049282396e-01
2.168908445422e+00,7.534556960253e-01
2.169308465423e+00,7.535064781470e-01
2.169708485424e+00,7.535572737703e-01
2.170108505425e+00,7.536080820475e-01
2.170508525426e+00,7.536589021185e-01
2.170908545427e+00,7.537097331116e-01
2.171308565428e+00,7.537605741445e-01
2.171708585429e+00,7.538114243246e-01
2.172108605430e+00,7.538622827506e-01
2.172508625431e+00,7.539131485124e-01
2.172908645432e+00,7.539640206930e-01
2.173308665433e+00,7.540148983684e-01
2.173708685434e+00,7.540657806090e-01
2.174108705435e+00,7.541166664804e-01
2.174508725436e+00,7.541675550440e-01
2.174908745437e+00,7.542184453582e-01
2.175308765438e+00,7.542693364789e-01
2.175708785439e+00,7.543202274608e-01
2.176108805440e+00,7.543711173578e-01
2.176508825441e+00,7.544220052241e-01
2.176908845442e+00,7.544728901151e-01
2.177308865443e+00,7.545237710883e-01
2.177708885444e+00,7.545746472038e-01
2.178108905445e+00,7.546255175257e-01
2.178508925446e+00,7.546763811223e-01
2.178908945447e+00,7.547272370673e-01
2.179308965448e+00,7.547780844405e-01
2.179708985449e+00,7.548289223289e-01
2.180109005450e+00,7.548797498271e-01
2.180509025451e+00,7.549305660383e-01
2.180909045452e+00,7.549813700752e-01
2.181309065453e+00,7.550321610604e-01
2.181709085454e+00,7.550829381277e-01
2.182109105455e+00,7.551337004222e-01
2.182509125456e+00,7.551844471018e-01
2.182909145457e+00,7.552351773373e-01
2.183309165458e+00,7.552858903134e-01
2.183709185459e+00,7.553365852293e-01
2.184109205460e+00,7.553872612996e-01
2.184509225461e+00,7.554379177547e-01
2.184909245462e+00,7.554885538415e-01
2.185309265463e+00,7.555391688241e-01
2.185709285464e+00,7.555897619845e-01
2.186109305465e+00,7.556403326228e-01
2.186509325466e+00,7.556908800585e-01
2.186909345467e+00,7.557414036303e-01
2.187309365468e+00,7.557919026973e-01
2.187709385469e+00,7.558423766390e-01
2.188109405470e+00,7.558928248563e-01
2.188509425471e+00,7.559432467715e-01
2.188909445472e+00,7.559936418289e-01
2.189309465473e+00,7.560440094955e-01
2.189709485474e+00,7.560943492612e-01
2.190109505475e+00,7.561446606391e-01
2.190509525476e+00,7.561949431662e-01
2.190909545477e+00,7.562451964035e-01
2.191309565478e+00,7.562954199365e-01
2.191709585479e+00,7.563456133755e-01
2.192109605480e+00,7.563957763556e-01
2.192509625481e+00,7.564459085374e-01
2.192909645482e+00,7.564960096070e-01
2.193309665483e+00,7.565460792759e-01
2.193709685484e+00,7.565961172818e-01
2.194109705485e+00,7.566461233883e-01
2.194509725486e+00,7.566960973856e-01
2.194909745487e+00,7.567460390900e-01
2.195309765488e+00,7.567959483444e-01
2.195709785489e+00,7.568458250184e-01
2.196109805490e+00,7.568956690080e-01
2.196509825491e+00,7.569454802358e-01
2.196909845492e+00,7.569952586512e-01
2.197309865493e+00,7.570450042301e-01
2.197709885494e+00,7.570947169750e-01
2.198109905495e+00,7.571443969148e-01
2.198509925496e+00,7.571940441051e-01
2.198909945497e+00,7.572436586275e-01
2.199309965498e+00,7.572932405902e-01
2.199709985499e+00,7.573427901271e-01
2.200110005500e+00,7.573923073982e-01
2.200510025501e+00,7.574417925890e-01
2.200910045502e+00,7.574912459104e-01
2.201310065503e+00,7.575406675985e-01
2.201710085504e+00,7.575900579141e-01
2.202110105505e+00,7.576394171424e-01
2.202510125506e+00,7.576887455935e-01
2.202910145507e+00,7.577380436014e-01
2.203310165508e+00,7.577873115233e-01
2.203710185509e+00,7.578365497402e-01
2.204110205510e+00,7.578857586555e-01
2.204510225511e+00,7.579349386953e-01
2.204910245512e+00,7.579840903076e-01
2.205310265513e+00,7.580332139621e-01
2.205710285514e+00,7.580823101493e-01
2.206110305515e+00,7.581313793806e-01
2.206510325516e+00,7.581804221873e-01
2.206910345517e+00,7.582294391205e-01
2.207310365518e+00,7.582784307503e-01
2.207710385519e+00,7.583273976655e-01
2.208110405520e+00,7.583763404728e-01
2.208510425521e+00,7.584252597964e-01
2.208910445522e+00,7.584741562774e-01
2.209310465523e+00,7.585230305728e-01
2.209710485524e+00,7.585718833556e-01
2.210110505525e+00,7.586207153135e-01
2.210510525526e+00,7.586695271483e-01
2.210910545527e+00,7.587183195754e-01
2.211310565528e+00,7.587670933233e-01
2.211710585529e+00,7.588158491334e-01
2.212110605530e+00,7.588645877585e-01
2.212510625531e+00,7.589133099625e-01
2.212910645532e+00,7.589620165193e-01
2.213310665533e+00,7.590107082128e-01
2.213710685534e+00,7.590593858353e-01
2.214110705535e+00,7.591080501878e-01
2.214510725536e+00,7.591567020783e-01
2.214910745537e+00,7.592053423217e-01
2.215310765538e+00,7.592539717391e-01
2.215710785539e+00,7.593025911567e-01
2.216110805540e+00,7.593512014051e-01
2.216510825541e+00,7.593998033189e-01
2.216910845542e+00,7.594483977359e-01
2.217310865543e+00,7.594969854961e-01
2.217710885544e+00,7.595455674410e-01
2.218110905545e+00,7.595941444133e-01
2.218510925546e+00,7.596427172554e-01
2.218910945547e+00,7.596912868095e-01
2.219310965548e+00,7.597398539161e-01
2.219710985549e+00,7.597884194139e-01
2.220111005550e+00,7.598369841383e-01
2.220511025551e+00,7.598855489218e-01
2.220911045552e+00,7.599341145924e-01
2.221311065553e+00,7.599826819733e-01
2.221711085554e+00,7.600312518820e-01
2.222111105555e+00,7.600798251296e-01
2.222511125556e+00,7.601284025203e-01
2.222911145557e+00,7.601769848503e-01
2.223311165558e+00,7.602255729079e-01
2.223711185559e+00,7.602741674720e-01
2.224111205560e+00,7.603227693118e-01
2.224511225561e+00,7.603713791864e-01
2.224911245562e+00,7.604199978437e-01
2.225311265563e+00,7.604686260202e-01
2.225711285564e+00,7.605172644399e-01
2.226111305565e+00,7.605659138142e-01
2.226511325566e+00,7.606145748411e-01
2.226911345567e+00,7.606632482044e-01
2.227311365568e+00,7.607119345738e-01
2.227711385569e+00,7.607606346035e-01
2.228111405570e+00,7.608093489325e-01
2.228511425571e+00,7.608580781834e-01
2.228911445572e+00,7.609068229622e-01
2.229311465573e+00,7.609555838580e-01
2.229711485574e+00,7.610043614420e-01
2.230111505575e+00,7.610531562675e-01
2.230511525576e+00,7.611019688695e-01
2.230911545577e+00,7.611507997639e-01
2.231311565578e+00,7.611996494475e-01
2.231711585579e+00,7.612485183972e-01
2.232111605580e+00,7.612974070701e-01
2.232511625581e+00,7.613463159028e-01
2.232911645582e+00,7.613952453112e-01
2.233311665583e+00,7.614441956903e-01
2.233711685584e+00,7.614931674134e-01
2.234111705585e+00,7.615421608326e-01
2.234511725586e+00,7.615911762778e-01
2.234911745587e+00,7.616402140572e-01
2.235311765588e+00,7.616892744562e-01
2.235711785589e+00,7.617383577383e-01
2.236111805590e+00,7.617874641441e-01
2.236511825591e+00,7.618365938915e-01
2.236911845592e+00,7.618857471750e-01
2.237311865593e+00,7.619349241666e-01
2.237711885594e+00,7.619841250146e-01
2.238111905595e+00,7.620333498443e-01
2.238511925596e+00,7.620825987578e-01
2.238911945597e+00,7.621318718336e-01
2.239311965598e+00,7.621811691271e-01
2.239711985599e+00,7.622304906701e-01
2.240112005600e+00,7.622798364714e-01
2.240512025601e+00,7.623292065164e-01
2.240912045602e+00,7.623786007671e-01
2.241312065603e+00,7.624280191625e-01
2.241712085604e+00,7.624774616186e-01
2.242112105605e+00,7.625269280283e-01
2.242512125606e+00,7.625764182619e-01
2.242912145607e+00,7.626259321669e-01
2.243312165608e+00,7.626754695685e-01
2.243712185609e+00,7.627250302696e-01
2.244112205610e+00,7.627746140512e-01
2.244512225611e+00,7.628242206726e-01
2.244912245612e+00,7.628738498717e-01
2.245312265613e+00,7.629235013645e-01
2.245712285614e+00,7.629731748466e-01
2.246112305615e+00,7.630228699926e-01
2.246512325616e+00,7.630725864568e-01
2.246912345617e+00,7.631223238736e-01
2.247312365618e+00,7.631720818575e-01
2.247712385619e+00,7.632218600040e-01
2.248112405620e+00,7.632716578896e-01
2.248512425621e+00,7.633214750721e-01
2.248912445622e+00,7.633713110916e-01
2.249312465623e+00,7.634211654702e-01
2.249712485624e+00,7.634710377128e-01
2.250112505625e+00,7.635209273077e-01
2.250512525626e+00,7.635708337267e-01
2.250912545627e+00,7.636207564258e-01
2.251312565628e+00,7.636706948454e-01
2.251712585629e+00,7.637206484115e-01
2.252112605630e+00,7.637706165354e-01
2.252512625631e+00,7.638205986147e-01
2.252912645632e+00,7.638705940339e-01
2.253312665633e+00,7.639206021646e-01
2.253712685634e+00,7.639706223666e-01
2.254112705635e+00,7.640206539883e-01
2.254512725636e+00,7.640706963665e-01
2.254912745637e+00,7.641207488274e-01
2.255312765638e+00,7.641708106878e-01
2.255712785639e+00,7.642208812549e-01
2.256112805640e+00,7.642709598275e-01
2.256512825641e+00,7.643210456962e-01
2.256912845642e+00,7.643711381441e-01
2.257312865643e+00,7.644212364475e-01
2.257712885644e+00,7.644713398766e-01
2.258112905645e+00,7.645214476959e-01
2.258512925646e+00,7.645715591649e-01
2.258912945647e+00,7.646216735388e-01
2.259312965648e+00,7.646717900691e-01
2.259712985649e+00,7.647219080042e-01
2.260113005650e+00,7.647720265900e-01
2.260513025651e+00,7.648221450705e-01
2.260913045652e+00,7.648722626887e-01
2.261313065653e+00,7.649223786869e-01
2.261713085654e+00,7.649724923075e-01
2.262113105655e+00,7.650226027936e-01
2.262513125656e+00,7.650727093896e-01
2.262913145657e+00,7.651228113421e-01
2.263313165658e+00,7.651729078999e-01
2.263713185659e+00,7.652229983153e-01
2.264113205660e+00,7.652730818442e-01
2.264513225661e+00,7.653231577469e-01
2.264913245662e+00,7.653732252888e-01
2.265313265663e+00,7.654232837408e-01
2.265713285664e+00,7.654733323801e-01
2.266113305665e+00,7.655233704907e-01
2.266513325666e+00,7.655733973637e-01
2.266913345667e+00,7.656234122985e-01
2.267313365668e+00,7.656734146026e-01
2.267713385669e+00,7.657234035927e-01
2.268113405670e+00,7.657733785952e-01
2.268513425671e+00,7.658233389464e-01
2.268913445672e+00,7.658732839933e-01
2.269313465673e+00,7.659232130942e-01
2.269713485674e+00,7.659731256188e-01
2.270113505675e+00,7.660230209492e-01
2.270513525676e+00,7.660728984800e-01
2.270913545677e+00,7.661227576188e-01
2.271313565678e+00,7.661725977869e-01
2.271713585679e+00,7.662224184194e-01
2.272113605680e+00,7.662722189657e-01
2.272513625681e+00,7.663219988906e-01
2.272913645682e+00,7.663717576737e-01
2.273313665683e+00,7.664214948103e-01
2.273713685684e+00,7.664712098120e-01
2.274113705685e+00,7.665209022063e-01
2.274513725686e+00,7.665705715380e-01
2.274913745687e+00,7.666202173684e-01
2.275313765688e+00,7.666698392765e-01
2.275713785689e+00,7.667194368589e-01
2.276113805690e+00,7.667690097303e-01
2.276513825691e+00,7.668185575234e-01
2.276913845692e+00,7.668680798897e-01
2.277313865693e+00,7.669175764993e-01
2.277713885694e+00,7.669670470413e-01
2.278113905695e+00,7.670164912241e-01
2.278513925696e+00,7.670659087756e-01
2.278913945697e+00,7.671152994429e-01
2.279313965698e+00,7.671646629930e-01
2.279713985699e+00,7.672139992129e-01
2.280114005700e+00,7.672633079091e-01
2.280514025701e+00,7.673125889087e-01
2.280914045702e+00,7.673618420588e-01
2.281314065703e+00,7.674110672270e-01
2.281714085704e+00,7.674602643010e-01
2.282114105705e+00,7.675094331892e-01
2.282514125706e+00,7.675585738200e-01
2.282914145707e+00,7.676076861427e-01
2.283314165708e+00,7.676567701265e-01
2.283714185709e+00,7.677058257614e-01
2.284114205710e+00,7.677548530575e-01
2.284514225711e+00,7.678038520454e-01
2.284914245712e+00,7.678528227758e-01
2.285314265713e+00,7.679017653196e-01
2.285714285714e+00,7.679506797678e-01
2.286114305715e+00,7.679995662313e-01
2.286514325716e+00,7.680484248410e-01
2.286914345717e+00,7.680972557471e-01
2.287314365718e+00,7.681460591196e-01
2.287714385719e+00,7.681948351476e-01
2.288114405720e+00,7.682435840393e-01
2.288514425721e+00,7.682923060215e-01
2.288914445722e+00,7.683410013398e-01
2.289314465723e+00,7.683896702584e-01
2.289714485724e+00,7.684383130598e-01
2.290114505725e+00,7.684869300440e-01
2.290514525726e+00,7.685355215289e-01
2.290914545727e+00,7.685840878497e-01
2.291314565728e+00,7.686326293584e-01
2.291714585729e+00,7.686811464239e-01
2.292114605730e+00,7.687296394313e-01
2.292514625731e+00,7.687781087815e-01
2.292914645732e+00,7.688265548913e-01
2.293314665733e+00,7.688749781927e-01
2.293714685734e+00,7.689233791325e-01
2.294114705735e+00,7.689717581720e-01
2.294514725736e+00,7.690201157866e-01
2.294914745737e+00,7.690684524655e-01
2.295314765738e+00,7.691167687111e-01
2.295714785739e+00,7.691650650385e-01
2.296114805740e+00,7.692133419755e-01
2.296514825741e+00,7.692616000615e-01
2.296914845742e+00,7.693098398474e-01
2.297314865743e+00,7.693580618952e-01
2.297714885744e+00,7.694062667771e-01
2.298114905745e+00,7.694544550752e-01
2.298514925746e+00,7.695026273811e-01
2.298914945747e+00,7.695507842959e-01
2.299314965748e+00,7.695989264294e-01
2.299714985749e+00,7.696470543988e-01
2.300115005750e+00,7.696951688293e-01
2.300515025751e+00,7.697432703529e-01
2.300915045752e+00,7.697913596079e-01
2.301315065753e+00,7.698394372389e-01
2.301715085754e+00,7.698875038956e-01
2.302115105755e+00,7.699355602327e-01
2.302515125756e+00,7.699836069092e-01
2.302915145757e+00,7.700316445880e-01
2.303315165758e+00,7.700796739351e-01
2.303715185759e+00,7.701276956194e-01
2.304115205760e+00,7.701757103119e-01
2.304515225761e+00,7.702237186853e-01
2.304915245762e+00,7.702717214133e-01
2.305315265763e+00,7.703197191704e-01
2.305715285764e+00,7.703677126310e-01
2.306115305765e+00,7.704157024689e-01
2.306515325766e+00,7.704636893569e-01
2.306915345767e+00,7.705116739664e-01
2.307315365768e+00,7.705596569663e-01
2.307715385769e+00,7.706076390230e-01
2.308115405770e+00,7.706556207997e-01
2.308515425771e+00,7.707036029561e-01
2.308915445772e+00,7.707515861475e-01
2.309315465773e+00,7.707995710248e-01
2.309715485774e+00,7.708475582332e-01
2.310115505775e+00,7.708955484124e-01
2.310515525776e+00,7.709435421959e-01
2.310915545777e+00,7.709915402105e-01
2.311315565778e+00,7.710395430756e-01
2.311715585779e+00,7.710875514032e-01
2.312115605780e+00,7.711355657969e-01
2.312515625781e+00,7.711835868519e-01
2.312915645782e+00,7.712316151542e-01
2.313315665783e+00,7.712796512803e-01
2.313715685784e+00,7.713276957968e-01
2.314115705785e+00,7.713757492598e-01
2.314515725786e+00,7.714238122148e-01
2.314915745787e+00,7.714718851958e-01
2.315315765788e+00,7.715199687256e-01
2.315715785789e+00,7.715680633146e-01
2.316115805790e+00,7.716161694612e-01
2.316515825791e+00,7.716642876508e-01
2.316915845792e+00,7.717124183560e-01
2.317315865793e+00,7.717605620356e-01
2.317715885794e+00,7.718087191349e-01
2.318115905795e+00,7.718568900849e-01
2.318515925796e+00,7.719050753023e-01
2.318915945797e+00,7.719532751891e-01
2.319315965798e+00,7.720014901322e-01
2.319715985799e+00,7.720497205034e-01
2.320116005800e+00,7.720979666590e-01
2.320516025801e+00,7.721462289393e-01
2.320916045802e+00,7.721945076689e-01
2.321316065803e+00,7.722428031559e-01
2.321716085804e+00,7.722911156920e-01
2.322116105805e+00,7.723394455526e-01
2.322516125806e+00,7.723877929957e-01
2.322916145807e+00,7.724361582628e-01
2.323316165808e+00,7.724845415779e-01
2.323716185809e+00,7.725329431480e-01
2.324116205810e+00,7.725813631625e-01
2.324516225811e+00,7.726298017935e-01
2.324916245812e+00,7.726782591955e-01
2.325316265813e+00,7.727267355053e-01
2.325716285814e+00,7.727752308417e-01
2.326116305815e+00,7.728237453058e-01
2.326516325816e+00,7.728722789810e-01
2.326916345817e+00,7.729208319324e-01
2.327316365818e+00,7.729694042076e-01
2.327716385819e+00,7.730179958361e-01
2.328116405820e+00,7.730666068295e-01
2.328516425821e+00,7.731152371816e-01
2.328916445822e+00,7.731638868684e-01
2.329316465823e+00,7.732125558482e-01
2.329716485824e+00,7.732612440615e-01
2.330116505825e+00,7.733099514312e-01
2.330516525826e+00,7.733586778626e-01
2.330916545827e+00,7.734074232437e-01
2.331316565828e+00,7.734561874453e-01
2.331716585829e+00,7.735049703206e-01
2.332116605830e+00,7.735537717063e-01
2.332516625831e+00,7.736025914220e-01
2.332916645832e+00,7.736514292707e-01
2.333316665833e+00,7.737002850389e-01
2.333716685834e+00,7.737491584971e-01
2.334116705835e+00,7.737980493996e-01
2.334516725836e+00,7.738469574849e-01
2.334916745837e+00,7.738958824756e-01
2.335316765838e+00,7.739448240792e-01
2.335716785839e+00,7.739937819879e-01
2.336116805840e+00,7.740427558793e-01
2.336516825841e+00,7.740917454163e-01
2.336916845842e+00,7.741407502476e-01
2.337316865843e+00,7.741897700079e-01
2.337716885844e+00,7.742388043183e-01
2.338116905845e+00,7.742878527867e-01
2.338516925846e+00,7.743369150078e-01
2.338916945847e+00,7.743859905639e-01
2.339316965848e+00,7.744350790247e-01
2.339716985849e+00,7.744841799481e-01
2.340117005850e+00,7.745332928804e-01
2.340517025851e+00,7.745824173566e-01
2.340917045852e+00,7.746315529010e-01
2.341317065853e+00,7.746806990272e-01
2.341717085854e+00,7.747298552390e-01
2.342117105855e+00,7.747790210303e-01
2.342517125856e+00,7.748281958859e-01
2.342917145857e+00,7.748773792819e-01
2.343317165858e+00,7.749265706859e-01
2.343717185859e+00,7.749757695579e-01
2.344117205860e+00,7.750249753501e-01
2.344517225861e+00,7.750741875074e-01
2.344917245862e+00,7.751234054679e-01
2.345317265863e+00,7.751726286637e-01
2.345717285864e+00,7.752218565212e-01
2.346117305865e+00,7.752710884614e-01
2.346517325866e+00,7.753203239003e-01
2.346917345867e+00,7.753695622495e-01
2.347317365868e+00,7.754188029169e-01
2.347717385869e+00,7.754680453066e-01
2.348117405870e+00,7.755172888199e-01
2.348517425871e+00,7.755665328552e-01
2.348917445872e+00,7.756157768090e-01
2.349317465873e+00,7.756650200763e-01
2.349717485874e+00,7.757142620506e-01
2.350117505875e+00,7.757635021248e-01
2.350517525876e+00,7.758127396917e-01
2.350917545877e+00,7.758619741439e-01
2.351317565878e+00,7.759112048751e-01
2.351717585879e+00,7.759604312798e-01
2.352117605880e+00,7.760096527543e-01
2.352517625881e+00,7.760588686968e-01
2.352917645882e+00,7.761080785081e-01
2.353317665883e+00,7.761572815918e-01
2.353717685884e+00,7.762064773549e-01
2.354117705885e+00,7.762556652085e-01
2.354517725886e+00,7.763048445675e-01
2.354917745887e+00,7.763540148517e-01
2.355317765888e+00,7.764031754862e-01
2.355717785889e+00,7.764523259014e-01
2.356117805890e+00,7.765014655338e-01
2.356517825891e+00,7.765505938261e-01
2.356917845892e+00,7.765997102281e-01
2.357317865893e+00,7.766488141964e-01
2.357717885894e+00,7.766979051954e-01
2.358117905895e+00,7.767469826975e-01
2.358517925896e+00,7.767960461833e-01
2.358917945897e+00,7.768450951423e-01
2.359317965898e+00,7.768941290728e-01
2.359717985899e+00,7.769431474829e-01
2.360118005900e+00,7.769921498904e-01
2.360518025901e+00,7.770411358230e-01
2.360918045902e+00,7.770901048192e-01
2.361318065903e+00,7.771390564282e-01
2.361718085904e+00,7.771879902101e-01
2.362118105905e+00,7.772369057366e-01
2.362518125906e+00,7.772858025908e-01
2.362918145907e+00,7.773346803683e-01
2.363318165908e+00,7.773835386767e-01
2.363718185909e+00,7.774323771361e-01
2.364118205910e+00,7.774811953796e-01
2.364518225911e+00,7.775299930532e-01
2.364918245912e+00,7.775787698162e-01
2.365318265913e+00,7.776275253415e-01
2.365718285914e+00,7.776762593156e-01
2.366118305915e+00,7.777249714390e-01
2.366518325916e+00,7.777736614263e-01
2.366918345917e+00,7.778223290064e-01
2.367318365918e+00,7.778709739226e-01
2.367718385919e+00,7.779195959331e-01
2.368118405920e+00,7.779681948106e-01
2.368518425921e+00,7.780167703430e-01
2.368918445922e+00,7.780653223330e-01
2.369318465923e+00,7.781138505988e-01
2.369718485924e+00,7.781623549735e-01
2.370118505925e+00,7.782108353059e-01
2.370518525926e+00,7.782592914600e-01
2.370918545927e+00,7.783077233153e-01
2.371318565928e+00,7.783561307666e-01
2.371718585929e+00,7.784045137248e-01
2.372118605930e+00,7.784528721163e-01
2.372518625931e+00,7.785012058831e-01
2.372918645932e+00,7.785495149828e-01
2.373318665933e+00,7.785977993888e-01
2.373718685934e+00,7.786460590903e-01
2.374118705935e+00,7.786942940917e-01
2.374518725936e+00,7.787425044132e-01
2.374918745937e+00,7.787906900907e-01
2.375318765938e+00,7.788388511752e-01
2.375718785939e+00,7.788869877334e-01
2.376118805940e+00,7.789350998472e-01
2.376518825941e+00,7.789831876137e-01
2.376918845942e+00,7.790312511451e-01
2.377318865943e+00,7.790792905689e-01
2.377718885944e+00,7.791273060271e-01
2.378118905945e+00,7.791752976767e-01
2.378518925946e+00,7.792232656894e-01
2.378918945947e+00,7.792712102510e-01
2.379318965948e+00,7.793191315618e-01
2.379718985949e+00,7.793670298359e-01
2.380119005950e+00,7.794149053016e-01
2.380519025951e+00,7.794627582003e-01
2.380919045952e+00,7.795105887875e-01
2.381319065953e+00,7.795583973317e-01
2.381719085954e+00,7.796061841147e-01
2.382119105955e+00,7.796539494309e-01
2.382519125956e+00,7.797016935872e-01
2.382919145957e+00,7.797494169030e-01
2.383319165958e+00,7.797971197095e-01
2.383719185959e+00,7.798448023500e-01
2.384119205960e+00,7.798924651788e-01
2.384519225961e+00,7.799401085618e-01
2.384919245962e+00,7.799877328755e-01
2.385319265963e+00,7.800353385072e-01
2.385719285964e+00,7.800829258545e-01
2.386119305965e+00,7.801304953247e-01
2.386519325966e+00,7.801780473353e-01
2.386919345967e+00,7.802255823125e-01
2.387319365968e+00,7.802731006921e-01
2.387719385969e+00,7.803206029183e-01
2.388119405970e+00,7.803680894435e-01
2.388519425971e+00,7.804155607283e-01
2.388919445972e+00,7.804630172409e-01
2.389319465973e+00,7.805104594565e-01
2.389719485974e+00,7.805578878572e-01
2.390119505975e+00,7.806053029316e-01
2.390519525976e+00,7.806527051742e-01
2.390919545977e+00,7.807000950853e-01
2.391319565978e+00,7.807474731713e-01
2.391719585979e+00,7.807948399430e-01
2.392119605980e+00,7.808421959159e-01
2.392519625981e+00,7.808895416097e-01
2.392919645982e+00,7.809368775480e-01
2.393319665983e+00,7.809842042578e-01
2.393719685984e+00,7.810315222691e-01
2.394119705985e+00,7.810788321146e-01
2.394519725986e+00,7.811261343291e-01
2.394919745987e+00,7.811734294495e-01
2.395319765988e+00,7.812207180138e-01
2.395719785989e+00,7.812680005615e-01
2.396119805990e+00,7.813152776324e-01
2.396519825991e+00,7.813625497667e-01
2.396919845992e+00,7.814098175046e-01
2.397319865993e+00,7.814570813855e-01
2.397719885994e+00,7.815043419480e-01
2.398119905995e+00,7.815515997296e-01
2.398519925996e+00,7.815988552658e-01
2.398919945997e+00,7.816461090901e-01
2.399319965998e+00,7.816933617337e-01
2.399719985999e+00,7.817406137246e-01
2.400120006000e+00,7.817878655879e-01
2.400520026001e+00,7.818351178446e-01
2.400920046002e+00,7.818823710122e-01
2.401320066003e+00,7.819296256038e-01
2.401720086004e+00,7.819768821275e-01
2.402120106005e+00,7.820241410867e-01
2.402520126006e+00,7.820714029789e-01
2.402920146007e+00,7.821186682962e-01
2.403320166008e+00,7.821659375244e-01
2.403720186009e+00,7.822132111429e-01
2.404120206010e+00,7.822604896242e-01
2.404520226011e+00,7.823077734336e-01
2.404920246012e+00,7.823550630292e-01
2.405320266013e+00,7.824023588612e-01
2.405720286014e+00,7.824496613715e-01
2.406120306015e+00,7.824969709938e-01
2.406520326016e+00,7.825442881532e-01
2.406920346017e+00,7.825916132656e-01
2.407320366018e+00,7.826389467377e-01
2.407720386019e+00,7.826862889667e-01
2.408120406020e+00,7.827336403399e-01
2.408520426021e+00,7.827810012346e-01
2.408920446022e+00,7.828283720177e-01
2.409320466023e+00,7.828757530458e-01
2.409720486024e+00,7.829231446644e-01
2.410120506025e+00,7.829705472081e-01
2.410520526026e+00,7.830179610002e-01
2.410920546027e+00,7.830653863525e-01
2.411320566028e+00,7.831128235652e-01
2.411720586029e+00,7.831602729265e-01
2.412120606030e+00,7.832077347128e-01
2.412520626031e+00,7.832552091880e-01
2.412920646032e+00,7.833026966038e-01
2.413320666033e+00,7.833501971994e-01
2.413720686034e+00,7.833977112012e-01
2.414120706035e+00,7.834452388227e-01
2.414520726036e+00,7.834927802647e-01
2.414920746037e+00,7.835403357148e-01
2.415320766038e+00,7.835879053472e-01
2.415720786039e+00,7.836354893231e-01
2.416120806040e+00,7.836830877902e-01
2.416520826041e+00,7.837307008827e-01
2.416920846042e+00,7.837783287214e-01
2.417320866043e+00,7.838259714133e-01
2.417720886044e+00,7.838736290520e-01
2.418120906045e+00,7.839213017174e-01
2.418520926046e+00,7.839689894757e-01
2.418920946047e+00,7.840166923795e-01
2.419320966048e+00,7.840644104674e-01
2.419720986049e+00,7.841121437643e-01
2.420121006050e+00,7.841598922816e-01
2.420521026051e+00,7.842076560167e-01
2.420921046052e+00,7.842554349535e-01
2.421321066053e+00,7.843032290622e-01
2.421721086054e+00,7.843510382994e-01
2.422121106055e+00,7.843988626083e-01
2.422521126056e+00,7.844467019185e-01
2.422921146057e+00,7.844945561462e-01
2.423321166058e+00,7.845424251945e-01
2.423721186059e+00,7.845903089531e-01
2.424121206060e+00,7.846382072986e-01
2.424521226061e+00,7.846861200947e-01
2.424921246062e+00,7.847340471922e-01
2.425321266063e+00,7.847819884290e-01
2.425721286064e+00,7.848299436307e-01
2.426121306065e+00,7.848779126100e-01
2.426521326066e+00,7.849258951676e-01
2.426921346067e+00,7.849738910922e-01
2.427321366068e+00,7.850219001602e-01
2.427721386069e+00,7.850699221367e-01
2.428121406070e+00,7.851179567749e-01
2.428521426071e+00,7.851660038171e-01
2.428921446072e+00,7.852140629935e-01
2.429321466073e+00,7.852621340241e-01
2.429721486074e+00,7.853102166178e-01
2.430121506075e+00,7.853583104731e-01
2.430521526076e+00,7.854064152781e-01
2.430921546077e+00,7.854545307109e-01
2.431321566078e+00,7.855026564399e-01
2.431721586079e+00,7.855507921238e-01
2.432121606080e+00,7.855989374123e-01
2.432521626081e+00,7.856470919457e-01
2.432921646082e+00,7.856952553559e-01
2.433321666083e+00,7.857434272660e-01
2.433721686084e+00,7.857916072913e-01
2.434121706085e+00,7.858397950388e-01
2.434521726086e+00,7.858879901080e-01
2.434921746087e+00,7.859361920913e-01
2.435321766088e+00,7.859844005737e-01
2.435721786089e+00,7.860326151336e-01
2.436121806090e+00,7.860808353432e-01
2.436521826091e+00,7.861290607684e-01
2.436921846092e+00,7.861772909694e-01
2.437321866093e+00,7.862255255008e-01
2.437721886094e+00,7.862737639124e-01
2.438121906095e+00,7.863220057491e-01
2.438521926096e+00,7.863702505514e-01
2.438921946097e+00,7.864184978554e-01
2.439321966098e+00,7.864667471933e-01
2.439721986099e+00,7.865149980940e-01
2.440122006100e+00,7.865632500833e-01
2.440522026101e+00,7.866115026840e-01
2.440922046102e+00,7.866597554167e-01
2.441322066103e+00,7.867080077996e-01
2.441722086104e+00,7.867562593493e-01
2.442122106105e+00,7.868045095809e-01
2.442522126106e+00,7.868527580082e-01
2.442922146107e+00,7.869010041444e-01
2.443322166108e+00,7.869492475024e-01
2.443722186109e+00,7.869974875948e-01
2.444122206110e+00,7.870457239344e-01
2.444522226111e+00,7.870939560348e-01
2.444922246112e+00,7.871421834104e-01
2.445322266113e+00,7.871904055768e-01
2.445722286114e+00,7.872386220513e-01
2.446122306115e+00,7.872868323531e-01
2.446522326116e+00,7.873350360036e-01
2.446922346117e+00,7.873832325268e-01
2.447322366118e+00,7.874314214497e-01
2.447722386119e+00,7.874796023023e-01
2.448122406120e+00,7.875277746183e-01
2.448522426121e+00,7.875759379353e-01
2.448922446122e+00,7.876240917949e-01
2.449322466123e+00,7.876722357433e-01
2.449722486124e+00,7.877203693316e-01
2.450122506125e+00,7.877684921156e-01
2.450522526126e+00,7.878166036569e-01
2.450922546127e+00,7.878647035226e-01
2.451322566128e+00,7.879127912857e-01
2.451722586129e+00,7.879608665255e-01
2.452122606130e+00,7.880089288278e-01
2.452522626131e+00,7.880569777852e-01
2.452922646132e+00,7.881050129972e-01
2.453322666133e+00,7.881530340710e-01
2.453722686134e+00,7.882010406209e-01
2.454122706135e+00,7.882490322694e-01
2.454522726136e+00,7.882970086468e-01
2.454922746137e+00,7.883449693920e-01
2.455322766138e+00,7.883929141521e-01
2.455722786139e+00,7.884408425834e-01
2.456122806140e+00,7.884887543507e-01
2.456522826141e+00,7.885366491283e-01
2.456922846142e+00,7.885845265997e-01
2.457322866143e+00,7.886323864581e-01
2.457722886144e+00,7.886802284064e-01
2.458122906145e+00,7.887280521573e-01
2.458522926146e+00,7.887758574340e-01
2.458922946147e+00,7.888236439699e-01
2.459322966148e+00,7.888714115088e-01
2.459722986149e+00,7.889191598051e-01
2.460123006150e+00,7.889668886241e-01
2.460523026151e+00,7.890145977419e-01
2.460923046152e+00,7.890622869457e-01
2.461323066153e+00,7.891099560337e-01
2.461723086154e+00,7.891576048156e-01
2.462123106155e+00,7.892052331122e-01
2.462523126156e+00,7.892528407560e-01
2.462923146157e+00,7.893004275911e-01
2.463323166158e+00,7.893479934729e-01
2.463723186159e+00,7.893955382691e-01
2.464123206160e+00,7.894430618586e-01
2.464523226161e+00,7.894905641327e-01
2.464923246162e+00,7.895380449943e-01
2.465323266163e+00,7.895855043583e-01
2.465723286164e+00,7.896329421515e-01
2.466123306165e+00,7.896803583129e-01
2.466523326166e+00,7.897277527932e-01
2.466923346167e+00,7.897751255552e-01
2.467323366168e+00,7.898224765736e-01
2.467723386169e+00,7.898698058354e-01
2.468123406170e+00,7.899171133396e-01
2.468523426171e+00,7.899643990971e-01
2.468923446172e+00,7.900116631305e-01
2.469323466173e+00,7.900589054748e-01
2.469723486174e+00,7.901061261763e-01
2.470123506175e+00,7.901533252935e-01
2.470523526176e+00,7.902005028965e-01
2.470923546177e+00,7.902476590669e-01
2.471323566178e+00,7.902947938980e-01
2.471723586179e+00,7.903419074945e-01
2.472123606180e+00,7.903889999727e-01
2.472523626181e+00,7.904360714600e-01
2.472923646182e+00,7.904831220950e-01
2.473323666183e+00,7.905301520273e-01
2.473723686184e+00,7.905771614178e-01
2.474123706185e+00,7.906241504378e-01
2.474523726186e+00,7.906711192695e-01
2.474923746187e+00,7.907180681057e-01
2.475323766188e+00,7.907649971493e-01
2.475723786189e+00,7.908119066136e-01
2.476123806190e+00,7.908587967218e-01
2.476523826191e+00,7.909056677069e-01
2.476923846192e+00,7.909525198116e-01
2.477323866193e+00,7.909993532881e-01
2.477723886194e+00,7.910461683981e-01
2.478123906195e+00,7.910929654126e-01
2.478523926196e+00,7.911397446110e-01
2.478923946197e+00,7.911865062817e-01
2.479323966198e+00,7.912332507218e-01
2.479723986199e+00,7.912799782362e-01
2.480124006200e+00,7.913266891383e-01
2.480524026201e+00,7.913733837490e-01
2.480924046202e+00,7.914200623969e-01
2.481324066203e+00,7.914667254180e-01
2.481724086204e+00,7.915133731553e-01
2.482124106205e+00,7.915600059587e-01
2.482524126206e+00,7.916066241848e-01
2.482924146207e+00,7.916532281966e-01
2.483324166208e+00,7.916998183630e-01
2.483724186209e+00,7.917463950589e-01
2.484124206210e+00,7.917929586648e-01
2.484524226211e+00,7.918395095665e-01
2.484924246212e+00,7.918860481549e-01
2.485324266213e+00,7.919325748256e-01
2.485724286214e+00,7.919790899788e-01
2.486124306215e+00,7.920255940186e-01
2.486524326216e+00,7.920720873532e-01
2.486924346217e+00,7.921185703945e-01
2.487324366218e+00,7.921650435573e-01
2.487724386219e+00,7.922115072601e-01
2.488124406220e+00,7.922579619241e-01
2.488524426221e+00,7.923044079729e-01
2.488924446222e+00,7.923508458323e-01
2.489324466223e+00,7.923972759300e-01
2.489724486224e+00,7.924436986953e-01
2.490124506225e+00,7.924901145591e-01
2.490524526226e+00,7.925365239530e-01
2.490924546227e+00,7.925829273096e-01
2.491324566228e+00,7.926293250618e-01
2.491724586229e+00,7.926757176428e-01
2.492124606230e+00,7.927221054856e-01
2.492524626231e+00,7.927684890228e-01
2.492924646232e+00,7.928148686864e-01
2.493324666233e+00,7.928612449074e-01
2.493724686234e+00,7.929076181153e-01
2.494124706235e+00,7.929539887385e-01
2.494524726236e+00,7.930003572031e-01
2.494924746237e+00,7.930467239334e-01
2.495324766238e+00,7.930930893512e-01
2.495724786239e+00,7.931394538755e-01
2.496124806240e+00,7.931858179227e-01
2.496524826241e+00,7.932321819056e-01
2.496924846242e+00,7.932785462336e-01
2.497324866243e+00,7.933249113126e-01
2.497724886244e+00,7.933712775440e-01
2.498124906245e+00,7.934176453254e-01
2.498524926246e+00,7.934640150496e-01
2.498924946247e+00,7.935103871047e-01
2.499324966248e+00,7.935567618739e-01
2.499724986249e+00,7.936031397347e-01
2.500125006250e+00,7.936495210596e-01
2.500525026251e+00,7.936959062150e-01
2.500925046252e+00,7.937422955613e-01
2.501325066253e+00,7.937886894529e-01
2.501725086254e+00,7.938350882376e-01
2.502125106255e+00,7.938814922566e-01
2.502525126256e+00,7.939279018442e-01
2.502925146257e+00,7.939743173277e-01
2.503325166258e+00,7.940207390269e-01
2.503725186259e+00,7.940671672542e-01
2.504125206260e+00,7.941136023146e-01
2.504525226261e+00,7.941600445048e-01
2.504925246262e+00,7.942064941136e-01
2.505325266263e+00,7.942529514217e-01
2.505725286264e+00,7.942994167014e-01
2.506125306265e+00,7.943458902162e-01
2.506525326266e+00,7.943923722212e-01
2.506925346267e+00,7.944388629624e-01
2.507325366268e+00,7.944853626771e-01
2.507725386269e+00,7.945318715932e-01
2.508125406270e+00,7.945783899292e-01
2.508525426271e+00,7.946249178945e-01
2.508925446272e+00,7.946714556887e-01
2.509325466273e+00,7.947180035018e-01
2.509725486274e+00,7.947645615142e-01
2.510125506275e+00,7.948111298964e-01
2.510525526276e+00,7.948577088087e-01
2.510925546277e+00,7.949042984017e-01
2.511325566278e+00,7.949508988158e-01
2.511725586279e+00,7.949975101811e-01
2.512125606280e+00,7.950441326176e-01
2.512525626281e+00,7.950907662349e-01
2.512925646282e+00,7.951374111323e-01
2.513325666283e+00,7.951840673985e-01
2.513725686284e+00,7.952307351119e-01
2.514125706285e+00,7.952774143404e-01
2.514525726286e+00,7.953241051414e-01
2.514925746287e+00,7.953708075615e-01
2.515325766288e+00,7.954175216372e-01
2.515725786289e+00,7.954642473942e-01
2.516125806290e+00,7.955109848477e-01
2.516525826291e+00,7.955577340025e-01
2.516925846292e+00,7.956044948529e-01
2.517325866293e+00,7.956512673826e-01
2.517725886294e+00,7.956980515648e-01
2.518125906295e+00,7.957448473623e-01
2.518525926296e+00,7.957916547275e-01
2.518925946297e+00,7.958384736025e-01
2.519325966298e+00,7.958853039192e-01
2.519725986299e+00,7.959321455992e-01
2.520126006300e+00,7.959789985539e-01
2.520526026301e+00,7.960258626849e-01
2.520926046302e+00,7.960727378835e-01
2.521326066303e+00,7.961196240313e-01
2.521726086304e+00,7.961665210002e-01
2.522126106305e+00,7.962134286521e-01
2.522526126306e+00,7.962603468396e-01
2.522926146307e+00,7.963072754058e-01
2.523326166308e+00,7.963542141842e-01
2.523726186309e+00,7.964011629992e-01
2.524126206310e+00,7.964481216662e-01
2.524526226311e+00,7.964950899914e-01
2.524926246312e+00,7.965420677724e-01
2.525326266313e+00,7.965890547980e-01
2.525726286314e+00,7.966360508484e-01
2.526126306315e+00,7.966830556958e-01
2.526526326316e+00,7.967300691038e-01
2.526926346317e+00,7.967770908285e-01
2.527326366318e+00,7.968241206177e-01
2.527726386319e+00,7.968711582116e-01
2.528126406320e+00,7.969182033428e-01
2.528526426321e+00,7.969652557367e-01
2.528926446322e+00,7.970123151116e-01
2.529326466323e+00,7.970593811788e-01
2.529726486324e+00,7.971064536429e-01
2.530126506325e+00,7.971535322020e-01
2.530526526326e+00,7.972006165477e-01
2.530926546327e+00,7.972477063658e-01
2.531326566328e+00,7.972948013360e-01
2.531726586329e+00,7.973419011323e-01
2.532126606330e+00,7.973890054234e-01
2.532526626331e+00,7.974361138727e-01
2.532926646332e+00,7.974832261383e-01
2.533326666333e+00,7.975303418740e-01
2.533726686334e+00,7.975774607287e-01
2.534126706335e+00,7.976245823470e-01
2.534526726336e+00,7.976717063695e-01
2.534926746337e+00,7.977188324329e-01
2.535326766338e+00,7.977659601704e-01
2.535726786339e+00,7.978130892116e-01
2.536126806340e+00,7.978602191831e-01
2.536526826341e+00,7.979073497088e-01
2.536926846342e+00,7.979544804096e-01
2.537326866343e+00,7.980016109045e-01
2.537726886344e+00,7.980487408101e-01
2.538126906345e+00,7.980958697409e-01
2.538526926346e+00,7.981429973100e-01
2.538926946347e+00,7.981901231290e-01
2.539326966348e+00,7.982372468085e-01
2.539726986349e+00,7.982843679579e-01
2.540127006350e+00,7.983314861863e-01
2.540527026351e+00,7.983786011023e-01
2.540927046352e+00,7.984257123142e-01
2.541327066353e+00,7.984728194305e-01
2.541727086354e+00,7.985199220602e-01
2.542127106355e+00,7.985670198126e-01
2.542527126356e+00,7.986141122981e-01
2.542927146357e+00,7.986611991281e-01
2.543327166358e+00,7.987082799153e-01
2.543727186359e+00,7.987553542740e-01
2.544127206360e+00,7.988024218204e-01
2.544527226361e+00,7.988494821725e-01
2.544927246362e+00,7.988965349510e-01
2.545327266363e+00,7.989435797789e-01
2.545727286364e+00,7.989906162819e-01
2.546127306365e+00,7.990376440889e-01
2.546527326366e+00,7.990846628318e-01
2.546927346367e+00,7.991316721460e-01
2.547327366368e+00,7.991786716708e-01
2.547727386369e+00,7.992256610491e-01
2.548127406370e+00,7.992726399280e-01
2.548527426371e+00,7.993196079590e-01
2.548927446372e+00,7.993665647981e-01
2.549327466373e+00,7.994135101060e-01
2.549727486374e+00,7.994604435484e-01
2.550127506375e+00,7.995073647963e-01
2.550527526376e+00,7.995542735258e-01
2.550927546377e+00,7.996011694186e-01
2.551327566378e+00,7.996480521622e-01
2.551727586379e+00,7.996949214500e-01
2.552127606380e+00,7.997417769815e-01
2.552527626381e+00,7.997886184623e-01
2.552927646382e+00,7.998354456048e-01
2.553327666383e+00,7.998822581276e-01
2.553727686384e+00,7.999290557564e-01
2.554127706385e+00,7.999758382237e-01
2.554527726386e+00,8.000226052691e-01
2.554927746387e+00,8.000693566396e-01
2.555327766388e+00,8.001160920894e-01
2.555727786389e+00,8.001628113802e-01
2.556127806390e+00,8.002095142816e-01
2.556527826391e+00,8.002562005708e-01
2.556927846392e+00,8.003028700329e-01
2.557327866393e+00,8.003495224610e-01
2.557727886394e+00,8.003961576564e-01
2.558127906395e+00,8.004427754284e-01
2.558527926396e+00,8.004893755951e-01
2.558927946397e+00,8.005359579828e-01
2.559327966398e+00,8.005825224265e-01
2.559727986399e+00,8.006290687696e-01
2.560128006400e+00,8.006755968644e-01
2.560528026401e+00,8.007221065720e-01
2.560928046402e+00,8.007685977622e-01
2.561328066403e+00,8.008150703137e-01
2.561728086404e+00,8.008615241144e-01
2.562128106405e+00,8.009079590609e-01
2.562528126406e+00,8.009543750591e-01
2.562928146407e+00,8.010007720239e-01
2.563328166408e+00,8.010471498795e-01
2.563728186409e+00,8.010935085590e-01
2.564128206410e+00,8.011398480051e-01
2.564528226411e+00,8.011861681693e-01
2.564928246412e+00,8.012324690126e-01
2.565328266413e+00,8.012787505053e-01
2.565728286414e+00,8.013250126268e-01
2.566128306415e+00,8.013712553657e-01
2.566528326416e+00,8.014174787199e-01
2.566928346417e+00,8.014636826963e-01
2.567328366418e+00,8.015098673112e-01
2.567728386419e+00,8.015560325898e-01
2.568128406420e+00,8.016021785663e-01
2.568528426421e+00,8.016483052845e-01
2.568928446422e+00,8.016944127969e-01
2.569328466423e+00,8.017405011651e-01
2.569728486424e+00,8.017865704595e-01
2.570128506425e+00,8.018326207594e-01
2.570528526426e+00,8.018786521529e-01
2.570928546427e+00,8.019246647370e-01
2.571328566428e+00,8.019706586169e-01
2.571728586429e+00,8.020166339067e-01
2.572128606430e+00,8.020625907289e-01
2.572528626431e+00,8.021085292142e-01
2.572928646432e+00,8.021544495018e-01
2.573328666433e+00,8.022003517390e-01
2.573728686434e+00,8.022462360811e-01
2.574128706435e+00,8.022921026915e-01
2.574528726436e+00,8.023379517412e-01
2.574928746437e+00,8.023837834092e-01
2.575328766438e+00,8.024295978821e-01
2.575728786439e+00,8.024753953537e-01
2.576128806440e+00,8.025211760254e-01
2.576528826441e+00,8.025669401056e-01
2.576928846442e+00,8.026126878098e-01
2.577328866443e+00,8.026584193604e-01
2.577728886444e+00,8.027041349863e-01
2.578128906445e+00,8.027498349231e-01
2.578528926446e+00,8.027955194129e-01
2.578928946447e+00,8.028411887041e-01
2.579328966448e+00,8.028868430514e-01
2.579728986449e+00,8.029324827150e-01
2.580129006450e+00,8.029781079611e-01
2.580529026451e+00,8.030237190616e-01
2.580929046452e+00,8.030693162935e-01
2.581329066453e+00,8.031148999393e-01
2.581729086454e+00,8.031604702863e-01
2.582129106455e+00,8.032060276268e-01
2.582529126456e+00,8.032515722578e-01
2.582929146457e+00,8.032971044805e-01
2.583329166458e+00,8.033426246006e-01
2.583729186459e+00,8.033881329278e-01
2.584129206460e+00,8.034336297757e-01
2.584529226461e+00,8.034791154616e-01
2.584929246462e+00,8.035245903063e-01
2.585329266463e+00,8.035700546338e-01
2.585729286464e+00,8.036155087712e-01
2.586129306465e+00,8.036609530485e-01
2.586529326466e+00,8.037063877983e-01
2.586929346467e+00,8.037518133558e-01
2.587329366468e+00,8.037972300581e-01
2.587729386469e+00,8.038426382446e-01
2.588129406470e+00,8.038880382563e-01
2.588529426471e+00,8.039334304358e-01
2.588929446472e+00,8.039788151270e-01
2.589329466473e+00,8.040241926752e-01
2.589729486474e+00,8.040695634266e-01
2.590129506475e+00,8.041149277282e-01
2.590529526476e+00,8.041602859273e-01
2.590929546477e+00,8.042056383717e-01
2.591329566478e+00,8.042509854092e-01
2.591729586479e+00,8.042963273875e-01
2.592129606480e+00,8.043416646540e-01
2.592529626481e+00,8.043869975554e-01
2.592929646482e+00,8.044323264380e-01
2.593329666483e+00,8.044776516467e-01
2.593729686484e+00,8.045229735255e-01
2.594129706485e+00,8.045682924169e-01
2.594529726486e+00,8.046136086619e-01
2.594929746487e+00,8.046589225996e-01
2.595329766488e+00,8.047042345672e-01
2.595729786489e+00,8.047495448997e-01
2.596129806490e+00,8.047948539296e-01
2.596529826491e+00,8.048401619868e-01
2.596929846492e+00,8.048854693986e-01
2.597329866493e+00,8.049307764890e-01
2.597729886494e+00,8.049760835792e-01
2.598129906495e+00,8.050213909866e-01
2.598529926496e+00,8.050666990253e-01
2.598929946497e+00,8.051120080056e-01
2.599329966498e+00,8.051573182339e-01
2.599729986499e+00,8.052026300125e-01
2.600130006500e+00,8.052479436393e-01
2.600530026501e+00,8.052932594078e-01
2.600930046502e+00,8.053385776071e-01
2.601330066503e+00,8.053838985211e-01
2.601730086504e+00,8.054292224290e-01
2.602130106505e+00,8.054745496049e-01
2.602530126506e+00,8.055198803175e-01
2.602930146507e+00,8.055652148301e-01
2.603330166508e+00,8.056105534005e-01
2.603730186509e+00,8.056558962808e-01
2.604130206510e+00,8.057012437170e-01
2.604530226511e+00,8.057465959494e-01
2.604930246512e+00,8.057919532119e-01
2.605330266513e+00,8.058373157324e-01
2.605730286514e+00,8.058826837321e-01
2.606130306515e+00,8.059280574259e-01
2.606530326516e+00,8.059734370220e-01
2.606930346517e+00,8.060188227218e-01
2.607330366518e+00,8.060642147198e-01
2.607730386519e+00,8.061096132037e-01
2.608130406520e+00,8.061550183539e-01
2.608530426521e+00,8.062004303439e-01
2.608930446522e+00,8.062458493396e-01
2.609330466523e+00,8.062912755001e-01
2.609730486524e+00,8.063367089766e-01
2.610130506525e+00,8.063821499131e-01
2.610530526526e+00,8.064275984457e-01
2.610930546527e+00,8.064730547031e-01
2.611330566528e+00,8.065185188061e-01
2.611730586529e+00,8.065639908680e-01
2.612130606530e+00,8.066094709941e-01
2.612530626531e+00,8.066549592817e-01
2.612930646532e+00,8.067004558205e-01
2.613330666533e+00,8.067459606919e-01
2.613730686534e+00,8.067914739696e-01
2.614130706535e+00,8.068369957191e-01
2.614530726536e+00,8.068825259981e-01
2.614930746537e+00,8.069280648558e-01
2.615330766538e+00,8.069736123338e-01
2.615730786539e+00,8.070191684653e-01
2.616130806540e+00,8.070647332754e-01
2.616530826541e+00,8.071103067813e-01
2.616930846542e+00,8.071558889918e-01
2.617330866543e+00,8.072014799078e-01
2.617730886544e+00,8.072470795222e-01
2.618130906545e+00,8.072926878195e-01
2.618530926546e+00,8.073383047766e-01
2.618930946547e+00,8.073839303620e-01
2.619330966548e+00,8.074295645366e-01
2.619730986549e+00,8.074752072532e-01
2.620131006550e+00,8.075208584569e-01
2.620531026551e+00,8.075665180846e-01
2.620931046552e+00,8.076121860657e-01
2.621331066553e+00,8.076578623215e-01
2.621731086554e+00,8.077035467660e-01
2.622131106555e+00,8.077492393053e-01
2.622531126556e+00,8.077949398382e-01
2.622931146557e+00,8.078406482558e-01
2.623331166558e+00,8.078863644420e-01
2.623731186559e+00,8.079320882731e-01
2.624131206560e+00,8.079778196186e-01
2.624531226561e+00,8.080235583405e-01
2.624931246562e+00,8.080693042939e-01
2.625331266563e+00,8.081150573270e-01
2.625731286564e+00,8.081608172810e-01
2.626131306565e+00,8.082065839906e-01
2.626531326566e+00,8.082523572836e-01
2.626931346567e+00,8.082981369814e-01
2.627331366568e+00,8.083439228991e-01
2.627731386569e+00,8.083897148452e-01
2.628131406570e+00,8.084355126224e-01
2.628531426571e+00,8.084813160271e-01
2.628931446572e+00,8.085271248501e-01
2.629331466573e+00,8.085729388760e-01
2.629731486574e+00,8.086187578842e-01
2.630131506575e+00,8.086645816485e-01
2.630531526576e+00,8.087104099373e-01
2.630931546577e+00,8.087562425140e-01
2.631331566578e+00,8.088020791365e-01
2.631731586579e+00,8.088479195581e-01
2.632131606580e+00,8.088937635273e-01
2.632531626581e+00,8.089396107881e-01
2.632931646582e+00,8.089854610798e-01
2.633331666583e+00,8.090313141377e-01
2.633731686584e+00,8.090771696929e-01
2.634131706585e+00,8.091230274725e-01
2.634531726586e+00,8.091688871999e-01
2.634931746587e+00,8.092147485948e-01
2.635331766588e+00,8.092606113736e-01
2.635731786589e+00,8.093064752492e-01
2.636131806590e+00,8.093523399318e-01
2.636531826591e+00,8.093982051282e-01
2.636931846592e+00,8.094440705427e-01
2.637331866593e+00,8.094899358772e-01
2.637731886594e+00,8.095358008308e-01
2.638131906595e+00,8.095816651008e-01
2.638531926596e+00,8.096275283821e-01
2.638931946597e+00,8.096733903680e-01
2.639331966598e+00,8.097192507502e-01
2.639731986599e+00,8.097651092186e-01
2.640132006600e+00,8.098109654620e-01
2.640532026601e+00,8.098568191682e-01
2.640932046602e+00,8.099026700239e-01
2.641332066603e+00,8.099485177151e-01
2.641732086604e+00,8.099943619272e-01
2.642132106605e+00,8.100402023454e-01
2.642532126606e+00,8.100860386544e-01
2.642932146607e+00,8.101318705390e-01
2.643332166608e+00,8.101776976842e-01
2.643732186609e+00,8.102235197755e-01
2.644132206610e+00,8.102693364986e-01
2.644532226611e+00,8.103151475402e-01
2.644932246612e+00,8.103609525877e-01
2.645332266613e+00,8.104067513298e-01
2.645732286614e+00,8.104525434562e-01
2.646132306615e+00,8.104983286581e-01
2.646532326616e+00,8.105441066283e-01
2.646932346617e+00,8.105898770616e-01
2.647332366618e+00,8.106356396543e-01
2.647732386619e+00,8.106813941053e-01
2.648132406620e+00,8.107271401154e-01
2.648532426621e+00,8.107728773881e-01
2.648932446622e+00,8.108186056296e-01
2.649332466623e+00,8.108643245486e-01
2.649732486624e+00,8.109100338569e-01
2.650132506625e+00,8.109557332697e-01
2.650532526626e+00,8.110014225049e-01
2.650932546627e+00,8.110471012843e-01
2.651332566628e+00,8.110927693331e-01
2.651732586629e+00,8.111384263802e-01
2.652132606630e+00,8.111840721583e-01
2.652532626631e+00,8.112297064043e-01
2.652932646632e+00,8.112753288593e-01
2.653332666633e+00,8.113209392686e-01
2.653732686634e+00,8.113665373820e-01
2.654132706635e+00,8.114121229539e-01
2.654532726636e+00,8.114576957435e-01
2.654932746637e+00,8.115032555146e-01
2.655332766638e+00,8.115488020362e-01
2.655732786639e+00,8.115943350824e-01
2.656132806640e+00,8.116398544324e-01
2.656532826641e+00,8.116853598707e-01
2.656932846642e+00,8.117308511874e-01
2.657332866643e+00,8.117763281781e-01
2.657732886644e+00,8.118217906440e-01
2.658132906645e+00,8.118672383921e-01
2.658532926646e+00,8.119126712353e-01
2.658932946647e+00,8.119580889925e-01
2.659332966648e+00,8.120034914886e-01
2.659732986649e+00,8.120488785546e-01
2.660133006650e+00,8.120942500280e-01
2.660533026651e+00,8.121396057523e-01
2.660933046652e+00,8.121849455775e-01
2.661333066653e+00,8.122302693601e-01
2.661733086654e+00,8.122755769632e-01
2.662133106655e+00,8.123208682561e-01
2.662533126656e+00,8.123661431152e-01
2.662933146657e+00,8.124114014231e-01
2.663333166658e+00,8.124566430698e-01
2.663733186659e+00,8.125018679517e-01
2.664133206660e+00,8.125470759724e-01
2.664533226661e+00,8.125922670421e-01
2.664933246662e+00,8.126374410780e-01
2.665333266663e+00,8.126825980045e-01
2.665733286664e+00,8.127277377527e-01
2.666133306665e+00,8.127728602610e-01
2.666533326666e+00,8.128179654746e-01
2.666933346667e+00,8.128630533460e-01
2.667333366668e+00,8.129081238346e-01
2.667733386669e+00,8.129531769070e-01
2.668133406670e+00,8.129982125370e-01
2.668533426671e+00,8.130432307053e-01
2.668933446672e+00,8.130882313999e-01
2.669333466673e+00,8.131332146157e-01
2.669733486674e+00,8.131781803548e-01
2.670133506675e+00,8.132231286263e-01
2.670533526676e+00,8.132680594464e-01
2.670933546677e+00,8.133129728384e-01
2.671333566678e+00,8.133578688323e-01
2.671733586679e+00,8.134027474654e-01
2.672133606680e+00,8.134476087818e-01
2.672533626681e+00,8.134924528324e-01
2.672933646682e+00,8.135372796752e-01
2.673333666683e+00,8.135820893748e-01
2.673733686684e+00,8.136268820026e-01
2.674133706685e+00,8.136716576368e-01
2.674533726686e+00,8.137164163620e-01
2.674933746687e+00,8.137611582696e-01
2.675333766688e+00,8.138058834575e-01
2.675733786689e+00,8.138505920300e-01
2.676133806690e+00,8.138952840978e-01
2.676533826691e+00,8.139399597779e-01
2.676933846692e+00,8.139846191936e-01
2.677333866693e+00,8.140292624741e-01
2.677733886694e+00,8.140738897549e-01
2.678133906695e+00,8.141185011776e-01
2.678533926696e+00,8.141630968892e-01
2.678933946697e+00,8.142076770430e-01
2.679333966698e+00,8.142522417976e-01
2.679733986699e+00,8.142967913173e-01
2.680134006700e+00,8.143413257720e-01
2.680534026701e+00,8.143858453370e-01
2.680934046702e+00,8.144303501925e-01
2.681334066703e+00,8.144748405244e-01
2.681734086704e+00,8.145193165231e-01
2.682134106705e+00,8.145637783845e-01
2.682534126706e+00,8.146082263087e-01
2.682934146707e+00,8.146526605010e-01
2.683334166708e+00,8.146970811709e-01
2.683734186709e+00,8.147414885324e-01
2.684134206710e+00,8.147858828040e-01
2.684534226711e+00,8.148302642080e-01
2.684934246712e+00,8.148746329710e-01
2.685334266713e+00,8.149189893235e-01
2.685734286714e+00,8.149633334997e-01
2.686134306715e+00,8.150076657373e-01
2.686534326716e+00,8.150519862777e-01
2.686934346717e+00,8.150962953656e-01
2.687334366718e+00,8.151405932488e-01
2.687734386719e+00,8.151848801783e-01
2.688134406720e+00,8.152291564079e-01
2.688534426721e+00,8.152734221943e-01
2.688934446722e+00,8.153176777966e-01
2.689334466723e+00,8.153619234764e-01
2.689734486724e+00,8.154061594978e-01
2.690134506725e+00,8.154503861266e-01
2.690534526726e+00,8.154946036310e-01
2.690934546727e+00,8.155388122807e-01
2.691334566728e+00,8.155830123471e-01
2.691734586729e+00,8.156272041036e-01
2.692134606730e+00,8.156713878247e-01
2.692534626731e+00,8.157155637861e-01
2.692934646732e+00,8.157597322646e-01
2.693334666733e+00,8.158038935379e-01
2.693734686734e+00,8.158480478844e-01
2.694134706735e+00,8.158921955831e-01
2.694534726736e+00,8.159363369135e-01
2.694934746737e+00,8.159804721553e-01
2.695334766738e+00,8.160246015884e-01
2.695734786739e+00,8.160687254924e-01
2.696134806740e+00,8.161128441471e-01
2.696534826741e+00,8.161569578317e-01
2.696934846742e+00,8.162010668248e-01
2.697334866743e+00,8.162451714046e-01
2.697734886744e+00,8.162892718483e-01
2.698134906745e+00,8.163333684322e-01
2.698534926746e+00,8.163774614315e-01
2.698934946747e+00,8.164215511200e-01
2.699334966748e+00,8.164656377702e-01
2.699734986749e+00,8.165097216530e-01
2.700135006750e+00,8.165538030375e-01
2.700535026751e+00,8.165978821911e-01
2.700935046752e+00,8.166419593790e-01
2.701335066753e+00,8.166860348643e-01
2.701735086754e+00,8.167301089078e-01
2.702135106755e+00,8.167741817678e-01
2.702535126756e+00,8.168182537000e-01
2.702935146757e+00,8.168623249574e-01
2.703335166758e+00,8.169063957903e-01
2.703735186759e+00,8.169504664458e-01
2.704135206760e+00,8.169945371680e-01
2.704535226761e+00,8.170386081976e-01
2.704935246762e+00,8.170826797721e-01
2.705335266763e+00,8.171267521254e-01
2.705735286764e+00,8.171708254876e-01
2.706135306765e+00,8.172149000854e-01
2.706535326766e+00,8.172589761413e-01
2.706935346767e+00,8.173030538739e-01
2.707335366768e+00,8.173471334977e-01
2.707735386769e+00,8.173912152232e-01
2.708135406770e+00,8.174352992562e-01
2.708535426771e+00,8.174793857982e-01
2.708935446772e+00,8.175234750463e-01
2.709335466773e+00,8.175675671928e-01
2.709735486774e+00,8.176116624254e-01
2.710135506775e+00,8.176557609267e-01
2.710535526776e+00,8.176998628746e-01
2.710935546777e+00,8.177439684418e-01
2.711335566778e+00,8.177880777962e-01
2.711735586779e+00,8.178321911002e-01
2.712135606780e+00,8.178763085111e-01
2.712535626781e+00,8.179204301807e-01
2.712935646782e+00,8.179645562555e-01
2.713335666783e+00,8.180086868767e-01
2.713735686784e+00,8.180528221795e-01
2.714135706785e+00,8.180969622939e-01
2.714535726786e+00,8.181411073437e-01
2.714935746787e+00,8.181852574475e-01
2.715335766788e+00,8.182294127176e-01
2.715735786789e+00,8.182735732609e-01
2.716135806790e+00,8.183177391780e-01
2.716535826791e+00,8.183619105637e-01
2.716935846792e+00,8.184060875070e-01
2.717335866793e+00,8.184502700904e-01
2.717735886794e+00,8.184944583909e-01
2.718135906795e+00,8.185386524789e-01
2.718535926796e+00,8.185828524191e-01
2.718935946797e+00,8.186270582696e-01
2.719335966798e+00,8.186712700827e-01
2.719735986799e+00,8.187154879044e-01
2.720136006800e+00,8.187597117743e-01
2.720536026801e+00,8.188039417260e-01
2.720936046802e+00,8.188481777867e-01
2.721336066803e+00,8.188924199775e-01
2.721736086804e+00,8.189366683132e-01
2.722136106805e+00,8.189809228022e-01
2.722536126806e+00,8.190251834470e-01
2.722936146807e+00,8.190694502436e-01
2.723336166808e+00,8.191137231820e-01
2.723736186809e+00,8.191580022458e-01
2.724136206810e+00,8.192022874127e-01
2.724536226811e+00,8.192465786542e-01
2.724936246812e+00,8.192908759355e-01
2.725336266813e+00,8.193351792157e-01
2.725736286814e+00,8.193794884480e-01
2.726136306815e+00,8.194238035793e-01
2.726536326816e+00,8.194681245509e-01
2.726936346817e+00,8.195124512977e-01
2.727336366818e+00,8.195567837490e-01
2.727736386819e+00,8.196011218283e-01
2.728136406820e+00,8.196454654529e-01
2.728536426821e+00,8.196898145349e-01
2.728936446822e+00,8.197341689802e-01
2.729336466823e+00,8.197785286895e-01
2.729736486824e+00,8.198228935576e-01
2.730136506825e+00,8.198672634739e-01
2.730536526826e+00,8.199116383224e-01
2.730936546827e+00,8.199560179817e-01
2.731336566828e+00,8.200004023252e-01
2.731736586829e+00,8.200447912210e-01
2.732136606830e+00,8.200891845319e-01
2.732536626831e+00,8.201335821159e-01
2.732936646832e+00,8.201779838259e-01
2.733336666833e+00,8.202223895100e-01
2.733736686834e+00,8.202667990114e-01
2.734136706835e+00,8.203112121686e-01
2.734536726836e+00,8.203556288156e-01
2.734936746837e+00,8.204000487820e-01
2.735336766838e+00,8.204444718928e-01
2.735736786839e+00,8.204888979688e-01
2.736136806840e+00,8.205333268267e-01
2.736536826841e+00,8.205777582788e-01
2.736936846842e+00,8.206221921336e-01
2.737336866843e+00,8.206666281957e-01
2.737736886844e+00,8.207110662658e-01
2.738136906845e+00,8.207555061411e-01
2.738536926846e+00,8.207999476152e-01
2.738936946847e+00,8.208443904784e-01
2.739336966848e+00,8.208888345175e-01
2.739736986849e+00,8.209332795161e-01
2.740137006850e+00,8.209777252550e-01
2.740537026851e+00,8.210221715117e-01
2.740937046852e+00,8.210666180613e-01
2.741337066853e+00,8.211110646757e-01
2.741737086854e+00,8.211555111247e-01
2.742137106855e+00,8.211999571754e-01
2.742537126856e+00,8.212444025926e-01
2.742937146857e+00,8.212888471390e-01
2.743337166858e+00,8.213332905751e-01
2.743737186859e+00,8.213777326597e-01
2.744137206860e+00,8.214221731496e-01
2.744537226861e+00,8.214666118000e-01
2.744937246862e+00,8.215110483646e-01
2.745337266863e+00,8.215554825956e-01
2.745737286864e+00,8.215999142442e-01
2.746137306865e+00,8.216443430602e-01
2.746537326866e+00,8.216887687925e-01
2.746937346867e+00,8.217331911893e-01
2.747337366868e+00,8.217776099979e-01
2.747737386869e+00,8.218220249651e-01
2.748137406870e+00,8.218664358371e-01
2.748537426871e+00,8.219108423600e-01
2.748937446872e+00,8.219552442796e-01
2.749337466873e+00,8.219996413416e-01
2.749737486874e+00,8.220440332919e-01
2.750137506875e+00,8.220884198766e-01
2.750537526876e+00,8.221328008421e-01
2.750937546877e+00,8.221771759355e-01
2.751337566878e+00,8.222215449042e-01
2.751737586879e+00,8.222659074965e-01
2.752137606880e+00,8.223102634617e-01
2.752537626881e+00,8.223546125500e-01
2.752937646882e+00,8.223989545128e-01
2.753337666883e+00,8.224432891027e-01
2.753737686884e+00,8.224876160737e-01
2.754137706885e+00,8.225319351815e-01
2.754537726886e+00,8.225762461833e-01
2.754937746887e+00,8.226205488382e-01
2.755337766888e+00,8.226648429072e-01
2.755737786889e+00,8.227091281532e-01
2.756137806890e+00,8.227534043414e-01
2.756537826891e+00,8.227976712392e-01
2.756937846892e+00,8.228419286165e-01
2.757337866893e+00,8.228861762456e-01
2.757737886894e+00,8.229304139013e-01
2.758137906895e+00,8.229746413615e-01
2.758537926896e+00,8.230188584065e-01
2.758937946897e+00,8.230630648198e-01
2.759337966898e+00,8.231072603880e-01
2.759737986899e+00,8.231514449008e-01
2.760138006900e+00,8.231956181512e-01
2.760538026901e+00,8.232397799356e-01
2.760938046902e+00,8.232839300539e-01
2.761338066903e+00,8.233280683096e-01
2.761738086904e+00,8.233721945098e-01
2.762138106905e+00,8.234163084653e-01
2.762538126906e+00,8.234604099911e-01
2.762938146907e+00,8.235044989057e-01
2.763338166908e+00,8.235485750320e-01
2.763738186909e+00,8.235926381969e-01
2.764138206910e+00,8.236366882313e-01
2.764538226911e+00,8.236807249708e-01
2.764938246912e+00,8.237247482551e-01
2.765338266913e+00,8.237687579283e-01
2.765738286914e+00,8.238127538392e-01
2.766138306915e+00,8.238567358412e-01
2.766538326916e+00,8.239007037923e-01
2.766938346917e+00,8.239446575551e-01
2.767338366918e+00,8.239885969973e-01
2.767738386919e+00,8.240325219911e-01
2.768138406920e+00,8.240764324139e-01
2.768538426921e+00,8.241203281478e-01
2.768938446922e+00,8.241642090802e-01
2.769338466923e+00,8.242080751033e-01
2.769738486924e+00,8.242519261144e-01
2.770138506925e+00,8.242957620160e-01
2.770538526926e+00,8.243395827157e-01
2.770938546927e+00,8.243833881268e-01
2.771338566928e+00,8.244271781674e-01
2.771738586929e+00,8.244709527611e-01
2.772138606930e+00,8.245147118368e-01
2.772538626931e+00,8.245584553288e-01
2.772938646932e+00,8.246021831766e-01
2.773338666933e+00,8.246458953254e-01
2.773738686934e+00,8.246895917255e-01
2.774138706935e+00,8.247332723329e-01
2.774538726936e+00,8.247769371089e-01
2.774938746937e+00,8.248205860204e-01
2.775338766938e+00,8.248642190396e-01
2.775738786939e+00,8.249078361443e-01
2.776138806940e+00,8.249514373177e-01
2.776538826941e+00,8.249950225485e-01
2.776938846942e+00,8.250385918310e-01
2.777338866943e+00,8.250821451649e-01
2.777738886944e+00,8.251256825551e-01
2.778138906945e+00,8.251692040123e-01
2.778538926946e+00,8.252127095524e-01
2.778938946947e+00,8.252561991968e-01
2.779338966948e+00,8.252996729721e-01
2.779738986949e+00,8.253431309107e-01
2.780139006950e+00,8.253865730498e-01
2.780539026951e+00,8.254299994322e-01
2.780939046952e+00,8.254734101061e-01
2.781339066953e+00,8.255168051246e-01
2.781739086954e+00,8.255601845463e-01
2.782139106955e+00,8.256035484348e-01
2.782539126956e+00,8.256468968588e-01
2.782939146957e+00,8.256902298922e-01
2.783339166958e+00,8.257335476138e-01
2.783739186959e+00,8.257768501075e-01
2.784139206960e+00,8.258201374620e-01
2.784539226961e+00,8.258634097709e-01
2.784939246962e+00,8.259066671326e-01
2.785339266963e+00,8.259499096505e-01
2.785739286964e+00,8.259931374323e-01
2.786139306965e+00,8.260363505905e-01
2.786539326966e+00,8.260795492423e-01
2.786939346967e+00,8.261227335093e-01
2.787339366968e+00,8.261659035172e-01
2.787739386969e+00,8.262090593966e-01
2.788139406970e+00,8.262522012819e-01
2.788539426971e+00,8.262953293119e-01
2.788939446972e+00,8.263384436295e-01
2.789339466973e+00,8.263815443816e-01
2.789739486974e+00,8.264246317191e-01
2.790139506975e+00,8.264677057967e-01
2.790539526976e+00,8.265107667730e-01
2.790939546977e+00,8.265538148101e-01
2.791339566978e+00,8.265968500739e-01
2.791739586979e+00,8.266398727337e-01
2.792139606980e+00,8.266828829622e-01
2.792539626981e+00,8.267258809353e-01
2.792939646982e+00,8.267688668324e-01
2.793339666983e+00,8.268118408358e-01
2.793739686984e+00,8.268548031308e-01
2.794139706985e+00,8.268977539058e-01
2.794539726986e+00,8.269406933518e-01
2.794939746987e+00,8.269836216627e-01
2.795339766988e+00,8.270265390349e-01
2.795739786989e+00,8.270694456674e-01
2.796139806990e+00,8.271123417616e-01
2.796539826991e+00,8.271552275211e-01
2.796939846992e+00,8.271981031518e-01
2.797339866993e+00,8.272409688615e-01
2.797739886994e+00,8.272838248602e-01
2.798139906995e+00,8.273266713597e-01
2.798539926996e+00,8.273695085733e-01
2.798939946997e+00,8.274123367162e-01
2.799339966998e+00,8.274551560050e-01
2.799739986999e+00,8.274979666574e-01
2.800140007000e+00,8.275407688928e-01
2.800540027001e+00,8.275835629312e-01
2.800940047002e+00,8.276263489944e-01
2.801340067003e+00,8.276691273047e-01
2.801740087004e+00,8.277118980854e-01
2.802140107005e+00,8.277546615605e-01
2.802540127006e+00,8.277974179544e-01
2.802940147007e+00,8.278401674921e-01
2.803340167008e+00,8.278829103990e-01
2.803740187009e+00,8.279256469007e-01
2.804140207010e+00,8.279683772229e-01
2.804540227011e+00,8.280111015913e-01
2.804940247012e+00,8.280538202315e-01
2.805340267013e+00,8.280965333689e-01
2.805740287014e+00,8.281392412285e-01
2.806140307015e+00,8.281819440349e-01
2.806540327016e+00,8.282246420121e-01
2.806940347017e+00,8.282673353835e-01
2.807340367018e+00,8.283100243717e-01
2.807740387019e+00,8.283527091982e-01
2.808140407020e+00,8.283953900837e-01
2.808540427021e+00,8.284380672478e-01
2.808940447022e+00,8.284807409086e-01
2.809340467023e+00,8.285234112831e-01
2.809740487024e+00,8.285660785868e-01
2.810140507025e+00,8.286087430335e-01
2.810540527026e+00,8.286514048356e-01
2.810940547027e+00,8.286940642034e-01
2.811340567028e+00,8.287367213455e-01
2.811740587029e+00,8.287793764686e-01
2.812140607030e+00,8.288220297770e-01
2.812540627031e+00,8.288646814731e-01
2.812940647032e+00,8.289073317568e-01
2.813340667033e+00,8.289499808259e-01
2.813740687034e+00,8.289926288755e-01
2.814140707035e+00,8.290352760981e-01
2.814540727036e+00,8.290779226839e-01
2.814940747037e+00,8.291205688198e-01
2.815340767038e+00,8.291632146901e-01
2.815740787039e+00,8.292058604763e-01
2.816140807040e+00,8.292485063567e-01
2.816540827041e+00,8.292911525065e-01
2.816940847042e+00,8.293337990977e-01
2.817340867043e+00,8.293764462991e-01
2.817740887044e+00,8.294190942761e-01
2.818140907045e+00,8.294617431906e-01
2.818540927046e+00,8.295043932011e-01
2.818940947047e+00,8.295470444623e-01
2.819340967048e+00,8.295896971256e-01
2.819740987049e+00,8.296323513383e-01
2.820141007050e+00,8.296750072441e-01
2.820541027051e+00,8.297176649828e-01
2.820941047052e+00,8.297603246902e-01
2.821341067053e+00,8.298029864981e-01
2.821741087054e+00,8.298456505344e-01
2.822141107055e+00,8.298883169227e-01
2.822541127056e+00,8.299309857825e-01
2.822941147057e+00,8.299736572292e-01
2.823341167058e+00,8.300163313737e-01
2.823741187059e+00,8.300590083227e-01
2.824141207060e+00,8.301016881786e-01
2.824541227061e+00,8.301443710394e-01
2.824941247062e+00,8.301870569985e-01
2.825341267063e+00,8.302297461448e-01
2.825741287064e+00,8.302724385627e-01
2.826141307065e+00,8.303151343321e-01
2.826541327066e+00,8.303578335282e-01
2.826941347067e+00,8.304005362216e-01
2.827341367068e+00,8.304432424783e-01
2.827741387069e+00,8.304859523595e-01
2.828141407070e+00,8.305286659217e-01
2.828541427071e+00,8.305713832169e-01
2.828941447072e+00,8.306141042920e-01
2.829341467073e+00,8.306568291894e-01
2.829741487074e+00,8.306995579465e-01
2.830141507075e+00,8.307422905961e-01
2.830541527076e+00,8.307850271662e-01
2.830941547077e+00,8.308277676798e-01
2.831341567078e+00,8.308705121552e-01
2.831741587079e+00,8.309132606059e-01
2.832141607080e+00,8.309560130405e-01
2.832541627081e+00,8.309987694630e-01
2.832941647082e+00,8.310415298722e-01
2.833341667083e+00,8.310842942625e-01
2.833741687084e+00,8.311270626233e-01
2.834141707085e+00,8.311698349393e-01
2.834541727086e+00,8.312126111902e-01
2.834941747087e+00,8.312553913515e-01
2.835341767088e+00,8.312981753934e-01
2.835741787089e+00,8.313409632820e-01
2.836141807090e+00,8.313837549782e-01
2.836541827091e+00,8.314265504384e-01
2.836941847092e+00,8.314693496145e-01
2.837341867093e+00,8.315121524536e-01
2.837741887094e+00,8.315549588983e-01
2.838141907095e+00,8.315977688869e-01
2.838541927096e+00,8.316405823529e-01
2.838941947097e+00,8.316833992255e-01
2.839341967098e+00,8.317262194295e-01
2.839741987099e+00,8.317690428854e-01
2.840142007100e+00,8.318118695092e-01
2.840542027101e+00,8.318546992128e-01
2.840942047102e+00,8.318975319039e-01
2.841342067103e+00,8.319403674859e-01
2.841742087104e+00,8.319832058582e-01
2.842142107105e+00,8.320260469161e-01
2.842542127106e+00,8.320688905509e-01
2.842942147107e+00,8.321117366500e-01
2.843342167108e+00,8.321545850968e-01
2.843742187109e+00,8.321974357711e-01
2.844142207110e+00,8.322402885488e-01
2.844542227111e+00,8.322831433021e-01
2.844942247112e+00,8.323259998996e-01
2.845342267113e+00,8.323688582064e-01
2.845742287114e+00,8.324117180842e-01
2.846142307115e+00,8.324545793911e-01
2.846542327116e+00,8.324974419821e-01
2.846942347117e+00,8.325403057088e-01
2.847342367118e+00,8.325831704198e-01
2.847742387119e+00,8.326260359606e-01
2.848142407120e+00,8.326689021735e-01
2.848542427121e+00,8.327117688980e-01
2.848942447122e+00,8.327546359707e-01
2.849342467123e+00,8.327975032255e-01
2.849742487124e+00,8.328403704935e-01
2.850142507125e+00,8.328832376033e-01
2.850542527126e+00,8.329261043812e-01
2.850942547127e+00,8.329689706507e-01
2.851342567128e+00,8.330118362332e-01
2.851742587129e+00,8.330547009480e-01
2.852142607130e+00,8.330975646120e-01
2.852542627131e+00,8.331404270401e-01
2.852942647132e+00,8.331832880455e-01
2.853342667133e+00,8.332261474392e-01
2.853742687134e+00,8.332690050306e-01
2.854142707135e+00,8.333118606275e-01
2.854542727136e+00,8.333547140361e-01
2.854942747137e+00,8.333975650610e-01
2.855342767138e+00,8.334404135055e-01
2.855742787139e+00,8.334832591716e-01
2.856142807140e+00,8.335261018602e-01
2.856542827141e+00,8.335689413711e-01
2.856942847142e+00,8.336117775029e-01
2.857342867143e+00,8.336546100537e-01
2.857742887144e+00,8.336974388205e-01
2.858142907145e+00,8.337402635997e-01
2.858542927146e+00,8.337830841871e-01
2.858942947147e+00,8.338259003782e-01
2.859342967148e+00,8.338687119679e-01
2.859742987149e+00,8.339115187509e-01
2.860143007150e+00,8.339543205216e-01
2.860543027151e+00,8.339971170746e-01
2.860943047152e+00,8.340399082042e-01
2.861343067153e+00,8.340826937049e-01
2.861743087154e+00,8.341254733715e-01
2.862143107155e+00,8.341682469990e-01
2.862543127156e+00,8.342110143829e-01
2.862943147157e+00,8.342537753193e-01
2.863343167158e+00,8.342965296046e-01
2.863743187159e+00,8.343392770362e-01
2.864143207160e+00,8.343820174122e-01
2.864543227161e+00,8.344247505315e-01
2.864943247162e+00,8.344674761940e-01
2.865343267163e+00,8.345101942009e-01
2.865743287164e+00,8.345529043544e-01
2.866143307165e+00,8.345956064578e-01
2.866543327166e+00,8.346383003162e-01
2.866943347167e+00,8.346809857359e-01
2.867343367168e+00,8.347236625246e-01
2.867743387169e+00,8.347663304920e-01
2.868143407170e+00,8.348089894492e-01
2.868543427171e+00,8.348516392094e-01
2.868943447172e+00,8.348942795874e-01
2.869343467173e+00,8.349369104003e-01
2.869743487174e+00,8.349795314671e-01
2.870143507175e+00,8.350221426090e-01
2.870543527176e+00,8.350647436493e-01
2.870943547177e+00,8.351073344139e-01
2.871343567178e+00,8.351499147307e-01
2.871743587179e+00,8.351924844303e-01
2.872143607180e+00,8.352350433458e-01
2.872543627181e+00,8.352775913130e-01
2.872943647182e+00,8.353201281705e-01
2.873343667183e+00,8.353626537594e-01
2.873743687184e+00,8.354051679239e-01
2.874143707185e+00,8.354476705110e-01
2.874543727186e+00,8.354901613707e-01
2.874943747187e+00,8.355326403561e-01
2.875343767188e+00,8.355751073233e-01
2.875743787189e+00,8.356175621318e-01
2.876143807190e+00,8.356600046440e-01
2.876543827191e+00,8.357024347259e-01
2.876943847192e+00,8.357448522467e-01
2.877343867193e+00,8.357872570790e-01
2.877743887194e+00,8.358296490991e-01
2.878143907195e+00,8.358720281866e-01
2.878543927196e+00,8.359143942247e-01
2.878943947197e+00,8.359567471002e-01
2.879343967198e+00,8.359990867038e-01
2.879743987199e+00,8.360414129297e-01
2.880144007200e+00,8.360837256759e-01
2.880544027201e+00,8.361260248444e-01
2.880944047202e+00,8.361683103408e-01
2.881344067203e+00,8.362105820747e-01
2.881744087204e+00,8.362528399597e-01
2.882144107205e+00,8.362950839132e-01
2.882544127206e+00,8.363373138566e-01
2.882944147207e+00,8.363795297155e-01
2.883344167208e+00,8.364217314192e-01
2.883744187209e+00,8.364639189012e-01
2.884144207210e+00,8.365060920991e-01
2.884544227211e+00,8.365482509548e-01
2.884944247212e+00,8.365903954144e-01
2.885344267213e+00,8.366325254278e-01
2.885744287214e+00,8.366746409493e-01
2.886144307215e+00,8.367167419375e-01
2.886544327216e+00,8.367588283549e-01
2.886944347217e+00,8.368009001685e-01
2.887344367218e+00,8.368429573495e-01
2.887744387219e+00,8.368849998730e-01
2.888144407220e+00,8.369270277186e-01
2.888544427221e+00,8.369690408702e-01
2.888944447222e+00,8.370110393158e-01
2.889344467223e+00,8.370530230476e-01
2.889744487224e+00,8.370949920620e-01
2.890144507225e+00,8.371369463598e-01
2.890544527226e+00,8.371788859459e-01
2.890944547227e+00,8.372208108294e-01
2.891344567228e+00,8.372627210237e-01
2.891744587229e+00,8.373046165463e-01
2.892144607230e+00,8.373464974188e-01
2.892544627231e+00,8.373883636672e-01
2.892944647232e+00,8.374302153214e-01
2.893344667233e+00,8.374720524155e-01
2.893744687234e+00,8.375138749877e-01
2.894144707235e+00,8.375556830802e-01
2.894544727236e+00,8.375974767392e-01
2.894944747237e+00,8.376392560151e-01
2.895344767238e+00,8.376810209618e-01
2.895744787239e+00,8.377227716374e-01
2.896144807240e+00,8.377645081038e-01
2.896544827241e+00,8.378062304272e-01
2.896944847242e+00,8.378479386773e-01
2.897344867243e+00,8.378896329276e-01
2.897744887244e+00,8.379313132554e-01
2.898144907245e+00,8.379729797417e-01
2.898544927246e+00,8.380146324711e-01
2.898944947247e+00,8.380562715319e-01
2.899344967248e+00,8.380978970160e-01
2.899744987249e+00,8.381395090188e-01
2.900145007250e+00,8.381811076389e-01
2.900545027251e+00,8.382226929788e-01
2.900945047252e+00,8.382642651438e-01
2.901345067253e+00,8.383058242429e-01
2.901745087254e+00,8.383473703882e-01
2.902145107255e+00,8.383889036949e-01
2.902545127256e+00,8.384304242815e-01
2.902945147257e+00,8.384719322695e-01
2.903345167258e+00,8.385134277833e-01
2.903745187259e+00,8.385549109504e-01
2.904145207260e+00,8.385963819011e-01
2.904545227261e+00,8.386378407686e-01
2.904945247262e+00,8.386792876887e-01
2.905345267263e+00,8.387207228001e-01
2.905745287264e+00,8.387621462438e-01
2.906145307265e+00,8.388035581637e-01
2.906545327266e+00,8.388449587060e-01
2.906945347267e+00,8.388863480191e-01
2.907345367268e+00,8.389277262539e-01
2.907745387269e+00,8.389690935636e-01
2.908145407270e+00,8.390104501033e-01
2.908545427271e+00,8.390517960303e-01
2.908945447272e+00,8.390931315037e-01
2.909345467273e+00,8.391344566846e-01
2.909745487274e+00,8.391757717358e-01
2.910145507275e+00,8.392170768225e-01
2.910545527276e+00,8.392583721113e-01
2.910945547277e+00,8.392996577703e-01
2.911345567278e+00,8.393409339692e-01
2.911745587279e+00,8.393822008791e-01
2.912145607280e+00,8.394234586725e-01
2.912545627281e+00,8.394647075230e-01
2.912945647282e+00,8.395059476057e-01
2.913345667283e+00,8.395471790966e-01
2.913745687284e+00,8.395884021727e-01
2.914145707285e+00,8.396296170121e-01
2.914545727286e+00,8.396708237935e-01
2.914945747287e+00,8.397120226965e-01
2.915345767288e+00,8.397532139016e-01
2.915745787289e+00,8.397943975895e-01
2.916145807290e+00,8.398355739417e-01
2.916545827291e+00,8.398767431400e-01
2.916945847292e+00,8.399179053665e-01
2.917345867293e+00,8.399590608037e-01
2.917745887294e+00,8.400002096342e-01
2.918145907295e+00,8.400413520406e-01
2.918545927296e+00,8.400824882056e-01
2.918945947297e+00,8.401236183119e-01
2.919345967298e+00,8.401647425418e-01
2.919745987299e+00,8.402058610775e-01
2.920146007300e+00,8.402469741007e-01
2.920546027301e+00,8.402880817929e-01
2.920946047302e+00,8.403291843349e-01
2.921346067303e+00,8.403702819069e-01
2.921746087304e+00,8.404113746883e-01
2.922146107305e+00,8.404524628580e-01
2.922546127306e+00,8.404935465940e-01
2.922946147307e+00,8.405346260733e-01
2.923346167308e+00,8.405757014719e-01
2.923746187309e+00,8.406167729648e-01
2.924146207310e+00,8.406578407257e-01
2.924546227311e+00,8.406989049272e-01
2.924946247312e+00,8.407399657403e-01
2.925346267313e+00,8.407810233349e-01
2.925746287314e+00,8.408220778792e-01
2.926146307315e+00,8.408631295401e-01
2.926546327316e+00,8.409041784825e-01
2.926946347317e+00,8.409452248699e-01
2.927346367318e+00,8.409862688639e-01
2.927746387319e+00,8.410273106243e-01
2.928146407320e+00,8.410683503088e-01
2.928546427321e+00,8.411093880734e-01
2.928946447322e+00,8.411504240717e-01
2.929346467323e+00,8.411914584554e-01
2.929746487324e+00,8.412324913739e-01
2.930146507325e+00,8.412735229745e-01
2.930546527326e+00,8.413145534019e-01
2.930946547327e+00,8.413555827985e-01
2.931346567328e+00,8.413966113044e-01
2.931746587329e+00,8.414376390570e-01
2.932146607330e+00,8.414786661913e-01
2.932546627331e+00,8.415196928393e-01
2.932946647332e+00,8.415607191307e-01
2.933346667333e+00,8.416017451924e-01
2.933746687334e+00,8.416427711482e-01
2.934146707335e+00,8.416837971193e-01
2.934546727336e+00,8.417248232239e-01
2.934946747337e+00,8.417658495774e-01
2.935346767338e+00,8.418068762919e-01
2.935746787339e+00,8.418479034767e-01
2.936146807340e+00,8.418889312379e-01
2.936546827341e+00,8.419299596783e-01
2.936946847342e+00,8.419709888978e-01
2.937346867343e+00,8.420120189928e-01
2.937746887344e+00,8.420530500567e-01
2.938146907345e+00,8.420940821794e-01
2.938546927346e+00,8.421351154474e-01
2.938946947347e+00,8.421761499439e-01
2.939346967348e+00,8.422171857489e-01
2.939746987349e+00,8.422582229387e-01
2.940147007350e+00,8.422992615860e-01
2.940547027351e+00,8.423403017604e-01
2.940947047352e+00,8.423813435277e-01
2.941347067353e+00,8.424223869502e-01
2.941747087354e+00,8.424634320865e-01
2.942147107355e+00,8.425044789917e-01
2.942547127356e+00,8.425455277175e-01
2.942947147357e+00,8.425865783115e-01
2.943347167358e+00,8.426276308180e-01
2.943747187359e+00,8.426686852775e-01
2.944147207360e+00,8.427097417267e-01
2.944547227361e+00,8.427508001988e-01
2.944947247362e+00,8.427918607233e-01
2.945347267363e+00,8.428329233258e-01
2.945747287364e+00,8.428739880283e-01
2.946147307365e+00,8.429150548492e-01
2.946547327366e+00,8.429561238029e-01
2.946947347367e+00,8.429971949004e-01
2.947347367368e+00,8.430382681487e-01
2.947747387369e+00,8.430793435510e-01
2.948147407370e+00,8.431204211071e-01
2.948547427371e+00,8.431615008128e-01
2.948947447372e+00,8.432025826603e-01
2.949347467373e+00,8.432436666381e-01
2.949747487374e+00,8.432847527310e-01
2.950147507375e+00,8.433258409201e-01
2.950547527376e+00,8.433669311828e-01
2.950947547377e+00,8.434080234930e-01
2.951347567378e+00,8.434491178208e-01
2.951747587379e+00,8.434902141328e-01
2.952147607380e+00,8.435313123919e-01
2.952547627381e+00,8.435724125576e-01
2.952947647382e+00,8.436135145857e-01
2.953347667383e+00,8.436546184285e-01
2.953747687384e+00,8.436957240348e-01
2.954147707385e+00,8.437368313500e-01
2.954547727386e+00,8.437779403159e-01
2.954947747387e+00,8.438190508712e-01
2.955347767388e+00,8.438601629508e-01
2.955747787389e+00,8.439012764865e-01
2.956147807390e+00,8.439423914069e-01
2.956547827391e+00,8.439835076370e-01
2.956947847392e+00,8.440246250989e-01
2.957347867393e+00,8.440657437113e-01
2.957747887394e+00,8.441068633899e-01
2.958147907395e+00,8.441479840471e-01
2.958547927396e+00,8.441891055925e-01
2.958947947397e+00,8.442302279326e-01
2.959347967398e+00,8.442713509708e-01
2.959747987399e+00,8.443124746077e-01
2.960148007400e+00,8.443535987410e-01
2.960548027401e+00,8.443947232655e-01
2.960948047402e+00,8.444358480733e-01
2.961348067403e+00,8.444769730536e-01
2.961748087404e+00,8.445180980933e-01
2.962148107405e+00,8.445592230763e-01
2.962548127406e+00,8.446003478842e-01
2.962948147407e+00,8.446414723960e-01
2.963348167408e+00,8.446825964882e-01
2.963748187409e+00,8.447237200351e-01
2.964148207410e+00,8.447648429086e-01
2.964548227411e+00,8.448059649781e-01
2.964948247412e+00,8.448470861112e-01
2.965348267413e+00,8.448882061731e-01
2.965748287414e+00,8.449293250269e-01
2.966148307415e+00,8.449704425339e-01
2.966548327416e+00,8.450115585534e-01
2.966948347417e+00,8.450526729425e-01
2.967348367418e+00,8.450937855570e-01
2.967748387419e+00,8.451348962505e-01
2.968148407420e+00,8.451760048751e-01
2.968548427421e+00,8.452171112814e-01
2.968948447422e+00,8.452582153183e-01
2.969348467423e+00,8.452993168333e-01
2.969748487424e+00,8.453404156725e-01
2.970148507425e+00,8.453815116805e-01
2.970548527426e+00,8.454226047008e-01
2.970948547427e+00,8.454636945759e-01
2.971348567428e+00,8.455047811467e-01
2.971748587429e+00,8.455458642536e-01
2.972148607430e+00,8.455869437356e-01
2.972548627431e+00,8.456280194310e-01
2.972948647432e+00,8.456690911774e-01
2.973348667433e+00,8.457101588113e-01
2.973748687434e+00,8.457512221687e-01
2.974148707435e+00,8.457922810851e-01
2.974548727436e+00,8.458333353953e-01
2.974948747437e+00,8.458743849337e-01
2.975348767438e+00,8.459154295343e-01
2.975748787439e+00,8.459564690309e-01
2.976148807440e+00,8.459975032569e-01
2.976548827441e+00,8.460385320457e-01
2.976948847442e+00,8.460795552305e-01
2.977348867443e+00,8.461205726445e-01
2.977748887444e+00,8.461615841210e-01
2.978148907445e+00,8.462025894933e-01
2.978548927446e+00,8.462435885952e-01
2.978948947447e+00,8.462845812604e-01
2.979348967448e+00,8.463255673233e-01
2.979748987449e+00,8.463665466184e-01
2.980149007450e+00,8.464075189811e-01
2.980549027451e+00,8.464484842469e-01
2.980949047452e+00,8.464894422524e-01
2.981349067453e+00,8.465303928346e-01
2.981749087454e+00,8.465713358314e-01
2.982149107455e+00,8.466122710815e-01
2.982549127456e+00,8.466531984247e-01
2.982949147457e+00,8.466941177016e-01
2.983349167458e+00,8.467350287539e-01
2.983749187459e+00,8.467759314245e-01
2.984149207460e+00,8.468168255574e-01
2.984549227461e+00,8.468577109980e-01
2.984949247462e+00,8.468985875928e-01
2.985349267463e+00,8.469394551899e-01
2.985749287464e+00,8.469803136387e-01
2.986149307465e+00,8.470211627902e-01
2.986549327466e+00,8.470620024970e-01
2.986949347467e+00,8.471028326134e-01
2.987349367468e+00,8.471436529953e-01
2.987749387469e+00,8.471844635005e-01
2.988149407470e+00,8.472252639885e-01
2.988549427471e+00,8.472660543208e-01
2.988949447472e+00,8.473068343609e-01
2.989349467473e+00,8.473476039740e-01
2.989749487474e+00,8.473883630276e-01
2.990149507475e+00,8.474291113914e-01
2.990549527476e+00,8.474698489370e-01
2.990949547477e+00,8.475105755385e-01
2.991349567478e+00,8.475512910719e-01
2.991749587479e+00,8.475919954159e-01
2.992149607480e+00,8.476326884514e-01
2.992549627481e+00,8.476733700617e-01
2.992949647482e+00,8.477140401326e-01
2.993349667483e+00,8.477546985524e-01
2.993749687484e+00,8.477953452120e-01
2.994149707485e+00,8.478359800050e-01
2.994549727486e+00,8.478766028275e-01
2.994949747487e+00,8.479172135782e-01
2.995349767488e+00,8.479578121588e-01
2.995749787489e+00,8.479983984736e-01
2.996149807490e+00,8.480389724297e-01
2.996549827491e+00,8.480795339371e-01
2.996949847492e+00,8.481200829086e-01
2.997349867493e+00,8.481606192599e-01
2.997749887494e+00,8.482011429096e-01
2.998149907495e+00,8.482416537793e-01
2.998549927496e+00,8.482821517935e-01
2.998949947497e+00,8.483226368799e-01
2.999349967498e+00,8.483631089693e-01
2.999749987499e+00,8.484035679955e-01
3.000150007500e+00,8.484440138952e-01
3.000550027501e+00,8.484844466086e-01
3.000950047502e+00,8.485248660787e-01
3.001350067503e+00,8.485652722519e-01
3.001750087504e+00,8.486056650777e-01
3.002150107505e+00,8.486460445088e-01
3.002550127506e+00,8.486864105011e-01
3.002950147507e+00,8.487267630137e-01
3.003350167508e+00,8.487671020089e-01
3.003750187509e+00,8.488074274524e-01
3.004150207510e+00,8.488477393131e-01
3.004550227511e+00,8.488880375630e-01
3.004950247512e+00,8.489283221777e-01
3.005350267513e+00,8.489685931357e-01
3.005750287514e+00,8.490088504191e-01
3.006150307515e+00,8.490490940132e-01
3.006550327516e+00,8.490893239066e-01
3.006950347517e+00,8.491295400910e-01
3.007350367518e+00,8.491697425618e-01
3.007750387519e+00,8.492099313173e-01
3.008150407520e+00,8.492501063593e-01
3.008550427521e+00,8.492902676928e-01
3.008950447522e+00,8.493304153261e-01
3.009350467523e+00,8.493705492706e-01
3.009750487524e+00,8.494106695412e-01
3.010150507525e+00,8.494507761557e-01
3.010550527526e+00,8.494908691354e-01
3.010950547527e+00,8.495309485044e-01
3.011350567528e+00,8.495710142903e-01
3.011750587529e+00,8.496110665240e-01
3.012150607530e+00,8.496511052395e-01
3.012550627531e+00,8.496911304738e-01
3.012950647532e+00,8.497311422670e-01
3.013350667533e+00,8.497711406624e-01
3.013750687534e+00,8.498111257064e-01
3.014150707535e+00,8.498510974484e-01
3.014550727536e+00,8.498910559406e-01
3.014950747537e+00,8.499310012385e-01
3.015350767538e+00,8.499709334004e-01
3.015750787539e+00,8.500108524875e-01
3.016150807540e+00,8.500507585639e-01
3.016550827541e+00,8.500906516968e-01
3.016950847542e+00,8.501305319558e-01
3.017350867543e+00,8.501703994136e-01
3.017750887544e+00,8.502102541456e-01
3.018150907545e+00,8.502500962300e-01
3.018550927546e+00,8.502899257474e-01
3.018950947547e+00,8.503297427815e-01
3.019350967548e+00,8.503695474181e-01
3.019750987549e+00,8.504093397460e-01
3.020151007550e+00,8.504491198564e-01
3.020551027551e+00,8.504888878428e-01
3.020951047552e+00,8.505286438014e-01
3.021351067553e+00,8.505683878305e-01
3.021751087554e+00,8.506081200311e-01
3.022151107555e+00,8.506478405060e-01
3.022551127556e+00,8.506875493607e-01
3.022951147557e+00,8.507272467026e-01
3.023351167558e+00,8.507669326412e-01
3.023751187559e+00,8.508066072882e-01
3.024151207560e+00,8.508462707576e-01
3.024551227561e+00,8.508859231651e-01
3.024951247562e+00,8.509255646284e-01
3.025351267563e+00,8.509651952672e-01
3.025751287564e+00,8.510048152028e-01
3.026151307565e+00,8.510444245585e-01
3.026551327566e+00,8.510840234593e-01
3.026951347567e+00,8.511236120317e-01
3.027351367568e+00,8.511631904039e-01
3.027751387569e+00,8.512027587057e-01
3.028151407570e+00,8.512423170682e-01
3.028551427571e+00,8.512818656241e-01
3.028951447572e+00,8.513214045075e-01
3.029351467573e+00,8.513609338536e-01
3.029751487574e+00,8.514004537991e-01
3.030151507575e+00,8.514399644816e-01
3.030551527576e+00,8.514794660401e-01
3.030951547577e+00,8.515189586145e-01
3.031351567578e+00,8.515584423458e-01
3.031751587579e+00,8.515979173759e-01
3.032151607580e+00,8.516373838477e-01
3.032551627581e+00,8.516768419046e-01
3.032951647582e+00,8.517162916912e-01
3.033351667583e+00,8.517557333524e-01
3.033751687584e+00,8.517951670341e-01
3.034151707585e+00,8.518345928824e-01
3.034551727586e+00,8.518740110441e-01
3.034951747587e+00,8.519134216664e-01
3.035351767588e+00,8.519528248969e-01
3.035751787589e+00,8.519922208834e-01
3.036151807590e+00,8.520316097739e-01
3.036551827591e+00,8.520709917167e-01
3.036951847592e+00,8.521103668601e-01
3.037351867593e+00,8.521497353526e-01
3.037751887594e+00,8.521890973426e-01
3.038151907595e+00,8.522284529786e-01
3.038551927596e+00,8.522678024087e-01
3.038951947597e+00,8.523071457811e-01
3.039351967598e+00,8.523464832435e-01
3.039751987599e+00,8.523858149433e-01
3.040152007600e+00,8.524251410275e-01
3.040552027601e+00,8.524644616428e-01
3.040952047602e+00,8.525037769352e-01
3.041352067603e+00,8.525430870503e-01
3.041752087604e+00,8.525823921328e-01
3.042152107605e+00,8.526216923271e-01
3.042552127606e+00,8.526609877764e-01
3.042952147607e+00,8.527002786234e-01
3.043352167608e+00,8.527395650097e-01
3.043752187609e+00,8.527788470762e-01
3.044152207610e+00,8.528181249626e-01
3.044552227611e+00,8.528573988076e-01
3.044952247612e+00,8.528966687489e-01
3.045352267613e+00,8.529359349229e-01
3.045752287614e+00,8.529751974647e-01
3.046152307615e+00,8.530144565084e-01
3.046552327616e+00,8.530537121865e-01
3.046952347617e+00,8.530929646303e-01
3.047352367618e+00,8.531322139694e-01
3.047752387619e+00,8.531714603323e-01
3.048152407620e+00,8.532107038455e-01
3.048552427621e+00,8.532499446342e-01
3.048952447622e+00,8.532891828219e-01
3.049352467623e+00,8.533284185302e-01
3.049752487624e+00,8.533676518793e-01
3.050152507625e+00,8.534068829871e-01
3.050552527626e+00,8.534461119701e-01
3.050952547627e+00,8.534853389428e-01
3.051352567628e+00,8.535245640176e-01
3.051752587629e+00,8.535637873051e-01
3.052152607630e+00,8.536030089137e-01
3.052552627631e+00,8.536422289500e-01
3.052952647632e+00,8.536814475181e-01
3.053352667633e+00,8.537206647202e-01
3.053752687634e+00,8.537598806563e-01
3.054152707635e+00,8.537990954241e-01
3.054552727636e+00,8.538383091190e-01
3.054952747637e+00,8.538775218340e-01
3.055352767638e+00,8.539167336601e-01
3.055752787639e+00,8.539559446856e-01
3.056152807640e+00,8.539951549964e-01
3.056552827641e+00,8.540343646762e-01
3.056952847642e+00,8.540735738058e-01
3.057352867643e+00,8.541127824639e-01
3.057752887644e+00,8.541519907265e-01
3.058152907645e+00,8.541911986668e-01
3.058552927646e+00,8.542304063559e-01
3.058952947647e+00,8.542696138618e-01
3.059352967648e+00,8.543088212500e-01
3.059752987649e+00,8.543480285835e-01
3.060153007650e+00,8.543872359224e-01
3.060553027651e+00,8.544264433241e-01
3.060953047652e+00,8.544656508433e-01
3.061353067653e+00,8.545048585320e-01
3.061753087654e+00,8.545440664393e-01
3.062153107655e+00,8.545832746116e-01
3.062553127656e+00,8.546224830926e-01
3.062953147657e+00,8.546616919229e-01
3.063353167658e+00,8.547009011404e-01
3.063753187659e+00,8.547401107804e-01
3.064153207660e+00,8.547793208748e-01
3.064553227661e+00,8.548185314531e-01
3.064953247662e+00,8.548577425418e-01
3.065353267663e+00,8.548969541642e-01
3.065753287664e+00,8.549361663413e-01
3.066153307665e+00,8.549753790906e-01
3.066553327666e+00,8.550145924272e-01
3.066953347667e+00,8.550538063629e-01
3.067353367668e+00,8.550930209068e-01
3.067753387669e+00,8.551322360652e-01
3.068153407670e+00,8.551714518412e-01
3.068553427671e+00,8.552106682354e-01
3.068953447672e+00,8.552498852450e-01
3.069353467673e+00,8.552891028649e-01
3.069753487674e+00,8.553283210865e-01
3.070153507675e+00,8.553675398989e-01
3.070553527676e+00,8.554067592879e-01
3.070953547677e+00,8.554459792366e-01
3.071353567678e+00,8.554851997253e-01
3.071753587679e+00,8.555244207314e-01
3.072153607680e+00,8.555636422295e-01
3.072553627681e+00,8.556028641913e-01
3.072953647682e+00,8.556420865859e-01
3.073353667683e+00,8.556813093794e-01
3.073753687684e+00,8.557205325353e-01
3.074153707685e+00,8.557597560142e-01
3.074553727686e+00,8.557989797743e-01
3.074953747687e+00,8.558382037707e-01
3.075353767688e+00,8.558774279560e-01
3.075753787689e+00,8.559166522804e-01
3.076153807690e+00,8.559558766910e-01
3.076553827691e+00,8.559951011327e-01
3.076953847692e+00,8.560343255477e-01
3.077353867693e+00,8.560735498756e-01
3.077753887694e+00,8.561127740533e-01
3.078153907695e+00,8.561519980155e-01
3.078553927696e+00,8.561912216943e-01
3.078953947697e+00,8.562304450194e-01
3.079353967698e+00,8.562696679181e-01
3.079753987699e+00,8.563088903153e-01
3.080154007700e+00,8.563481121336e-01
3.080554027701e+00,8.563873332934e-01
3.080954047702e+00,8.564265537125e-01
3.081354067703e+00,8.564657733070e-01
3.081754087704e+00,8.565049919904e-01
3.082154107705e+00,8.565442096741e-01
3.082554127706e+00,8.565834262677e-01
3.082954147707e+00,8.566226416783e-01
3.083354167708e+00,8.566618558113e-01
3.083754187709e+00,8.567010685700e-01
3.084154207710e+00,8.567402798557e-01
3.084554227711e+00,8.567794895679e-01
3.084954247712e+00,8.568186976042e-01
3.085354267713e+00,8.568579038604e-01
3.085754287714e+00,8.568971082305e-01
3.086154307715e+00,8.569363106067e-01
3.086554327716e+00,8.569755108797e-01
3.086954347717e+00,8.570147089386e-01
3.087354367718e+00,8.570539046706e-01
3.087754387719e+00,8.570930979616e-01
3.088154407720e+00,8.571322886962e-01
3.088554427721e+00,8.571714767571e-01
3.088954447722e+00,8.572106620260e-01
3.089354467723e+00,8.572498443832e-01
3.089754487724e+00,8.572890237076e-01
3.090154507725e+00,8.573281998769e-01
3.090554527726e+00,8.573673727677e-01
3.090954547727e+00,8.574065422556e-01
3.091354567728e+00,8.574457082147e-01
3.091754587729e+00,8.574848705187e-01
3.092154607730e+00,8.575240290396e-01
3.092554627731e+00,8.575631836490e-01
3.092954647732e+00,8.576023342175e-01
3.093354667733e+00,8.576414806147e-01
3.093754687734e+00,8.576806227098e-01
3.094154707735e+00,8.577197603710e-01
3.094554727736e+00,8.577588934661e-01
3.094954747737e+00,8.577980218621e-01
3.095354767738e+00,8.578371454255e-01
3.095754787739e+00,8.578762640225e-01
3.096154807740e+00,8.579153775186e-01
3.096554827741e+00,8.579544857792e-01
3.096954847742e+00,8.579935886692e-01
3.097354867743e+00,8.580326860532e-01
3.097754887744e+00,8.580717777957e-01
3.098154907745e+00,8.581108637612e-01
3.098554927746e+00,8.581499438137e-01
3.098954947747e+00,8.581890178176e-01
3.099354967748e+00,8.582280856369e-01
3.099754987749e+00,8.582671471361e-01
3.100155007750e+00,8.583062021795e-01
3.100555027751e+00,8.583452506316e-01
3.100955047752e+00,8.583842923574e-01
3.101355067753e+00,8.584233272220e-01
3.101755087754e+00,8.584623550908e-01
3.102155107755e+00,8.585013758297e-01
3.102555127756e+00,8.585403893049e-01
3.102955147757e+00,8.585793953834e-01
3.103355167758e+00,8.586183939325e-01
3.103755187759e+00,8.586573848202e-01
3.104155207760e+00,8.586963679151e-01
3.104555227761e+00,8.587353430866e-01
3.104955247762e+00,8.587743102047e-01
3.105355267763e+00,8.588132691404e-01
3.105755287764e+00,8.588522197655e-01
3.106155307765e+00,8.588911619525e-01
3.106555327766e+00,8.589300955752e-01
3.106955347767e+00,8.589690205084e-01
3.107355367768e+00,8.590079366278e-01
3.107755387769e+00,8.590468438104e-01
3.108155407770e+00,8.590857419341e-01
3.108555427771e+00,8.591246308783e-01
3.108955447772e+00,8.591635105234e-01
3.109355467773e+00,8.592023807513e-01
3.109755487774e+00,8.592412414451e-01
3.110155507775e+00,8.592800924894e-01
3.110555527776e+00,8.593189337703e-01
3.110955547777e+00,8.593577651752e-01
3.111355567778e+00,8.593965865930e-01
3.111755587779e+00,8.594353979144e-01
3.112155607780e+00,8.594741990315e-01
3.112555627781e+00,8.595129898381e-01
3.112955647782e+00,8.595517702299e-01
3.113355667783e+00,8.595905401039e-01
3.113755687784e+00,8.596292993592e-01
3.114155707785e+00,8.596680478968e-01
3.114555727786e+00,8.597067856191e-01
3.114955747787e+00,8.597455124308e-01
3.115355767788e+00,8.597842282384e-01
3.115755787789e+00,8.598229329503e-01
3.116155807790e+00,8.598616264769e-01
3.116555827791e+00,8.599003087307e-01
3.116955847792e+00,8.599389796261e-01
3.117355867793e+00,8.599776390797e-01
3.117755887794e+00,8.600162870101e-01
3.118155907795e+00,8.600549233381e-01
3.118555927796e+00,8.600935479866e-01
3.118955947797e+00,8.601321608807e-01
3.119355967798e+00,8.601707619477e-01
3.119755987799e+00,8.602093511172e-01
3.120156007800e+00,8.602479283212e-01
3.120556027801e+00,8.602864934939e-01
3.120956047802e+00,8.603250465718e-01
3.121356067803e+00,8.603635874936e-01
3.121756087804e+00,8.604021162007e-01
3.122156107805e+00,8.604406326366e-01
3.122556127806e+00,8.604791367474e-01
3.122956147807e+00,8.605176284813e-01
3.123356167808e+00,8.605561077893e-01
3.123756187809e+00,8.605945746246e-01
3.124156207810e+00,8.606330289430e-01
3.124556227811e+00,8.606714707027e-01
3.124956247812e+00,8.607098998644e-01
3.125356267813e+00,8.607483163913e-01
3.125756287814e+00,8.607867202492e-01
3.126156307815e+00,8.608251114063e-01
3.126556327816e+00,8.608634898333e-01
3.126956347817e+00,8.609018555037e-01
3.127356367818e+00,8.609402083933e-01
3.127756387819e+00,8.609785484806e-01
3.128156407820e+00,8.610168757466e-01
3.128556427821e+00,8.610551901748e-01
3.128956447822e+00,8.610934917514e-01
3.129356467823e+00,8.611317804652e-01
3.129756487824e+00,8.611700563074e-01
3.130156507825e+00,8.612083192719e-01
3.130556527826e+00,8.612465693550e-01
3.130956547827e+00,8.612848065558e-01
3.131356567828e+00,8.613230308757e-01
3.131756587829e+00,8.613612423187e-01
3.132156607830e+00,8.613994408915e-01
3.132556627831e+00,8.614376266029e-01
3.132956647832e+00,8.614757994647e-01
3.133356667833e+00,8.615139594914e-01
3.133756687834e+00,8.615521066995e-01
3.134156707835e+00,8.615902411083e-01
3.134556727836e+00,8.616283627396e-01
3.134956747837e+00,8.616664716175e-01
3.135356767838e+00,8.617045677688e-01
3.135756787839e+00,8.617426512226e-01
3.136156807840e+00,8.617807220105e-01
3.136556827841e+00,8.618187801665e-01
3.136956847842e+00,8.618568257269e-01
3.137356867843e+00,8.618948587306e-01
3.137756887844e+00,8.619328792187e-01
3.138156907845e+00,8.619708872347e-01
3.138556927846e+00,8.620088828244e-01
3.138956947847e+00,8.620468660359e-01
3.139356967848e+00,8.620848369196e-01
3.139756987849e+00,8.621227955283e-01
3.140157007850e+00,8.621607419167e-01
3.140557027851e+00,8.621986761420e-01
3.140957047852e+00,8.622365982636e-01
3.141357067853e+00,8.622745083429e-01
3.141757087854e+00,8.623124064435e-01
3.142157107855e+00,8.623502926311e-01
3.142557127856e+00,8.623881669735e-01
3.142957147857e+00,8.624260295406e-01
3.143357167858e+00,8.624638804041e-01
3.143757187859e+00,8.625017196380e-01
3.144157207860e+00,8.625395473178e-01
3.144557227861e+00,8.625773635214e-01
3.144957247862e+00,8.626151683282e-01
3.145357267863e+00,8.626529618195e-01
3.145757287864e+00,8.626907440784e-01
3.146157307865e+00,8.627285151898e-01
3.146557327866e+00,8.627662752404e-01
3.146957347867e+00,8.628040243189e-01
3.147357367868e+00,8.628417625151e-01
3.147757387869e+00,8.628794899208e-01
3.148157407870e+00,8.629172066294e-01
3.148557427871e+00,8.629549127355e-01
3.148957447872e+00,8.629926083357e-01
3.149357467873e+00,8.630302935276e-01
3.149757487874e+00,8.630679684106e-01
3.150157507875e+00,8.631056330853e-01
3.150557527876e+00,8.631432876536e-01
3.150957547877e+00,8.631809322188e-01
3.151357567878e+00,8.632185668854e-01
3.151757587879e+00,8.632561917592e-01
3.152157607880e+00,8.632938069470e-01
3.152557627881e+00,8.633314125568e-01
3.152957647882e+00,8.633690086979e-01
3.153357667883e+00,8.634065954803e-01
3.153757687884e+00,8.634441730153e-01
3.154157707885e+00,8.634817414148e-01
3.154557727886e+00,8.635193007920e-01
3.154957747887e+00,8.635568512606e-01
3.155357767888e+00,8.635943929355e-01
3.155757787889e+00,8.636319259321e-01
3.156157807890e+00,8.636694503665e-01
3.156557827891e+00,8.637069663556e-01
3.156957847892e+00,8.637444740170e-01
3.157357867893e+00,8.637819734686e-01
3.157757887894e+00,8.638194648292e-01
3.158157907895e+00,8.638569482177e-01
3.158557927896e+00,8.638944237537e-01
3.158957947897e+00,8.639318915570e-01
3.159357967898e+00,8.639693517479e-01
3.159757987899e+00,8.640068044467e-01
3.160158007900e+00,8.640442497742e-01
3.160558027901e+00,8.640816878511e-01
3.160958047902e+00,8.641191187988e-01
3.161358067903e+00,8.641565427384e-01
3.161758087904e+00,8.641939597913e-01
3.162158107905e+00,8.642313700787e-01
3.162558127906e+00,8.642687737218e-01
3.162958147907e+00,8.643061708418e-01
3.163358167908e+00,8.643435615596e-01
3.163758187909e+00,8.643809459961e-01
3.164158207910e+00,8.644183242719e-01
3.164558227911e+00,8.644556965072e-01
3.164958247912e+00,8.644930628221e-01
3.165358267913e+00,8.645304233361e-01
3.165758287914e+00,8.645677781684e-01
3.166158307915e+00,8.646051274378e-01
3.166558327916e+00,8.646424712624e-01
3.166958347917e+00,8.646798097600e-01
3.167358367918e+00,8.647171430475e-01
3.167758387919e+00,8.647544712414e-01
3.168158407920e+00,8.647917944573e-01
3.168558427921e+00,8.648291128104e-01
3.168958447922e+00,8.648664264148e-01
3.169358467923e+00,8.649037353838e-01
3.169758487924e+00,8.649410398300e-01
3.170158507925e+00,8.649783398651e-01
3.170558527926e+00,8.650156355996e-01
3.170958547927e+00,8.650529271433e-01
3.171358567928e+00,8.650902146049e-01
3.171758587929e+00,8.651274980918e-01
3.172158607930e+00,8.651647777106e-01
3.172558627931e+00,8.652020535665e-01
3.172958647932e+00,8.652393257636e-01
3.173358667933e+00,8.652765944049e-01
3.173758687934e+00,8.653138595918e-01
3.174158707935e+00,8.653511214247e-01
3.174558727936e+00,8.653883800024e-01
3.174958747937e+00,8.654256354225e-01
3.175358767938e+00,8.654628877811e-01
3.175758787939e+00,8.655001371729e-01
3.176158807940e+00,8.655373836911e-01
3.176558827941e+00,8.655746274273e-01
3.176958847942e+00,8.656118684718e-01
3.177358867943e+00,8.656491069129e-01
3.177758887944e+00,8.656863428375e-01
3.178158907945e+00,8.657235763309e-01
3.178558927946e+00,8.657608074766e-01
3.178958947947e+00,8.657980363565e-01
3.179358967948e+00,8.658352630506e-01
3.179758987949e+00,8.658724876373e-01
3.180159007950e+00,8.659097101930e-01
3.180559027951e+00,8.659469307924e-01
3.180959047952e+00,8.659841495083e-01
3.181359067953e+00,8.660213664117e-01
3.181759087954e+00,8.660585815717e-01
3.182159107955e+00,8.660957950552e-01
3.182559127956e+00,8.661330069275e-01
3.182959147957e+00,8.661702172516e-01
3.183359167958e+00,8.662074260889e-01
3.183759187959e+00,8.662446334984e-01
3.184159207960e+00,8.662818395371e-01
3.184559227961e+00,8.663190442603e-01
3.184959247962e+00,8.663562477207e-01
3.185359267963e+00,8.663934499694e-01
3.185759287964e+00,8.664306510549e-01
3.186159307965e+00,8.664678510241e-01
3.186559327966e+00,8.665050499212e-01
3.186959347967e+00,8.665422477887e-01
3.187359367968e+00,8.665794446667e-01
3.187759387969e+00,8.666166405932e-01
3.188159407970e+00,8.666538356039e-01
3.188559427971e+00,8.666910297325e-01
3.188959447972e+00,8.667282230102e-01
3.189359467973e+00,8.667654154661e-01
3.189759487974e+00,8.668026071272e-01
3.190159507975e+00,8.668397980181e-01
3.190559527976e+00,8.668769881610e-01
3.190959547977e+00,8.669141775763e-01
3.191359567978e+00,8.669513662816e-01
3.191759587979e+00,8.669885542927e-01
3.192159607980e+00,8.670257416229e-01
3.192559627981e+00,8.670629282831e-01
3.192959647982e+00,8.671001142823e-01
3.193359667983e+00,8.671372996269e-01
3.193759687984e+00,8.671744843212e-01
3.194159707985e+00,8.672116683671e-01
3.194559727986e+00,8.672488517644e-01
3.194959747987e+00,8.672860345105e-01
3.195359767988e+00,8.673232166007e-01
3.195759787989e+00,8.673603980278e-01
3.196159807990e+00,8.673975787825e-01
3.196559827991e+00,8.674347588532e-01
3.196959847992e+00,8.674719382262e-01
3.197359867993e+00,8.675091168854e-01
3.197759887994e+00,8.675462948125e-01
3.198159907995e+00,8.675834719871e-01
3.198559927996e+00,8.676206483865e-01
3.198959947997e+00,8.676578239858e-01
3.199359967998e+00,8.676949987580e-01
3.199759987999e+00,8.677321726739e-01
3.200160008000e+00,8.677693457021e-01
3.200560028001e+00,8.678065178091e-01
3.200960048002e+00,8.678436889594e-01
3.201360068003e+00,8.678808591152e-01
3.201760088004e+00,8.679180282368e-01
3.202160108005e+00,8.679551962823e-01
3.202560128006e+00,8.679923632078e-01
3.202960148007e+00,8.680295289675e-01
3.203360168008e+00,8.680666935132e-01
3.203760188009e+00,8.681038567951e-01
3.204160208010e+00,8.681410187612e-01
3.204560228011e+00,8.681781793578e-01
3.204960248012e+00,8.682153385289e-01
3.205360268013e+00,8.682524962169e-01
3.205760288014e+00,8.682896523623e-01
3.206160308015e+00,8.683268069036e-01
3.206560328016e+00,8.683639597776e-01
3.206960348017e+00,8.684011109193e-01
3.207360368018e+00,8.684382602618e-01
3.207760388019e+00,8.684754077367e-01
3.208160408020e+00,8.685125532735e-01
3.208560428021e+00,8.685496968004e-01
3.208960448022e+00,8.685868382438e-01
3.209360468023e+00,8.686239775283e-01
3.209760488024e+00,8.686611145773e-01
3.210160508025e+00,8.686982493122e-01
3.210560528026e+00,8.687353816530e-01
3.210960548027e+00,8.687725115185e-01
3.211360568028e+00,8.688096388255e-01
3.211760588029e+00,8.688467634898e-01
3.212160608030e+00,8.688838854256e-01
3.212560628031e+00,8.689210045457e-01
3.212960648032e+00,8.689581207617e-01
3.213360668033e+00,8.689952339838e-01
3.213760688034e+00,8.690323441209e-01
3.214160708035e+00,8.690694510808e-01
3.214560728036e+00,8.691065547699e-01
3.214960748037e+00,8.691436550936e-01
3.215360768038e+00,8.691807519563e-01
3.215760788039e+00,8.692178452610e-01
3.216160808040e+00,8.692549349099e-01
3.216560828041e+00,8.692920208042e-01
3.216960848042e+00,8.693291028439e-01
3.217360868043e+00,8.693661809282e-01
3.217760888044e+00,8.694032549557e-01
3.218160908045e+00,8.694403248236e-01
3.218560928046e+00,8.694773904288e-01
3.218960948047e+00,8.695144516671e-01
3.219360968048e+00,8.695515084336e-01
3.219760988049e+00,8.695885606227e-01
3.220161008050e+00,8.696256081284e-01
3.220561028051e+00,8.696626508438e-01
3.220961048052e+00,8.696996886615e-01
3.221361068053e+00,8.697367214737e-01
3.221761088054e+00,8.697737491719e-01
3.222161108055e+00,8.698107716473e-01
3.222561128056e+00,8.698477887908e-01
3.222961148057e+00,8.698848004926e-01
3.223361168058e+00,8.699218066429e-01
3.223761188059e+00,8.699588071314e-01
3.224161208060e+00,8.699958018477e-01
3.224561228061e+00,8.700327906811e-01
3.224961248062e+00,8.700697735208e-01
3.225361268063e+00,8.701067502558e-01
3.225761288064e+00,8.701437207752e-01
3.226161308065e+00,8.701806849678e-01
3.226561328066e+00,8.702176427227e-01
3.226961348067e+00,8.702545939289e-01
3.227361368068e+00,8.702915384754e-01
3.227761388069e+00,8.703284762516e-01
3.228161408070e+00,8.703654071467e-01
3.228561428071e+00,8.704023310505e-01
3.228961448072e+00,8.704392478529e-01
3.229361468073e+00,8.704761574439e-01
3.229761488074e+00,8.705130597142e-01
3.230161508075e+00,8.705499545546e-01
3.230561528076e+00,8.705868418564e-01
3.230961548077e+00,8.706237215114e-01
3.231361568078e+00,8.706605934118e-01
3.231761588079e+00,8.706974574504e-01
3.232161608080e+00,8.707343135205e-01
3.232561628081e+00,8.707711615161e-01
3.232961648082e+00,8.708080013317e-01
3.233361668083e+00,8.708448328626e-01
3.233761688084e+00,8.708816560047e-01
3.234161708085e+00,8.709184706549e-01
3.234561728086e+00,8.709552767107e-01
3.234961748087e+00,8.709920740707e-01
3.235361768088e+00,8.710288626341e-01
3.235761788089e+00,8.710656423010e-01
3.236161808090e+00,8.711024129727e-01
3.236561828091e+00,8.711391745512e-01
3.236961848092e+00,8.711759269398e-01
3.237361868093e+00,8.712126700426e-01
3.237761888094e+00,8.712494037648e-01
3.238161908095e+00,8.712861280129e-01
3.238561928096e+00,8.713228426944e-01
3.238961948097e+00,8.713595477180e-01
3.239361968098e+00,8.713962429936e-01
3.239761988099e+00,8.714329284325e-01
3.240162008100e+00,8.714696039470e-01
3.240562028101e+00,8.715062694508e-01
3.240962048102e+00,8.715429248592e-01
3.241362068103e+00,8.715795700886e-01
3.241762088104e+00,8.716162050567e-01
3.242162108105e+00,8.716528296830e-01
3.242562128106e+00,8.716894438882e-01
3.242962148107e+00,8.717260475944e-01
3.243362168108e+00,8.717626407255e-01
3.243762188109e+00,8.717992232066e-01
3.244162208110e+00,8.718357949647e-01
3.244562228111e+00,8.718723559282e-01
3.244962248112e+00,8.719089060271e-01
3.245362268113e+00,8.719454451929e-01
3.245762288114e+00,8.719819733591e-01
3.246162308115e+00,8.720184904606e-01
3.246562328116e+00,8.720549964339e-01
3.246962348117e+00,8.720914912175e-01
3.247362368118e+00,8.721279747513e-01
3.247762388119e+00,8.721644469772e-01
3.248162408120e+00,8.722009078388e-01
3.248562428121e+00,8.722373572817e-01
3.248962448122e+00,8.722737952531e-01
3.249362468123e+00,8.723102217020e-01
3.249762488124e+00,8.723466365794e-01
3.250162508125e+00,8.723830398381e-01
3.250562528126e+00,8.724194314328e-01
3.250962548127e+00,8.724558113199e-01
3.251362568128e+00,8.724921794579e-01
3.251762588129e+00,8.725285358072e-01
3.252162608130e+00,8.725648803300e-01
3.252562628131e+00,8.726012129907e-01
3.252962648132e+00,8.726375337553e-01
3.253362668133e+00,8.726738425919e-01
3.253762688134e+00,8.727101394706e-01
3.254162708135e+00,8.727464243636e-01
3.254562728136e+00,8.727826972447e-01
3.254962748137e+00,8.728189580901e-01
3.255362768138e+00,8.728552068778e-01
3.255762788139e+00,8.728914435877e-01
3.256162808140e+00,8.729276682020e-01
3.256562828141e+00,8.729638807046e-01
3.256962848142e+00,8.730000810817e-01
3.257362868143e+00,8.730362693213e-01
3.257762888144e+00,8.730724454136e-01
3.258162908145e+00,8.731086093506e-01
3.258562928146e+00,8.731447611265e-01
3.258962948147e+00,8.731809007374e-01
3.259362968148e+00,8.732170281815e-01
3.259762988149e+00,8.732531434590e-01
3.260163008150e+00,8.732892465720e-01
3.260563028151e+00,8.733253375246e-01
3.260963048152e+00,8.733614163229e-01
3.261363068153e+00,8.733974829750e-01
3.261763088154e+00,8.734335374910e-01
3.262163108155e+00,8.734695798831e-01
3.262563128156e+00,8.735056101655e-01
3.262963148157e+00,8.735416283542e-01
3.263363168158e+00,8.735776344672e-01
3.263763188159e+00,8.736136285246e-01
3.264163208160e+00,8.736496105483e-01
3.264563228161e+00,8.736855805622e-01
3.264963248162e+00,8.737215385919e-01
3.265363268163e+00,8.737574846652e-01
3.265763288164e+00,8.737934188117e-01
3.266163308165e+00,8.738293410628e-01
3.266563328166e+00,8.738652514518e-01
3.266963348167e+00,8.739011500139e-01
3.267363368168e+00,8.739370367860e-01
3.267763388169e+00,8.739729118070e-01
3.268163408170e+00,8.740087751173e-01
3.268563428171e+00,8.740446267596e-01
3.268963448172e+00,8.740804667778e-01
3.269363468173e+00,8.741162952179e-01
3.269763488174e+00,8.741521121276e-01
3.270163508175e+00,8.741879175562e-01
3.270563528176e+00,8.742237115547e-01
3.270963548177e+00,8.742594941759e-01
3.271363568178e+00,8.742952654741e-01
3.271763588179e+00,8.743310255054e-01
3.272163608180e+00,8.743667743274e-01
3.272563628181e+00,8.744025119993e-01
3.272963648182e+00,8.744382385817e-01
3.273363668183e+00,8.744739541370e-01
3.273763688184e+00,8.745096587289e-01
3.274163708185e+00,8.745453524227e-01
3.274563728186e+00,8.745810352850e-01
3.274963748187e+00,8.746167073839e-01
3.275363768188e+00,8.746523687887e-01
3.275763788189e+00,8.746880195704e-01
3.276163808190e+00,8.747236598012e-01
3.276563828191e+00,8.747592895548e-01
3.276963848192e+00,8.747949089060e-01
3.277363868193e+00,8.748305179309e-01
3.277763888194e+00,8.748661167069e-01
3.278163908195e+00,8.749017053125e-01
3.278563928196e+00,8.749372838274e-01
3.278963948197e+00,8.749728523326e-01
3.279363968198e+00,8.750084109100e-01
3.279763988199e+00,8.750439596426e-01
3.280164008200e+00,8.750794986145e-01
3.280564028201e+00,8.751150279109e-01
3.280964048202e+00,8.751505476179e-01
3.281364068203e+00,8.751860578225e-01
3.281764088204e+00,8.752215586126e-01
3.282164108205e+00,8.752570500771e-01
3.282564128206e+00,8.752925323058e-01
3.282964148207e+00,8.753280053890e-01
3.283364168208e+00,8.753634694181e-01
3.283764188209e+00,8.753989244852e-01
3.284164208210e+00,8.754343706830e-01
3.284564228211e+00,8.754698081049e-01
3.284964248212e+00,8.755052368452e-01
3.285364268213e+00,8.755406569985e-01
3.285764288214e+00,8.755760686601e-01
3.286164308215e+00,8.756114719258e-01
3.286564328216e+00,8.756468668921e-01
3.286964348217e+00,8.756822536558e-01
3.287364368218e+00,8.757176323142e-01
3.287764388219e+00,8.757530029648e-01
3.288164408220e+00,8.757883657058e-01
3.288564428221e+00,8.758237206355e-01
3.288964448222e+00,8.758590678526e-01
3.289364468223e+00,8.758944074559e-01
3.289764488224e+00,8.759297395445e-01
3.290164508225e+00,8.759650642176e-01
3.290564528226e+00,8.760003815746e-01
3.290964548227e+00,8.760356917149e-01
3.291364568228e+00,8.760709947382e-01
3.291764588229e+00,8.761062907444e-01
3.292164608230e+00,8.761415798330e-01
3.292564628231e+00,8.761768621037e-01
3.292964648232e+00,8.762121376560e-01
3.293364668233e+00,8.762474065895e-01
3.293764688234e+00,8.762826690035e-01
3.294164708235e+00,8.763179249971e-01
3.294564728236e+00,8.763531746694e-01
3.294964748237e+00,8.763884181188e-01
3.295364768238e+00,8.764236554440e-01
3.295764788239e+00,8.764588867430e-01
3.296164808240e+00,8.764941121136e-01
3.296564828241e+00,8.765293316531e-01
3.296964848242e+00,8.765645454584e-01
3.297364868243e+00,8.765997536261e-01
3.297764888244e+00,8.766349562521e-01
3.298164908245e+00,8.766701534320e-01
3.298564928246e+00,8.767053452606e-01
3.298964948247e+00,8.767405318324e-01
3.299364968248e+00,8.767757132409e-01
3.299764988249e+00,8.768108895793e-01
3.300165008250e+00,8.768460609400e-01
3.300565028251e+00,8.768812274145e-01
3.300965048252e+00,8.769163890939e-01
3.301365068253e+00,8.769515460683e-01
3.301765088254e+00,8.769866984269e-01
3.302165108255e+00,8.770218462582e-01
3.302565128256e+00,8.770569896499e-01
3.302965148257e+00,8.770921286887e-01
3.303365168258e+00,8.771272634602e-01
3.303765188259e+00,8.771623940493e-01
3.304165208260e+00,8.771975205398e-01
3.304565228261e+00,8.772326430144e-01
3.304965248262e+00,8.772677615549e-01
3.305365268263e+00,8.773028762418e-01
3.305765288264e+00,8.773379871546e-01
3.306165308265e+00,8.773730943717e-01
3.306565328266e+00,8.774081979703e-01
3.306965348267e+00,8.774432980266e-01
3.307365368268e+00,8.774783946154e-01
3.307765388269e+00,8.775134878102e-01
3.308165408270e+00,8.775485776834e-01
3.308565428271e+00,8.775836643061e-01
3.308965448272e+00,8.776187477480e-01
3.309365468273e+00,8.776538280775e-01
3.309765488274e+00,8.776889053616e-01
3.310165508275e+00,8.777239796661e-01
3.310565528276e+00,8.777590510552e-01
3.310965548277e+00,8.777941195917e-01
3.311365568278e+00,8.778291853372e-01
3.311765588279e+00,8.778642483514e-01
3.312165608280e+00,8.778993086929e-01
3.312565628281e+00,8.779343664188e-01
3.312965648282e+00,8.779694215843e-01
3.313365668283e+00,8.780044742435e-01
3.313765688284e+00,8.780395244487e-01
3.314165708285e+00,8.780745722507e-01
3.314565728286e+00,8.781096176987e-01
3.314965748287e+00,8.781446608404e-01
3.315365768288e+00,8.781797017216e-01
3.315765788289e+00,8.782147403868e-01
3.316165808290e+00,8.782497768787e-01
3.316565828291e+00,8.782848112383e-01
3.316965848292e+00,8.783198435051e-01
3.317365868293e+00,8.783548737167e-01
3.317765888294e+00,8.783899019091e-01
3.318165908295e+00,8.784249281166e-01
3.318565928296e+00,8.784599523719e-01
3.318965948297e+00,8.784949747058e-01
3.319365968298e+00,8.785299951474e-01
3.319765988299e+00,8.785650137241e-01
3.320166008300e+00,8.786000304617e-01
3.320566028301e+00,8.786350453839e-01
3.320966048302e+00,8.786700585130e-01
3.321366068303e+00,8.787050698692e-01
3.321766088304e+00,8.787400794712e-01
3.322166108305e+00,8.787750873358e-01
3.322566128306e+00,8.788100934780e-01
3.322966148307e+00,8.788450979110e-01
3.323366168308e+00,8.788801006464e-01
3.323766188309e+00,8.789151016938e-01
3.324166208310e+00,8.789501010611e-01
3.324566228311e+00,8.789850987544e-01
3.324966248312e+00,8.790200947779e-01
3.325366268313e+00,8.790550891343e-01
3.325766288314e+00,8.790900818242e-01
3.326166308315e+00,8.791250728466e-01
3.326566328316e+00,8.791600621987e-01
3.326966348317e+00,8.791950498758e-01
3.327366368318e+00,8.792300358715e-01
3.327766388319e+00,8.792650201777e-01
3.328166408320e+00,8.793000027845e-01
3.328566428321e+00,8.793349836801e-01
3.328966448322e+00,8.793699628511e-01
3.329366468323e+00,8.794049402823e-01
3.329766488324e+00,8.794399159567e-01
3.330166508325e+00,8.794748898557e-01
3.330566528326e+00,8.795098619588e-01
3.330966548327e+00,8.795448322440e-01
3.331366568328e+00,8.795798006873e-01
3.331766588329e+00,8.796147672634e-01
3.332166608330e+00,8.796497319449e-01
3.332566628331e+00,8.796846947030e-01
3.332966648332e+00,8.797196555072e-01
3.333366668333e+00,8.797546143252e-01
3.333766688334e+00,8.797895711233e-01
3.334166708335e+00,8.798245258660e-01
3.334566728336e+00,8.798594785162e-01
3.334966748337e+00,8.798944290354e-01
3.335366768338e+00,8.799293773834e-01
3.335766788339e+00,8.799643235183e-01
3.336166808340e+00,8.799992673968e-01
3.336566828341e+00,8.800342089741e-01
3.336966848342e+00,8.800691482039e-01
3.337366868343e+00,8.801040850382e-01
3.337766888344e+00,8.801390194277e-01
3.338166908345e+00,8.801739513216e-01
3.338566928346e+00,8.802088806678e-01
3.338966948347e+00,8.802438074127e-01
3.339366968348e+00,8.802787315011e-01
3.339766988349e+00,8.803136528766e-01
3.340167008350e+00,8.803485714817e-01
3.340567028351e+00,8.803834872570e-01
3.340967048352e+00,8.804184001424e-01
3.341367068353e+00,8.804533100760e-01
3.341767088354e+00,8.804882169950e-01
3.342167108355e+00,8.805231208351e-01
3.342567128356e+00,8.805580215310e-01
3.342967148357e+00,8.805929190161e-01
3.343367168358e+00,8.806278132226e-01
3.343767188359e+00,8.806627040817e-01
3.344167208360e+00,8.806975915232e-01
3.344567228361e+00,8.807324754762e-01
3.344967248362e+00,8.807673558683e-01
3.345367268363e+00,8.808022326265e-01
3.345767288364e+00,8.808371056764e-01
3.346167308365e+00,8.808719749429e-01
3.346567328366e+00,8.809068403498e-01
3.346967348367e+00,8.809417018200e-01
3.347367368368e+00,8.809765592754e-01
3.347767388369e+00,8.810114126373e-01
3.348167408370e+00,8.810462618257e-01
3.348567428371e+00,8.810811067603e-01
3.348967448372e+00,8.811159473597e-01
3.349367468373e+00,8.811507835417e-01
3.349767488374e+00,8.811856152235e-01
3.350167508375e+00,8.812204423216e-01
3.350567528376e+00,8.812552647518e-01
3.350967548377e+00,8.812900824292e-01
3.351367568378e+00,8.813248952684e-01
3.351767588379e+00,8.813597031833e-01
3.352167608380e+00,8.813945060873e-01
3.352567628381e+00,8.814293038934e-01
3.352967648382e+00,8.814640965138e-01
3.353367668383e+00,8.814988838606e-01
3.353767688384e+00,8.815336658451e-01
3.354167708385e+00,8.815684423786e-01
3.354567728386e+00,8.816032133717e-01
3.354967748387e+00,8.816379787348e-01
3.355367768388e+00,8.816727383781e-01
3.355767788389e+00,8.817074922114e-01
3.356167808390e+00,8.817422401442e-01
3.356567828391e+00,8.817769820859e-01
3.356967848392e+00,8.818117179458e-01
3.357367868393e+00,8.818464476327e-01
3.357767888394e+00,8.818811710558e-01
3.358167908395e+00,8.819158881237e-01
3.358567928396e+00,8.819505987452e-01
3.358967948397e+00,8.819853028292e-01
3.359367968398e+00,8.820200002843e-01
3.359767988399e+00,8.820546910193e-01
3.360168008400e+00,8.820893749433e-01
3.360568028401e+00,8.821240519650e-01
3.360968048402e+00,8.821587219936e-01
3.361368068403e+00,8.821933849384e-01
3.361768088404e+00,8.822280407089e-01
3.362168108405e+00,8.822626892148e-01
3.362568128406e+00,8.822973303660e-01
3.362968148407e+00,8.823319640728e-01
3.363368168408e+00,8.823665902458e-01
3.363768188409e+00,8.824012087958e-01
3.364168208410e+00,8.824358196342e-01
3.364568228411e+00,8.824704226727e-01
3.364968248412e+00,8.825050178235e-01
3.365368268413e+00,8.825396049991e-01
3.365768288414e+00,8.825741841125e-01
3.366168308415e+00,8.826087550776e-01
3.366568328416e+00,8.826433178083e-01
3.366968348417e+00,8.826778722194e-01
3.367368368418e+00,8.827124182262e-01
3.367768388419e+00,8.827469557446e-01
3.368168408420e+00,8.827814846913e-01
3.368568428421e+00,8.828160049837e-01
3.368968448422e+00,8.828505165400e-01
3.369368468423e+00,8.828850192789e-01
3.369768488424e+00,8.829195131201e-01
3.370168508425e+00,8.829539979840e-01
3.370568528426e+00,8.829884737917e-01
3.370968548427e+00,8.830229404654e-01
3.371368568428e+00,8.830573979281e-01
3.371768588429e+00,8.830918461036e-01
3.372168608430e+00,8.831262849167e-01
3.372568628431e+00,8.831607142932e-01
3.372968648432e+00,8.831951341597e-01
3.373368668433e+00,8.832295444441e-01
3.373768688434e+00,8.832639450751e-01
3.374168708435e+00,8.832983359824e-01
3.374568728436e+00,8.833327170968e-01
3.374968748437e+00,8.833670883505e-01
3.375368768438e+00,8.834014496763e-01
3.375768788439e+00,8.834358010085e-01
3.376168808440e+00,8.834701422825e-01
3.376568828441e+00,8.835044734348e-01
3.376968848442e+00,8.835387944032e-01
3.377368868443e+00,8.835731051265e-01
3.377768888444e+00,8.836074055450e-01
3.378168908445e+00,8.836416956002e-01
3.378568928446e+00,8.836759752347e-01
3.378968948447e+00,8.837102443926e-01
3.379368968448e+00,8.837445030192e-01
3.379768988449e+00,8.837787510612e-01
3.380169008450e+00,8.838129884665e-01
3.380569028451e+00,8.838472151844e-01
3.380969048452e+00,8.838814311658e-01
3.381369068453e+00,8.839156363625e-01
3.381769088454e+00,8.839498307281e-01
3.382169108455e+00,8.839840142174e-01
3.382569128456e+00,8.840181867867e-01
3.382969148457e+00,8.840523483937e-01
3.383369168458e+00,8.840864989977e-01
3.383769188459e+00,8.841206385595e-01
3.384169208460e+00,8.841547670412e-01
3.384569228461e+00,8.841888844064e-01
3.384969248462e+00,8.842229906203e-01
3.385369268463e+00,8.842570856496e-01
3.385769288464e+00,8.842911694624e-01
3.386169308465e+00,8.843252420285e-01
3.386569328466e+00,8.843593033190e-01
3.386969348467e+00,8.843933533069e-01
3.387369368468e+00,8.844273919663e-01
3.387769388469e+00,8.844614192733e-01
3.388169408470e+00,8.844954352051e-01
3.388569428471e+00,8.845294397409e-01
3.388969448472e+00,8.845634328611e-01
3.389369468473e+00,8.845974145481e-01
3.389769488474e+00,8.846313847854e-01
3.390169508475e+00,8.846653435584e-01
3.390569528476e+00,8.846992908541e-01
3.390969548477e+00,8.847332266608e-01
3.391369568478e+00,8.847671509689e-01
3.391769588479e+00,8.848010637698e-01
3.392169608480e+00,8.848349650570e-01
3.392569628481e+00,8.848688548254e-01
3.392969648482e+00,8.849027330713e-01
3.393369668483e+00,8.849365997930e-01
3.393769688484e+00,8.849704549902e-01
3.394169708485e+00,8.850042986640e-01
3.394569728486e+00,8.850381308174e-01
3.394969748487e+00,8.850719514548e-01
3.395369768488e+00,8.851057605822e-01
3.395769788489e+00,8.851395582072e-01
3.396169808490e+00,8.851733443389e-01
3.396569828491e+00,8.852071189880e-01
3.396969848492e+00,8.852408821667e-01
3.397369868493e+00,8.852746338887e-01
3.397769888494e+00,8.853083741695e-01
3.398169908495e+00,8.853421030262e-01
3.398569928496e+00,8.853758204771e-01
3.398969948497e+00,8.854095265423e-01
3.399369968498e+00,8.854432212433e-01
3.399769988499e+00,8.854769046031e-01
3.400170008500e+00,8.855105766463e-01
3.400570028501e+00,8.855442373988e-01
3.400970048502e+00,8.855778868881e-01
3.401370068503e+00,8.856115251432e-01
3.401770088504e+00,8.856451521945e-01
3.402170108505e+00,8.856787680739e-01
3.402570128506e+00,8.857123728145e-01
3.402970148507e+00,8.857459664512e-01
3.403370168508e+00,8.857795490199e-01
3.403770188509e+00,8.858131205583e-01
3.404170208510e+00,8.858466811050e-01
3.404570228511e+00,8.858802307004e-01
3.404970248512e+00,8.859137693860e-01
3.405370268513e+00,8.859472972047e-01
3.405770288514e+00,8.859808142008e-01
3.406170308515e+00,8.860143204197e-01
3.406570328516e+00,8.860478159083e-01
3.406970348517e+00,8.860813007147e-01
3.407370368518e+00,8.861147748881e-01
3.407770388519e+00,8.861482384791e-01
3.408170408520e+00,8.861816915395e-01
3.408570428521e+00,8.862151341223e-01
3.408970448522e+00,8.862485662815e-01
3.409370468523e+00,8.862819880725e-01
3.409770488524e+00,8.863153995517e-01
3.410170508525e+00,8.863488007765e-01
3.410570528526e+00,8.863821918056e-01
3.410970548527e+00,8.864155726985e-01
3.411370568528e+00,8.864489435160e-01
3.411770588529e+00,8.864823043195e-01
3.412170608530e+00,8.865156551721e-01
3.412570628531e+00,8.865489961375e-01
3.412970648532e+00,8.865823272803e-01
3.413370668533e+00,8.866156486663e-01
3.413770688534e+00,8.866489603619e-01
3.414170708535e+00,8.866822624345e-01
3.414570728536e+00,8.867155549526e-01
3.414970748537e+00,8.867488379853e-01
3.415370768538e+00,8.867821116025e-01
3.415770788539e+00,8.868153758751e-01
3.416170808540e+00,8.868486308745e-01
3.416570828541e+00,8.868818766731e-01
3.416970848542e+00,8.869151133439e-01
3.417370868543e+00,8.869483409605e-01
3.417770888544e+00,8.869815595974e-01
3.418170908545e+00,8.870147693295e-01
3.418570928546e+00,8.870479702325e-01
3.418970948547e+00,8.870811623827e-01
3.419370968548e+00,8.871143458567e-01
3.419770988549e+00,8.871475207320e-01
3.420171008550e+00,8.871806870863e-01
3.420571028551e+00,8.872138449981e-01
3.420971048552e+00,8.872469945462e-01
3.421371068553e+00,8.872801358097e-01
3.421771088554e+00,8.873132688684e-01
3.422171108555e+00,8.873463938024e-01
3.422571128556e+00,8.873795106919e-01
3.422971148557e+00,8.874126196178e-01
3.423371168558e+00,8.874457206611e-01
3.423771188559e+00,8.874788139031e-01
3.424171208560e+00,8.875118994254e-01
3.424571228561e+00,8.875449773098e-01
3.424971248562e+00,8.875780476381e-01
3.425371268563e+00,8.876111104927e-01
3.425771288564e+00,8.876441659556e-01
3.426171308565e+00,8.876772141093e-01
3.426571328566e+00,8.877102550361e-01
3.426971348567e+00,8.877432888185e-01
3.427371368568e+00,8.877763155389e-01
3.427771388569e+00,8.878093352797e-01
3.428171408570e+00,8.878423481235e-01
3.428571428571e+00,8.878753541528e-01
3.428971448572e+00,8.879083534500e-01
3.429371468573e+00,8.879413460973e-01
3.429771488574e+00,8.879743321769e-01
3.430171508575e+00,8.880073117706e-01
3.430571528576e+00,8.880402849602e-01
3.430971548577e+00,8.880732518273e-01
3.431371568578e+00,8.881062124532e-01
3.431771588579e+00,8.881391669188e-01
3.432171608580e+00,8.881721153049e-01
3.432571628581e+00,8.882050576919e-01
3.432971648582e+00,8.882379941599e-01
3.433371668583e+00,8.882709247884e-01
3.433771688584e+00,8.883038496569e-01
3.434171708585e+00,8.883367688441e-01
3.434571728586e+00,8.883696824284e-01
3.434971748587e+00,8.884025904877e-01
3.435371768588e+00,8.884354930995e-01
3.435771788589e+00,8.884683903406e-01
3.436171808590e+00,8.885012822874e-01
3.436571828591e+00,8.885341690155e-01
3.436971848592e+00,8.885670506002e-01
3.437371868593e+00,8.885999271160e-01
3.437771888594e+00,8.886327986368e-01
3.438171908595e+00,8.886656652357e-01
3.438571928596e+00,8.886985269854e-01
3.438971948597e+00,8.887313839576e-01
3.439371968598e+00,8.887642362233e-01
3.439771988599e+00,8.887970838530e-01
3.440172008600e+00,8.888299269160e-01
3.440572028601e+00,8.888627654810e-01
3.440972048602e+00,8.888955996161e-01
3.441372068603e+00,8.889284293881e-01
3.441772088604e+00,8.889612548632e-01
3.442172108605e+00,8.889940761067e-01
3.442572128606e+00,8.890268931829e-01
3.442972148607e+00,8.890597061551e-01
3.443372168608e+00,8.890925150858e-01
3.443772188609e+00,8.891253200364e-01
3.444172208610e+00,8.891581210674e-01
3.444572228611e+00,8.891909182384e-01
3.444972248612e+00,8.892237116077e-01
3.445372268613e+00,8.892565012329e-01
3.445772288614e+00,8.892892871702e-01
3.446172308615e+00,8.893220694748e-01
3.446572328616e+00,8.893548482010e-01
3.446972348617e+00,8.893876234019e-01
3.447372368618e+00,8.894203951292e-01
3.447772388619e+00,8.894531634338e-01
3.448172408620e+00,8.894859283653e-01
3.448572428621e+00,8.895186899721e-01
3.448972448622e+00,8.895514483015e-01
3.449372468623e+00,8.895842033995e-01
3.449772488624e+00,8.896169553109e-01
3.450172508625e+00,8.896497040793e-01
3.450572528626e+00,8.896824497471e-01
3.450972548627e+00,8.897151923554e-01
3.451372568628e+00,8.897479319439e-01
3.451772588629e+00,8.897806685512e-01
3.452172608630e+00,8.898134022146e-01
3.452572628631e+00,8.898461329699e-01
3.452972648632e+00,8.898788608520e-01
3.453372668633e+00,8.899115858939e-01
3.453772688634e+00,8.899443081279e-01
3.454172708635e+00,8.899770275844e-01
3.454572728636e+00,8.900097442927e-01
3.454972748637e+00,8.900424582809e-01
3.455372768638e+00,8.900751695755e-01
3.455772788639e+00,8.901078782017e-01
3.456172808640e+00,8.901405841833e-01
3.456572828641e+00,8.901732875427e-01
3.456972848642e+00,8.902059883011e-01
3.457372868643e+00,8.902386864781e-01
3.457772888644e+00,8.902713820918e-01
3.458172908645e+00,8.903040751593e-01
3.458572928646e+00,8.903367656960e-01
3.458972948647e+00,8.903694537158e-01
3.459372968648e+00,8.904021392314e-01
3.459772988649e+00,8.904348222540e-01
3.460173008650e+00,8.904675027935e-01
3.460573028651e+00,8.905001808581e-01
3.460973048652e+00,8.905328564548e-01
3.461373068653e+00,8.905655295892e-01
3.461773088654e+00,8.905982002654e-01
3.462173108655e+00,8.906308684860e-01
3.462573128656e+00,8.906635342523e-01
3.462973148657e+00,8.906961975642e-01
3.463373168658e+00,8.907288584200e-01
3.463773188659e+00,8.907615168168e-01
3.464173208660e+00,8.907941727503e-01
3.464573228661e+00,8.908268262145e-01
3.464973248662e+00,8.908594772023e-01
3.465373268663e+00,8.908921257050e-01
3.465773288664e+00,8.909247717127e-01
3.466173308665e+00,8.909574152139e-01
3.466573328666e+00,8.909900561959e-01
3.466973348667e+00,8.910226946444e-01
3.467373368668e+00,8.910553305439e-01
3.467773388669e+00,8.910879638775e-01
3.468173408670e+00,8.911205946269e-01
3.468573428671e+00,8.911532227724e-01
3.468973448672e+00,8.911858482932e-01
3.469373468673e+00,8.912184711667e-01
3.469773488674e+00,8.912510913694e-01
3.470173508675e+00,8.912837088763e-01
3.470573528676e+00,8.913163236612e-01
3.470973548677e+00,8.913489356963e-01
3.471373568678e+00,8.913815449529e-01
3.471773588679e+00,8.914141514008e-01
3.472173608680e+00,8.914467550085e-01
3.472573628681e+00,8.914793557434e-01
3.472973648682e+00,8.915119535715e-01
3.473373668683e+00,8.915445484577e-01
3.473773688684e+00,8.915771403656e-01
3.474173708685e+00,8.916097292575e-01
3.474573728686e+00,8.916423150949e-01
3.474973748687e+00,8.916748978376e-01
3.475373768688e+00,8.917074774445e-01
3.475773788689e+00,8.917400538734e-01
3.476173808690e+00,8.917726270809e-01
3.476573828691e+00,8.918051970224e-01
3.476973848692e+00,8.918377636522e-01
3.477373868693e+00,8.918703269236e-01
3.477773888694e+00,8.919028867889e-01
3.478173908695e+00,8.919354431992e-01
3.478573928696e+00,8.919679961045e-01
3.478973948697e+00,8.920005454540e-01
3.479373968698e+00,8.920330911958e-01
3.479773988699e+00,8.920656332769e-01
3.480174008700e+00,8.920981716434e-01
3.480574028701e+00,8.921307062405e-01
3.480974048702e+00,8.921632370125e-01
3.481374068703e+00,8.921957639026e-01
3.481774088704e+00,8.922282868534e-01
3.482174108705e+00,8.922608058063e-01
3.482574128706e+00,8.922933207021e-01
3.482974148707e+00,8.923258314807e-01
3.483374168708e+00,8.923583380810e-01
3.483774188709e+00,8.923908404414e-01
3.484174208710e+00,8.924233384993e-01
3.484574228711e+00,8.924558321914e-01
3.484974248712e+00,8.924883214539e-01
3.485374268713e+00,8.925208062219e-01
3.485774288714e+00,8.925532864300e-01
3.486174308715e+00,8.925857620123e-01
3.486574328716e+00,8.926182329020e-01
3.486974348717e+00,8.926506990318e-01
3.487374368718e+00,8.926831603338e-01
3.487774388719e+00,8.927156167394e-01
3.488174408720e+00,8.927480681796e-01
3.488574428721e+00,8.927805145849e-01
3.488974448722e+00,8.928129558850e-01
3.489374468723e+00,8.928453920094e-01
3.489774488724e+00,8.928778228871e-01
3.490174508725e+00,8.929102484465e-01
3.490574528726e+00,8.929426686158e-01
3.490974548727e+00,8.929750833225e-01
3.491374568728e+00,8.930074924941e-01
3.491774588729e+00,8.930398960574e-01
3.492174608730e+00,8.930722939391e-01
3.492574628731e+00,8.931046860657e-01
3.492974648732e+00,8.931370723631e-01
3.493374668733e+00,8.931694527572e-01
3.493774688734e+00,8.932018271735e-01
3.494174708735e+00,8.932341955375e-01
3.494574728736e+00,8.932665577743e-01
3.494974748737e+00,8.932989138090e-01
3.495374768738e+00,8.933312635666e-01
3.495774788739e+00,8.933636069718e-01
3.496174808740e+00,8.933959439493e-01
3.496574828741e+00,8.934282744239e-01
3.496974848742e+00,8.934605983202e-01
3.497374868743e+00,8.934929155627e-01
3.497774888744e+00,8.935252260761e-01
3.498174908745e+00,8.935575297850e-01
3.498574928746e+00,8.935898266141e-01
3.498974948747e+00,8.936221164883e-01
3.499374968748e+00,8.936543993324e-01
3.499774988749e+00,8.936866750715e-01
3.500175008750e+00,8.937189436307e-01
3.500575028751e+00,8.937512049355e-01
3.500975048752e+00,8.937834589113e-01
3.501375068753e+00,8.938157054840e-01
3.501775088754e+00,8.938479445795e-01
3.502175108755e+00,8.938801761244e-01
3.502575128756e+00,8.939124000450e-01
3.502975148757e+00,8.939446162685e-01
3.503375168758e+00,8.939768247220e-01
3.503775188759e+00,8.940090253332e-01
3.504175208760e+00,8.940412180301e-01
3.504575228761e+00,8.940734027411e-01
3.504975248762e+00,8.941055793951e-01
3.505375268763e+00,8.941377479214e-01
3.505775288764e+00,8.941699082498e-01
3.506175308765e+00,8.942020603105e-01
3.506575328766e+00,8.942342040343e-01
3.506975348767e+00,8.942663393525e-01
3.507375368768e+00,8.942984661968e-01
3.507775388769e+00,8.943305844998e-01
3.508175408770e+00,8.943626941943e-01
3.508575428771e+00,8.943947952141e-01
3.508975448772e+00,8.944268874935e-01
3.509375468773e+00,8.944589709676e-01
3.509775488774e+00,8.944910455719e-01
3.510175508775e+00,8.945231112428e-01
3.510575528776e+00,8.945551679173e-01
3.510975548777e+00,8.945872155334e-01
3.511375568778e+00,8.946192540295e-01
3.511775588779e+00,8.946512833449e-01
3.512175608780e+00,8.946833034199e-01
3.512575628781e+00,8.947153141953e-01
3.512975648782e+00,8.947473156129e-01
3.513375668783e+00,8.947793076153e-01
3.513775688784e+00,8.948112901460e-01
3.514175708785e+00,8.948432631493e-01
3.514575728786e+00,8.948752265705e-01
3.514975748787e+00,8.949071803557e-01
3.515375768788e+00,8.949391244519e-01
3.515775788789e+00,8.949710588073e-01
3.516175808790e+00,8.950029833707e-01
3.516575828791e+00,8.950348980923e-01
3.516975848792e+00,8.950668029228e-01
3.517375868793e+00,8.950986978142e-01
3.517775888794e+00,8.951305827196e-01
3.518175908795e+00,8.951624575930e-01
3.518575928796e+00,8.951943223894e-01
3.518975948797e+00,8.952261770649e-01
3.519375968798e+00,8.952580215767e-01
3.519775988799e+00,8.952898558831e-01
3.520176008800e+00,8.953216799434e-01
3.520576028801e+00,8.953534937182e-01
3.520976048802e+00,8.953852971689e-01
3.521376068803e+00,8.954170902584e-01
3.521776088804e+00,8.954488729504e-01
3.522176108805e+00,8.954806452099e-01
3.522576128806e+00,8.955124070030e-01
3.522976148807e+00,8.955441582969e-01
3.523376168808e+00,8.955758990600e-01
3.523776188809e+00,8.956076292620e-01
3.524176208810e+00,8.956393488739e-01
3.524576228811e+00,8.956710578675e-01
3.524976248812e+00,8.957027562164e-01
3.525376268813e+00,8.957344438948e-01
3.525776288814e+00,8.957661208784e-01
3.526176308815e+00,8.957977871443e-01
3.526576328816e+00,8.958294426706e-01
3.526976348817e+00,8.958610874365e-01
3.527376368818e+00,8.958927214229e-01
3.527776388819e+00,8.959243446115e-01
3.528176408820e+00,8.959559569855e-01
3.528576428821e+00,8.959875585292e-01
3.528976448822e+00,8.960191492284e-01
3.529376468823e+00,8.960507290698e-01
3.529776488824e+00,8.960822980417e-01
3.530176508825e+00,8.961138561334e-01
3.530576528826e+00,8.961454033357e-01
3.530976548827e+00,8.961769396406e-01
3.531376568828e+00,8.962084650411e-01
3.531776588829e+00,8.962399795320e-01
3.532176608830e+00,8.962714831088e-01
3.532576628831e+00,8.963029757688e-01
3.532976648832e+00,8.963344575102e-01
3.533376668833e+00,8.963659283326e-01
3.533776688834e+00,8.963973882370e-01
3.534176708835e+00,8.964288372254e-01
3.534576728836e+00,8.964602753013e-01
3.534976748837e+00,8.964917024694e-01
3.535376768838e+00,8.965231187356e-01
3.535776788839e+00,8.965545241072e-01
3.536176808840e+00,8.965859185926e-01
3.536576828841e+00,8.966173022015e-01
3.536976848842e+00,8.966486749448e-01
3.537376868843e+00,8.966800368347e-01
3.537776888844e+00,8.967113878845e-01
3.538176908845e+00,8.967427281089e-01
3.538576928846e+00,8.967740575237e-01
3.538976948847e+00,8.968053761457e-01
3.539376968848e+00,8.968366839934e-01
3.539776988849e+00,8.968679810864e-01
3.540177008850e+00,8.968992674452e-01
3.540577028851e+00,8.969305430919e-01
3.540977048852e+00,8.969618080494e-01
3.541377068853e+00,8.969930623420e-01
3.541777088854e+00,8.970243059951e-01
3.542177108855e+00,8.970555390352e-01
3.542577128856e+00,8.970867614900e-01
3.542977148857e+00,8.971179733884e-01
3.543377168858e+00,8.971491747602e-01
3.543777188859e+00,8.971803656365e-01
3.544177208860e+00,8.972115460496e-01
3.544577228861e+00,8.972427160326e-01
3.544977248862e+00,8.972738756199e-01
3.545377268863e+00,8.973050248469e-01
3.545777288864e+00,8.973361637500e-01
3.546177308865e+00,8.973672923667e-01
3.546577328866e+00,8.973984107356e-01
3.546977348867e+00,8.974295188961e-01
3.547377368868e+00,8.974606168890e-01
3.547777388869e+00,8.974917047557e-01
3.548177408870e+00,8.975227825387e-01
3.548577428871e+00,8.975538502815e-01
3.548977448872e+00,8.975849080287e-01
3.549377468873e+00,8.976159558256e-01
3.549777488874e+00,8.976469937184e-01
3.550177508875e+00,8.976780217544e-01
3.550577528876e+00,8.977090399818e-01
3.550977548877e+00,8.977400484493e-01
3.551377568878e+00,8.977710472070e-01
3.551777588879e+00,8.978020363053e-01
3.552177608880e+00,8.978330157958e-01
3.552577628881e+00,8.978639857306e-01
3.552977648882e+00,8.978949461629e-01
3.553377668883e+00,8.979258971465e-01
3.553777688884e+00,8.979568387360e-01
3.554177708885e+00,8.979877709867e-01
3.554577728886e+00,8.980186939548e-01
3.554977748887e+00,8.980496076969e-01
3.555377768888e+00,8.980805122705e-01
3.555777788889e+00,8.981114077337e-01
3.556177808890e+00,8.981422941454e-01
3.556577828891e+00,8.981731715647e-01
3.556977848892e+00,8.982040400519e-01
3.557377868893e+00,8.982348996673e-01
3.557777888894e+00,8.982657504723e-01
3.558177908895e+00,8.982965925284e-01
3.558577928896e+00,8.983274258980e-01
3.558977948897e+00,8.983582506437e-01
3.559377968898e+00,8.983890668288e-01
3.559777988899e+00,8.984198745170e-01
3.560178008900e+00,8.984506737724e-01
3.560578028901e+00,8.984814646597e-01
3.560978048902e+00,8.985122472437e-01
3.561378068903e+00,8.985430215899e-01
3.561778088904e+00,8.985737877641e-01
3.562178108905e+00,8.986045458323e-01
3.562578128906e+00,8.986352958610e-01
3.562978148907e+00,8.986660379170e-01
3.563378168908e+00,8.986967720673e-01
3.563778188909e+00,8.987274983792e-01
3.564178208910e+00,8.987582169203e-01
3.564578228911e+00,8.987889277583e-01
3.564978248912e+00,8.988196309614e-01
3.565378268913e+00,8.988503265977e-01
3.565778288914e+00,8.988810147356e-01
3.566178308915e+00,8.989116954435e-01
3.566578328916e+00,8.989423687900e-01
3.566978348917e+00,8.989730348440e-01
3.567378368918e+00,8.990036936741e-01
3.567778388919e+00,8.990343453492e-01
3.568178408920e+00,8.990649899382e-01
3.568578428921e+00,8.990956275099e-01
3.568978448922e+00,8.991262581331e-01
3.569378468923e+00,8.991568818765e-01
3.569778488924e+00,8.991874988089e-01
3.570178508925e+00,8.992181089992e-01
3.570578528926e+00,8.992487125159e-01
3.570978548927e+00,8.992793094278e-01
3.571378568928e+00,8.993098998032e-01
3.571778588929e+00,8.993404837103e-01
3.572178608930e+00,8.993710612173e-01
3.572578628931e+00,8.994016323919e-01
3.572978648932e+00,8.994321973020e-01
3.573378668933e+00,8.994627560148e-01
3.573778688934e+00,8.994933085978e-01
3.574178708935e+00,8.995238551176e-01
3.574578728936e+00,8.995543956411e-01
3.574978748937e+00,8.995849302344e-01
3.575378768938e+00,8.996154589636e-01
3.575778788939e+00,8.996459818942e-01
3.576178808940e+00,8.996764990916e-01
3.576578828941e+00,8.997070106205e-01
3.576978848942e+00,8.997375165454e-01
3.577378868943e+00,8.997680169304e-01
3.577778888944e+00,8.997985118389e-01
3.578178908945e+00,8.998290013340e-01
3.578578928946e+00,8.998594854784e-01
3.578978948947e+00,8.998899643342e-01
3.579378968948e+00,8.999204379629e-01
3.579778988949e+00,8.999509064256e-01
3.580179008950e+00,8.999813697828e-01
3.580579028951e+00,9.000118280943e-01
3.580979048952e+00,9.000422814195e-01
3.581379068953e+00,9.000727298171e-01
3.581779088954e+00,9.001031733451e-01
3.582179108955e+00,9.001336120610e-01
3.582579128956e+00,9.001640460215e-01
3.582979148957e+00,9.001944752828e-01
3.583379168958e+00,9.002248999002e-01
3.583779188959e+00,9.002553199284e-01
3.584179208960e+00,9.002857354213e-01
3.584579228961e+00,9.003161464322e-01
3.584979248962e+00,9.003465530134e-01
3.585379268963e+00,9.003769552167e-01
3.585779288964e+00,9.004073530928e-01
3.586179308965e+00,9.004377466919e-01
3.586579328966e+00,9.004681360630e-01
3.586979348967e+00,9.004985212548e-01
3.587379368968e+00,9.005289023148e-01
3.587779388969e+00,9.005592792898e-01
3.588179408970e+00,9.005896522257e-01
3.588579428971e+00,9.006200211673e-01
3.588979448972e+00,9.006503861588e-01
3.589379468973e+00,9.006807472434e-01
3.589779488974e+00,9.007111044633e-01
3.590179508975e+00,9.007414578599e-01
3.590579528976e+00,9.007718074734e-01
3.590979548977e+00,9.008021533434e-01
3.591379568978e+00,9.008324955082e-01
3.591779588979e+00,9.008628340055e-01
3.592179608980e+00,9.008931688716e-01
3.592579628981e+00,9.009235001420e-01
3.592979648982e+00,9.009538278513e-01
3.593379668983e+00,9.009841520330e-01
3.593779688984e+00,9.010144727194e-01
3.594179708985e+00,9.010447899421e-01
3.594579728986e+00,9.010751037313e-01
3.594979748987e+00,9.011054141165e-01
3.595379768988e+00,9.011357211258e-01
3.595779788989e+00,9.011660247866e-01
3.596179808990e+00,9.011963251250e-01
3.596579828991e+00,9.012266221659e-01
3.596979848992e+00,9.012569159335e-01
3.597379868993e+00,9.012872064505e-01
3.597779888994e+00,9.013174937389e-01
3.598179908995e+00,9.013477778192e-01
3.598579928996e+00,9.013780587111e-01
3.598979948997e+00,9.014083364331e-01
3.599379968998e+00,9.014386110026e-01
3.599779988999e+00,9.014688824357e-01
3.600180009000e+00,9.014991507476e-01
3.600580029001e+00,9.015294159524e-01
3.600980049002e+00,9.015596780628e-01
3.601380069003e+00,9.015899370906e-01
3.601780089004e+00,9.016201930465e-01
3.602180109005e+00,9.016504459399e-01
3.602580129006e+00,9.016806957791e-01
3.602980149007e+00,9.017109425714e-01
3.603380169008e+00,9.017411863227e-01
3.603780189009e+00,9.017714270381e-01
3.604180209010e+00,9.018016647213e-01
3.604580229011e+00,9.018318993750e-01
3.604980249012e+00,9.018621310006e-01
3.605380269013e+00,9.018923595985e-01
3.605780289014e+00,9.019225851680e-01
3.606180309015e+00,9.019528077071e-01
3.606580329016e+00,9.019830272129e-01
3.606980349017e+00,9.020132436810e-01
3.607380369018e+00,9.020434571064e-01
3.607780389019e+00,9.020736674824e-01
3.608180409020e+00,9.021038748017e-01
3.608580429021e+00,9.021340790554e-01
3.608980449022e+00,9.021642802339e-01
3.609380469023e+00,9.021944783263e-01
3.609780489024e+00,9.022246733205e-01
3.610180509025e+00,9.022548652034e-01
3.610580529026e+00,9.022850539609e-01
3.610980549027e+00,9.023152395777e-01
3.611380569028e+00,9.023454220374e-01
3.611780589029e+00,9.023756013226e-01
3.612180609030e+00,9.024057774147e-01
3.612580629031e+00,9.024359502941e-01
3.612980649032e+00,9.024661199403e-01
3.613380669033e+00,9.024962863314e-01
3.613780689034e+00,9.025264494448e-01
3.614180709035e+00,9.025566092567e-01
3.614580729036e+00,9.025867657423e-01
3.614980749037e+00,9.026169188757e-01
3.615380769038e+00,9.026470686302e-01
3.615780789039e+00,9.026772149778e-01
3.616180809040e+00,9.027073578898e-01
3.616580829041e+00,9.027374973364e-01
3.616980849042e+00,9.027676332867e-01
3.617380869043e+00,9.027977657091e-01
3.617780889044e+00,9.028278945708e-01
3.618180909045e+00,9.028580198382e-01
3.618580929046e+00,9.028881414768e-01
3.618980949047e+00,9.029182594511e-01
3.619380969048e+00,9.029483737246e-01
3.619780989049e+00,9.029784842602e-01
3.620181009050e+00,9.030085910196e-01
3.620581029051e+00,9.030386939638e-01
3.620981049052e+00,9.030687930530e-01
3.621381069053e+00,9.030988882463e-01
3.621781089054e+00,9.031289795023e-01
3.622181109055e+00,9.031590667785e-01
3.622581129056e+00,9.031891500318e-01
3.622981149057e+00,9.032192292182e-01
3.623381169058e+00,9.032493042929e-01
3.623781189059e+00,9.032793752104e-01
3.624181209060e+00,9.033094419245e-01
3.624581229061e+00,9.033395043882e-01
3.624981249062e+00,9.033695625537e-01
3.625381269063e+00,9.033996163726e-01
3.625781289064e+00,9.034296657959e-01
3.626181309065e+00,9.034597107737e-01
3.626581329066e+00,9.034897512555e-01
3.626981349067e+00,9.035197871904e-01
3.627381369068e+00,9.035498185266e-01
3.627781389069e+00,9.035798452117e-01
3.628181409070e+00,9.036098671929e-01
3.628581429071e+00,9.036398844167e-01
3.628981449072e+00,9.036698968290e-01
3.629381469073e+00,9.036999043752e-01
3.629781489074e+00,9.037299070002e-01
3.630181509075e+00,9.037599046484e-01
3.630581529076e+00,9.037898972637e-01
3.630981549077e+00,9.038198847894e-01
3.631381569078e+00,9.038498671685e-01
3.631781589079e+00,9.038798443435e-01
3.632181609080e+00,9.039098162564e-01
3.632581629081e+00,9.039397828490e-01
3.632981649082e+00,9.039697440626e-01
3.633381669083e+00,9.039996998379e-01
3.633781689084e+00,9.040296501157e-01
3.634181709085e+00,9.040595948361e-01
3.634581729086e+00,9.040895339391e-01
3.634981749087e+00,9.041194673641e-01
3.635381769088e+00,9.041493950506e-01
3.635781789089e+00,9.041793169376e-01
3.636181809090e+00,9.042092329638e-01
3.636581829091e+00,9.042391430678e-01
3.636981849092e+00,9.042690471882e-01
3.637381869093e+00,9.042989452630e-01
3.637781889094e+00,9.043288372302e-01
3.638181909095e+00,9.043587230279e-01
3.638581929096e+00,9.043886025936e-01
3.638981949097e+00,9.044184758650e-01
3.639381969098e+00,9.044483427797e-01
3.639781989099e+00,9.044782032751e-01
3.640182009100e+00,9.045080572885e-01
3.640582029101e+00,9.045379047575e-01
3.640982049102e+00,9.045677456192e-01
3.641382069103e+00,9.045975798111e-01
3.641782089104e+00,9.046274072704e-01
3.642182109105e+00,9.046572279346e-01
3.642582129106e+00,9.046870417410e-01
3.642982149107e+00,9.047168486271e-01
3.643382169108e+00,9.047466485306e-01
3.643782189109e+00,9.047764413891e-01
3.644182209110e+00,9.048062271404e-01
3.644582229111e+00,9.048360057225e-01
3.644982249112e+00,9.048657770735e-01
3.645382269113e+00,9.048955411317e-01
3.645782289114e+00,9.049252978355e-01
3.646182309115e+00,9.049550471237e-01
3.646582329116e+00,9.049847889353e-01
3.646982349117e+00,9.050145232095e-01
3.647382369118e+00,9.050442498856e-01
3.647782389119e+00,9.050739689035e-01
3.648182409120e+00,9.051036802033e-01
3.648582429121e+00,9.051333837253e-01
3.648982449122e+00,9.051630794103e-01
3.649382469123e+00,9.051927671994e-01
3.649782489124e+00,9.052224470340e-01
3.650182509125e+00,9.052521188559e-01
3.650582529126e+00,9.052817826075e-01
3.650982549127e+00,9.053114382314e-01
3.651382569128e+00,9.053410856707e-01
3.651782589129e+00,9.053707248690e-01
3.652182609130e+00,9.054003557702e-01
3.652582629131e+00,9.054299783188e-01
3.652982649132e+00,9.054595924599e-01
3.653382669133e+00,9.054891981389e-01
3.653782689134e+00,9.055187953017e-01
3.654182709135e+00,9.055483838952e-01
3.654582729136e+00,9.055779638665e-01
3.654982749137e+00,9.056075351633e-01
3.655382769138e+00,9.056370977341e-01
3.655782789139e+00,9.056666515277e-01
3.656182809140e+00,9.056961964939e-01
3.656582829141e+00,9.057257325827e-01
3.656982849142e+00,9.057552597452e-01
3.657382869143e+00,9.057847779327e-01
3.657782889144e+00,9.058142870976e-01
3.658182909145e+00,9.058437871927e-01
3.658582929146e+00,9.058732781717e-01
3.658982949147e+00,9.059027599889e-01
3.659382969148e+00,9.059322325993e-01
3.659782989149e+00,9.059616959587e-01
3.660183009150e+00,9.059911500236e-01
3.660583029151e+00,9.060205947515e-01
3.660983049152e+00,9.060500301003e-01
3.661383069153e+00,9.060794560289e-01
3.661783089154e+00,9.061088724971e-01
3.662183109155e+00,9.061382794652e-01
3.662583129156e+00,9.061676768947e-01
3.662983149157e+00,9.061970647476e-01
3.663383169158e+00,9.062264429870e-01
3.663783189159e+00,9.062558115767e-01
3.664183209160e+00,9.062851704814e-01
3.664583229161e+00,9.063145196668e-01
3.664983249162e+00,9.063438590992e-01
3.665383269163e+00,9.063731887461e-01
3.665783289164e+00,9.064025085758e-01
3.666183309165e+00,9.064318185573e-01
3.666583329166e+00,9.064611186609e-01
3.666983349167e+00,9.064904088574e-01
3.667383369168e+00,9.065196891189e-01
3.667783389169e+00,9.065489594183e-01
3.668183409170e+00,9.065782197292e-01
3.668583429171e+00,9.066074700265e-01
3.668983449172e+00,9.066367102858e-01
3.669383469173e+00,9.066659404837e-01
3.669783489174e+00,9.066951605979e-01
3.670183509175e+00,9.067243706069e-01
3.670583529176e+00,9.067535704904e-01
3.670983549177e+00,9.067827602291e-01
3.671383569178e+00,9.068119398046e-01
3.671783589179e+00,9.068411091994e-01
3.672183609180e+00,9.068702683970e-01
3.672583629181e+00,9.068994173821e-01
3.672983649182e+00,9.069285561403e-01
3.673383669183e+00,9.069576846581e-01
3.673783689184e+00,9.069868029232e-01
3.674183709185e+00,9.070159109241e-01
3.674583729186e+00,9.070450086506e-01
3.674983749187e+00,9.070740960931e-01
3.675383769188e+00,9.071031732435e-01
3.675783789189e+00,9.071322400944e-01
3.676183809190e+00,9.071612966396e-01
3.676583829191e+00,9.071903428737e-01
3.676983849192e+00,9.072193787925e-01
3.677383869193e+00,9.072484043928e-01
3.677783889194e+00,9.072774196725e-01
3.678183909195e+00,9.073064246304e-01
3.678583929196e+00,9.073354192663e-01
3.678983949197e+00,9.073644035811e-01
3.679383969198e+00,9.073933775768e-01
3.679783989199e+00,9.074223412563e-01
3.680184009200e+00,9.074512946235e-01
3.680584029201e+00,9.074802376834e-01
3.680984049202e+00,9.075091704420e-01
3.681384069203e+00,9.075380929064e-01
3.681784089204e+00,9.075670050844e-01
3.682184109205e+00,9.075959069851e-01
3.682584129206e+00,9.076247986185e-01
3.682984149207e+00,9.076536799955e-01
3.683384169208e+00,9.076825511281e-01
3.683784189209e+00,9.077114120294e-01
3.684184209210e+00,9.077402627132e-01
3.684584229211e+00,9.077691031945e-01
3.684984249212e+00,9.077979334893e-01
3.685384269213e+00,9.078267536145e-01
3.685784289214e+00,9.078555635878e-01
3.686184309215e+00,9.078843634282e-01
3.686584329216e+00,9.079131531553e-01
3.686984349217e+00,9.079419327899e-01
3.687384369218e+00,9.079707023536e-01
3.687784389219e+00,9.079994618689e-01
3.688184409220e+00,9.080282113594e-01
3.688584429221e+00,9.080569508495e-01
3.688984449222e+00,9.080856803645e-01
3.689384469223e+00,9.081143999305e-01
3.689784489224e+00,9.081431095748e-01
3.690184509225e+00,9.081718093251e-01
3.690584529226e+00,9.082004992105e-01
3.690984549227e+00,9.082291792607e-01
3.691384569228e+00,9.082578495061e-01
3.691784589229e+00,9.082865099783e-01
3.692184609230e+00,9.083151607094e-01
3.692584629231e+00,9.083438017327e-01
3.692984649232e+00,9.083724330819e-01
3.693384669233e+00,9.084010547918e-01
3.693784689234e+00,9.084296668980e-01
3.694184709235e+00,9.084582694366e-01
3.694584729236e+00,9.084868624447e-01
3.694984749237e+00,9.085154459602e-01
3.695384769238e+00,9.085440200217e-01
3.695784789239e+00,9.085725846683e-01
3.696184809240e+00,9.086011399402e-01
3.696584829241e+00,9.086296858781e-01
3.696984849242e+00,9.086582225233e-01
3.697384869243e+00,9.086867499180e-01
3.697784889244e+00,9.087152681050e-01
3.698184909245e+00,9.087437771279e-01
3.698584929246e+00,9.087722770306e-01
3.698984949247e+00,9.088007678580e-01
3.699384969248e+00,9.088292496555e-01
3.699784989249e+00,9.088577224690e-01
3.700185009250e+00,9.088861863451e-01
3.700585029251e+00,9.089146413310e-01
3.700985049252e+00,9.089430874744e-01
3.701385069253e+00,9.089715248238e-01
3.701785089254e+00,9.089999534278e-01
3.702185109255e+00,9.090283733359e-01
3.702585129256e+00,9.090567845979e-01
3.702985149257e+00,9.090851872642e-01
3.703385169258e+00,9.091135813856e-01
3.703785189259e+00,9.091419670135e-01
3.704185209260e+00,9.091703441996e-01
3.704585229261e+00,9.091987129961e-01
3.704985249262e+00,9.092270734556e-01
3.705385269263e+00,9.092554256311e-01
3.705785289264e+00,9.092837695761e-01
3.706185309265e+00,9.093121053444e-01
3.706585329266e+00,9.093404329901e-01
3.706985349267e+00,9.093687525677e-01
3.707385369268e+00,9.093970641320e-01
3.707785389269e+00,9.094253677383e-01
3.708185409270e+00,9.094536634419e-01
3.708585429271e+00,9.094819512986e-01
3.708985449272e+00,9.095102313644e-01
3.709385469273e+00,9.095385036956e-01
3.709785489274e+00,9.095667683487e-01
3.710185509275e+00,9.095950253803e-01
3.710585529276e+00,9.096232748474e-01
3.710985549277e+00,9.096515168072e-01
3.711385569278e+00,9.096797513168e-01
3.711785589279e+00,9.097079784337e-01
3.712185609280e+00,9.097361982154e-01
3.712585629281e+00,9.097644107196e-01
3.712985649282e+00,9.097926160039e-01
3.713385669283e+00,9.098208141264e-01
3.713785689284e+00,9.098490051447e-01
3.714185709285e+00,9.098771891167e-01
3.714585729286e+00,9.099053661005e-01
3.714985749287e+00,9.099335361537e-01
3.715385769288e+00,9.099616993348e-01
3.715785789289e+00,9.099898557017e-01
3.716185809290e+00,9.100180053124e-01
3.716585829291e+00,9.100461482249e-01
3.716985849292e+00,9.100742844970e-01
3.717385869293e+00,9.101024141866e-01
3.717785889294e+00,9.101305373513e-01
3.718185909295e+00,9.101586540487e-01
3.718585929296e+00,9.101867643363e-01
3.718985949297e+00,9.102148682715e-01
3.719385969298e+00,9.102429659114e-01
3.719785989299e+00,9.102710573130e-01
3.720186009300e+00,9.102991425332e-01
3.720586029301e+00,9.103272216284e-01
3.720986049302e+00,9.103552946552e-01
3.721386069303e+00,9.103833616696e-01
3.721786089304e+00,9.104114227276e-01
3.722186109305e+00,9.104394778847e-01
3.722586129306e+00,9.104675271963e-01
3.722986149307e+00,9.104955707175e-01
3.723386169308e+00,9.105236085029e-01
3.723786189309e+00,9.105516406069e-01
3.724186209310e+00,9.105796670837e-01
3.724586229311e+00,9.106076879868e-01
3.724986249312e+00,9.106357033697e-01
3.725386269313e+00,9.106637132853e-01
3.725786289314e+00,9.106917177861e-01
3.726186309315e+00,9.107197169243e-01
3.726586329316e+00,9.107477107515e-01
3.726986349317e+00,9.107756993190e-01
3.727386369318e+00,9.108036826777e-01
3.727786389319e+00,9.108316608778e-01
3.728186409320e+00,9.108596339692e-01
3.728586429321e+00,9.108876020013e-01
3.728986449322e+00,9.109155650229e-01
3.729386469323e+00,9.109435230822e-01
3.729786489324e+00,9.109714762272e-01
3.730186509325e+00,9.109994245049e-01
3.730586529326e+00,9.110273679621e-01
3.730986549327e+00,9.110553066448e-01
3.731386569328e+00,9.110832405984e-01
3.731786589329e+00,9.111111698679e-01
3.732186609330e+00,9.111390944974e-01
3.732586629331e+00,9.111670145305e-01
3.732986649332e+00,9.111949300103e-01
3.733386669333e+00,9.112228409792e-01
3.733786689334e+00,9.112507474789e-01
3.734186709335e+00,9.112786495504e-01
3.734586729336e+00,9.113065472342e-01
3.734986749337e+00,9.113344405698e-01
3.735386769338e+00,9.113623295963e-01
3.735786789339e+00,9.113902143519e-01
3.736186809340e+00,9.114180948741e-01
3.736586829341e+00,9.114459711998e-01
3.736986849342e+00,9.114738433650e-01
3.737386869343e+00,9.115017114051e-01
3.737786889344e+00,9.115295753546e-01
3.738186909345e+00,9.115574352472e-01
3.738586929346e+00,9.115852911161e-01
3.738986949347e+00,9.116131429934e-01
3.739386969348e+00,9.116409909107e-01
3.739786989349e+00,9.116688348984e-01
3.740187009350e+00,9.116966749865e-01
3.740587029351e+00,9.117245112040e-01
3.740987049352e+00,9.117523435791e-01
3.741387069353e+00,9.117801721391e-01
3.741787089354e+00,9.118079969107e-01
3.742187109355e+00,9.118358179194e-01
3.742587129356e+00,9.118636351901e-01
3.742987149357e+00,9.118914487468e-01
3.743387169358e+00,9.119192586127e-01
3.743787189359e+00,9.119470648099e-01
3.744187209360e+00,9.119748673600e-01
3.744587229361e+00,9.120026662833e-01
3.744987249362e+00,9.120304615997e-01
3.745387269363e+00,9.120582533277e-01
3.745787289364e+00,9.120860414853e-01
3.746187309365e+00,9.121138260894e-01
3.746587329366e+00,9.121416071561e-01
3.746987349367e+00,9.121693847006e-01
3.747387369368e+00,9.121971587372e-01
3.747787389369e+00,9.122249292791e-01
3.748187409370e+00,9.122526963389e-01
3.748587429371e+00,9.122804599281e-01
3.748987449372e+00,9.123082200572e-01
3.749387469373e+00,9.123359767361e-01
3.749787489374e+00,9.123637299734e-01
3.750187509375e+00,9.123914797771e-01
3.750587529376e+00,9.124192261541e-01
3.750987549377e+00,9.124469691105e-01
3.751387569378e+00,9.124747086513e-01
3.751787589379e+00,9.125024447808e-01
3.752187609380e+00,9.125301775021e-01
3.752587629381e+00,9.125579068177e-01
3.752987649382e+00,9.125856327289e-01
3.753387669383e+00,9.126133552363e-01
3.753787689384e+00,9.126410743394e-01
3.754187709385e+00,9.126687900369e-01
3.754587729386e+00,9.126965023266e-01
3.754987749387e+00,9.127242112052e-01
3.755387769388e+00,9.127519166686e-01
3.755787789389e+00,9.127796187119e-01
3.756187809390e+00,9.128073173292e-01
3.756587829391e+00,9.128350125136e-01
3.756987849392e+00,9.128627042575e-01
3.757387869393e+00,9.128903925521e-01
3.757787889394e+00,9.129180773879e-01
3.758187909395e+00,9.129457587547e-01
3.758587929396e+00,9.129734366409e-01
3.758987949397e+00,9.130011110346e-01
3.759387969398e+00,9.130287819225e-01
3.759787989399e+00,9.130564492908e-01
3.760188009400e+00,9.130841131245e-01
3.760588029401e+00,9.131117734082e-01
3.760988049402e+00,9.131394301251e-01
3.761388069403e+00,9.131670832579e-01
3.761788089404e+00,9.131947327883e-01
3.762188109405e+00,9.132223786972e-01
3.762588129406e+00,9.132500209648e-01
3.762988149407e+00,9.132776595702e-01
3.763388169408e+00,9.133052944919e-01
3.763788189409e+00,9.133329257074e-01
3.764188209410e+00,9.133605531935e-01
3.764588229411e+00,9.133881769262e-01
3.764988249412e+00,9.134157968807e-01
3.765388269413e+00,9.134434130314e-01
3.765788289414e+00,9.134710253519e-01
3.766188309415e+00,9.134986338150e-01
3.766588329416e+00,9.135262383928e-01
3.766988349417e+00,9.135538390567e-01
3.767388369418e+00,9.135814357771e-01
3.767788389419e+00,9.136090285241e-01
3.768188409420e+00,9.136366172666e-01
3.768588429421e+00,9.136642019731e-01
3.768988449422e+00,9.136917826113e-01
3.769388469423e+00,9.137193591481e-01
3.769788489424e+00,9.137469315499e-01
3.770188509425e+00,9.137744997822e-01
3.770588529426e+00,9.138020638101e-01
3.770988549427e+00,9.138296235978e-01
3.771388569428e+00,9.138571791090e-01
3.771788589429e+00,9.138847303067e-01
3.772188609430e+00,9.139122771533e-01
3.772588629431e+00,9.139398196106e-01
3.772988649432e+00,9.139673576396e-01
3.773388669433e+00,9.139948912011e-01
3.773788689434e+00,9.140224202550e-01
3.774188709435e+00,9.140499447607e-01
3.774588729436e+00,9.140774646771e-01
3.774988749437e+00,9.141049799625e-01
3.775388769438e+00,9.141324905748e-01
3.775788789439e+00,9.141599964711e-01
3.776188809440e+00,9.141874976082e-01
3.776588829441e+00,9.142149939425e-01
3.776988849442e+00,9.142424854297e-01
3.777388869443e+00,9.142699720251e-01
3.777788889444e+00,9.142974536836e-01
3.778188909445e+00,9.143249303596e-01
3.778588929446e+00,9.143524020071e-01
3.778988949447e+00,9.143798685797e-01
3.779388969448e+00,9.144073300305e-01
3.779788989449e+00,9.144347863123e-01
3.780189009450e+00,9.144622373775e-01
3.780589029451e+00,9.144896831783e-01
3.780989049452e+00,9.145171236661e-01
3.781389069453e+00,9.145445587925e-01
3.781789089454e+00,9.145719885085e-01
3.782189109455e+00,9.145994127647e-01
3.782589129456e+00,9.146268315115e-01
3.782989149457e+00,9.146542446993e-01
3.783389169458e+00,9.146816522777e-01
3.783789189459e+00,9.147090541964e-01
3.784189209460e+00,9.147364504048e-01
3.784589229461e+00,9.147638408521e-01
3.784989249462e+00,9.147912254870e-01
3.785389269463e+00,9.148186042585e-01
3.785789289464e+00,9.148459771150e-01
3.786189309465e+00,9.148733440051e-01
3.786589329466e+00,9.149007048769e-01
3.786989349467e+00,9.149280596787e-01
3.787389369468e+00,9.149554083583e-01
3.787789389469e+00,9.149827508637e-01
3.788189409470e+00,9.150100871426e-01
3.788589429471e+00,9.150374171428e-01
3.788989449472e+00,9.150647408119e-01
3.789389469473e+00,9.150920580976e-01
3.789789489474e+00,9.151193689474e-01
3.790189509475e+00,9.151466733088e-01
3.790589529476e+00,9.151739711294e-01
3.790989549477e+00,9.152012623567e-01
3.791389569478e+00,9.152285469383e-01
3.791789589479e+00,9.152558248217e-01
3.792189609480e+00,9.152830959547e-01
3.792589629481e+00,9.153103602849e-01
3.792989649482e+00,9.153376177600e-01
3.793389669483e+00,9.153648683281e-01
3.793789689484e+00,9.153921119370e-01
3.794189709485e+00,9.154193485349e-01
3.794589729486e+00,9.154465780700e-01
3.794989749487e+00,9.154738004908e-01
3.795389769488e+00,9.155010157458e-01
3.795789789489e+00,9.155282237837e-01
3.796189809490e+00,9.155554245535e-01
3.796589829491e+00,9.155826180043e-01
3.796989849492e+00,9.156098040856e-01
3.797389869493e+00,9.156369827469e-01
3.797789889494e+00,9.156641539381e-01
3.798189909495e+00,9.156913176093e-01
3.798589929496e+00,9.157184737110e-01
3.798989949497e+00,9.157456221938e-01
3.799389969498e+00,9.157727630086e-01
3.799789989499e+00,9.157998961069e-01
3.800190009500e+00,9.158270214403e-01
3.800590029501e+00,9.158541389607e-01
3.800990049502e+00,9.158812486204e-01
3.801390069503e+00,9.159083503721e-01
3.801790089504e+00,9.159354441688e-01
3.802190109505e+00,9.159625299641e-01
3.802590129506e+00,9.159896077115e-01
3.802990149507e+00,9.160166773655e-01
3.803390169508e+00,9.160437388806e-01
3.803790189509e+00,9.160707922120e-01
3.804190209510e+00,9.160978373154e-01
3.804590229511e+00,9.161248741469e-01
3.804990249512e+00,9.161519026629e-01
3.805390269513e+00,9.161789228205e-01
3.805790289514e+00,9.162059345773e-01
3.806190309515e+00,9.162329378912e-01
3.806590329516e+00,9.162599327208e-01
3.806990349517e+00,9.162869190252e-01
3.807390369518e+00,9.163138967640e-01
3.807790389519e+00,9.163408658974e-01
3.808190409520e+00,9.163678263862e-01
3.808590429521e+00,9.163947781916e-01
3.808990449522e+00,9.164217212756e-01
3.809390469523e+00,9.164486556006e-01
3.809790489524e+00,9.164755811298e-01
3.810190509525e+00,9.165024978268e-01
3.810590529526e+00,9.165294056559e-01
3.810990549527e+00,9.165563045822e-01
3.811390569528e+00,9.165831945712e-01
3.811790589529e+00,9.166100755891e-01
3.812190609530e+00,9.166369476029e-01
3.812590629531e+00,9.166638105801e-01
3.812990649532e+00,9.166906644891e-01
3.813390669533e+00,9.167175092986e-01
3.813790689534e+00,9.167443449784e-01
3.814190709535e+00,9.167711714988e-01
3.814590729536e+00,9.167979888308e-01
3.814990749537e+00,9.168247969462e-01
3.815390769538e+00,9.168515958174e-01
3.815790789539e+00,9.168783854177e-01
3.816190809540e+00,9.169051657211e-01
3.816590829541e+00,9.169319367021e-01
3.816990849542e+00,9.169586983363e-01
3.817390869543e+00,9.169854505998e-01
3.817790889544e+00,9.170121934695e-01
3.818190909545e+00,9.170389269232e-01
3.818590929546e+00,9.170656509392e-01
3.818990949547e+00,9.170923654969e-01
3.819390969548e+00,9.171190705760e-01
3.819790989549e+00,9.171457661575e-01
3.820191009550e+00,9.171724522227e-01
3.820591029551e+00,9.171991287542e-01
3.820991049552e+00,9.172257957351e-01
3.821391069553e+00,9.172524531496e-01
3.821791089554e+00,9.172791009823e-01
3.822191109555e+00,9.173057392189e-01
3.822591129556e+00,9.173323678457e-01
3.822991149557e+00,9.173589868501e-01
3.823391169558e+00,9.173855962200e-01
3.823791189559e+00,9.174121959443e-01
3.824191209560e+00,9.174387860127e-01
3.824591229561e+00,9.174653664157e-01
3.824991249562e+00,9.174919371446e-01
3.825391269563e+00,9.175184981917e-01
3.825791289564e+00,9.175450495498e-01
3.826191309565e+00,9.175715912129e-01
3.826591329566e+00,9.175981231755e-01
3.826991349567e+00,9.176246454332e-01
3.827391369568e+00,9.176511579823e-01
3.827791389569e+00,9.176776608199e-01
3.828191409570e+00,9.177041539441e-01
3.828591429571e+00,9.177306373537e-01
3.828991449572e+00,9.177571110483e-01
3.829391469573e+00,9.177835750284e-01
3.829791489574e+00,9.178100292954e-01
3.830191509575e+00,9.178364738515e-01
3.830591529576e+00,9.178629086996e-01
3.830991549577e+00,9.178893338435e-01
3.831391569578e+00,9.179157492880e-01
3.831791589579e+00,9.179421550385e-01
3.832191609580e+00,9.179685511013e-01
3.832591629581e+00,9.179949374834e-01
3.832991649582e+00,9.180213141929e-01
3.833391669583e+00,9.180476812384e-01
3.833791689584e+00,9.180740386295e-01
3.834191709585e+00,9.181003863766e-01
3.834591729586e+00,9.181267244908e-01
3.834991749587e+00,9.181530529841e-01
3.835391769588e+00,9.181793718694e-01
3.835791789589e+00,9.182056811602e-01
3.836191809590e+00,9.182319808708e-01
3.836591829591e+00,9.182582710164e-01
3.836991849592e+00,9.182845516129e-01
3.837391869593e+00,9.183108226771e-01
3.837791889594e+00,9.183370842264e-01
3.838191909595e+00,9.183633362791e-01
3.838591929596e+00,9.183895788541e-01
3.838991949597e+00,9.184158119712e-01
3.839391969598e+00,9.184420356510e-01
3.839791989599e+00,9.184682499146e-01
3.840192009600e+00,9.184944547840e-01
3.840592029601e+00,9.185206502820e-01
3.840992049602e+00,9.185468364320e-01
3.841392069603e+00,9.185730132581e-01
3.841792089604e+00,9.185991807853e-01
3.842192109605e+00,9.186253390390e-01
3.842592129606e+00,9.186514880456e-01
3.842992149607e+00,9.186776278320e-01
3.843392169608e+00,9.187037584258e-01
3.843792189609e+00,9.187298798554e-01
3.844192209610e+00,9.187559921497e-01
3.844592229611e+00,9.187820953384e-01
3.844992249612e+00,9.188081894517e-01
3.845392269613e+00,9.188342745205e-01
3.845792289614e+00,9.188603505765e-01
3.846192309615e+00,9.188864176517e-01
3.846592329616e+00,9.189124757789e-01
3.846992349617e+00,9.189385249915e-01
3.847392369618e+00,9.189645653235e-01
3.847792389619e+00,9.189905968093e-01
3.848192409620e+00,9.190166194842e-01
3.848592429621e+00,9.190426333839e-01
3.848992449622e+00,9.190686385445e-01
3.849392469623e+00,9.190946350030e-01
3.849792489624e+00,9.191206227965e-01
3.850192509625e+00,9.191466019630e-01
3.850592529626e+00,9.191725725409e-01
3.850992549627e+00,9.191985345691e-01
3.851392569628e+00,9.192244880868e-01
3.851792589629e+00,9.192504331341e-01
3.852192609630e+00,9.192763697511e-01
3.852592629631e+00,9.193022979788e-01
3.852992649632e+00,9.193282178583e-01
3.853392669633e+00,9.193541294313e-01
3.853792689634e+00,9.193800327400e-01
3.854192709635e+00,9.194059278267e-01
3.854592729636e+00,9.194318147345e-01
3.854992749637e+00,9.194576935067e-01
3.855392769638e+00,9.194835641868e-01
3.855792789639e+00,9.195094268190e-01
3.856192809640e+00,9.195352814476e-01
3.856592829641e+00,9.195611281175e-01
3.856992849642e+00,9.195869668737e-01
3.857392869643e+00,9.196127977615e-01
3.857792889644e+00,9.196386208268e-01
3.858192909645e+00,9.196644361156e-01
3.858592929646e+00,9.196902436741e-01
3.858992949647e+00,9.197160435489e-01
3.859392969648e+00,9.197418357869e-01
3.859792989649e+00,9.197676204351e-01
3.860193009650e+00,9.197933975410e-01
3.860593029651e+00,9.198191671520e-01
3.860993049652e+00,9.198449293159e-01
3.861393069653e+00,9.198706840807e-01
3.861793089654e+00,9.198964314945e-01
3.862193109655e+00,9.199221716057e-01
3.862593129656e+00,9.199479044627e-01
3.862993149657e+00,9.199736301142e-01
3.863393169658e+00,9.199993486089e-01
3.863793189659e+00,9.200250599956e-01
3.864193209660e+00,9.200507643234e-01
3.864593229661e+00,9.200764616412e-01
3.864993249662e+00,9.201021519981e-01
3.865393269663e+00,9.201278354433e-01
3.865793289664e+00,9.201535120259e-01
3.866193309665e+00,9.201791817951e-01
3.866593329666e+00,9.202048448002e-01
3.866993349667e+00,9.202305010908e-01
3.867393369668e+00,9.202561507161e-01
3.867793389669e+00,9.202817937255e-01
3.868193409670e+00,9.203074301684e-01
3.868593429671e+00,9.203330600940e-01
3.868993449672e+00,9.203586835516e-01
3.869393469673e+00,9.203843005902e-01
3.869793489674e+00,9.204099112591e-01
3.870193509675e+00,9.204355156072e-01
3.870593529676e+00,9.204611136834e-01
3.870993549677e+00,9.204867055365e-01
3.871393569678e+00,9.205122912152e-01
3.871793589679e+00,9.205378707680e-01
3.872193609680e+00,9.205634442434e-01
3.872593629681e+00,9.205890116895e-01
3.872993649682e+00,9.206145731543e-01
3.873393669683e+00,9.206401286858e-01
3.873793689684e+00,9.206656783316e-01
3.874193709685e+00,9.206912221391e-01
3.874593729686e+00,9.207167601555e-01
3.874993749687e+00,9.207422924279e-01
3.875393769688e+00,9.207678190029e-01
3.875793789689e+00,9.207933399271e-01
3.876193809690e+00,9.208188552466e-01
3.876593829691e+00,9.208443650074e-01
3.876993849692e+00,9.208698692551e-01
3.877393869693e+00,9.208953680350e-01
3.877793889694e+00,9.209208613922e-01
3.878193909695e+00,9.209463493713e-01
3.878593929696e+00,9.209718320167e-01
3.878993949697e+00,9.209973093723e-01
3.879393969698e+00,9.210227814819e-01
3.879793989699e+00,9.210482483886e-01
3.880194009700e+00,9.210737101354e-01
3.880594029701e+00,9.210991667648e-01
3.880994049702e+00,9.211246183187e-01
3.881394069703e+00,9.211500648390e-01
3.881794089704e+00,9.211755063668e-01
3.882194109705e+00,9.212009429428e-01
3.882594129706e+00,9.212263746076e-01
3.882994149707e+00,9.212518014008e-01
3.883394169708e+00,9.212772233620e-01
3.883794189709e+00,9.213026405301e-01
3.884194209710e+00,9.213280529434e-01
3.884594229711e+00,9.213534606399e-01
3.884994249712e+00,9.213788636570e-01
3.885394269713e+00,9.214042620315e-01
3.885794289714e+00,9.214296558000e-01
3.886194309715e+00,9.214550449984e-01
3.886594329716e+00,9.214804296620e-01
3.886994349717e+00,9.215058098257e-01
3.887394369718e+00,9.215311855236e-01
3.887794389719e+00,9.215565567894e-01
3.888194409720e+00,9.215819236561e-01
3.888594429721e+00,9.216072861564e-01
3.888994449722e+00,9.216326443221e-01
3.889394469723e+00,9.216579981845e-01
3.889794489724e+00,9.216833477744e-01
3.890194509725e+00,9.217086931218e-01
3.890594529726e+00,9.217340342562e-01
3.890994549727e+00,9.217593712065e-01
3.891394569728e+00,9.217847040009e-01
3.891794589729e+00,9.218100326670e-01
3.892194609730e+00,9.218353572316e-01
3.892594629731e+00,9.218606777212e-01
3.892994649732e+00,9.218859941612e-01
3.893394669733e+00,9.219113065766e-01
3.893794689734e+00,9.219366149918e-01
3.894194709735e+00,9.219619194303e-01
3.894594729736e+00,9.219872199150e-01
3.894994749737e+00,9.220125164682e-01
3.895394769738e+00,9.220378091114e-01
3.895794789739e+00,9.220630978655e-01
3.896194809740e+00,9.220883827506e-01
3.896594829741e+00,9.221136637861e-01
3.896994849742e+00,9.221389409908e-01
3.897394869743e+00,9.221642143828e-01
3.897794889744e+00,9.221894839792e-01
3.898194909745e+00,9.222147497966e-01
3.898594929746e+00,9.222400118510e-01
3.898994949747e+00,9.222652701574e-01
3.899394969748e+00,9.222905247303e-01
3.899794989749e+00,9.223157755833e-01
3.900195009750e+00,9.223410227292e-01
3.900595029751e+00,9.223662661804e-01
3.900995049752e+00,9.223915059481e-01
3.901395069753e+00,9.224167420432e-01
3.901795089754e+00,9.224419744755e-01
3.902195109755e+00,9.224672032542e-01
3.902595129756e+00,9.224924283877e-01
3.902995149757e+00,9.225176498837e-01
3.903395169758e+00,9.225428677492e-01
3.903795189759e+00,9.225680819905e-01
3.904195209760e+00,9.225932926128e-01
3.904595229761e+00,9.226184996209e-01
3.904995249762e+00,9.226437030187e-01
3.905395269763e+00,9.226689028094e-01
3.905795289764e+00,9.226940989954e-01
3.906195309765e+00,9.227192915784e-01
3.906595329766e+00,9.227444805592e-01
3.906995349767e+00,9.227696659380e-01
3.907395369768e+00,9.227948477143e-01
3.907795389769e+00,9.228200258866e-01
3.908195409770e+00,9.228452004528e-01
3.908595429771e+00,9.228703714102e-01
3.908995449772e+00,9.228955387550e-01
3.909395469773e+00,9.229207024831e-01
3.909795489774e+00,9.229458625891e-01
3.910195509775e+00,9.229710190674e-01
3.910595529776e+00,9.229961719114e-01
3.910995549777e+00,9.230213211137e-01
3.911395569778e+00,9.230464666663e-01
3.911795589779e+00,9.230716085605e-01
3.912195609780e+00,9.230967467867e-01
3.912595629781e+00,9.231218813346e-01
3.912995649782e+00,9.231470121935e-01
3.913395669783e+00,9.231721393515e-01
3.913795689784e+00,9.231972627963e-01
3.914195709785e+00,9.232223825149e-01
3.914595729786e+00,9.232474984933e-01
3.914995749787e+00,9.232726107173e-01
3.915395769788e+00,9.232977191714e-01
3.915795789789e+00,9.233228238399e-01
3.916195809790e+00,9.233479247063e-01
3.916595829791e+00,9.233730217531e-01
3.916995849792e+00,9.233981149626e-01
3.917395869793e+00,9.234232043161e-01
3.917795889794e+00,9.234482897944e-01
3.918195909795e+00,9.234733713775e-01
3.918595929796e+00,9.234984490449e-01
3.918995949797e+00,9.235235227752e-01
3.919395969798e+00,9.235485925468e-01
3.919795989799e+00,9.235736583370e-01
3.920196009800e+00,9.235987201227e-01
3.920596029801e+00,9.236237778802e-01
3.920996049802e+00,9.236488315850e-01
3.921396069803e+00,9.236738812122e-01
3.921796089804e+00,9.236989267363e-01
3.922196109805e+00,9.237239681311e-01
3.922596129806e+00,9.237490053698e-01
3.922996149807e+00,9.237740384250e-01
3.923396169808e+00,9.237990672690e-01
3.923796189809e+00,9.238240918731e-01
3.924196209810e+00,9.238491122084e-01
3.924596229811e+00,9.238741282453e-01
3.924996249812e+00,9.238991399537e-01
3.925396269813e+00,9.239241473030e-01
3.925796289814e+00,9.239491502620e-01
3.926196309815e+00,9.239741487991e-01
3.926596329816e+00,9.239991428820e-01
3.926996349817e+00,9.240241324781e-01
3.927396369818e+00,9.240491175543e-01
3.927796389819e+00,9.240740980769e-01
3.928196409820e+00,9.240990740119e-01
3.928596429821e+00,9.241240453246e-01
3.928996449822e+00,9.241490119800e-01
3.929396469823e+00,9.241739739428e-01
3.929796489824e+00,9.241989311769e-01
3.930196509825e+00,9.242238836462e-01
3.930596529826e+00,9.242488313140e-01
3.930996549827e+00,9.242737741430e-01
3.931396569828e+00,9.242987120959e-01
3.931796589829e+00,9.243236451348e-01
3.932196609830e+00,9.243485732213e-01
3.932596629831e+00,9.243734963170e-01
3.932996649832e+00,9.243984143829e-01
3.933396669833e+00,9.244233273797e-01
3.933796689834e+00,9.244482352678e-01
3.934196709835e+00,9.244731380072e-01
3.934596729836e+00,9.244980355578e-01
3.934996749837e+00,9.245229278790e-01
3.935396769838e+00,9.245478149301e-01
3.935796789839e+00,9.245726966699e-01
3.936196809840e+00,9.245975730571e-01
3.936596829841e+00,9.246224440501e-01
3.936996849842e+00,9.246473096071e-01
3.937396869843e+00,9.246721696861e-01
3.937796889844e+00,9.246970242446e-01
3.938196909845e+00,9.247218732403e-01
3.938596929846e+00,9.247467166304e-01
3.938996949847e+00,9.247715543721e-01
3.939396969848e+00,9.247963864222e-01
3.939796989849e+00,9.248212127376e-01
3.940197009850e+00,9.248460332748e-01
3.940597029851e+00,9.248708479905e-01
3.940997049852e+00,9.248956568410e-01
3.941397069853e+00,9.249204597826e-01
3.941797089854e+00,9.249452567713e-01
3.942197109855e+00,9.249700477634e-01
3.942597129856e+00,9.249948327148e-01
3.942997149857e+00,9.250196115814e-01
3.943397169858e+00,9.250443843190e-01
3.943797189859e+00,9.250691508835e-01
3.944197209860e+00,9.250939112307e-01
3.944597229861e+00,9.251186653163e-01
3.944997249862e+00,9.251434130961e-01
3.945397269863e+00,9.251681545257e-01
3.945797289864e+00,9.251928895611e-01
3.946197309865e+00,9.252176181579e-01
3.946597329866e+00,9.252423402719e-01
3.946997349867e+00,9.252670558589e-01
3.947397369868e+00,9.252917648750e-01
3.947797389869e+00,9.253164672761e-01
3.948197409870e+00,9.253411630181e-01
3.948597429871e+00,9.253658520573e-01
3.948997449872e+00,9.253905343499e-01
3.949397469873e+00,9.254152098523e-01
3.949797489874e+00,9.254398785209e-01
3.950197509875e+00,9.254645403124e-01
3.950597529876e+00,9.254891951835e-01
3.950997549877e+00,9.255138430911e-01
3.951397569878e+00,9.255384839925e-01
3.951797589879e+00,9.255631178448e-01
3.952197609880e+00,9.255877446055e-01
3.952597629881e+00,9.256123642323e-01
3.952997649882e+00,9.256369766831e-01
3.953397669883e+00,9.256615819161e-01
3.953797689884e+00,9.256861798895e-01
3.954197709885e+00,9.257107705621e-01
3.954597729886e+00,9.257353538925e-01
3.954997749887e+00,9.257599298401e-01
3.955397769888e+00,9.257844983641e-01
3.955797789889e+00,9.258090594243e-01
3.956197809890e+00,9.258336129806e-01
3.956597829891e+00,9.258581589933e-01
3.956997849892e+00,9.258826974230e-01
3.957397869893e+00,9.259072282305e-01
3.957797889894e+00,9.259317513771e-01
3.958197909895e+00,9.259562668243e-01
3.958597929896e+00,9.259807745341e-01
3.958997949897e+00,9.260052744686e-01
3.959397969898e+00,9.260297665908e-01
3.959797989899e+00,9.260542508636e-01
3.960198009900e+00,9.260787272506e-01
3.960598029901e+00,9.261031957157e-01
3.960998049902e+00,9.261276562231e-01
3.961398069903e+00,9.261521087375e-01
3.961798089904e+00,9.261765532241e-01
3.962198109905e+00,9.262009896485e-01
3.962598129906e+00,9.262254179766e-01
3.962998149907e+00,9.262498381751e-01
3.963398169908e+00,9.262742502107e-01
3.963798189909e+00,9.262986540509e-01
3.964198209910e+00,9.263230496636e-01
3.964598229911e+00,9.263474370171e-01
3.964998249912e+00,9.263718160804e-01
3.965398269913e+00,9.263961868228e-01
3.965798289914e+00,9.264205492142e-01
3.966198309915e+00,9.264449032249e-01
3.966598329916e+00,9.264692488259e-01
3.966998349917e+00,9.264935859886e-01
3.967398369918e+00,9.265179146850e-01
3.967798389919e+00,9.265422348876e-01
3.968198409920e+00,9.265665465695e-01
3.968598429921e+00,9.265908497045e-01
3.968998449922e+00,9.266151442666e-01
3.969398469923e+00,9.266394302306e-01
3.969798489924e+00,9.266637075720e-01
3.970198509925e+00,9.266879762667e-01
3.970598529926e+00,9.267122362912e-01
3.970998549927e+00,9.267364876227e-01
3.971398569928e+00,9.267607302389e-01
3.971798589929e+00,9.267849641182e-01
3.972198609930e+00,9.268091892395e-01
3.972598629931e+00,9.268334055823e-01
3.972998649932e+00,9.268576131270e-01
3.973398669933e+00,9.268818118543e-01
3.973798689934e+00,9.269060017456e-01
3.974198709935e+00,9.269301827831e-01
3.974598729936e+00,9.269543549493e-01
3.974998749937e+00,9.269785182277e-01
3.975398769938e+00,9.270026726022e-01
3.975798789939e+00,9.270268180574e-01
3.976198809940e+00,9.270509545785e-01
3.976598829941e+00,9.270750821514e-01
3.976998849942e+00,9.270992007629e-01
3.977398869943e+00,9.271233104002e-01
3.977798889944e+00,9.271474110513e-01
3.978198909945e+00,9.271715027048e-01
3.978598929946e+00,9.271955853499e-01
3.978998949947e+00,9.272196589767e-01
3.979398969948e+00,9.272437235756e-01
3.979798989949e+00,9.272677791382e-01
3.980199009950e+00,9.272918256562e-01
3.980599029951e+00,9.273158631224e-01
3.980999049952e+00,9.273398915302e-01
3.981399069953e+00,9.273639108735e-01
3.981799089954e+00,9.273879211471e-01
3.982199109955e+00,9.274119223463e-01
3.982599129956e+00,9.274359144673e-01
3.982999149957e+00,9.274598975067e-01
3.983399169958e+00,9.274838714620e-01
3.983799189959e+00,9.275078363314e-01
3.984199209960e+00,9.275317921136e-01
3.984599229961e+00,9.275557388082e-01
3.984999249962e+00,9.275796764153e-01
3.985399269963e+00,9.276036049358e-01
3.985799289964e+00,9.276275243713e-01
3.986199309965e+00,9.276514347241e-01
3.986599329966e+00,9.276753359970e-01
3.986999349967e+00,9.276992281936e-01
3.987399369968e+00,9.277231113184e-01
3.987799389969e+00,9.277469853762e-01
3.988199409970e+00,9.277708503728e-01
3.988599429971e+00,9.277947063145e-01
3.988999449972e+00,9.278185532082e-01
3.989399469973e+00,9.278423910618e-01
3.989799489974e+00,9.278662198835e-01
3.990199509975e+00,9.278900396824e-01
3.990599529976e+00,9.279138504682e-01
3.990999549977e+00,9.279376522513e-01
3.991399569978e+00,9.279614450426e-01
3.991799589979e+00,9.279852288538e-01
3.992199609980e+00,9.280090036972e-01
3.992599629981e+00,9.280327695858e-01
3.992999649982e+00,9.280565265330e-01
3.993399669983e+00,9.280802745530e-01
3.993799689984e+00,9.281040136607e-01
3.994199709985e+00,9.281277438716e-01
3.994599729986e+00,9.281514652019e-01
3.994999749987e+00,9.281751776685e-01
3.995399769988e+00,9.281988812887e-01
3.995799789989e+00,9.282225760805e-01
3.996199809990e+00,9.282462620625e-01
3.996599829991e+00,9.282699392539e-01
3.996999849993e+00,9.282936076747e-01
3.997399869993e+00,9.283172673451e-01
3.997799889994e+00,9.283409182862e-01
3.998199909995e+00,9.283645605196e-01
3.998599929996e+00,9.283881940675e-01
3.998999949998e+00,9.284118189525e-01
3.999399969999e+00,9.284354351981e-01
3.999799990000e+00,9.284590428280e-01
4.000200010001e+00,9.284826418667e-01
4.000600030002e+00,9.285062323392e-01
4.001000050003e+00,9.285298142709e-01
4.001400070004e+00,9.285533876879e-01
4.001800090005e+00,9.285769526168e-01
4.002200110006e+00,9.286005090846e-01
4.002600130006e+00,9.286240571190e-01
4.003000150008e+00,9.286475967481e-01
4.003400170009e+00,9.286711280005e-01
4.003800190010e+00,9.286946509053e-01
4.004200210011e+00,9.287181654921e-01
4.004600230012e+00,9.287416717910e-01
4.005000250013e+00,9.287651698325e-01
4.005400270014e+00,9.287886596477e-01
4.005800290015e+00,9.288121412679e-01
4.006200310016e+00,9.288356147252e-01
4.006600330017e+00,9.288590800519e-01
4.007000350018e+00,9.288825372806e-01
4.007400370019e+00,9.289059864448e-01
4.007800390020e+00,9.289294275778e-01
4.008200410021e+00,9.289528607138e-01
4.008600430022e+00,9.289762858872e-01
4.009000450023e+00,9.289997031326e-01
4.009400470024e+00,9.290231124852e-01
4.009800490025e+00,9.290465139805e-01
4.010200510026e+00,9.290699076545e-01
4.010600530027e+00,9.290932935433e-01
4.011000550028e+00,9.291166716837e-01
4.011400570029e+00,9.291400421125e-01
4.011800590030e+00,9.291634048669e-01
4.012200610031e+00,9.291867599844e-01
4.012600630032e+00,9.292101075031e-01
4.013000650033e+00,9.292334474610e-01
4.013400670034e+00,9.292567798965e-01
4.013800690035e+00,9.292801048484e-01
4.014200710036e+00,9.293034223557e-01
4.014600730037e+00,9.293267324576e-01
4.015000750038e+00,9.293500351936e-01
4.015400770039e+00,9.293733306034e-01
4.015800790040e+00,9.293966187270e-01
4.016200810041e+00,9.294198996046e-01
4.016600830042e+00,9.294431732764e-01
4.017000850043e+00,9.294664397831e-01
4.017400870044e+00,9.294896991654e-01
4.017800890045e+00,9.295129514643e-01
4.018200910046e+00,9.295361967208e-01
4.018600930047e+00,9.295594349762e-01
4.019000950048e+00,9.295826662718e-01
4.019400970049e+00,9.296058906493e-01
4.019800990050e+00,9.296291081502e-01
4.020201010051e+00,9.296523188163e-01
4.020601030052e+00,9.296755226896e-01
4.021001050053e+00,9.296987198120e-01
4.021401070054e+00,9.297219102256e-01
4.021801090055e+00,9.297450939725e-01
4.022201110056e+00,9.297682710949e-01
4.022601130057e+00,9.297914416352e-01
4.023001150058e+00,9.298146056355e-01
4.023401170059e+00,9.298377631384e-01
4.023801190060e+00,9.298609141861e-01
4.024201210061e+00,9.298840588210e-01
4.024601230062e+00,9.299071970856e-01
4.025001250063e+00,9.299303290222e-01
4.025401270064e+00,9.299534546732e-01
4.025801290065e+00,9.299765740809e-01
4.026201310066e+00,9.299996872877e-01
4.026601330067e+00,9.300227943356e-01
4.027001350068e+00,9.300458952670e-01
4.027401370069e+00,9.300689901238e-01
4.027801390070e+00,9.300920789481e-01
4.028201410071e+00,9.301151617818e-01
4.028601430072e+00,9.301382386665e-01
4.029001450073e+00,9.301613096440e-01
4.029401470074e+00,9.301843747559e-01
4.029801490075e+00,9.302074340439e-01
4.030201510076e+00,9.302304875492e-01
4.030601530077e+00,9.302535353130e-01
4.031001550078e+00,9.302765773764e-01
4.031401570079e+00,9.302996137802e-01
4.031801590080e+00,9.303226445650e-01
4.032201610081e+00,9.303456697715e-01
4.032601630082e+00,9.303686894398e-01
4.033001650083e+00,9.303917036101e-01
4.033401670084e+00,9.304147123222e-01
4.033801690085e+00,9.304377156158e-01
4.034201710086e+00,9.304607135302e-01
4.034601730087e+00,9.304837061047e-01
4.035001750088e+00,9.305066933781e-01
4.035401770089e+00,9.305296753891e-01
4.035801790090e+00,9.305526521759e-01
4.036201810091e+00,9.305756237768e-01
4.036601830092e+00,9.305985902295e-01
4.037001850093e+00,9.306215515715e-01
4.037401870094e+00,9.306445078399e-01
4.037801890095e+00,9.306674590716e-01
4.038201910096e+00,9.306904053032e-01
4.038601930097e+00,9.307133465708e-01
4.039001950098e+00,9.307362829103e-01
4.039401970099e+00,9.307592143572e-01
4.039801990100e+00,9.307821409466e-01
4.040202010101e+00,9.308050627134e-01
4.040602030102e+00,9.308279796919e-01
4.041002050103e+00,9.308508919162e-01
4.041402070104e+00,9.308737994199e-01
4.041802090105e+00,9.308967022362e-01
4.042202110106e+00,9.309196003980e-01
4.042602130107e+00,9.309424939376e-01
4.043002150108e+00,9.309653828871e-01
4.043402170109e+00,9.309882672781e-01
4.043802190110e+00,9.310111471416e-01
4.044202210111e+00,9.310340225083e-01
4.044602230112e+00,9.310568934086e-01
4.045002250113e+00,9.310797598720e-01
4.045402270114e+00,9.311026219281e-01
4.045802290115e+00,9.311254796055e-01
4.046202310116e+00,9.311483329326e-01
4.046602330117e+00,9.311711819373e-01
4.047002350118e+00,9.311940266470e-01
4.047402370119e+00,9.312168670884e-01
4.047802390120e+00,9.312397032880e-01
4.048202410121e+00,9.312625352715e-01
4.048602430122e+00,9.312853630645e-01
4.049002450123e+00,9.313081866918e-01
4.049402470124e+00,9.313310061776e-01
4.049802490125e+00,9.313538215458e-01
4.050202510126e+00,9.313766328197e-01
4.050602530127e+00,9.313994400218e-01
4.051002550128e+00,9.314222431745e-01
4.051402570129e+00,9.314450422993e-01
4.051802590130e+00,9.314678374173e-01
4.052202610131e+00,9.314906285490e-01
4.052602630132e+00,9.315134157143e-01
4.053002650133e+00,9.315361989325e-01
4.053402670134e+00,9.315589782226e-01
4.053802690135e+00,9.315817536027e-01
4.054202710136e+00,9.316045250905e-01
4.054602730137e+00,9.316272927030e-01
4.055002750138e+00,9.316500564567e-01
4.055402770139e+00,9.316728163674e-01
4.055802790140e+00,9.316955724506e-01
4.056202810141e+00,9.317183247208e-01
4.056602830142e+00,9.317410731921e-01
4.057002850143e+00,9.317638178782e-01
4.057402870144e+00,9.317865587917e-01
4.057802890145e+00,9.318092959451e-01
4.058202910146e+00,9.318320293499e-01
4.058602930147e+00,9.318547590174e-01
4.059002950148e+00,9.318774849578e-01
4.059402970149e+00,9.319002071811e-01
4.059802990150e+00,9.319229256964e-01
4.060203010151e+00,9.319456405124e-01
4.060603030152e+00,9.319683516370e-01
4.061003050153e+00,9.319910590777e-01
4.061403070154e+00,9.320137628411e-01
4.061803090155e+00,9.320364629333e-01
4.062203110156e+00,9.320591593599e-01
4.062603130157e+00,9.320818521257e-01
4.063003150158e+00,9.321045412350e-01
4.063403170159e+00,9.321272266914e-01
4.063803190160e+00,9.321499084979e-01
4.064203210161e+00,9.321725866567e-01
4.064603230162e+00,9.321952611698e-01
4.065003250163e+00,9.322179320382e-01
4.065403270164e+00,9.322405992623e-01
4.065803290165e+00,9.322632628420e-01
4.066203310166e+00,9.322859227766e-01
4.066603330167e+00,9.323085790647e-01
4.067003350168e+00,9.323312317042e-01
4.067403370169e+00,9.323538806927e-01
4.067803390170e+00,9.323765260268e-01
4.068203410171e+00,9.323991677026e-01
4.068603430172e+00,9.324218057158e-01
4.069003450173e+00,9.324444400612e-01
4.069403470174e+00,9.324670707332e-01
4.069803490175e+00,9.324896977253e-01
4.070203510176e+00,9.325123210308e-01
4.070603530177e+00,9.325349406421e-01
4.071003550178e+00,9.325575565511e-01
4.071403570179e+00,9.325801687491e-01
4.071803590180e+00,9.326027772267e-01
4.072203610181e+00,9.326253819741e-01
4.072603630182e+00,9.326479829807e-01
4.073003650183e+00,9.326705802355e-01
4.073403670184e+00,9.326931737267e-01
4.073803690185e+00,9.327157634422e-01
4.074203710186e+00,9.327383493691e-01
4.074603730187e+00,9.327609314940e-01
4.075003750188e+00,9.327835098029e-01
4.075403770189e+00,9.328060842814e-01
4.075803790190e+00,9.328286549142e-01
4.076203810191e+00,9.328512216857e-01
4.076603830192e+00,9.328737845798e-01
4.077003850193e+00,9.328963435797e-01
4.077403870194e+00,9.329188986680e-01
4.077803890195e+00,9.329414498270e-01
4.078203910196e+00,9.329639970383e-01
4.078603930197e+00,9.329865402830e-01
4.079003950198e+00,9.330090795417e-01
4.079403970199e+00,9.330316147944e-01
4.079803990200e+00,9.330541460207e-01
4.080204010201e+00,9.330766731997e-01
4.080604030202e+00,9.330991963099e-01
4.081004050203e+00,9.331217153293e-01
4.081404070204e+00,9.331442302356e-01
4.081804090205e+00,9.331667410058e-01
4.082204110206e+00,9.331892476165e-01
4.082604130207e+00,9.332117500440e-01
4.083004150208e+00,9.332342482637e-01
4.083404170209e+00,9.332567422510e-01
4.083804190210e+00,9.332792319806e-01
4.084204210211e+00,9.333017174269e-01
4.084604230212e+00,9.333241985636e-01
4.085004250213e+00,9.333466753643e-01
4.085404270214e+00,9.333691478019e-01
4.085804290215e+00,9.333916158491e-01
4.086204310216e+00,9.334140794781e-01
4.086604330217e+00,9.334365386607e-01
4.087004350218e+00,9.334589933682e-01
4.087404370219e+00,9.334814435719e-01
4.087804390220e+00,9.335038892421e-01
4.088204410221e+00,9.335263303493e-01
4.088604430222e+00,9.335487668634e-01
4.089004450223e+00,9.335711987538e-01
4.089404470224e+00,9.335936259898e-01
4.089804490225e+00,9.336160485403e-01
4.090204510226e+00,9.336384663737e-01
4.090604530227e+00,9.336608794584e-01
4.091004550228e+00,9.336832877621e-01
4.091404570229e+00,9.337056912525e-01
4.091804590230e+00,9.337280898968e-01
4.092204610231e+00,9.337504836620e-01
4.092604630232e+00,9.337728725148e-01
4.093004650233e+00,9.337952564217e-01
4.093404670234e+00,9.338176353487e-01
4.093804690235e+00,9.338400092619e-01
4.094204710236e+00,9.338623781269e-01
4.094604730237e+00,9.338847419090e-01
4.095004750238e+00,9.339071005734e-01
4.095404770239e+00,9.339294540852e-01
4.095804790240e+00,9.339518024091e-01
4.096204810241e+00,9.339741455095e-01
4.096604830242e+00,9.339964833510e-01
4.097004850243e+00,9.340188158975e-01
4.097404870244e+00,9.340411431132e-01
4.097804890245e+00,9.340634649617e-01
4.098204910246e+00,9.340857814069e-01
4.098604930247e+00,9.341080924122e-01
4.099004950248e+00,9.341303979409e-01
4.099404970249e+00,9.341526979564e-01
4.099804990250e+00,9.341749924216e-01
4.100205010251e+00,9.341972812998e-01
4.100605030252e+00,9.342195645536e-01
4.101005050253e+00,9.342418421460e-01
4.101405070254e+00,9.342641140396e-01
4.101805090255e+00,9.342863801971e-01
4.102205110256e+00,9.343086405810e-01
4.102605130257e+00,9.343308951538e-01
4.103005150258e+00,9.343531438781e-01
4.103405170259e+00,9.343753867161e-01
4.103805190260e+00,9.343976236303e-01
4.104205210261e+00,9.344198545829e-01
4.104605230262e+00,9.344420795363e-01
4.105005250263e+00,9.344642984529e-01
4.105405270264e+00,9.344865112950e-01
4.105805290265e+00,9.345087180251e-01
4.106205310266e+00,9.345309186055e-01
4.106605330267e+00,9.345531129987e-01
4.107005350268e+00,9.345753011671e-01
4.107405370269e+00,9.345974830732e-01
4.107805390270e+00,9.346196586797e-01
4.108205410271e+00,9.346418279491e-01
4.108605430272e+00,9.346639908443e-01
4.109005450273e+00,9.346861473281e-01
4.109405470274e+00,9.347082973634e-01
4.109805490275e+00,9.347304409132e-01
4.110205510276e+00,9.347525779407e-01
4.110605530277e+00,9.347747084092e-01
4.111005550278e+00,9.347968322820e-01
4.111405570279e+00,9.348189495227e-01
4.111805590280e+00,9.348410600950e-01
4.112205610281e+00,9.348631639627e-01
4.112605630282e+00,9.348852610899e-01
4.113005650283e+00,9.349073514408e-01
4.113405670284e+00,9.349294349797e-01
4.113805690285e+00,9.349515116713e-01
4.114205710286e+00,9.349735814804e-01
4.114605730287e+00,9.349956443718e-01
4.115005750288e+00,9.350177003110e-01
4.115405770289e+00,9.350397492632e-01
4.115805790290e+00,9.350617911942e-01
4.116205810291e+00,9.350838260700e-01
4.116605830292e+00,9.351058538568e-01
4.117005850293e+00,9.351278745209e-01
4.117405870294e+00,9.351498880292e-01
4.117805890295e+00,9.351718943486e-01
4.118205910296e+00,9.351938934465e-01
4.118605930297e+00,9.352158852904e-01
4.119005950298e+00,9.352378698483e-01
4.119405970299e+00,9.352598470883e-01
4.119805990300e+00,9.352818169789e-01
4.120206010301e+00,9.353037794891e-01
4.120606030302e+00,9.353257345879e-01
4.121006050303e+00,9.353476822449e-01
4.121406070304e+00,9.353696224299e-01
4.121806090305e+00,9.353915551131e-01
4.122206110306e+00,9.354134802650e-01
4.122606130307e+00,9.354353978565e-01
4.123006150308e+00,9.354573078589e-01
4.123406170309e+00,9.354792102437e-01
4.123806190310e+00,9.355011049830e-01
4.124206210311e+00,9.355229920495e-01
4.124606230312e+00,9.355448714160e-01
4.125006250313e+00,9.355667430556e-01
4.125406270314e+00,9.355886069422e-01
4.125806290315e+00,9.356104630498e-01
4.126206310316e+00,9.356323113530e-01
4.126606330317e+00,9.356541518266e-01
4.127006350318e+00,9.356759844461e-01
4.127406370319e+00,9.356978091874e-01
4.127806390320e+00,9.357196260266e-01
4.128206410321e+00,9.357414349407e-01
4.128606430322e+00,9.357632359066e-01
4.129006450323e+00,9.357850289022e-01
4.129406470324e+00,9.358068139056e-01
4.129806490325e+00,9.358285908952e-01
4.130206510326e+00,9.358503598503e-01
4.130606530327e+00,9.358721207503e-01
4.131006550328e+00,9.358938735754e-01
4.131406570329e+00,9.359156183060e-01
4.131806590330e+00,9.359373549233e-01
4.132206610331e+00,9.359590834087e-01
4.132606630332e+00,9.359808037443e-01
4.133006650333e+00,9.360025159126e-01
4.133406670334e+00,9.360242198968e-01
4.133806690335e+00,9.360459156804e-01
4.134206710336e+00,9.360676032476e-01
4.134606730337e+00,9.360892825830e-01
4.135006750338e+00,9.361109536718e-01
4.135406770339e+00,9.361326164998e-01
4.135806790340e+00,9.361542710531e-01
4.136206810341e+00,9.361759173185e-01
4.136606830342e+00,9.361975552835e-01
4.137006850343e+00,9.362191849358e-01
4.137406870344e+00,9.362408062640e-01
4.137806890345e+00,9.362624192570e-01
4.138206910346e+00,9.362840239043e-01
4.138606930347e+00,9.363056201961e-01
4.139006950348e+00,9.363272081228e-01
4.139406970349e+00,9.363487876759e-01
4.139806990350e+00,9.363703588469e-01
4.140207010351e+00,9.363919216281e-01
4.140607030352e+00,9.364134760125e-01
4.141007050353e+00,9.364350219933e-01
4.141407070354e+00,9.364565595645e-01
4.141807090355e+00,9.364780887207e-01
4.142207110356e+00,9.364996094572e-01
4.142607130357e+00,9.365211217696e-01
4.143007150358e+00,9.365426256542e-01
4.143407170359e+00,9.365641211079e-01
4.143807190360e+00,9.365856081281e-01
4.144207210361e+00,9.366070867128e-01
4.144607230362e+00,9.366285568605e-01
4.145007250363e+00,9.366500185704e-01
4.145407270364e+00,9.366714718423e-01
4.145807290365e+00,9.366929166764e-01
4.146207310366e+00,9.367143530736e-01
4.146607330367e+00,9.367357810352e-01
4.147007350368e+00,9.367572005634e-01
4.147407370369e+00,9.367786116606e-01
4.147807390370e+00,9.368000143300e-01
4.148207410371e+00,9.368214085753e-01
4.148607430372e+00,9.368427944007e-01
4.149007450373e+00,9.368641718111e-01
4.149407470374e+00,9.368855408119e-01
4.149807490375e+00,9.369069014090e-01
4.150207510376e+00,9.369282536090e-01
4.150607530377e+00,9.369495974189e-01
4.151007550378e+00,9.369709328463e-01
4.151407570379e+00,9.369922598995e-01
4.151807590380e+00,9.370135785872e-01
4.152207610381e+00,9.370348889187e-01
4.152607630382e+00,9.370561909039e-01
4.153007650383e+00,9.370774845531e-01
4.153407670384e+00,9.370987698773e-01
4.153807690385e+00,9.371200468880e-01
4.154207710386e+00,9.371413155972e-01
4.154607730387e+00,9.371625760176e-01
4.155007750388e+00,9.371838281621e-01
4.155407770389e+00,9.372050720445e-01
4.155807790390e+00,9.372263076788e-01
4.156207810391e+00,9.372475350798e-01
4.156607830392e+00,9.372687542627e-01
4.157007850393e+00,9.372899652431e-01
4.157407870394e+00,9.373111680372e-01
4.157807890395e+00,9.373323626618e-01
4.158207910396e+00,9.373535491340e-01
4.158607930397e+00,9.373747274715e-01
4.159007950398e+00,9.373958976924e-01
4.159407970399e+00,9.374170598154e-01
4.159807990400e+00,9.374382138596e-01
4.160208010401e+00,9.374593598448e-01
4.160608030402e+00,9.374804977911e-01
4.161008050403e+00,9.375016277191e-01
4.161408070404e+00,9.375227496499e-01
4.161808090405e+00,9.375438636049e-01
4.162208110406e+00,9.375649696062e-01
4.162608130407e+00,9.375860676762e-01
4.163008150408e+00,9.376071578377e-01
4.163408170409e+00,9.376282401141e-01
4.163808190410e+00,9.376493145292e-01
4.164208210411e+00,9.376703811070e-01
4.164608230412e+00,9.376914398723e-01
4.165008250413e+00,9.377124908500e-01
4.165408270414e+00,9.377335340656e-01
4.165808290415e+00,9.377545695448e-01
4.166208310416e+00,9.377755973139e-01
4.166608330417e+00,9.377966173995e-01
4.167008350418e+00,9.378176298285e-01
4.167408370419e+00,9.378386346284e-01
4.167808390420e+00,9.378596318268e-01
4.168208410421e+00,9.378806214518e-01
4.168608430422e+00,9.379016035320e-01
4.169008450423e+00,9.379225780960e-01
4.169408470424e+00,9.379435451731e-01
4.169808490425e+00,9.379645047927e-01
4.170208510426e+00,9.379854569846e-01
4.170608530427e+00,9.380064017790e-01
4.171008550428e+00,9.380273392064e-01
4.171408570429e+00,9.380482692974e-01
4.171808590430e+00,9.380691920832e-01
4.172208610431e+00,9.380901075952e-01
4.172608630432e+00,9.381110158650e-01
4.173008650433e+00,9.381319169246e-01
4.173408670434e+00,9.381528108062e-01
4.173808690435e+00,9.381736975423e-01
4.174208710436e+00,9.381945771657e-01
4.174608730437e+00,9.382154497094e-01
4.175008750438e+00,9.382363152066e-01
4.175408770439e+00,9.382571736909e-01
4.175808790440e+00,9.382780251960e-01
4.176208810441e+00,9.382988697558e-01
4.176608830442e+00,9.383197074045e-01
4.177008850443e+00,9.383405381765e-01
4.177408870444e+00,9.383613621062e-01
4.177808890445e+00,9.383821792285e-01
4.178208910446e+00,9.384029895782e-01
4.178608930447e+00,9.384237931904e-01
4.179008950448e+00,9.384445901003e-01
4.179408970449e+00,9.384653803432e-01
4.179808990450e+00,9.384861639546e-01
4.180209010451e+00,9.385069409701e-01
4.180609030452e+00,9.385277114252e-01
4.181009050453e+00,9.385484753559e-01
4.181409070454e+00,9.385692327979e-01
4.181809090455e+00,9.385899837876e-01
4.182209110456e+00,9.386107283615e-01
4.182609130457e+00,9.386314665559e-01
4.183009150458e+00,9.386521984072e-01
4.183409170459e+00,9.386729239517e-01
4.183809190460e+00,9.386936432261e-01
4.184209210461e+00,9.387143562670e-01
4.184609230462e+00,9.387350631109e-01
4.185009250463e+00,9.387557637947e-01
4.185409270464e+00,9.387764583549e-01
4.185809290465e+00,9.387971468283e-01
4.186209310466e+00,9.388178292516e-01
4.186609330467e+00,9.388385056617e-01
4.187009350468e+00,9.388591760952e-01
4.187409370469e+00,9.388798405888e-01
4.187809390470e+00,9.389004991794e-01
4.188209410471e+00,9.389211519035e-01
4.188609430472e+00,9.389417987978e-01
4.189009450473e+00,9.389624398988e-01
4.189409470474e+00,9.389830752432e-01
4.189809490475e+00,9.390037048675e-01
4.190209510476e+00,9.390243288079e-01
4.190609530477e+00,9.390449471009e-01
4.191009550478e+00,9.390655597827e-01
4.191409570479e+00,9.390861668894e-01
4.191809590480e+00,9.391067684571e-01
4.192209610481e+00,9.391273645218e-01
4.192609630482e+00,9.391479551193e-01
4.193009650483e+00,9.391685402852e-01
4.193409670484e+00,9.391891200552e-01
4.193809690485e+00,9.392096944646e-01
4.194209710486e+00,9.392302635488e-01
4.194609730487e+00,9.392508273428e-01
4.195009750488e+00,9.392713858816e-01
4.195409770489e+00,9.392919392001e-01
4.195809790490e+00,9.393124873327e-01
4.196209810491e+00,9.393330303140e-01
4.196609830492e+00,9.393535681781e-01
4.197009850493e+00,9.393741009591e-01
4.197409870494e+00,9.393946286906e-01
4.197809890495e+00,9.394151514064e-01
4.198209910496e+00,9.394356691398e-01
4.198609930497e+00,9.394561819237e-01
4.199009950498e+00,9.394766897912e-01
4.199409970499e+00,9.394971927747e-01
4.199809990500e+00,9.395176909067e-01
4.200210010501e+00,9.395381842191e-01
4.200610030502e+00,9.395586727437e-01
4.201010050503e+00,9.395791565121e-01
4.201410070504e+00,9.395996355557e-01
4.201810090505e+00,9.396201099054e-01
4.202210110506e+00,9.396405795919e-01
4.202610130507e+00,9.396610446456e-01
4.203010150508e+00,9.396815050965e-01
4.203410170509e+00,9.397019609744e-01
4.203810190510e+00,9.397224123086e-01
4.204210210511e+00,9.397428591284e-01
4.204610230512e+00,9.397633014623e-01
4.205010250513e+00,9.397837393390e-01
4.205410270514e+00,9.398041727863e-01
4.205810290515e+00,9.398246018320e-01
4.206210310516e+00,9.398450265035e-01
4.206610330517e+00,9.398654468277e-01
4.207010350518e+00,9.398858628313e-01
4.207410370519e+00,9.399062745404e-01
4.207810390520e+00,9.399266819809e-01
4.208210410521e+00,9.399470851783e-01
4.208610430522e+00,9.399674841576e-01
4.209010450523e+00,9.399878789434e-01
4.209410470524e+00,9.400082695601e-01
4.209810490525e+00,9.400286560315e-01
4.210210510526e+00,9.400490383810e-01
4.210610530527e+00,9.400694166315e-01
4.211010550528e+00,9.400897908058e-01
4.211410570529e+00,9.401101609259e-01
4.211810590530e+00,9.401305270136e-01
4.212210610531e+00,9.401508890901e-01
4.212610630532e+00,9.401712471763e-01
4.213010650533e+00,9.401916012926e-01
4.213410670534e+00,9.402119514589e-01
4.213810690535e+00,9.402322976948e-01
4.214210710536e+00,9.402526400193e-01
4.214610730537e+00,9.402729784508e-01
4.215010750538e+00,9.402933130076e-01
4.215410770539e+00,9.403136437073e-01
4.215810790540e+00,9.403339705670e-01
4.216210810541e+00,9.403542936035e-01
4.216610830542e+00,9.403746128328e-01
4.217010850543e+00,9.403949282708e-01
4.217410870544e+00,9.404152399327e-01
4.217810890545e+00,9.404355478331e-01
4.218210910546e+00,9.404558519864e-01
4.218610930547e+00,9.404761524062e-01
4.219010950548e+00,9.404964491058e-01
4.219410970549e+00,9.405167420980e-01
4.219810990550e+00,9.405370313949e-01
4.220211010551e+00,9.405573170083e-01
4.220611030552e+00,9.405775989496e-01
4.221011050553e+00,9.405978772293e-01
4.221411070554e+00,9.406181518578e-01
4.221811090555e+00,9.406384228447e-01
4.222211110556e+00,9.406586901993e-01
4.222611130557e+00,9.406789539302e-01
4.223011150558e+00,9.406992140455e-01
4.223411170559e+00,9.407194705530e-01
4.223811190560e+00,9.407397234596e-01
4.224211210561e+00,9.407599727722e-01
4.224611230562e+00,9.407802184966e-01
4.225011250563e+00,9.408004606385e-01
4.225411270564e+00,9.408206992029e-01
4.225811290565e+00,9.408409341944e-01
4.226211310566e+00,9.408611656168e-01
4.226611330567e+00,9.408813934738e-01
4.227011350568e+00,9.409016177681e-01
4.227411370569e+00,9.409218385023e-01
4.227811390570e+00,9.409420556782e-01
4.228211410571e+00,9.409622692972e-01
4.228611430572e+00,9.409824793602e-01
4.229011450573e+00,9.410026858674e-01
4.229411470574e+00,9.410228888186e-01
4.229811490575e+00,9.410430882132e-01
4.230211510576e+00,9.410632840499e-01
4.230611530577e+00,9.410834763268e-01
4.231011550578e+00,9.411036650418e-01
4.231411570579e+00,9.411238501921e-01
4.231811590580e+00,9.411440317742e-01
4.232211610581e+00,9.411642097845e-01
4.232611630582e+00,9.411843842184e-01
4.233011650583e+00,9.412045550713e-01
4.233411670584e+00,9.412247223376e-01
4.233811690585e+00,9.412448860116e-01
4.234211710586e+00,9.412650460869e-01
4.234611730587e+00,9.412852025564e-01
4.235011750588e+00,9.413053554130e-01
4.235411770589e+00,9.413255046486e-01
4.235811790590e+00,9.413456502549e-01
4.236211810591e+00,9.413657922230e-01
4.236611830592e+00,9.413859305436e-01
4.237011850593e+00,9.414060652066e-01
4.237411870594e+00,9.414261962019e-01
4.237811890595e+00,9.414463235185e-01
4.238211910596e+00,9.414664471451e-01
4.238611930597e+00,9.414865670699e-01
4.239011950598e+00,9.415066832806e-01
4.239411970599e+00,9.415267957645e-01
4.239811990600e+00,9.415469045083e-01
4.240212010601e+00,9.415670094985e-01
4.240612030602e+00,9.415871107208e-01
4.241012050603e+00,9.416072081606e-01
4.241412070604e+00,9.416273018030e-01
4.241812090605e+00,9.416473916323e-01
4.242212110606e+00,9.416674776328e-01
4.242612130607e+00,9.416875597879e-01
4.243012150608e+00,9.417076380809e-01
4.243412170609e+00,9.417277124945e-01
4.243812190610e+00,9.417477830111e-01
4.244212210611e+00,9.417678496126e-01
4.244612230612e+00,9.417879122804e-01
4.245012250613e+00,9.418079709956e-01
4.245412270614e+00,9.418280257389e-01
4.245812290615e+00,9.418480764905e-01
4.246212310616e+00,9.418681232304e-01
4.246612330617e+00,9.418881659379e-01
4.247012350618e+00,9.419082045922e-01
4.247412370619e+00,9.419282391720e-01
4.247812390620e+00,9.419482696555e-01
4.248212410621e+00,9.419682960207e-01
4.248612430622e+00,9.419883182452e-01
4.249012450623e+00,9.420083363063e-01
4.249412470624e+00,9.420283501807e-01
4.249812490625e+00,9.420483598450e-01
4.250212510626e+00,9.420683652754e-01
4.250612530627e+00,9.420883664477e-01
4.251012550628e+00,9.421083633375e-01
4.251412570629e+00,9.421283559198e-01
4.251812590630e+00,9.421483441696e-01
4.252212610631e+00,9.421683280615e-01
4.252612630632e+00,9.421883075696e-01
4.253012650633e+00,9.422082826680e-01
4.253412670634e+00,9.422282533302e-01
4.253812690635e+00,9.422482195297e-01
4.254212710636e+00,9.422681812395e-01
4.254612730637e+00,9.422881384325e-01
4.255012750638e+00,9.423080910811e-01
4.255412770639e+00,9.423280391578e-01
4.255812790640e+00,9.423479826345e-01
4.256212810641e+00,9.423679214831e-01
4.256612830642e+00,9.423878556750e-01
4.257012850643e+00,9.424077851816e-01
4.257412870644e+00,9.424277099739e-01
4.257812890645e+00,9.424476300228e-01
4.258212910646e+00,9.424675452990e-01
4.258612930647e+00,9.424874557729e-01
4.259012950648e+00,9.425073614147e-01
4.259412970649e+00,9.425272621944e-01
4.259812990650e+00,9.425471580819e-01
4.260213010651e+00,9.425670490468e-01
4.260613030652e+00,9.425869350587e-01
4.261013050653e+00,9.426068160870e-01
4.261413070654e+00,9.426266921009e-01
4.261813090655e+00,9.426465630695e-01
4.262213110656e+00,9.426664289616e-01
4.262613130657e+00,9.426862897460e-01
4.263013150658e+00,9.427061453915e-01
4.263413170659e+00,9.427259958664e-01
4.263813190660e+00,9.427458411394e-01
4.264213210661e+00,9.427656811787e-01
4.264613230662e+00,9.427855159525e-01
4.265013250663e+00,9.428053454290e-01
4.265413270664e+00,9.428251695763e-01
4.265813290665e+00,9.428449883623e-01
4.266213310666e+00,9.428648017551e-01
4.266613330667e+00,9.428846097224e-01
4.267013350668e+00,9.429044122320e-01
4.267413370669e+00,9.429242092518e-01
4.267813390670e+00,9.429440007495e-01
4.268213410671e+00,9.429637866928e-01
4.268613430672e+00,9.429835670493e-01
4.269013450673e+00,9.430033417868e-01
4.269413470674e+00,9.430231108729e-01
4.269813490675e+00,9.430428742753e-01
4.270213510676e+00,9.430626319617e-01
4.270613530677e+00,9.430823838998e-01
4.271013550678e+00,9.431021300572e-01
4.271413570679e+00,9.431218704019e-01
4.271813590680e+00,9.431416049015e-01
4.272213610681e+00,9.431613335239e-01
4.272613630682e+00,9.431810562371e-01
4.273013650683e+00,9.432007730090e-01
4.273413670684e+00,9.432204838076e-01
4.273813690685e+00,9.432401886012e-01
4.274213710686e+00,9.432598873578e-01
4.274613730687e+00,9.432795800459e-01
4.275013750688e+00,9.432992666338e-01
4.275413770689e+00,9.433189470901e-01
4.275813790690e+00,9.433386213834e-01
4.276213810691e+00,9.433582894824e-01
4.276613830692e+00,9.433779513562e-01
4.277013850693e+00,9.433976069735e-01
4.277413870694e+00,9.434172563038e-01
4.277813890695e+00,9.434368993162e-01
4.278213910696e+00,9.434565359802e-01
4.278613930697e+00,9.434761662655e-01
4.279013950698e+00,9.434957901418e-01
4.279413970699e+00,9.435154075792e-01
4.279813990700e+00,9.435350185477e-01
4.280214010701e+00,9.435546230176e-01
4.280614030702e+00,9.435742209596e-01
4.281014050703e+00,9.435938123441e-01
4.281414070704e+00,9.436133971423e-01
4.281814090705e+00,9.436329753253e-01
4.282214110706e+00,9.436525468647e-01
4.282614130707e+00,9.436721117321e-01
4.283014150708e+00,9.436916698994e-01
4.283414170709e+00,9.437112213388e-01
4.283814190710e+00,9.437307660225e-01
4.284214210711e+00,9.437503039233e-01
4.284614230712e+00,9.437698350141e-01
4.285014250713e+00,9.437893592681e-01
4.285414270714e+00,9.438088766587e-01
4.285814290715e+00,9.438283871596e-01
4.286214310716e+00,9.438478907450e-01
4.286614330717e+00,9.438673873890e-01
4.287014350718e+00,9.438868770664e-01
4.287414370719e+00,9.439063597521e-01
4.287814390720e+00,9.439258354213e-01
4.288214410721e+00,9.439453040495e-01
4.288614430722e+00,9.439647656126e-01
4.289014450723e+00,9.439842200869e-01
4.289414470724e+00,9.440036674488e-01
4.289814490725e+00,9.440231076752e-01
4.290214510726e+00,9.440425407434e-01
4.290614530727e+00,9.440619666309e-01
4.291014550728e+00,9.440813853156e-01
4.291414570729e+00,9.441007967757e-01
4.291814590730e+00,9.441202009901e-01
4.292214610731e+00,9.441395979376e-01
4.292614630732e+00,9.441589875976e-01
4.293014650733e+00,9.441783699500e-01
4.293414670734e+00,9.441977449749e-01
4.293814690735e+00,9.442171126527e-01
4.294214710736e+00,9.442364729645e-01
4.294614730737e+00,9.442558258917e-01
4.295014750738e+00,9.442751714158e-01
4.295414770739e+00,9.442945095191e-01
4.295814790740e+00,9.443138401841e-01
4.296214810741e+00,9.443331633937e-01
4.296614830742e+00,9.443524791314e-01
4.297014850743e+00,9.443717873809e-01
4.297414870744e+00,9.443910881265e-01
4.297814890745e+00,9.444103813527e-01
4.298214910746e+00,9.444296670446e-01
4.298614930747e+00,9.444489451877e-01
4.299014950748e+00,9.444682157679e-01
4.299414970749e+00,9.444874787715e-01
4.299814990750e+00,9.445067341852e-01
4.300215010751e+00,9.445259819962e-01
4.300615030752e+00,9.445452221923e-01
4.301015050753e+00,9.445644547618e-01
4.301415070754e+00,9.445836796931e-01
4.301815090755e+00,9.446028969754e-01
4.302215110756e+00,9.446221065981e-01
4.302615130757e+00,9.446413085513e-01
4.303015150758e+00,9.446605028253e-01
4.303415170759e+00,9.446796894111e-01
4.303815190760e+00,9.446988683001e-01
4.304215210761e+00,9.447180394840e-01
4.304615230762e+00,9.447372029552e-01
4.305015250763e+00,9.447563587065e-01
4.305415270764e+00,9.447755067311e-01
4.305815290765e+00,9.447946470227e-01
4.306215310766e+00,9.448137795755e-01
4.306615330767e+00,9.448329043842e-01
4.307015350768e+00,9.448520214439e-01
4.307415370769e+00,9.448711307502e-01
4.307815390770e+00,9.448902322993e-01
4.308215410771e+00,9.449093260877e-01
4.308615430772e+00,9.449284121125e-01
4.309015450773e+00,9.449474903712e-01
4.309415470774e+00,9.449665608619e-01
4.309815490775e+00,9.449856235830e-01
4.310215510776e+00,9.450046785335e-01
4.310615530777e+00,9.450237257130e-01
4.311015550778e+00,9.450427651213e-01
4.311415570779e+00,9.450617967589e-01
4.311815590780e+00,9.450808206268e-01
4.312215610781e+00,9.450998367263e-01
4.312615630782e+00,9.451188450594e-01
4.313015650783e+00,9.451378456284e-01
4.313415670784e+00,9.451568384362e-01
4.313815690785e+00,9.451758234861e-01
4.314215710786e+00,9.451948007819e-01
4.314615730787e+00,9.452137703280e-01
4.315015750788e+00,9.452327321291e-01
4.315415770789e+00,9.452516861905e-01
4.315815790790e+00,9.452706325178e-01
4.316215810791e+00,9.452895711174e-01
4.316615830792e+00,9.453085019957e-01
4.317015850793e+00,9.453274251600e-01
4.317415870794e+00,9.453463406177e-01
4.317815890795e+00,9.453652483770e-01
4.318215910796e+00,9.453841484463e-01
4.318615930797e+00,9.454030408345e-01
4.319015950798e+00,9.454219255510e-01
4.319415970799e+00,9.454408026059e-01
4.319815990800e+00,9.454596720094e-01
4.320216010801e+00,9.454785337724e-01
4.320616030802e+00,9.454973879063e-01
4.321016050803e+00,9.455162344225e-01
4.321416070804e+00,9.455350733335e-01
4.321816090805e+00,9.455539046516e-01
4.322216110806e+00,9.455727283901e-01
4.322616130807e+00,9.455915445623e-01
4.323016150808e+00,9.456103531821e-01
4.323416170809e+00,9.456291542639e-01
4.323816190810e+00,9.456479478225e-01
4.324216210811e+00,9.456667338730e-01
4.324616230812e+00,9.456855124311e-01
4.325016250813e+00,9.457042835128e-01
4.325416270814e+00,9.457230471344e-01
4.325816290815e+00,9.457418033129e-01
4.326216310816e+00,9.457605520655e-01
4.326616330817e+00,9.457792934098e-01
4.327016350818e+00,9.457980273639e-01
4.327416370819e+00,9.458167539463e-01
4.327816390820e+00,9.458354731757e-01
4.328216410821e+00,9.458541850714e-01
4.328616430822e+00,9.458728896530e-01
4.329016450823e+00,9.458915869404e-01
4.329416470824e+00,9.459102769540e-01
4.329816490825e+00,9.459289597146e-01
4.330216510826e+00,9.459476352432e-01
4.330616530827e+00,9.459663035612e-01
4.331016550828e+00,9.459849646905e-01
4.331416570829e+00,9.460036186532e-01
4.331816590830e+00,9.460222654718e-01
4.332216610831e+00,9.460409051691e-01
4.332616630832e+00,9.460595377683e-01
4.333016650833e+00,9.460781632928e-01
4.333416670834e+00,9.460967817665e-01
4.333816690835e+00,9.461153932135e-01
4.334216710836e+00,9.461339976582e-01
4.334616730837e+00,9.461525951253e-01
4.335016750838e+00,9.461711856399e-01
4.335416770839e+00,9.461897692273e-01
4.335816790840e+00,9.462083459130e-01
4.336216810841e+00,9.462269157231e-01
4.336616830842e+00,9.462454786837e-01
4.337016850843e+00,9.462640348214e-01
4.337416870844e+00,9.462825841627e-01
4.337816890845e+00,9.463011267348e-01
4.338216910846e+00,9.463196625648e-01
4.338616930847e+00,9.463381916803e-01
4.339016950848e+00,9.463567141090e-01
4.339416970849e+00,9.463752298788e-01
4.339816990850e+00,9.463937390181e-01
4.340217010851e+00,9.464122415553e-01
4.340617030852e+00,9.464307375189e-01
4.341017050853e+00,9.464492269379e-01
4.341417070854e+00,9.464677098414e-01
4.341817090855e+00,9.464861862586e-01
4.342217110856e+00,9.465046562189e-01
4.342617130857e+00,9.465231197521e-01
4.343017150858e+00,9.465415768879e-01
4.343417170859e+00,9.465600276564e-01
4.343817190860e+00,9.465784720877e-01
4.344217210861e+00,9.465969102121e-01
4.344617230862e+00,9.466153420602e-01
4.345017250863e+00,9.466337676624e-01
4.345417270864e+00,9.466521870497e-01
4.345817290865e+00,9.466706002529e-01
4.346217310866e+00,9.466890073030e-01
4.346617330867e+00,9.467074082312e-01
4.347017350868e+00,9.467258030687e-01
4.347417370869e+00,9.467441918470e-01
4.347817390870e+00,9.467625745974e-01
4.348217410871e+00,9.467809513516e-01
4.348617430872e+00,9.467993221413e-01
4.349017450873e+00,9.468176869981e-01
4.349417470874e+00,9.468360459540e-01
4.349817490875e+00,9.468543990407e-01
4.350217510876e+00,9.468727462902e-01
4.350617530877e+00,9.468910877346e-01
4.351017550878e+00,9.469094234059e-01
4.351417570879e+00,9.469277533362e-01
4.351817590880e+00,9.469460775575e-01
4.352217610881e+00,9.469643961021e-01
4.352617630882e+00,9.469827090021e-01
4.353017650883e+00,9.470010162897e-01
4.353417670884e+00,9.470193179970e-01
4.353817690885e+00,9.470376141562e-01
4.354217710886e+00,9.470559047995e-01
4.354617730887e+00,9.470741899589e-01
4.355017750888e+00,9.470924696665e-01
4.355417770889e+00,9.471107439543e-01
4.355817790890e+00,9.471290128544e-01
4.356217810891e+00,9.471472763986e-01
4.356617830892e+00,9.471655346189e-01
4.357017850893e+00,9.471837875472e-01
4.357417870894e+00,9.472020352154e-01
4.357817890895e+00,9.472202776554e-01
4.358217910896e+00,9.472385148987e-01
4.358617930897e+00,9.472567469769e-01
4.359017950898e+00,9.472749739216e-01
4.359417970899e+00,9.472931957641e-01
4.359817990900e+00,9.473114125358e-01
4.360218010901e+00,9.473296242678e-01
4.360618030902e+00,9.473478309913e-01
4.361018050903e+00,9.473660327371e-01
4.361418070904e+00,9.473842295360e-01
4.361818090905e+00,9.474024214188e-01
4.362218110906e+00,9.474206084160e-01
4.362618130907e+00,9.474387905580e-01
4.363018150908e+00,9.474569678750e-01
4.363418170909e+00,9.474751403970e-01
4.363818190910e+00,9.474933081539e-01
4.364218210911e+00,9.475114711756e-01
4.364618230912e+00,9.475296294914e-01
4.365018250913e+00,9.475477831307e-01
4.365418270914e+00,9.475659321228e-01
4.365818290915e+00,9.475840764964e-01
4.366218310916e+00,9.476022162805e-01
4.366618330917e+00,9.476203515035e-01
4.367018350918e+00,9.476384821937e-01
4.367418370919e+00,9.476566083793e-01
4.367818390920e+00,9.476747300880e-01
4.368218410921e+00,9.476928473476e-01
4.368618430922e+00,9.477109601854e-01
4.369018450923e+00,9.477290686286e-01
4.369418470924e+00,9.477471727040e-01
4.369818490925e+00,9.477652724384e-01
4.370218510926e+00,9.477833678580e-01
4.370618530927e+00,9.478014589891e-01
4.371018550928e+00,9.478195458574e-01
4.371418570929e+00,9.478376284884e-01
4.371818590930e+00,9.478557069076e-01
4.372218610931e+00,9.478737811398e-01
4.372618630932e+00,9.478918512098e-01
4.373018650933e+00,9.479099171420e-01
4.373418670934e+00,9.479279789604e-01
4.373818690935e+00,9.479460366889e-01
4.374218710936e+00,9.479640903508e-01
4.374618730937e+00,9.479821399694e-01
4.375018750938e+00,9.480001855674e-01
4.375418770939e+00,9.480182271674e-01
4.375818790940e+00,9.480362647914e-01
4.376218810941e+00,9.480542984613e-01
4.376618830942e+00,9.480723281984e-01
4.377018850943e+00,9.480903540240e-01
4.377418870944e+00,9.481083759586e-01
4.377818890945e+00,9.481263940230e-01
4.378218910946e+00,9.481444082371e-01
4.378618930947e+00,9.481624186207e-01
4.379018950948e+00,9.481804251931e-01
4.379418970949e+00,9.481984279732e-01
4.379818990950e+00,9.482164269798e-01
4.380219010951e+00,9.482344222310e-01
4.380619030952e+00,9.482524137447e-01
4.381019050953e+00,9.482704015384e-01
4.381419070954e+00,9.482883856291e-01
4.381819090955e+00,9.483063660335e-01
4.382219110956e+00,9.483243427679e-01
4.382619130957e+00,9.483423158482e-01
4.383019150958e+00,9.483602852900e-01
4.383419170959e+00,9.483782511083e-01
4.383819190960e+00,9.483962133178e-01
4.384219210961e+00,9.484141719328e-01
4.384619230962e+00,9.484321269672e-01
4.385019250963e+00,9.484500784345e-01
4.385419270964e+00,9.484680263476e-01
4.385819290965e+00,9.484859707193e-01
4.386219310966e+00,9.485039115617e-01
4.386619330967e+00,9.485218488867e-01
4.387019350968e+00,9.485397827056e-01
4.387419370969e+00,9.485577130293e-01
4.387819390970e+00,9.485756398683e-01
4.388219410971e+00,9.485935632328e-01
4.388619430972e+00,9.486114831324e-01
4.389019450973e+00,9.486293995763e-01
4.389419470974e+00,9.486473125734e-01
4.389819490975e+00,9.486652221318e-01
4.390219510976e+00,9.486831282597e-01
4.390619530977e+00,9.487010309644e-01
4.391019550978e+00,9.487189302530e-01
4.391419570979e+00,9.487368261321e-01
4.391819590980e+00,9.487547186079e-01
4.392219610981e+00,9.487726076860e-01
4.392619630982e+00,9.487904933718e-01
4.393019650983e+00,9.488083756701e-01
4.393419670984e+00,9.488262545853e-01
4.393819690985e+00,9.488441301213e-01
4.394219710986e+00,9.488620022816e-01
4.394619730987e+00,9.488798710693e-01
4.395019750988e+00,9.488977364869e-01
4.395419770989e+00,9.489155985367e-01
4.395819790990e+00,9.489334572204e-01
4.396219810991e+00,9.489513125391e-01
4.396619830992e+00,9.489691644938e-01
4.397019850993e+00,9.489870130848e-01
4.397419870994e+00,9.490048583120e-01
4.397819890995e+00,9.490227001749e-01
4.398219910996e+00,9.490405386727e-01
4.398619930997e+00,9.490583738040e-01
4.399019950998e+00,9.490762055668e-01
4.399419970999e+00,9.490940339590e-01
4.399819991000e+00,9.491118589778e-01
4.400220011001e+00,9.491296806202e-01
4.400620031002e+00,9.491474988824e-01
4.401020051003e+00,9.491653137605e-01
4.401420071004e+00,9.491831252501e-01
4.401820091005e+00,9.492009333463e-01
4.402220111006e+00,9.492187380437e-01
4.402620131007e+00,9.492365393367e-01
4.403020151008e+00,9.492543372191e-01
4.403420171009e+00,9.492721316842e-01
4.403820191010e+00,9.492899227251e-01
4.404220211011e+00,9.493077103343e-01
4.404620231012e+00,9.493254945039e-01
4.405020251013e+00,9.493432752258e-01
4.405420271014e+00,9.493610524911e-01
4.405820291015e+00,9.493788262909e-01
4.406220311016e+00,9.493965966156e-01
4.406620331017e+00,9.494143634552e-01
4.407020351018e+00,9.494321267995e-01
4.407420371019e+00,9.494498866376e-01
4.407820391020e+00,9.494676429587e-01
4.408220411021e+00,9.494853957509e-01
4.408620431022e+00,9.495031450026e-01
4.409020451023e+00,9.495208907014e-01
4.409420471024e+00,9.495386328345e-01
4.409820491025e+00,9.495563713889e-01
4.410220511026e+00,9.495741063513e-01
4.410620531027e+00,9.495918377076e-01
4.411020551028e+00,9.496095654439e-01
4.411420571029e+00,9.496272895454e-01
4.411820591030e+00,9.496450099973e-01
4.412220611031e+00,9.496627267842e-01
4.412620631032e+00,9.496804398906e-01
4.413020651033e+00,9.496981493003e-01
4.413420671034e+00,9.497158549971e-01
4.413820691035e+00,9.497335569643e-01
4.414220711036e+00,9.497512551847e-01
4.414620731037e+00,9.497689496411e-01
4.415020751038e+00,9.497866403156e-01
4.415420771039e+00,9.498043271903e-01
4.415820791040e+00,9.498220102467e-01
4.416220811041e+00,9.498396894662e-01
4.416620831042e+00,9.498573648298e-01
4.417020851043e+00,9.498750363180e-01
4.417420871044e+00,9.498927039112e-01
4.417820891045e+00,9.499103675895e-01
4.418220911046e+00,9.499280273328e-01
4.418620931047e+00,9.499456831204e-01
4.419020951048e+00,9.499633349316e-01
4.419420971049e+00,9.499809827452e-01
4.419820991050e+00,9.499986265400e-01
4.420221011051e+00,9.500162662942e-01
4.420621031052e+00,9.500339019859e-01
4.421021051053e+00,9.500515335929e-01
4.421421071054e+00,9.500691610929e-01
4.421821091055e+00,9.500867844632e-01
4.422221111056e+00,9.501044036807e-01
4.422621131057e+00,9.501220187223e-01
4.423021151058e+00,9.501396295647e-01
4.423421171059e+00,9.501572361842e-01
4.423821191060e+00,9.501748385569e-01
4.424221211061e+00,9.501924366587e-01
4.424621231062e+00,9.502100304653e-01
4.425021251063e+00,9.502276199523e-01
4.425421271064e+00,9.502452050948e-01
4.425821291065e+00,9.502627858681e-01
4.426221311066e+00,9.502803622469e-01
4.426621331067e+00,9.502979342061e-01
4.427021351068e+00,9.503155017200e-01
4.427421371069e+00,9.503330647632e-01
4.427821391070e+00,9.503506233098e-01
4.428221411071e+00,9.503681773338e-01
4.428621431072e+00,9.503857268090e-01
4.429021451073e+00,9.504032717093e-01
4.429421471074e+00,9.504208120082e-01
4.429821491075e+00,9.504383476792e-01
4.430221511076e+00,9.504558786955e-01
4.430621531077e+00,9.504734050304e-01
4.431021551078e+00,9.504909266570e-01
4.431421571079e+00,9.505084435481e-01
4.431821591080e+00,9.505259556767e-01
4.432221611081e+00,9.505434630155e-01
4.432621631082e+00,9.505609655372e-01
4.433021651083e+00,9.505784632143e-01
4.433421671084e+00,9.505959560193e-01
4.433821691085e+00,9.506134439247e-01
4.434221711086e+00,9.506309269028e-01
4.434621731087e+00,9.506484049259e-01
4.435021751088e+00,9.506658779662e-01
4.435421771089e+00,9.506833459958e-01
4.435821791090e+00,9.507008089868e-01
4.436221811091e+00,9.507182669115e-01
4.436621831092e+00,9.507357197417e-01
4.437021851093e+00,9.507531674494e-01
4.437421871094e+00,9.507706100068e-01
4.437821891095e+00,9.507880473856e-01
4.438221911096e+00,9.508054795579e-01
4.438621931097e+00,9.508229064958e-01
4.439021951098e+00,9.508403281712e-01
4.439421971099e+00,9.508577445562e-01
4.439821991100e+00,9.508751556227e-01
4.440222011101e+00,9.508925613427e-01
4.440622031102e+00,9.509099616885e-01
4.441022051103e+00,9.509273566320e-01
4.441422071104e+00,9.509447461454e-01
4.441822091105e+00,9.509621302010e-01
4.442222111106e+00,9.509795087710e-01
4.442622131107e+00,9.509968818276e-01
4.443022151108e+00,9.510142493434e-01
4.443422171109e+00,9.510316112908e-01
4.443822191110e+00,9.510489676423e-01
4.444222211111e+00,9.510663183705e-01
4.444622231112e+00,9.510836634482e-01
4.445022251113e+00,9.511010028482e-01
4.445422271114e+00,9.511183365433e-01
4.445822291115e+00,9.511356645067e-01
4.446222311116e+00,9.511529867114e-01
4.446622331117e+00,9.511703031308e-01
4.447022351118e+00,9.511876137382e-01
4.447422371119e+00,9.512049185071e-01
4.447822391120e+00,9.512222174112e-01
4.448222411121e+00,9.512395104243e-01
4.448622431122e+00,9.512567975205e-01
4.449022451123e+00,9.512740786737e-01
4.449422471124e+00,9.512913538584e-01
4.449822491125e+00,9.513086230489e-01
4.450222511126e+00,9.513258862199e-01
4.450622531127e+00,9.513431433462e-01
4.451022551128e+00,9.513603944028e-01
4.451422571129e+00,9.513776393649e-01
4.451822591130e+00,9.513948782079e-01
4.452222611131e+00,9.514121109074e-01
4.452622631132e+00,9.514293374392e-01
4.453022651133e+00,9.514465577792e-01
4.453422671134e+00,9.514637719039e-01
4.453822691135e+00,9.514809797895e-01
4.454222711136e+00,9.514981814128e-01
4.454622731137e+00,9.515153767507e-01
4.455022751138e+00,9.515325657803e-01
4.455422771139e+00,9.515497484790e-01
4.455822791140e+00,9.515669248245e-01
4.456222811141e+00,9.515840947947e-01
4.456622831142e+00,9.516012583676e-01
4.457022851143e+00,9.516184155216e-01
4.457422871144e+00,9.516355662354e-01
4.457822891145e+00,9.516527104878e-01
4.458222911146e+00,9.516698482581e-01
4.458622931147e+00,9.516869795257e-01
4.459022951148e+00,9.517041042705e-01
4.459422971149e+00,9.517212224727e-01
4.459822991150e+00,9.517383341125e-01
4.460223011151e+00,9.517554391706e-01
4.460623031152e+00,9.517725376280e-01
4.461023051153e+00,9.517896294660e-01
4.461423071154e+00,9.518067146662e-01
4.461823091155e+00,9.518237932104e-01
4.462223111156e+00,9.518408650809e-01
4.462623131157e+00,9.518579302603e-01
4.463023151158e+00,9.518749887313e-01
4.463423171159e+00,9.518920404772e-01
4.463823191160e+00,9.519090854816e-01
4.464223211161e+00,9.519261237282e-01
4.464623231162e+00,9.519431552013e-01
4.465023251163e+00,9.519601798855e-01
4.465423271164e+00,9.519771977656e-01
4.465823291165e+00,9.519942088268e-01
4.466223311166e+00,9.520112130548e-01
4.466623331167e+00,9.520282104355e-01
4.467023351168e+00,9.520452009552e-01
4.467423371169e+00,9.520621846006e-01
4.467823391170e+00,9.520791613587e-01
4.468223411171e+00,9.520961312169e-01
4.468623431172e+00,9.521130941630e-01
4.469023451173e+00,9.521300501852e-01
4.469423471174e+00,9.521469992719e-01
4.469823491175e+00,9.521639414122e-01
4.470223511176e+00,9.521808765952e-01
4.470623531177e+00,9.521978048106e-01
4.471023551178e+00,9.522147260486e-01
4.471423571179e+00,9.522316402995e-01
4.471823591180e+00,9.522485475542e-01
4.472223611181e+00,9.522654478040e-01
4.472623631182e+00,9.522823410404e-01
4.473023651183e+00,9.522992272556e-01
4.473423671184e+00,9.523161064418e-01
4.473823691185e+00,9.523329785919e-01
4.474223711186e+00,9.523498436992e-01
4.474623731187e+00,9.523667017572e-01
4.475023751188e+00,9.523835527600e-01
4.475423771189e+00,9.524003967019e-01
4.475823791190e+00,9.524172335778e-01
4.476223811191e+00,9.524340633829e-01
4.476623831192e+00,9.524508861126e-01
4.477023851193e+00,9.524677017631e-01
4.477423871194e+00,9.524845103307e-01
4.477823891195e+00,9.525013118123e-01
4.478223911196e+00,9.525181062051e-01
4.478623931197e+00,9.525348935071e-01
4.479023951198e+00,9.525516737160e-01
4.479423971199e+00,9.525684468306e-01
4.479823991200e+00,9.525852128496e-01
4.480224011201e+00,9.526019717724e-01
4.480624031202e+00,9.526187235987e-01
4.481024051203e+00,9.526354683287e-01
4.481424071204e+00,9.526522059630e-01
4.481824091205e+00,9.526689365024e-01
4.482224111206e+00,9.526856599484e-01
4.482624131207e+00,9.527023763027e-01
4.483024151208e+00,9.527190855676e-01
4.483424171209e+00,9.527357877457e-01
4.483824191210e+00,9.527524828399e-01
4.484224211211e+00,9.527691708538e-01
4.484624231212e+00,9.527858517910e-01
4.485024251213e+00,9.528025256559e-01
4.485424271214e+00,9.528191924531e-01
4.485824291215e+00,9.528358521876e-01
4.486224311216e+00,9.528525048649e-01
4.486624331217e+00,9.528691504909e-01
4.487024351218e+00,9.528857890717e-01
4.487424371219e+00,9.529024206141e-01
4.487824391220e+00,9.529190451251e-01
4.488224411221e+00,9.529356626121e-01
4.488624431222e+00,9.529522730830e-01
4.489024451223e+00,9.529688765461e-01
4.489424471224e+00,9.529854730100e-01
4.489824491225e+00,9.530020624836e-01
4.490224511226e+00,9.530186449766e-01
4.490624531227e+00,9.530352204986e-01
4.491024551228e+00,9.530517890598e-01
4.491424571229e+00,9.530683506709e-01
4.491824591230e+00,9.530849053428e-01
4.492224611231e+00,9.531014530868e-01
4.492624631232e+00,9.531179939146e-01
4.493024651233e+00,9.531345278385e-01
4.493424671234e+00,9.531510548707e-01
4.493824691235e+00,9.531675750241e-01
4.494224711236e+00,9.531840883119e-01
4.494624731237e+00,9.532005947476e-01
4.495024751238e+00,9.532170943452e-01
4.495424771239e+00,9.532335871187e-01
4.495824791240e+00,9.532500730829e-01
4.496224811241e+00,9.532665522526e-01
4.496624831242e+00,9.532830246431e-01
4.497024851243e+00,9.532994902699e-01
4.497424871244e+00,9.533159491493e-01
4.497824891245e+00,9.533324012975e-01
4.498224911246e+00,9.533488467311e-01
4.498624931247e+00,9.533652854672e-01
4.499024951248e+00,9.533817175231e-01
4.499424971249e+00,9.533981429163e-01
4.499824991250e+00,9.534145616649e-01
4.500225011251e+00,9.534309737871e-01
4.500625031252e+00,9.534473793015e-01
4.501025051253e+00,9.534637782270e-01
4.501425071254e+00,9.534801705828e-01
4.501825091255e+00,9.534965563884e-01
4.502225111256e+00,9.535129356636e-01
4.502625131257e+00,9.535293084285e-01
4.503025151258e+00,9.535456747035e-01
4.503425171259e+00,9.535620345091e-01
4.503825191260e+00,9.535783878664e-01
4.504225211261e+00,9.535947347965e-01
4.504625231262e+00,9.536110753209e-01
4.505025251263e+00,9.536274094613e-01
4.505425271264e+00,9.536437372396e-01
4.505825291265e+00,9.536600586782e-01
4.506225311266e+00,9.536763737995e-01
4.506625331267e+00,9.536926826262e-01
4.507025351268e+00,9.537089851814e-01
4.507425371269e+00,9.537252814882e-01
4.507825391270e+00,9.537415715700e-01
4.508225411271e+00,9.537578554506e-01
4.508625431272e+00,9.537741331539e-01
4.509025451273e+00,9.537904047039e-01
4.509425471274e+00,9.538066701251e-01
4.509825491275e+00,9.538229294418e-01
4.510225511276e+00,9.538391826790e-01
4.510625531277e+00,9.538554298615e-01
4.511025551278e+00,9.538716710144e-01
4.511425571279e+00,9.538879061632e-01
4.511825591280e+00,9.539041353333e-01
4.512225611281e+00,9.539203585504e-01
4.512625631282e+00,9.539365758404e-01
4.513025651283e+00,9.539527872294e-01
4.513425671284e+00,9.539689927435e-01
4.513825691285e+00,9.539851924091e-01
4.514225711286e+00,9.540013862528e-01
4.514625731287e+00,9.540175743011e-01
4.515025751288e+00,9.540337565809e-01
4.515425771289e+00,9.540499331190e-01
4.515825791290e+00,9.540661039426e-01
4.516225811291e+00,9.540822690788e-01
4.516625831292e+00,9.540984285549e-01
4.517025851293e+00,9.541145823981e-01
4.517425871294e+00,9.541307306361e-01
4.517825891295e+00,9.541468732963e-01
4.518225911296e+00,9.541630104064e-01
4.518625931297e+00,9.541791419940e-01
4.519025951298e+00,9.541952680870e-01
4.519425971299e+00,9.542113887130e-01
4.519825991300e+00,9.542275038999e-01
4.520226011301e+00,9.542436136758e-01
4.520626031302e+00,9.542597180691e-01
4.521026051303e+00,9.542758171080e-01
4.521426071304e+00,9.542919108208e-01
4.521826091305e+00,9.543079992355e-01
4.522226111306e+00,9.543240823807e-01
4.522626131307e+00,9.543401602845e-01
4.523026151308e+00,9.543562329754e-01
4.523426171309e+00,9.543723004817e-01
4.523826191310e+00,9.543883628317e-01
4.524226211311e+00,9.544044200540e-01
4.524626231312e+00,9.544204721768e-01
4.525026251313e+00,9.544365192287e-01
4.525426271314e+00,9.544525612379e-01
4.525826291315e+00,9.544685982328e-01
4.526226311316e+00,9.544846302417e-01
4.526626331317e+00,9.545006572931e-01
4.527026351318e+00,9.545166794151e-01
4.527426371319e+00,9.545326966360e-01
4.527826391320e+00,9.545487089840e-01
4.528226411321e+00,9.545647164873e-01
4.528626431322e+00,9.545807191739e-01
4.529026451323e+00,9.545967170719e-01
4.529426471324e+00,9.546127102093e-01
4.529826491325e+00,9.546286986138e-01
4.530226511326e+00,9.546446823135e-01
4.530626531327e+00,9.546606613359e-01
4.531026551328e+00,9.546766357087e-01
4.531426571329e+00,9.546926054596e-01
4.531826591330e+00,9.547085706158e-01
4.532226611331e+00,9.547245312049e-01
4.532626631332e+00,9.547404872540e-01
4.533026651333e+00,9.547564387902e-01
4.533426671334e+00,9.547723858406e-01
4.533826691335e+00,9.547883284321e-01
4.534226711336e+00,9.548042665913e-01
4.534626731337e+00,9.548202003449e-01
4.535026751338e+00,9.548361297195e-01
4.535426771339e+00,9.548520547412e-01
4.535826791340e+00,9.548679754362e-01
4.536226811341e+00,9.548838918307e-01
4.536626831342e+00,9.548998039503e-01
4.537026851343e+00,9.549157118209e-01
4.537426871344e+00,9.549316154679e-01
4.537826891345e+00,9.549475149165e-01
4.538226911346e+00,9.549634101921e-01
4.538626931347e+00,9.549793013193e-01
4.539026951348e+00,9.549951883231e-01
4.539426971349e+00,9.550110712280e-01
4.539826991350e+00,9.550269500581e-01
4.540227011351e+00,9.550428248378e-01
4.540627031352e+00,9.550586955907e-01
4.541027051353e+00,9.550745623408e-01
4.541427071354e+00,9.550904251115e-01
4.541827091355e+00,9.551062839261e-01
4.542227111356e+00,9.551221388077e-01
4.542627131357e+00,9.551379897790e-01
4.543027151358e+00,9.551538368625e-01
4.543427171359e+00,9.551696800807e-01
4.543827191360e+00,9.551855194555e-01
4.544227211361e+00,9.552013550089e-01
4.544627231362e+00,9.552171867622e-01
4.545027251363e+00,9.552330147368e-01
4.545427271364e+00,9.552488389539e-01
4.545827291365e+00,9.552646594340e-01
4.546227311366e+00,9.552804761977e-01
4.546627331367e+00,9.552962892652e-01
4.547027351368e+00,9.553120986565e-01
4.547427371369e+00,9.553279043911e-01
4.547827391370e+00,9.553437064885e-01
4.548227411371e+00,9.553595049676e-01
4.548627431372e+00,9.553752998473e-01
4.549027451373e+00,9.553910911461e-01
4.549427471374e+00,9.554068788820e-01
4.549827491375e+00,9.554226630730e-01
4.550227511376e+00,9.554384437365e-01
4.550627531377e+00,9.554542208899e-01
4.551027551378e+00,9.554699945500e-01
4.551427571379e+00,9.554857647335e-01
4.551827591380e+00,9.555015314566e-01
4.552227611381e+00,9.555172947353e-01
4.552627631382e+00,9.555330545853e-01
4.553027651383e+00,9.555488110217e-01
4.553427671384e+00,9.555645640597e-01
4.553827691385e+00,9.555803137138e-01
4.554227711386e+00,9.555960599983e-01
4.554627731387e+00,9.556118029271e-01
4.555027751388e+00,9.556275425140e-01
4.555427771389e+00,9.556432787721e-01
4.555827791390e+00,9.556590117144e-01
4.556227811391e+00,9.556747413534e-01
4.556627831392e+00,9.556904677014e-01
4.557027851393e+00,9.557061907701e-01
4.557427871394e+00,9.557219105712e-01
4.557827891395e+00,9.557376271158e-01
4.558227911396e+00,9.557533404146e-01
4.558627931397e+00,9.557690504781e-01
4.559027951398e+00,9.557847573162e-01
4.559427971399e+00,9.558004609388e-01
4.559827991400e+00,9.558161613550e-01
4.560228011401e+00,9.558318585738e-01
4.560628031402e+00,9.558475526039e-01
4.561028051403e+00,9.558632434533e-01
4.561428071404e+00,9.558789311299e-01
4.561828091405e+00,9.558946156413e-01
4.562228111406e+00,9.559102969945e-01
4.562628131407e+00,9.559259751961e-01
4.563028151408e+00,9.559416502527e-01
4.563428171409e+00,9.559573221700e-01
4.563828191410e+00,9.559729909537e-01
4.564228211411e+00,9.559886566090e-01
4.564628231412e+00,9.560043191407e-01
4.565028251413e+00,9.560199785533e-01
4.565428271414e+00,9.560356348507e-01
4.565828291415e+00,9.560512880367e-01
4.566228311416e+00,9.560669381145e-01
4.566628331417e+00,9.560825850872e-01
4.567028351418e+00,9.560982289571e-01
4.567428371419e+00,9.561138697265e-01
4.567828391420e+00,9.561295073971e-01
4.568228411421e+00,9.561451419703e-01
4.568628431422e+00,9.561607734471e-01
4.569028451423e+00,9.561764018281e-01
4.569428471424e+00,9.561920271136e-01
4.569828491425e+00,9.562076493034e-01
4.570228511426e+00,9.562232683970e-01
4.570628531427e+00,9.562388843935e-01
4.571028551428e+00,9.562544972916e-01
4.571428571429e+00,9.562701070896e-01
4.571828591430e+00,9.562857137855e-01
4.572228611431e+00,9.563013173770e-01
4.572628631432e+00,9.563169178611e-01
4.573028651433e+00,9.563325152348e-01
4.573428671434e+00,9.563481094945e-01
4.573828691435e+00,9.563637006362e-01
4.574228711436e+00,9.563792886558e-01
4.574628731437e+00,9.563948735486e-01
4.575028751438e+00,9.564104553095e-01
4.575428771439e+00,9.564260339331e-01
4.575828791440e+00,9.564416094138e-01
4.576228811441e+00,9.564571817455e-01
4.576628831442e+00,9.564727509215e-01
4.577028851443e+00,9.564883169352e-01
4.577428871444e+00,9.565038797792e-01
4.577828891445e+00,9.565194394462e-01
4.578228911446e+00,9.565349959281e-01
4.578628931447e+00,9.565505492168e-01
4.579028951448e+00,9.565660993035e-01
4.579428971449e+00,9.565816461794e-01
4.579828991450e+00,9.565971898352e-01
4.580229011451e+00,9.566127302612e-01
4.580629031452e+00,9.566282674474e-01
4.581029051453e+00,9.566438013835e-01
4.581429071454e+00,9.566593320588e-01
4.581829091455e+00,9.566748594623e-01
4.582229111456e+00,9.566903835828e-01
4.582629131457e+00,9.567059044086e-01
4.583029151458e+00,9.567214219277e-01
4.583429171459e+00,9.567369361278e-01
4.583829191460e+00,9.567524469964e-01
4.584229211461e+00,9.567679545205e-01
4.584629231462e+00,9.567834586868e-01
4.585029251463e+00,9.567989594819e-01
4.585429271464e+00,9.568144568918e-01
4.585829291465e+00,9.568299509024e-01
4.586229311466e+00,9.568454414993e-01
4.586629331467e+00,9.568609286677e-01
4.587029351468e+00,9.568764123926e-01
4.587429371469e+00,9.568918926587e-01
4.587829391470e+00,9.569073694502e-01
4.588229411471e+00,9.569228427514e-01
4.588629431472e+00,9.569383125461e-01
4.589029451473e+00,9.569537788178e-01
4.589429471474e+00,9.569692415498e-01
4.589829491475e+00,9.569847007251e-01
4.590229511476e+00,9.570001563264e-01
4.590629531477e+00,9.570156083363e-01
4.591029551478e+00,9.570310567370e-01
4.591429571479e+00,9.570465015104e-01
4.591829591480e+00,9.570619426383e-01
4.592229611481e+00,9.570773801022e-01
4.592629631482e+00,9.570928138834e-01
4.593029651483e+00,9.571082439629e-01
4.593429671484e+00,9.571236703214e-01
4.593829691485e+00,9.571390929396e-01
4.594229711486e+00,9.571545117978e-01
4.594629731487e+00,9.571699268761e-01
4.595029751488e+00,9.571853381545e-01
4.595429771489e+00,9.572007456126e-01
4.595829791490e+00,9.572161492301e-01
4.596229811491e+00,9.572315489861e-01
4.596629831492e+00,9.572469448599e-01
4.597029851493e+00,9.572623368304e-01
4.597429871494e+00,9.572777248763e-01
4.597829891495e+00,9.572931089763e-01
4.598229911496e+00,9.573084891086e-01
4.598629931497e+00,9.573238652516e-01
4.599029951498e+00,9.573392373833e-01
4.599429971499e+00,9.573546054817e-01
4.599829991500e+00,9.573699695244e-01
4.600230011501e+00,9.573853294891e-01
4.600630031502e+00,9.574006853532e-01
4.601030051503e+00,9.574160370940e-01
4.601430071504e+00,9.574313846888e-01
4.601830091505e+00,9.574467281145e-01
4.602230111506e+00,9.574620673481e-01
4.602630131507e+00,9.574774023664e-01
4.603030151508e+00,9.574927331459e-01
4.603430171509e+00,9.575080596633e-01
4.603830191510e+00,9.575233818950e-01
4.604230211511e+00,9.575386998173e-01
4.604630231512e+00,9.575540134066e-01
4.605030251513e+00,9.575693226392e-01
4.605430271514e+00,9.575846274910e-01
4.605830291515e+00,9.575999279381e-01
4.606230311516e+00,9.576152239564e-01
4.606630331517e+00,9.576305155219e-01
4.607030351518e+00,9.576458026104e-01
4.607430371519e+00,9.576610851975e-01
4.607830391520e+00,9.576763632591e-01
4.608230411521e+00,9.576916367707e-01
4.608630431522e+00,9.577069057081e-01
4.609030451523e+00,9.577221700468e-01
4.609430471524e+00,9.577374297623e-01
4.609830491525e+00,9.577526848302e-01
4.610230511526e+00,9.577679352259e-01
4.610630531527e+00,9.577831809251e-01
4.611030551528e+00,9.577984219030e-01
4.611430571529e+00,9.578136581353e-01
4.611830591530e+00,9.578288895974e-01
4.612230611531e+00,9.578441162647e-01
4.612630631532e+00,9.578593381127e-01
4.613030651533e+00,9.578745551170e-01
4.613430671534e+00,9.578897672530e-01
4.613830691535e+00,9.579049744964e-01
4.614230711536e+00,9.579201768226e-01
4.614630731537e+00,9.579353742073e-01
4.615030751538e+00,9.579505666262e-01
4.615430771539e+00,9.579657540549e-01
4.615830791540e+00,9.579809364692e-01
4.616230811541e+00,9.579961138450e-01
4.616630831542e+00,9.580112861581e-01
4.617030851543e+00,9.580264533845e-01
4.617430871544e+00,9.580416155002e-01
4.617830891545e+00,9.580567724813e-01
4.618230911546e+00,9.580719243040e-01
4.618630931547e+00,9.580870709446e-01
4.619030951548e+00,9.581022123796e-01
4.619430971549e+00,9.581173485852e-01
4.619830991550e+00,9.581324795382e-01
4.620231011551e+00,9.581476052153e-01
4.620631031552e+00,9.581627255932e-01
4.621031051553e+00,9.581778406489e-01
4.621431071554e+00,9.581929503594e-01
4.621831091555e+00,9.582080547020e-01
4.622231111556e+00,9.582231536538e-01
4.622631131557e+00,9.582382471925e-01
4.623031151558e+00,9.582533352955e-01
4.623431171559e+00,9.582684179406e-01
4.623831191560e+00,9.582834951056e-01
4.624231211561e+00,9.582985667687e-01
4.624631231562e+00,9.583136329079e-01
4.625031251563e+00,9.583286935016e-01
4.625431271564e+00,9.583437485282e-01
4.625831291565e+00,9.583587979665e-01
4.626231311566e+00,9.583738417953e-01
4.626631331567e+00,9.583888799938e-01
4.627031351568e+00,9.584039125412e-01
4.627431371569e+00,9.584189394172e-01
4.627831391570e+00,9.584339606012e-01
4.628231411571e+00,9.584489760731e-01
4.628631431572e+00,9.584639858131e-01
4.629031451573e+00,9.584789898014e-01
4.629431471574e+00,9.584939880185e-01
4.629831491575e+00,9.585089804452e-01
4.630231511576e+00,9.585239670622e-01
4.630631531577e+00,9.585389478509e-01
4.631031551578e+00,9.585539227926e-01
4.631431571579e+00,9.585688918690e-01
4.631831591580e+00,9.585838550618e-01
4.632231611581e+00,9.585988123532e-01
4.632631631582e+00,9.586137637256e-01
4.633031651583e+00,9.586287091615e-01
4.633431671584e+00,9.586436486438e-01
4.633831691585e+00,9.586585821557e-01
4.634231711586e+00,9.586735096803e-01
4.634631731587e+00,9.586884312015e-01
4.635031751588e+00,9.587033467031e-01
4.635431771589e+00,9.587182561692e-01
4.635831791590e+00,9.587331595844e-01
4.636231811591e+00,9.587480569332e-01
4.636631831592e+00,9.587629482008e-01
4.637031851593e+00,9.587778333724e-01
4.637431871594e+00,9.587927124335e-01
4.637831891595e+00,9.588075853701e-01
4.638231911596e+00,9.588224521683e-01
4.638631931597e+00,9.588373128145e-01
4.639031951598e+00,9.588521672956e-01
4.639431971599e+00,9.588670155985e-01
4.639831991600e+00,9.588818577106e-01
4.640232011601e+00,9.588966936196e-01
4.640632031602e+00,9.589115233135e-01
4.641032051603e+00,9.589263467805e-01
4.641432071604e+00,9.589411640094e-01
4.641832091605e+00,9.589559749889e-01
4.642232111606e+00,9.589707797084e-01
4.642632131607e+00,9.589855781574e-01
4.643032151608e+00,9.590003703257e-01
4.643432171609e+00,9.590151562037e-01
4.643832191610e+00,9.590299357817e-01
4.644232211611e+00,9.590447090507e-01
4.644632231612e+00,9.590594760018e-01
4.645032251613e+00,9.590742366265e-01
4.645432271614e+00,9.590889909167e-01
4.645832291615e+00,9.591037388643e-01
4.646232311616e+00,9.591184804621e-01
4.646632331617e+00,9.591332157028e-01
4.647032351618e+00,9.591479445797e-01
4.647432371619e+00,9.591626670864e-01
4.647832391620e+00,9.591773832168e-01
4.648232411621e+00,9.591920929652e-01
4.648632431622e+00,9.592067963260e-01
4.649032451623e+00,9.592214932943e-01
4.649432471624e+00,9.592361838653e-01
4.649832491625e+00,9.592508680347e-01
4.650232511626e+00,9.592655457984e-01
4.650632531627e+00,9.592802171527e-01
4.651032551628e+00,9.592948820944e-01
4.651432571629e+00,9.593095406205e-01
4.651832591630e+00,9.593241927284e-01
4.652232611631e+00,9.593388384158e-01
4.652632631632e+00,9.593534776808e-01
4.653032651633e+00,9.593681105219e-01
4.653432671634e+00,9.593827369379e-01
4.653832691635e+00,9.593973569279e-01
4.654232711636e+00,9.594119704914e-01
4.654632731637e+00,9.594265776283e-01
4.655032751638e+00,9.594411783389e-01
4.655432771639e+00,9.594557726237e-01
4.655832791640e+00,9.594703604837e-01
4.656232811641e+00,9.594849419202e-01
4.656632831642e+00,9.594995169348e-01
4.657032851643e+00,9.595140855295e-01
4.657432871644e+00,9.595286477067e-01
4.657832891645e+00,9.595432034691e-01
4.658232911646e+00,9.595577528198e-01
4.658632931647e+00,9.595722957622e-01
4.659032951648e+00,9.595868323001e-01
4.659432971649e+00,9.596013624375e-01
4.659832991650e+00,9.596158861791e-01
4.660233011651e+00,9.596304035295e-01
4.660633031652e+00,9.596449144939e-01
4.661033051653e+00,9.596594190780e-01
4.661433071654e+00,9.596739172874e-01
4.661833091655e+00,9.596884091284e-01
4.662233111656e+00,9.597028946077e-01
4.662633131657e+00,9.597173737320e-01
4.663033151658e+00,9.597318465086e-01
4.663433171659e+00,9.597463129452e-01
4.663833191660e+00,9.597607730496e-01
4.664233211661e+00,9.597752268300e-01
4.664633231662e+00,9.597896742951e-01
4.665033251663e+00,9.598041154538e-01
4.665433271664e+00,9.598185503154e-01
4.665833291665e+00,9.598329788893e-01
4.666233311666e+00,9.598474011856e-01
4.666633331667e+00,9.598618172145e-01
4.667033351668e+00,9.598762269865e-01
4.667433371669e+00,9.598906305126e-01
4.667833391670e+00,9.599050278038e-01
4.668233411671e+00,9.599194188718e-01
4.668633431672e+00,9.599338037283e-01
4.669033451673e+00,9.599481823856e-01
4.669433471674e+00,9.599625548561e-01
4.669833491675e+00,9.599769211524e-01
4.670233511676e+00,9.599912812878e-01
4.670633531677e+00,9.600056352756e-01
4.671033551678e+00,9.600199831294e-01
4.671433571679e+00,9.600343248632e-01
4.671833591680e+00,9.600486604914e-01
4.672233611681e+00,9.600629900283e-01
4.672633631682e+00,9.600773134890e-01
4.673033651683e+00,9.600916308885e-01
4.673433671684e+00,9.601059422423e-01
4.673833691685e+00,9.601202475660e-01
4.674233711686e+00,9.601345468756e-01
4.674633731687e+00,9.601488401874e-01
4.675033751688e+00,9.601631275179e-01
4.675433771689e+00,9.601774088838e-01
4.675833791690e+00,9.601916843022e-01
4.676233811691e+00,9.602059537904e-01
4.676633831692e+00,9.602202173659e-01
4.677033851693e+00,9.602344750466e-01
4.677433871694e+00,9.602487268505e-01
4.677833891695e+00,9.602629727960e-01
4.678233911696e+00,9.602772129015e-01
4.678633931697e+00,9.602914471859e-01
4.679033951698e+00,9.603056756682e-01
4.679433971699e+00,9.603198983676e-01
4.679833991700e+00,9.603341153037e-01
4.680234011701e+00,9.603483264961e-01
4.680634031702e+00,9.603625319647e-01
4.681034051703e+00,9.603767317298e-01
4.681434071704e+00,9.603909258117e-01
4.681834091705e+00,9.604051142309e-01
4.682234111706e+00,9.604192970082e-01
4.682634131707e+00,9.604334741646e-01
4.683034151708e+00,9.604476457212e-01
4.683434171709e+00,9.604618116995e-01
4.683834191710e+00,9.604759721209e-01
4.684234211711e+00,9.604901270072e-01
4.684634231712e+00,9.605042763802e-01
4.685034251713e+00,9.605184202620e-01
4.685434271714e+00,9.605325586749e-01
4.685834291715e+00,9.605466916413e-01
4.686234311716e+00,9.605608191837e-01
4.686634331717e+00,9.605749413248e-01
4.687034351718e+00,9.605890580876e-01
4.687434371719e+00,9.606031694950e-01
4.687834391720e+00,9.606172755702e-01
4.688234411721e+00,9.606313763364e-01
4.688634431722e+00,9.606454718172e-01
4.689034451723e+00,9.606595620361e-01
4.689434471724e+00,9.606736470168e-01
4.689834491725e+00,9.606877267831e-01
4.690234511726e+00,9.607018013589e-01
4.690634531727e+00,9.607158707683e-01
4.691034551728e+00,9.607299350355e-01
4.691434571729e+00,9.607439941846e-01
4.691834591730e+00,9.607580482401e-01
4.692234611731e+00,9.607720972264e-01
4.692634631732e+00,9.607861411680e-01
4.693034651733e+00,9.608001800897e-01
4.693434671734e+00,9.608142140159e-01
4.693834691735e+00,9.608282429717e-01
4.694234711736e+00,9.608422669817e-01
4.694634731737e+00,9.608562860710e-01
4.695034751738e+00,9.608703002644e-01
4.695434771739e+00,9.608843095870e-01
4.695834791740e+00,9.608983140638e-01
4.696234811741e+00,9.609123137200e-01
4.696634831742e+00,9.609263085807e-01
4.697034851743e+00,9.609402986710e-01
4.697434871744e+00,9.609542840161e-01
4.697834891745e+00,9.609682646413e-01
4.698234911746e+00,9.609822405716e-01
4.698634931747e+00,9.609962118324e-01
4.699034951748e+00,9.610101784487e-01
4.699434971749e+00,9.610241404458e-01
4.699834991750e+00,9.610380978488e-01
4.700235011751e+00,9.610520506833e-01
4.700635031752e+00,9.610659989745e-01
4.701035051753e+00,9.610799427477e-01
4.701435071754e+00,9.610938820280e-01
4.701835091755e+00,9.611078168407e-01
4.702235111756e+00,9.611217472109e-01
4.702635131757e+00,9.611356731638e-01
4.703035151758e+00,9.611495947244e-01
4.703435171759e+00,9.611635119178e-01
4.703835191760e+00,9.611774247689e-01
4.704235211761e+00,9.611913333028e-01
4.704635231762e+00,9.612052375443e-01
4.705035251763e+00,9.612191375182e-01
4.705435271764e+00,9.612330332494e-01
4.705835291765e+00,9.612469247624e-01
4.706235311766e+00,9.612608120819e-01
4.706635331767e+00,9.612746952324e-01
4.707035351768e+00,9.612885742383e-01
4.707435371769e+00,9.613024491240e-01
4.707835391770e+00,9.613163199138e-01
4.708235411771e+00,9.613301866316e-01
4.708635431772e+00,9.613440493017e-01
4.709035451773e+00,9.613579079479e-01
4.709435471774e+00,9.613717625941e-01
4.709835491775e+00,9.613856132638e-01
4.710235511776e+00,9.613994599808e-01
4.710635531777e+00,9.614133027684e-01
4.711035551778e+00,9.614271416500e-01
4.711435571779e+00,9.614409766487e-01
4.711835591780e+00,9.614548077875e-01
4.712235611781e+00,9.614686350894e-01
4.712635631782e+00,9.614824585771e-01
4.713035651783e+00,9.614962782732e-01
4.713435671784e+00,9.615100942002e-01
4.713835691785e+00,9.615239063802e-01
4.714235711786e+00,9.615377148354e-01
4.714635731787e+00,9.615515195878e-01
4.715035751788e+00,9.615653206591e-01
4.715435771789e+00,9.615791180708e-01
4.715835791790e+00,9.615929118445e-01
4.716235811791e+00,9.616067020013e-01
4.716635831792e+00,9.616204885623e-01
4.717035851793e+00,9.616342715483e-01
4.717435871794e+00,9.616480509799e-01
4.717835891795e+00,9.616618268775e-01
4.718235911796e+00,9.616755992615e-01
4.718635931797e+00,9.616893681518e-01
4.719035951798e+00,9.617031335681e-01
4.719435971799e+00,9.617168955302e-01
4.719835991800e+00,9.617306540573e-01
4.720236011801e+00,9.617444091686e-01
4.720636031802e+00,9.617581608829e-01
4.721036051803e+00,9.617719092189e-01
4.721436071804e+00,9.617856541951e-01
4.721836091805e+00,9.617993958295e-01
4.722236111806e+00,9.618131341400e-01
4.722636131807e+00,9.618268691444e-01
4.723036151808e+00,9.618406008603e-01
4.723436171809e+00,9.618543293050e-01
4.723836191810e+00,9.618680544952e-01
4.724236211811e+00,9.618817764479e-01
4.724636231812e+00,9.618954951794e-01
4.725036251813e+00,9.619092107058e-01
4.725436271814e+00,9.619229230433e-01
4.725836291815e+00,9.619366322073e-01
4.726236311816e+00,9.619503382132e-01
4.726636331817e+00,9.619640410763e-01
4.727036351818e+00,9.619777408112e-01
4.727436371819e+00,9.619914374326e-01
4.727836391820e+00,9.620051309548e-01
4.728236411821e+00,9.620188213916e-01
4.728636431822e+00,9.620325087569e-01
4.729036451823e+00,9.620461930640e-01
4.729436471824e+00,9.620598743260e-01
4.729836491825e+00,9.620735525559e-01
4.730236511826e+00,9.620872277660e-01
4.730636531827e+00,9.621008999686e-01
4.731036551828e+00,9.621145691758e-01
4.731436571829e+00,9.621282353990e-01
4.731836591830e+00,9.621418986496e-01
4.732236611831e+00,9.621555589386e-01
4.732636631832e+00,9.621692162768e-01
4.733036651833e+00,9.621828706746e-01
4.733436671834e+00,9.621965221420e-01
4.733836691835e+00,9.622101706888e-01
4.734236711836e+00,9.622238163245e-01
4.734636731837e+00,9.622374590582e-01
4.735036751838e+00,9.622510988989e-01
4.735436771839e+00,9.622647358549e-01
4.735836791840e+00,9.622783699344e-01
4.736236811841e+00,9.622920011455e-01
4.736636831842e+00,9.623056294956e-01
4.737036851843e+00,9.623192549919e-01
4.737436871844e+00,9.623328776414e-01
4.737836891845e+00,9.623464974506e-01
4.738236911846e+00,9.623601144258e-01
4.738636931847e+00,9.623737285729e-01
4.739036951848e+00,9.623873398976e-01
4.739436971849e+00,9.624009484051e-01
4.739836991850e+00,9.624145541003e-01
4.740237011851e+00,9.624281569879e-01
4.740637031852e+00,9.624417570721e-01
4.741037051853e+00,9.624553543570e-01
4.741437071854e+00,9.624689488460e-01
4.741837091855e+00,9.624825405425e-01
4.742237111856e+00,9.624961294494e-01
4.742637131857e+00,9.625097155694e-01
4.743037151858e+00,9.625232989047e-01
4.743437171859e+00,9.625368794573e-01
4.743837191860e+00,9.625504572288e-01
4.744237211861e+00,9.625640322205e-01
4.744637231862e+00,9.625776044334e-01
4.745037251863e+00,9.625911738682e-01
4.745437271864e+00,9.626047405251e-01
4.745837291865e+00,9.626183044040e-01
4.746237311866e+00,9.626318655048e-01
4.746637331867e+00,9.626454238265e-01
4.747037351868e+00,9.626589793683e-01
4.747437371869e+00,9.626725321288e-01
4.747837391870e+00,9.626860821063e-01
4.748237411871e+00,9.626996292988e-01
4.748637431872e+00,9.627131737040e-01
4.749037451873e+00,9.627267153192e-01
4.749437471874e+00,9.627402541414e-01
4.749837491875e+00,9.627537901674e-01
4.750237511876e+00,9.627673233935e-01
4.750637531877e+00,9.627808538157e-01
4.751037551878e+00,9.627943814298e-01
4.751437571879e+00,9.628079062313e-01
4.751837591880e+00,9.628214282151e-01
4.752237611881e+00,9.628349473761e-01
4.752637631882e+00,9.628484637087e-01
4.753037651883e+00,9.628619772071e-01
4.753437671884e+00,9.628754878651e-01
4.753837691885e+00,9.628889956763e-01
4.754237711886e+00,9.629025006338e-01
4.754637731887e+00,9.629160027305e-01
4.755037751888e+00,9.629295019591e-01
4.755437771889e+00,9.629429983119e-01
4.755837791890e+00,9.629564917809e-01
4.756237811891e+00,9.629699823577e-01
4.756637831892e+00,9.629834700338e-01
4.757037851893e+00,9.629969548002e-01
4.757437871894e+00,9.630104366479e-01
4.757837891895e+00,9.630239155673e-01
4.758237911896e+00,9.630373915487e-01
4.758637931897e+00,9.630508645820e-01
4.759037951898e+00,9.630643346568e-01
4.759437971899e+00,9.630778017627e-01
4.759837991900e+00,9.630912658886e-01
4.760238011901e+00,9.631047270235e-01
4.760638031902e+00,9.631181851558e-01
4.761038051903e+00,9.631316402739e-01
4.761438071904e+00,9.631450923658e-01
4.761838091905e+00,9.631585414192e-01
4.762238111906e+00,9.631719874216e-01
4.762638131907e+00,9.631854303603e-01
4.763038151908e+00,9.631988702222e-01
4.763438171909e+00,9.632123069940e-01
4.763838191910e+00,9.632257406622e-01
4.764238211911e+00,9.632391712130e-01
4.764638231912e+00,9.632525986323e-01
4.765038251913e+00,9.632660229059e-01
4.765438271914e+00,9.632794440193e-01
4.765838291915e+00,9.632928619578e-01
4.766238311916e+00,9.633062767064e-01
4.766638331917e+00,9.633196882498e-01
4.767038351918e+00,9.633330965727e-01
4.767438371919e+00,9.633465016593e-01
4.767838391920e+00,9.633599034939e-01
4.768238411921e+00,9.633733020603e-01
4.768638431922e+00,9.633866973423e-01
4.769038451923e+00,9.634000893233e-01
4.769438471924e+00,9.634134779866e-01
4.769838491925e+00,9.634268633154e-01
4.770238511926e+00,9.634402452925e-01
4.770638531927e+00,9.634536239006e-01
4.771038551928e+00,9.634669991223e-01
4.771438571929e+00,9.634803709399e-01
4.771838591930e+00,9.634937393355e-01
4.772238611931e+00,9.635071042910e-01
4.772638631932e+00,9.635204657884e-01
4.773038651933e+00,9.635338238091e-01
4.773438671934e+00,9.635471783347e-01
4.773838691935e+00,9.635605293464e-01
4.774238711936e+00,9.635738768254e-01
4.774638731937e+00,9.635872207526e-01
4.775038751938e+00,9.636005611090e-01
4.775438771939e+00,9.636138978751e-01
4.775838791940e+00,9.636272310315e-01
4.776238811941e+00,9.636405605587e-01
4.776638831942e+00,9.636538864368e-01
4.777038851943e+00,9.636672086461e-01
4.777438871944e+00,9.636805271665e-01
4.777838891945e+00,9.636938419780e-01
4.778238911946e+00,9.637071530603e-01
4.778638931947e+00,9.637204603932e-01
4.779038951948e+00,9.637337639562e-01
4.779438971949e+00,9.637470637286e-01
4.779838991950e+00,9.637603596901e-01
4.780239011951e+00,9.637736518197e-01
4.780639031952e+00,9.637869400966e-01
4.781039051953e+00,9.638002245001e-01
4.781439071954e+00,9.638135050090e-01
4.781839091955e+00,9.638267816023e-01
4.782239111956e+00,9.638400542590e-01
4.782639131957e+00,9.638533229577e-01
4.783039151958e+00,9.638665876772e-01
4.783439171959e+00,9.638798483962e-01
4.783839191960e+00,9.638931050934e-01
4.784239211961e+00,9.639063577471e-01
4.784639231962e+00,9.639196063361e-01
4.785039251963e+00,9.639328508387e-01
4.785439271964e+00,9.639460912334e-01
4.785839291965e+00,9.639593274985e-01
4.786239311966e+00,9.639725596124e-01
4.786639331967e+00,9.639857875535e-01
4.787039351968e+00,9.639990113001e-01
4.787439371969e+00,9.640122308305e-01
4.787839391970e+00,9.640254461231e-01
4.788239411971e+00,9.640386571562e-01
4.788639431972e+00,9.640518639081e-01
4.789039451973e+00,9.640650663571e-01
4.789439471974e+00,9.640782644815e-01
4.789839491975e+00,9.640914582597e-01
4.790239511976e+00,9.641046476700e-01
4.790639531977e+00,9.641178326908e-01
4.791039551978e+00,9.641310133005e-01
4.791439571979e+00,9.641441894775e-01
4.791839591980e+00,9.641573612003e-01
4.792239611981e+00,9.641705284474e-01
4.792639631982e+00,9.641836911974e-01
4.793039651983e+00,9.641968494289e-01
4.793439671984e+00,9.642100031204e-01
4.793839691985e+00,9.642231522508e-01
4.794239711986e+00,9.642362967987e-01
4.794639731987e+00,9.642494367431e-01
4.795039751988e+00,9.642625720628e-01
4.795439771989e+00,9.642757027368e-01
4.795839791990e+00,9.642888287442e-01
4.796239811991e+00,9.643019500641e-01
4.796639831992e+00,9.643150666757e-01
4.797039851993e+00,9.643281785584e-01
4.797439871994e+00,9.643412856916e-01
4.797839891995e+00,9.643543880547e-01
4.798239911996e+00,9.643674856275e-01
4.798639931997e+00,9.643805783897e-01
4.799039951998e+00,9.643936663210e-01
4.799439971999e+00,9.644067494016e-01
4.799839992000e+00,9.644198276114e-01
4.800240012001e+00,9.644329009307e-01
4.800640032002e+00,9.644459693399e-01
4.801040052003e+00,9.644590328194e-01
4.801440072004e+00,9.644720913498e-01
4.801840092005e+00,9.644851449120e-01
4.802240112006e+00,9.644981934868e-01
4.802640132007e+00,9.645112370554e-01
4.803040152008e+00,9.645242755988e-01
4.803440172009e+00,9.645373090986e-01
4.803840192010e+00,9.645503375362e-01
4.804240212011e+00,9.645633608933e-01
4.804640232012e+00,9.645763791519e-01
4.805040252013e+00,9.645893922939e-01
4.805440272014e+00,9.646024003015e-01
4.805840292015e+00,9.646154031572e-01
4.806240312016e+00,9.646284008435e-01
4.806640332017e+00,9.646413933432e-01
4.807040352018e+00,9.646543806391e-01
4.807440372019e+00,9.646673627144e-01
4.807840392020e+00,9.646803395524e-01
4.808240412021e+00,9.646933111365e-01
4.808640432022e+00,9.647062774506e-01
4.809040452023e+00,9.647192384786e-01
4.809440472024e+00,9.647321942047e-01
4.809840492025e+00,9.647451446133e-01
4.810240512026e+00,9.647580896890e-01
4.810640532027e+00,9.647710294166e-01
4.811040552028e+00,9.647839637812e-01
4.811440572029e+00,9.647968927679e-01
4.811840592030e+00,9.648098163624e-01
4.812240612031e+00,9.648227345502e-01
4.812640632032e+00,9.648356473175e-01
4.813040652033e+00,9.648485546503e-01
4.813440672034e+00,9.648614565352e-01
4.813840692035e+00,9.648743529587e-01
4.814240712036e+00,9.648872439079e-01
4.814640732037e+00,9.649001293699e-01
4.815040752038e+00,9.649130093321e-01
4.815440772039e+00,9.649258837822e-01
4.815840792040e+00,9.649387527082e-01
4.816240812041e+00,9.649516160982e-01
4.816640832042e+00,9.649644739407e-01
4.817040852043e+00,9.649773262244e-01
4.817440872044e+00,9.649901729382e-01
4.817840892045e+00,9.650030140715e-01
4.818240912046e+00,9.650158496138e-01
4.818640932047e+00,9.650286795548e-01
4.819040952048e+00,9.650415038846e-01
4.819440972049e+00,9.650543225936e-01
4.819840992050e+00,9.650671356724e-01
4.820241012051e+00,9.650799431118e-01
4.820641032052e+00,9.650927449032e-01
4.821041052053e+00,9.651055410380e-01
4.821441072054e+00,9.651183315078e-01
4.821841092055e+00,9.651311163049e-01
4.822241112056e+00,9.651438954215e-01
4.822641132057e+00,9.651566688503e-01
4.823041152058e+00,9.651694365842e-01
4.823441172059e+00,9.651821986164e-01
4.823841192060e+00,9.651949549404e-01
4.824241212061e+00,9.652077055502e-01
4.824641232062e+00,9.652204504397e-01
4.825041252063e+00,9.652331896034e-01
4.825441272064e+00,9.652459230360e-01
4.825841292065e+00,9.652586507325e-01
4.826241312066e+00,9.652713726882e-01
4.826641332067e+00,9.652840888988e-01
4.827041352068e+00,9.652967993601e-01
4.827441372069e+00,9.653095040683e-01
4.827841392070e+00,9.653222030199e-01
4.828241412071e+00,9.653348962117e-01
4.828641432072e+00,9.653475836408e-01
4.829041452073e+00,9.653602653046e-01
4.829441472074e+00,9.653729412010e-01
4.829841492075e+00,9.653856113281e-01
4.830241512076e+00,9.653982756841e-01
4.830641532077e+00,9.654109342679e-01
4.831041552078e+00,9.654235870784e-01
4.831441572079e+00,9.654362341148e-01
4.831841592080e+00,9.654488753769e-01
4.832241612081e+00,9.654615108645e-01
4.832641632082e+00,9.654741405778e-01
4.833041652083e+00,9.654867645175e-01
4.833441672084e+00,9.654993826844e-01
4.833841692085e+00,9.655119950796e-01
4.834241712086e+00,9.655246017046e-01
4.834641732087e+00,9.655372025612e-01
4.835041752088e+00,9.655497976515e-01
4.835441772089e+00,9.655623869779e-01
4.835841792090e+00,9.655749705432e-01
4.836241812091e+00,9.655875483503e-01
4.836641832092e+00,9.656001204025e-01
4.837041852093e+00,9.656126867035e-01
4.837441872094e+00,9.656252472572e-01
4.837841892095e+00,9.656378020679e-01
4.838241912096e+00,9.656503511401e-01
4.838641932097e+00,9.656628944787e-01
4.839041952098e+00,9.656754320888e-01
4.839441972099e+00,9.656879639759e-01
4.839841992100e+00,9.657004901458e-01
4.840242012101e+00,9.657130106044e-01
4.840642032102e+00,9.657255253582e-01
4.841042052103e+00,9.657380344139e-01
4.841442072104e+00,9.657505377784e-01
4.841842092105e+00,9.657630354589e-01
4.842242112106e+00,9.657755274631e-01
4.842642132107e+00,9.657880137987e-01
4.843042152108e+00,9.658004944739e-01
4.843442172109e+00,9.658129694972e-01
4.843842192110e+00,9.658254388772e-01
4.844242212111e+00,9.658379026230e-01
4.844642232112e+00,9.658503607438e-01
4.845042252113e+00,9.658628132493e-01
4.845442272114e+00,9.658752601492e-01
4.845842292115e+00,9.658877014538e-01
4.846242312116e+00,9.659001371734e-01
4.846642332117e+00,9.659125673187e-01
4.847042352118e+00,9.659249919007e-01
4.847442372119e+00,9.659374109304e-01
4.847842392120e+00,9.659498244195e-01
4.848242412121e+00,9.659622323796e-01
4.848642432122e+00,9.659746348228e-01
4.849042452123e+00,9.659870317611e-01
4.849442472124e+00,9.659994232074e-01
4.849842492125e+00,9.660118091743e-01
4.850242512126e+00,9.660241896751e-01
4.850642532127e+00,9.660365647229e-01
4.851042552128e+00,9.660489343314e-01
4.851442572129e+00,9.660612985142e-01
4.851842592130e+00,9.660736572855e-01
4.852242612131e+00,9.660860106595e-01
4.852642632132e+00,9.660983586508e-01
4.853042652133e+00,9.661107012742e-01
4.853442672134e+00,9.661230385447e-01
4.853842692135e+00,9.661353704775e-01
4.854242712136e+00,9.661476970882e-01
4.854642732137e+00,9.661600183923e-01
4.855042752138e+00,9.661723344060e-01
4.855442772139e+00,9.661846451452e-01
4.855842792140e+00,9.661969506264e-01
4.856242812141e+00,9.662092508662e-01
4.856642832142e+00,9.662215458812e-01
4.857042852143e+00,9.662338356885e-01
4.857442872144e+00,9.662461203053e-01
4.857842892145e+00,9.662583997490e-01
4.858242912146e+00,9.662706740370e-01
4.858642932147e+00,9.662829431873e-01
4.859042952148e+00,9.662952072177e-01
4.859442972149e+00,9.663074661463e-01
4.859842992150e+00,9.663197199916e-01
4.860243012151e+00,9.663319687720e-01
4.860643032152e+00,9.663442125062e-01
4.861043052153e+00,9.663564512129e-01
4.861443072154e+00,9.663686849114e-01
4.861843092155e+00,9.663809136207e-01
4.862243112156e+00,9.663931373602e-01
4.862643132157e+00,9.664053561493e-01
4.863043152158e+00,9.664175700079e-01
4.863443172159e+00,9.664297789557e-01
4.863843192160e+00,9.664419830126e-01
4.864243212161e+00,9.664541821988e-01
4.864643232162e+00,9.664663765346e-01
4.865043252163e+00,9.664785660404e-01
4.865443272164e+00,9.664907507367e-01
4.865843292165e+00,9.665029306442e-01
4.866243312166e+00,9.665151057837e-01
4.866643332167e+00,9.665272761761e-01
4.867043352168e+00,9.665394418424e-01
4.867443372169e+00,9.665516028040e-01
4.867843392170e+00,9.665637590819e-01
4.868243412171e+00,9.665759106977e-01
4.868643432172e+00,9.665880576728e-01
4.869043452173e+00,9.666002000288e-01
4.869443472174e+00,9.666123377873e-01
4.869843492175e+00,9.666244709703e-01
4.870243512176e+00,9.666365995994e-01
4.870643532177e+00,9.666487236967e-01
4.871043552178e+00,9.666608432841e-01
4.871443572179e+00,9.666729583837e-01
4.871843592180e+00,9.666850690177e-01
4.872243612181e+00,9.666971752082e-01
4.872643632182e+00,9.667092769775e-01
4.873043652183e+00,9.667213743479e-01
4.873443672184e+00,9.667334673415e-01
4.873843692185e+00,9.667455559809e-01
4.874243712186e+00,9.667576402883e-01
4.874643732187e+00,9.667697202861e-01
4.875043752188e+00,9.667817959966e-01
4.875443772189e+00,9.667938674423e-01
4.875843792190e+00,9.668059346455e-01
4.876243812191e+00,9.668179976288e-01
4.876643832192e+00,9.668300564153e-01
4.877043852193e+00,9.668421110278e-01
4.877443872194e+00,9.668541614887e-01
4.877843892195e+00,9.668662078209e-01
4.878243912196e+00,9.668782500469e-01
4.878643932197e+00,9.668902881894e-01
4.879043952198e+00,9.669023222710e-01
4.879443972199e+00,9.669143523143e-01
4.879843992200e+00,9.669263783420e-01
4.880244012201e+00,9.669384003767e-01
4.880644032202e+00,9.669504184408e-01
4.881044052203e+00,9.669624325571e-01
4.881444072204e+00,9.669744427479e-01
4.881844092205e+00,9.669864490357e-01
4.882244112206e+00,9.669984514431e-01
4.882644132207e+00,9.670104499923e-01
4.883044152208e+00,9.670224447057e-01
4.883444172209e+00,9.670344356056e-01
4.883844192210e+00,9.670464227143e-01
4.884244212211e+00,9.670584060539e-01
4.884644232212e+00,9.670703856464e-01
4.885044252213e+00,9.670823615140e-01
4.885444272214e+00,9.670943336786e-01
4.885844292215e+00,9.671063021621e-01
4.886244312216e+00,9.671182669863e-01
4.886644332217e+00,9.671302281728e-01
4.887044352218e+00,9.671421857434e-01
4.887444372219e+00,9.671541397196e-01
4.887844392220e+00,9.671660901229e-01
4.888244412221e+00,9.671780369744e-01
4.888644432222e+00,9.671899802956e-01
4.889044452223e+00,9.672019201076e-01
4.889444472224e+00,9.672138564313e-01
4.889844492225e+00,9.672257892877e-01
4.890244512226e+00,9.672377186975e-01
4.890644532227e+00,9.672496446815e-01
4.891044552228e+00,9.672615672601e-01
4.891444572229e+00,9.672734864538e-01
4.891844592230e+00,9.672854022829e-01
4.892244612231e+00,9.672973147675e-01
4.892644632232e+00,9.673092239275e-01
4.893044652233e+00,9.673211297829e-01
4.893444672234e+00,9.673330323534e-01
4.893844692235e+00,9.673449316584e-01
4.894244712236e+00,9.673568277174e-01
4.894644732237e+00,9.673687205497e-01
4.895044752238e+00,9.673806101742e-01
4.895444772239e+00,9.673924966098e-01
4.895844792240e+00,9.674043798753e-01
4.896244812241e+00,9.674162599893e-01
4.896644832242e+00,9.674281369700e-01
4.897044852243e+00,9.674400108357e-01
4.897444872244e+00,9.674518816042e-01
4.897844892245e+00,9.674637492935e-01
4.898244912246e+00,9.674756139213e-01
4.898644932247e+00,9.674874755050e-01
4.899044952248e+00,9.674993340619e-01
4.899444972249e+00,9.675111896090e-01
4.899844992250e+00,9.675230421632e-01
4.900245012251e+00,9.675348917411e-01
4.900645032252e+00,9.675467383592e-01
4.901045052253e+00,9.675585820337e-01
4.901445072254e+00,9.675704227806e-01
4.901845092255e+00,9.675822606157e-01
4.902245112256e+00,9.675940955546e-01
4.902645132257e+00,9.676059276128e-01
4.903045152258e+00,9.676177568052e-01
4.903445172259e+00,9.676295831469e-01
4.903845192260e+00,9.676414066525e-01
4.904245212261e+00,9.676532273365e-01
4.904645232262e+00,9.676650452131e-01
4.905045252263e+00,9.676768602963e-01
4.905445272264e+00,9.676886725998e-01
4.905845292265e+00,9.677004821372e-01
4.906245312266e+00,9.677122889216e-01
4.906645332267e+00,9.677240929661e-01
4.907045352268e+00,9.677358942835e-01
4.907445372269e+00,9.677476928863e-01
4.907845392270e+00,9.677594887867e-01
4.908245412271e+00,9.677712819968e-01
4.908645432272e+00,9.677830725283e-01
4.909045452273e+00,9.677948603927e-01
4.909445472274e+00,9.678066456013e-01
4.909845492275e+00,9.678184281650e-01
4.910245512276e+00,9.678302080945e-01
4.910645532277e+00,9.678419854004e-01
4.911045552278e+00,9.678537600927e-01
4.911445572279e+00,9.678655321813e-01
4.911845592280e+00,9.678773016760e-01
4.912245612281e+00,9.678890685862e-01
4.912645632282e+00,9.679008329208e-01
4.913045652283e+00,9.679125946887e-01
4.913445672284e+00,9.679243538986e-01
4.913845692285e+00,9.679361105586e-01
4.914245712286e+00,9.679478646768e-01
4.914645732287e+00,9.679596162608e-01
4.915045752288e+00,9.679713653182e-01
4.915445772289e+00,9.679831118560e-01
4.915845792290e+00,9.679948558812e-01
4.916245812291e+00,9.680065974003e-01
4.916645832292e+00,9.680183364196e-01
4.917045852293e+00,9.680300729451e-01
4.917445872294e+00,9.680418069826e-01
4.917845892295e+00,9.680535385375e-01
4.918245912296e+00,9.680652676149e-01
4.918645932297e+00,9.680769942197e-01
4.919045952298e+00,9.680887183565e-01
4.919445972299e+00,9.681004400295e-01
4.919845992300e+00,9.681121592427e-01
4.920246012301e+00,9.681238760000e-01
4.920646032302e+00,9.681355903046e-01
4.921046052303e+00,9.681473021597e-01
4.921446072304e+00,9.681590115682e-01
4.921846092305e+00,9.681707185326e-01
4.922246112306e+00,9.681824230551e-01
4.922646132307e+00,9.681941251377e-01
4.923046152308e+00,9.682058247821e-01
4.923446172309e+00,9.682175219897e-01
4.923846192310e+00,9.682292167614e-01
4.924246212311e+00,9.682409090982e-01
4.924646232312e+00,9.682525990005e-01
4.925046252313e+00,9.682642864686e-01
4.925446272314e+00,9.682759715023e-01
4.925846292315e+00,9.682876541013e-01
4.926246312316e+00,9.682993342649e-01
4.926646332317e+00,9.683110119922e-01
4.927046352318e+00,9.683226872820e-01
4.927446372319e+00,9.683343601326e-01
4.927846392320e+00,9.683460305424e-01
4.928246412321e+00,9.683576985092e-01
4.928646432322e+00,9.683693640305e-01
4.929046452323e+00,9.683810271038e-01
4.929446472324e+00,9.683926877261e-01
4.929846492325e+00,9.684043458942e-01
4.930246512326e+00,9.684160016044e-01
4.930646532327e+00,9.684276548530e-01
4.931046552328e+00,9.684393056360e-01
4.931446572329e+00,9.684509539489e-01
4.931846592330e+00,9.684625997872e-01
4.932246612331e+00,9.684742431458e-01
4.932646632332e+00,9.684858840197e-01
4.933046652333e+00,9.684975224033e-01
4.933446672334e+00,9.685091582909e-01
4.933846692335e+00,9.685207916765e-01
4.934246712336e+00,9.685324225537e-01
4.934646732337e+00,9.685440509162e-01
4.935046752338e+00,9.685556767570e-01
4.935446772339e+00,9.685673000690e-01
4.935846792340e+00,9.685789208450e-01
4.936246812341e+00,9.685905390772e-01
4.936646832342e+00,9.686021547580e-01
4.937046852343e+00,9.686137678790e-01
4.937446872344e+00,9.686253784320e-01
4.937846892345e+00,9.686369864083e-01
4.938246912346e+00,9.686485917990e-01
4.938646932347e+00,9.686601945950e-01
4.939046952348e+00,9.686717947869e-01
4.939446972349e+00,9.686833923650e-01
4.939846992350e+00,9.686949873196e-01
4.940247012351e+00,9.687065796403e-01
4.940647032352e+00,9.687181693170e-01
4.941047052353e+00,9.687297563389e-01
4.941447072354e+00,9.687413406953e-01
4.941847092355e+00,9.687529223752e-01
4.942247112356e+00,9.687645013671e-01
4.942647132357e+00,9.687760776597e-01
4.943047152358e+00,9.687876512412e-01
4.943447172359e+00,9.687992220996e-01
4.943847192360e+00,9.688107902227e-01
4.944247212361e+00,9.688223555981e-01
4.944647232362e+00,9.688339182133e-01
4.945047252363e+00,9.688454780553e-01
4.945447272364e+00,9.688570351112e-01
4.945847292365e+00,9.688685893677e-01
4.946247312366e+00,9.688801408115e-01
4.946647332367e+00,9.688916894288e-01
4.947047352368e+00,9.689032352057e-01
4.947447372369e+00,9.689147781284e-01
4.947847392370e+00,9.689263181826e-01
4.948247412371e+00,9.689378553537e-01
4.948647432372e+00,9.689493896274e-01
4.949047452373e+00,9.689609209887e-01
4.949447472374e+00,9.689724494227e-01
4.949847492375e+00,9.689839749143e-01
4.950247512376e+00,9.689954974482e-01
4.950647532377e+00,9.690070170088e-01
4.951047552378e+00,9.690185335806e-01
4.951447572379e+00,9.690300471478e-01
4.951847592380e+00,9.690415576943e-01
4.952247612381e+00,9.690530652041e-01
4.952647632382e+00,9.690645696609e-01
4.953047652383e+00,9.690760710483e-01
4.953447672384e+00,9.690875693497e-01
4.953847692385e+00,9.690990645483e-01
4.954247712386e+00,9.691105566274e-01
4.954647732387e+00,9.691220455700e-01
4.955047752388e+00,9.691335313589e-01
4.955447772389e+00,9.691450139769e-01
4.955847792390e+00,9.691564934067e-01
4.956247812391e+00,9.691679696307e-01
4.956647832392e+00,9.691794426314e-01
4.957047852393e+00,9.691909123911e-01
4.957447872394e+00,9.692023788918e-01
4.957847892395e+00,9.692138421158e-01
4.958247912396e+00,9.692253020449e-01
4.958647932397e+00,9.692367586611e-01
4.959047952398e+00,9.692482119460e-01
4.959447972399e+00,9.692596618815e-01
4.959847992400e+00,9.692711084490e-01
4.960248012401e+00,9.692825516301e-01
4.960648032402e+00,9.692939914063e-01
4.961048052403e+00,9.693054277588e-01
4.961448072404e+00,9.693168606689e-01
4.961848092405e+00,9.693282901178e-01
4.962248112406e+00,9.693397160868e-01
4.962648132407e+00,9.693511385567e-01
4.963048152408e+00,9.693625575087e-01
4.963448172409e+00,9.693739729237e-01
4.963848192410e+00,9.693853847825e-01
4.964248212411e+00,9.693967930661e-01
4.964648232412e+00,9.694081977553e-01
4.965048252413e+00,9.694195988309e-01
4.965448272414e+00,9.694309962738e-01
4.965848292415e+00,9.694423900645e-01
4.966248312416e+00,9.694537801839e-01
4.966648332417e+00,9.694651666125e-01
4.967048352418e+00,9.694765493312e-01
4.967448372419e+00,9.694879283204e-01
4.967848392420e+00,9.694993035609e-01
4.968248412421e+00,9.695106750332e-01
4.968648432422e+00,9.695220427181e-01
4.969048452423e+00,9.695334065961e-01
4.969448472424e+00,9.695447666480e-01
4.969848492425e+00,9.695561228543e-01
4.970248512426e+00,9.695674751956e-01
4.970648532427e+00,9.695788236528e-01
4.971048552428e+00,9.695901682064e-01
4.971448572429e+00,9.696015088371e-01
4.971848592430e+00,9.696128455259e-01
4.972248612431e+00,9.696241782533e-01
4.972648632432e+00,9.696355070002e-01
4.973048652433e+00,9.696468317475e-01
4.973448672434e+00,9.696581524761e-01
4.973848692435e+00,9.696694691668e-01
4.974248712436e+00,9.696807818008e-01
4.974648732437e+00,9.696920903591e-01
4.975048752438e+00,9.697033948226e-01
4.975448772439e+00,9.697146951728e-01
4.975848792440e+00,9.697259913906e-01
4.976248812441e+00,9.697372834576e-01
4.976648832442e+00,9.697485713550e-01
4.977048852443e+00,9.697598550644e-01
4.977448872444e+00,9.697711345672e-01
4.977848892445e+00,9.697824098452e-01
4.978248912446e+00,9.697936808800e-01
4.978648932447e+00,9.698049476534e-01
4.979048952448e+00,9.698162101474e-01
4.979448972449e+00,9.698274683440e-01
4.979848992450e+00,9.698387222253e-01
4.980249012451e+00,9.698499717735e-01
4.980649032452e+00,9.698612169710e-01
4.981049052453e+00,9.698724578003e-01
4.981449072454e+00,9.698836942438e-01
4.981849092455e+00,9.698949262843e-01
4.982249112456e+00,9.699061539047e-01
4.982649132457e+00,9.699173770877e-01
4.983049152458e+00,9.699285958167e-01
4.983449172459e+00,9.699398100746e-01
4.983849192460e+00,9.699510198449e-01
4.984249212461e+00,9.699622251111e-01
4.984649232462e+00,9.699734258567e-01
4.985049252463e+00,9.699846220655e-01
4.985449272464e+00,9.699958137214e-01
4.985849292465e+00,9.700070008086e-01
4.986249312466e+00,9.700181833110e-01
4.986649332467e+00,9.700293612132e-01
4.987049352468e+00,9.700405344996e-01
4.987449372469e+00,9.700517031550e-01
4.987849392470e+00,9.700628671645e-01
4.988249412471e+00,9.700740265130e-01
4.988649432472e+00,9.700851811857e-01
4.989049452473e+00,9.700963311682e-01
4.989449472474e+00,9.701074764460e-01
4.989849492475e+00,9.701186170049e-01
4.990249512476e+00,9.701297528308e-01
4.990649532477e+00,9.701408839100e-01
4.991049552478e+00,9.701520102288e-01
4.991449572479e+00,9.701631317737e-01
4.991849592480e+00,9.701742485316e-01
4.992249612481e+00,9.701853604893e-01
4.992649632482e+00,9.701964676340e-01
4.993049652483e+00,9.702075699531e-01
4.993449672484e+00,9.702186674341e-01
4.993849692485e+00,9.702297600649e-01
4.994249712486e+00,9.702408478334e-01
4.994649732487e+00,9.702519307277e-01
4.995049752488e+00,9.702630087364e-01
4.995449772489e+00,9.702740818481e-01
4.995849792490e+00,9.702851500516e-01
4.996249812491e+00,9.702962133360e-01
4.996649832492e+00,9.703072716907e-01
4.997049852493e+00,9.703183251052e-01
4.997449872494e+00,9.703293735691e-01
4.997849892495e+00,9.703404170727e-01
4.998249912496e+00,9.703514556061e-01
4.998649932497e+00,9.703624891597e-01
4.999049952498e+00,9.703735177244e-01
4.999449972499e+00,9.703845412910e-01
4.999849992500e+00,9.703955598508e-01
5.000250012501e+00,9.704065733952e-01
5.000650032502e+00,9.704175819160e-01
5.001050052503e+00,9.704285854050e-01
5.001450072504e+00,9.704395838546e-01
5.001850092505e+00,9.704505772570e-01
5.002250112506e+00,9.704615656051e-01
5.002650132507e+00,9.704725488918e-01
5.003050152508e+00,9.704835271103e-01
5.003450172509e+00,9.704945002541e-01
5.003850192510e+00,9.705054683169e-01
5.004250212511e+00,9.705164312927e-01
5.004650232512e+00,9.705273891757e-01
5.005050252513e+00,9.705383419604e-01
5.005450272514e+00,9.705492896416e-01
5.005850292515e+00,9.705602322144e-01
5.006250312516e+00,9.705711696739e-01
5.006650332517e+00,9.705821020157e-01
5.007050352518e+00,9.705930292356e-01
5.007450372519e+00,9.706039513297e-01
5.007850392520e+00,9.706148682942e-01
5.008250412521e+00,9.706257801258e-01
5.008650432522e+00,9.706366868216e-01
5.009050452523e+00,9.706475883786e-01
5.009450472524e+00,9.706584847942e-01
5.009850492525e+00,9.706693760663e-01
5.010250512526e+00,9.706802621927e-01
5.010650532527e+00,9.706911431718e-01
5.011050552528e+00,9.707020190020e-01
5.011450572529e+00,9.707128896822e-01
5.011850592530e+00,9.707237552114e-01
5.012250612531e+00,9.707346155890e-01
5.012650632532e+00,9.707454708146e-01
5.013050652533e+00,9.707563208881e-01
5.013450672534e+00,9.707671658096e-01
5.013850692535e+00,9.707780055797e-01
5.014250712536e+00,9.707888401990e-01
5.014650732537e+00,9.707996696685e-01
5.015050752538e+00,9.708104939895e-01
5.015450772539e+00,9.708213131635e-01
5.015850792540e+00,9.708321271923e-01
5.016250812541e+00,9.708429360780e-01
5.016650832542e+00,9.708537398230e-01
5.017050852543e+00,9.708645384299e-01
5.017450872544e+00,9.708753319015e-01
5.017850892545e+00,9.708861202411e-01
5.018250912546e+00,9.708969034520e-01
5.018650932547e+00,9.709076815380e-01
5.019050952548e+00,9.709184545032e-01
5.019450972549e+00,9.709292223516e-01
5.019850992550e+00,9.709399850879e-01
5.020251012551e+00,9.709507427169e-01
5.020651032552e+00,9.709614952435e-01
5.021051052553e+00,9.709722426732e-01
5.021451072554e+00,9.709829850115e-01
5.021851092555e+00,9.709937222643e-01
5.022251112556e+00,9.710044544377e-01
5.022651132557e+00,9.710151815381e-01
5.023051152558e+00,9.710259035721e-01
5.023451172559e+00,9.710366205467e-01
5.023851192560e+00,9.710473324690e-01
5.024251212561e+00,9.710580393464e-01
5.024651232562e+00,9.710687411866e-01
5.025051252563e+00,9.710794379976e-01
5.025451272564e+00,9.710901297875e-01
5.025851292565e+00,9.711008165647e-01
5.026251312566e+00,9.711114983379e-01
5.026651332567e+00,9.711221751161e-01
5.027051352568e+00,9.711328469083e-01
5.027451372569e+00,9.711435137241e-01
5.027851392570e+00,9.711541755729e-01
5.028251412571e+00,9.711648324647e-01
5.028651432572e+00,9.711754844095e-01
5.029051452573e+00,9.711861314179e-01
5.029451472574e+00,9.711967735004e-01
5.029851492575e+00,9.712074106680e-01
5.030251512576e+00,9.712180429316e-01
5.030651532577e+00,9.712286703026e-01
5.031051552578e+00,9.712392927926e-01
5.031451572579e+00,9.712499104132e-01
5.031851592580e+00,9.712605231765e-01
5.032251612581e+00,9.712711310947e-01
5.032651632582e+00,9.712817341802e-01
5.033051652583e+00,9.712923324458e-01
5.033451672584e+00,9.713029259042e-01
5.033851692585e+00,9.713135145685e-01
5.034251712586e+00,9.713240984521e-01
5.034651732587e+00,9.713346775684e-01
5.035051752588e+00,9.713452519311e-01
5.035451772589e+00,9.713558215541e-01
5.035851792590e+00,9.713663864516e-01
5.036251812591e+00,9.713769466378e-01
5.036651832592e+00,9.713875021272e-01
5.037051852593e+00,9.713980529346e-01
5.037451872594e+00,9.714085990747e-01
5.037851892595e+00,9.714191405626e-01
5.038251912596e+00,9.714296774136e-01
5.038651932597e+00,9.714402096430e-01
5.039051952598e+00,9.714507372666e-01
5.039451972599e+00,9.714612603000e-01
5.039851992600e+00,9.714717787592e-01
5.040252012601e+00,9.714822926604e-01
5.040652032602e+00,9.714928020198e-01
5.041052052603e+00,9.715033068538e-01
5.041452072604e+00,9.715138071791e-01
5.041852092605e+00,9.715243030125e-01
5.042252112606e+00,9.715347943709e-01
5.042652132607e+00,9.715452812714e-01
5.043052152608e+00,9.715557637311e-01
5.043452172609e+00,9.715662417676e-01
5.043852192610e+00,9.715767153983e-01
5.044252212611e+00,9.715871846409e-01
5.044652232612e+00,9.715976495133e-01
5.045052252613e+00,9.716081100333e-01
5.045452272614e+00,9.716185662190e-01
5.045852292615e+00,9.716290180887e-01
5.046252312616e+00,9.716394656607e-01
5.046652332617e+00,9.716499089534e-01
5.047052352618e+00,9.716603479854e-01
5.047452372619e+00,9.716707827754e-01
5.047852392620e+00,9.716812133421e-01
5.048252412621e+00,9.716916397046e-01
5.048652432622e+00,9.717020618817e-01
5.049052452623e+00,9.717124798925e-01
5.049452472624e+00,9.717228937563e-01
5.049852492625e+00,9.717333034923e-01
5.050252512626e+00,9.717437091199e-01
5.050652532627e+00,9.717541106584e-01
5.051052552628e+00,9.717645081273e-01
5.051452572629e+00,9.717749015463e-01
5.051852592630e+00,9.717852909350e-01
5.052252612631e+00,9.717956763129e-01
5.052652632632e+00,9.718060576999e-01
5.053052652633e+00,9.718164351158e-01
5.053452672634e+00,9.718268085807e-01
5.053852692635e+00,9.718371781148e-01
5.054252712636e+00,9.718475437381e-01
5.054652732637e+00,9.718579054706e-01
5.055052752638e+00,9.718682633326e-01
5.055452772639e+00,9.718786173442e-01
5.055852792640e+00,9.718889675256e-01
5.056252812641e+00,9.718993138972e-01
5.056652832642e+00,9.719096564792e-01
5.057052852643e+00,9.719199952920e-01
5.057452872644e+00,9.719303303559e-01
5.057852892645e+00,9.719406616914e-01
5.058252912646e+00,9.719509893188e-01
5.058652932647e+00,9.719613132585e-01
5.059052952648e+00,9.719716335310e-01
5.059452972649e+00,9.719819501567e-01
5.059852992650e+00,9.719922631560e-01
5.060253012651e+00,9.720025725493e-01
5.060653032652e+00,9.720128783571e-01
5.061053052653e+00,9.720231805997e-01
5.061453072654e+00,9.720334792977e-01
5.061853092655e+00,9.720437744713e-01
5.062253112656e+00,9.720540661409e-01
5.062653132657e+00,9.720643543269e-01
5.063053152658e+00,9.720746390495e-01
5.063453172659e+00,9.720849203292e-01
5.063853192660e+00,9.720951981861e-01
5.064253212661e+00,9.721054726404e-01
5.064653232662e+00,9.721157437123e-01
5.065053252663e+00,9.721260114220e-01
5.065453272664e+00,9.721362757896e-01
5.065853292665e+00,9.721465368350e-01
5.066253312666e+00,9.721567945782e-01
5.066653332667e+00,9.721670490393e-01
5.067053352668e+00,9.721773002380e-01
5.067453372669e+00,9.721875481941e-01
5.067853392670e+00,9.721977929274e-01
5.068253412671e+00,9.722080344576e-01
5.068653432672e+00,9.722182728041e-01
5.069053452673e+00,9.722285079866e-01
5.069453472674e+00,9.722387400244e-01
5.069853492675e+00,9.722489689369e-01
5.070253512676e+00,9.722591947433e-01
5.070653532677e+00,9.722694174628e-01
5.071053552678e+00,9.722796371144e-01
5.071453572679e+00,9.722898537171e-01
5.071853592680e+00,9.723000672897e-01
5.072253612681e+00,9.723102778510e-01
5.072653632682e+00,9.723204854195e-01
5.073053652683e+00,9.723306900139e-01
5.073453672684e+00,9.723408916524e-01
5.073853692685e+00,9.723510903534e-01
5.074253712686e+00,9.723612861349e-01
5.074653732687e+00,9.723714790150e-01
5.075053752688e+00,9.723816690114e-01
5.075453772689e+00,9.723918561422e-01
5.075853792690e+00,9.724020404248e-01
5.076253812691e+00,9.724122218769e-01
5.076653832692e+00,9.724224005158e-01
5.077053852693e+00,9.724325763586e-01
5.077453872694e+00,9.724427494225e-01
5.077853892695e+00,9.724529197244e-01
5.078253912696e+00,9.724630872810e-01
5.078653932697e+00,9.724732521089e-01
5.079053952698e+00,9.724834142247e-01
5.079453972699e+00,9.724935736444e-01
5.079853992700e+00,9.725037303844e-01
5.080254012701e+00,9.725138844605e-01
5.080654032702e+00,9.725240358886e-01
5.081054052703e+00,9.725341846841e-01
5.081454072704e+00,9.725443308627e-01
5.081854092705e+00,9.725544744395e-01
5.082254112706e+00,9.725646154296e-01
5.082654132707e+00,9.725747538479e-01
5.083054152708e+00,9.725848897091e-01
5.083454172709e+00,9.725950230278e-01
5.083854192710e+00,9.726051538182e-01
5.084254212711e+00,9.726152820945e-01
5.084654232712e+00,9.726254078707e-01
5.085054252713e+00,9.726355311605e-01
5.085454272714e+00,9.726456519774e-01
5.085854292715e+00,9.726557703347e-01
5.086254312716e+00,9.726658862457e-01
5.086654332717e+00,9.726759997232e-01
5.087054352718e+00,9.726861107800e-01
5.087454372719e+00,9.726962194285e-01
5.087854392720e+00,9.727063256811e-01
5.088254412721e+00,9.727164295499e-01
5.088654432722e+00,9.727265310468e-01
5.089054452723e+00,9.727366301833e-01
5.089454472724e+00,9.727467269709e-01
5.089854492725e+00,9.727568214209e-01
5.090254512726e+00,9.727669135442e-01
5.090654532727e+00,9.727770033515e-01
5.091054552728e+00,9.727870908535e-01
5.091454572729e+00,9.727971760604e-01
5.091854592730e+00,9.728072589823e-01
5.092254612731e+00,9.728173396290e-01
5.092654632732e+00,9.728274180102e-01
5.093054652733e+00,9.728374941351e-01
5.093454672734e+00,9.728475680130e-01
5.093854692735e+00,9.728576396528e-01
5.094254712736e+00,9.728677090630e-01
5.094654732737e+00,9.728777762521e-01
5.095054752738e+00,9.728878412283e-01
5.095454772739e+00,9.728979039995e-01
5.095854792740e+00,9.729079645734e-01
5.096254812741e+00,9.729180229573e-01
5.096654832742e+00,9.729280791585e-01
5.097054852743e+00,9.729381331838e-01
5.097454872744e+00,9.729481850400e-01
5.097854892745e+00,9.729582347335e-01
5.098254912746e+00,9.729682822706e-01
5.098654932747e+00,9.729783276571e-01
5.099054952748e+00,9.729883708988e-01
5.099454972749e+00,9.729984120010e-01
5.099854992750e+00,9.730084509690e-01
5.100255012751e+00,9.730184878077e-01
5.100655032752e+00,9.730285225218e-01
5.101055052753e+00,9.730385551156e-01
5.101455072754e+00,9.730485855933e-01
5.101855092755e+00,9.730586139589e-01
5.102255112756e+00,9.730686402159e-01
5.102655132757e+00,9.730786643677e-01
5.103055152758e+00,9.730886864175e-01
5.103455172759e+00,9.730987063681e-01
5.103855192760e+00,9.731087242222e-01
5.104255212761e+00,9.731187399821e-01
5.104655232762e+00,9.731287536499e-01
5.105055252763e+00,9.731387652274e-01
5.105455272764e+00,9.731487747162e-01
5.105855292765e+00,9.731587821176e-01
5.106255312766e+00,9.731687874326e-01
5.106655332767e+00,9.731787906621e-01
5.107055352768e+00,9.731887918067e-01
5.107455372769e+00,9.731987908664e-01
5.107855392770e+00,9.732087878415e-01
5.108255412771e+00,9.732187827317e-01
5.108655432772e+00,9.732287755364e-01
5.109055452773e+00,9.732387662549e-01
5.109455472774e+00,9.732487548863e-01
5.109855492775e+00,9.732587414292e-01
5.110255512776e+00,9.732687258822e-01
5.110655532777e+00,9.732787082434e-01
5.111055552778e+00,9.732886885108e-01
5.111455572779e+00,9.732986666822e-01
5.111855592780e+00,9.733086427550e-01
5.112255612781e+00,9.733186167264e-01
5.112655632782e+00,9.733285885935e-01
5.113055652783e+00,9.733385583529e-01
5.113455672784e+00,9.733485260010e-01
5.113855692785e+00,9.733584915342e-01
5.114255712786e+00,9.733684549483e-01
5.114655732787e+00,9.733784162391e-01
5.115055752788e+00,9.733883754021e-01
5.115455772789e+00,9.733983324325e-01
5.115855792790e+00,9.734082873253e-01
5.116255812791e+00,9.734182400752e-01
5.116655832792e+00,9.734281906767e-01
5.117055852793e+00,9.734381391242e-01
5.117455872794e+00,9.734480854116e-01
5.117855892795e+00,9.734580295327e-01
5.118255912796e+00,9.734679714812e-01
5.118655932797e+00,9.734779112502e-01
5.119055952798e+00,9.734878488328e-01
5.119455972799e+00,9.734977842221e-01
5.119855992800e+00,9.735077174105e-01
5.120256012801e+00,9.735176483905e-01
5.120656032802e+00,9.735275771543e-01
5.121056052803e+00,9.735375036938e-01
5.121456072804e+00,9.735474280008e-01
5.121856092805e+00,9.735573500668e-01
5.122256112806e+00,9.735672698831e-01
5.122656132807e+00,9.735771874407e-01
5.123056152808e+00,9.735871027306e-01
5.123456172809e+00,9.735970157433e-01
5.123856192810e+00,9.736069264694e-01
5.124256212811e+00,9.736168348991e-01
5.124656232812e+00,9.736267410223e-01
5.125056252813e+00,9.736366448290e-01
5.125456272814e+00,9.736465463088e-01
5.125856292815e+00,9.736564454511e-01
5.126256312816e+00,9.736663422450e-01
5.126656332817e+00,9.736762366798e-01
5.127056352818e+00,9.736861287441e-01
5.127456372819e+00,9.736960184266e-01
5.127856392820e+00,9.737059057159e-01
5.128256412821e+00,9.737157906001e-01
5.128656432822e+00,9.737256730675e-01
5.129056452823e+00,9.737355531058e-01
5.129456472824e+00,9.737454307028e-01
5.129856492825e+00,9.737553058461e-01
5.130256512826e+00,9.737651785231e-01
5.130656532827e+00,9.737750487209e-01
5.131056552828e+00,9.737849164267e-01
5.131456572829e+00,9.737947816273e-01
5.131856592830e+00,9.738046443094e-01
5.132256612831e+00,9.738145044596e-01
5.132656632832e+00,9.738243620644e-01
5.133056652833e+00,9.738342171098e-01
5.133456672834e+00,9.738440695821e-01
5.133856692835e+00,9.738539194673e-01
5.134256712836e+00,9.738637667510e-01
5.134656732837e+00,9.738736114190e-01
5.135056752838e+00,9.738834534569e-01
5.135456772839e+00,9.738932928499e-01
5.135856792840e+00,9.739031295834e-01
5.136256812841e+00,9.739129636425e-01
5.136656832842e+00,9.739227950122e-01
5.137056852843e+00,9.739326236773e-01
5.137456872844e+00,9.739424496227e-01
5.137856892845e+00,9.739522728329e-01
5.138256912846e+00,9.739620932925e-01
5.138656932847e+00,9.739719109858e-01
5.139056952848e+00,9.739817258973e-01
5.139456972849e+00,9.739915380110e-01
5.139856992850e+00,9.740013473111e-01
5.140257012851e+00,9.740111537816e-01
5.140657032852e+00,9.740209574063e-01
5.141057052853e+00,9.740307581690e-01
5.141457072854e+00,9.740405560535e-01
5.141857092855e+00,9.740503510433e-01
5.142257112856e+00,9.740601431219e-01
5.142657132857e+00,9.740699322729e-01
5.143057152858e+00,9.740797184795e-01
5.143457172859e+00,9.740895017251e-01
5.143857192860e+00,9.740992819929e-01
5.144257212861e+00,9.741090592660e-01
5.144657232862e+00,9.741188335277e-01
5.145057252863e+00,9.741286047610e-01
5.145457272864e+00,9.741383729488e-01
5.145857292865e+00,9.741481380741e-01
5.146257312866e+00,9.741579001197e-01
5.146657332867e+00,9.741676590685e-01
5.147057352868e+00,9.741774149033e-01
5.147457372869e+00,9.741871676069e-01
5.147857392870e+00,9.741969171619e-01
5.148257412871e+00,9.742066635511e-01
5.148657432872e+00,9.742164067572e-01
5.149057452873e+00,9.742261467626e-01
5.149457472874e+00,9.742358835501e-01
5.149857492875e+00,9.742456171022e-01
5.150257512876e+00,9.742553474016e-01
5.150657532877e+00,9.742650744306e-01
5.151057552878e+00,9.742747981720e-01
5.151457572879e+00,9.742845186083e-01
5.151857592880e+00,9.742942357219e-01
5.152257612881e+00,9.743039494954e-01
5.152657632882e+00,9.743136599115e-01
5.153057652883e+00,9.743233669525e-01
5.153457672884e+00,9.743330706011e-01
5.153857692885e+00,9.743427708398e-01
5.154257712886e+00,9.743524676514e-01
5.154657732887e+00,9.743621610182e-01
5.155057752888e+00,9.743718509231e-01
5.155457772889e+00,9.743815373487e-01
5.155857792890e+00,9.743912202776e-01
5.156257812891e+00,9.744008996927e-01
5.156657832892e+00,9.744105755767e-01
5.157057852893e+00,9.744202479124e-01
5.157457872894e+00,9.744299166827e-01
5.157857892895e+00,9.744395818704e-01
5.158257912896e+00,9.744492434587e-01
5.158657932897e+00,9.744589014305e-01
5.159057952898e+00,9.744685557689e-01
5.159457972899e+00,9.744782064570e-01
5.159857992900e+00,9.744878534780e-01
5.160258012901e+00,9.744974968153e-01
5.160658032902e+00,9.745071364521e-01
5.161058052903e+00,9.745167723719e-01
5.161458072904e+00,9.745264045583e-01
5.161858092905e+00,9.745360329947e-01
5.162258112906e+00,9.745456576649e-01
5.162658132907e+00,9.745552785525e-01
5.163058152908e+00,9.745648956415e-01
5.163458172909e+00,9.745745089158e-01
5.163858192910e+00,9.745841183594e-01
5.164258212911e+00,9.745937239563e-01
5.164658232912e+00,9.746033256908e-01
5.165058252913e+00,9.746129235473e-01
5.165458272914e+00,9.746225175102e-01
5.165858292915e+00,9.746321075640e-01
5.166258312916e+00,9.746416936936e-01
5.166658332917e+00,9.746512758836e-01
5.167058352918e+00,9.746608541190e-01
5.167458372919e+00,9.746704283848e-01
5.167858392920e+00,9.746799986662e-01
5.168258412921e+00,9.746895649485e-01
5.168658432922e+00,9.746991272172e-01
5.169058452923e+00,9.747086854578e-01
5.169458472924e+00,9.747182396559e-01
5.169858492925e+00,9.747277897976e-01
5.170258512926e+00,9.747373358687e-01
5.170658532927e+00,9.747468778554e-01
5.171058552928e+00,9.747564157440e-01
5.171458572929e+00,9.747659495208e-01
5.171858592930e+00,9.747754791726e-01
5.172258612931e+00,9.747850046861e-01
5.172658632932e+00,9.747945260481e-01
5.173058652933e+00,9.748040432458e-01
5.173458672934e+00,9.748135562663e-01
5.173858692935e+00,9.748230650971e-01
5.174258712936e+00,9.748325697257e-01
5.174658732937e+00,9.748420701399e-01
5.175058752938e+00,9.748515663276e-01
5.175458772939e+00,9.748610582769e-01
5.175858792940e+00,9.748705459760e-01
5.176258812941e+00,9.748800294134e-01
5.176658832942e+00,9.748895085777e-01
5.177058852943e+00,9.748989834578e-01
5.177458872944e+00,9.749084540427e-01
5.177858892945e+00,9.749179203215e-01
5.178258912946e+00,9.749273822838e-01
5.178658932947e+00,9.749368399189e-01
5.179058952948e+00,9.749462932168e-01
5.179458972949e+00,9.749557421675e-01
5.179858992950e+00,9.749651867611e-01
5.180259012951e+00,9.749746269879e-01
5.180659032952e+00,9.749840628387e-01
5.181059052953e+00,9.749934943042e-01
5.181459072954e+00,9.750029213755e-01
5.181859092955e+00,9.750123440436e-01
5.182259112956e+00,9.750217623001e-01
5.182659132957e+00,9.750311761367e-01
5.183059152958e+00,9.750405855451e-01
5.183459172959e+00,9.750499905174e-01
5.183859192960e+00,9.750593910459e-01
5.184259212961e+00,9.750687871231e-01
5.184659232962e+00,9.750781787418e-01
5.185059252963e+00,9.750875658947e-01
5.185459272964e+00,9.750969485752e-01
5.185859292965e+00,9.751063267765e-01
5.186259312966e+00,9.751157004922e-01
5.186659332967e+00,9.751250697162e-01
5.187059352968e+00,9.751344344424e-01
5.187459372969e+00,9.751437946653e-01
5.187859392970e+00,9.751531503795e-01
5.188259412971e+00,9.751625015796e-01
5.188659432972e+00,9.751718482606e-01
5.189059452973e+00,9.751811904179e-01
5.189459472974e+00,9.751905280468e-01
5.189859492975e+00,9.751998611431e-01
5.190259512976e+00,9.752091897026e-01
5.190659532977e+00,9.752185137216e-01
5.191059552978e+00,9.752278331965e-01
5.191459572979e+00,9.752371481239e-01
5.191859592980e+00,9.752464585006e-01
5.192259612981e+00,9.752557643239e-01
5.192659632982e+00,9.752650655911e-01
5.193059652983e+00,9.752743622998e-01
5.193459672984e+00,9.752836544478e-01
5.193859692985e+00,9.752929420333e-01
5.194259712986e+00,9.753022250545e-01
5.194659732987e+00,9.753115035101e-01
5.195059752988e+00,9.753207773989e-01
5.195459772989e+00,9.753300467198e-01
5.195859792990e+00,9.753393114723e-01
5.196259812991e+00,9.753485716559e-01
5.196659832992e+00,9.753578272704e-01
5.197059852993e+00,9.753670783157e-01
5.197459872994e+00,9.753763247923e-01
5.197859892995e+00,9.753855667006e-01
5.198259912996e+00,9.753948040414e-01
5.198659932997e+00,9.754040368158e-01
5.199059952998e+00,9.754132650249e-01
5.199459972999e+00,9.754224886704e-01
5.199859993000e+00,9.754317077539e-01
5.200260013001e+00,9.754409222775e-01
5.200660033002e+00,9.754501322433e-01
5.201060053003e+00,9.754593376539e-01
5.201460073004e+00,9.754685385121e-01
5.201860093005e+00,9.754777348207e-01
5.202260113006e+00,9.754869265829e-01
5.202660133007e+00,9.754961138023e-01
5.203060153008e+00,9.755052964825e-01
5.203460173009e+00,9.755144746273e-01
5.203860193010e+00,9.755236482411e-01
5.204260213011e+00,9.755328173281e-01
5.204660233012e+00,9.755419818930e-01
5.205060253013e+00,9.755511419407e-01
5.205460273014e+00,9.755602974763e-01
5.205860293015e+00,9.755694485052e-01
5.206260313016e+00,9.755785950329e-01
5.206660333017e+00,9.755877370653e-01
5.207060353018e+00,9.755968746084e-01
5.207460373019e+00,9.756060076686e-01
5.207860393020e+00,9.756151362522e-01
5.208260413021e+00,9.756242603661e-01
5.208660433022e+00,9.756333800173e-01
5.209060453023e+00,9.756424952129e-01
5.209460473024e+00,9.756516059603e-01
5.209860493025e+00,9.756607122673e-01
5.210260513026e+00,9.756698141416e-01
5.210660533027e+00,9.756789115914e-01
5.211060553028e+00,9.756880046250e-01
5.211460573029e+00,9.756970932509e-01
5.211860593030e+00,9.757061774778e-01
5.212260613031e+00,9.757152573147e-01
5.212660633032e+00,9.757243327709e-01
5.213060653033e+00,9.757334038556e-01
5.213460673034e+00,9.757424705785e-01
5.213860693035e+00,9.757515329494e-01
5.214260713036e+00,9.757605909783e-01
5.214660733037e+00,9.757696446754e-01
5.215060753038e+00,9.757786940512e-01
5.215460773039e+00,9.757877391163e-01
5.215860793040e+00,9.757967798815e-01
5.216260813041e+00,9.758058163579e-01
5.216660833042e+00,9.758148485567e-01
5.217060853043e+00,9.758238764893e-01
5.217460873044e+00,9.758329001673e-01
5.217860893045e+00,9.758419196025e-01
5.218260913046e+00,9.758509348070e-01
5.218660933047e+00,9.758599457929e-01
5.219060953048e+00,9.758689525726e-01
5.219460973049e+00,9.758779551586e-01
5.219860993050e+00,9.758869535636e-01
5.220261013051e+00,9.758959478006e-01
5.220661033052e+00,9.759049378825e-01
5.221061053053e+00,9.759139238228e-01
5.221461073054e+00,9.759229056347e-01
5.221861093055e+00,9.759318833318e-01
5.222261113056e+00,9.759408569280e-01
5.222661133057e+00,9.759498264371e-01
5.223061153058e+00,9.759587918732e-01
5.223461173059e+00,9.759677532506e-01
5.223861193060e+00,9.759767105836e-01
5.224261213061e+00,9.759856638868e-01
5.224661233062e+00,9.759946131748e-01
5.225061253063e+00,9.760035584626e-01
5.225461273064e+00,9.760124997651e-01
5.225861293065e+00,9.760214370975e-01
5.226261313066e+00,9.760303704750e-01
5.226661333067e+00,9.760392999130e-01
5.227061353068e+00,9.760482254272e-01
5.227461373069e+00,9.760571470331e-01
5.227861393070e+00,9.760660647467e-01
5.228261413071e+00,9.760749785838e-01
5.228661433072e+00,9.760838885605e-01
5.229061453073e+00,9.760927946931e-01
5.229461473074e+00,9.761016969976e-01
5.229861493075e+00,9.761105954907e-01
5.230261513076e+00,9.761194901889e-01
5.230661533077e+00,9.761283811086e-01
5.231061553078e+00,9.761372682668e-01
5.231461573079e+00,9.761461516802e-01
5.231861593080e+00,9.761550313658e-01
5.232261613081e+00,9.761639073406e-01
5.232661633082e+00,9.761727796218e-01
5.233061653083e+00,9.761816482265e-01
5.233461673084e+00,9.761905131721e-01
5.233861693085e+00,9.761993744761e-01
5.234261713086e+00,9.762082321558e-01
5.234661733087e+00,9.762170862289e-01
5.235061753088e+00,9.762259367130e-01
5.235461773089e+00,9.762347836257e-01
5.235861793090e+00,9.762436269850e-01
5.236261813091e+00,9.762524668087e-01
5.236661833092e+00,9.762613031146e-01
5.237061853093e+00,9.762701359209e-01
5.237461873094e+00,9.762789652454e-01
5.237861893095e+00,9.762877911064e-01
5.238261913096e+00,9.762966135219e-01
5.238661933097e+00,9.763054325103e-01
5.239061953098e+00,9.763142480896e-01
5.239461973099e+00,9.763230602783e-01
5.239861993100e+00,9.763318690947e-01
5.240262013101e+00,9.763406745572e-01
5.240662033102e+00,9.763494766840e-01
5.241062053103e+00,9.763582754938e-01
5.241462073104e+00,9.763670710048e-01
5.241862093105e+00,9.763758632357e-01
5.242262113106e+00,9.763846522049e-01
5.242662133107e+00,9.763934379309e-01
5.243062153108e+00,9.764022204322e-01
5.243462173109e+00,9.764109997273e-01
5.243862193110e+00,9.764197758348e-01
5.244262213111e+00,9.764285487731e-01
5.244662233112e+00,9.764373185609e-01
5.245062253113e+00,9.764460852164e-01
5.245462273114e+00,9.764548487583e-01
5.245862293115e+00,9.764636092050e-01
5.246262313116e+00,9.764723665749e-01
5.246662333117e+00,9.764811208867e-01
5.247062353118e+00,9.764898721590e-01
5.247462373119e+00,9.764986204101e-01
5.247862393120e+00,9.765073656584e-01
5.248262413121e+00,9.765161079224e-01
5.248662433122e+00,9.765248472204e-01
5.249062453123e+00,9.765335835708e-01
5.249462473124e+00,9.765423169917e-01
5.249862493125e+00,9.765510475016e-01
5.250262513126e+00,9.765597751186e-01
5.250662533127e+00,9.765684998608e-01
5.251062553128e+00,9.765772217463e-01
5.251462573129e+00,9.765859407933e-01
5.251862593130e+00,9.765946570197e-01
5.252262613131e+00,9.766033704434e-01
5.252662633132e+00,9.766120810824e-01
5.253062653133e+00,9.766207889543e-01
5.253462673134e+00,9.766294940771e-01
5.253862693135e+00,9.766381964682e-01
5.254262713136e+00,9.766468961454e-01
5.254662733137e+00,9.766555931260e-01
5.255062753138e+00,9.766642874276e-01
5.255462773139e+00,9.766729790675e-01
5.255862793140e+00,9.766816680630e-01
5.256262813141e+00,9.766903544311e-01
5.256662833142e+00,9.766990381890e-01
5.257062853143e+00,9.767077193537e-01
5.257462873144e+00,9.767163979420e-01
5.257862893145e+00,9.767250739707e-01
5.258262913146e+00,9.767337474565e-01
5.258662933147e+00,9.767424184159e-01
5.259062953148e+00,9.767510868655e-01
5.259462973149e+00,9.767597528214e-01
5.259862993150e+00,9.767684163000e-01
5.260263013151e+00,9.767770773174e-01
5.260663033152e+00,9.767857358896e-01
5.261063053153e+00,9.767943920324e-01
5.261463073154e+00,9.768030457615e-01
5.261863093155e+00,9.768116970927e-01
5.262263113156e+00,9.768203460413e-01
5.262663133157e+00,9.768289926227e-01
5.263063153158e+00,9.768376368521e-01
5.263463173159e+00,9.768462787446e-01
5.263863193160e+00,9.768549183152e-01
5.264263213161e+00,9.768635555786e-01
5.264663233162e+00,9.768721905494e-01
5.265063253163e+00,9.768808232421e-01
5.265463273164e+00,9.768894536712e-01
5.265863293165e+00,9.768980818507e-01
5.266263313166e+00,9.769067077946e-01
5.266663333167e+00,9.769153315170e-01
5.267063353168e+00,9.769239530313e-01
5.267463373169e+00,9.769325723513e-01
5.267863393170e+00,9.769411894901e-01
5.268263413171e+00,9.769498044611e-01
5.268663433172e+00,9.769584172773e-01
5.269063453173e+00,9.769670279514e-01
5.269463473174e+00,9.769756364962e-01
5.269863493175e+00,9.769842429241e-01
5.270263513176e+00,9.769928472474e-01
5.270663533177e+00,9.770014494784e-01
5.271063553178e+00,9.770100496290e-01
5.271463573179e+00,9.770186477110e-01
5.271863593180e+00,9.770272437361e-01
5.272263613181e+00,9.770358377156e-01
5.272663633182e+00,9.770444296607e-01
5.273063653183e+00,9.770530195825e-01
5.273463673184e+00,9.770616074919e-01
5.273863693185e+00,9.770701933994e-01
5.274263713186e+00,9.770787773155e-01
5.274663733187e+00,9.770873592504e-01
5.275063753188e+00,9.770959392142e-01
5.275463773189e+00,9.771045172168e-01
5.275863793190e+00,9.771130932678e-01
5.276263813191e+00,9.771216673766e-01
5.276663833192e+00,9.771302395524e-01
5.277063853193e+00,9.771388098043e-01
5.277463873194e+00,9.771473781411e-01
5.277863893195e+00,9.771559445713e-01
5.278263913196e+00,9.771645091034e-01
5.278663933197e+00,9.771730717456e-01
5.279063953198e+00,9.771816325058e-01
5.279463973199e+00,9.771901913918e-01
5.279863993200e+00,9.771987484110e-01
5.280264013201e+00,9.772073035709e-01
5.280664033202e+00,9.772158568785e-01
5.281064053203e+00,9.772244083406e-01
5.281464073204e+00,9.772329579640e-01
5.281864093205e+00,9.772415057551e-01
5.282264113206e+00,9.772500517200e-01
5.282664133207e+00,9.772585958648e-01
5.283064153208e+00,9.772671381952e-01
5.283464173209e+00,9.772756787169e-01
5.283864193210e+00,9.772842174350e-01
5.284264213211e+00,9.772927543546e-01
5.284664233212e+00,9.773012894808e-01
5.285064253213e+00,9.773098228180e-01
5.285464273214e+00,9.773183543706e-01
5.285864293215e+00,9.773268841430e-01
5.286264313216e+00,9.773354121389e-01
5.286664333217e+00,9.773439383622e-01
5.287064353218e+00,9.773524628162e-01
5.287464373219e+00,9.773609855044e-01
5.287864393220e+00,9.773695064296e-01
5.288264413221e+00,9.773780255947e-01
5.288664433222e+00,9.773865430023e-01
5.289064453223e+00,9.773950586547e-01
5.289464473224e+00,9.774035725540e-01
5.289864493225e+00,9.774120847020e-01
5.290264513226e+00,9.774205951005e-01
5.290664533227e+00,9.774291037507e-01
5.291064553228e+00,9.774376106539e-01
5.291464573229e+00,9.774461158110e-01
5.291864593230e+00,9.774546192227e-01
5.292264613231e+00,9.774631208894e-01
5.292664633232e+00,9.774716208115e-01
5.293064653233e+00,9.774801189889e-01
5.293464673234e+00,9.774886154214e-01
5.293864693235e+00,9.774971101087e-01
5.294264713236e+00,9.775056030499e-01
5.294664733237e+00,9.775140942442e-01
5.295064753238e+00,9.775225836905e-01
5.295464773239e+00,9.775310713874e-01
5.295864793240e+00,9.775395573333e-01
5.296264813241e+00,9.775480415264e-01
5.296664833242e+00,9.775565239646e-01
5.297064853243e+00,9.775650046457e-01
5.297464873244e+00,9.775734835671e-01
5.297864893245e+00,9.775819607261e-01
5.298264913246e+00,9.775904361198e-01
5.298664933247e+00,9.775989097451e-01
5.299064953248e+00,9.776073815984e-01
5.299464973249e+00,9.776158516762e-01
5.299864993250e+00,9.776243199747e-01
5.300265013251e+00,9.776327864897e-01
5.300665033252e+00,9.776412512171e-01
5.301065053253e+00,9.776497141522e-01
5.301465073254e+00,9.776581752905e-01
5.301865093255e+00,9.776666346269e-01
5.302265113256e+00,9.776750921563e-01
5.302665133257e+00,9.776835478733e-01
5.303065153258e+00,9.776920017725e-01
5.303465173259e+00,9.777004538479e-01
5.303865193260e+00,9.777089040936e-01
5.304265213261e+00,9.777173525035e-01
5.304665233262e+00,9.777257990710e-01
5.305065253263e+00,9.777342437896e-01
5.305465273264e+00,9.777426866524e-01
5.305865293265e+00,9.777511276525e-01
5.306265313266e+00,9.777595667826e-01
5.306665333267e+00,9.777680040353e-01
5.307065353268e+00,9.777764394030e-01
5.307465373269e+00,9.777848728779e-01
5.307865393270e+00,9.777933044519e-01
5.308265413271e+00,9.778017341169e-01
5.308665433272e+00,9.778101618644e-01
5.309065453273e+00,9.778185876859e-01
5.309465473274e+00,9.778270115726e-01
5.309865493275e+00,9.778354335156e-01
5.310265513276e+00,9.778438535057e-01
5.310665533277e+00,9.778522715336e-01
5.311065553278e+00,9.778606875898e-01
5.311465573279e+00,9.778691016647e-01
5.311865593280e+00,9.778775137482e-01
5.312265613281e+00,9.778859238306e-01
5.312665633282e+00,9.778943319014e-01
5.313065653283e+00,9.779027379504e-01
5.313465673284e+00,9.779111419670e-01
5.313865693285e+00,9.779195439405e-01
5.314265713286e+00,9.779279438601e-01
5.314665733287e+00,9.779363417146e-01
5.315065753288e+00,9.779447374929e-01
5.315465773289e+00,9.779531311837e-01
5.315865793290e+00,9.779615227754e-01
5.316265813291e+00,9.779699122565e-01
5.316665833292e+00,9.779782996150e-01
5.317065853293e+00,9.779866848391e-01
5.317465873294e+00,9.779950679167e-01
5.317865893295e+00,9.780034488355e-01
5.318265913296e+00,9.780118275831e-01
5.318665933297e+00,9.780202041470e-01
5.319065953298e+00,9.780285785147e-01
5.319465973299e+00,9.780369506732e-01
5.319865993300e+00,9.780453206097e-01
5.320266013301e+00,9.780536883111e-01
5.320666033302e+00,9.780620537643e-01
5.321066053303e+00,9.780704169560e-01
5.321466073304e+00,9.780787778727e-01
5.321866093305e+00,9.780871365010e-01
5.322266113306e+00,9.780954928273e-01
5.322666133307e+00,9.781038468376e-01
5.323066153308e+00,9.781121985183e-01
5.323466173309e+00,9.781205478553e-01
5.323866193310e+00,9.781288948346e-01
5.324266213311e+00,9.781372394419e-01
5.324666233312e+00,9.781455816631e-01
5.325066253313e+00,9.781539214837e-01
5.325466273314e+00,9.781622588892e-01
5.325866293315e+00,9.781705938652e-01
5.326266313316e+00,9.781789263970e-01
5.326666333317e+00,9.781872564699e-01
5.327066353318e+00,9.781955840691e-01
5.327466373319e+00,9.782039091796e-01
5.327866393320e+00,9.782122317866e-01
5.328266413321e+00,9.782205518750e-01
5.328666433322e+00,9.782288694297e-01
5.329066453323e+00,9.782371844356e-01
5.329466473324e+00,9.782454968774e-01
5.329866493325e+00,9.782538067398e-01
5.330266513326e+00,9.782621140075e-01
5.330666533327e+00,9.782704186652e-01
5.331066553328e+00,9.782787206973e-01
5.331466573329e+00,9.782870200883e-01
5.331866593330e+00,9.782953168228e-01
5.332266613331e+00,9.783036108851e-01
5.332666633332e+00,9.783119022597e-01
5.333066653333e+00,9.783201909307e-01
5.333466673334e+00,9.783284768827e-01
5.333866693335e+00,9.783367600997e-01
5.334266713336e+00,9.783450405661e-01
5.334666733337e+00,9.783533182662e-01
5.335066753338e+00,9.783615931840e-01
5.335466773339e+00,9.783698653037e-01
5.335866793340e+00,9.783781346096e-01
5.336266813341e+00,9.783864010858e-01
5.336666833342e+00,9.783946647164e-01
5.337066853343e+00,9.784029254855e-01
5.337466873344e+00,9.784111833772e-01
5.337866893345e+00,9.784194383757e-01
5.338266913346e+00,9.784276904651e-01
5.338666933347e+00,9.784359396294e-01
5.339066953348e+00,9.784441858530e-01
5.339466973349e+00,9.784524291198e-01
5.339866993350e+00,9.784606694142e-01
5.340267013351e+00,9.784689067203e-01
5.340667033352e+00,9.784771410223e-01
5.341067053353e+00,9.784853723045e-01
5.341467073354e+00,9.784936005510e-01
5.341867093355e+00,9.785018257462e-01
5.342267113356e+00,9.785100478744e-01
5.342667133357e+00,9.785182669201e-01
5.343067153358e+00,9.785264828674e-01
5.343467173359e+00,9.785346957010e-01
5.343867193360e+00,9.785429054053e-01
5.344267213361e+00,9.785511119648e-01
5.344667233362e+00,9.785593153642e-01
5.345067253363e+00,9.785675155879e-01
5.345467273364e+00,9.785757126209e-01
5.345867293365e+00,9.785839064476e-01
5.346267313366e+00,9.785920970531e-01
5.346667333367e+00,9.786002844222e-01
5.347067353368e+00,9.786084685397e-01
5.347467373369e+00,9.786166493908e-01
5.347867393370e+00,9.786248269605e-01
5.348267413371e+00,9.786330012339e-01
5.348667433372e+00,9.786411721963e-01
5.349067453373e+00,9.786493398331e-01
5.349467473374e+00,9.786575041296e-01
5.349867493375e+00,9.786656650713e-01
5.350267513376e+00,9.786738226438e-01
5.350667533377e+00,9.786819768328e-01
5.351067553378e+00,9.786901276240e-01
5.351467573379e+00,9.786982750034e-01
5.351867593380e+00,9.787064189569e-01
5.352267613381e+00,9.787145594705e-01
5.352667633382e+00,9.787226965306e-01
5.353067653383e+00,9.787308301233e-01
5.353467673384e+00,9.787389602351e-01
5.353867693385e+00,9.787470868525e-01
5.354267713386e+00,9.787552099621e-01
5.354667733387e+00,9.787633295508e-01
5.355067753388e+00,9.787714456053e-01
5.355467773389e+00,9.787795581128e-01
5.355867793390e+00,9.787876670602e-01
5.356267813391e+00,9.787957724350e-01
5.356667833392e+00,9.788038742245e-01
5.357067853393e+00,9.788119724162e-01
5.357467873394e+00,9.788200669978e-01
5.357867893395e+00,9.788281579570e-01
5.358267913396e+00,9.788362452819e-01
5.358667933397e+00,9.788443289605e-01
5.359067953398e+00,9.788524089810e-01
5.359467973399e+00,9.788604853318e-01
5.359867993400e+00,9.788685580014e-01
5.360268013401e+00,9.788766269784e-01
5.360668033402e+00,9.788846922516e-01
5.361068053403e+00,9.788927538101e-01
5.361468073404e+00,9.789008116429e-01
5.361868093405e+00,9.789088657392e-01
5.362268113406e+00,9.789169160888e-01
5.362668133407e+00,9.789249626811e-01
5.363068153408e+00,9.789330055060e-01
5.363468173409e+00,9.789410445535e-01
5.363868193410e+00,9.789490798136e-01
5.364268213411e+00,9.789571112767e-01
5.364668233412e+00,9.789651389333e-01
5.365068253413e+00,9.789731627739e-01
5.365468273414e+00,9.789811827896e-01
5.365868293415e+00,9.789891989712e-01
5.366268313416e+00,9.789972113099e-01
5.366668333417e+00,9.790052197972e-01
5.367068353418e+00,9.790132244246e-01
5.367468373419e+00,9.790212251838e-01
5.367868393420e+00,9.790292220668e-01
5.368268413421e+00,9.790372150657e-01
5.368668433422e+00,9.790452041728e-01
5.369068453423e+00,9.790531893806e-01
5.369468473424e+00,9.790611706817e-01
5.369868493425e+00,9.790691480692e-01
5.370268513426e+00,9.790771215360e-01
5.370668533427e+00,9.790850910754e-01
5.371068553428e+00,9.790930566810e-01
5.371468573429e+00,9.791010183463e-01
5.371868593430e+00,9.791089760653e-01
5.372268613431e+00,9.791169298321e-01
5.372668633432e+00,9.791248796409e-01
5.373068653433e+00,9.791328254862e-01
5.373468673434e+00,9.791407673628e-01
5.373868693435e+00,9.791487052655e-01
5.374268713436e+00,9.791566391894e-01
5.374668733437e+00,9.791645691298e-01
5.375068753438e+00,9.791724950824e-01
5.375468773439e+00,9.791804170428e-01
5.375868793440e+00,9.791883350070e-01
5.376268813441e+00,9.791962489711e-01
5.376668833442e+00,9.792041589316e-01
5.377068853443e+00,9.792120648850e-01
5.377468873444e+00,9.792199668282e-01
5.377868893445e+00,9.792278647581e-01
5.378268913446e+00,9.792357586721e-01
5.378668933447e+00,9.792436485675e-01
5.379068953448e+00,9.792515344421e-01
5.379468973449e+00,9.792594162937e-01
5.379868993450e+00,9.792672941204e-01
5.380269013451e+00,9.792751679206e-01
5.380669033452e+00,9.792830376928e-01
5.381069053453e+00,9.792909034358e-01
5.381469073454e+00,9.792987651484e-01
5.381869093455e+00,9.793066228299e-01
5.382269113456e+00,9.793144764796e-01
5.382669133457e+00,9.793223260972e-01
5.383069153458e+00,9.793301716825e-01
5.383469173459e+00,9.793380132355e-01
5.383869193460e+00,9.793458507566e-01
5.384269213461e+00,9.793536842464e-01
5.384669233462e+00,9.793615137054e-01
5.385069253463e+00,9.793693391348e-01
5.385469273464e+00,9.793771605356e-01
5.385869293465e+00,9.793849779093e-01
5.386269313466e+00,9.793927912574e-01
5.386669333467e+00,9.794006005819e-01
5.387069353468e+00,9.794084058846e-01
5.387469373469e+00,9.794162071680e-01
5.387869393470e+00,9.794240044344e-01
5.388269413471e+00,9.794317976866e-01
5.388669433472e+00,9.794395869275e-01
5.389069453473e+00,9.794473721603e-01
5.389469473474e+00,9.794551533883e-01
5.389869493475e+00,9.794629306150e-01
5.390269513476e+00,9.794707038442e-01
5.390669533477e+00,9.794784730800e-01
5.391069553478e+00,9.794862383265e-01
5.391469573479e+00,9.794939995881e-01
5.391869593480e+00,9.795017568696e-01
5.392269613481e+00,9.795095101756e-01
5.392669633482e+00,9.795172595114e-01
5.393069653483e+00,9.795250048821e-01
5.393469673484e+00,9.795327462933e-01
5.393869693485e+00,9.795404837505e-01
5.394269713486e+00,9.795482172598e-01
5.394669733487e+00,9.795559468271e-01
5.395069753488e+00,9.795636724589e-01
5.395469773489e+00,9.795713941615e-01
5.395869793490e+00,9.795791119418e-01
5.396269813491e+00,9.795868258067e-01
5.396669833492e+00,9.795945357632e-01
5.397069853493e+00,9.796022418187e-01
5.397469873494e+00,9.796099439807e-01
5.397869893495e+00,9.796176422569e-01
5.398269913496e+00,9.796253366553e-01
5.398669933497e+00,9.796330271839e-01
5.399069953498e+00,9.796407138511e-01
5.399469973499e+00,9.796483966654e-01
5.399869993500e+00,9.796560756354e-01
5.400270013501e+00,9.796637507700e-01
5.400670033502e+00,9.796714220783e-01
5.401070053503e+00,9.796790895696e-01
5.401470073504e+00,9.796867532532e-01
5.401870093505e+00,9.796944131388e-01
5.402270113506e+00,9.797020692362e-01
5.402670133507e+00,9.797097215553e-01
5.403070153508e+00,9.797173701062e-01
5.403470173509e+00,9.797250148994e-01
5.403870193510e+00,9.797326559451e-01
5.404270213511e+00,9.797402932542e-01
5.404670233512e+00,9.797479268373e-01
5.405070253513e+00,9.797555567056e-01
5.405470273514e+00,9.797631828702e-01
5.405870293515e+00,9.797708053425e-01
5.406270313516e+00,9.797784241340e-01
5.406670333517e+00,9.797860392563e-01
5.407070353518e+00,9.797936507214e-01
5.407470373519e+00,9.798012585411e-01
5.407870393520e+00,9.798088627276e-01
5.408270413521e+00,9.798164632932e-01
5.408670433522e+00,9.798240602503e-01
5.409070453523e+00,9.798316536116e-01
5.409470473524e+00,9.798392433897e-01
5.409870493525e+00,9.798468295976e-01
5.410270513526e+00,9.798544122483e-01
5.410670533527e+00,9.798619913550e-01
5.411070553528e+00,9.798695669309e-01
5.411470573529e+00,9.798771389895e-01
5.411870593530e+00,9.798847075443e-01
5.412270613531e+00,9.798922726092e-01
5.412670633532e+00,9.798998341978e-01
5.413070653533e+00,9.799073923242e-01
5.413470673534e+00,9.799149470023e-01
5.413870693535e+00,9.799224982465e-01
5.414270713536e+00,9.799300460711e-01
5.414670733537e+00,9.799375904903e-01
5.415070753538e+00,9.799451315189e-01
5.415470773539e+00,9.799526691714e-01
5.415870793540e+00,9.799602034626e-01
5.416270813541e+00,9.799677344074e-01
5.416670833542e+00,9.799752620207e-01
5.417070853543e+00,9.799827863177e-01
5.417470873544e+00,9.799903073134e-01
5.417870893545e+00,9.799978250232e-01
5.418270913546e+00,9.800053394625e-01
5.418670933547e+00,9.800128506466e-01
5.419070953548e+00,9.800203585911e-01
5.419470973549e+00,9.800278633117e-01
5.419870993550e+00,9.800353648240e-01
5.420271013551e+00,9.800428631440e-01
5.420671033552e+00,9.800503582874e-01
5.421071053553e+00,9.800578502701e-01
5.421471073554e+00,9.800653391084e-01
5.421871093555e+00,9.800728248181e-01
5.422271113556e+00,9.800803074155e-01
5.422671133557e+00,9.800877869169e-01
5.423071153558e+00,9.800952633385e-01
5.423471173559e+00,9.801027366966e-01
5.423871193560e+00,9.801102070078e-01
5.424271213561e+00,9.801176742884e-01
5.424671233562e+00,9.801251385549e-01
5.425071253563e+00,9.801325998239e-01
5.425471273564e+00,9.801400581120e-01
5.425871293565e+00,9.801475134359e-01
5.426271313566e+00,9.801549658121e-01
5.426671333567e+00,9.801624152575e-01
5.427071353568e+00,9.801698617887e-01
5.427471373569e+00,9.801773054225e-01
5.427871393570e+00,9.801847461756e-01
5.428271413571e+00,9.801921840649e-01
5.428671433572e+00,9.801996191071e-01
5.429071453573e+00,9.802070513191e-01
5.429471473574e+00,9.802144807176e-01
5.429871493575e+00,9.802219073195e-01
5.430271513576e+00,9.802293311416e-01
5.430671533577e+00,9.802367522010e-01
5.431071553578e+00,9.802441705147e-01
5.431471573579e+00,9.802515860996e-01
5.431871593580e+00,9.802589989725e-01
5.432271613581e+00,9.802664091504e-01
5.432671633582e+00,9.802738166501e-01
5.433071653583e+00,9.802812214885e-01
5.433471673584e+00,9.802886236826e-01
5.433871693585e+00,9.802960232491e-01
5.434271713586e+00,9.803034202048e-01
5.434671733587e+00,9.803108145667e-01
5.435071753588e+00,9.803182063515e-01
5.435471773589e+00,9.803255955760e-01
5.435871793590e+00,9.803329822568e-01
5.436271813591e+00,9.803403664108e-01
5.436671833592e+00,9.803477480545e-01
5.437071853593e+00,9.803551272046e-01
5.437471873594e+00,9.803625038777e-01
5.437871893595e+00,9.803698780903e-01
5.438271913596e+00,9.803772498590e-01
5.438671933597e+00,9.803846192000e-01
5.439071953598e+00,9.803919861299e-01
5.439471973599e+00,9.803993506650e-01
5.439871993600e+00,9.804067128215e-01
5.440272013601e+00,9.804140726157e-01
5.440672033602e+00,9.804214300637e-01
5.441072053603e+00,9.804287851816e-01
5.441472073604e+00,9.804361379854e-01
5.441872093605e+00,9.804434884910e-01
5.442272113606e+00,9.804508367144e-01
5.442672133607e+00,9.804581826713e-01
5.443072153608e+00,9.804655263774e-01
5.443472173609e+00,9.804728678484e-01
5.443872193610e+00,9.804802070998e-01
5.444272213611e+00,9.804875441471e-01
5.444672233612e+00,9.804948790056e-01
5.445072253613e+00,9.805022116907e-01
5.445472273614e+00,9.805095422175e-01
5.445872293615e+00,9.805168706011e-01
5.446272313616e+00,9.805241968566e-01
5.446672333617e+00,9.805315209987e-01
5.447072353618e+00,9.805388430424e-01
5.447472373619e+00,9.805461630022e-01
5.447872393620e+00,9.805534808928e-01
5.448272413621e+00,9.805607967285e-01
5.448672433622e+00,9.805681105239e-01
5.449072453623e+00,9.805754222930e-01
5.449472473624e+00,9.805827320500e-01
5.449872493625e+00,9.805900398090e-01
5.450272513626e+00,9.805973455836e-01
5.450672533627e+00,9.806046493878e-01
5.451072553628e+00,9.806119512351e-01
5.451472573629e+00,9.806192511390e-01
5.451872593630e+00,9.806265491128e-01
5.452272613631e+00,9.806338451697e-01
5.452672633632e+00,9.806411393228e-01
5.453072653633e+00,9.806484315850e-01
5.453472673634e+00,9.806557219690e-01
5.453872693635e+00,9.806630104876e-01
5.454272713636e+00,9.806702971532e-01
5.454672733637e+00,9.806775819780e-01
5.455072753638e+00,9.806848649743e-01
5.455472773639e+00,9.806921461542e-01
5.455872793640e+00,9.806994255295e-01
5.456272813641e+00,9.807067031121e-01
5.456672833642e+00,9.807139789135e-01
5.457072853643e+00,9.807212529452e-01
5.457472873644e+00,9.807285252184e-01
5.457872893645e+00,9.807357957443e-01
5.458272913646e+00,9.807430645338e-01
5.458672933647e+00,9.807503315976e-01
5.459072953648e+00,9.807575969464e-01
5.459472973649e+00,9.807648605906e-01
5.459872993650e+00,9.807721225404e-01
5.460273013651e+00,9.807793828061e-01
5.460673033652e+00,9.807866413974e-01
5.461073053653e+00,9.807938983242e-01
5.461473073654e+00,9.808011535959e-01
5.461873093655e+00,9.808084072221e-01
5.462273113656e+00,9.808156592119e-01
5.462673133657e+00,9.808229095743e-01
5.463073153658e+00,9.808301583181e-01
5.463473173659e+00,9.808374054521e-01
5.463873193660e+00,9.808446509847e-01
5.464273213661e+00,9.808518949242e-01
5.464673233662e+00,9.808591372787e-01
5.465073253663e+00,9.808663780561e-01
5.465473273664e+00,9.808736172641e-01
5.465873293665e+00,9.808808549102e-01
5.466273313666e+00,9.808880910018e-01
5.466673333667e+00,9.808953255461e-01
5.467073353668e+00,9.809025585499e-01
5.467473373669e+00,9.809097900200e-01
5.467873393670e+00,9.809170199630e-01
5.468273413671e+00,9.809242483852e-01
5.468673433672e+00,9.809314752927e-01
5.469073453673e+00,9.809387006917e-01
5.469473473674e+00,9.809459245877e-01
5.469873493675e+00,9.809531469863e-01
5.470273513676e+00,9.809603678930e-01
5.470673533677e+00,9.809675873128e-01
5.471073553678e+00,9.809748052507e-01
5.471473573679e+00,9.809820217115e-01
5.471873593680e+00,9.809892366996e-01
5.472273613681e+00,9.809964502195e-01
5.472673633682e+00,9.810036622752e-01
5.473073653683e+00,9.810108728707e-01
5.473473673684e+00,9.810180820097e-01
5.473873693685e+00,9.810252896956e-01
5.474273713686e+00,9.810324959319e-01
5.474673733687e+00,9.810397007216e-01
5.475073753688e+00,9.810469040675e-01
5.475473773689e+00,9.810541059723e-01
5.475873793690e+00,9.810613064386e-01
5.476273813691e+00,9.810685054685e-01
5.476673833692e+00,9.810757030642e-01
5.477073853693e+00,9.810828992274e-01
5.477473873694e+00,9.810900939597e-01
5.477873893695e+00,9.810972872626e-01
5.478273913696e+00,9.811044791373e-01
5.478673933697e+00,9.811116695848e-01
5.479073953698e+00,9.811188586059e-01
5.479473973699e+00,9.811260462012e-01
5.479873993700e+00,9.811332323710e-01
5.480274013701e+00,9.811404171156e-01
5.480674033702e+00,9.811476004348e-01
5.481074053703e+00,9.811547823284e-01
5.481474073704e+00,9.811619627959e-01
5.481874093705e+00,9.811691418368e-01
5.482274113706e+00,9.811763194500e-01
5.482674133707e+00,9.811834956346e-01
5.483074153708e+00,9.811906703892e-01
5.483474173709e+00,9.811978437123e-01
5.483874193710e+00,9.812050156023e-01
5.484274213711e+00,9.812121860571e-01
5.484674233712e+00,9.812193550748e-01
5.485074253713e+00,9.812265226530e-01
5.485474273714e+00,9.812336887891e-01
5.485874293715e+00,9.812408534805e-01
5.486274313716e+00,9.812480167242e-01
5.486674333717e+00,9.812551785170e-01
5.487074353718e+00,9.812623388558e-01
5.487474373719e+00,9.812694977368e-01
5.487874393720e+00,9.812766551565e-01
5.488274413721e+00,9.812838111108e-01
5.488674433722e+00,9.812909655957e-01
5.489074453723e+00,9.812981186069e-01
5.489474473724e+00,9.813052701397e-01
5.489874493725e+00,9.813124201896e-01
5.490274513726e+00,9.813195687516e-01
5.490674533727e+00,9.813267158206e-01
5.491074553728e+00,9.813338613913e-01
5.491474573729e+00,9.813410054584e-01
5.491874593730e+00,9.813481480160e-01
5.492274613731e+00,9.813552890583e-01
5.492674633732e+00,9.813624285794e-01
5.493074653733e+00,9.813695665730e-01
5.493474673734e+00,9.813767030327e-01
5.493874693735e+00,9.813838379519e-01
5.494274713736e+00,9.813909713238e-01
5.494674733737e+00,9.813981031416e-01
5.495074753738e+00,9.814052333980e-01
5.495474773739e+00,9.814123620858e-01
5.495874793740e+00,9.814194891975e-01
5.496274813741e+00,9.814266147255e-01
5.496674833742e+00,9.814337386619e-01
5.497074853743e+00,9.814408609988e-01
5.497474873744e+00,9.814479817280e-01
5.497874893745e+00,9.814551008412e-01
5.498274913746e+00,9.814622183298e-01
5.498674933747e+00,9.814693341853e-01
5.499074953748e+00,9.814764483988e-01
5.499474973749e+00,9.814835609614e-01
5.499874993750e+00,9.814906718638e-01
5.500275013751e+00,9.814977810969e-01
5.500675033752e+00,9.815048886511e-01
5.501075053753e+00,9.815119945169e-01
5.501475073754e+00,9.815190986845e-01
5.501875093755e+00,9.815262011441e-01
5.502275113756e+00,9.815333018856e-01
5.502675133757e+00,9.815404008988e-01
5.503075153758e+00,9.815474981734e-01
5.503475173759e+00,9.815545936988e-01
5.503875193760e+00,9.815616874646e-01
5.504275213761e+00,9.815687794599e-01
5.504675233762e+00,9.815758696740e-01
5.505075253763e+00,9.815829580956e-01
5.505475273764e+00,9.815900447138e-01
5.505875293765e+00,9.815971295173e-01
5.506275313766e+00,9.816042124946e-01
5.506675333767e+00,9.816112936343e-01
5.507075353768e+00,9.816183729247e-01
5.507475373769e+00,9.816254503540e-01
5.507875393770e+00,9.816325259104e-01
5.508275413771e+00,9.816395995819e-01
5.508675433772e+00,9.816466713563e-01
5.509075453773e+00,9.816537412215e-01
5.509475473774e+00,9.816608091652e-01
5.509875493775e+00,9.816678751749e-01
5.510275513776e+00,9.816749392380e-01
5.510675533777e+00,9.816820013420e-01
5.511075553778e+00,9.816890614742e-01
5.511475573779e+00,9.816961196216e-01
5.511875593780e+00,9.817031757715e-01
5.512275613781e+00,9.817102299107e-01
5.512675633782e+00,9.817172820262e-01
5.513075653783e+00,9.817243321048e-01
5.513475673784e+00,9.817313801332e-01
5.513875693785e+00,9.817384260981e-01
5.514275713786e+00,9.817454699861e-01
5.514675733787e+00,9.817525117837e-01
5.515075753788e+00,9.817595514773e-01
5.515475773789e+00,9.817665890533e-01
5.515875793790e+00,9.817736244979e-01
5.516275813791e+00,9.817806577974e-01
5.516675833792e+00,9.817876889379e-01
5.517075853793e+00,9.817947179057e-01
5.517475873794e+00,9.818017446866e-01
5.517875893795e+00,9.818087692667e-01
5.518275913796e+00,9.818157916320e-01
5.518675933797e+00,9.818228117683e-01
5.519075953798e+00,9.818298296616e-01
5.519475973799e+00,9.818368452975e-01
5.519875993800e+00,9.818438586619e-01
5.520276013801e+00,9.818508697404e-01
5.520676033802e+00,9.818578785188e-01
5.521076053803e+00,9.818648849828e-01
5.521476073804e+00,9.818718891179e-01
5.521876093805e+00,9.818788909097e-01
5.522276113806e+00,9.818858903438e-01
5.522676133807e+00,9.818928874058e-01
5.523076153808e+00,9.818998820812e-01
5.523476173809e+00,9.819068743553e-01
5.523876193810e+00,9.819138642139e-01
5.524276213811e+00,9.819208516422e-01
5.524676233812e+00,9.819278366259e-01
5.525076253813e+00,9.819348191502e-01
5.525476273814e+00,9.819417992008e-01
5.525876293815e+00,9.819487767631e-01
5.526276313816e+00,9.819557518225e-01
5.526676333817e+00,9.819627243646e-01
5.527076353818e+00,9.819696943747e-01
5.527476373819e+00,9.819766618385e-01
5.527876393820e+00,9.819836267413e-01
5.528276413821e+00,9.819905890687e-01
5.528676433822e+00,9.819975488062e-01
5.529076453823e+00,9.820045059395e-01
5.529476473824e+00,9.820114604540e-01
5.529876493825e+00,9.820184123354e-01
5.530276513826e+00,9.820253615693e-01
5.530676533827e+00,9.820323081413e-01
5.531076553828e+00,9.820392520373e-01
5.531476573829e+00,9.820461932428e-01
5.531876593830e+00,9.820531317437e-01
5.532276613831e+00,9.820600675258e-01
5.532676633832e+00,9.820670005750e-01
5.533076653833e+00,9.820739308772e-01
5.533476673834e+00,9.820808584182e-01
5.533876693835e+00,9.820877831842e-01
5.534276713836e+00,9.820947051612e-01
5.534676733837e+00,9.821016243353e-01
5.535076753838e+00,9.821085406927e-01
5.535476773839e+00,9.821154542196e-01
5.535876793840e+00,9.821223649024e-01
5.536276813841e+00,9.821292727274e-01
5.536676833842e+00,9.821361776811e-01
5.537076853843e+00,9.821430797500e-01
5.537476873844e+00,9.821499789207e-01
5.537876893845e+00,9.821568751799e-01
5.538276913846e+00,9.821637685142e-01
5.538676933847e+00,9.821706589107e-01
5.539076953848e+00,9.821775463562e-01
5.539476973849e+00,9.821844308376e-01
5.539876993850e+00,9.821913123422e-01
5.540277013851e+00,9.821981908572e-01
5.540677033852e+00,9.822050663697e-01
5.541077053853e+00,9.822119388673e-01
5.541477073854e+00,9.822188083374e-01
5.541877093855e+00,9.822256747676e-01
5.542277113856e+00,9.822325381456e-01
5.542677133857e+00,9.822393984592e-01
5.543077153858e+00,9.822462556964e-01
5.543477173859e+00,9.822531098451e-01
5.543877193860e+00,9.822599608936e-01
5.544277213861e+00,9.822668088300e-01
5.544677233862e+00,9.822736536428e-01
5.545077253863e+00,9.822804953204e-01
5.545477273864e+00,9.822873338514e-01
5.545877293865e+00,9.822941692246e-01
5.546277313866e+00,9.823010014289e-01
5.546677333867e+00,9.823078304531e-01
5.547077353868e+00,9.823146562865e-01
5.547477373869e+00,9.823214789182e-01
5.547877393870e+00,9.823282983376e-01
5.548277413871e+00,9.823351145342e-01
5.548677433872e+00,9.823419274976e-01
5.549077453873e+00,9.823487372176e-01
5.549477473874e+00,9.823555436843e-01
5.549877493875e+00,9.823623468877e-01
5.550277513876e+00,9.823691468180e-01
5.550677533877e+00,9.823759434657e-01
5.551077553878e+00,9.823827368212e-01
5.551477573879e+00,9.823895268753e-01
5.551877593880e+00,9.823963136187e-01
5.552277613881e+00,9.824030970425e-01
5.552677633882e+00,9.824098771377e-01
5.553077653883e+00,9.824166538957e-01
5.553477673884e+00,9.824234273080e-01
5.553877693885e+00,9.824301973661e-01
5.554277713886e+00,9.824369640619e-01
5.554677733887e+00,9.824437273872e-01
5.555077753888e+00,9.824504873343e-01
5.555477773889e+00,9.824572438953e-01
5.555877793890e+00,9.824639970627e-01
5.556277813891e+00,9.824707468292e-01
5.556677833892e+00,9.824774931874e-01
5.557077853893e+00,9.824842361305e-01
5.557477873894e+00,9.824909756514e-01
5.557877893895e+00,9.824977117435e-01
5.558277913896e+00,9.825044444002e-01
5.558677933897e+00,9.825111736153e-01
5.559077953898e+00,9.825178993826e-01
5.559477973899e+00,9.825246216960e-01
5.559877993900e+00,9.825313405498e-01
5.560278013901e+00,9.825380559383e-01
5.560678033902e+00,9.825447678562e-01
5.561078053903e+00,9.825514762981e-01
5.561478073904e+00,9.825581812590e-01
5.561878093905e+00,9.825648827340e-01
5.562278113906e+00,9.825715807184e-01
5.562678133907e+00,9.825782752078e-01
5.563078153908e+00,9.825849661977e-01
5.563478173909e+00,9.825916536842e-01
5.563878193910e+00,9.825983376632e-01
5.564278213911e+00,9.826050181310e-01
5.564678233912e+00,9.826116950840e-01
5.565078253913e+00,9.826183685190e-01
5.565478273914e+00,9.826250384327e-01
5.565878293915e+00,9.826317048223e-01
5.566278313916e+00,9.826383676848e-01
5.566678333917e+00,9.826450270178e-01
5.567078353918e+00,9.826516828188e-01
5.567478373919e+00,9.826583350856e-01
5.567878393920e+00,9.826649838164e-01
5.568278413921e+00,9.826716290092e-01
5.568678433922e+00,9.826782706625e-01
5.569078453923e+00,9.826849087748e-01
5.569478473924e+00,9.826915433449e-01
5.569878493925e+00,9.826981743718e-01
5.570278513926e+00,9.827048018546e-01
5.570678533927e+00,9.827114257928e-01
5.571078553928e+00,9.827180461858e-01
5.571478573929e+00,9.827246630336e-01
5.571878593930e+00,9.827312763361e-01
5.572278613931e+00,9.827378860935e-01
5.572678633932e+00,9.827444923062e-01
5.573078653933e+00,9.827510949748e-01
5.573478673934e+00,9.827576941001e-01
5.573878693935e+00,9.827642896830e-01
5.574278713936e+00,9.827708817248e-01
5.574678733937e+00,9.827774702268e-01
5.575078753938e+00,9.827840551905e-01
5.575478773939e+00,9.827906366179e-01
5.575878793940e+00,9.827972145107e-01
5.576278813941e+00,9.828037888714e-01
5.576678833942e+00,9.828103597021e-01
5.577078853943e+00,9.828169270054e-01
5.577478873944e+00,9.828234907842e-01
5.577878893945e+00,9.828300510414e-01
5.578278913946e+00,9.828366077802e-01
5.578678933947e+00,9.828431610038e-01
5.579078953948e+00,9.828497107159e-01
5.579478973949e+00,9.828562569201e-01
5.579878993950e+00,9.828627996205e-01
5.580279013951e+00,9.828693388210e-01
5.580679033952e+00,9.828758745262e-01
5.581079053953e+00,9.828824067404e-01
5.581479073954e+00,9.828889354683e-01
5.581879093955e+00,9.828954607149e-01
5.582279113956e+00,9.829019824853e-01
5.582679133957e+00,9.829085007846e-01
5.583079153958e+00,9.829150156184e-01
5.583479173959e+00,9.829215269923e-01
5.583879193960e+00,9.829280349122e-01
5.584279213961e+00,9.829345393840e-01
5.584679233962e+00,9.829410404140e-01
5.585079253963e+00,9.829475380086e-01
5.585479273964e+00,9.829540321743e-01
5.585879293965e+00,9.829605229179e-01
5.586279313966e+00,9.829670102463e-01
5.586679333967e+00,9.829734941666e-01
5.587079353968e+00,9.829799746862e-01
5.587479373969e+00,9.829864518125e-01
5.587879393970e+00,9.829929255531e-01
5.588279413971e+00,9.829993959158e-01
5.588679433972e+00,9.830058629088e-01
5.589079453973e+00,9.830123265400e-01
5.589479473974e+00,9.830187868179e-01
5.589879493975e+00,9.830252437509e-01
5.590279513976e+00,9.830316973477e-01
5.590679533977e+00,9.830381476170e-01
5.591079553978e+00,9.830445945680e-01
5.591479573979e+00,9.830510382097e-01
5.591879593980e+00,9.830574785513e-01
5.592279613981e+00,9.830639156025e-01
5.592679633982e+00,9.830703493726e-01
5.593079653983e+00,9.830767798716e-01
5.593479673984e+00,9.830832071094e-01
5.593879693985e+00,9.830896310962e-01
5.594279713986e+00,9.830960518422e-01
5.594679733987e+00,9.831024693577e-01
5.595079753988e+00,9.831088836533e-01
5.595479773989e+00,9.831152947398e-01
5.595879793990e+00,9.831217026278e-01
5.596279813991e+00,9.831281073285e-01
5.596679833992e+00,9.831345088529e-01
5.597079853993e+00,9.831409072123e-01
5.597479873994e+00,9.831473024181e-01
5.597879893995e+00,9.831536944817e-01
5.598279913996e+00,9.831600834150e-01
5.598679933997e+00,9.831664692297e-01
5.599079953998e+00,9.831728519376e-01
5.599479973999e+00,9.831792315509e-01
5.599879994000e+00,9.831856080817e-01
5.600280014001e+00,9.831919815423e-01
5.600680034002e+00,9.831983519452e-01
5.601080054003e+00,9.832047193028e-01
5.601480074004e+00,9.832110836279e-01
5.601880094005e+00,9.832174449331e-01
5.602280114006e+00,9.832238032314e-01
5.602680134007e+00,9.832301585358e-01
5.603080154008e+00,9.832365108592e-01
5.603480174009e+00,9.832428602150e-01
5.603880194010e+00,9.832492066164e-01
5.604280214011e+00,9.832555500769e-01
5.604680234012e+00,9.832618906099e-01
5.605080254013e+00,9.832682282290e-01
5.605480274014e+00,9.832745629480e-01
5.605880294015e+00,9.832808947805e-01
5.606280314016e+00,9.832872237406e-01
5.606680334017e+00,9.832935498421e-01
5.607080354018e+00,9.832998730991e-01
5.607480374019e+00,9.833061935258e-01
5.607880394020e+00,9.833125111364e-01
5.608280414021e+00,9.833188259452e-01
5.608680434022e+00,9.833251379665e-01
5.609080454023e+00,9.833314472148e-01
5.609480474024e+00,9.833377537046e-01
5.609880494025e+00,9.833440574506e-01
5.610280514026e+00,9.833503584673e-01
5.610680534027e+00,9.833566567696e-01
5.611080554028e+00,9.833629523722e-01
5.611480574029e+00,9.833692452900e-01
5.611880594030e+00,9.833755355378e-01
5.612280614031e+00,9.833818231306e-01
5.612680634032e+00,9.833881080835e-01
5.613080654033e+00,9.833943904115e-01
5.613480674034e+00,9.834006701297e-01
5.613880694035e+00,9.834069472533e-01
5.614280714036e+00,9.834132217974e-01
5.614680734037e+00,9.834194937773e-01
5.615080754038e+00,9.834257632082e-01
5.615480774039e+00,9.834320301054e-01
5.615880794040e+00,9.834382944842e-01
5.616280814041e+00,9.834445563600e-01
5.616680834042e+00,9.834508157481e-01
5.617080854043e+00,9.834570726638e-01
5.617480874044e+00,9.834633271226e-01
5.617880894045e+00,9.834695791398e-01
5.618280914046e+00,9.834758287307e-01
5.618680934047e+00,9.834820759109e-01
5.619080954048e+00,9.834883206958e-01
5.619480974049e+00,9.834945631011e-01
5.619880994050e+00,9.835008031423e-01
5.620281014051e+00,9.835070408348e-01
5.620681034052e+00,9.835132761942e-01
5.621081054053e+00,9.835195092358e-01
5.621481074054e+00,9.835257399753e-01
5.621881094055e+00,9.835319684281e-01
5.622281114056e+00,9.835381946096e-01
5.622681134057e+00,9.835444185353e-01
5.623081154058e+00,9.835506402206e-01
5.623481174059e+00,9.835568596810e-01
5.623881194060e+00,9.835630769319e-01
5.624281214061e+00,9.835692919887e-01
5.624681234062e+00,9.835755048666e-01
5.625081254063e+00,9.835817155811e-01
5.625481274064e+00,9.835879241473e-01
5.625881294065e+00,9.835941305807e-01
5.626281314066e+00,9.836003348964e-01
5.626681334067e+00,9.836065371095e-01
5.627081354068e+00,9.836127372353e-01
5.627481374069e+00,9.836189352888e-01
5.627881394070e+00,9.836251312851e-01
5.628281414071e+00,9.836313252392e-01
5.628681434072e+00,9.836375171661e-01
5.629081454073e+00,9.836437070806e-01
5.629481474074e+00,9.836498949976e-01
5.629881494075e+00,9.836560809320e-01
5.630281514076e+00,9.836622648983e-01
5.630681534077e+00,9.836684469114e-01
5.631081554078e+00,9.836746269857e-01
5.631481574079e+00,9.836808051359e-01
5.631881594080e+00,9.836869813764e-01
5.632281614081e+00,9.836931557216e-01
5.632681634082e+00,9.836993281858e-01
5.633081654083e+00,9.837054987833e-01
5.633481674084e+00,9.837116675282e-01
5.633881694085e+00,9.837178344347e-01
5.634281714086e+00,9.837239995166e-01
5.634681734087e+00,9.837301627880e-01
5.635081754088e+00,9.837363242627e-01
5.635481774089e+00,9.837424839543e-01
5.635881794090e+00,9.837486418766e-01
5.636281814091e+00,9.837547980430e-01
5.636681834092e+00,9.837609524671e-01
5.637081854093e+00,9.837671051622e-01
5.637481874094e+00,9.837732561416e-01
5.637881894095e+00,9.837794054183e-01
5.638281914096e+00,9.837855530055e-01
5.638681934097e+00,9.837916989160e-01
5.639081954098e+00,9.837978431627e-01
5.639481974099e+00,9.838039857582e-01
5.639881994100e+00,9.838101267153e-01
5.640282014101e+00,9.838162660462e-01
5.640682034102e+00,9.838224037634e-01
5.641082054103e+00,9.838285398791e-01
5.641482074104e+00,9.838346744054e-01
5.641882094105e+00,9.838408073542e-01
5.642282114106e+00,9.838469387375e-01
5.642682134107e+00,9.838530685670e-01
5.643082154108e+00,9.838591968543e-01
5.643482174109e+00,9.838653236109e-01
5.643882194110e+00,9.838714488482e-01
5.644282214111e+00,9.838775725772e-01
5.644682234112e+00,9.838836948092e-01
5.645082254113e+00,9.838898155550e-01
5.645482274114e+00,9.838959348255e-01
5.645882294115e+00,9.839020526312e-01
5.646282314116e+00,9.839081689826e-01
5.646682334117e+00,9.839142838902e-01
5.647082354118e+00,9.839203973642e-01
5.647482374119e+00,9.839265094145e-01
5.647882394120e+00,9.839326200512e-01
5.648282414121e+00,9.839387292839e-01
5.648682434122e+00,9.839448371224e-01
5.649082454123e+00,9.839509435759e-01
5.649482474124e+00,9.839570486539e-01
5.649882494125e+00,9.839631523654e-01
5.650282514126e+00,9.839692547194e-01
5.650682534127e+00,9.839753557248e-01
5.651082554128e+00,9.839814553902e-01
5.651482574129e+00,9.839875537241e-01
5.651882594130e+00,9.839936507348e-01
5.652282614131e+00,9.839997464305e-01
5.652682634132e+00,9.840058408191e-01
5.653082654133e+00,9.840119339086e-01
5.653482674134e+00,9.840180257065e-01
5.653882694135e+00,9.840241162203e-01
5.654282714136e+00,9.840302054574e-01
5.654682734137e+00,9.840362934249e-01
5.655082754138e+00,9.840423801297e-01
5.655482774139e+00,9.840484655786e-01
5.655882794140e+00,9.840545497784e-01
5.656282814141e+00,9.840606327353e-01
5.656682834142e+00,9.840667144557e-01
5.657082854143e+00,9.840727949456e-01
5.657482874144e+00,9.840788742110e-01
5.657882894145e+00,9.840849522576e-01
5.658282914146e+00,9.840910290909e-01
5.658682934147e+00,9.840971047162e-01
5.659082954148e+00,9.841031791388e-01
5.659482974149e+00,9.841092523637e-01
5.659882994150e+00,9.841153243957e-01
5.660283014151e+00,9.841213952393e-01
5.660683034152e+00,9.841274648991e-01
5.661083054153e+00,9.841335333792e-01
5.661483074154e+00,9.841396006838e-01
5.661883094155e+00,9.841456668168e-01
5.662283114156e+00,9.841517317817e-01
5.662683134157e+00,9.841577955823e-01
5.663083154158e+00,9.841638582216e-01
5.663483174159e+00,9.841699197030e-01
5.663883194160e+00,9.841759800292e-01
5.664283214161e+00,9.841820392031e-01
5.664683234162e+00,9.841880972273e-01
5.665083254163e+00,9.841941541040e-01
5.665483274164e+00,9.842002098354e-01
5.665883294165e+00,9.842062644237e-01
5.666283314166e+00,9.842123178705e-01
5.666683334167e+00,9.842183701775e-01
5.667083354168e+00,9.842244213462e-01
5.667483374169e+00,9.842304713776e-01
5.667883394170e+00,9.842365202729e-01
5.668283414171e+00,9.842425680330e-01
5.668683434172e+00,9.842486146584e-01
5.669083454173e+00,9.842546601496e-01
5.669483474174e+00,9.842607045070e-01
5.669883494175e+00,9.842667477306e-01
5.670283514176e+00,9.842727898203e-01
5.670683534177e+00,9.842788307758e-01
5.671083554178e+00,9.842848705966e-01
5.671483574179e+00,9.842909092821e-01
5.671883594180e+00,9.842969468314e-01
5.672283614181e+00,9.843029832435e-01
5.672683634182e+00,9.843090185170e-01
5.673083654183e+00,9.843150526507e-01
5.673483674184e+00,9.843210856428e-01
5.673883694185e+00,9.843271174916e-01
5.674283714186e+00,9.843331481951e-01
5.674683734187e+00,9.843391777511e-01
5.675083754188e+00,9.843452061573e-01
5.675483774189e+00,9.843512334111e-01
5.675883794190e+00,9.843572595098e-01
5.676283814191e+00,9.843632844505e-01
5.676683834192e+00,9.843693082301e-01
5.677083854193e+00,9.843753308453e-01
5.677483874194e+00,9.843813522927e-01
5.677883894195e+00,9.843873725686e-01
5.678283914196e+00,9.843933916693e-01
5.678683934197e+00,9.843994095907e-01
5.679083954198e+00,9.844054263286e-01
5.679483974199e+00,9.844114418788e-01
5.679883994200e+00,9.844174562367e-01
5.680284014201e+00,9.844234693975e-01
5.680684034202e+00,9.844294813565e-01
5.681084054203e+00,9.844354921086e-01
5.681484074204e+00,9.844415016485e-01
5.681884094205e+00,9.844475099709e-01
5.682284114206e+00,9.844535170703e-01
5.682684134207e+00,9.844595229408e-01
5.683084154208e+00,9.844655275766e-01
5.683484174209e+00,9.844715309717e-01
5.683884194210e+00,9.844775331199e-01
5.684284214211e+00,9.844835340147e-01
5.684684234212e+00,9.844895336495e-01
5.685084254213e+00,9.844955320178e-01
5.685484274214e+00,9.845015291126e-01
5.685884294215e+00,9.845075249269e-01
5.686284314216e+00,9.845135194534e-01
5.686684334217e+00,9.845195126850e-01
5.687084354218e+00,9.845255046140e-01
5.687484374219e+00,9.845314952329e-01
5.687884394220e+00,9.845374845338e-01
5.688284414221e+00,9.845434725088e-01
5.688684434222e+00,9.845494591498e-01
5.689084454223e+00,9.845554444486e-01
5.689484474224e+00,9.845614283967e-01
5.689884494225e+00,9.845674109857e-01
5.690284514226e+00,9.845733922069e-01
5.690684534227e+00,9.845793720515e-01
5.691084554228e+00,9.845853505105e-01
5.691484574229e+00,9.845913275749e-01
5.691884594230e+00,9.845973032354e-01
5.692284614231e+00,9.846032774827e-01
5.692684634232e+00,9.846092503073e-01
5.693084654233e+00,9.846152216996e-01
5.693484674234e+00,9.846211916500e-01
5.693884694235e+00,9.846271601484e-01
5.694284714236e+00,9.846331271850e-01
5.694684734237e+00,9.846390927496e-01
5.695084754238e+00,9.846450568320e-01
5.695484774239e+00,9.846510194219e-01
5.695884794240e+00,9.846569805088e-01
5.696284814241e+00,9.846629400822e-01
5.696684834242e+00,9.846688981313e-01
5.697084854243e+00,9.846748546454e-01
5.697484874244e+00,9.846808096136e-01
5.697884894245e+00,9.846867630248e-01
5.698284914246e+00,9.846927148681e-01
5.698684934247e+00,9.846986651320e-01
5.699084954248e+00,9.847046138054e-01
5.699484974249e+00,9.847105608769e-01
5.699884994250e+00,9.847165063349e-01
5.700285014251e+00,9.847224501678e-01
5.700685034252e+00,9.847283923640e-01
5.701085054253e+00,9.847343329117e-01
5.701485074254e+00,9.847402717990e-01
5.701885094255e+00,9.847462090140e-01
5.702285114256e+00,9.847521445447e-01
5.702685134257e+00,9.847580783789e-01
5.703085154258e+00,9.847640105045e-01
5.703485174259e+00,9.847699409093e-01
5.703885194260e+00,9.847758695808e-01
5.704285214261e+00,9.847817965068e-01
5.704685234262e+00,9.847877216747e-01
5.705085254263e+00,9.847936450720e-01
5.705485274264e+00,9.847995666861e-01
5.705885294265e+00,9.848054865044e-01
5.706285314266e+00,9.848114045141e-01
5.706685334267e+00,9.848173207025e-01
5.707085354268e+00,9.848232350568e-01
5.707485374269e+00,9.848291475641e-01
5.707885394270e+00,9.848350582114e-01
5.708285414271e+00,9.848409669859e-01
5.708685434272e+00,9.848468738744e-01
5.709085454273e+00,9.848527788639e-01
5.709485474274e+00,9.848586819413e-01
5.709885494275e+00,9.848645830936e-01
5.710285514276e+00,9.848704823074e-01
5.710685534277e+00,9.848763795696e-01
5.711085554278e+00,9.848822748671e-01
5.711485574279e+00,9.848881681864e-01
5.711885594280e+00,9.848940595143e-01
5.712285614281e+00,9.848999488375e-01
5.712685634282e+00,9.849058361426e-01
5.713085654283e+00,9.849117214163e-01
5.713485674284e+00,9.849176046452e-01
5.713885694285e+00,9.849234858161e-01
5.714285714286e+00,9.849293649154e-01
5.714685734287e+00,9.849352419298e-01
5.715085754288e+00,9.849411168460e-01
5.715485774289e+00,9.849469896504e-01
5.715885794290e+00,9.849528603297e-01
5.716285814291e+00,9.849587288704e-01
5.716685834292e+00,9.849645952593e-01
5.717085854293e+00,9.849704594829e-01
5.717485874294e+00,9.849763215278e-01
5.717885894295e+00,9.849821813806e-01
5.718285914296e+00,9.849880390280e-01
5.718685934297e+00,9.849938944567e-01
5.719085954298e+00,9.849997476534e-01
5.719485974299e+00,9.850055986047e-01
5.719885994300e+00,9.850114472973e-01
5.720286014301e+00,9.850172937181e-01
5.720686034302e+00,9.850231378537e-01
5.721086054303e+00,9.850289796911e-01
5.721486074304e+00,9.850348192170e-01
5.721886094305e+00,9.850406564184e-01
5.722286114306e+00,9.850464912821e-01
5.722686134307e+00,9.850523237951e-01
5.723086154308e+00,9.850581539444e-01
5.723486174309e+00,9.850639817170e-01
5.723886194310e+00,9.850698071000e-01
5.724286214311e+00,9.850756300806e-01
5.724686234312e+00,9.850814506460e-01
5.725086254313e+00,9.850872687834e-01
5.725486274314e+00,9.850930844801e-01
5.725886294315e+00,9.850988977234e-01
5.726286314316e+00,9.851047085009e-01
5.726686334317e+00,9.851105168000e-01
5.727086354318e+00,9.851163226082e-01
5.727486374319e+00,9.851221259132e-01
5.727886394320e+00,9.851279267026e-01
5.728286414321e+00,9.851337249644e-01
5.728686434322e+00,9.851395206862e-01
5.729086454323e+00,9.851453138560e-01
5.729486474324e+00,9.851511044619e-01
5.729886494325e+00,9.851568924919e-01
5.730286514326e+00,9.851626779342e-01
5.730686534327e+00,9.851684607770e-01
5.731086554328e+00,9.851742410087e-01
5.731486574329e+00,9.851800186178e-01
5.731886594330e+00,9.851857935927e-01
5.732286614331e+00,9.851915659221e-01
5.732686634332e+00,9.851973355947e-01
5.733086654333e+00,9.852031025993e-01
5.733486674334e+00,9.852088669249e-01
5.733886694335e+00,9.852146285604e-01
5.734286714336e+00,9.852203874950e-01
5.734686734337e+00,9.852261437179e-01
5.735086754338e+00,9.852318972185e-01
5.735486774339e+00,9.852376479861e-01
5.735886794340e+00,9.852433960103e-01
5.736286814341e+00,9.852491412808e-01
5.736686834342e+00,9.852548837873e-01
5.737086854343e+00,9.852606235198e-01
5.737486874344e+00,9.852663604681e-01
5.737886894345e+00,9.852720946224e-01
5.738286914346e+00,9.852778259732e-01
5.738686934347e+00,9.852835545107e-01
5.739086954348e+00,9.852892802256e-01
5.739486974349e+00,9.852950031084e-01
5.739886994350e+00,9.853007231499e-01
5.740287014351e+00,9.853064403411e-01
5.740687034352e+00,9.853121546729e-01
5.741087054353e+00,9.853178661367e-01
5.741487074354e+00,9.853235747236e-01
5.741887094355e+00,9.853292804251e-01
5.742287114356e+00,9.853349832330e-01
5.742687134357e+00,9.853406831388e-01
5.743087154358e+00,9.853463801344e-01
5.743487174359e+00,9.853520742119e-01
5.743887194360e+00,9.853577653635e-01
5.744287214361e+00,9.853634535815e-01
5.744687234362e+00,9.853691388583e-01
5.745087254363e+00,9.853748211866e-01
5.745487274364e+00,9.853805005590e-01
5.745887294365e+00,9.853861769687e-01
5.746287314366e+00,9.853918504085e-01
5.746687334367e+00,9.853975208717e-01
5.747087354368e+00,9.854031883517e-01
5.747487374369e+00,9.854088528421e-01
5.747887394370e+00,9.854145143366e-01
5.748287414371e+00,9.854201728289e-01
5.748687434372e+00,9.854258283131e-01
5.749087454373e+00,9.854314807835e-01
5.749487474374e+00,9.854371302343e-01
5.749887494375e+00,9.854427766601e-01
5.750287514376e+00,9.854484200555e-01
5.750687534377e+00,9.854540604154e-01
5.751087554378e+00,9.854596977348e-01
5.751487574379e+00,9.854653320088e-01
5.751887594380e+00,9.854709632329e-01
5.752287614381e+00,9.854765914026e-01
5.752687634382e+00,9.854822165134e-01
5.753087654383e+00,9.854878385614e-01
5.753487674384e+00,9.854934575425e-01
5.753887694385e+00,9.854990734530e-01
5.754287714386e+00,9.855046862892e-01
5.754687734387e+00,9.855102960478e-01
5.755087754388e+00,9.855159027253e-01
5.755487774389e+00,9.855215063189e-01
5.755887794390e+00,9.855271068255e-01
5.756287814391e+00,9.855327042423e-01
5.756687834392e+00,9.855382985670e-01
5.757087854393e+00,9.855438897970e-01
5.757487874394e+00,9.855494779301e-01
5.757887894395e+00,9.855550629644e-01
5.758287914396e+00,9.855606448979e-01
5.758687934397e+00,9.855662237290e-01
5.759087954398e+00,9.855717994562e-01
5.759487974399e+00,9.855773720782e-01
5.759887994400e+00,9.855829415937e-01
5.760288014401e+00,9.855885080018e-01
5.760688034402e+00,9.855940713018e-01
5.761088054403e+00,9.855996314932e-01
5.761488074404e+00,9.856051885756e-01
5.761888094405e+00,9.856107425486e-01
5.762288114406e+00,9.856162934123e-01
5.762688134407e+00,9.856218411669e-01
5.763088154408e+00,9.856273858125e-01
5.763488174409e+00,9.856329273499e-01
5.763888194410e+00,9.856384657796e-01
5.764288214411e+00,9.856440011025e-01
5.764688234412e+00,9.856495333196e-01
5.765088254413e+00,9.856550624323e-01
5.765488274414e+00,9.856605884419e-01
5.765888294415e+00,9.856661113500e-01
5.766288314416e+00,9.856716311584e-01
5.766688334417e+00,9.856771478691e-01
5.767088354418e+00,9.856826614841e-01
5.767488374419e+00,9.856881720059e-01
5.767888394420e+00,9.856936794368e-01
5.768288414421e+00,9.856991837797e-01
5.768688434422e+00,9.857046850372e-01
5.769088454423e+00,9.857101832125e-01
5.769488474424e+00,9.857156783088e-01
5.769888494425e+00,9.857211703295e-01
5.770288514426e+00,9.857266592780e-01
5.770688534427e+00,9.857321451582e-01
5.771088554428e+00,9.857376279740e-01
5.771488574429e+00,9.857431077295e-01
5.771888594430e+00,9.857485844289e-01
5.772288614431e+00,9.857540580767e-01
5.772688634432e+00,9.857595286774e-01
5.773088654433e+00,9.857649962360e-01
5.773488674434e+00,9.857704607573e-01
5.773888694435e+00,9.857759222464e-01
5.774288714436e+00,9.857813807088e-01
5.774688734437e+00,9.857868361498e-01
5.775088754438e+00,9.857922885751e-01
5.775488774439e+00,9.857977379905e-01
5.775888794440e+00,9.858031844020e-01
5.776288814441e+00,9.858086278158e-01
5.776688834442e+00,9.858140682380e-01
5.777088854443e+00,9.858195056754e-01
5.777488874444e+00,9.858249401343e-01
5.777888894445e+00,9.858303716218e-01
5.778288914446e+00,9.858358001446e-01
5.778688934447e+00,9.858412257100e-01
5.779088954448e+00,9.858466483252e-01
5.779488974449e+00,9.858520679976e-01
5.779888994450e+00,9.858574847349e-01
5.780289014451e+00,9.858628985447e-01
5.780689034452e+00,9.858683094348e-01
5.781089054453e+00,9.858737174135e-01
5.781489074454e+00,9.858791224887e-01
5.781889094455e+00,9.858845246689e-01
5.782289114456e+00,9.858899239625e-01
5.782689134457e+00,9.858953203781e-01
5.783089154458e+00,9.859007139245e-01
5.783489174459e+00,9.859061046108e-01
5.783889194460e+00,9.859114924459e-01
5.784289214461e+00,9.859168774390e-01
5.784689234462e+00,9.859222595996e-01
5.785089254463e+00,9.859276389370e-01
5.785489274464e+00,9.859330154609e-01
5.785889294465e+00,9.859383891810e-01
5.786289314466e+00,9.859437601073e-01
5.786689334467e+00,9.859491282498e-01
5.787089354468e+00,9.859544936185e-01
5.787489374469e+00,9.859598562239e-01
5.787889394470e+00,9.859652160762e-01
5.788289414471e+00,9.859705731860e-01
5.788689434472e+00,9.859759275641e-01
5.789089454473e+00,9.859812792210e-01
5.789489474474e+00,9.859866281678e-01
5.789889494475e+00,9.859919744154e-01
5.790289514476e+00,9.859973179750e-01
5.790689534477e+00,9.860026588577e-01
5.791089554478e+00,9.860079970750e-01
5.791489574479e+00,9.860133326383e-01
5.791889594480e+00,9.860186655591e-01
5.792289614481e+00,9.860239958491e-01
5.792689634482e+00,9.860293235201e-01
5.793089654483e+00,9.860346485839e-01
5.793489674484e+00,9.860399710525e-01
5.793889694485e+00,9.860452909380e-01
5.794289714486e+00,9.860506082526e-01
5.794689734487e+00,9.860559230085e-01
5.795089754488e+00,9.860612352180e-01
5.795489774489e+00,9.860665448936e-01
5.795889794490e+00,9.860718520478e-01
5.796289814491e+00,9.860771566933e-01
5.796689834492e+00,9.860824588427e-01
5.797089854493e+00,9.860877585089e-01
5.797489874494e+00,9.860930557046e-01
5.797889894495e+00,9.860983504429e-01
5.798289914496e+00,9.861036427368e-01
5.798689934497e+00,9.861089325993e-01
5.799089954498e+00,9.861142200437e-01
5.799489974499e+00,9.861195050832e-01
5.799889994500e+00,9.861247877310e-01
5.800290014501e+00,9.861300680006e-01
5.800690034502e+00,9.861353459054e-01
5.801090054503e+00,9.861406214589e-01
5.801490074504e+00,9.861458946746e-01
5.801890094505e+00,9.861511655662e-01
5.802290114506e+00,9.861564341474e-01
5.802690134507e+00,9.861617004318e-01
5.803090154508e+00,9.861669644332e-01
5.803490174509e+00,9.861722261655e-01
5.803890194510e+00,9.861774856425e-01
5.804290214511e+00,9.861827428781e-01
5.804690234512e+00,9.861879978863e-01
5.805090254513e+00,9.861932506809e-01
5.805490274514e+00,9.861985012761e-01
5.805890294515e+00,9.862037496858e-01
5.806290314516e+00,9.862089959241e-01
5.806690334517e+00,9.862142400051e-01
5.807090354518e+00,9.862194819428e-01
5.807490374519e+00,9.862247217514e-01
5.807890394520e+00,9.862299594450e-01
5.808290414521e+00,9.862351950378e-01
5.808690434522e+00,9.862404285438e-01
5.809090454523e+00,9.862456599772e-01
5.809490474524e+00,9.862508893525e-01
5.809890494525e+00,9.862561166838e-01
5.810290514526e+00,9.862613419856e-01
5.810690534527e+00,9.862665652719e-01
5.811090554528e+00,9.862717865571e-01
5.811490574529e+00,9.862770058554e-01
5.811890594530e+00,9.862822231811e-01
5.812290614531e+00,9.862874385484e-01
5.812690634532e+00,9.862926519715e-01
5.813090654533e+00,9.862978634647e-01
5.813490674534e+00,9.863030730423e-01
5.813890694535e+00,9.863082807183e-01
5.814290714536e+00,9.863134865071e-01
5.814690734537e+00,9.863186904228e-01
5.815090754538e+00,9.863238924795e-01
5.815490774539e+00,9.863290926914e-01
5.815890794540e+00,9.863342910726e-01
5.816290814541e+00,9.863394876372e-01
5.816690834542e+00,9.863446823991e-01
5.817090854543e+00,9.863498753725e-01
5.817490874544e+00,9.863550665713e-01
5.817890894545e+00,9.863602560095e-01
5.818290914546e+00,9.863654437009e-01
5.818690934547e+00,9.863706296594e-01
5.819090954548e+00,9.863758138989e-01
5.819490974549e+00,9.863809964331e-01
5.819890994550e+00,9.863861772757e-01
5.820291014551e+00,9.863913564405e-01
5.820691034552e+00,9.863965339410e-01
5.821091054553e+00,9.864017097908e-01
5.821491074554e+00,9.864068840035e-01
5.821891094555e+00,9.864120565924e-01
5.822291114556e+00,9.864172275711e-01
5.822691134557e+00,9.864223969527e-01
5.823091154558e+00,9.864275647507e-01
5.823491174559e+00,9.864327309781e-01
5.823891194560e+00,9.864378956482e-01
5.824291214561e+00,9.864430587739e-01
5.824691234562e+00,9.864482203683e-01
5.825091254563e+00,9.864533804443e-01
5.825491274564e+00,9.864585390147e-01
5.825891294565e+00,9.864636960923e-01
5.826291314566e+00,9.864688516897e-01
5.826691334567e+00,9.864740058196e-01
5.827091354568e+00,9.864791584944e-01
5.827491374569e+00,9.864843097265e-01
5.827891394570e+00,9.864894595283e-01
5.828291414571e+00,9.864946079120e-01
5.828691434572e+00,9.864997548897e-01
5.829091454573e+00,9.865049004735e-01
5.829491474574e+00,9.865100446754e-01
5.829891494575e+00,9.865151875070e-01
5.830291514576e+00,9.865203289803e-01
5.830691534577e+00,9.865254691068e-01
5.831091554578e+00,9.865306078980e-01
5.831491574579e+00,9.865357453653e-01
5.831891594580e+00,9.865408815201e-01
5.832291614581e+00,9.865460163736e-01
5.832691634582e+00,9.865511499367e-01
5.833091654583e+00,9.865562822205e-01
5.833491674584e+00,9.865614132360e-01
5.833891694585e+00,9.865665429938e-01
5.834291714586e+00,9.865716715045e-01
5.834691734587e+00,9.865767987787e-01
5.835091754588e+00,9.865819248267e-01
5.835491774589e+00,9.865870496588e-01
5.835891794590e+00,9.865921732852e-01
5.836291814591e+00,9.865972957157e-01
5.836691834592e+00,9.866024169603e-01
5.837091854593e+00,9.866075370287e-01
5.837491874594e+00,9.866126559306e-01
5.837891894595e+00,9.866177736753e-01
5.838291914596e+00,9.866228902723e-01
5.838691934597e+00,9.866280057308e-01
5.839091954598e+00,9.866331200597e-01
5.839491974599e+00,9.866382332681e-01
5.839891994600e+00,9.866433453647e-01
5.840292014601e+00,9.866484563582e-01
5.840692034602e+00,9.866535662570e-01
5.841092054603e+00,9.866586750695e-01
5.841492074604e+00,9.866637828039e-01
5.841892094605e+00,9.866688894683e-01
5.842292114606e+00,9.866739950706e-01
5.842692134607e+00,9.866790996185e-01
5.843092154608e+00,9.866842031197e-01
5.843492174609e+00,9.866893055816e-01
5.843892194610e+00,9.866944070115e-01
5.844292214611e+00,9.866995074165e-01
5.844692234612e+00,9.867046068038e-01
5.845092254613e+00,9.867097051800e-01
5.845492274614e+00,9.867148025519e-01
5.845892294615e+00,9.867198989260e-01
5.846292314616e+00,9.867249943087e-01
5.846692334617e+00,9.867300887062e-01
5.847092354618e+00,9.867351821245e-01
5.847492374619e+00,9.867402745695e-01
5.847892394620e+00,9.867453660469e-01
5.848292414621e+00,9.867504565623e-01
5.848692434622e+00,9.867555461211e-01
5.849092454623e+00,9.867606347284e-01
5.849492474624e+00,9.867657223894e-01
5.849892494625e+00,9.867708091090e-01
5.850292514626e+00,9.867758948918e-01
5.850692534627e+00,9.867809797425e-01
5.851092554628e+00,9.867860636653e-01
5.851492574629e+00,9.867911466647e-01
5.851892594630e+00,9.867962287445e-01
5.852292614631e+00,9.868013099087e-01
5.852692634632e+00,9.868063901610e-01
5.853092654633e+00,9.868114695049e-01
5.853492674634e+00,9.868165479438e-01
5.853892694635e+00,9.868216254809e-01
5.854292714636e+00,9.868267021192e-01
5.854692734637e+00,9.868317778615e-01
5.855092754638e+00,9.868368527106e-01
5.855492774639e+00,9.868419266689e-01
5.855892794640e+00,9.868469997388e-01
5.856292814641e+00,9.868520719224e-01
5.856692834642e+00,9.868571432217e-01
5.857092854643e+00,9.868622136385e-01
5.857492874644e+00,9.868672831744e-01
5.857892894645e+00,9.868723518310e-01
5.858292914646e+00,9.868774196095e-01
5.858692934647e+00,9.868824865109e-01
5.859092954648e+00,9.868875525364e-01
5.859492974649e+00,9.868926176865e-01
5.859892994650e+00,9.868976819619e-01
5.860293014651e+00,9.869027453630e-01
5.860693034652e+00,9.869078078900e-01
5.861093054653e+00,9.869128695431e-01
5.861493074654e+00,9.869179303221e-01
5.861893094655e+00,9.869229902266e-01
5.862293114656e+00,9.869280492564e-01
5.862693134657e+00,9.869331074107e-01
5.863093154658e+00,9.869381646887e-01
5.863493174659e+00,9.869432210894e-01
5.863893194660e+00,9.869482766117e-01
5.864293214661e+00,9.869533312544e-01
5.864693234662e+00,9.869583850158e-01
5.865093254663e+00,9.869634378944e-01
5.865493274664e+00,9.869684898882e-01
5.865893294665e+00,9.869735409953e-01
5.866293314666e+00,9.869785912136e-01
5.866693334667e+00,9.869836405406e-01
5.867093354668e+00,9.869886889739e-01
5.867493374669e+00,9.869937365108e-01
5.867893394670e+00,9.869987831484e-01
5.868293414671e+00,9.870038288837e-01
5.868693434672e+00,9.870088737135e-01
5.869093454673e+00,9.870139176346e-01
5.869493474674e+00,9.870189606433e-01
5.869893494675e+00,9.870240027361e-01
5.870293514676e+00,9.870290439090e-01
5.870693534677e+00,9.870340841581e-01
5.871093554678e+00,9.870391234792e-01
5.871493574679e+00,9.870441618679e-01
5.871893594680e+00,9.870491993199e-01
5.872293614681e+00,9.870542358305e-01
5.872693634682e+00,9.870592713948e-01
5.873093654683e+00,9.870643060079e-01
5.873493674684e+00,9.870693396647e-01
5.873893694685e+00,9.870743723600e-01
5.874293714686e+00,9.870794040883e-01
5.874693734687e+00,9.870844348441e-01
5.875093754688e+00,9.870894646215e-01
5.875493774689e+00,9.870944934149e-01
5.875893794690e+00,9.870995212180e-01
5.876293814691e+00,9.871045480248e-01
5.876693834692e+00,9.871095738290e-01
5.877093854693e+00,9.871145986240e-01
5.877493874694e+00,9.871196224033e-01
5.877893894695e+00,9.871246451602e-01
5.878293914696e+00,9.871296668877e-01
5.878693934697e+00,9.871346875788e-01
5.879093954698e+00,9.871397072263e-01
5.879493974699e+00,9.871447258229e-01
5.879893994700e+00,9.871497433612e-01
5.880294014701e+00,9.871547598337e-01
5.880694034702e+00,9.871597752325e-01
5.881094054703e+00,9.871647895499e-01
5.881494074704e+00,9.871698027779e-01
5.881894094705e+00,9.871748149083e-01
5.882294114706e+00,9.871798259330e-01
5.882694134707e+00,9.871848358435e-01
5.883094154708e+00,9.871898446315e-01
5.883494174709e+00,9.871948522883e-01
5.883894194710e+00,9.871998588051e-01
5.884294214711e+00,9.872048641732e-01
5.884694234712e+00,9.872098683836e-01
5.885094254713e+00,9.872148714272e-01
5.885494274714e+00,9.872198732948e-01
5.885894294715e+00,9.872248739771e-01
5.886294314716e+00,9.872298734647e-01
5.886694334717e+00,9.872348717481e-01
5.887094354718e+00,9.872398688177e-01
5.887494374719e+00,9.872448646637e-01
5.887894394720e+00,9.872498592762e-01
5.888294414721e+00,9.872548526454e-01
5.888694434722e+00,9.872598447613e-01
5.889094454723e+00,9.872648356135e-01
5.889494474724e+00,9.872698251920e-01
5.889894494725e+00,9.872748134864e-01
5.890294514726e+00,9.872798004863e-01
5.890694534727e+00,9.872847861812e-01
5.891094554728e+00,9.872897705604e-01
5.891494574729e+00,9.872947536133e-01
5.891894594730e+00,9.872997353292e-01
5.892294614731e+00,9.873047156971e-01
5.892694634732e+00,9.873096947061e-01
5.893094654733e+00,9.873146723452e-01
5.893494674734e+00,9.873196486033e-01
5.893894694735e+00,9.873246234693e-01
5.894294714736e+00,9.873295969319e-01
5.894694734737e+00,9.873345689799e-01
5.895094754738e+00,9.873395396018e-01
5.895494774739e+00,9.873445087861e-01
5.895894794740e+00,9.873494765215e-01
5.896294814741e+00,9.873544427963e-01
5.896694834742e+00,9.873594075989e-01
5.897094854743e+00,9.873643709177e-01
5.897494874744e+00,9.873693327408e-01
5.897894894745e+00,9.873742930565e-01
5.898294914746e+00,9.873792518530e-01
5.898694934747e+00,9.873842091183e-01
5.899094954748e+00,9.873891648405e-01
5.899494974749e+00,9.873941190076e-01
5.899894994750e+00,9.873990716076e-01
5.900295014751e+00,9.874040226285e-01
5.900695034752e+00,9.874089720581e-01
5.901095054753e+00,9.874139198842e-01
5.901495074754e+00,9.874188660947e-01
5.901895094755e+00,9.874238106774e-01
5.902295114756e+00,9.874287536201e-01
5.902695134757e+00,9.874336949104e-01
5.903095154758e+00,9.874386345360e-01
5.903495174759e+00,9.874435724847e-01
5.903895194760e+00,9.874485087440e-01
5.904295214761e+00,9.874534433017e-01
5.904695234762e+00,9.874583761453e-01
5.905095254763e+00,9.874633072625e-01
5.905495274764e+00,9.874682366408e-01
5.905895294765e+00,9.874731642679e-01
5.906295314766e+00,9.874780901314e-01
5.906695334767e+00,9.874830142187e-01
5.907095354768e+00,9.874879365176e-01
5.907495374769e+00,9.874928570155e-01
5.907895394770e+00,9.874977757000e-01
5.908295414771e+00,9.875026925588e-01
5.908695434772e+00,9.875076075794e-01
5.909095454773e+00,9.875125207493e-01
5.909495474774e+00,9.875174320563e-01
5.909895494775e+00,9.875223414878e-01
5.910295514776e+00,9.875272490316e-01
5.910695534777e+00,9.875321546753e-01
5.911095554778e+00,9.875370584066e-01
5.911495574779e+00,9.875419602131e-01
5.911895594780e+00,9.875468600826e-01
5.912295614781e+00,9.875517580028e-01
5.912695634782e+00,9.875566539614e-01
5.913095654783e+00,9.875615479463e-01
5.913495674784e+00,9.875664399452e-01
5.913895694785e+00,9.875713299461e-01
5.914295714786e+00,9.875762179368e-01
5.914695734787e+00,9.875811039053e-01
5.915095754788e+00,9.875859878395e-01
5.915495774789e+00,9.875908697275e-01
5.915895794790e+00,9.875957495573e-01
5.916295814791e+00,9.876006273171e-01
5.916695834792e+00,9.876055029949e-01
5.917095854793e+00,9.876103765790e-01
5.917495874794e+00,9.876152480577e-01
5.917895894795e+00,9.876201174193e-01
5.918295914796e+00,9.876249846522e-01
5.918695934797e+00,9.876298497448e-01
5.919095954798e+00,9.876347126856e-01
5.919495974799e+00,9.876395734631e-01
5.919895994800e+00,9.876444320661e-01
5.920296014801e+00,9.876492884833e-01
5.920696034802e+00,9.876541427033e-01
5.921096054803e+00,9.876589947151e-01
5.921496074804e+00,9.876638445075e-01
5.921896094805e+00,9.876686920696e-01
5.922296114806e+00,9.876735373905e-01
5.922696134807e+00,9.876783804592e-01
5.923096154808e+00,9.876832212651e-01
5.923496174809e+00,9.876880597975e-01
5.923896194810e+00,9.876928960457e-01
5.924296214811e+00,9.876977299993e-01
5.924696234812e+00,9.877025616479e-01
5.925096254813e+00,9.877073909811e-01
5.925496274814e+00,9.877122179887e-01
5.925896294815e+00,9.877170426606e-01
5.926296314816e+00,9.877218649867e-01
5.926696334817e+00,9.877266849571e-01
5.927096354818e+00,9.877315025620e-01
5.927496374819e+00,9.877363177915e-01
5.927896394820e+00,9.877411306361e-01
5.928296414821e+00,9.877459410861e-01
5.928696434822e+00,9.877507491322e-01
5.929096454823e+00,9.877555547650e-01
5.929496474824e+00,9.877603579753e-01
5.929896494825e+00,9.877651587539e-01
5.930296514826e+00,9.877699570920e-01
5.930696534827e+00,9.877747529806e-01
5.931096554828e+00,9.877795464111e-01
5.931496574829e+00,9.877843373749e-01
5.931896594830e+00,9.877891258633e-01
5.932296614831e+00,9.877939118681e-01
5.932696634832e+00,9.877986953809e-01
5.933096654833e+00,9.878034763936e-01
5.933496674834e+00,9.878082548983e-01
5.933896694835e+00,9.878130308869e-01
5.934296714836e+00,9.878178043519e-01
5.934696734837e+00,9.878225752855e-01
5.935096754838e+00,9.878273436802e-01
5.935496774839e+00,9.878321095287e-01
5.935896794840e+00,9.878368728238e-01
5.936296814841e+00,9.878416335584e-01
5.936696834842e+00,9.878463917255e-01
5.937096854843e+00,9.878511473182e-01
5.937496874844e+00,9.878559003300e-01
5.937896894845e+00,9.878606507543e-01
5.938296914846e+00,9.878653985846e-01
5.938696934847e+00,9.878701438148e-01
5.939096954848e+00,9.878748864387e-01
5.939496974849e+00,9.878796264503e-01
5.939896994850e+00,9.878843638439e-01
5.940297014851e+00,9.878890986137e-01
5.940697034852e+00,9.878938307542e-01
5.941097054853e+00,9.878985602601e-01
5.941497074854e+00,9.879032871261e-01
5.941897094855e+00,9.879080113472e-01
5.942297114856e+00,9.879127329183e-01
5.942697134857e+00,9.879174518349e-01
5.943097154858e+00,9.879221680921e-01
5.943497174859e+00,9.879268816857e-01
5.943897194860e+00,9.879315926112e-01
5.944297214861e+00,9.879363008646e-01
5.944697234862e+00,9.879410064419e-01
5.945097254863e+00,9.879457093391e-01
5.945497274864e+00,9.879504095527e-01
5.945897294865e+00,9.879551070792e-01
5.946297314866e+00,9.879598019151e-01
5.946697334867e+00,9.879644940573e-01
5.947097354868e+00,9.879691835029e-01
5.947497374869e+00,9.879738702488e-01
5.947897394870e+00,9.879785542924e-01
5.948297414871e+00,9.879832356312e-01
5.948697434872e+00,9.879879142627e-01
5.949097454873e+00,9.879925901848e-01
5.949497474874e+00,9.879972633955e-01
5.949897494875e+00,9.880019338927e-01
5.950297514876e+00,9.880066016748e-01
5.950697534877e+00,9.880112667402e-01
5.951097554878e+00,9.880159290875e-01
5.951497574879e+00,9.880205887154e-01
5.951897594880e+00,9.880252456229e-01
5.952297614881e+00,9.880298998089e-01
5.952697634882e+00,9.880345512729e-01
5.953097654883e+00,9.880392000142e-01
5.953497674884e+00,9.880438460324e-01
5.953897694885e+00,9.880484893274e-01
5.954297714886e+00,9.880531298991e-01
5.954697734887e+00,9.880577677475e-01
5.955097754888e+00,9.880624028729e-01
5.955497774889e+00,9.880670352758e-01
5.955897794890e+00,9.880716649568e-01
5.956297814891e+00,9.880762919166e-01
5.956697834892e+00,9.880809161561e-01
5.957097854893e+00,9.880855376766e-01
5.957497874894e+00,9.880901564791e-01
5.957897894895e+00,9.880947725653e-01
5.958297914896e+00,9.880993859366e-01
5.958697934897e+00,9.881039965948e-01
5.959097954898e+00,9.881086045420e-01
5.959497974899e+00,9.881132097801e-01
5.959897994900e+00,9.881178123114e-01
5.960298014901e+00,9.881224121384e-01
5.960698034902e+00,9.881270092636e-01
5.961098054903e+00,9.881316036898e-01
5.961498074904e+00,9.881361954200e-01
5.961898094905e+00,9.881407844571e-01
5.962298114906e+00,9.881453708045e-01
5.962698134907e+00,9.881499544655e-01
5.963098154908e+00,9.881545354437e-01
5.963498174909e+00,9.881591137429e-01
5.963898194910e+00,9.881636893669e-01
5.964298214911e+00,9.881682623197e-01
5.964698234912e+00,9.881728326056e-01
5.965098254913e+00,9.881774002290e-01
5.965498274914e+00,9.881819651943e-01
5.965898294915e+00,9.881865275063e-01
5.966298314916e+00,9.881910871698e-01
5.966698334917e+00,9.881956441898e-01
5.967098354918e+00,9.882001985714e-01
5.967498374919e+00,9.882047503200e-01
5.967898394920e+00,9.882092994410e-01
5.968298414921e+00,9.882138459400e-01
5.968698434922e+00,9.882183898228e-01
5.969098454923e+00,9.882229310953e-01
5.969498474924e+00,9.882274697637e-01
5.969898494925e+00,9.882320058340e-01
5.970298514926e+00,9.882365393127e-01
5.970698534927e+00,9.882410702062e-01
5.971098554928e+00,9.882455985213e-01
5.971498574929e+00,9.882501242647e-01
5.971898594930e+00,9.882546474434e-01
5.972298614931e+00,9.882591680644e-01
5.972698634932e+00,9.882636861351e-01
5.973098654933e+00,9.882682016626e-01
5.973498674934e+00,9.882727146546e-01
5.973898694935e+00,9.882772251185e-01
5.974298714936e+00,9.882817330623e-01
5.974698734937e+00,9.882862384938e-01
5.975098754938e+00,9.882907414210e-01
5.975498774939e+00,9.882952418520e-01
5.975898794940e+00,9.882997397952e-01
5.976298814941e+00,9.883042352592e-01
5.976698834942e+00,9.883087282523e-01
5.977098854943e+00,9.883132187834e-01
5.977498874944e+00,9.883177068612e-01
5.977898894945e+00,9.883221924947e-01
5.978298914946e+00,9.883266756930e-01
5.978698934947e+00,9.883311564651e-01
5.979098954948e+00,9.883356348205e-01
5.979498974949e+00,9.883401107685e-01
5.979898994950e+00,9.883445843187e-01
5.980299014951e+00,9.883490554808e-01
5.980699034952e+00,9.883535242646e-01
5.981099054953e+00,9.883579906798e-01
5.981499074954e+00,9.883624547365e-01
5.981899094955e+00,9.883669164449e-01
5.982299114956e+00,9.883713758150e-01
5.982699134957e+00,9.883758328573e-01
5.983099154958e+00,9.883802875822e-01
5.983499174959e+00,9.883847400000e-01
5.983899194960e+00,9.883891901216e-01
5.984299214961e+00,9.883936379576e-01
5.984699234962e+00,9.883980835187e-01
5.985099254963e+00,9.884025268159e-01
5.985499274964e+00,9.884069678603e-01
5.985899294965e+00,9.884114066628e-01
5.986299314966e+00,9.884158432347e-01
5.986699334967e+00,9.884202775872e-01
5.987099354968e+00,9.884247097317e-01
5.987499374969e+00,9.884291396796e-01
5.987899394970e+00,9.884335674424e-01
5.988299414971e+00,9.884379930317e-01
5.988699434972e+00,9.884424164593e-01
5.989099454973e+00,9.884468377367e-01
5.989499474974e+00,9.884512568760e-01
5.989899494975e+00,9.884556738890e-01
5.990299514976e+00,9.884600887876e-01
5.990699534977e+00,9.884645015839e-01
5.991099554978e+00,9.884689122901e-01
5.991499574979e+00,9.884733209182e-01
5.991899594980e+00,9.884777274806e-01
5.992299614981e+00,9.884821319895e-01
5.992699634982e+00,9.884865344574e-01
5.993099654983e+00,9.884909348965e-01
5.993499674984e+00,9.884953333195e-01
5.993899694985e+00,9.884997297388e-01
5.994299714986e+00,9.885041241671e-01
5.994699734987e+00,9.885085166169e-01
5.995099754988e+00,9.885129071010e-01
5.995499774989e+00,9.885172956320e-01
5.995899794990e+00,9.885216822228e-01
5.996299814991e+00,9.885260668861e-01
5.996699834992e+00,9.885304496348e-01
5.997099854993e+00,9.885348304818e-01
5.997499874994e+00,9.885392094399e-01
5.997899894995e+00,9.885435865222e-01
5.998299914996e+00,9.885479617416e-01
5.998699934997e+00,9.885523351111e-01
5.999099954998e+00,9.885567066437e-01
5.999499974999e+00,9.885610763524e-01
5.999899995000e+00,9.885654442503e-01
6.000300015001e+00,9.885698103504e-01
6.000700035002e+00,9.885741746659e-01
6.001100055003e+00,9.885785372097e-01
6.001500075004e+00,9.885828979950e-01
6.001900095005e+00,9.885872570348e-01
6.002300115006e+00,9.885916143424e-01
6.002700135007e+00,9.885959699311e-01
6.003100155008e+00,9.886003238139e-01
6.003500175009e+00,9.886046760041e-01
6.003900195010e+00,9.886090265148e-01
6.004300215011e+00,9.886133753593e-01
6.004700235012e+00,9.886177225505e-01
6.005100255013e+00,9.886220681018e-01
6.005500275014e+00,9.886264120262e-01
6.005900295015e+00,9.886307543369e-01
6.006300315016e+00,9.886350950470e-01
6.006700335017e+00,9.886394341697e-01
6.007100355018e+00,9.886437717179e-01
6.007500375019e+00,9.886481077049e-01
6.007900395020e+00,9.886524421436e-01
6.008300415021e+00,9.886567750470e-01
6.008700435022e+00,9.886611064282e-01
6.009100455023e+00,9.886654363002e-01
6.009500475024e+00,9.886697646758e-01
6.009900495025e+00,9.886740915681e-01
6.010300515026e+00,9.886784169898e-01
6.010700535027e+00,9.886827409539e-01
6.011100555028e+00,9.886870634732e-01
6.011500575029e+00,9.886913845603e-01
6.011900595030e+00,9.886957042281e-01
6.012300615031e+00,9.887000224892e-01
6.012700635032e+00,9.887043393562e-01
6.013100655033e+00,9.887086548418e-01
6.013500675034e+00,9.887129689584e-01
6.013900695035e+00,9.887172817187e-01
6.014300715036e+00,9.887215931349e-01
6.014700735037e+00,9.887259032195e-01
6.015100755038e+00,9.887302119848e-01
6.015500775039e+00,9.887345194430e-01
6.015900795040e+00,9.887388256064e-01
6.016300815041e+00,9.887431304871e-01
6.016700835042e+00,9.887474340972e-01
6.017100855043e+00,9.887517364486e-01
6.017500875044e+00,9.887560375533e-01
6.017900895045e+00,9.887603374232e-01
6.018300915046e+00,9.887646360700e-01
6.018700935047e+00,9.887689335055e-01
6.019100955048e+00,9.887732297413e-01
6.019500975049e+00,9.887775247889e-01
6.019900995050e+00,9.887818186599e-01
6.020301015051e+00,9.887861113656e-01
6.020701035052e+00,9.887904029173e-01
6.021101055053e+00,9.887946933264e-01
6.021501075054e+00,9.887989826038e-01
6.021901095055e+00,9.888032707607e-01
6.022301115056e+00,9.888075578080e-01
6.022701135057e+00,9.888118437565e-01
6.023101155058e+00,9.888161286171e-01
6.023501175059e+00,9.888204124004e-01
6.023901195060e+00,9.888246951169e-01
6.024301215061e+00,9.888289767772e-01
6.024701235062e+00,9.888332573915e-01
6.025101255063e+00,9.888375369702e-01
6.025501275064e+00,9.888418155234e-01
6.025901295065e+00,9.888460930611e-01
6.026301315066e+00,9.888503695933e-01
6.026701335067e+00,9.888546451299e-01
6.027101355068e+00,9.888589196805e-01
6.027501375069e+00,9.888631932549e-01
6.027901395070e+00,9.888674658624e-01
6.028301415071e+00,9.888717375126e-01
6.028701435072e+00,9.888760082146e-01
6.029101455073e+00,9.888802779775e-01
6.029501475074e+00,9.888845468106e-01
6.029901495075e+00,9.888888147225e-01
6.030301515076e+00,9.888930817222e-01
6.030701535077e+00,9.888973478183e-01
6.031101555078e+00,9.889016130192e-01
6.031501575079e+00,9.889058773336e-01
6.031901595080e+00,9.889101407695e-01
6.032301615081e+00,9.889144033352e-01
6.032701635082e+00,9.889186650387e-01
6.033101655083e+00,9.889229258879e-01
6.033501675084e+00,9.889271858905e-01
6.033901695085e+00,9.889314450542e-01
6.034301715086e+00,9.889357033865e-01
6.034701735087e+00,9.889399608947e-01
6.035101755088e+00,9.889442175860e-01
6.035501775089e+00,9.889484734675e-01
6.035901795090e+00,9.889527285462e-01
6.036301815091e+00,9.889569828288e-01
6.036701835092e+00,9.889612363220e-01
6.037101855093e+00,9.889654890323e-01
6.037501875094e+00,9.889697409661e-01
6.037901895095e+00,9.889739921297e-01
6.038301915096e+00,9.889782425290e-01
6.038701935097e+00,9.889824921701e-01
6.039101955098e+00,9.889867410587e-01
6.039501975099e+00,9.889909892004e-01
6.039901995100e+00,9.889952366008e-01
6.040302015101e+00,9.889994832652e-01
6.040702035102e+00,9.890037291988e-01
6.041102055103e+00,9.890079744066e-01
6.041502075104e+00,9.890122188936e-01
6.041902095105e+00,9.890164626644e-01
6.042302115106e+00,9.890207057236e-01
6.042702135107e+00,9.890249480757e-01
6.043102155108e+00,9.890291897250e-01
6.043502175109e+00,9.890334306756e-01
6.043902195110e+00,9.890376709314e-01
6.044302215111e+00,9.890419104962e-01
6.044702235112e+00,9.890461493738e-01
6.045102255113e+00,9.890503875676e-01
6.045502275114e+00,9.890546250809e-01
6.045902295115e+00,9.890588619170e-01
6.046302315116e+00,9.890630980788e-01
6.046702335117e+00,9.890673335693e-01
6.047102355118e+00,9.890715683910e-01
6.047502375119e+00,9.890758025467e-01
6.047902395120e+00,9.890800360386e-01
6.048302415121e+00,9.890842688691e-01
6.048702435122e+00,9.890885010401e-01
6.049102455123e+00,9.890927325535e-01
6.049502475124e+00,9.890969634112e-01
6.049902495125e+00,9.891011936148e-01
6.050302515126e+00,9.891054231655e-01
6.050702535127e+00,9.891096520648e-01
6.051102555128e+00,9.891138803137e-01
6.051502575129e+00,9.891181079132e-01
6.051902595130e+00,9.891223348640e-01
6.052302615131e+00,9.891265611668e-01
6.052702635132e+00,9.891307868221e-01
6.053102655133e+00,9.891350118301e-01
6.053502675134e+00,9.891392361910e-01
6.053902695135e+00,9.891434599048e-01
6.054302715136e+00,9.891476829713e-01
6.054702735137e+00,9.891519053902e-01
6.055102755138e+00,9.891561271609e-01
6.055502775139e+00,9.891603482828e-01
6.055902795140e+00,9.891645687552e-01
6.056302815141e+00,9.891687885769e-01
6.056702835142e+00,9.891730077470e-01
6.057102855143e+00,9.891772262640e-01
6.057502875144e+00,9.891814441266e-01
6.057902895145e+00,9.891856613332e-01
6.058302915146e+00,9.891898778819e-01
6.058702935147e+00,9.891940937709e-01
6.059102955148e+00,9.891983089980e-01
6.059502975149e+00,9.892025235611e-01
6.059902995150e+00,9.892067374577e-01
6.060303015151e+00,9.892109506854e-01
6.060703035152e+00,9.892151632414e-01
6.061103055153e+00,9.892193751228e-01
6.061503075154e+00,9.892235863267e-01
6.061903095155e+00,9.892277968500e-01
6.062303115156e+00,9.892320066892e-01
6.062703135157e+00,9.892362158409e-01
6.063103155158e+00,9.892404243016e-01
6.063503175159e+00,9.892446320674e-01
6.063903195160e+00,9.892488391345e-01
6.064303215161e+00,9.892530454988e-01
6.064703235162e+00,9.892572511561e-01
6.065103255163e+00,9.892614561021e-01
6.065503275164e+00,9.892656603322e-01
6.065903295165e+00,9.892698638418e-01
6.066303315166e+00,9.892740666262e-01
6.066703335167e+00,9.892782686804e-01
6.067103355168e+00,9.892824699993e-01
6.067503375169e+00,9.892866705778e-01
6.067903395170e+00,9.892908704105e-01
6.068303415171e+00,9.892950694918e-01
6.068703435172e+00,9.892992678163e-01
6.069103455173e+00,9.893034653781e-01
6.069503475174e+00,9.893076621713e-01
6.069903495175e+00,9.893118581899e-01
6.070303515176e+00,9.893160534278e-01
6.070703535177e+00,9.893202478786e-01
6.071103555178e+00,9.893244415359e-01
6.071503575179e+00,9.893286343933e-01
6.071903595180e+00,9.893328264439e-01
6.072303615181e+00,9.893370176810e-01
6.072703635182e+00,9.893412080976e-01
6.073103655183e+00,9.893453976868e-01
6.073503675184e+00,9.893495864413e-01
6.073903695185e+00,9.893537743538e-01
6.074303715186e+00,9.893579614169e-01
6.074703735187e+00,9.893621476230e-01
6.075103755188e+00,9.893663329645e-01
6.075503775189e+00,9.893705174337e-01
6.075903795190e+00,9.893747010226e-01
6.076303815191e+00,9.893788837232e-01
6.076703835192e+00,9.893830655274e-01
6.077103855193e+00,9.893872464269e-01
6.077503875194e+00,9.893914264136e-01
6.077903895195e+00,9.893956054788e-01
6.078303915196e+00,9.893997836141e-01
6.078703935197e+00,9.894039608109e-01
6.079103955198e+00,9.894081370603e-01
6.079503975199e+00,9.894123123535e-01
6.079903995200e+00,9.894164866815e-01
6.080304015201e+00,9.894206600354e-01
6.080704035202e+00,9.894248324059e-01
6.081104055203e+00,9.894290037839e-01
6.081504075204e+00,9.894331741599e-01
6.081904095205e+00,9.894373435246e-01
6.082304115206e+00,9.894415118685e-01
6.082704135207e+00,9.894456791819e-01
6.083104155208e+00,9.894498454552e-01
6.083504175209e+00,9.894540106786e-01
6.083904195210e+00,9.894581748422e-01
6.084304215211e+00,9.894623379362e-01
6.084704235212e+00,9.894664999504e-01
6.085104255213e+00,9.894706608749e-01
6.085504275214e+00,9.894748206994e-01
6.085904295215e+00,9.894789794137e-01
6.086304315216e+00,9.894831370075e-01
6.086704335217e+00,9.894872934705e-01
6.087104355218e+00,9.894914487921e-01
6.087504375219e+00,9.894956029620e-01
6.087904395220e+00,9.894997559694e-01
6.088304415221e+00,9.895039078038e-01
6.088704435222e+00,9.895080584544e-01
6.089104455223e+00,9.895122079106e-01
6.089504475224e+00,9.895163561615e-01
6.089904495225e+00,9.895205031962e-01
6.090304515226e+00,9.895246490039e-01
6.090704535227e+00,9.895287935735e-01
6.091104555228e+00,9.895329368941e-01
6.091504575229e+00,9.895370789545e-01
6.091904595230e+00,9.895412197438e-01
6.092304615231e+00,9.895453592507e-01
6.092704635232e+00,9.895494974640e-01
6.093104655233e+00,9.895536343726e-01
6.093504675234e+00,9.895577699651e-01
6.093904695235e+00,9.895619042303e-01
6.094304715236e+00,9.895660371569e-01
6.094704735237e+00,9.895701687334e-01
6.095104755238e+00,9.895742989485e-01
6.095504775239e+00,9.895784277908e-01
6.095904795240e+00,9.895825552488e-01
6.096304815241e+00,9.895866813110e-01
6.096704835242e+00,9.895908059661e-01
6.097104855243e+00,9.895949292024e-01
6.097504875244e+00,9.895990510085e-01
6.097904895245e+00,9.896031713727e-01
6.098304915246e+00,9.896072902837e-01
6.098704935247e+00,9.896114077297e-01
6.099104955248e+00,9.896155236993e-01
6.099504975249e+00,9.896196381809e-01
6.099904995250e+00,9.896237511628e-01
6.100305015251e+00,9.896278626337e-01
6.100705035252e+00,9.896319725818e-01
6.101105055253e+00,9.896360809955e-01
6.101505075254e+00,9.896401878634e-01
6.101905095255e+00,9.896442931738e-01
6.102305115256e+00,9.896483969153e-01
6.102705135257e+00,9.896524990762e-01
6.103105155258e+00,9.896565996450e-01
6.103505175259e+00,9.896606986102e-01
6.103905195260e+00,9.896647959604e-01
6.104305215261e+00,9.896688916839e-01
6.104705235262e+00,9.896729857695e-01
6.105105255263e+00,9.896770782056e-01
6.105505275264e+00,9.896811689807e-01
6.105905295265e+00,9.896852580836e-01
6.106305315266e+00,9.896893455029e-01
6.106705335267e+00,9.896934312272e-01
6.107105355268e+00,9.896975152452e-01
6.107505375269e+00,9.897015975457e-01
6.107905395270e+00,9.897056781174e-01
6.108305415271e+00,9.897097569492e-01
6.108705435272e+00,9.897138340299e-01
6.109105455273e+00,9.897179093483e-01
6.109505475274e+00,9.897219828935e-01
6.109905495275e+00,9.897260546543e-01
6.110305515276e+00,9.897301246199e-01
6.110705535277e+00,9.897341927793e-01
6.111105555278e+00,9.897382591216e-01
6.111505575279e+00,9.897423236361e-01
6.111905595280e+00,9.897463863119e-01
6.112305615281e+00,9.897504471383e-01
6.112705635282e+00,9.897545061048e-01
6.113105655283e+00,9.897585632007e-01
6.113505675284e+00,9.897626184156e-01
6.113905695285e+00,9.897666717389e-01
6.114305715286e+00,9.897707231603e-01
6.114705735287e+00,9.897747726695e-01
6.115105755288e+00,9.897788202562e-01
6.115505775289e+00,9.897828659103e-01
6.115905795290e+00,9.897869096216e-01
6.116305815291e+00,9.897909513802e-01
6.116705835292e+00,9.897949911761e-01
6.117105855293e+00,9.897990289995e-01
6.117505875294e+00,9.898030648405e-01
6.117905895295e+00,9.898070986895e-01
6.118305915296e+00,9.898111305368e-01
6.118705935297e+00,9.898151603730e-01
6.119105955298e+00,9.898191881886e-01
6.119505975299e+00,9.898232139742e-01
6.119905995300e+00,9.898272377206e-01
6.120306015301e+00,9.898312594186e-01
6.120706035302e+00,9.898352790591e-01
6.121106055303e+00,9.898392966331e-01
6.121506075304e+00,9.898433121319e-01
6.121906095305e+00,9.898473255464e-01
6.122306115306e+00,9.898513368682e-01
6.122706135307e+00,9.898553460885e-01
6.123106155308e+00,9.898593531989e-01
6.123506175309e+00,9.898633581910e-01
6.123906195310e+00,9.898673610564e-01
6.124306215311e+00,9.898713617870e-01
6.124706235312e+00,9.898753603750e-01
6.125106255313e+00,9.898793568122e-01
6.125506275314e+00,9.898833510909e-01
6.125906295315e+00,9.898873432033e-01
6.126306315316e+00,9.898913331420e-01
6.126706335317e+00,9.898953208993e-01
6.127106355318e+00,9.898993064679e-01
6.127506375319e+00,9.899032898405e-01
6.127906395320e+00,9.899072710101e-01
6.128306415321e+00,9.899112499697e-01
6.128706435322e+00,9.899152267123e-01
6.129106455323e+00,9.899192012313e-01
6.129506475324e+00,9.899231735199e-01
6.129906495325e+00,9.899271435716e-01
6.130306515326e+00,9.899311113802e-01
6.130706535327e+00,9.899350769393e-01
6.131106555328e+00,9.899390402428e-01
6.131506575329e+00,9.899430012847e-01
6.131906595330e+00,9.899469600592e-01
6.132306615331e+00,9.899509165606e-01
6.132706635332e+00,9.899548707831e-01
6.133106655333e+00,9.899588227215e-01
6.133506675334e+00,9.899627723703e-01
6.133906695335e+00,9.899667197243e-01
6.134306715336e+00,9.899706647786e-01
6.134706735337e+00,9.899746075281e-01
6.135106755338e+00,9.899785479682e-01
6.135506775339e+00,9.899824860942e-01
6.135906795340e+00,9.899864219016e-01
6.136306815341e+00,9.899903553860e-01
6.136706835342e+00,9.899942865432e-01
6.137106855343e+00,9.899982153693e-01
6.137506875344e+00,9.900021418602e-01
6.137906895345e+00,9.900060660121e-01
6.138306915346e+00,9.900099878216e-01
6.138706935347e+00,9.900139072850e-01
6.139106955348e+00,9.900178243990e-01
6.139506975349e+00,9.900217391606e-01
6.139906995350e+00,9.900256515665e-01
6.140307015351e+00,9.900295616140e-01
6.140707035352e+00,9.900334693003e-01
6.141107055353e+00,9.900373746227e-01
6.141507075354e+00,9.900412775790e-01
6.141907095355e+00,9.900451781667e-01
6.142307115356e+00,9.900490763838e-01
6.142707135357e+00,9.900529722283e-01
6.143107155358e+00,9.900568656982e-01
6.143507175359e+00,9.900607567920e-01
6.143907195360e+00,9.900646455081e-01
6.144307215361e+00,9.900685318451e-01
6.144707235362e+00,9.900724158018e-01
6.145107255363e+00,9.900762973771e-01
6.145507275364e+00,9.900801765701e-01
6.145907295365e+00,9.900840533799e-01
6.146307315366e+00,9.900879278060e-01
6.146707335367e+00,9.900917998478e-01
6.147107355368e+00,9.900956695050e-01
6.147507375369e+00,9.900995367775e-01
6.147907395370e+00,9.901034016653e-01
6.148307415371e+00,9.901072641687e-01
6.148707435372e+00,9.901111242878e-01
6.149107455373e+00,9.901149820231e-01
6.149507475374e+00,9.901188373753e-01
6.149907495375e+00,9.901226903451e-01
6.150307515376e+00,9.901265409335e-01
6.150707535377e+00,9.901303891415e-01
6.151107555378e+00,9.901342349703e-01
6.151507575379e+00,9.901380784214e-01
6.151907595380e+00,9.901419194963e-01
6.152307615381e+00,9.901457581967e-01
6.152707635382e+00,9.901495945244e-01
6.153107655383e+00,9.901534284814e-01
6.153507675384e+00,9.901572600699e-01
6.153907695385e+00,9.901610892921e-01
6.154307715386e+00,9.901649161506e-01
6.154707735387e+00,9.901687406479e-01
6.155107755388e+00,9.901725627867e-01
6.155507775389e+00,9.901763825701e-01
6.155907795390e+00,9.901802000010e-01
6.156307815391e+00,9.901840150826e-01
6.156707835392e+00,9.901878278182e-01
6.157107855393e+00,9.901916382115e-01
6.157507875394e+00,9.901954462660e-01
6.157907895395e+00,9.901992519855e-01
6.158307915396e+00,9.902030553740e-01
6.158707935397e+00,9.902068564355e-01
6.159107955398e+00,9.902106551743e-01
6.159507975399e+00,9.902144515948e-01
6.159907995400e+00,9.902182457014e-01
6.160308015401e+00,9.902220374989e-01
6.160708035402e+00,9.902258269921e-01
6.161108055403e+00,9.902296141859e-01
6.161508075404e+00,9.902333990854e-01
6.161908095405e+00,9.902371816959e-01
6.162308115406e+00,9.902409620226e-01
6.162708135407e+00,9.902447400713e-01
6.163108155408e+00,9.902485158474e-01
6.163508175409e+00,9.902522893568e-01
6.163908195410e+00,9.902560606055e-01
6.164308215411e+00,9.902598295994e-01
6.164708235412e+00,9.902635963448e-01
6.165108255413e+00,9.902673608481e-01
6.165508275414e+00,9.902711231156e-01
6.165908295415e+00,9.902748831539e-01
6.166308315416e+00,9.902786409699e-01
6.166708335417e+00,9.902823965703e-01
6.167108355418e+00,9.902861499622e-01
6.167508375419e+00,9.902899011525e-01
6.167908395420e+00,9.902936501486e-01
6.168308415421e+00,9.902973969578e-01
6.168708435422e+00,9.903011415875e-01
6.169108455423e+00,9.903048840453e-01
6.169508475424e+00,9.903086243389e-01
6.169908495425e+00,9.903123624762e-01
6.170308515426e+00,9.903160984650e-01
6.170708535427e+00,9.903198323136e-01
6.171108555428e+00,9.903235640300e-01
6.171508575429e+00,9.903272936227e-01
6.171908595430e+00,9.903310210999e-01
6.172308615431e+00,9.903347464703e-01
6.172708635432e+00,9.903384697425e-01
6.173108655433e+00,9.903421909252e-01
6.173508675434e+00,9.903459100272e-01
6.173908695435e+00,9.903496270576e-01
6.174308715436e+00,9.903533420254e-01
6.174708735437e+00,9.903570549397e-01
6.175108755438e+00,9.903607658099e-01
6.175508775439e+00,9.903644746453e-01
6.175908795440e+00,9.903681814554e-01
6.176308815441e+00,9.903718862497e-01
6.176708835442e+00,9.903755890380e-01
6.177108855443e+00,9.903792898299e-01
6.177508875444e+00,9.903829886353e-01
6.177908895445e+00,9.903866854641e-01
6.178308915446e+00,9.903903803265e-01
6.178708935447e+00,9.903940732324e-01
6.179108955448e+00,9.903977641921e-01
6.179508975449e+00,9.904014532159e-01
6.179908995450e+00,9.904051403141e-01
6.180309015451e+00,9.904088254972e-01
6.180709035452e+00,9.904125087757e-01
6.181109055453e+00,9.904161901601e-01
6.181509075454e+00,9.904198696612e-01
6.181909095455e+00,9.904235472898e-01
6.182309115456e+00,9.904272230566e-01
6.182709135457e+00,9.904308969725e-01
6.183109155458e+00,9.904345690486e-01
6.183509175459e+00,9.904382392957e-01
6.183909195460e+00,9.904419077251e-01
6.184309215461e+00,9.904455743479e-01
6.184709235462e+00,9.904492391752e-01
6.185109255463e+00,9.904529022185e-01
6.185509275464e+00,9.904565634889e-01
6.185909295465e+00,9.904602229981e-01
6.186309315466e+00,9.904638807572e-01
6.186709335467e+00,9.904675367780e-01
6.187109355468e+00,9.904711910720e-01
6.187509375469e+00,9.904748436507e-01
6.187909395470e+00,9.904784945258e-01
6.188309415471e+00,9.904821437090e-01
6.188709435472e+00,9.904857912121e-01
6.189109455473e+00,9.904894370468e-01
6.189509475474e+00,9.904930812251e-01
6.189909495475e+00,9.904967237587e-01
6.190309515476e+00,9.905003646595e-01
6.190709535477e+00,9.905040039396e-01
6.191109555478e+00,9.905076416108e-01
6.191509575479e+00,9.905112776851e-01
6.191909595480e+00,9.905149121746e-01
6.192309615481e+00,9.905185450914e-01
6.192709635482e+00,9.905221764474e-01
6.193109655483e+00,9.905258062549e-01
6.193509675484e+00,9.905294345258e-01
6.193909695485e+00,9.905330612723e-01
6.194309715486e+00,9.905366865066e-01
6.194709735487e+00,9.905403102407e-01
6.195109755488e+00,9.905439324868e-01
6.195509775489e+00,9.905475532572e-01
6.195909795490e+00,9.905511725638e-01
6.196309815491e+00,9.905547904189e-01
6.196709835492e+00,9.905584068346e-01
6.197109855493e+00,9.905620218233e-01
6.197509875494e+00,9.905656353971e-01
6.197909895495e+00,9.905692475683e-01
6.198309915496e+00,9.905728583490e-01
6.198709935497e+00,9.905764677516e-01
6.199109955498e+00,9.905800757881e-01
6.199509975499e+00,9.905836824707e-01
6.199909995500e+00,9.905872878115e-01
6.200310015501e+00,9.905908918229e-01
6.200710035502e+00,9.905944945167e-01
6.201110055503e+00,9.905980959053e-01
6.201510075504e+00,9.906016960007e-01
6.201910095505e+00,9.906052948150e-01
6.202310115506e+00,9.906088923601e-01
6.202710135507e+00,9.906124886483e-01
6.203110155508e+00,9.906160836914e-01
6.203510175509e+00,9.906196775015e-01
6.203910195510e+00,9.906232700904e-01
6.204310215511e+00,9.906268614702e-01
6.204710235512e+00,9.906304516526e-01
6.205110255513e+00,9.906340406496e-01
6.205510275514e+00,9.906376284729e-01
6.205910295515e+00,9.906412151343e-01
6.206310315516e+00,9.906448006456e-01
6.206710335517e+00,9.906483850183e-01
6.207110355518e+00,9.906519682641e-01
6.207510375519e+00,9.906555503947e-01
6.207910395520e+00,9.906591314215e-01
6.208310415521e+00,9.906627113560e-01
6.208710435522e+00,9.906662902097e-01
6.209110455523e+00,9.906698679940e-01
6.209510475524e+00,9.906734447201e-01
6.209910495525e+00,9.906770203993e-01
6.210310515526e+00,9.906805950428e-01
6.210710535527e+00,9.906841686618e-01
6.211110555528e+00,9.906877412673e-01
6.211510575529e+00,9.906913128704e-01
6.211910595530e+00,9.906948834820e-01
6.212310615531e+00,9.906984531130e-01
6.212710635532e+00,9.907020217741e-01
6.213110655533e+00,9.907055894762e-01
6.213510675534e+00,9.907091562298e-01
6.213910695535e+00,9.907127220456e-01
6.214310715536e+00,9.907162869341e-01
6.214710735537e+00,9.907198509057e-01
6.215110755538e+00,9.907234139707e-01
6.215510775539e+00,9.907269761395e-01
6.215910795540e+00,9.907305374221e-01
6.216310815541e+00,9.907340978288e-01
6.216710835542e+00,9.907376573695e-01
6.217110855543e+00,9.907412160541e-01
6.217510875544e+00,9.907447738925e-01
6.217910895545e+00,9.907483308944e-01
6.218310915546e+00,9.907518870695e-01
6.218710935547e+00,9.907554424273e-01
6.219110955548e+00,9.907589969773e-01
6.219510975549e+00,9.907625507288e-01
6.219910995550e+00,9.907661036911e-01
6.220311015551e+00,9.907696558734e-01
6.220711035552e+00,9.907732072846e-01
6.221111055553e+00,9.907767579338e-01
6.221511075554e+00,9.907803078298e-01
6.221911095555e+00,9.907838569813e-01
6.222311115556e+00,9.907874053969e-01
6.222711135557e+00,9.907909530851e-01
6.223111155558e+00,9.907945000543e-01
6.223511175559e+00,9.907980463130e-01
6.223911195560e+00,9.908015918691e-01
6.224311215561e+00,9.908051367310e-01
6.224711235562e+00,9.908086809065e-01
6.225111255563e+00,9.908122244034e-01
6.225511275564e+00,9.908157672296e-01
6.225911295565e+00,9.908193093925e-01
6.226311315566e+00,9.908228508998e-01
6.226711335567e+00,9.908263917587e-01
6.227111355568e+00,9.908299319765e-01
6.227511375569e+00,9.908334715604e-01
6.227911395570e+00,9.908370105173e-01
6.228311415571e+00,9.908405488541e-01
6.228711435572e+00,9.908440865775e-01
6.229111455573e+00,9.908476236942e-01
6.229511475574e+00,9.908511602107e-01
6.229911495575e+00,9.908546961334e-01
6.230311515576e+00,9.908582314684e-01
6.230711535577e+00,9.908617662218e-01
6.231111555578e+00,9.908653003997e-01
6.231511575579e+00,9.908688340079e-01
6.231911595580e+00,9.908723670521e-01
6.232311615581e+00,9.908758995378e-01
6.232711635582e+00,9.908794314704e-01
6.233111655583e+00,9.908829628554e-01
6.233511675584e+00,9.908864936978e-01
6.233911695585e+00,9.908900240026e-01
6.234311715586e+00,9.908935537748e-01
6.234711735587e+00,9.908970830190e-01
6.235111755588e+00,9.909006117400e-01
6.235511775589e+00,9.909041399421e-01
6.235911795590e+00,9.909076676297e-01
6.236311815591e+00,9.909111948069e-01
6.236711835592e+00,9.909147214779e-01
6.237111855593e+00,9.909182476464e-01
6.237511875594e+00,9.909217733163e-01
6.237911895595e+00,9.909252984911e-01
6.238311915596e+00,9.909288231744e-01
6.238711935597e+00,9.909323473694e-01
6.239111955598e+00,9.909358710793e-01
6.239511975599e+00,9.909393943072e-01
6.239911995600e+00,9.909429170559e-01
6.240312015601e+00,9.909464393282e-01
6.240712035602e+00,9.909499611266e-01
6.241112055603e+00,9.909534824537e-01
6.241512075604e+00,9.909570033116e-01
6.241912095605e+00,9.909605237026e-01
6.242312115606e+00,9.909640436287e-01
6.242712135607e+00,9.909675630916e-01
6.243112155608e+00,9.909710820932e-01
6.243512175609e+00,9.909746006349e-01
6.243912195610e+00,9.909781187182e-01
6.244312215611e+00,9.909816363444e-01
6.244712235612e+00,9.909851535145e-01
6.245112255613e+00,9.909886702295e-01
6.245512275614e+00,9.909921864903e-01
6.245912295615e+00,9.909957022974e-01
6.246312315616e+00,9.909992176515e-01
6.246712335617e+00,9.910027325528e-01
6.247112355618e+00,9.910062470017e-01
6.247512375619e+00,9.910097609981e-01
6.247912395620e+00,9.910132745420e-01
6.248312415621e+00,9.910167876332e-01
6.248712435622e+00,9.910203002713e-01
6.249112455623e+00,9.910238124558e-01
6.249512475624e+00,9.910273241860e-01
6.249912495625e+00,9.910308354611e-01
6.250312515626e+00,9.910343462801e-01
6.250712535627e+00,9.910378566420e-01
6.251112555628e+00,9.910413665454e-01
6.251512575629e+00,9.910448759889e-01
6.251912595630e+00,9.910483849711e-01
6.252312615631e+00,9.910518934902e-01
6.252712635632e+00,9.910554015444e-01
6.253112655633e+00,9.910589091317e-01
6.253512675634e+00,9.910624162499e-01
6.253912695635e+00,9.910659228968e-01
6.254312715636e+00,9.910694290700e-01
6.254712735637e+00,9.910729347670e-01
6.255112755638e+00,9.910764399849e-01
6.255512775639e+00,9.910799447211e-01
6.255912795640e+00,9.910834489724e-01
6.256312815641e+00,9.910869527359e-01
6.256712835642e+00,9.910904560081e-01
6.257112855643e+00,9.910939587858e-01
6.257512875644e+00,9.910974610653e-01
6.257912895645e+00,9.911009628430e-01
6.258312915646e+00,9.911044641151e-01
6.258712935647e+00,9.911079648777e-01
6.259112955648e+00,9.911114651266e-01
6.259512975649e+00,9.911149648576e-01
6.259912995650e+00,9.911184640664e-01
6.260313015651e+00,9.911219627485e-01
6.260713035652e+00,9.911254608993e-01
6.261113055653e+00,9.911289585140e-01
6.261513075654e+00,9.911324555877e-01
6.261913095655e+00,9.911359521154e-01
6.262313115656e+00,9.911394480921e-01
6.262713135657e+00,9.911429435123e-01
6.263113155658e+00,9.911464383708e-01
6.263513175659e+00,9.911499326621e-01
6.263913195660e+00,9.911534263803e-01
6.264313215661e+00,9.911569195199e-01
6.264713235662e+00,9.911604120750e-01
6.265113255663e+00,9.911639040394e-01
6.265513275664e+00,9.911673954071e-01
6.265913295665e+00,9.911708861719e-01
6.266313315666e+00,9.911743763273e-01
6.266713335667e+00,9.911778658670e-01
6.267113355668e+00,9.911813547842e-01
6.267513375669e+00,9.911848430723e-01
6.267913395670e+00,9.911883307245e-01
6.268313415671e+00,9.911918177338e-01
6.268713435672e+00,9.911953040932e-01
6.269113455673e+00,9.911987897955e-01
6.269513475674e+00,9.912022748335e-01
6.269913495675e+00,9.912057591998e-01
6.270313515676e+00,9.912092428870e-01
6.270713535677e+00,9.912127258874e-01
6.271113555678e+00,9.912162081934e-01
6.271513575679e+00,9.912196897972e-01
6.271913595680e+00,9.912231706909e-01
6.272313615681e+00,9.912266508666e-01
6.272713635682e+00,9.912301303161e-01
6.273113655683e+00,9.912336090314e-01
6.273513675684e+00,9.912370870040e-01
6.273913695685e+00,9.912405642258e-01
6.274313715686e+00,9.912440406882e-01
6.274713735687e+00,9.912475163827e-01
6.275113755688e+00,9.912509913006e-01
6.275513775689e+00,9.912544654334e-01
6.275913795690e+00,9.912579387721e-01
6.276313815691e+00,9.912614113079e-01
6.276713835692e+00,9.912648830319e-01
6.277113855693e+00,9.912683539349e-01
6.277513875694e+00,9.912718240080e-01
6.277913895695e+00,9.912752932418e-01
6.278313915696e+00,9.912787616272e-01
6.278713935697e+00,9.912822291547e-01
6.279113955698e+00,9.912856958151e-01
6.279513975699e+00,9.912891615987e-01
6.279913995700e+00,9.912926264961e-01
6.280314015701e+00,9.912960904976e-01
6.280714035702e+00,9.912995535935e-01
6.281114055703e+00,9.913030157741e-01
6.281514075704e+00,9.913064770296e-01
6.281914095705e+00,9.913099373501e-01
6.282314115706e+00,9.913133967257e-01
6.282714135707e+00,9.913168551465e-01
6.283114155708e+00,9.913203126023e-01
6.283514175709e+00,9.913237690830e-01
6.283914195710e+00,9.913272245787e-01
6.284314215711e+00,9.913306790789e-01
6.284714235712e+00,9.913341325736e-01
6.285114255713e+00,9.913375850525e-01
6.285514275714e+00,9.913410365051e-01
6.285914295715e+00,9.913444869212e-01
6.286314315716e+00,9.913479362903e-01
6.286714335717e+00,9.913513846020e-01
6.287114355718e+00,9.913548318458e-01
6.287514375719e+00,9.913582780112e-01
6.287914395720e+00,9.913617230876e-01
6.288314415721e+00,9.913651670645e-01
6.288714435722e+00,9.913686099313e-01
6.289114455723e+00,9.913720516773e-01
6.289514475724e+00,9.913754922918e-01
6.289914495725e+00,9.913789317642e-01
6.290314515726e+00,9.913823700837e-01
6.290714535727e+00,9.913858072397e-01
6.291114555728e+00,9.913892432213e-01
6.291514575729e+00,9.913926780179e-01
6.291914595730e+00,9.913961116187e-01
6.292314615731e+00,9.913995440128e-01
6.292714635732e+00,9.914029751894e-01
6.293114655733e+00,9.914064051379e-01
6.293514675734e+00,9.914098338472e-01
6.293914695735e+00,9.914132613067e-01
6.294314715736e+00,9.914166875055e-01
6.294714735737e+00,9.914201124327e-01
6.295114755738e+00,9.914235360776e-01
6.295514775739e+00,9.914269584294e-01
6.295914795740e+00,9.914303794771e-01
6.296314815741e+00,9.914337992100e-01
6.296714835742e+00,9.914372176172e-01
6.297114855743e+00,9.914406346882e-01
6.297514875744e+00,9.914440504119e-01
6.297914895745e+00,9.914474647777e-01
6.298314915746e+00,9.914508777748e-01
6.298714935747e+00,9.914542893925e-01
6.299114955748e+00,9.914576996201e-01
6.299514975749e+00,9.914611084469e-01
6.299914995750e+00,9.914645158622e-01
6.300315015751e+00,9.914679218554e-01
6.300715035752e+00,9.914713264158e-01
6.301115055753e+00,9.914747295329e-01
6.301515075754e+00,9.914781311962e-01
6.301915095755e+00,9.914815313950e-01
6.302315115756e+00,9.914849301190e-01
6.302715135757e+00,9.914883273577e-01
6.303115155758e+00,9.914917231006e-01
6.303515175759e+00,9.914951173374e-01
6.303915195760e+00,9.914985100578e-01
6.304315215761e+00,9.915019012514e-01
6.304715235762e+00,9.915052909080e-01
6.305115255763e+00,9.915086790174e-01
6.305515275764e+00,9.915120655695e-01
6.305915295765e+00,9.915154505542e-01
6.306315315766e+00,9.915188339614e-01
6.306715335767e+00,9.915222157811e-01
6.307115355768e+00,9.915255960034e-01
6.307515375769e+00,9.915289746184e-01
6.307915395770e+00,9.915323516162e-01
6.308315415771e+00,9.915357269872e-01
6.308715435772e+00,9.915391007215e-01
6.309115455773e+00,9.915424728097e-01
6.309515475774e+00,9.915458432420e-01
6.309915495775e+00,9.915492120090e-01
6.310315515776e+00,9.915525791014e-01
6.310715535777e+00,9.915559445096e-01
6.311115555778e+00,9.915593082244e-01
6.311515575779e+00,9.915626702366e-01
6.311915595780e+00,9.915660305371e-01
6.312315615781e+00,9.915693891168e-01
6.312715635782e+00,9.915727459666e-01
6.313115655783e+00,9.915761010778e-01
6.313515675784e+00,9.915794544415e-01
6.313915695785e+00,9.915828060490e-01
6.314315715786e+00,9.915861558915e-01
6.314715735787e+00,9.915895039606e-01
6.315115755788e+00,9.915928502478e-01
6.315515775789e+00,9.915961947446e-01
6.315915795790e+00,9.915995374428e-01
6.316315815791e+00,9.916028783342e-01
6.316715835792e+00,9.916062174106e-01
6.317115855793e+00,9.916095546641e-01
6.317515875794e+00,9.916128900866e-01
6.317915895795e+00,9.916162236705e-01
6.318315915796e+00,9.916195554078e-01
6.318715935797e+00,9.916228852911e-01
6.319115955798e+00,9.916262133128e-01
6.319515975799e+00,9.916295394655e-01
6.319915995800e+00,9.916328637417e-01
6.320316015801e+00,9.916361861343e-01
6.320716035802e+00,9.916395066362e-01
6.321116055803e+00,9.916428252403e-01
6.321516075804e+00,9.916461419397e-01
6.321916095805e+00,9.916494567277e-01
6.322316115806e+00,9.916527695976e-01
6.322716135807e+00,9.916560805429e-01
6.323116155808e+00,9.916593895571e-01
6.323516175809e+00,9.916626966339e-01
6.323916195810e+00,9.916660017671e-01
6.324316215811e+00,9.916693049505e-01
6.324716235812e+00,9.916726061783e-01
6.325116255813e+00,9.916759054445e-01
6.325516275814e+00,9.916792027434e-01
6.325916295815e+00,9.916824980694e-01
6.326316315816e+00,9.916857914169e-01
6.326716335817e+00,9.916890827807e-01
6.327116355818e+00,9.916923721555e-01
6.327516375819e+00,9.916956595360e-01
6.327916395820e+00,9.916989449174e-01
6.328316415821e+00,9.917022282948e-01
6.328716435822e+00,9.917055096634e-01
6.329116455823e+00,9.917087890186e-01
6.329516475824e+00,9.917120663559e-01
6.329916495825e+00,9.917153416710e-01
6.330316515826e+00,9.917186149596e-01
6.330716535827e+00,9.917218862175e-01
6.331116555828e+00,9.917251554410e-01
6.331516575829e+00,9.917284226260e-01
6.331916595830e+00,9.917316877690e-01
6.332316615831e+00,9.917349508663e-01
6.332716635832e+00,9.917382119145e-01
6.333116655833e+00,9.917414709104e-01
6.333516675834e+00,9.917447278506e-01
6.333916695835e+00,9.917479827324e-01
6.334316715836e+00,9.917512355526e-01
6.334716735837e+00,9.917544863087e-01
6.335116755838e+00,9.917577349980e-01
6.335516775839e+00,9.917609816179e-01
6.335916795840e+00,9.917642261663e-01
6.336316815841e+00,9.917674686409e-01
6.336716835842e+00,9.917707090396e-01
6.337116855843e+00,9.917739473605e-01
6.337516875844e+00,9.917771836019e-01
6.337916895845e+00,9.917804177621e-01
6.338316915846e+00,9.917836498397e-01
6.338716935847e+00,9.917868798333e-01
6.339116955848e+00,9.917901077417e-01
6.339516975849e+00,9.917933335639e-01
6.339916995850e+00,9.917965572989e-01
6.340317015851e+00,9.917997789459e-01
6.340717035852e+00,9.918029985043e-01
6.341117055853e+00,9.918062159737e-01
6.341517075854e+00,9.918094313536e-01
6.341917095855e+00,9.918126446439e-01
6.342317115856e+00,9.918158558445e-01
6.342717135857e+00,9.918190649554e-01
6.343117155858e+00,9.918222719769e-01
6.343517175859e+00,9.918254769092e-01
6.343917195860e+00,9.918286797530e-01
6.344317215861e+00,9.918318805088e-01
6.344717235862e+00,9.918350791774e-01
6.345117255863e+00,9.918382757596e-01
6.345517275864e+00,9.918414702568e-01
6.345917295865e+00,9.918446626699e-01
6.346317315866e+00,9.918478530006e-01
6.346717335867e+00,9.918510412501e-01
6.347117355868e+00,9.918542274202e-01
6.347517375869e+00,9.918574115126e-01
6.347917395870e+00,9.918605935293e-01
6.348317415871e+00,9.918637734724e-01
6.348717435872e+00,9.918669513440e-01
6.349117455873e+00,9.918701271465e-01
6.349517475874e+00,9.918733008823e-01
6.349917495875e+00,9.918764725542e-01
6.350317515876e+00,9.918796421649e-01
6.350717535877e+00,9.918828097173e-01
6.351117555878e+00,9.918859752144e-01
6.351517575879e+00,9.918891386594e-01
6.351917595880e+00,9.918923000557e-01
6.352317615881e+00,9.918954594067e-01
6.352717635882e+00,9.918986167159e-01
6.353117655883e+00,9.919017719872e-01
6.353517675884e+00,9.919049252243e-01
6.353917695885e+00,9.919080764313e-01
6.354317715886e+00,9.919112256123e-01
6.354717735887e+00,9.919143727715e-01
6.355117755888e+00,9.919175179134e-01
6.355517775889e+00,9.919206610425e-01
6.355917795890e+00,9.919238021635e-01
6.356317815891e+00,9.919269412810e-01
6.356717835892e+00,9.919300784001e-01
6.357117855893e+00,9.919332135259e-01
6.357517875894e+00,9.919363466634e-01
6.357917895895e+00,9.919394778179e-01
6.358317915896e+00,9.919426069950e-01
6.358717935897e+00,9.919457342002e-01
6.359117955898e+00,9.919488594391e-01
6.359517975899e+00,9.919519827176e-01
6.359917995900e+00,9.919551040416e-01
6.360318015901e+00,9.919582234172e-01
6.360718035902e+00,9.919613408505e-01
6.361118055903e+00,9.919644563478e-01
6.361518075904e+00,9.919675699155e-01
6.361918095905e+00,9.919706815603e-01
6.362318115906e+00,9.919737912886e-01
6.362718135907e+00,9.919768991074e-01
6.363118155908e+00,9.919800050234e-01
6.363518175909e+00,9.919831090438e-01
6.363918195910e+00,9.919862111755e-01
6.364318215911e+00,9.919893114258e-01
6.364718235912e+00,9.919924098020e-01
6.365118255913e+00,9.919955063116e-01
6.365518275914e+00,9.919986009621e-01
6.365918295915e+00,9.920016937611e-01
6.366318315916e+00,9.920047847165e-01
6.366718335917e+00,9.920078738359e-01
6.367118355918e+00,9.920109611274e-01
6.367518375919e+00,9.920140465991e-01
6.367918395920e+00,9.920171302590e-01
6.368318415921e+00,9.920202121154e-01
6.368718435922e+00,9.920232921768e-01
6.369118455923e+00,9.920263704516e-01
6.369518475924e+00,9.920294469483e-01
6.369918495925e+00,9.920325216756e-01
6.370318515926e+00,9.920355946422e-01
6.370718535927e+00,9.920386658570e-01
6.371118555928e+00,9.920417353289e-01
6.371518575929e+00,9.920448030669e-01
6.371918595930e+00,9.920478690800e-01
6.372318615931e+00,9.920509333775e-01
6.372718635932e+00,9.920539959686e-01
6.373118655933e+00,9.920570568627e-01
6.373518675934e+00,9.920601160691e-01
6.373918695935e+00,9.920631735975e-01
6.374318715936e+00,9.920662294573e-01
6.374718735937e+00,9.920692836583e-01
6.375118755938e+00,9.920723362102e-01
6.375518775939e+00,9.920753871227e-01
6.375918795940e+00,9.920784364059e-01
6.376318815941e+00,9.920814840695e-01
6.376718835942e+00,9.920845301236e-01
6.377118855943e+00,9.920875745783e-01
6.377518875944e+00,9.920906174437e-01
6.377918895945e+00,9.920936587301e-01
6.378318915946e+00,9.920966984477e-01
6.378718935947e+00,9.920997366069e-01
6.379118955948e+00,9.921027732180e-01
6.379518975949e+00,9.921058082914e-01
6.379918995950e+00,9.921088418377e-01
6.380319015951e+00,9.921118738675e-01
6.380719035952e+00,9.921149043912e-01
6.381119055953e+00,9.921179334197e-01
6.381519075954e+00,9.921209609635e-01
6.381919095955e+00,9.921239870335e-01
6.382319115956e+00,9.921270116403e-01
6.382719135957e+00,9.921300347950e-01
6.383119155958e+00,9.921330565083e-01
6.383519175959e+00,9.921360767912e-01
6.383919195960e+00,9.921390956546e-01
6.384319215961e+00,9.921421131095e-01
6.384719235962e+00,9.921451291670e-01
6.385119255963e+00,9.921481438382e-01
6.385519275964e+00,9.921511571340e-01
6.385919295965e+00,9.921541690657e-01
6.386319315966e+00,9.921571796444e-01
6.386719335967e+00,9.921601888813e-01
6.387119355968e+00,9.921631967876e-01
6.387519375969e+00,9.921662033745e-01
6.387919395970e+00,9.921692086533e-01
6.388319415971e+00,9.921722126352e-01
6.388719435972e+00,9.921752153315e-01
6.389119455973e+00,9.921782167535e-01
6.389519475974e+00,9.921812169125e-01
6.389919495975e+00,9.921842158199e-01
6.390319515976e+00,9.921872134869e-01
6.390719535977e+00,9.921902099248e-01
6.391119555978e+00,9.921932051451e-01
6.391519575979e+00,9.921961991591e-01
6.391919595980e+00,9.921991919780e-01
6.392319615981e+00,9.922021836133e-01
6.392719635982e+00,9.922051740761e-01
6.393119655983e+00,9.922081633779e-01
6.393519675984e+00,9.922111515299e-01
6.393919695985e+00,9.922141385435e-01
6.394319715986e+00,9.922171244299e-01
6.394719735987e+00,9.922201092006e-01
6.395119755988e+00,9.922230928669e-01
6.395519775989e+00,9.922260754400e-01
6.395919795990e+00,9.922290569311e-01
6.396319815991e+00,9.922320373516e-01
6.396719835992e+00,9.922350167127e-01
6.397119855993e+00,9.922379950255e-01
6.397519875994e+00,9.922409723012e-01
6.397919895995e+00,9.922439485511e-01
6.398319915996e+00,9.922469237862e-01
6.398719935997e+00,9.922498980177e-01
6.399119955998e+00,9.922528712565e-01
6.399519975999e+00,9.922558435138e-01
6.399919996000e+00,9.922588148006e-01
6.400320016001e+00,9.922617851278e-01
6.400720036002e+00,9.922647545064e-01
6.401120056003e+00,9.922677229472e-01
6.401520076004e+00,9.922706904612e-01
6.401920096005e+00,9.922736570591e-01
6.402320116006e+00,9.922766227516e-01
6.402720136007e+00,9.922795875496e-01
6.403120156008e+00,9.922825514637e-01
6.403520176009e+00,9.922855145045e-01
6.403920196010e+00,9.922884766826e-01
6.404320216011e+00,9.922914380085e-01
6.404720236012e+00,9.922943984927e-01
6.405120256013e+00,9.922973581456e-01
6.405520276014e+00,9.923003169775e-01
6.405920296015e+00,9.923032749988e-01
6.406320316016e+00,9.923062322196e-01
6.406720336017e+00,9.923091886503e-01
6.407120356018e+00,9.923121443007e-01
6.407520376019e+00,9.923150991811e-01
6.407920396020e+00,9.923180533013e-01
6.408320416021e+00,9.923210066714e-01
6.408720436022e+00,9.923239593010e-01
6.409120456023e+00,9.923269112001e-01
6.409520476024e+00,9.923298623782e-01
6.409920496025e+00,9.923328128451e-01
6.410320516026e+00,9.923357626102e-01
6.410720536027e+00,9.923387116830e-01
6.411120556028e+00,9.923416600729e-01
6.411520576029e+00,9.923446077893e-01
6.411920596030e+00,9.923475548412e-01
6.412320616031e+00,9.923505012380e-01
6.412720636032e+00,9.923534469886e-01
6.413120656033e+00,9.923563921020e-01
6.413520676034e+00,9.923593365871e-01
6.413920696035e+00,9.923622804527e-01
6.414320716036e+00,9.923652237075e-01
6.414720736037e+00,9.923681663601e-01
6.415120756038e+00,9.923711084190e-01
6.415520776039e+00,9.923740498926e-01
6.415920796040e+00,9.923769907893e-01
6.416320816041e+00,9.923799311174e-01
6.416720836042e+00,9.923828708848e-01
6.417120856043e+00,9.923858100998e-01
6.417520876044e+00,9.923887487701e-01
6.417920896045e+00,9.923916869036e-01
6.418320916046e+00,9.923946245081e-01
6.418720936047e+00,9.923975615911e-01
6.419120956048e+00,9.924004981602e-01
6.419520976049e+00,9.924034342227e-01
6.419920996050e+00,9.924063697860e-01
6.420321016051e+00,9.924093048572e-01
6.420721036052e+00,9.924122394435e-01
6.421121056053e+00,9.924151735518e-01
6.421521076054e+00,9.924181071891e-01
6.421921096055e+00,9.924210403619e-01
6.422321116056e+00,9.924239730770e-01
6.422721136057e+00,9.924269053409e-01
6.423121156058e+00,9.924298371600e-01
6.423521176059e+00,9.924327685406e-01
6.423921196060e+00,9.924356994888e-01
6.424321216061e+00,9.924386300107e-01
6.424721236062e+00,9.924415601122e-01
6.425121256063e+00,9.924444897991e-01
6.425521276064e+00,9.924474190771e-01
6.425921296065e+00,9.924503479518e-01
6.426321316066e+00,9.924532764286e-01
6.426721336067e+00,9.924562045128e-01
6.427121356068e+00,9.924591322096e-01
6.427521376069e+00,9.924620595241e-01
6.427921396070e+00,9.924649864612e-01
6.428321416071e+00,9.924679130258e-01
6.428721436072e+00,9.924708392224e-01
6.429121456073e+00,9.924737650558e-01
6.429521476074e+00,9.924766905302e-01
6.429921496075e+00,9.924796156500e-01
6.430321516076e+00,9.924825404194e-01
6.430721536077e+00,9.924854648423e-01
6.431121556078e+00,9.924883889228e-01
6.431521576079e+00,9.924913126646e-01
6.431921596080e+00,9.924942360713e-01
6.432321616081e+00,9.924971591464e-01
6.432721636082e+00,9.925000818933e-01
6.433121656083e+00,9.925030043152e-01
6.433521676084e+00,9.925059264153e-01
6.433921696085e+00,9.925088481965e-01
6.434321716086e+00,9.925117696617e-01
6.434721736087e+00,9.925146908135e-01
6.435121756088e+00,9.925176116546e-01
6.435521776089e+00,9.925205321873e-01
6.435921796090e+00,9.925234524139e-01
6.436321816091e+00,9.925263723367e-01
6.436721836092e+00,9.925292919575e-01
6.437121856093e+00,9.925322112784e-01
6.437521876094e+00,9.925351303010e-01
6.437921896095e+00,9.925380490270e-01
6.438321916096e+00,9.925409674578e-01
6.438721936097e+00,9.925438855947e-01
6.439121956098e+00,9.925468034390e-01
6.439521976099e+00,9.925497209917e-01
6.439921996100e+00,9.925526382537e-01
6.440322016101e+00,9.925555552258e-01
6.440722036102e+00,9.925584719087e-01
6.441122056103e+00,9.925613883028e-01
6.441522076104e+00,9.925643044085e-01
6.441922096105e+00,9.925672202261e-01
6.442322116106e+00,9.925701357555e-01
6.442722136107e+00,9.925730509969e-01
6.443122156108e+00,9.925759659500e-01
6.443522176109e+00,9.925788806144e-01
6.443922196110e+00,9.925817949898e-01
6.444322216111e+00,9.925847090755e-01
6.444722236112e+00,9.925876228708e-01
6.445122256113e+00,9.925905363748e-01
6.445522276114e+00,9.925934495865e-01
6.445922296115e+00,9.925963625047e-01
6.446322316116e+00,9.925992751282e-01
6.446722336117e+00,9.926021874556e-01
6.447122356118e+00,9.926050994853e-01
6.447522376119e+00,9.926080112156e-01
6.447922396120e+00,9.926109226447e-01
6.448322416121e+00,9.926138337706e-01
6.448722436122e+00,9.926167445913e-01
6.449122456123e+00,9.926196551045e-01
6.449522476124e+00,9.926225653078e-01
6.449922496125e+00,9.926254751989e-01
6.450322516126e+00,9.926283847750e-01
6.450722536127e+00,9.926312940334e-01
6.451122556128e+00,9.926342029712e-01
6.451522576129e+00,9.926371115855e-01
6.451922596130e+00,9.926400198730e-01
6.452322616131e+00,9.926429278305e-01
6.452722636132e+00,9.926458354546e-01
6.453122656133e+00,9.926487427418e-01
6.453522676134e+00,9.926516496884e-01
6.453922696135e+00,9.926545562906e-01
6.454322716136e+00,9.926574625446e-01
6.454722736137e+00,9.926603684463e-01
6.455122756138e+00,9.926632739915e-01
6.455522776139e+00,9.926661791761e-01
6.455922796140e+00,9.926690839954e-01
6.456322816141e+00,9.926719884452e-01
6.456722836142e+00,9.926748925206e-01
6.457122856143e+00,9.926777962170e-01
6.457522876144e+00,9.926806995295e-01
6.457922896145e+00,9.926836024530e-01
6.458322916146e+00,9.926865049825e-01
6.458722936147e+00,9.926894071127e-01
6.459122956148e+00,9.926923088383e-01
6.459522976149e+00,9.926952101538e-01
6.459922996150e+00,9.926981110536e-01
6.460323016151e+00,9.927010115321e-01
6.460723036152e+00,9.927039115834e-01
6.461123056153e+00,9.927068112016e-01
6.461523076154e+00,9.927097103808e-01
6.461923096155e+00,9.927126091148e-01
6.462323116156e+00,9.927155073973e-01
6.462723136157e+00,9.927184052221e-01
6.463123156158e+00,9.927213025826e-01
6.463523176159e+00,9.927241994724e-01
6.463923196160e+00,9.927270958847e-01
6.464323216161e+00,9.927299918129e-01
6.464723236162e+00,9.927328872501e-01
6.465123256163e+00,9.927357821893e-01
6.465523276164e+00,9.927386766235e-01
6.465923296165e+00,9.927415705455e-01
6.466323316166e+00,9.927444639482e-01
6.466723336167e+00,9.927473568241e-01
6.467123356168e+00,9.927502491660e-01
6.467523376169e+00,9.927531409662e-01
6.467923396170e+00,9.927560322171e-01
6.468323416171e+00,9.927589229112e-01
6.468723436172e+00,9.927618130405e-01
6.469123456173e+00,9.927647025972e-01
6.469523476174e+00,9.927675915735e-01
6.469923496175e+00,9.927704799612e-01
6.470323516176e+00,9.927733677522e-01
6.470723536177e+00,9.927762549384e-01
6.471123556178e+00,9.927791415115e-01
6.471523576179e+00,9.927820274631e-01
6.471923596180e+00,9.927849127848e-01
6.472323616181e+00,9.927877974682e-01
6.472723636182e+00,9.927906815045e-01
6.473123656183e+00,9.927935648854e-01
6.473523676184e+00,9.927964476019e-01
6.473923696185e+00,9.927993296453e-01
6.474323716186e+00,9.928022110068e-01
6.474723736187e+00,9.928050916776e-01
6.475123756188e+00,9.928079716485e-01
6.475523776189e+00,9.928108509106e-01
6.475923796190e+00,9.928137294548e-01
6.476323816191e+00,9.928166072719e-01
6.476723836192e+00,9.928194843528e-01
6.477123856193e+00,9.928223606881e-01
6.477523876194e+00,9.928252362685e-01
6.477923896195e+00,9.928281110848e-01
6.478323916196e+00,9.928309851274e-01
6.478723936197e+00,9.928338583868e-01
6.479123956198e+00,9.928367308537e-01
6.479523976199e+00,9.928396025183e-01
6.479923996200e+00,9.928424733712e-01
6.480324016201e+00,9.928453434026e-01
6.480724036202e+00,9.928482126029e-01
6.481124056203e+00,9.928510809623e-01
6.481524076204e+00,9.928539484710e-01
6.481924096205e+00,9.928568151194e-01
6.482324116206e+00,9.928596808975e-01
6.482724136207e+00,9.928625457954e-01
6.483124156208e+00,9.928654098033e-01
6.483524176209e+00,9.928682729113e-01
6.483924196210e+00,9.928711351093e-01
6.484324216211e+00,9.928739963875e-01
6.484724236212e+00,9.928768567358e-01
6.485124256213e+00,9.928797161442e-01
6.485524276214e+00,9.928825746026e-01
6.485924296215e+00,9.928854321010e-01
6.486324316216e+00,9.928882886293e-01
6.486724336217e+00,9.928911441774e-01
6.487124356218e+00,9.928939987353e-01
6.487524376219e+00,9.928968522927e-01
6.487924396220e+00,9.928997048396e-01
6.488324416221e+00,9.929025563658e-01
6.488724436222e+00,9.929054068612e-01
6.489124456223e+00,9.929082563157e-01
6.489524476224e+00,9.929111047190e-01
6.489924496225e+00,9.929139520611e-01
6.490324516226e+00,9.929167983318e-01
6.490724536227e+00,9.929196435209e-01
6.491124556228e+00,9.929224876183e-01
6.491524576229e+00,9.929253306138e-01
6.491924596230e+00,9.929281724974e-01
6.492324616231e+00,9.929310132589e-01
6.492724636232e+00,9.929338528882e-01
6.493124656233e+00,9.929366913751e-01
6.493524676234e+00,9.929395287097e-01
6.493924696235e+00,9.929423648817e-01
6.494324716236e+00,9.929451998813e-01
6.494724736237e+00,9.929480336984e-01
6.495124756238e+00,9.929508663229e-01
6.495524776239e+00,9.929536977449e-01
6.495924796240e+00,9.929565279544e-01
6.496324816241e+00,9.929593569414e-01
6.496724836242e+00,9.929621846962e-01
6.497124856243e+00,9.929650112088e-01
6.497524876244e+00,9.929678364693e-01
6.497924896245e+00,9.929706604680e-01
6.498324916246e+00,9.929734831950e-01
6.498724936247e+00,9.929763046407e-01
6.499124956248e+00,9.929791247954e-01
6.499524976249e+00,9.929819436493e-01
6.499924996250e+00,9.929847611929e-01
6.500325016251e+00,9.929875774167e-01
6.500725036252e+00,9.929903923109e-01
6.501125056253e+00,9.929932058663e-01
6.501525076254e+00,9.929960180733e-01
6.501925096255e+00,9.929988289226e-01
6.502325116256e+00,9.930016384048e-01
6.502725136257e+00,9.930044465107e-01
6.503125156258e+00,9.930072532310e-01
6.503525176259e+00,9.930100585565e-01
6.503925196260e+00,9.930128624782e-01
6.504325216261e+00,9.930156649869e-01
6.504725236262e+00,9.930184660737e-01
6.505125256263e+00,9.930212657297e-01
6.505525276264e+00,9.930240639460e-01
6.505925296265e+00,9.930268607137e-01
6.506325316266e+00,9.930296560242e-01
6.506725336267e+00,9.930324498687e-01
6.507125356268e+00,9.930352422387e-01
6.507525376269e+00,9.930380331257e-01
6.507925396270e+00,9.930408225212e-01
6.508325416271e+00,9.930436104167e-01
6.508725436272e+00,9.930463968041e-01
6.509125456273e+00,9.930491816751e-01
6.509525476274e+00,9.930519650216e-01
6.509925496275e+00,9.930547468354e-01
6.510325516276e+00,9.930575271086e-01
6.510725536277e+00,9.930603058333e-01
6.511125556278e+00,9.930630830017e-01
6.511525576279e+00,9.930658586060e-01
6.511925596280e+00,9.930686326386e-01
6.512325616281e+00,9.930714050919e-01
6.512725636282e+00,9.930741759586e-01
6.513125656283e+00,9.930769452311e-01
6.513525676284e+00,9.930797129022e-01
6.513925696285e+00,9.930824789648e-01
6.514325716286e+00,9.930852434116e-01
6.514725736287e+00,9.930880062358e-01
6.515125756288e+00,9.930907674304e-01
6.515525776289e+00,9.930935269885e-01
6.515925796290e+00,9.930962849035e-01
6.516325816291e+00,9.930990411687e-01
6.516725836292e+00,9.931017957777e-01
6.517125856293e+00,9.931045487239e-01
6.517525876294e+00,9.931073000011e-01
6.517925896295e+00,9.931100496031e-01
6.518325916296e+00,9.931127975237e-01
6.518725936297e+00,9.931155437568e-01
6.519125956298e+00,9.931182882968e-01
6.519525976299e+00,9.931210311378e-01
6.519925996300e+00,9.931237722741e-01
6.520326016301e+00,9.931265117002e-01
6.520726036302e+00,9.931292494107e-01
6.521126056303e+00,9.931319854001e-01
6.521526076304e+00,9.931347196633e-01
6.521926096305e+00,9.931374521952e-01
6.522326116306e+00,9.931401829908e-01
6.522726136307e+00,9.931429120452e-01
6.523126156308e+00,9.931456393537e-01
6.523526176309e+00,9.931483649115e-01
6.523926196310e+00,9.931510887142e-01
6.524326216311e+00,9.931538107575e-01
6.524726236312e+00,9.931565310369e-01
6.525126256313e+00,9.931592495483e-01
6.525526276314e+00,9.931619662878e-01
6.525926296315e+00,9.931646812513e-01
6.526326316316e+00,9.931673944351e-01
6.526726336317e+00,9.931701058354e-01
6.527126356318e+00,9.931728154488e-01
6.527526376319e+00,9.931755232719e-01
6.527926396320e+00,9.931782293012e-01
6.528326416321e+00,9.931809335336e-01
6.528726436322e+00,9.931836359661e-01
6.529126456323e+00,9.931863365958e-01
6.529526476324e+00,9.931890354198e-01
6.529926496325e+00,9.931917324355e-01
6.530326516326e+00,9.931944276403e-01
6.530726536327e+00,9.931971210318e-01
6.531126556328e+00,9.931998126077e-01
6.531526576329e+00,9.932025023660e-01
6.531926596330e+00,9.932051903045e-01
6.532326616331e+00,9.932078764213e-01
6.532726636332e+00,9.932105607148e-01
6.533126656333e+00,9.932132431832e-01
6.533526676334e+00,9.932159238251e-01
6.533926696335e+00,9.932186026391e-01
6.534326716336e+00,9.932212796239e-01
6.534726736337e+00,9.932239547786e-01
6.535126756338e+00,9.932266281020e-01
6.535526776339e+00,9.932292995934e-01
6.535926796340e+00,9.932319692520e-01
6.536326816341e+00,9.932346370773e-01
6.536726836342e+00,9.932373030689e-01
6.537126856343e+00,9.932399672263e-01
6.537526876344e+00,9.932426295496e-01
6.537926896345e+00,9.932452900386e-01
6.538326916346e+00,9.932479486934e-01
6.538726936347e+00,9.932506055142e-01
6.539126956348e+00,9.932532605015e-01
6.539526976349e+00,9.932559136556e-01
6.539926996350e+00,9.932585649772e-01
6.540327016351e+00,9.932612144671e-01
6.540727036352e+00,9.932638621260e-01
6.541127056353e+00,9.932665079551e-01
6.541527076354e+00,9.932691519555e-01
6.541927096355e+00,9.932717941283e-01
6.542327116356e+00,9.932744344751e-01
6.542727136357e+00,9.932770729974e-01
6.543127156358e+00,9.932797096968e-01
6.543527176359e+00,9.932823445753e-01
6.543927196360e+00,9.932849776347e-01
6.544327216361e+00,9.932876088772e-01
6.544727236362e+00,9.932902383048e-01
6.545127256363e+00,9.932928659201e-01
6.545527276364e+00,9.932954917253e-01
6.545927296365e+00,9.932981157232e-01
6.546327316366e+00,9.933007379164e-01
6.546727336367e+00,9.933033583078e-01
6.547127356368e+00,9.933059769004e-01
6.547527376369e+00,9.933085936972e-01
6.547927396370e+00,9.933112087016e-01
6.548327416371e+00,9.933138219169e-01
6.548727436372e+00,9.933164333465e-01
6.549127456373e+00,9.933190429941e-01
6.549527476374e+00,9.933216508634e-01
6.549927496375e+00,9.933242569583e-01
6.550327516376e+00,9.933268612828e-01
6.550727536377e+00,9.933294638409e-01
6.551127556378e+00,9.933320646369e-01
6.551527576379e+00,9.933346636752e-01
6.551927596380e+00,9.933372609602e-01
6.552327616381e+00,9.933398564966e-01
6.552727636382e+00,9.933424502889e-01
6.553127656383e+00,9.933450423422e-01
6.553527676384e+00,9.933476326612e-01
6.553927696385e+00,9.933502212512e-01
6.554327716386e+00,9.933528081172e-01
6.554727736387e+00,9.933553932646e-01
6.555127756388e+00,9.933579766989e-01
6.555527776389e+00,9.933605584254e-01
6.555927796390e+00,9.933631384499e-01
6.556327816391e+00,9.933657167782e-01
6.556727836392e+00,9.933682934161e-01
6.557127856393e+00,9.933708683695e-01
6.557527876394e+00,9.933734416447e-01
6.557927896395e+00,9.933760132477e-01
6.558327916396e+00,9.933785831850e-01
6.558727936397e+00,9.933811514628e-01
6.559127956398e+00,9.933837180878e-01
6.559527976399e+00,9.933862830666e-01
6.559927996400e+00,9.933888464059e-01
6.560328016401e+00,9.933914081125e-01
6.560728036402e+00,9.933939681934e-01
6.561128056403e+00,9.933965266556e-01
6.561528076404e+00,9.933990835063e-01
6.561928096405e+00,9.934016387527e-01
6.562328116406e+00,9.934041924020e-01
6.562728136407e+00,9.934067444618e-01
6.563128156408e+00,9.934092949395e-01
6.563528176409e+00,9.934118438428e-01
6.563928196410e+00,9.934143911793e-01
6.564328216411e+00,9.934169369569e-01
6.564728236412e+00,9.934194811833e-01
6.565128256413e+00,9.934220238666e-01
6.565528276414e+00,9.934245650148e-01
6.565928296415e+00,9.934271046359e-01
6.566328316416e+00,9.934296427384e-01
6.566728336417e+00,9.934321793306e-01
6.567128356418e+00,9.934347144207e-01
6.567528376419e+00,9.934372480173e-01
6.567928396420e+00,9.934397801289e-01
6.568328416421e+00,9.934423107643e-01
6.568728436422e+00,9.934448399319e-01
6.569128456423e+00,9.934473676408e-01
6.569528476424e+00,9.934498938996e-01
6.569928496425e+00,9.934524187174e-01
6.570328516426e+00,9.934549421032e-01
6.570728536427e+00,9.934574640659e-01
6.571128556428e+00,9.934599846148e-01
6.571528576429e+00,9.934625037591e-01
6.571928596430e+00,9.934650215080e-01
6.572328616431e+00,9.934675378709e-01
6.572728636432e+00,9.934700528571e-01
6.573128656433e+00,9.934725664762e-01
6.573528676434e+00,9.934750787375e-01
6.573928696435e+00,9.934775896508e-01
6.574328716436e+00,9.934800992256e-01
6.574728736437e+00,9.934826074715e-01
6.575128756438e+00,9.934851143984e-01
6.575528776439e+00,9.934876200161e-01
6.575928796440e+00,9.934901243342e-01
6.576328816441e+00,9.934926273628e-01
6.576728836442e+00,9.934951291118e-01
6.577128856443e+00,9.934976295910e-01
6.577528876444e+00,9.935001288106e-01
6.577928896445e+00,9.935026267807e-01
6.578328916446e+00,9.935051235112e-01
6.578728936447e+00,9.935076190123e-01
6.579128956448e+00,9.935101132943e-01
6.579528976449e+00,9.935126063672e-01
6.579928996450e+00,9.935150982415e-01
6.580329016451e+00,9.935175889273e-01
6.580729036452e+00,9.935200784349e-01
6.581129056453e+00,9.935225667747e-01
6.581529076454e+00,9.935250539570e-01
6.581929096455e+00,9.935275399923e-01
6.582329116456e+00,9.935300248910e-01
6.582729136457e+00,9.935325086634e-01
6.583129156458e+00,9.935349913201e-01
6.583529176459e+00,9.935374728715e-01
6.583929196460e+00,9.935399533282e-01
6.584329216461e+00,9.935424327006e-01
6.584729236462e+00,9.935449109992e-01
6.585129256463e+00,9.935473882347e-01
6.585529276464e+00,9.935498644175e-01
6.585929296465e+00,9.935523395583e-01
6.586329316466e+00,9.935548136675e-01
6.586729336467e+00,9.935572867558e-01
6.587129356468e+00,9.935597588337e-01
6.587529376469e+00,9.935622299118e-01
6.587929396470e+00,9.935647000006e-01
6.588329416471e+00,9.935671691108e-01
6.588729436472e+00,9.935696372529e-01
6.589129456473e+00,9.935721044375e-01
6.589529476474e+00,9.935745706751e-01
6.589929496475e+00,9.935770359763e-01
6.590329516476e+00,9.935795003515e-01
6.590729536477e+00,9.935819638113e-01
6.591129556478e+00,9.935844263662e-01
6.591529576479e+00,9.935868880267e-01
6.591929596480e+00,9.935893488032e-01
6.592329616481e+00,9.935918087062e-01
6.592729636482e+00,9.935942677463e-01
6.593129656483e+00,9.935967259339e-01
6.593529676484e+00,9.935991832792e-01
6.593929696485e+00,9.936016397929e-01
6.594329716486e+00,9.936040954851e-01
6.594729736487e+00,9.936065503662e-01
6.595129756488e+00,9.936090044465e-01
6.595529776489e+00,9.936114577363e-01
6.595929796490e+00,9.936139102458e-01
6.596329816491e+00,9.936163619852e-01
6.596729836492e+00,9.936188129647e-01
6.597129856493e+00,9.936212631944e-01
6.597529876494e+00,9.936237126843e-01
6.597929896495e+00,9.936261614446e-01
6.598329916496e+00,9.936286094852e-01
6.598729936497e+00,9.936310568161e-01
6.599129956498e+00,9.936335034472e-01
6.599529976499e+00,9.936359493883e-01
6.599929996500e+00,9.936383946493e-01
6.600330016501e+00,9.936408392400e-01
6.600730036502e+00,9.936432831701e-01
6.601130056503e+00,9.936457264492e-01
6.601530076504e+00,9.936481690869e-01
6.601930096505e+00,9.936506110929e-01
6.602330116506e+00,9.936530524765e-01
6.602730136507e+00,9.936554932473e-01
6.603130156508e+00,9.936579334145e-01
6.603530176509e+00,9.936603729876e-01
6.603930196510e+00,9.936628119757e-01
6.604330216511e+00,9.936652503881e-01
6.604730236512e+00,9.936676882339e-01
6.605130256513e+00,9.936701255221e-01
6.605530276514e+00,9.936725622617e-01
6.605930296515e+00,9.936749984616e-01
6.606330316516e+00,9.936774341307e-01
6.606730336517e+00,9.936798692777e-01
6.607130356518e+00,9.936823039113e-01
6.607530376519e+00,9.936847380402e-01
6.607930396520e+00,9.936871716728e-01
6.608330416521e+00,9.936896048177e-01
6.608730436522e+00,9.936920374831e-01
6.609130456523e+00,9.936944696775e-01
6.609530476524e+00,9.936969014091e-01
6.609930496525e+00,9.936993326859e-01
6.610330516526e+00,9.937017635160e-01
6.610730536527e+00,9.937041939074e-01
6.611130556528e+00,9.937066238680e-01
6.611530576529e+00,9.937090534055e-01
6.611930596530e+00,9.937114825276e-01
6.612330616531e+00,9.937139112420e-01
6.612730636532e+00,9.937163395562e-01
6.613130656533e+00,9.937187674775e-01
6.613530676534e+00,9.937211950133e-01
6.613930696535e+00,9.937236221709e-01
6.614330716536e+00,9.937260489574e-01
6.614730736537e+00,9.937284753797e-01
6.615130756538e+00,9.937309014449e-01
6.615530776539e+00,9.937333271597e-01
6.615930796540e+00,9.937357525309e-01
6.616330816541e+00,9.937381775652e-01
6.616730836542e+00,9.937406022690e-01
6.617130856543e+00,9.937430266487e-01
6.617530876544e+00,9.937454507108e-01
6.617930896545e+00,9.937478744613e-01
6.618330916546e+00,9.937502979065e-01
6.618730936547e+00,9.937527210522e-01
6.619130956548e+00,9.937551439045e-01
6.619530976549e+00,9.937575664690e-01
6.619930996550e+00,9.937599887516e-01
6.620331016551e+00,9.937624107576e-01
6.620731036552e+00,9.937648324926e-01
6.621131056553e+00,9.937672539619e-01
6.621531076554e+00,9.937696751707e-01
6.621931096555e+00,9.937720961242e-01
6.622331116556e+00,9.937745168272e-01
6.622731136557e+00,9.937769372848e-01
6.623131156558e+00,9.937793575016e-01
6.623531176559e+00,9.937817774823e-01
6.623931196560e+00,9.937841972314e-01
6.624331216561e+00,9.937866167533e-01
6.624731236562e+00,9.937890360523e-01
6.625131256563e+00,9.937914551326e-01
6.625531276564e+00,9.937938739982e-01
6.625931296565e+00,9.937962926530e-01
6.626331316566e+00,9.937987111009e-01
6.626731336567e+00,9.938011293455e-01
6.627131356568e+00,9.938035473903e-01
6.627531376569e+00,9.938059652389e-01
6.627931396570e+00,9.938083828945e-01
6.628331416571e+00,9.938108003603e-01
6.628731436572e+00,9.938132176394e-01
6.629131456573e+00,9.938156347347e-01
6.629531476574e+00,9.938180516490e-01
6.629931496575e+00,9.938204683850e-01
6.630331516576e+00,9.938228849452e-01
6.630731536577e+00,9.938253013322e-01
6.631131556578e+00,9.938277175482e-01
6.631531576579e+00,9.938301335954e-01
6.631931596580e+00,9.938325494758e-01
6.632331616581e+00,9.938349651913e-01
6.632731636582e+00,9.938373807439e-01
6.633131656583e+00,9.938397961350e-01
6.633531676584e+00,9.938422113664e-01
6.633931696585e+00,9.938446264393e-01
6.634331716586e+00,9.938470413551e-01
6.634731736587e+00,9.938494561149e-01
6.635131756588e+00,9.938518707198e-01
6.635531776589e+00,9.938542851706e-01
6.635931796590e+00,9.938566994681e-01
6.636331816591e+00,9.938591136130e-01
6.636731836592e+00,9.938615276058e-01
6.637131856593e+00,9.938639414468e-01
6.637531876594e+00,9.938663551364e-01
6.637931896595e+00,9.938687686745e-01
6.638331916596e+00,9.938711820614e-01
6.638731936597e+00,9.938735952967e-01
6.639131956598e+00,9.938760083802e-01
6.639531976599e+00,9.938784213117e-01
6.639931996600e+00,9.938808340904e-01
6.640332016601e+00,9.938832467159e-01
6.640732036602e+00,9.938856591873e-01
6.641132056603e+00,9.938880715038e-01
6.641532076604e+00,9.938904836643e-01
6.641932096605e+00,9.938928956676e-01
6.642332116606e+00,9.938953075126e-01
6.642732136607e+00,9.938977191977e-01
6.643132156608e+00,9.939001307215e-01
6.643532176609e+00,9.939025420823e-01
6.643932196610e+00,9.939049532783e-01
6.644332216611e+00,9.939073643075e-01
6.644732236612e+00,9.939097751681e-01
6.645132256613e+00,9.939121858577e-01
6.645532276614e+00,9.939145963742e-01
6.645932296615e+00,9.939170067151e-01
6.646332316616e+00,9.939194168779e-01
6.646732336617e+00,9.939218268600e-01
6.647132356618e+00,9.939242366585e-01
6.647532376619e+00,9.939266462706e-01
6.647932396620e+00,9.939290556933e-01
6.648332416621e+00,9.939314649235e-01
6.648732436622e+00,9.939338739578e-01
6.649132456623e+00,9.939362827930e-01
6.649532476624e+00,9.939386914254e-01
6.649932496625e+00,9.939410998516e-01
6.650332516626e+00,9.939435080678e-01
6.650732536627e+00,9.939459160702e-01
6.651132556628e+00,9.939483238548e-01
6.651532576629e+00,9.939507314175e-01
6.651932596630e+00,9.939531387541e-01
6.652332616631e+00,9.939555458605e-01
6.652732636632e+00,9.939579527321e-01
6.653132656633e+00,9.939603593644e-01
6.653532676634e+00,9.939627657528e-01
6.653932696635e+00,9.939651718925e-01
6.654332716636e+00,9.939675777788e-01
6.654732736637e+00,9.939699834066e-01
6.655132756638e+00,9.939723887709e-01
6.655532776639e+00,9.939747938666e-01
6.655932796640e+00,9.939771986882e-01
6.656332816641e+00,9.939796032305e-01
6.656732836642e+00,9.939820074880e-01
6.657132856643e+00,9.939844114551e-01
6.657532876644e+00,9.939868151260e-01
6.657932896645e+00,9.939892184950e-01
6.658332916646e+00,9.939916215563e-01
6.658732936647e+00,9.939940243038e-01
6.659132956648e+00,9.939964267314e-01
6.659532976649e+00,9.939988288329e-01
6.659932996650e+00,9.940012306022e-01
6.660333016651e+00,9.940036320327e-01
6.660733036652e+00,9.940060331181e-01
6.661133056653e+00,9.940084338517e-01
6.661533076654e+00,9.940108342270e-01
6.661933096655e+00,9.940132342372e-01
6.662333116656e+00,9.940156338754e-01
6.662733136657e+00,9.940180331348e-01
6.663133156658e+00,9.940204320084e-01
6.663533176659e+00,9.940228304891e-01
6.663933196660e+00,9.940252285697e-01
6.664333216661e+00,9.940276262429e-01
6.664733236662e+00,9.940300235015e-01
6.665133256663e+00,9.940324203381e-01
6.665533276664e+00,9.940348167451e-01
6.665933296665e+00,9.940372127150e-01
6.666333316666e+00,9.940396082402e-01
6.666733336667e+00,9.940420033129e-01
6.667133356668e+00,9.940443979254e-01
6.667533376669e+00,9.940467920698e-01
6.667933396670e+00,9.940491857381e-01
6.668333416671e+00,9.940515789225e-01
6.668733436672e+00,9.940539716147e-01
6.669133456673e+00,9.940563638068e-01
6.669533476674e+00,9.940587554904e-01
6.669933496675e+00,9.940611466573e-01
6.670333516676e+00,9.940635372992e-01
6.670733536677e+00,9.940659274078e-01
6.671133556678e+00,9.940683169746e-01
6.671533576679e+00,9.940707059910e-01
6.671933596680e+00,9.940730944486e-01
6.672333616681e+00,9.940754823387e-01
6.672733636682e+00,9.940778696526e-01
6.673133656683e+00,9.940802563817e-01
6.673533676684e+00,9.940826425172e-01
6.673933696685e+00,9.940850280503e-01
6.674333716686e+00,9.940874129721e-01
6.674733736687e+00,9.940897972737e-01
6.675133756688e+00,9.940921809461e-01
6.675533776689e+00,9.940945639804e-01
6.675933796690e+00,9.940969463676e-01
6.676333816691e+00,9.940993280985e-01
6.676733836692e+00,9.941017091641e-01
6.677133856693e+00,9.941040895552e-01
6.677533876694e+00,9.941064692626e-01
6.677933896695e+00,9.941088482772e-01
6.678333916696e+00,9.941112265896e-01
6.678733936697e+00,9.941136041906e-01
6.679133956698e+00,9.941159810708e-01
6.679533976699e+00,9.941183572210e-01
6.679933996700e+00,9.941207326319e-01
6.680334016701e+00,9.941231072939e-01
6.680734036702e+00,9.941254811977e-01
6.681134056703e+00,9.941278543339e-01
6.681534076704e+00,9.941302266931e-01
6.681934096705e+00,9.941325982658e-01
6.682334116706e+00,9.941349690424e-01
6.682734136707e+00,9.941373390136e-01
6.683134156708e+00,9.941397081698e-01
6.683534176709e+00,9.941420765015e-01
6.683934196710e+00,9.941444439992e-01
6.684334216711e+00,9.941468106534e-01
6.684734236712e+00,9.941491764544e-01
6.685134256713e+00,9.941515413929e-01
6.685534276714e+00,9.941539054592e-01
6.685934296715e+00,9.941562686438e-01
6.686334316716e+00,9.941586309371e-01
6.686734336717e+00,9.941609923297e-01
6.687134356718e+00,9.941633528119e-01
6.687534376719e+00,9.941657123743e-01
6.687934396720e+00,9.941680710073e-01
6.688334416721e+00,9.941704287014e-01
6.688734436722e+00,9.941727854471e-01
6.689134456723e+00,9.941751412349e-01
6.689534476724e+00,9.941774960553e-01
6.689934496725e+00,9.941798498989e-01
6.690334516726e+00,9.941822027561e-01
6.690734536727e+00,9.941845546176e-01
6.691134556728e+00,9.941869054739e-01
6.691534576729e+00,9.941892553157e-01
6.691934596730e+00,9.941916041335e-01
6.692334616731e+00,9.941939519181e-01
6.692734636732e+00,9.941962986601e-01
6.693134656733e+00,9.941986443503e-01
6.693534676734e+00,9.942009889793e-01
6.693934696735e+00,9.942033325379e-01
6.694334716736e+00,9.942056750170e-01
6.694734736737e+00,9.942080164074e-01
6.695134756738e+00,9.942103566999e-01
6.695534776739e+00,9.942126958855e-01
6.695934796740e+00,9.942150339551e-01
6.696334816741e+00,9.942173708997e-01
6.696734836742e+00,9.942197067102e-01
6.697134856743e+00,9.942220413779e-01
6.697534876744e+00,9.942243748938e-01
6.697934896745e+00,9.942267072491e-01
6.698334916746e+00,9.942290384350e-01
6.698734936747e+00,9.942313684427e-01
6.699134956748e+00,9.942336972636e-01
6.699534976749e+00,9.942360248889e-01
6.699934996750e+00,9.942383513102e-01
6.700335016751e+00,9.942406765189e-01
6.700735036752e+00,9.942430005066e-01
6.701135056753e+00,9.942453232647e-01
6.701535076754e+00,9.942476447849e-01
6.701935096755e+00,9.942499650591e-01
6.702335116756e+00,9.942522840788e-01
6.702735136757e+00,9.942546018359e-01
6.703135156758e+00,9.942569183224e-01
6.703535176759e+00,9.942592335302e-01
6.703935196760e+00,9.942615474512e-01
6.704335216761e+00,9.942638600777e-01
6.704735236762e+00,9.942661714017e-01
6.705135256763e+00,9.942684814156e-01
6.705535276764e+00,9.942707901115e-01
6.705935296765e+00,9.942730974819e-01
6.706335316766e+00,9.942754035193e-01
6.706735336767e+00,9.942777082162e-01
6.707135356768e+00,9.942800115652e-01
6.707535376769e+00,9.942823135589e-01
6.707935396770e+00,9.942846141903e-01
6.708335416771e+00,9.942869134520e-01
6.708735436772e+00,9.942892113372e-01
6.709135456773e+00,9.942915078387e-01
6.709535476774e+00,9.942938029497e-01
6.709935496775e+00,9.942960966634e-01
6.710335516776e+00,9.942983889731e-01
6.710735536777e+00,9.943006798721e-01
6.711135556778e+00,9.943029693539e-01
6.711535576779e+00,9.943052574121e-01
6.711935596780e+00,9.943075440403e-01
6.712335616781e+00,9.943098292323e-01
6.712735636782e+00,9.943121129818e-01
6.713135656783e+00,9.943143952828e-01
6.713535676784e+00,9.943166761292e-01
6.713935696785e+00,9.943189555154e-01
6.714335716786e+00,9.943212334353e-01
6.714735736787e+00,9.943235098834e-01
6.715135756788e+00,9.943257848540e-01
6.715535776789e+00,9.943280583416e-01
6.715935796790e+00,9.943303303409e-01
6.716335816791e+00,9.943326008465e-01
6.716735836792e+00,9.943348698532e-01
6.717135856793e+00,9.943371373560e-01
6.717535876794e+00,9.943394033499e-01
6.717935896795e+00,9.943416678301e-01
6.718335916796e+00,9.943439307919e-01
6.718735936797e+00,9.943461922304e-01
6.719135956798e+00,9.943484521414e-01
6.719535976799e+00,9.943507105201e-01
6.719935996800e+00,9.943529673625e-01
6.720336016801e+00,9.943552226642e-01
6.720736036802e+00,9.943574764212e-01
6.721136056803e+00,9.943597286295e-01
6.721536076804e+00,9.943619792851e-01
6.721936096805e+00,9.943642283844e-01
6.722336116806e+00,9.943664759237e-01
6.722736136807e+00,9.943687218995e-01
6.723136156808e+00,9.943709663083e-01
6.723536176809e+00,9.943732091468e-01
6.723936196810e+00,9.943754504119e-01
6.724336216811e+00,9.943776901005e-01
6.724736236812e+00,9.943799282097e-01
6.725136256813e+00,9.943821647365e-01
6.725536276814e+00,9.943843996784e-01
6.725936296815e+00,9.943866330327e-01
6.726336316816e+00,9.943888647969e-01
6.726736336817e+00,9.943910949686e-01
6.727136356818e+00,9.943933235457e-01
6.727536376819e+00,9.943955505260e-01
6.727936396820e+00,9.943977759075e-01
6.728336416821e+00,9.943999996884e-01
6.728736436822e+00,9.944022218668e-01
6.729136456823e+00,9.944044424413e-01
6.729536476824e+00,9.944066614102e-01
6.729936496825e+00,9.944088787721e-01
6.730336516826e+00,9.944110945259e-01
6.730736536827e+00,9.944133086704e-01
6.731136556828e+00,9.944155212045e-01
6.731536576829e+00,9.944177321274e-01
6.731936596830e+00,9.944199414383e-01
6.732336616831e+00,9.944221491366e-01
6.732736636832e+00,9.944243552218e-01
6.733136656833e+00,9.944265596934e-01
6.733536676834e+00,9.944287625512e-01
6.733936696835e+00,9.944309637951e-01
6.734336716836e+00,9.944331634250e-01
6.734736736837e+00,9.944353614411e-01
6.735136756838e+00,9.944375578436e-01
6.735536776839e+00,9.944397526327e-01
6.735936796840e+00,9.944419458091e-01
6.736336816841e+00,9.944441373733e-01
6.736736836842e+00,9.944463273261e-01
6.737136856843e+00,9.944485156682e-01
6.737536876844e+00,9.944507024007e-01
6.737936896845e+00,9.944528875246e-01
6.738336916846e+00,9.944550710412e-01
6.738736936847e+00,9.944572529518e-01
6.739136956848e+00,9.944594332578e-01
6.739536976849e+00,9.944616119609e-01
6.739936996850e+00,9.944637890626e-01
6.740337016851e+00,9.944659645649e-01
6.740737036852e+00,9.944681384697e-01
6.741137056853e+00,9.944703107790e-01
6.741537076854e+00,9.944724814952e-01
6.741937096855e+00,9.944746506204e-01
6.742337116856e+00,9.944768181572e-01
6.742737136857e+00,9.944789841081e-01
6.743137156858e+00,9.944811484758e-01
6.743537176859e+00,9.944833112631e-01
6.743937196860e+00,9.944854724729e-01
6.744337216861e+00,9.944876321082e-01
6.744737236862e+00,9.944897901723e-01
6.745137256863e+00,9.944919466683e-01
6.745537276864e+00,9.944941015997e-01
6.745937296865e+00,9.944962549699e-01
6.746337316866e+00,9.944984067827e-01
6.746737336867e+00,9.945005570417e-01
6.747137356868e+00,9.945027057508e-01
6.747537376869e+00,9.945048529140e-01
6.747937396870e+00,9.945069985353e-01
6.748337416871e+00,9.945091426190e-01
6.748737436872e+00,9.945112851693e-01
6.749137456873e+00,9.945134261907e-01
6.749537476874e+00,9.945155656877e-01
6.749937496875e+00,9.945177036649e-01
6.750337516876e+00,9.945198401270e-01
6.750737536877e+00,9.945219750791e-01
6.751137556878e+00,9.945241085259e-01
6.751537576879e+00,9.945262404726e-01
6.751937596880e+00,9.945283709244e-01
6.752337616881e+00,9.945304998865e-01
6.752737636882e+00,9.945326273644e-01
6.753137656883e+00,9.945347533635e-01
6.753537676884e+00,9.945368778894e-01
6.753937696885e+00,9.945390009478e-01
6.754337716886e+00,9.945411225445e-01
6.754737736887e+00,9.945432426855e-01
6.755137756888e+00,9.945453613768e-01
6.755537776889e+00,9.945474786243e-01
6.755937796890e+00,9.945495944344e-01
6.756337816891e+00,9.945517088134e-01
6.756737836892e+00,9.945538217675e-01
6.757137856893e+00,9.945559333034e-01
6.757537876894e+00,9.945580434276e-01
6.757937896895e+00,9.945601521468e-01
6.758337916896e+00,9.945622594676e-01
6.758737936897e+00,9.945643653971e-01
6.759137956898e+00,9.945664699422e-01
6.759537976899e+00,9.945685731098e-01
6.759937996900e+00,9.945706749070e-01
6.760338016901e+00,9.945727753412e-01
6.760738036902e+00,9.945748744196e-01
6.761138056903e+00,9.945769721495e-01
6.761538076904e+00,9.945790685385e-01
6.761938096905e+00,9.945811635939e-01
6.762338116906e+00,9.945832573236e-01
6.762738136907e+00,9.945853497350e-01
6.763138156908e+00,9.945874408360e-01
6.763538176909e+00,9.945895306345e-01
6.763938196910e+00,9.945916191383e-01
6.764338216911e+00,9.945937063553e-01
6.764738236912e+00,9.945957922938e-01
6.765138256913e+00,9.945978769619e-01
6.765538276914e+00,9.945999603677e-01
6.765938296915e+00,9.946020425196e-01
6.766338316916e+00,9.946041234258e-01
6.766738336917e+00,9.946062030949e-01
6.767138356918e+00,9.946082815353e-01
6.767538376919e+00,9.946103587554e-01
6.767938396920e+00,9.946124347640e-01
6.768338416921e+00,9.946145095697e-01
6.768738436922e+00,9.946165831812e-01
6.769138456923e+00,9.946186556072e-01
6.769538476924e+00,9.946207268567e-01
6.769938496925e+00,9.946227969385e-01
6.770338516926e+00,9.946248658615e-01
6.770738536927e+00,9.946269336348e-01
6.771138556928e+00,9.946290002674e-01
6.771538576929e+00,9.946310657684e-01
6.771938596930e+00,9.946331301470e-01
6.772338616931e+00,9.946351934122e-01
6.772738636932e+00,9.946372555735e-01
6.773138656933e+00,9.946393166399e-01
6.773538676934e+00,9.946413766210e-01
6.773938696935e+00,9.946434355259e-01
6.774338716936e+00,9.946454933641e-01
6.774738736937e+00,9.946475501451e-01
6.775138756938e+00,9.946496058784e-01
6.775538776939e+00,9.946516605733e-01
6.775938796940e+00,9.946537142395e-01
6.776338816941e+00,9.946557668865e-01
6.776738836942e+00,9.946578185240e-01
6.777138856943e+00,9.946598691616e-01
6.777538876944e+00,9.946619188088e-01
6.777938896945e+00,9.946639674755e-01
6.778338916946e+00,9.946660151712e-01
6.778738936947e+00,9.946680619058e-01
6.779138956948e+00,9.946701076890e-01
6.779538976949e+00,9.946721525305e-01
6.779938996950e+00,9.946741964401e-01
6.780339016951e+00,9.946762394277e-01
6.780739036952e+00,9.946782815031e-01
6.781139056953e+00,9.946803226761e-01
6.781539076954e+00,9.946823629565e-01
6.781939096955e+00,9.946844023542e-01
6.782339116956e+00,9.946864408790e-01
6.782739136957e+00,9.946884785409e-01
6.783139156958e+00,9.946905153496e-01
6.783539176959e+00,9.946925513152e-01
6.783939196960e+00,9.946945864474e-01
6.784339216961e+00,9.946966207562e-01
6.784739236962e+00,9.946986542514e-01
6.785139256963e+00,9.947006869429e-01
6.785539276964e+00,9.947027188405e-01
6.785939296965e+00,9.947047499543e-01
6.786339316966e+00,9.947067802939e-01
6.786739336967e+00,9.947088098693e-01
6.787139356968e+00,9.947108386902e-01
6.787539376969e+00,9.947128667666e-01
6.787939396970e+00,9.947148941081e-01
6.788339416971e+00,9.947169207247e-01
6.788739436972e+00,9.947189466261e-01
6.789139456973e+00,9.947209718219e-01
6.789539476974e+00,9.947229963220e-01
6.789939496975e+00,9.947250201361e-01
6.790339516976e+00,9.947270432737e-01
6.790739536977e+00,9.947290657448e-01
6.791139556978e+00,9.947310875588e-01
6.791539576979e+00,9.947331087255e-01
6.791939596980e+00,9.947351292544e-01
6.792339616981e+00,9.947371491551e-01
6.792739636982e+00,9.947391684371e-01
6.793139656983e+00,9.947411871100e-01
6.793539676984e+00,9.947432051831e-01
6.793939696985e+00,9.947452226660e-01
6.794339716986e+00,9.947472395679e-01
6.794739736987e+00,9.947492558983e-01
6.795139756988e+00,9.947512716664e-01
6.795539776989e+00,9.947532868816e-01
6.795939796990e+00,9.947553015530e-01
6.796339816991e+00,9.947573156899e-01
6.796739836992e+00,9.947593293012e-01
6.797139856993e+00,9.947613423963e-01
6.797539876994e+00,9.947633549839e-01
6.797939896995e+00,9.947653670733e-01
6.798339916996e+00,9.947673786732e-01
6.798739936997e+00,9.947693897926e-01
6.799139956998e+00,9.947714004403e-01
6.799539976999e+00,9.947734106250e-01
6.799939997000e+00,9.947754203554e-01
6.800340017001e+00,9.947774296403e-01
6.800740037002e+00,9.947794384882e-01
6.801140057003e+00,9.947814469076e-01
6.801540077004e+00,9.947834549070e-01
6.801940097005e+00,9.947854624947e-01
6.802340117006e+00,9.947874696792e-01
6.802740137007e+00,9.947894764686e-01
6.803140157008e+00,9.947914828713e-01
6.803540177009e+00,9.947934888952e-01
6.803940197010e+00,9.947954945486e-01
6.804340217011e+00,9.947974998392e-01
6.804740237012e+00,9.947995047752e-01
6.805140257013e+00,9.948015093642e-01
6.805540277014e+00,9.948035136142e-01
6.805940297015e+00,9.948055175327e-01
6.806340317016e+00,9.948075211273e-01
6.806740337017e+00,9.948095244057e-01
6.807140357018e+00,9.948115273752e-01
6.807540377019e+00,9.948135300432e-01
6.807940397020e+00,9.948155324170e-01
6.808340417021e+00,9.948175345038e-01
6.808740437022e+00,9.948195363107e-01
6.809140457023e+00,9.948215378448e-01
6.809540477024e+00,9.948235391129e-01
6.809940497025e+00,9.948255401220e-01
6.810340517026e+00,9.948275408788e-01
6.810740537027e+00,9.948295413900e-01
6.811140557028e+00,9.948315416622e-01
6.811540577029e+00,9.948335417018e-01
6.811940597030e+00,9.948355415153e-01
6.812340617031e+00,9.948375411090e-01
6.812740637032e+00,9.948395404891e-01
6.813140657033e+00,9.948415396616e-01
6.813540677034e+00,9.948435386326e-01
6.813940697035e+00,9.948455374081e-01
6.814340717036e+00,9.948475359938e-01
6.814740737037e+00,9.948495343955e-01
6.815140757038e+00,9.948515326187e-01
6.815540777039e+00,9.948535306691e-01
6.815940797040e+00,9.948555285519e-01
6.816340817041e+00,9.948575262726e-01
6.816740837042e+00,9.948595238363e-01
6.817140857043e+00,9.948615212481e-01
6.817540877044e+00,9.948635185131e-01
6.817940897045e+00,9.948655156362e-01
6.818340917046e+00,9.948675126220e-01
6.818740937047e+00,9.948695094754e-01
6.819140957048e+00,9.948715062008e-01
6.819540977049e+00,9.948735028028e-01
6.819940997050e+00,9.948754992856e-01
6.820341017051e+00,9.948774956536e-01
6.820741037052e+00,9.948794919109e-01
6.821141057053e+00,9.948814880614e-01
6.821541077054e+00,9.948834841092e-01
6.821941097055e+00,9.948854800579e-01
6.822341117056e+00,9.948874759113e-01
6.822741137057e+00,9.948894716729e-01
6.823141157058e+00,9.948914673463e-01
6.823541177059e+00,9.948934629346e-01
6.823941197060e+00,9.948954584413e-01
6.824341217061e+00,9.948974538693e-01
6.824741237062e+00,9.948994492217e-01
6.825141257063e+00,9.949014445014e-01
6.825541277064e+00,9.949034397111e-01
6.825941297065e+00,9.949054348535e-01
6.826341317066e+00,9.949074299310e-01
6.826741337067e+00,9.949094249462e-01
6.827141357068e+00,9.949114199012e-01
6.827541377069e+00,9.949134147983e-01
6.827941397070e+00,9.949154096396e-01
6.828341417071e+00,9.949174044269e-01
6.828741437072e+00,9.949193991622e-01
6.829141457073e+00,9.949213938470e-01
6.829541477074e+00,9.949233884829e-01
6.829941497075e+00,9.949253830715e-01
6.830341517076e+00,9.949273776141e-01
6.830741537077e+00,9.949293721118e-01
6.831141557078e+00,9.949313665658e-01
6.831541577079e+00,9.949333609771e-01
6.831941597080e+00,9.949353553465e-01
6.832341617081e+00,9.949373496748e-01
6.832741637082e+00,9.949393439626e-01
6.833141657083e+00,9.949413382103e-01
6.833541677084e+00,9.949433324184e-01
6.833941697085e+00,9.949453265870e-01
6.834341717086e+00,9.949473207165e-01
6.834741737087e+00,9.949493148066e-01
6.835141757088e+00,9.949513088575e-01
6.835541777089e+00,9.949533028688e-01
6.835941797090e+00,9.949552968401e-01
6.836341817091e+00,9.949572907711e-01
6.836741837092e+00,9.949592846611e-01
6.837141857093e+00,9.949612785095e-01
6.837541877094e+00,9.949632723153e-01
6.837941897095e+00,9.949652660778e-01
6.838341917096e+00,9.949672597957e-01
6.838741937097e+00,9.949692534680e-01
6.839141957098e+00,9.949712470934e-01
6.839541977099e+00,9.949732406704e-01
6.839941997100e+00,9.949752341974e-01
6.840342017101e+00,9.949772276730e-01
6.840742037102e+00,9.949792210953e-01
6.841142057103e+00,9.949812144623e-01
6.841542077104e+00,9.949832077722e-01
6.841942097105e+00,9.949852010227e-01
6.842342117106e+00,9.949871942118e-01
6.842742137107e+00,9.949891873369e-01
6.843142157108e+00,9.949911803956e-01
6.843542177109e+00,9.949931733855e-01
6.843942197110e+00,9.949951663037e-01
6.844342217111e+00,9.949971591475e-01
6.844742237112e+00,9.949991519140e-01
6.845142257113e+00,9.950011446001e-01
6.845542277114e+00,9.950031372027e-01
6.845942297115e+00,9.950051297186e-01
6.846342317116e+00,9.950071221443e-01
6.846742337117e+00,9.950091144765e-01
6.847142357118e+00,9.950111067116e-01
6.847542377119e+00,9.950130988458e-01
6.847942397120e+00,9.950150908753e-01
6.848342417121e+00,9.950170827964e-01
6.848742437122e+00,9.950190746049e-01
6.849142457123e+00,9.950210662967e-01
6.849542477124e+00,9.950230578677e-01
6.849942497125e+00,9.950250493135e-01
6.850342517126e+00,9.950270406297e-01
6.850742537127e+00,9.950290318117e-01
6.851142557128e+00,9.950310228550e-01
6.851542577129e+00,9.950330137548e-01
6.851942597130e+00,9.950350045063e-01
6.852342617131e+00,9.950369951045e-01
6.852742637132e+00,9.950389855445e-01
6.853142657133e+00,9.950409758210e-01
6.853542677134e+00,9.950429659289e-01
6.853942697135e+00,9.950449558629e-01
6.854342717136e+00,9.950469456176e-01
6.854742737137e+00,9.950489351874e-01
6.855142757138e+00,9.950509245668e-01
6.855542777139e+00,9.950529137500e-01
6.855942797140e+00,9.950549027313e-01
6.856342817141e+00,9.950568915048e-01
6.856742837142e+00,9.950588800646e-01
6.857142857143e+00,9.950608684046e-01
6.857542877144e+00,9.950628565187e-01
6.857942897145e+00,9.950648444007e-01
6.858342917146e+00,9.950668320442e-01
6.858742937147e+00,9.950688194430e-01
6.859142957148e+00,9.950708065904e-01
6.859542977149e+00,9.950727934800e-01
6.859942997150e+00,9.950747801051e-01
6.860343017151e+00,9.950767664590e-01
6.860743037152e+00,9.950787525350e-01
6.861143057153e+00,9.950807383262e-01
6.861543077154e+00,9.950827238256e-01
6.861943097155e+00,9.950847090262e-01
6.862343117156e+00,9.950866939211e-01
6.862743137157e+00,9.950886785029e-01
6.863143157158e+00,9.950906627644e-01
6.863543177159e+00,9.950926466985e-01
6.863943197160e+00,9.950946302977e-01
6.864343217161e+00,9.950966135546e-01
6.864743237162e+00,9.950985964618e-01
6.865143257163e+00,9.951005790116e-01
6.865543277164e+00,9.951025611964e-01
6.865943297165e+00,9.951045430086e-01
6.866343317166e+00,9.951065244403e-01
6.866743337167e+00,9.951085054839e-01
6.867143357168e+00,9.951104861314e-01
6.867543377169e+00,9.951124663750e-01
6.867943397170e+00,9.951144462066e-01
6.868343417171e+00,9.951164256182e-01
6.868743437172e+00,9.951184046018e-01
6.869143457173e+00,9.951203831492e-01
6.869543477174e+00,9.951223612523e-01
6.869943497175e+00,9.951243389028e-01
6.870343517176e+00,9.951263160925e-01
6.870743537177e+00,9.951282928130e-01
6.871143557178e+00,9.951302690560e-01
6.871543577179e+00,9.951322448131e-01
6.871943597180e+00,9.951342200759e-01
6.872343617181e+00,9.951361948358e-01
6.872743637182e+00,9.951381690844e-01
6.873143657183e+00,9.951401428131e-01
6.873543677184e+00,9.951421160132e-01
6.873943697185e+00,9.951440886762e-01
6.874343717186e+00,9.951460607935e-01
6.874743737187e+00,9.951480323563e-01
6.875143757188e+00,9.951500033558e-01
6.875543777189e+00,9.951519737835e-01
6.875943797190e+00,9.951539436304e-01
6.876343817191e+00,9.951559128879e-01
6.876743837192e+00,9.951578815470e-01
6.877143857193e+00,9.951598495989e-01
6.877543877194e+00,9.951618170348e-01
6.877943897195e+00,9.951637838458e-01
6.878343917196e+00,9.951657500230e-01
6.878743937197e+00,9.951677155574e-01
6.879143957198e+00,9.951696804402e-01
6.879543977199e+00,9.951716446624e-01
6.879943997200e+00,9.951736082151e-01
6.880344017201e+00,9.951755710892e-01
6.880744037202e+00,9.951775332759e-01
6.881144057203e+00,9.951794947660e-01
6.881544077204e+00,9.951814555508e-01
6.881944097205e+00,9.951834156211e-01
6.882344117206e+00,9.951853749679e-01
6.882744137207e+00,9.951873335824e-01
6.883144157208e+00,9.951892914555e-01
6.883544177209e+00,9.951912485781e-01
6.883944197210e+00,9.951932049414e-01
6.884344217211e+00,9.951951605363e-01
6.884744237212e+00,9.951971153539e-01
6.885144257213e+00,9.951990693853e-01
6.885544277214e+00,9.952010226213e-01
6.885944297215e+00,9.952029750532e-01
6.886344317216e+00,9.952049266719e-01
6.886744337217e+00,9.952068774687e-01
6.887144357218e+00,9.952088274344e-01
6.887544377219e+00,9.952107765604e-01
6.887944397220e+00,9.952127248376e-01
6.888344417221e+00,9.952146722573e-01
6.888744437222e+00,9.952166188107e-01
6.889144457223e+00,9.952185644889e-01
6.889544477224e+00,9.952205092831e-01
6.889944497225e+00,9.952224531847e-01
6.890344517226e+00,9.952243961848e-01
6.890744537227e+00,9.952263382748e-01
6.891144557228e+00,9.952282794460e-01
6.891544577229e+00,9.952302196898e-01
6.891944597230e+00,9.952321589977e-01
6.892344617231e+00,9.952340973609e-01
6.892744637232e+00,9.952360347711e-01
6.893144657233e+00,9.952379712196e-01
6.893544677234e+00,9.952399066981e-01
6.893944697235e+00,9.952418411982e-01
6.894344717236e+00,9.952437747115e-01
6.894744737237e+00,9.952457072296e-01
6.895144757238e+00,9.952476387443e-01
6.895544777239e+00,9.952495692473e-01
6.895944797240e+00,9.952514987305e-01
6.896344817241e+00,9.952534271858e-01
6.896744837242e+00,9.952553546049e-01
6.897144857243e+00,9.952572809800e-01
6.897544877244e+00,9.952592063029e-01
6.897944897245e+00,9.952611305659e-01
6.898344917246e+00,9.952630537609e-01
6.898744937247e+00,9.952649758802e-01
6.899144957248e+00,9.952668969160e-01
6.899544977249e+00,9.952688168607e-01
6.899944997250e+00,9.952707357065e-01
6.900345017251e+00,9.952726534459e-01
6.900745037252e+00,9.952745700714e-01
6.901145057253e+00,9.952764855756e-01
6.901545077254e+00,9.952783999509e-01
6.901945097255e+00,9.952803131902e-01
6.902345117256e+00,9.952822252861e-01
6.902745137257e+00,9.952841362315e-01
6.903145157258e+00,9.952860460193e-01
6.903545177259e+00,9.952879546423e-01
6.903945197260e+00,9.952898620938e-01
6.904345217261e+00,9.952917683667e-01
6.904745237262e+00,9.952936734542e-01
6.905145257263e+00,9.952955773497e-01
6.905545277264e+00,9.952974800463e-01
6.905945297265e+00,9.952993815377e-01
6.906345317266e+00,9.953012818171e-01
6.906745337267e+00,9.953031808783e-01
6.907145357268e+00,9.953050787149e-01
6.907545377269e+00,9.953069753206e-01
6.907945397270e+00,9.953088706893e-01
6.908345417271e+00,9.953107648148e-01
6.908745437272e+00,9.953126576911e-01
6.909145457273e+00,9.953145493124e-01
6.909545477274e+00,9.953164396728e-01
6.909945497275e+00,9.953183287666e-01
6.910345517276e+00,9.953202165881e-01
6.910745537277e+00,9.953221031317e-01
6.911145557278e+00,9.953239883921e-01
6.911545577279e+00,9.953258723637e-01
6.911945597280e+00,9.953277550414e-01
6.912345617281e+00,9.953296364199e-01
6.912745637282e+00,9.953315164941e-01
6.913145657283e+00,9.953333952591e-01
6.913545677284e+00,9.953352727099e-01
6.913945697285e+00,9.953371488417e-01
6.914345717286e+00,9.953390236498e-01
6.914745737287e+00,9.953408971296e-01
6.915145757288e+00,9.953427692765e-01
6.915545777289e+00,9.953446400861e-01
6.915945797290e+00,9.953465095542e-01
6.916345817291e+00,9.953483776766e-01
6.916745837292e+00,9.953502444491e-01
6.917145857293e+00,9.953521098677e-01
6.917545877294e+00,9.953539739287e-01
6.917945897295e+00,9.953558366281e-01
6.918345917296e+00,9.953576979623e-01
6.918745937297e+00,9.953595579277e-01
6.919145957298e+00,9.953614165209e-01
6.919545977299e+00,9.953632737385e-01
6.919945997300e+00,9.953651295773e-01
6.920346017301e+00,9.953669840340e-01
6.920746037302e+00,9.953688371057e-01
6.921146057303e+00,9.953706887895e-01
6.921546077304e+00,9.953725390825e-01
6.921946097305e+00,9.953743879820e-01
6.922346117306e+00,9.953762354854e-01
6.922746137307e+00,9.953780815902e-01
6.923146157308e+00,9.953799262942e-01
6.923546177309e+00,9.953817695949e-01
6.923946197310e+00,9.953836114903e-01
6.924346217311e+00,9.953854519783e-01
6.924746237312e+00,9.953872910570e-01
6.925146257313e+00,9.953891287245e-01
6.925546277314e+00,9.953909649793e-01
6.925946297315e+00,9.953927998197e-01
6.926346317316e+00,9.953946332442e-01
6.926746337317e+00,9.953964652515e-01
6.927146357318e+00,9.953982958404e-01
6.927546377319e+00,9.954001250097e-01
6.927946397320e+00,9.954019527584e-01
6.928346417321e+00,9.954037790856e-01
6.928746437322e+00,9.954056039906e-01
6.929146457323e+00,9.954074274727e-01
6.929546477324e+00,9.954092495314e-01
6.929946497325e+00,9.954110701662e-01
6.930346517326e+00,9.954128893768e-01
6.930746537327e+00,9.954147071630e-01
6.931146557328e+00,9.954165235248e-01
6.931546577329e+00,9.954183384622e-01
6.931946597330e+00,9.954201519753e-01
6.932346617331e+00,9.954219640645e-01
6.932746637332e+00,9.954237747301e-01
6.933146657333e+00,9.954255839726e-01
6.933546677334e+00,9.954273917927e-01
6.933946697335e+00,9.954291981910e-01
6.934346717336e+00,9.954310031685e-01
6.934746737337e+00,9.954328067262e-01
6.935146757338e+00,9.954346088650e-01
6.935546777339e+00,9.954364095863e-01
6.935946797340e+00,9.954382088912e-01
6.936346817341e+00,9.954400067814e-01
6.936746837342e+00,9.954418032582e-01
6.937146857343e+00,9.954435983234e-01
6.937546877344e+00,9.954453919787e-01
6.937946897345e+00,9.954471842260e-01
6.938346917346e+00,9.954489750673e-01
6.938746937347e+00,9.954507645047e-01
6.939146957348e+00,9.954525525403e-01
6.939546977349e+00,9.954543391766e-01
6.939946997350e+00,9.954561244160e-01
6.940347017351e+00,9.954579082611e-01
6.940747037352e+00,9.954596907145e-01
6.941147057353e+00,9.954614717792e-01
6.941547077354e+00,9.954632514578e-01
6.941947097355e+00,9.954650297535e-01
6.942347117356e+00,9.954668066694e-01
6.942747137357e+00,9.954685822088e-01
6.943147157358e+00,9.954703563748e-01
6.943547177359e+00,9.954721291711e-01
6.943947197360e+00,9.954739006011e-01
6.944347217361e+00,9.954756706686e-01
6.944747237362e+00,9.954774393772e-01
6.945147257363e+00,9.954792067309e-01
6.945547277364e+00,9.954809727337e-01
6.945947297365e+00,9.954827373895e-01
6.946347317366e+00,9.954845007027e-01
6.946747337367e+00,9.954862626776e-01
6.947147357368e+00,9.954880233184e-01
6.947547377369e+00,9.954897826297e-01
6.947947397370e+00,9.954915406161e-01
6.948347417371e+00,9.954932972823e-01
6.948747437372e+00,9.954950526332e-01
6.949147457373e+00,9.954968066735e-01
6.949547477374e+00,9.954985594083e-01
6.949947497375e+00,9.955003108427e-01
6.950347517376e+00,9.955020609819e-01
6.950747537377e+00,9.955038098311e-01
6.951147557378e+00,9.955055573958e-01
6.951547577379e+00,9.955073036814e-01
6.951947597380e+00,9.955090486935e-01
6.952347617381e+00,9.955107924378e-01
6.952747637382e+00,9.955125349199e-01
6.953147657383e+00,9.955142761459e-01
6.953547677384e+00,9.955160161215e-01
6.953947697385e+00,9.955177548528e-01
6.954347717386e+00,9.955194923460e-01
6.954747737387e+00,9.955212286072e-01
6.955147757388e+00,9.955229636427e-01
6.955547777389e+00,9.955246974590e-01
6.955947797390e+00,9.955264300624e-01
6.956347817391e+00,9.955281614594e-01
6.956747837392e+00,9.955298916568e-01
6.957147857393e+00,9.955316206613e-01
6.957547877394e+00,9.955333484795e-01
6.957947897395e+00,9.955350751184e-01
6.958347917396e+00,9.955368005849e-01
6.958747937397e+00,9.955385248860e-01
6.959147957398e+00,9.955402480289e-01
6.959547977399e+00,9.955419700206e-01
6.959947997400e+00,9.955436908684e-01
6.960348017401e+00,9.955454105796e-01
6.960748037402e+00,9.955471291617e-01
6.961148057403e+00,9.955488466220e-01
6.961548077404e+00,9.955505629680e-01
6.961948097405e+00,9.955522782073e-01
6.962348117406e+00,9.955539923476e-01
6.962748137407e+00,9.955557053966e-01
6.963148157408e+00,9.955574173619e-01
6.963548177409e+00,9.955591282516e-01
6.963948197410e+00,9.955608380735e-01
6.964348217411e+00,9.955625468356e-01
6.964748237412e+00,9.955642545458e-01
6.965148257413e+00,9.955659612124e-01
6.965548277414e+00,9.955676668433e-01
6.965948297415e+00,9.955693714468e-01
6.966348317416e+00,9.955710750312e-01
6.966748337417e+00,9.955727776047e-01
6.967148357418e+00,9.955744791756e-01
6.967548377419e+00,9.955761797524e-01
6.967948397420e+00,9.955778793436e-01
6.968348417421e+00,9.955795779575e-01
6.968748437422e+00,9.955812756028e-01
6.969148457423e+00,9.955829722880e-01
6.969548477424e+00,9.955846680218e-01
6.969948497425e+00,9.955863628128e-01
6.970348517426e+00,9.955880566697e-01
6.970748537427e+00,9.955897496012e-01
6.971148557428e+00,9.955914416162e-01
6.971548577429e+00,9.955931327234e-01
6.971948597430e+00,9.955948229317e-01
6.972348617431e+00,9.955965122500e-01
6.972748637432e+00,9.955982006872e-01
6.973148657433e+00,9.955998882522e-01
6.973548677434e+00,9.956015749541e-01
6.973948697435e+00,9.956032608017e-01
6.974348717436e+00,9.956049458042e-01
6.974748737437e+00,9.956066299705e-01
6.975148757438e+00,9.956083133098e-01
6.975548777439e+00,9.956099958312e-01
6.975948797440e+00,9.956116775437e-01
6.976348817441e+00,9.956133584566e-01
6.976748837442e+00,9.956150385788e-01
6.977148857443e+00,9.956167179197e-01
6.977548877444e+00,9.956183964884e-01
6.977948897445e+00,9.956200742941e-01
6.978348917446e+00,9.956217513460e-01
6.978748937447e+00,9.956234276534e-01
6.979148957448e+00,9.956251032254e-01
6.979548977449e+00,9.956267780713e-01
6.979948997450e+00,9.956284522003e-01
6.980349017451e+00,9.956301256217e-01
6.980749037452e+00,9.956317983447e-01
6.981149057453e+00,9.956334703786e-01
6.981549077454e+00,9.956351417326e-01
6.981949097455e+00,9.956368124160e-01
6.982349117456e+00,9.956384824381e-01
6.982749137457e+00,9.956401518080e-01
6.983149157458e+00,9.956418205350e-01
6.983549177459e+00,9.956434886283e-01
6.983949197460e+00,9.956451560972e-01
6.984349217461e+00,9.956468229509e-01
6.984749237462e+00,9.956484891985e-01
6.985149257463e+00,9.956501548493e-01
6.985549277464e+00,9.956518199123e-01
6.985949297465e+00,9.956534843969e-01
6.986349317466e+00,9.956551483120e-01
6.986749337467e+00,9.956568116668e-01
6.987149357468e+00,9.956584744704e-01
6.987549377469e+00,9.956601367319e-01
6.987949397470e+00,9.956617984602e-01
6.988349417471e+00,9.956634596644e-01
6.988749437472e+00,9.956651203535e-01
6.989149457473e+00,9.956667805364e-01
6.989549477474e+00,9.956684402222e-01
6.989949497475e+00,9.956700994197e-01
6.990349517476e+00,9.956717581378e-01
6.990749537477e+00,9.956734163854e-01
6.991149557478e+00,9.956750741713e-01
6.991549577479e+00,9.956767315043e-01
6.991949597480e+00,9.956783883930e-01
6.992349617481e+00,9.956800448462e-01
6.992749637482e+00,9.956817008726e-01
6.993149657483e+00,9.956833564808e-01
6.993549677484e+00,9.956850116794e-01
6.993949697485e+00,9.956866664768e-01
6.994349717486e+00,9.956883208816e-01
6.994749737487e+00,9.956899749022e-01
6.995149757488e+00,9.956916285471e-01
6.995549777489e+00,9.956932818245e-01
6.995949797490e+00,9.956949347427e-01
6.996349817491e+00,9.956965873101e-01
6.996749837492e+00,9.956982395347e-01
6.997149857493e+00,9.956998914248e-01
6.997549877494e+00,9.957015429883e-01
6.997949897495e+00,9.957031942334e-01
6.998349917496e+00,9.957048451679e-01
6.998749937497e+00,9.957064957998e-01
6.999149957498e+00,9.957081461370e-01
6.999549977499e+00,9.957097961871e-01
6.999949997500e+00,9.957114459580e-01
7.000350017501e+00,9.957130954573e-01
7.000750037502e+00,9.957147446925e-01
7.001150057503e+00,9.957163936713e-01
7.001550077504e+00,9.957180424009e-01
7.001950097505e+00,9.957196908889e-01
7.002350117506e+00,9.957213391426e-01
7.002750137507e+00,9.957229871692e-01
7.003150157508e+00,9.957246349758e-01
7.003550177509e+00,9.957262825695e-01
7.003950197510e+00,9.957279299575e-01
7.004350217511e+00,9.957295771466e-01
7.004750237512e+00,9.957312241437e-01
7.005150257513e+00,9.957328709557e-01
7.005550277514e+00,9.957345175891e-01
7.005950297515e+00,9.957361640507e-01
7.006350317516e+00,9.957378103470e-01
7.006750337517e+00,9.957394564845e-01
7.007150357518e+00,9.957411024696e-01
7.007550377519e+00,9.957427483085e-01
7.007950397520e+00,9.957443940076e-01
7.008350417521e+00,9.957460395729e-01
7.008750437522e+00,9.957476850104e-01
7.009150457523e+00,9.957493303263e-01
7.009550477524e+00,9.957509755263e-01
7.009950497525e+00,9.957526206162e-01
7.010350517526e+00,9.957542656017e-01
7.010750537527e+00,9.957559104884e-01
7.011150557528e+00,9.957575552818e-01
7.011550577529e+00,9.957591999874e-01
7.011950597530e+00,9.957608446104e-01
7.012350617531e+00,9.957624891562e-01
7.012750637532e+00,9.957641336298e-01
7.013150657533e+00,9.957657780363e-01
7.013550677534e+00,9.957674223806e-01
7.013950697535e+00,9.957690666675e-01
7.014350717536e+00,9.957707109019e-01
7.014750737537e+00,9.957723550883e-01
7.015150757538e+00,9.957739992314e-01
7.015550777539e+00,9.957756433355e-01
7.015950797540e+00,9.957772874050e-01
7.016350817541e+00,9.957789314442e-01
7.016750837542e+00,9.957805754572e-01
7.017150857543e+00,9.957822194481e-01
7.017550877544e+00,9.957838634208e-01
7.017950897545e+00,9.957855073791e-01
7.018350917546e+00,9.957871513267e-01
7.018750937547e+00,9.957887952674e-01
7.019150957548e+00,9.957904392045e-01
7.019550977549e+00,9.957920831416e-01
7.019950997550e+00,9.957937270819e-01
7.020351017551e+00,9.957953710287e-01
7.020751037552e+00,9.957970149850e-01
7.021151057553e+00,9.957986589538e-01
7.021551077554e+00,9.958003029380e-01
7.021951097555e+00,9.958019469403e-01
7.022351117556e+00,9.958035909635e-01
7.022751137557e+00,9.958052350101e-01
7.023151157558e+00,9.958068790825e-01
7.023551177559e+00,9.958085231831e-01
7.023951197560e+00,9.958101673140e-01
7.024351217561e+00,9.958118114774e-01
7.024751237562e+00,9.958134556754e-01
7.025151257563e+00,9.958150999097e-01
7.025551277564e+00,9.958167441822e-01
7.025951297565e+00,9.958183884945e-01
7.026351317566e+00,9.958200328482e-01
7.026751337567e+00,9.958216772447e-01
7.027151357568e+00,9.958233216854e-01
7.027551377569e+00,9.958249661715e-01
7.027951397570e+00,9.958266107040e-01
7.028351417571e+00,9.958282552841e-01
7.028751437572e+00,9.958298999125e-01
7.029151457573e+00,9.958315445900e-01
7.029551477574e+00,9.958331893173e-01
7.029951497575e+00,9.958348340950e-01
7.030351517576e+00,9.958364789234e-01
7.030751537577e+00,9.958381238029e-01
7.031151557578e+00,9.958397687337e-01
7.031551577579e+00,9.958414137158e-01
7.031951597580e+00,9.958430587493e-01
7.032351617581e+00,9.958447038340e-01
7.032751637582e+00,9.958463489696e-01
7.033151657583e+00,9.958479941559e-01
7.033551677584e+00,9.958496393923e-01
7.033951697585e+00,9.958512846782e-01
7.034351717586e+00,9.958529300130e-01
7.034751737587e+00,9.958545753958e-01
7.035151757588e+00,9.958562208258e-01
7.035551777589e+00,9.958578663018e-01
7.035951797590e+00,9.958595118228e-01
7.036351817591e+00,9.958611573875e-01
7.036751837592e+00,9.958628029946e-01
7.037151857593e+00,9.958644486425e-01
7.037551877594e+00,9.958660943296e-01
7.037951897595e+00,9.958677400544e-01
7.038351917596e+00,9.958693858150e-01
7.038751937597e+00,9.958710316095e-01
7.039151957598e+00,9.958726774358e-01
7.039551977599e+00,9.958743232919e-01
7.039951997600e+00,9.958759691755e-01
7.040352017601e+00,9.958776150842e-01
7.040752037602e+00,9.958792610157e-01
7.041152057603e+00,9.958809069673e-01
7.041552077604e+00,9.958825529364e-01
7.041952097605e+00,9.958841989203e-01
7.042352117606e+00,9.958858449160e-01
7.042752137607e+00,9.958874909205e-01
7.043152157608e+00,9.958891369308e-01
7.043552177609e+00,9.958907829437e-01
7.043952197610e+00,9.958924289560e-01
7.044352217611e+00,9.958940749641e-01
7.044752237612e+00,9.958957209647e-01
7.045152257613e+00,9.958973669542e-01
7.045552277614e+00,9.958990129287e-01
7.045952297615e+00,9.959006588847e-01
7.046352317616e+00,9.959023048180e-01
7.046752337617e+00,9.959039507249e-01
7.047152357618e+00,9.959055966011e-01
7.047552377619e+00,9.959072424425e-01
7.047952397620e+00,9.959088882449e-01
7.048352417621e+00,9.959105340038e-01
7.048752437622e+00,9.959121797148e-01
7.049152457623e+00,9.959138253732e-01
7.049552477624e+00,9.959154709746e-01
7.049952497625e+00,9.959171165140e-01
7.050352517626e+00,9.959187619867e-01
7.050752537627e+00,9.959204073878e-01
7.051152557628e+00,9.959220527121e-01
7.051552577629e+00,9.959236979547e-01
7.051952597630e+00,9.959253431103e-01
7.052352617631e+00,9.959269881736e-01
7.052752637632e+00,9.959286331393e-01
7.053152657633e+00,9.959302780019e-01
7.053552677634e+00,9.959319227558e-01
7.053952697635e+00,9.959335673955e-01
7.054352717636e+00,9.959352119153e-01
7.054752737637e+00,9.959368563092e-01
7.055152757638e+00,9.959385005716e-01
7.055552777639e+00,9.959401446964e-01
7.055952797640e+00,9.959417886776e-01
7.056352817641e+00,9.959434325092e-01
7.056752837642e+00,9.959450761849e-01
7.057152857643e+00,9.959467196984e-01
7.057552877644e+00,9.959483630436e-01
7.057952897645e+00,9.959500062139e-01
7.058352917646e+00,9.959516492028e-01
7.058752937647e+00,9.959532920040e-01
7.059152957648e+00,9.959549346106e-01
7.059552977649e+00,9.959565770161e-01
7.059952997650e+00,9.959582192138e-01
7.060353017651e+00,9.959598611967e-01
7.060753037652e+00,9.959615029580e-01
7.061153057653e+00,9.959631444909e-01
7.061553077654e+00,9.959647857881e-01
7.061953097655e+00,9.959664268429e-01
7.062353117656e+00,9.959680676478e-01
7.062753137657e+00,9.959697081960e-01
7.063153157658e+00,9.959713484799e-01
7.063553177659e+00,9.959729884925e-01
7.063953197660e+00,9.959746282262e-01
7.064353217661e+00,9.959762676738e-01
7.064753237662e+00,9.959779068277e-01
7.065153257663e+00,9.959795456804e-01
7.065553277664e+00,9.959811842244e-01
7.065953297665e+00,9.959828224520e-01
7.066353317666e+00,9.959844603556e-01
7.066753337667e+00,9.959860979275e-01
7.067153357668e+00,9.959877351599e-01
7.067553377669e+00,9.959893720451e-01
7.067953397670e+00,9.959910085751e-01
7.068353417671e+00,9.959926447421e-01
7.068753437672e+00,9.959942805382e-01
7.069153457673e+00,9.959959159555e-01
7.069553477674e+00,9.959975509858e-01
7.069953497675e+00,9.959991856213e-01
7.070353517676e+00,9.960008198538e-01
7.070753537677e+00,9.960024536753e-01
7.071153557678e+00,9.960040870775e-01
7.071553577679e+00,9.960057200524e-01
7.071953597680e+00,9.960073525917e-01
7.072353617681e+00,9.960089846872e-01
7.072753637682e+00,9.960106163308e-01
7.073153657683e+00,9.960122475140e-01
7.073553677684e+00,9.960138782286e-01
7.073953697685e+00,9.960155084664e-01
7.074353717686e+00,9.960171382189e-01
7.074753737687e+00,9.960187674778e-01
7.075153757688e+00,9.960203962347e-01
7.075553777689e+00,9.960220244812e-01
7.075953797690e+00,9.960236522090e-01
7.076353817691e+00,9.960252794096e-01
7.076753837692e+00,9.960269060745e-01
7.077153857693e+00,9.960285321954e-01
7.077553877694e+00,9.960301577637e-01
7.077953897695e+00,9.960317827711e-01
7.078353917696e+00,9.960334072089e-01
7.078753937697e+00,9.960350310689e-01
7.079153957698e+00,9.960366543424e-01
7.079553977699e+00,9.960382770210e-01
7.079953997700e+00,9.960398990962e-01
7.080354017701e+00,9.960415205595e-01
7.080754037702e+00,9.960431414025e-01
7.081154057703e+00,9.960447616167e-01
7.081554077704e+00,9.960463811936e-01
7.081954097705e+00,9.960480001247e-01
7.082354117706e+00,9.960496184016e-01
7.082754137707e+00,9.960512360158e-01
7.083154157708e+00,9.960528529589e-01
7.083554177709e+00,9.960544692224e-01
7.083954197710e+00,9.960560847980e-01
7.084354217711e+00,9.960576996772e-01
7.084754237712e+00,9.960593138517e-01
7.085154257713e+00,9.960609273130e-01
7.085554277714e+00,9.960625400528e-01
7.085954297715e+00,9.960641520628e-01
7.086354317716e+00,9.960657633347e-01
7.086754337717e+00,9.960673738602e-01
7.087154357718e+00,9.960689836310e-01
7.087554377719e+00,9.960705926389e-01
7.087954397720e+00,9.960722008756e-01
7.088354417721e+00,9.960738083330e-01
7.088754437722e+00,9.960754150030e-01
7.089154457723e+00,9.960770208773e-01
7.089554477724e+00,9.960786259479e-01
7.089954497725e+00,9.960802302068e-01
7.090354517726e+00,9.960818336459e-01
7.090754537727e+00,9.960834362572e-01
7.091154557728e+00,9.960850380328e-01
7.091554577729e+00,9.960866389648e-01
7.091954597730e+00,9.960882390453e-01
7.092354617731e+00,9.960898382664e-01
7.092754637732e+00,9.960914366204e-01
7.093154657733e+00,9.960930340996e-01
7.093554677734e+00,9.960946306962e-01
7.093954697735e+00,9.960962264025e-01
7.094354717736e+00,9.960978212111e-01
7.094754737737e+00,9.960994151143e-01
7.095154757738e+00,9.961010081046e-01
7.095554777739e+00,9.961026001745e-01
7.095954797740e+00,9.961041913168e-01
7.096354817741e+00,9.961057815239e-01
7.096754837742e+00,9.961073707887e-01
7.097154857743e+00,9.961089591039e-01
7.097554877744e+00,9.961105464623e-01
7.097954897745e+00,9.961121328567e-01
7.098354917746e+00,9.961137182802e-01
7.098754937747e+00,9.961153027257e-01
7.099154957748e+00,9.961168861863e-01
7.099554977749e+00,9.961184686552e-01
7.099954997750e+00,9.961200501254e-01
7.100355017751e+00,9.961216305903e-01
7.100755037752e+00,9.961232100431e-01
7.101155057753e+00,9.961247884774e-01
7.101555077754e+00,9.961263658864e-01
7.101955097755e+00,9.961279422638e-01
7.102355117756e+00,9.961295176032e-01
7.102755137757e+00,9.961310918982e-01
7.103155157758e+00,9.961326651426e-01
7.103555177759e+00,9.961342373302e-01
7.103955197760e+00,9.961358084548e-01
7.104355217761e+00,9.961373785106e-01
7.104755237762e+00,9.961389474914e-01
7.105155257763e+00,9.961405153915e-01
7.105555277764e+00,9.961420822050e-01
7.105955297765e+00,9.961436479263e-01
7.106355317766e+00,9.961452125497e-01
7.106755337767e+00,9.961467760697e-01
7.107155357768e+00,9.961483384807e-01
7.107555377769e+00,9.961498997775e-01
7.107955397770e+00,9.961514599547e-01
7.108355417771e+00,9.961530190071e-01
7.108755437772e+00,9.961545769296e-01
7.109155457773e+00,9.961561337171e-01
7.109555477774e+00,9.961576893648e-01
7.109955497775e+00,9.961592438677e-01
7.110355517776e+00,9.961607972210e-01
7.110755537777e+00,9.961623494202e-01
7.111155557778e+00,9.961639004605e-01
7.111555577779e+00,9.961654503376e-01
7.111955597780e+00,9.961669990469e-01
7.112355617781e+00,9.961685465842e-01
7.112755637782e+00,9.961700929452e-01
7.113155657783e+00,9.961716381259e-01
7.113555677784e+00,9.961731821221e-01
7.113955697785e+00,9.961747249299e-01
7.114355717786e+00,9.961762665455e-01
7.114755737787e+00,9.961778069651e-01
7.115155757788e+00,9.961793461852e-01
7.115555777789e+00,9.961808842021e-01
7.115955797790e+00,9.961824210125e-01
7.116355817791e+00,9.961839566130e-01
7.116755837792e+00,9.961854910004e-01
7.117155857793e+00,9.961870241715e-01
7.117555877794e+00,9.961885561233e-01
7.117955897795e+00,9.961900868528e-01
7.118355917796e+00,9.961916163573e-01
7.118755937797e+00,9.961931446339e-01
7.119155957798e+00,9.961946716801e-01
7.119555977799e+00,9.961961974933e-01
7.119955997800e+00,9.961977220712e-01
7.120356017801e+00,9.961992454113e-01
7.120756037802e+00,9.962007675115e-01
7.121156057803e+00,9.962022883697e-01
7.121556077804e+00,9.962038079839e-01
7.121956097805e+00,9.962053263522e-01
7.122356117806e+00,9.962068434729e-01
7.122756137807e+00,9.962083593441e-01
7.123156157808e+00,9.962098739644e-01
7.123556177809e+00,9.962113873322e-01
7.123956197810e+00,9.962128994463e-01
7.124356217811e+00,9.962144103054e-01
7.124756237812e+00,9.962159199082e-01
7.125156257813e+00,9.962174282539e-01
7.125556277814e+00,9.962189353414e-01
7.125956297815e+00,9.962204411700e-01
7.126356317816e+00,9.962219457389e-01
7.126756337817e+00,9.962234490475e-01
7.127156357818e+00,9.962249510954e-01
7.127556377819e+00,9.962264518821e-01
7.127956397820e+00,9.962279514074e-01
7.128356417821e+00,9.962294496711e-01
7.128756437822e+00,9.962309466732e-01
7.129156457823e+00,9.962324424137e-01
7.129556477824e+00,9.962339368927e-01
7.129956497825e+00,9.962354301106e-01
7.130356517826e+00,9.962369220677e-01
7.130756537827e+00,9.962384127646e-01
7.131156557828e+00,9.962399022018e-01
7.131556577829e+00,9.962413903800e-01
7.131956597830e+00,9.962428773001e-01
7.132356617831e+00,9.962443629629e-01
7.132756637832e+00,9.962458473696e-01
7.133156657833e+00,9.962473305213e-01
7.133556677834e+00,9.962488124191e-01
7.133956697835e+00,9.962502930646e-01
7.134356717836e+00,9.962517724591e-01
7.134756737837e+00,9.962532506043e-01
7.135156757838e+00,9.962547275017e-01
7.135556777839e+00,9.962562031533e-01
7.135956797840e+00,9.962576775608e-01
7.136356817841e+00,9.962591507264e-01
7.136756837842e+00,9.962606226520e-01
7.137156857843e+00,9.962620933399e-01
7.137556877844e+00,9.962635627924e-01
7.137956897845e+00,9.962650310119e-01
7.138356917846e+00,9.962664980010e-01
7.138756937847e+00,9.962679637621e-01
7.139156957848e+00,9.962694282982e-01
7.139556977849e+00,9.962708916120e-01
7.139956997850e+00,9.962723537065e-01
7.140357017851e+00,9.962738145847e-01
7.140757037852e+00,9.962752742499e-01
7.141157057853e+00,9.962767327051e-01
7.141557077854e+00,9.962781899539e-01
7.141957097855e+00,9.962796459996e-01
7.142357117856e+00,9.962811008458e-01
7.142757137857e+00,9.962825544961e-01
7.143157157858e+00,9.962840069544e-01
7.143557177859e+00,9.962854582243e-01
7.143957197860e+00,9.962869083100e-01
7.144357217861e+00,9.962883572153e-01
7.144757237862e+00,9.962898049446e-01
7.145157257863e+00,9.962912515019e-01
7.145557277864e+00,9.962926968916e-01
7.145957297865e+00,9.962941411182e-01
7.146357317866e+00,9.962955841862e-01
7.146757337867e+00,9.962970261001e-01
7.147157357868e+00,9.962984668647e-01
7.147557377869e+00,9.962999064847e-01
7.147957397870e+00,9.963013449651e-01
7.148357417871e+00,9.963027823109e-01
7.148757437872e+00,9.963042185269e-01
7.149157457873e+00,9.963056536186e-01
7.149557477874e+00,9.963070875909e-01
7.149957497875e+00,9.963085204494e-01
7.150357517876e+00,9.963099521994e-01
7.150757537877e+00,9.963113828463e-01
7.151157557878e+00,9.963128123958e-01
7.151557577879e+00,9.963142408536e-01
7.151957597880e+00,9.963156682253e-01
7.152357617881e+00,9.963170945168e-01
7.152757637882e+00,9.963185197341e-01
7.153157657883e+00,9.963199438830e-01
7.153557677884e+00,9.963213669698e-01
7.153957697885e+00,9.963227890004e-01
7.154357717886e+00,9.963242099812e-01
7.154757737887e+00,9.963256299183e-01
7.155157757888e+00,9.963270488183e-01
7.155557777889e+00,9.963284666876e-01
7.155957797890e+00,9.963298835326e-01
7.156357817891e+00,9.963312993600e-01
7.156757837892e+00,9.963327141763e-01
7.157157857893e+00,9.963341279885e-01
7.157557877894e+00,9.963355408031e-01
7.157957897895e+00,9.963369526272e-01
7.158357917896e+00,9.963383634677e-01
7.158757937897e+00,9.963397733314e-01
7.159157957898e+00,9.963411822256e-01
7.159557977899e+00,9.963425901572e-01
7.159957997900e+00,9.963439971336e-01
7.160358017901e+00,9.963454031619e-01
7.160758037902e+00,9.963468082494e-01
7.161158057903e+00,9.963482124034e-01
7.161558077904e+00,9.963496156315e-01
7.161958097905e+00,9.963510179410e-01
7.162358117906e+00,9.963524193395e-01
7.162758137907e+00,9.963538198346e-01
7.163158157908e+00,9.963552194339e-01
7.163558177909e+00,9.963566181452e-01
7.163958197910e+00,9.963580159761e-01
7.164358217911e+00,9.963594129344e-01
7.164758237912e+00,9.963608090280e-01
7.165158257913e+00,9.963622042648e-01
7.165558277914e+00,9.963635986526e-01
7.165958297915e+00,9.963649921995e-01
7.166358317916e+00,9.963663849134e-01
7.166758337917e+00,9.963677768025e-01
7.167158357918e+00,9.963691678747e-01
7.167558377919e+00,9.963705581383e-01
7.167958397920e+00,9.963719476014e-01
7.168358417921e+00,9.963733362722e-01
7.168758437922e+00,9.963747241589e-01
7.169158457923e+00,9.963761112698e-01
7.169558477924e+00,9.963774976133e-01
7.169958497925e+00,9.963788831976e-01
7.170358517926e+00,9.963802680311e-01
7.170758537927e+00,9.963816521223e-01
7.171158557928e+00,9.963830354794e-01
7.171558577929e+00,9.963844181111e-01
7.171958597930e+00,9.963858000257e-01
7.172358617931e+00,9.963871812317e-01
7.172758637932e+00,9.963885617377e-01
7.173158657933e+00,9.963899415521e-01
7.173558677934e+00,9.963913206836e-01
7.173958697935e+00,9.963926991406e-01
7.174358717936e+00,9.963940769319e-01
7.174758737937e+00,9.963954540659e-01
7.175158757938e+00,9.963968305514e-01
7.175558777939e+00,9.963982063968e-01
7.175958797940e+00,9.963995816109e-01
7.176358817941e+00,9.964009562024e-01
7.176758837942e+00,9.964023301798e-01
7.177158857943e+00,9.964037035518e-01
7.177558877944e+00,9.964050763271e-01
7.177958897945e+00,9.964064485144e-01
7.178358917946e+00,9.964078201223e-01
7.178758937947e+00,9.964091911595e-01
7.179158957948e+00,9.964105616348e-01
7.179558977949e+00,9.964119315567e-01
7.179958997950e+00,9.964133009339e-01
7.180359017951e+00,9.964146697751e-01
7.180759037952e+00,9.964160380891e-01
7.181159057953e+00,9.964174058843e-01
7.181559077954e+00,9.964187731695e-01
7.181959097955e+00,9.964201399533e-01
7.182359117956e+00,9.964215062444e-01
7.182759137957e+00,9.964228720513e-01
7.183159157958e+00,9.964242373827e-01
7.183559177959e+00,9.964256022471e-01
7.183959197960e+00,9.964269666531e-01
7.184359217961e+00,9.964283306092e-01
7.184759237962e+00,9.964296941241e-01
7.185159257963e+00,9.964310572061e-01
7.185559277964e+00,9.964324198637e-01
7.185959297965e+00,9.964337821055e-01
7.186359317966e+00,9.964351439399e-01
7.186759337967e+00,9.964365053751e-01
7.187159357968e+00,9.964378664198e-01
7.187559377969e+00,9.964392270820e-01
7.187959397970e+00,9.964405873703e-01
7.188359417971e+00,9.964419472929e-01
7.188759437972e+00,9.964433068581e-01
7.189159457973e+00,9.964446660741e-01
7.189559477974e+00,9.964460249491e-01
7.189959497975e+00,9.964473834913e-01
7.190359517976e+00,9.964487417088e-01
7.190759537977e+00,9.964500996096e-01
7.191159557978e+00,9.964514572019e-01
7.191559577979e+00,9.964528144936e-01
7.191959597980e+00,9.964541714927e-01
7.192359617981e+00,9.964555282071e-01
7.192759637982e+00,9.964568846447e-01
7.193159657983e+00,9.964582408133e-01
7.193559677984e+00,9.964595967206e-01
7.193959697985e+00,9.964609523744e-01
7.194359717986e+00,9.964623077824e-01
7.194759737987e+00,9.964636629522e-01
7.195159757988e+00,9.964650178913e-01
7.195559777989e+00,9.964663726074e-01
7.195959797990e+00,9.964677271078e-01
7.196359817991e+00,9.964690814000e-01
7.196759837992e+00,9.964704354913e-01
7.197159857993e+00,9.964717893891e-01
7.197559877994e+00,9.964731431005e-01
7.197959897995e+00,9.964744966327e-01
7.198359917996e+00,9.964758499929e-01
7.198759937997e+00,9.964772031881e-01
7.199159957998e+00,9.964785562253e-01
7.199559977999e+00,9.964799091114e-01
7.199959998000e+00,9.964812618533e-01
7.200360018001e+00,9.964826144577e-01
7.200760038002e+00,9.964839669314e-01
7.201160058003e+00,9.964853192811e-01
7.201560078004e+00,9.964866715133e-01
7.201960098005e+00,9.964880236346e-01
7.202360118006e+00,9.964893756514e-01
7.202760138007e+00,9.964907275700e-01
7.203160158008e+00,9.964920793967e-01
7.203560178009e+00,9.964934311379e-01
7.203960198010e+00,9.964947827995e-01
7.204360218011e+00,9.964961343878e-01
7.204760238012e+00,9.964974859086e-01
7.205160258013e+00,9.964988373680e-01
7.205560278014e+00,9.965001887716e-01
7.205960298015e+00,9.965015401253e-01
7.206360318016e+00,9.965028914348e-01
7.206760338017e+00,9.965042427056e-01
7.207160358018e+00,9.965055939433e-01
7.207560378019e+00,9.965069451532e-01
7.207960398020e+00,9.965082963408e-01
7.208360418021e+00,9.965096475112e-01
7.208760438022e+00,9.965109986696e-01
7.209160458023e+00,9.965123498211e-01
7.209560478024e+00,9.965137009707e-01
7.209960498025e+00,9.965150521233e-01
7.210360518026e+00,9.965164032837e-01
7.210760538027e+00,9.965177544567e-01
7.211160558028e+00,9.965191056468e-01
7.211560578029e+00,9.965204568586e-01
7.211960598030e+00,9.965218080966e-01
7.212360618031e+00,9.965231593651e-01
7.212760638032e+00,9.965245106684e-01
7.213160658033e+00,9.965258620107e-01
7.213560678034e+00,9.965272133960e-01
7.213960698035e+00,9.965285648283e-01
7.214360718036e+00,9.965299163115e-01
7.214760738037e+00,9.965312678494e-01
7.215160758038e+00,9.965326194457e-01
7.215560778039e+00,9.965339711039e-01
7.215960798040e+00,9.965353228276e-01
7.216360818041e+00,9.965366746202e-01
7.216760838042e+00,9.965380264850e-01
7.217160858043e+00,9.965393784251e-01
7.217560878044e+00,9.965407304436e-01
7.217960898045e+00,9.965420825437e-01
7.218360918046e+00,9.965434347281e-01
7.218760938047e+00,9.965447869997e-01
7.219160958048e+00,9.965461393611e-01
7.219560978049e+00,9.965474918149e-01
7.219960998050e+00,9.965488443637e-01
7.220361018051e+00,9.965501970099e-01
7.220761038052e+00,9.965515497556e-01
7.221161058053e+00,9.965529026032e-01
7.221561078054e+00,9.965542555546e-01
7.221961098055e+00,9.965556086119e-01
7.222361118056e+00,9.965569617769e-01
7.222761138057e+00,9.965583150514e-01
7.223161158058e+00,9.965596684371e-01
7.223561178059e+00,9.965610219355e-01
7.223961198060e+00,9.965623755480e-01
7.224361218061e+00,9.965637292761e-01
7.224761238062e+00,9.965650831210e-01
7.225161258063e+00,9.965664370837e-01
7.225561278064e+00,9.965677911654e-01
7.225961298065e+00,9.965691453669e-01
7.226361318066e+00,9.965704996892e-01
7.226761338067e+00,9.965718541328e-01
7.227161358068e+00,9.965732086984e-01
7.227561378069e+00,9.965745633866e-01
7.227961398070e+00,9.965759181977e-01
7.228361418071e+00,9.965772731319e-01
7.228761438072e+00,9.965786281896e-01
7.229161458073e+00,9.965799833707e-01
7.229561478074e+00,9.965813386752e-01
7.229961498075e+00,9.965826941031e-01
7.230361518076e+00,9.965840496540e-01
7.230761538077e+00,9.965854053276e-01
7.231161558078e+00,9.965867611235e-01
7.231561578079e+00,9.965881170411e-01
7.231961598080e+00,9.965894730798e-01
7.232361618081e+00,9.965908292388e-01
7.232761638082e+00,9.965921855171e-01
7.233161658083e+00,9.965935419139e-01
7.233561678084e+00,9.965948984281e-01
7.233961698085e+00,9.965962550584e-01
7.234361718086e+00,9.965976118037e-01
7.234761738087e+00,9.965989686624e-01
7.235161758088e+00,9.966003256331e-01
7.235561778089e+00,9.966016827142e-01
7.235961798090e+00,9.966030399040e-01
7.236361818091e+00,9.966043972008e-01
7.236761838092e+00,9.966057546025e-01
7.237161858093e+00,9.966071121072e-01
7.237561878094e+00,9.966084697129e-01
7.237961898095e+00,9.966098274172e-01
7.238361918096e+00,9.966111852179e-01
7.238761938097e+00,9.966125431126e-01
7.239161958098e+00,9.966139010988e-01
7.239561978099e+00,9.966152591738e-01
7.239961998100e+00,9.966166173350e-01
7.240362018101e+00,9.966179755795e-01
7.240762038102e+00,9.966193339045e-01
7.241162058103e+00,9.966206923069e-01
7.241562078104e+00,9.966220507836e-01
7.241962098105e+00,9.966234093315e-01
7.242362118106e+00,9.966247679472e-01
7.242762138107e+00,9.966261266274e-01
7.243162158108e+00,9.966274853686e-01
7.243562178109e+00,9.966288441672e-01
7.243962198110e+00,9.966302030196e-01
7.244362218111e+00,9.966315619220e-01
7.244762238112e+00,9.966329208705e-01
7.245162258113e+00,9.966342798613e-01
7.245562278114e+00,9.966356388902e-01
7.245962298115e+00,9.966369979532e-01
7.246362318116e+00,9.966383570460e-01
7.246762338117e+00,9.966397161644e-01
7.247162358118e+00,9.966410753040e-01
7.247562378119e+00,9.966424344603e-01
7.247962398120e+00,9.966437936287e-01
7.248362418121e+00,9.966451528046e-01
7.248762438122e+00,9.966465119833e-01
7.249162458123e+00,9.966478711599e-01
7.249562478124e+00,9.966492303296e-01
7.249962498125e+00,9.966505894875e-01
7.250362518126e+00,9.966519486283e-01
7.250762538127e+00,9.966533077470e-01
7.251162558128e+00,9.966546668385e-01
7.251562578129e+00,9.966560258973e-01
7.251962598130e+00,9.966573849181e-01
7.252362618131e+00,9.966587438955e-01
7.252762638132e+00,9.966601028240e-01
7.253162658133e+00,9.966614616979e-01
7.253562678134e+00,9.966628205116e-01
7.253962698135e+00,9.966641792593e-01
7.254362718136e+00,9.966655379352e-01
7.254762738137e+00,9.966668965334e-01
7.255162758138e+00,9.966682550479e-01
7.255562778139e+00,9.966696134728e-01
7.255962798140e+00,9.966709718020e-01
7.256362818141e+00,9.966723300292e-01
7.256762838142e+00,9.966736881483e-01
7.257162858143e+00,9.966750461529e-01
7.257562878144e+00,9.966764040367e-01
7.257962898145e+00,9.966777617932e-01
7.258362918146e+00,9.966791194161e-01
7.258762938147e+00,9.966804768987e-01
7.259162958148e+00,9.966818342345e-01
7.259562978149e+00,9.966831914168e-01
7.259962998150e+00,9.966845484388e-01
7.260363018151e+00,9.966859052939e-01
7.260763038152e+00,9.966872619751e-01
7.261163058153e+00,9.966886184757e-01
7.261563078154e+00,9.966899747887e-01
7.261963098155e+00,9.966913309070e-01
7.262363118156e+00,9.966926868238e-01
7.262763138157e+00,9.966940425318e-01
7.263163158158e+00,9.966953980240e-01
7.263563178159e+00,9.966967532932e-01
7.263963198160e+00,9.966981083321e-01
7.264363218161e+00,9.966994631335e-01
7.264763238162e+00,9.967008176901e-01
7.265163258163e+00,9.967021719945e-01
7.265563278164e+00,9.967035260394e-01
7.265963298165e+00,9.967048798172e-01
7.266363318166e+00,9.967062333206e-01
7.266763338167e+00,9.967075865420e-01
7.267163358168e+00,9.967089394740e-01
7.267563378169e+00,9.967102921088e-01
7.267963398170e+00,9.967116444390e-01
7.268363418171e+00,9.967129964568e-01
7.268763438172e+00,9.967143481546e-01
7.269163458173e+00,9.967156995247e-01
7.269563478174e+00,9.967170505594e-01
7.269963498175e+00,9.967184012509e-01
7.270363518176e+00,9.967197515914e-01
7.270763538177e+00,9.967211015732e-01
7.271163558178e+00,9.967224511884e-01
7.271563578179e+00,9.967238004291e-01
7.271963598180e+00,9.967251492875e-01
7.272363618181e+00,9.967264977557e-01
7.272763638182e+00,9.967278458258e-01
7.273163658183e+00,9.967291934899e-01
7.273563678184e+00,9.967305407401e-01
7.273963698185e+00,9.967318875683e-01
7.274363718186e+00,9.967332339666e-01
7.274763738187e+00,9.967345799271e-01
7.275163758188e+00,9.967359254418e-01
7.275563778189e+00,9.967372705026e-01
7.275963798190e+00,9.967386151016e-01
7.276363818191e+00,9.967399592308e-01
7.276763838192e+00,9.967413028822e-01
7.277163858193e+00,9.967426460477e-01
7.277563878194e+00,9.967439887194e-01
7.277963898195e+00,9.967453308892e-01
7.278363918196e+00,9.967466725491e-01
7.278763938197e+00,9.967480136911e-01
7.279163958198e+00,9.967493543073e-01
7.279563978199e+00,9.967506943895e-01
7.279963998200e+00,9.967520339298e-01
7.280364018201e+00,9.967533729203e-01
7.280764038202e+00,9.967547113529e-01
7.281164058203e+00,9.967560492196e-01
7.281564078204e+00,9.967573865126e-01
7.281964098205e+00,9.967587232238e-01
7.282364118206e+00,9.967600593454e-01
7.282764138207e+00,9.967613948693e-01
7.283164158208e+00,9.967627297878e-01
7.283564178209e+00,9.967640640930e-01
7.283964198210e+00,9.967653977769e-01
7.284364218211e+00,9.967667308318e-01
7.284764238212e+00,9.967680632497e-01
7.285164258213e+00,9.967693950230e-01
7.285564278214e+00,9.967707261439e-01
7.285964298215e+00,9.967720566045e-01
7.286364318216e+00,9.967733863972e-01
7.286764338217e+00,9.967747155143e-01
7.287164358218e+00,9.967760439481e-01
7.287564378219e+00,9.967773716911e-01
7.287964398220e+00,9.967786987355e-01
7.288364418221e+00,9.967800250738e-01
7.288764438222e+00,9.967813506985e-01
7.289164458223e+00,9.967826756022e-01
7.289564478224e+00,9.967839997773e-01
7.289964498225e+00,9.967853232164e-01
7.290364518226e+00,9.967866459121e-01
7.290764538227e+00,9.967879678572e-01
7.291164558228e+00,9.967892890443e-01
7.291564578229e+00,9.967906094661e-01
7.291964598230e+00,9.967919291154e-01
7.292364618231e+00,9.967932479851e-01
7.292764638232e+00,9.967945660681e-01
7.293164658233e+00,9.967958833573e-01
7.293564678234e+00,9.967971998456e-01
7.293964698235e+00,9.967985155262e-01
7.294364718236e+00,9.967998303920e-01
7.294764738237e+00,9.968011444362e-01
7.295164758238e+00,9.968024576519e-01
7.295564778239e+00,9.968037700326e-01
7.295964798240e+00,9.968050815713e-01
7.296364818241e+00,9.968063922615e-01
7.296764838242e+00,9.968077020966e-01
7.297164858243e+00,9.968090110700e-01
7.297564878244e+00,9.968103191753e-01
7.297964898245e+00,9.968116264061e-01
7.298364918246e+00,9.968129327560e-01
7.298764938247e+00,9.968142382187e-01
7.299164958248e+00,9.968155427879e-01
7.299564978249e+00,9.968168464577e-01
7.299964998250e+00,9.968181492218e-01
7.300365018251e+00,9.968194510742e-01
7.300765038252e+00,9.968207520090e-01
7.301165058253e+00,9.968220520202e-01
7.301565078254e+00,9.968233511022e-01
7.301965098255e+00,9.968246492490e-01
7.302365118256e+00,9.968259464552e-01
7.302765138257e+00,9.968272427149e-01
7.303165158258e+00,9.968285380228e-01
7.303565178259e+00,9.968298323734e-01
7.303965198260e+00,9.968311257612e-01
7.304365218261e+00,9.968324181811e-01
7.304765238262e+00,9.968337096278e-01
7.305165258263e+00,9.968350000961e-01
7.305565278264e+00,9.968362895810e-01
7.305965298265e+00,9.968375780774e-01
7.306365318266e+00,9.968388655806e-01
7.306765338267e+00,9.968401520857e-01
7.307165358268e+00,9.968414375879e-01
7.307565378269e+00,9.968427220826e-01
7.307965398270e+00,9.968440055652e-01
7.308365418271e+00,9.968452880313e-01
7.308765438272e+00,9.968465694764e-01
7.309165458273e+00,9.968478498962e-01
7.309565478274e+00,9.968491292865e-01
7.309965498275e+00,9.968504076432e-01
7.310365518276e+00,9.968516849621e-01
7.310765538277e+00,9.968529612394e-01
7.311165558278e+00,9.968542364711e-01
7.311565578279e+00,9.968555106535e-01
7.311965598280e+00,9.968567837828e-01
7.312365618281e+00,9.968580558554e-01
7.312765638282e+00,9.968593268678e-01
7.313165658283e+00,9.968605968166e-01
7.313565678284e+00,9.968618656984e-01
7.313965698285e+00,9.968631335101e-01
7.314365718286e+00,9.968644002485e-01
7.314765738287e+00,9.968656659105e-01
7.315165758288e+00,9.968669304932e-01
7.315565778289e+00,9.968681939938e-01
7.315965798290e+00,9.968694564095e-01
7.316365818291e+00,9.968707177376e-01
7.316765838292e+00,9.968719779756e-01
7.317165858293e+00,9.968732371209e-01
7.317565878294e+00,9.968744951713e-01
7.317965898295e+00,9.968757521245e-01
7.318365918296e+00,9.968770079782e-01
7.318765938297e+00,9.968782627305e-01
7.319165958298e+00,9.968795163793e-01
7.319565978299e+00,9.968807689227e-01
7.319965998300e+00,9.968820203591e-01
7.320366018301e+00,9.968832706866e-01
7.320766038302e+00,9.968845199038e-01
7.321166058303e+00,9.968857680092e-01
7.321566078304e+00,9.968870150013e-01
7.321966098305e+00,9.968882608789e-01
7.322366118306e+00,9.968895056409e-01
7.322766138307e+00,9.968907492862e-01
7.323166158308e+00,9.968919918137e-01
7.323566178309e+00,9.968932332227e-01
7.323966198310e+00,9.968944735123e-01
7.324366218311e+00,9.968957126819e-01
7.324766238312e+00,9.968969507309e-01
7.325166258313e+00,9.968981876589e-01
7.325566278314e+00,9.968994234656e-01
7.325966298315e+00,9.969006581506e-01
7.326366318316e+00,9.969018917138e-01
7.326766338317e+00,9.969031241551e-01
7.327166358318e+00,9.969043554747e-01
7.327566378319e+00,9.969055856726e-01
7.327966398320e+00,9.969068147492e-01
7.328366418321e+00,9.969080427048e-01
7.328766438322e+00,9.969092695398e-01
7.329166458323e+00,9.969104952549e-01
7.329566478324e+00,9.969117198507e-01
7.329966498325e+00,9.969129433279e-01
7.330366518326e+00,9.969141656875e-01
7.330766538327e+00,9.969153869304e-01
7.331166558328e+00,9.969166070577e-01
7.331566578329e+00,9.969178260706e-01
7.331966598330e+00,9.969190439704e-01
7.332366618331e+00,9.969202607585e-01
7.332766638332e+00,9.969214764363e-01
7.333166658333e+00,9.969226910055e-01
7.333566678334e+00,9.969239044676e-01
7.333966698335e+00,9.969251168246e-01
7.334366718336e+00,9.969263280783e-01
7.334766738337e+00,9.969275382306e-01
7.335166758338e+00,9.969287472837e-01
7.335566778339e+00,9.969299552398e-01
7.335966798340e+00,9.969311621010e-01
7.336366818341e+00,9.969323678699e-01
7.336766838342e+00,9.969335725487e-01
7.337166858343e+00,9.969347761402e-01
7.337566878344e+00,9.969359786470e-01
7.337966898345e+00,9.969371800717e-01
7.338366918346e+00,9.969383804174e-01
7.338766938347e+00,9.969395796869e-01
7.339166958348e+00,9.969407778834e-01
7.339566978349e+00,9.969419750101e-01
7.339966998350e+00,9.969431710700e-01
7.340367018351e+00,9.969443660666e-01
7.340767038352e+00,9.969455600034e-01
7.341167058353e+00,9.969467528838e-01
7.341567078354e+00,9.969479447115e-01
7.341967098355e+00,9.969491354901e-01
7.342367118356e+00,9.969503252235e-01
7.342767138357e+00,9.969515139156e-01
7.343167158358e+00,9.969527015703e-01
7.343567178359e+00,9.969538881917e-01
7.343967198360e+00,9.969550737840e-01
7.344367218361e+00,9.969562583515e-01
7.344767238362e+00,9.969574418984e-01
7.345167258363e+00,9.969586244291e-01
7.345567278364e+00,9.969598059483e-01
7.345967298365e+00,9.969609864604e-01
7.346367318366e+00,9.969621659702e-01
7.346767338367e+00,9.969633444824e-01
7.347167358368e+00,9.969645220018e-01
7.347567378369e+00,9.969656985334e-01
7.347967398370e+00,9.969668740822e-01
7.348367418371e+00,9.969680486533e-01
7.348767438372e+00,9.969692222517e-01
7.349167458373e+00,9.969703948829e-01
7.349567478374e+00,9.969715665520e-01
7.349967498375e+00,9.969727372646e-01
7.350367518376e+00,9.969739070260e-01
7.350767538377e+00,9.969750758418e-01
7.351167558378e+00,9.969762437177e-01
7.351567578379e+00,9.969774106594e-01
7.351967598380e+00,9.969785766725e-01
7.352367618381e+00,9.969797417631e-01
7.352767638382e+00,9.969809059369e-01
7.353167658383e+00,9.969820692000e-01
7.353567678384e+00,9.969832315585e-01
7.353967698385e+00,9.969843930184e-01
7.354367718386e+00,9.969855535860e-01
7.354767738387e+00,9.969867132675e-01
7.355167758388e+00,9.969878720692e-01
7.355567778389e+00,9.969890299976e-01
7.355967798390e+00,9.969901870590e-01
7.356367818391e+00,9.969913432601e-01
7.356767838392e+00,9.969924986073e-01
7.357167858393e+00,9.969936531073e-01
7.357567878394e+00,9.969948067668e-01
7.357967898395e+00,9.969959595926e-01
7.358367918396e+00,9.969971115914e-01
7.358767938397e+00,9.969982627701e-01
7.359167958398e+00,9.969994131356e-01
7.359567978399e+00,9.970005626949e-01
7.359967998400e+00,9.970017114550e-01
7.360368018401e+00,9.970028594230e-01
7.360768038402e+00,9.970040066060e-01
7.361168058403e+00,9.970051530111e-01
7.361568078404e+00,9.970062986457e-01
7.361968098405e+00,9.970074435170e-01
7.362368118406e+00,9.970085876322e-01
7.362768138407e+00,9.970097309989e-01
7.363168158408e+00,9.970108736242e-01
7.363568178409e+00,9.970120155158e-01
7.363968198410e+00,9.970131566811e-01
7.364368218411e+00,9.970142971275e-01
7.364768238412e+00,9.970154368628e-01
7.365168258413e+00,9.970165758945e-01
7.365568278414e+00,9.970177142301e-01
7.365968298415e+00,9.970188518775e-01
7.366368318416e+00,9.970199888443e-01
7.366768338417e+00,9.970211251383e-01
7.367168358418e+00,9.970222607671e-01
7.367568378419e+00,9.970233957387e-01
7.367968398420e+00,9.970245300609e-01
7.368368418421e+00,9.970256637415e-01
7.368768438422e+00,9.970267967883e-01
7.369168458423e+00,9.970279292094e-01
7.369568478424e+00,9.970290610127e-01
7.369968498425e+00,9.970301922060e-01
7.370368518426e+00,9.970313227974e-01
7.370768538427e+00,9.970324527949e-01
7.371168558428e+00,9.970335822065e-01
7.371568578429e+00,9.970347110402e-01
7.371968598430e+00,9.970358393041e-01
7.372368618431e+00,9.970369670062e-01
7.372768638432e+00,9.970380941546e-01
7.373168658433e+00,9.970392207575e-01
7.373568678434e+00,9.970403468229e-01
7.373968698435e+00,9.970414723589e-01
7.374368718436e+00,9.970425973737e-01
7.374768738437e+00,9.970437218754e-01
7.375168758438e+00,9.970448458721e-01
7.375568778439e+00,9.970459693719e-01
7.375968798440e+00,9.970470923831e-01
7.376368818441e+00,9.970482149137e-01
7.376768838442e+00,9.970493369720e-01
7.377168858443e+00,9.970504585660e-01
7.377568878444e+00,9.970515797039e-01
7.377968898445e+00,9.970527003939e-01
7.378368918446e+00,9.970538206441e-01
7.378768938447e+00,9.970549404626e-01
7.379168958448e+00,9.970560598576e-01
7.379568978449e+00,9.970571788372e-01
7.379968998450e+00,9.970582974096e-01
7.380369018451e+00,9.970594155827e-01
7.380769038452e+00,9.970605333647e-01
7.381169058453e+00,9.970616507637e-01
7.381569078454e+00,9.970627677878e-01
7.381969098455e+00,9.970638844450e-01
7.382369118456e+00,9.970650007433e-01
7.382769138457e+00,9.970661166907e-01
7.383169158458e+00,9.970672322953e-01
7.383569178459e+00,9.970683475650e-01
7.383969198460e+00,9.970694625077e-01
7.384369218461e+00,9.970705771315e-01
7.384769238462e+00,9.970716914441e-01
7.385169258463e+00,9.970728054534e-01
7.385569278464e+00,9.970739191673e-01
7.385969298465e+00,9.970750325937e-01
7.386369318466e+00,9.970761457402e-01
7.386769338467e+00,9.970772586146e-01
7.387169358468e+00,9.970783712248e-01
7.387569378469e+00,9.970794835784e-01
7.387969398470e+00,9.970805956831e-01
7.388369418471e+00,9.970817075464e-01
7.388769438472e+00,9.970828191761e-01
7.389169458473e+00,9.970839305797e-01
7.389569478474e+00,9.970850417646e-01
7.389969498475e+00,9.970861527383e-01
7.390369518476e+00,9.970872635084e-01
7.390769538477e+00,9.970883740821e-01
7.391169558478e+00,9.970894844669e-01
7.391569578479e+00,9.970905946700e-01
7.391969598480e+00,9.970917046987e-01
7.392369618481e+00,9.970928145602e-01
7.392769638482e+00,9.970939242617e-01
7.393169658483e+00,9.970950338103e-01
7.393569678484e+00,9.970961432130e-01
7.393969698485e+00,9.970972524770e-01
7.394369718486e+00,9.970983616090e-01
7.394769738487e+00,9.970994706161e-01
7.395169758488e+00,9.971005795052e-01
7.395569778489e+00,9.971016882829e-01
7.395969798490e+00,9.971027969560e-01
7.396369818491e+00,9.971039055313e-01
7.396769838492e+00,9.971050140154e-01
7.397169858493e+00,9.971061224148e-01
7.397569878494e+00,9.971072307360e-01
7.397969898495e+00,9.971083389855e-01
7.398369918496e+00,9.971094471696e-01
7.398769938497e+00,9.971105552947e-01
7.399169958498e+00,9.971116633671e-01
7.399569978499e+00,9.971127713929e-01
7.399969998500e+00,9.971138793782e-01
7.400370018501e+00,9.971149873291e-01
7.400770038502e+00,9.971160952516e-01
7.401170058503e+00,9.971172031516e-01
7.401570078504e+00,9.971183110349e-01
7.401970098505e+00,9.971194189073e-01
7.402370118506e+00,9.971205267746e-01
7.402770138507e+00,9.971216346423e-01
7.403170158508e+00,9.971227425159e-01
7.403570178509e+00,9.971238504011e-01
7.403970198510e+00,9.971249583032e-01
7.404370218511e+00,9.971260662275e-01
7.404770238512e+00,9.971271741792e-01
7.405170258513e+00,9.971282821636e-01
7.405570278514e+00,9.971293901858e-01
7.405970298515e+00,9.971304982507e-01
7.406370318516e+00,9.971316063632e-01
7.406770338517e+00,9.971327145284e-01
7.407170358518e+00,9.971338227508e-01
7.407570378519e+00,9.971349310352e-01
7.407970398520e+00,9.971360393863e-01
7.408370418521e+00,9.971371478085e-01
7.408770438522e+00,9.971382563063e-01
7.409170458523e+00,9.971393648840e-01
7.409570478524e+00,9.971404735459e-01
7.409970498525e+00,9.971415822962e-01
7.410370518526e+00,9.971426911390e-01
7.410770538527e+00,9.971438000783e-01
7.411170558528e+00,9.971449091180e-01
7.411570578529e+00,9.971460182619e-01
7.411970598530e+00,9.971471275138e-01
7.412370618531e+00,9.971482368774e-01
7.412770638532e+00,9.971493463561e-01
7.413170658533e+00,9.971504559535e-01
7.413570678534e+00,9.971515656730e-01
7.413970698535e+00,9.971526755178e-01
7.414370718536e+00,9.971537854911e-01
7.414770738537e+00,9.971548955960e-01
7.415170758538e+00,9.971560058356e-01
7.415570778539e+00,9.971571162127e-01
7.415970798540e+00,9.971582267302e-01
7.416370818541e+00,9.971593373907e-01
7.416770838542e+00,9.971604481970e-01
7.417170858543e+00,9.971615591515e-01
7.417570878544e+00,9.971626702568e-01
7.417970898545e+00,9.971637815150e-01
7.418370918546e+00,9.971648929285e-01
7.418770938547e+00,9.971660044994e-01
7.419170958548e+00,9.971671162299e-01
7.419570978549e+00,9.971682281217e-01
7.419970998550e+00,9.971693401768e-01
7.420371018551e+00,9.971704523970e-01
7.420771038552e+00,9.971715647839e-01
7.421171058553e+00,9.971726773390e-01
7.421571078554e+00,9.971737900639e-01
7.421971098555e+00,9.971749029599e-01
7.422371118556e+00,9.971760160282e-01
7.422771138557e+00,9.971771292701e-01
7.423171158558e+00,9.971782426866e-01
7.423571178559e+00,9.971793562786e-01
7.423971198560e+00,9.971804700471e-01
7.424371218561e+00,9.971815839929e-01
7.424771238562e+00,9.971826981165e-01
7.425171258563e+00,9.971838124185e-01
7.425571278564e+00,9.971849268996e-01
7.425971298565e+00,9.971860415599e-01
7.426371318566e+00,9.971871563998e-01
7.426771338567e+00,9.971882714194e-01
7.427171358568e+00,9.971893866189e-01
7.427571378569e+00,9.971905019982e-01
7.427971398570e+00,9.971916175571e-01
7.428371418571e+00,9.971927332955e-01
7.428771438572e+00,9.971938492131e-01
7.429171458573e+00,9.971949653093e-01
7.429571478574e+00,9.971960815837e-01
7.429971498575e+00,9.971971980356e-01
7.430371518576e+00,9.971983146644e-01
7.430771538577e+00,9.971994314692e-01
7.431171558578e+00,9.972005484490e-01
7.431571578579e+00,9.972016656030e-01
7.431971598580e+00,9.972027829299e-01
7.432371618581e+00,9.972039004285e-01
7.432771638582e+00,9.972050180976e-01
7.433171658583e+00,9.972061359356e-01
7.433571678584e+00,9.972072539412e-01
7.433971698585e+00,9.972083721127e-01
7.434371718586e+00,9.972094904484e-01
7.434771738587e+00,9.972106089466e-01
7.435171758588e+00,9.972117276053e-01
7.435571778589e+00,9.972128464225e-01
7.435971798590e+00,9.972139653962e-01
7.436371818591e+00,9.972150845242e-01
7.436771838592e+00,9.972162038042e-01
7.437171858593e+00,9.972173232340e-01
7.437571878594e+00,9.972184428110e-01
7.437971898595e+00,9.972195625326e-01
7.438371918596e+00,9.972206823963e-01
7.438771938597e+00,9.972218023993e-01
7.439171958598e+00,9.972229225387e-01
7.439571978599e+00,9.972240428117e-01
7.439971998600e+00,9.972251632153e-01
7.440372018601e+00,9.972262837463e-01
7.440772038602e+00,9.972274044015e-01
7.441172058603e+00,9.972285251778e-01
7.441572078604e+00,9.972296460716e-01
7.441972098605e+00,9.972307670796e-01
7.442372118606e+00,9.972318881983e-01
7.442772138607e+00,9.972330094239e-01
7.443172158608e+00,9.972341307528e-01
7.443572178609e+00,9.972352521812e-01
7.443972198610e+00,9.972363737053e-01
7.444372218611e+00,9.972374953209e-01
7.444772238612e+00,9.972386170242e-01
7.445172258613e+00,9.972397388109e-01
7.445572278614e+00,9.972408606769e-01
7.445972298615e+00,9.972419826179e-01
7.446372318616e+00,9.972431046294e-01
7.446772338617e+00,9.972442267071e-01
7.447172358618e+00,9.972453488463e-01
7.447572378619e+00,9.972464710426e-01
7.447972398620e+00,9.972475932911e-01
7.448372418621e+00,9.972487155872e-01
7.448772438622e+00,9.972498379260e-01
7.449172458623e+00,9.972509603025e-01
7.449572478624e+00,9.972520827118e-01
7.449972498625e+00,9.972532051489e-01
7.450372518626e+00,9.972543276085e-01
7.450772538627e+00,9.972554500856e-01
7.451172558628e+00,9.972565725747e-01
7.451572578629e+00,9.972576950706e-01
7.451972598630e+00,9.972588175679e-01
7.452372618631e+00,9.972599400609e-01
7.452772638632e+00,9.972610625443e-01
7.453172658633e+00,9.972621850124e-01
7.453572678634e+00,9.972633074595e-01
7.453972698635e+00,9.972644298799e-01
7.454372718636e+00,9.972655522677e-01
7.454772738637e+00,9.972666746171e-01
7.455172758638e+00,9.972677969221e-01
7.455572778639e+00,9.972689191768e-01
7.455972798640e+00,9.972700413750e-01
7.456372818641e+00,9.972711635108e-01
7.456772838642e+00,9.972722855778e-01
7.457172858643e+00,9.972734075700e-01
7.457572878644e+00,9.972745294810e-01
7.457972898645e+00,9.972756513044e-01
7.458372918646e+00,9.972767730340e-01
7.458772938647e+00,9.972778946632e-01
7.459172958648e+00,9.972790161856e-01
7.459572978649e+00,9.972801375946e-01
7.459972998650e+00,9.972812588837e-01
7.460373018651e+00,9.972823800462e-01
7.460773038652e+00,9.972835010754e-01
7.461173058653e+00,9.972846219646e-01
7.461573078654e+00,9.972857427071e-01
7.461973098655e+00,9.972868632960e-01
7.462373118656e+00,9.972879837245e-01
7.462773138657e+00,9.972891039856e-01
7.463173158658e+00,9.972902240725e-01
7.463573178659e+00,9.972913439781e-01
7.463973198660e+00,9.972924636954e-01
7.464373218661e+00,9.972935832174e-01
7.464773238662e+00,9.972947025371e-01
7.465173258663e+00,9.972958216472e-01
7.465573278664e+00,9.972969405407e-01
7.465973298665e+00,9.972980592103e-01
7.466373318666e+00,9.972991776489e-01
7.466773338667e+00,9.973002958492e-01
7.467173358668e+00,9.973014138039e-01
7.467573378669e+00,9.973025315057e-01
7.467973398670e+00,9.973036489473e-01
7.468373418671e+00,9.973047661214e-01
7.468773438672e+00,9.973058830206e-01
7.469173458673e+00,9.973069996375e-01
7.469573478674e+00,9.973081159647e-01
7.469973498675e+00,9.973092319948e-01
7.470373518676e+00,9.973103477202e-01
7.470773538677e+00,9.973114631336e-01
7.471173558678e+00,9.973125782275e-01
7.471573578679e+00,9.973136929943e-01
7.471973598680e+00,9.973148074266e-01
7.472373618681e+00,9.973159215167e-01
7.472773638682e+00,9.973170352573e-01
7.473173658683e+00,9.973181486407e-01
7.473573678684e+00,9.973192616594e-01
7.473973698685e+00,9.973203743058e-01
7.474373718686e+00,9.973214865724e-01
7.474773738687e+00,9.973225984516e-01
7.475173758688e+00,9.973237099358e-01
7.475573778689e+00,9.973248210175e-01
7.475973798690e+00,9.973259316890e-01
7.476373818691e+00,9.973270419428e-01
7.476773838692e+00,9.973281517713e-01
7.477173858693e+00,9.973292611670e-01
7.477573878694e+00,9.973303701222e-01
7.477973898695e+00,9.973314786295e-01
7.478373918696e+00,9.973325866812e-01
7.478773938697e+00,9.973336942698e-01
7.479173958698e+00,9.973348013878e-01
7.479573978699e+00,9.973359080277e-01
7.479973998700e+00,9.973370141818e-01
7.480374018701e+00,9.973381198428e-01
7.480774038702e+00,9.973392250031e-01
7.481174058703e+00,9.973403296552e-01
7.481574078704e+00,9.973414337918e-01
7.481974098705e+00,9.973425374053e-01
7.482374118706e+00,9.973436404882e-01
7.482774138707e+00,9.973447430334e-01
7.483174158708e+00,9.973458450332e-01
7.483574178709e+00,9.973469464804e-01
7.483974198710e+00,9.973480473677e-01
7.484374218711e+00,9.973491476877e-01
7.484774238712e+00,9.973502474331e-01
7.485174258713e+00,9.973513465967e-01
7.485574278714e+00,9.973524451712e-01
7.485974298715e+00,9.973535431495e-01
7.486374318716e+00,9.973546405243e-01
7.486774338717e+00,9.973557372886e-01
7.487174358718e+00,9.973568334352e-01
7.487574378719e+00,9.973579289571e-01
7.487974398720e+00,9.973590238472e-01
7.488374418721e+00,9.973601180986e-01
7.488774438722e+00,9.973612117041e-01
7.489174458723e+00,9.973623046571e-01
7.489574478724e+00,9.973633969504e-01
7.489974498725e+00,9.973644885774e-01
7.490374518726e+00,9.973655795312e-01
7.490774538727e+00,9.973666698051e-01
7.491174558728e+00,9.973677593923e-01
7.491574578729e+00,9.973688482862e-01
7.491974598730e+00,9.973699364802e-01
7.492374618731e+00,9.973710239676e-01
7.492774638732e+00,9.973721107421e-01
7.493174658733e+00,9.973731967970e-01
7.493574678734e+00,9.973742821260e-01
7.493974698735e+00,9.973753667227e-01
7.494374718736e+00,9.973764505807e-01
7.494774738737e+00,9.973775336939e-01
7.495174758738e+00,9.973786160560e-01
7.495574778739e+00,9.973796976608e-01
7.495974798740e+00,9.973807785023e-01
7.496374818741e+00,9.973818585744e-01
7.496774838742e+00,9.973829378711e-01
7.497174858743e+00,9.973840163866e-01
7.497574878744e+00,9.973850941149e-01
7.497974898745e+00,9.973861710502e-01
7.498374918746e+00,9.973872471868e-01
7.498774938747e+00,9.973883225191e-01
7.499174958748e+00,9.973893970414e-01
7.499574978749e+00,9.973904707482e-01
7.499974998750e+00,9.973915436340e-01
7.500375018751e+00,9.973926156935e-01
7.500775038752e+00,9.973936869212e-01
7.501175058753e+00,9.973947573118e-01
7.501575078754e+00,9.973958268603e-01
7.501975098755e+00,9.973968955614e-01
7.502375118756e+00,9.973979634102e-01
7.502775138757e+00,9.973990304016e-01
7.503175158758e+00,9.974000965307e-01
7.503575178759e+00,9.974011617926e-01
7.503975198760e+00,9.974022261827e-01
7.504375218761e+00,9.974032896962e-01
7.504775238762e+00,9.974043523285e-01
7.505175258763e+00,9.974054140751e-01
7.505575278764e+00,9.974064749316e-01
7.505975298765e+00,9.974075348935e-01
7.506375318766e+00,9.974085939565e-01
7.506775338767e+00,9.974096521165e-01
7.507175358768e+00,9.974107093693e-01
7.507575378769e+00,9.974117657108e-01
7.507975398770e+00,9.974128211372e-01
7.508375418771e+00,9.974138756444e-01
7.508775438772e+00,9.974149292286e-01
7.509175458773e+00,9.974159818863e-01
7.509575478774e+00,9.974170336136e-01
7.509975498775e+00,9.974180844070e-01
7.510375518776e+00,9.974191342631e-01
7.510775538777e+00,9.974201831785e-01
7.511175558778e+00,9.974212311498e-01
7.511575578779e+00,9.974222781739e-01
7.511975598780e+00,9.974233242475e-01
7.512375618781e+00,9.974243693677e-01
7.512775638782e+00,9.974254135315e-01
7.513175658783e+00,9.974264567362e-01
7.513575678784e+00,9.974274989788e-01
7.513975698785e+00,9.974285402568e-01
7.514375718786e+00,9.974295805676e-01
7.514775738787e+00,9.974306199086e-01
7.515175758788e+00,9.974316582774e-01
7.515575778789e+00,9.974326956718e-01
7.515975798790e+00,9.974337320895e-01
7.516375818791e+00,9.974347675285e-01
7.516775838792e+00,9.974358019865e-01
7.517175858793e+00,9.974368354618e-01
7.517575878794e+00,9.974378679525e-01
7.517975898795e+00,9.974388994568e-01
7.518375918796e+00,9.974399299730e-01
7.518775938797e+00,9.974409594996e-01
7.519175958798e+00,9.974419880351e-01
7.519575978799e+00,9.974430155781e-01
7.519975998800e+00,9.974440421274e-01
7.520376018801e+00,9.974450676818e-01
7.520776038802e+00,9.974460922401e-01
7.521176058803e+00,9.974471158014e-01
7.521576078804e+00,9.974481383648e-01
7.521976098805e+00,9.974491599294e-01
7.522376118806e+00,9.974501804946e-01
7.522776138807e+00,9.974512000597e-01
7.523176158808e+00,9.974522186243e-01
7.523576178809e+00,9.974532361879e-01
7.523976198810e+00,9.974542527501e-01
7.524376218811e+00,9.974552683108e-01
7.524776238812e+00,9.974562828699e-01
7.525176258813e+00,9.974572964272e-01
7.525576278814e+00,9.974583089829e-01
7.525976298815e+00,9.974593205371e-01
7.526376318816e+00,9.974603310900e-01
7.526776338817e+00,9.974613406421e-01
7.527176358818e+00,9.974623491938e-01
7.527576378819e+00,9.974633567456e-01
7.527976398820e+00,9.974643632982e-01
7.528376418821e+00,9.974653688523e-01
7.528776438822e+00,9.974663734087e-01
7.529176458823e+00,9.974673769684e-01
7.529576478824e+00,9.974683795324e-01
7.529976498825e+00,9.974693811019e-01
7.530376518826e+00,9.974703816780e-01
7.530776538827e+00,9.974713812620e-01
7.531176558828e+00,9.974723798554e-01
7.531576578829e+00,9.974733774597e-01
7.531976598830e+00,9.974743740764e-01
7.532376618831e+00,9.974753697073e-01
7.532776638832e+00,9.974763643541e-01
7.533176658833e+00,9.974773580187e-01
7.533576678834e+00,9.974783507031e-01
7.533976698835e+00,9.974793424093e-01
7.534376718836e+00,9.974803331395e-01
7.534776738837e+00,9.974813228959e-01
7.535176758838e+00,9.974823116809e-01
7.535576778839e+00,9.974832994970e-01
7.535976798840e+00,9.974842863466e-01
7.536376818841e+00,9.974852722324e-01
7.536776838842e+00,9.974862571571e-01
7.537176858843e+00,9.974872411234e-01
7.537576878844e+00,9.974882241343e-01
7.537976898845e+00,9.974892061927e-01
7.538376918846e+00,9.974901873018e-01
7.538776938847e+00,9.974911674646e-01
7.539176958848e+00,9.974921466844e-01
7.539576978849e+00,9.974931249646e-01
7.539976998850e+00,9.974941023085e-01
7.540377018851e+00,9.974950787196e-01
7.540777038852e+00,9.974960542016e-01
7.541177058853e+00,9.974970287581e-01
7.541577078854e+00,9.974980023929e-01
7.541977098855e+00,9.974989751097e-01
7.542377118856e+00,9.974999469126e-01
7.542777138857e+00,9.975009178055e-01
7.543177158858e+00,9.975018877926e-01
7.543577178859e+00,9.975028568779e-01
7.543977198860e+00,9.975038250658e-01
7.544377218861e+00,9.975047923605e-01
7.544777238862e+00,9.975057587665e-01
7.545177258863e+00,9.975067242883e-01
7.545577278864e+00,9.975076889304e-01
7.545977298865e+00,9.975086526974e-01
7.546377318866e+00,9.975096155942e-01
7.546777338867e+00,9.975105776255e-01
7.547177358868e+00,9.975115387961e-01
7.547577378869e+00,9.975124991110e-01
7.547977398870e+00,9.975134585752e-01
7.548377418871e+00,9.975144171938e-01
7.548777438872e+00,9.975153749721e-01
7.549177458873e+00,9.975163319151e-01
7.549577478874e+00,9.975172880282e-01
7.549977498875e+00,9.975182433168e-01
7.550377518876e+00,9.975191977864e-01
7.550777538877e+00,9.975201514424e-01
7.551177558878e+00,9.975211042904e-01
7.551577578879e+00,9.975220563361e-01
7.551977598880e+00,9.975230075851e-01
7.552377618881e+00,9.975239580433e-01
7.552777638882e+00,9.975249077164e-01
7.553177658883e+00,9.975258566104e-01
7.553577678884e+00,9.975268047312e-01
7.553977698885e+00,9.975277520849e-01
7.554377718886e+00,9.975286986775e-01
7.554777738887e+00,9.975296445151e-01
7.555177758888e+00,9.975305896039e-01
7.555577778889e+00,9.975315339501e-01
7.555977798890e+00,9.975324775602e-01
7.556377818891e+00,9.975334204403e-01
7.556777838892e+00,9.975343625970e-01
7.557177858893e+00,9.975353040367e-01
7.557577878894e+00,9.975362447659e-01
7.557977898895e+00,9.975371847912e-01
7.558377918896e+00,9.975381241192e-01
7.558777938897e+00,9.975390627566e-01
7.559177958898e+00,9.975400007100e-01
7.559577978899e+00,9.975409379863e-01
7.559977998900e+00,9.975418745922e-01
7.560378018901e+00,9.975428105345e-01
7.560778038902e+00,9.975437458202e-01
7.561178058903e+00,9.975446804562e-01
7.561578078904e+00,9.975456144495e-01
7.561978098905e+00,9.975465478070e-01
7.562378118906e+00,9.975474805358e-01
7.562778138907e+00,9.975484126431e-01
7.563178158908e+00,9.975493441359e-01
7.563578178909e+00,9.975502750213e-01
7.563978198910e+00,9.975512053067e-01
7.564378218911e+00,9.975521349991e-01
7.564778238912e+00,9.975530641059e-01
7.565178258913e+00,9.975539926343e-01
7.565578278914e+00,9.975549205917e-01
7.565978298915e+00,9.975558479853e-01
7.566378318916e+00,9.975567748227e-01
7.566778338917e+00,9.975577011110e-01
7.567178358918e+00,9.975586268579e-01
7.567578378919e+00,9.975595520706e-01
7.567978398920e+00,9.975604767568e-01
7.568378418921e+00,9.975614009238e-01
7.568778438922e+00,9.975623245792e-01
7.569178458923e+00,9.975632477305e-01
7.569578478924e+00,9.975641703853e-01
7.569978498925e+00,9.975650925510e-01
7.570378518926e+00,9.975660142354e-01
7.570778538927e+00,9.975669354459e-01
7.571178558928e+00,9.975678561902e-01
7.571578578929e+00,9.975687764759e-01
7.571978598930e+00,9.975696963106e-01
7.572378618931e+00,9.975706157020e-01
7.572778638932e+00,9.975715346577e-01
7.573178658933e+00,9.975724531853e-01
7.573578678934e+00,9.975733712926e-01
7.573978698935e+00,9.975742889871e-01
7.574378718936e+00,9.975752062766e-01
7.574778738937e+00,9.975761231686e-01
7.575178758938e+00,9.975770396710e-01
7.575578778939e+00,9.975779557913e-01
7.575978798940e+00,9.975788715372e-01
7.576378818941e+00,9.975797869163e-01
7.576778838942e+00,9.975807019365e-01
7.577178858943e+00,9.975816166052e-01
7.577578878944e+00,9.975825309301e-01
7.577978898945e+00,9.975834449190e-01
7.578378918946e+00,9.975843585793e-01
7.578778938947e+00,9.975852719188e-01
7.579178958948e+00,9.975861849450e-01
7.579578978949e+00,9.975870976656e-01
7.579978998950e+00,9.975880100881e-01
7.580379018951e+00,9.975889222201e-01
7.580779038952e+00,9.975898340691e-01
7.581179058953e+00,9.975907456427e-01
7.581579078954e+00,9.975916569483e-01
7.581979098955e+00,9.975925679935e-01
7.582379118956e+00,9.975934787858e-01
7.582779138957e+00,9.975943893324e-01
7.583179158958e+00,9.975952996410e-01
7.583579178959e+00,9.975962097190e-01
7.583979198960e+00,9.975971195737e-01
7.584379218961e+00,9.975980292125e-01
7.584779238962e+00,9.975989386427e-01
7.585179258963e+00,9.975998478717e-01
7.585579278964e+00,9.976007569066e-01
7.585979298965e+00,9.976016657547e-01
7.586379318966e+00,9.976025744233e-01
7.586779338967e+00,9.976034829195e-01
7.587179358968e+00,9.976043912505e-01
7.587579378969e+00,9.976052994233e-01
7.587979398970e+00,9.976062074451e-01
7.588379418971e+00,9.976071153228e-01
7.588779438972e+00,9.976080230634e-01
7.589179458973e+00,9.976089306740e-01
7.589579478974e+00,9.976098381613e-01
7.589979498975e+00,9.976107455323e-01
7.590379518976e+00,9.976116527939e-01
7.590779538977e+00,9.976125599527e-01
7.591179558978e+00,9.976134670155e-01
7.591579578979e+00,9.976143739891e-01
7.591979598980e+00,9.976152808800e-01
7.592379618981e+00,9.976161876949e-01
7.592779638982e+00,9.976170944402e-01
7.593179658983e+00,9.976180011226e-01
7.593579678984e+00,9.976189077483e-01
7.593979698985e+00,9.976198143239e-01
7.594379718986e+00,9.976207208557e-01
7.594779738987e+00,9.976216273499e-01
7.595179758988e+00,9.976225338128e-01
7.595579778989e+00,9.976234402505e-01
7.595979798990e+00,9.976243466692e-01
7.596379818991e+00,9.976252530749e-01
7.596779838992e+00,9.976261594736e-01
7.597179858993e+00,9.976270658713e-01
7.597579878994e+00,9.976279722738e-01
7.597979898995e+00,9.976288786870e-01
7.598379918996e+00,9.976297851165e-01
7.598779938997e+00,9.976306915681e-01
7.599179958998e+00,9.976315980475e-01
7.599579978999e+00,9.976325045601e-01
7.599979999000e+00,9.976334111115e-01
7.600380019001e+00,9.976343177070e-01
7.600780039002e+00,9.976352243521e-01
7.601180059003e+00,9.976361310520e-01
7.601580079004e+00,9.976370378120e-01
7.601980099005e+00,9.976379446371e-01
7.602380119006e+00,9.976388515326e-01
7.602780139007e+00,9.976397585033e-01
7.603180159008e+00,9.976406655542e-01
7.603580179009e+00,9.976415726902e-01
7.603980199010e+00,9.976424799161e-01
7.604380219011e+00,9.976433872365e-01
7.604780239012e+00,9.976442946562e-01
7.605180259013e+00,9.976452021796e-01
7.605580279014e+00,9.976461098112e-01
7.605980299015e+00,9.976470175555e-01
7.606380319016e+00,9.976479254168e-01
7.606780339017e+00,9.976488333993e-01
7.607180359018e+00,9.976497415072e-01
7.607580379019e+00,9.976506497446e-01
7.607980399020e+00,9.976515581155e-01
7.608380419021e+00,9.976524666238e-01
7.608780439022e+00,9.976533752733e-01
7.609180459023e+00,9.976542840679e-01
7.609580479024e+00,9.976551930112e-01
7.609980499025e+00,9.976561021068e-01
7.610380519026e+00,9.976570113582e-01
7.610780539027e+00,9.976579207689e-01
7.611180559028e+00,9.976588303421e-01
7.611580579029e+00,9.976597400811e-01
7.611980599030e+00,9.976606499892e-01
7.612380619031e+00,9.976615600693e-01
7.612780639032e+00,9.976624703245e-01
7.613180659033e+00,9.976633807576e-01
7.613580679034e+00,9.976642913716e-01
7.613980699035e+00,9.976652021691e-01
7.614380719036e+00,9.976661131528e-01
7.614780739037e+00,9.976670243251e-01
7.615180759038e+00,9.976679356887e-01
7.615580779039e+00,9.976688472458e-01
7.615980799040e+00,9.976697589988e-01
7.616380819041e+00,9.976706709498e-01
7.616780839042e+00,9.976715831010e-01
7.617180859043e+00,9.976724954542e-01
7.617580879044e+00,9.976734080116e-01
7.617980899045e+00,9.976743207748e-01
7.618380919046e+00,9.976752337457e-01
7.618780939047e+00,9.976761469259e-01
7.619180959048e+00,9.976770603168e-01
7.619580979049e+00,9.976779739201e-01
7.619980999050e+00,9.976788877370e-01
7.620381019051e+00,9.976798017689e-01
7.620781039052e+00,9.976807160169e-01
7.621181059053e+00,9.976816304820e-01
7.621581079054e+00,9.976825451654e-01
7.621981099055e+00,9.976834600678e-01
7.622381119056e+00,9.976843751901e-01
7.622781139057e+00,9.976852905331e-01
7.623181159058e+00,9.976862060973e-01
7.623581179059e+00,9.976871218832e-01
7.623981199060e+00,9.976880378913e-01
7.624381219061e+00,9.976889541220e-01
7.624781239062e+00,9.976898705754e-01
7.625181259063e+00,9.976907872517e-01
7.625581279064e+00,9.976917041510e-01
7.625981299065e+00,9.976926212733e-01
7.626381319066e+00,9.976935386183e-01
7.626781339067e+00,9.976944561859e-01
7.627181359068e+00,9.976953739758e-01
7.627581379069e+00,9.976962919875e-01
7.627981399070e+00,9.976972102205e-01
7.628381419071e+00,9.976981286743e-01
7.628781439072e+00,9.976990473481e-01
7.629181459073e+00,9.976999662411e-01
7.629581479074e+00,9.977008853525e-01
7.629981499075e+00,9.977018046814e-01
7.630381519076e+00,9.977027242265e-01
7.630781539077e+00,9.977036439868e-01
7.631181559078e+00,9.977045639611e-01
7.631581579079e+00,9.977054841479e-01
7.631981599080e+00,9.977064045460e-01
7.632381619081e+00,9.977073251536e-01
7.632781639082e+00,9.977082459693e-01
7.633181659083e+00,9.977091669914e-01
7.633581679084e+00,9.977100882179e-01
7.633981699085e+00,9.977110096472e-01
7.634381719086e+00,9.977119312772e-01
7.634781739087e+00,9.977128531058e-01
7.635181759088e+00,9.977137751309e-01
7.635581779089e+00,9.977146973502e-01
7.635981799090e+00,9.977156197615e-01
7.636381819091e+00,9.977165423622e-01
7.636781839092e+00,9.977174651500e-01
7.637181859093e+00,9.977183881221e-01
7.637581879094e+00,9.977193112759e-01
7.637981899095e+00,9.977202346088e-01
7.638381919096e+00,9.977211581177e-01
7.638781939097e+00,9.977220817998e-01
7.639181959098e+00,9.977230056521e-01
7.639581979099e+00,9.977239296715e-01
7.639981999100e+00,9.977248538547e-01
7.640382019101e+00,9.977257781986e-01
7.640782039102e+00,9.977267026997e-01
7.641182059103e+00,9.977276273547e-01
7.641582079104e+00,9.977285521599e-01
7.641982099105e+00,9.977294771120e-01
7.642382119106e+00,9.977304022071e-01
7.642782139107e+00,9.977313274415e-01
7.643182159108e+00,9.977322528114e-01
7.643582179109e+00,9.977331783128e-01
7.643982199110e+00,9.977341039419e-01
7.644382219111e+00,9.977350296945e-01
7.644782239112e+00,9.977359555665e-01
7.645182259113e+00,9.977368815537e-01
7.645582279114e+00,9.977378076518e-01
7.645982299115e+00,9.977387338564e-01
7.646382319116e+00,9.977396601632e-01
7.646782339117e+00,9.977405865676e-01
7.647182359118e+00,9.977415130650e-01
7.647582379119e+00,9.977424396507e-01
7.647982399120e+00,9.977433663202e-01
7.648382419121e+00,9.977442930685e-01
7.648782439122e+00,9.977452198909e-01
7.649182459123e+00,9.977461467824e-01
7.649582479124e+00,9.977470737379e-01
7.649982499125e+00,9.977480007526e-01
7.650382519126e+00,9.977489278212e-01
7.650782539127e+00,9.977498549385e-01
7.651182559128e+00,9.977507820994e-01
7.651582579129e+00,9.977517092984e-01
7.651982599130e+00,9.977526365303e-01
7.652382619131e+00,9.977535637896e-01
7.652782639132e+00,9.977544910708e-01
7.653182659133e+00,9.977554183683e-01
7.653582679134e+00,9.977563456766e-01
7.653982699135e+00,9.977572729900e-01
7.654382719136e+00,9.977582003027e-01
7.654782739137e+00,9.977591276090e-01
7.655182759138e+00,9.977600549031e-01
7.655582779139e+00,9.977609821790e-01
7.655982799140e+00,9.977619094308e-01
7.656382819141e+00,9.977628366527e-01
7.656782839142e+00,9.977637638384e-01
7.657182859143e+00,9.977646909820e-01
7.657582879144e+00,9.977656180772e-01
7.657982899145e+00,9.977665451180e-01
7.658382919146e+00,9.977674720982e-01
7.658782939147e+00,9.977683990113e-01
7.659182959148e+00,9.977693258512e-01
7.659582979149e+00,9.977702526114e-01
7.659982999150e+00,9.977711792856e-01
7.660383019151e+00,9.977721058673e-01
7.660783039152e+00,9.977730323500e-01
7.661183059153e+00,9.977739587272e-01
7.661583079154e+00,9.977748849924e-01
7.661983099155e+00,9.977758111390e-01
7.662383119156e+00,9.977767371602e-01
7.662783139157e+00,9.977776630496e-01
7.663183159158e+00,9.977785888002e-01
7.663583179159e+00,9.977795144056e-01
7.663983199160e+00,9.977804398588e-01
7.664383219161e+00,9.977813651531e-01
7.664783239162e+00,9.977822902817e-01
7.665183259163e+00,9.977832152376e-01
7.665583279164e+00,9.977841400142e-01
7.665983299165e+00,9.977850646044e-01
7.666383319166e+00,9.977859890013e-01
7.666783339167e+00,9.977869131979e-01
7.667183359168e+00,9.977878371874e-01
7.667583379169e+00,9.977887609627e-01
7.667983399170e+00,9.977896845168e-01
7.668383419171e+00,9.977906078427e-01
7.668783439172e+00,9.977915309333e-01
7.669183459173e+00,9.977924537816e-01
7.669583479174e+00,9.977933763805e-01
7.669983499175e+00,9.977942987229e-01
7.670383519176e+00,9.977952208016e-01
7.670783539177e+00,9.977961426097e-01
7.671183559178e+00,9.977970641399e-01
7.671583579179e+00,9.977979853851e-01
7.671983599180e+00,9.977989063382e-01
7.672383619181e+00,9.977998269920e-01
7.672783639182e+00,9.978007473394e-01
7.673183659183e+00,9.978016673732e-01
7.673583679184e+00,9.978025870862e-01
7.673983699185e+00,9.978035064713e-01
7.674383719186e+00,9.978044255213e-01
7.674783739187e+00,9.978053442290e-01
7.675183759188e+00,9.978062625873e-01
7.675583779189e+00,9.978071805889e-01
7.675983799190e+00,9.978080982268e-01
7.676383819191e+00,9.978090154938e-01
7.676783839192e+00,9.978099323827e-01
7.677183859193e+00,9.978108488864e-01
7.677583879194e+00,9.978117649977e-01
7.677983899195e+00,9.978126807096e-01
7.678383919196e+00,9.978135960148e-01
7.678783939197e+00,9.978145109063e-01
7.679183959198e+00,9.978154253771e-01
7.679583979199e+00,9.978163394199e-01
7.679983999200e+00,9.978172530278e-01
7.680384019201e+00,9.978181661938e-01
7.680784039202e+00,9.978190789107e-01
7.681184059203e+00,9.978199911715e-01
7.681584079204e+00,9.978209029694e-01
7.681984099205e+00,9.978218142972e-01
7.682384119206e+00,9.978227251481e-01
7.682784139207e+00,9.978236355152e-01
7.683184159208e+00,9.978245453914e-01
7.683584179209e+00,9.978254547701e-01
7.683984199210e+00,9.978263636442e-01
7.684384219211e+00,9.978272720069e-01
7.684784239212e+00,9.978281798516e-01
7.685184259213e+00,9.978290871714e-01
7.685584279214e+00,9.978299939596e-01
7.685984299215e+00,9.978309002094e-01
7.686384319216e+00,9.978318059143e-01
7.686784339217e+00,9.978327110675e-01
7.687184359218e+00,9.978336156626e-01
7.687584379219e+00,9.978345196928e-01
7.687984399220e+00,9.978354231517e-01
7.688384419221e+00,9.978363260328e-01
7.688784439222e+00,9.978372283297e-01
7.689184459223e+00,9.978381300359e-01
7.689584479224e+00,9.978390311451e-01
7.689984499225e+00,9.978399316510e-01
7.690384519226e+00,9.978408315472e-01
7.690784539227e+00,9.978417308276e-01
7.691184559228e+00,9.978426294859e-01
7.691584579229e+00,9.978435275160e-01
7.691984599230e+00,9.978444249119e-01
7.692384619231e+00,9.978453216674e-01
7.692784639232e+00,9.978462177766e-01
7.693184659233e+00,9.978471132335e-01
7.693584679234e+00,9.978480080322e-01
7.693984699235e+00,9.978489021669e-01
7.694384719236e+00,9.978497956318e-01
7.694784739237e+00,9.978506884211e-01
7.695184759238e+00,9.978515805292e-01
7.695584779239e+00,9.978524719504e-01
7.695984799240e+00,9.978533626792e-01
7.696384819241e+00,9.978542527101e-01
7.696784839242e+00,9.978551420375e-01
7.697184859243e+00,9.978560306562e-01
7.697584879244e+00,9.978569185608e-01
7.697984899245e+00,9.978578057460e-01
7.698384919246e+00,9.978586922066e-01
7.698784939247e+00,9.978595779374e-01
7.699184959248e+00,9.978604629334e-01
7.699584979249e+00,9.978613471896e-01
7.699984999250e+00,9.978622307010e-01
7.700385019251e+00,9.978631134627e-01
7.700785039252e+00,9.978639954699e-01
7.701185059253e+00,9.978648767179e-01
7.701585079254e+00,9.978657572020e-01
7.701985099255e+00,9.978666369176e-01
7.702385119256e+00,9.978675158601e-01
7.702785139257e+00,9.978683940251e-01
7.703185159258e+00,9.978692714082e-01
7.703585179259e+00,9.978701480050e-01
7.703985199260e+00,9.978710238114e-01
7.704385219261e+00,9.978718988230e-01
7.704785239262e+00,9.978727730359e-01
7.705185259263e+00,9.978736464460e-01
7.705585279264e+00,9.978745190494e-01
7.705985299265e+00,9.978753908422e-01
7.706385319266e+00,9.978762618205e-01
7.706785339267e+00,9.978771319807e-01
7.707185359268e+00,9.978780013191e-01
7.707585379269e+00,9.978788698321e-01
7.707985399270e+00,9.978797375163e-01
7.708385419271e+00,9.978806043683e-01
7.708785439272e+00,9.978814703847e-01
7.709185459273e+00,9.978823355623e-01
7.709585479274e+00,9.978831998978e-01
7.709985499275e+00,9.978840633883e-01
7.710385519276e+00,9.978849260307e-01
7.710785539277e+00,9.978857878220e-01
7.711185559278e+00,9.978866487595e-01
7.711585579279e+00,9.978875088404e-01
7.711985599280e+00,9.978883680621e-01
7.712385619281e+00,9.978892264220e-01
7.712785639282e+00,9.978900839175e-01
7.713185659283e+00,9.978909405464e-01
7.713585679284e+00,9.978917963062e-01
7.713985699285e+00,9.978926511947e-01
7.714385719286e+00,9.978935052098e-01
7.714785739287e+00,9.978943583494e-01
7.715185759288e+00,9.978952106115e-01
7.715585779289e+00,9.978960619943e-01
7.715985799290e+00,9.978969124960e-01
7.716385819291e+00,9.978977621148e-01
7.716785839292e+00,9.978986108491e-01
7.717185859293e+00,9.978994586974e-01
7.717585879294e+00,9.979003056582e-01
7.717985899295e+00,9.979011517302e-01
7.718385919296e+00,9.979019969122e-01
7.718785939297e+00,9.979028412029e-01
7.719185959298e+00,9.979036846012e-01
7.719585979299e+00,9.979045271062e-01
7.719985999300e+00,9.979053687170e-01
7.720386019301e+00,9.979062094327e-01
7.720786039302e+00,9.979070492526e-01
7.721186059303e+00,9.979078881760e-01
7.721586079304e+00,9.979087262026e-01
7.721986099305e+00,9.979095633316e-01
7.722386119306e+00,9.979103995629e-01
7.722786139307e+00,9.979112348962e-01
7.723186159308e+00,9.979120693312e-01
7.723586179309e+00,9.979129028679e-01
7.723986199310e+00,9.979137355063e-01
7.724386219311e+00,9.979145672464e-01
7.724786239312e+00,9.979153980885e-01
7.725186259313e+00,9.979162280328e-01
7.725586279314e+00,9.979170570798e-01
7.725986299315e+00,9.979178852298e-01
7.726386319316e+00,9.979187124834e-01
7.726786339317e+00,9.979195388412e-01
7.727186359318e+00,9.979203643040e-01
7.727586379319e+00,9.979211888726e-01
7.727986399320e+00,9.979220125480e-01
7.728386419321e+00,9.979228353310e-01
7.728786439322e+00,9.979236572229e-01
7.729186459323e+00,9.979244782247e-01
7.729586479324e+00,9.979252983378e-01
7.729986499325e+00,9.979261175635e-01
7.730386519326e+00,9.979269359033e-01
7.730786539327e+00,9.979277533586e-01
7.731186559328e+00,9.979285699312e-01
7.731586579329e+00,9.979293856227e-01
7.731986599330e+00,9.979302004349e-01
7.732386619331e+00,9.979310143698e-01
7.732786639332e+00,9.979318274292e-01
7.733186659333e+00,9.979326396153e-01
7.733586679334e+00,9.979334509302e-01
7.733986699335e+00,9.979342613762e-01
7.734386719336e+00,9.979350709556e-01
7.734786739337e+00,9.979358796707e-01
7.735186759338e+00,9.979366875242e-01
7.735586779339e+00,9.979374945185e-01
7.735986799340e+00,9.979383006564e-01
7.736386819341e+00,9.979391059406e-01
7.736786839342e+00,9.979399103740e-01
7.737186859343e+00,9.979407139593e-01
7.737586879344e+00,9.979415166998e-01
7.737986899345e+00,9.979423185984e-01
7.738386919346e+00,9.979431196583e-01
7.738786939347e+00,9.979439198827e-01
7.739186959348e+00,9.979447192751e-01
7.739586979349e+00,9.979455178387e-01
7.739986999350e+00,9.979463155772e-01
7.740387019351e+00,9.979471124940e-01
7.740787039352e+00,9.979479085928e-01
7.741187059353e+00,9.979487038773e-01
7.741587079354e+00,9.979494983513e-01
7.741987099355e+00,9.979502920188e-01
7.742387119356e+00,9.979510848836e-01
7.742787139357e+00,9.979518769498e-01
7.743187159358e+00,9.979526682215e-01
7.743587179359e+00,9.979534587030e-01
7.743987199360e+00,9.979542483983e-01
7.744387219361e+00,9.979550373119e-01
7.744787239362e+00,9.979558254482e-01
7.745187259363e+00,9.979566128117e-01
7.745587279364e+00,9.979573994068e-01
7.745987299365e+00,9.979581852382e-01
7.746387319366e+00,9.979589703106e-01
7.746787339367e+00,9.979597546288e-01
7.747187359368e+00,9.979605381975e-01
7.747587379369e+00,9.979613210216e-01
7.747987399370e+00,9.979621031062e-01
7.748387419371e+00,9.979628844562e-01
7.748787439372e+00,9.979636650767e-01
7.749187459373e+00,9.979644449729e-01
7.749587479374e+00,9.979652241500e-01
7.749987499375e+00,9.979660026132e-01
7.750387519376e+00,9.979667803679e-01
7.750787539377e+00,9.979675574195e-01
7.751187559378e+00,9.979683337735e-01
7.751587579379e+00,9.979691094353e-01
7.751987599380e+00,9.979698844105e-01
7.752387619381e+00,9.979706587049e-01
7.752787639382e+00,9.979714323239e-01
7.753187659383e+00,9.979722052735e-01
7.753587679384e+00,9.979729775594e-01
7.753987699385e+00,9.979737491874e-01
7.754387719386e+00,9.979745201634e-01
7.754787739387e+00,9.979752904934e-01
7.755187759388e+00,9.979760601835e-01
7.755587779389e+00,9.979768292396e-01
7.755987799390e+00,9.979775976679e-01
7.756387819391e+00,9.979783654745e-01
7.756787839392e+00,9.979791326656e-01
7.757187859393e+00,9.979798992475e-01
7.757587879394e+00,9.979806652265e-01
7.757987899395e+00,9.979814306089e-01
7.758387919396e+00,9.979821954011e-01
7.758787939397e+00,9.979829596095e-01
7.759187959398e+00,9.979837232405e-01
7.759587979399e+00,9.979844863008e-01
7.759987999400e+00,9.979852487967e-01
7.760388019401e+00,9.979860107350e-01
7.760788039402e+00,9.979867721221e-01
7.761188059403e+00,9.979875329648e-01
7.761588079404e+00,9.979882932698e-01
7.761988099405e+00,9.979890530437e-01
7.762388119406e+00,9.979898122934e-01
7.762788139407e+00,9.979905710256e-01
7.763188159408e+00,9.979913292471e-01
7.763588179409e+00,9.979920869647e-01
7.763988199410e+00,9.979928441854e-01
7.764388219411e+00,9.979936009161e-01
7.764788239412e+00,9.979943571636e-01
7.765188259413e+00,9.979951129349e-01
7.765588279414e+00,9.979958682370e-01
7.765988299415e+00,9.979966230769e-01
7.766388319416e+00,9.979973774616e-01
7.766788339417e+00,9.979981313981e-01
7.767188359418e+00,9.979988848935e-01
7.767588379419e+00,9.979996379549e-01
7.767988399420e+00,9.980003905894e-01
7.768388419421e+00,9.980011428041e-01
7.768788439422e+00,9.980018946061e-01
7.769188459423e+00,9.980026460025e-01
7.769588479424e+00,9.980033970006e-01
7.769988499425e+00,9.980041476074e-01
7.770388519426e+00,9.980048978302e-01
7.770788539427e+00,9.980056476761e-01
7.771188559428e+00,9.980063971524e-01
7.771588579429e+00,9.980071462662e-01
7.771988599430e+00,9.980078950247e-01
7.772388619431e+00,9.980086434352e-01
7.772788639432e+00,9.980093915049e-01
7.773188659433e+00,9.980101392410e-01
7.773588679434e+00,9.980108866507e-01
7.773988699435e+00,9.980116337412e-01
7.774388719436e+00,9.980123805198e-01
7.774788739437e+00,9.980131269937e-01
7.775188759438e+00,9.980138731701e-01
7.775588779439e+00,9.980146190563e-01
7.775988799440e+00,9.980153646593e-01
7.776388819441e+00,9.980161099865e-01
7.776788839442e+00,9.980168550450e-01
7.777188859443e+00,9.980175998421e-01
7.777588879444e+00,9.980183443848e-01
7.777988899445e+00,9.980190886803e-01
7.778388919446e+00,9.980198327359e-01
7.778788939447e+00,9.980205765585e-01
7.779188959448e+00,9.980213201555e-01
7.779588979449e+00,9.980220635337e-01
7.779988999450e+00,9.980228067004e-01
7.780389019451e+00,9.980235496626e-01
7.780789039452e+00,9.980242924273e-01
7.781189059453e+00,9.980250350016e-01
7.781589079454e+00,9.980257773924e-01
7.781989099455e+00,9.980265196069e-01
7.782389119456e+00,9.980272616520e-01
7.782789139457e+00,9.980280035345e-01
7.783189159458e+00,9.980287452615e-01
7.783589179459e+00,9.980294868398e-01
7.783989199460e+00,9.980302282764e-01
7.784389219461e+00,9.980309695779e-01
7.784789239462e+00,9.980317107513e-01
7.785189259463e+00,9.980324518033e-01
7.785589279464e+00,9.980331927407e-01
7.785989299465e+00,9.980339335702e-01
7.786389319466e+00,9.980346742984e-01
7.786789339467e+00,9.980354149320e-01
7.787189359468e+00,9.980361554776e-01
7.787589379469e+00,9.980368959418e-01
7.787989399470e+00,9.980376363311e-01
7.788389419471e+00,9.980383766520e-01
7.788789439472e+00,9.980391169110e-01
7.789189459473e+00,9.980398571144e-01
7.789589479474e+00,9.980405972687e-01
7.789989499475e+00,9.980413373801e-01
7.790389519476e+00,9.980420774550e-01
7.790789539477e+00,9.980428174996e-01
7.791189559478e+00,9.980435575201e-01
7.791589579479e+00,9.980442975227e-01
7.791989599480e+00,9.980450375133e-01
7.792389619481e+00,9.980457774982e-01
7.792789639482e+00,9.980465174832e-01
7.793189659483e+00,9.980472574744e-01
7.793589679484e+00,9.980479974776e-01
7.793989699485e+00,9.980487374987e-01
7.794389719486e+00,9.980494775435e-01
7.794789739487e+00,9.980502176177e-01
7.795189759488e+00,9.980509577270e-01
7.795589779489e+00,9.980516978770e-01
7.795989799490e+00,9.980524380733e-01
7.796389819491e+00,9.980531783215e-01
7.796789839492e+00,9.980539186269e-01
7.797189859493e+00,9.980546589949e-01
7.797589879494e+00,9.980553994310e-01
7.797989899495e+00,9.980561399403e-01
7.798389919496e+00,9.980568805281e-01
7.798789939497e+00,9.980576211995e-01
7.799189959498e+00,9.980583619597e-01
7.799589979499e+00,9.980591028136e-01
7.799989999500e+00,9.980598437661e-01
7.800390019501e+00,9.980605848223e-01
7.800790039502e+00,9.980613259869e-01
7.801190059503e+00,9.980620672646e-01
7.801590079504e+00,9.980628086602e-01
7.801990099505e+00,9.980635501782e-01
7.802390119506e+00,9.980642918233e-01
7.802790139507e+00,9.980650335999e-01
7.803190159508e+00,9.980657755124e-01
7.803590179509e+00,9.980665175651e-01
7.803990199510e+00,9.980672597624e-01
7.804390219511e+00,9.980680021084e-01
7.804790239512e+00,9.980687446072e-01
7.805190259513e+00,9.980694872629e-01
7.805590279514e+00,9.980702300794e-01
7.805990299515e+00,9.980709730607e-01
7.806390319516e+00,9.980717162106e-01
7.806790339517e+00,9.980724595328e-01
7.807190359518e+00,9.980732030310e-01
7.807590379519e+00,9.980739467088e-01
7.807990399520e+00,9.980746905696e-01
7.808390419521e+00,9.980754346170e-01
7.808790439522e+00,9.980761788543e-01
7.809190459523e+00,9.980769232848e-01
7.809590479524e+00,9.980776679115e-01
7.809990499525e+00,9.980784127378e-01
7.810390519526e+00,9.980791577666e-01
7.810790539527e+00,9.980799030008e-01
7.811190559528e+00,9.980806484433e-01
7.811590579529e+00,9.980813940970e-01
7.811990599530e+00,9.980821399645e-01
7.812390619531e+00,9.980828860484e-01
7.812790639532e+00,9.980836323513e-01
7.813190659533e+00,9.980843788756e-01
7.813590679534e+00,9.980851256238e-01
7.813990699535e+00,9.980858725980e-01
7.814390719536e+00,9.980866198005e-01
7.814790739537e+00,9.980873672335e-01
7.815190759538e+00,9.980881148989e-01
7.815590779539e+00,9.980888627986e-01
7.815990799540e+00,9.980896109347e-01
7.816390819541e+00,9.980903593087e-01
7.816790839542e+00,9.980911079225e-01
7.817190859543e+00,9.980918567775e-01
7.817590879544e+00,9.980926058754e-01
7.817990899545e+00,9.980933552176e-01
7.818390919546e+00,9.980941048053e-01
7.818790939547e+00,9.980948546399e-01
7.819190959548e+00,9.980956047225e-01
7.819590979549e+00,9.980963550542e-01
7.819990999550e+00,9.980971056359e-01
7.820391019551e+00,9.980978564687e-01
7.820791039552e+00,9.980986075532e-01
7.821191059553e+00,9.980993588902e-01
7.821591079554e+00,9.981001104804e-01
7.821991099555e+00,9.981008623243e-01
7.822391119556e+00,9.981016144223e-01
7.822791139557e+00,9.981023667749e-01
7.823191159558e+00,9.981031193822e-01
7.823591179559e+00,9.981038722446e-01
7.823991199560e+00,9.981046253620e-01
7.824391219561e+00,9.981053787346e-01
7.824791239562e+00,9.981061323622e-01
7.825191259563e+00,9.981068862447e-01
7.825591279564e+00,9.981076403818e-01
7.825991299565e+00,9.981083947733e-01
7.826391319566e+00,9.981091494185e-01
7.826791339567e+00,9.981099043172e-01
7.827191359568e+00,9.981106594685e-01
7.827591379569e+00,9.981114148719e-01
7.827991399570e+00,9.981121705266e-01
7.828391419571e+00,9.981129264317e-01
7.828791439572e+00,9.981136825863e-01
7.829191459573e+00,9.981144389892e-01
7.829591479574e+00,9.981151956395e-01
7.829991499575e+00,9.981159525358e-01
7.830391519576e+00,9.981167096769e-01
7.830791539577e+00,9.981174670614e-01
7.831191559578e+00,9.981182246878e-01
7.831591579579e+00,9.981189825545e-01
7.831991599580e+00,9.981197406600e-01
7.832391619581e+00,9.981204990025e-01
7.832791639582e+00,9.981212575803e-01
7.833191659583e+00,9.981220163913e-01
7.833591679584e+00,9.981227754336e-01
7.833991699585e+00,9.981235347053e-01
7.834391719586e+00,9.981242942040e-01
7.834791739587e+00,9.981250539276e-01
7.835191759588e+00,9.981258138737e-01
7.835591779589e+00,9.981265740401e-01
7.835991799590e+00,9.981273344241e-01
7.836391819591e+00,9.981280950232e-01
7.836791839592e+00,9.981288558348e-01
7.837191859593e+00,9.981296168562e-01
7.837591879594e+00,9.981303780845e-01
7.837991899595e+00,9.981311395169e-01
7.838391919596e+00,9.981319011505e-01
7.838791939597e+00,9.981326629821e-01
7.839191959598e+00,9.981334250087e-01
7.839591979599e+00,9.981341872271e-01
7.839991999600e+00,9.981349496340e-01
7.840392019601e+00,9.981357122261e-01
7.840792039602e+00,9.981364749999e-01
7.841192059603e+00,9.981372379519e-01
7.841592079604e+00,9.981380010786e-01
7.841992099605e+00,9.981387643764e-01
7.842392119606e+00,9.981395278414e-01
7.842792139607e+00,9.981402914700e-01
7.843192159608e+00,9.981410552583e-01
7.843592179609e+00,9.981418192022e-01
7.843992199610e+00,9.981425832979e-01
7.844392219611e+00,9.981433475412e-01
7.844792239612e+00,9.981441119280e-01
7.845192259613e+00,9.981448764541e-01
7.845592279614e+00,9.981456411152e-01
7.845992299615e+00,9.981464059070e-01
7.846392319616e+00,9.981471708250e-01
7.846792339617e+00,9.981479358648e-01
7.847192359618e+00,9.981487010218e-01
7.847592379619e+00,9.981494662913e-01
7.847992399620e+00,9.981502316688e-01
7.848392419621e+00,9.981509971495e-01
7.848792439622e+00,9.981517627286e-01
7.849192459623e+00,9.981525284012e-01
7.849592479624e+00,9.981532941624e-01
7.849992499625e+00,9.981540600073e-01
7.850392519626e+00,9.981548259307e-01
7.850792539627e+00,9.981555919276e-01
7.851192559628e+00,9.981563579928e-01
7.851592579629e+00,9.981571241212e-01
7.851992599630e+00,9.981578903074e-01
7.852392619631e+00,9.981586565462e-01
7.852792639632e+00,9.981594228321e-01
7.853192659633e+00,9.981601891598e-01
7.853592679634e+00,9.981609555237e-01
7.853992699635e+00,9.981617219183e-01
7.854392719636e+00,9.981624883381e-01
7.854792739637e+00,9.981632547774e-01
7.855192759638e+00,9.981640212305e-01
7.855592779639e+00,9.981647876918e-01
7.855992799640e+00,9.981655541554e-01
7.856392819641e+00,9.981663206156e-01
7.856792839642e+00,9.981670870664e-01
7.857192859643e+00,9.981678535021e-01
7.857592879644e+00,9.981686199166e-01
7.857992899645e+00,9.981693863040e-01
7.858392919646e+00,9.981701526582e-01
7.858792939647e+00,9.981709189732e-01
7.859192959648e+00,9.981716852428e-01
7.859592979649e+00,9.981724514609e-01
7.859992999650e+00,9.981732176214e-01
7.860393019651e+00,9.981739837180e-01
7.860793039652e+00,9.981747497445e-01
7.861193059653e+00,9.981755156946e-01
7.861593079654e+00,9.981762815620e-01
7.861993099655e+00,9.981770473403e-01
7.862393119656e+00,9.981778130231e-01
7.862793139657e+00,9.981785786041e-01
7.863193159658e+00,9.981793440769e-01
7.863593179659e+00,9.981801094349e-01
7.863993199660e+00,9.981808746717e-01
7.864393219661e+00,9.981816397807e-01
7.864793239662e+00,9.981824047555e-01
7.865193259663e+00,9.981831695895e-01
7.865593279664e+00,9.981839342761e-01
7.865993299665e+00,9.981846988086e-01
7.866393319666e+00,9.981854631806e-01
7.866793339667e+00,9.981862273852e-01
7.867193359668e+00,9.981869914160e-01
7.867593379669e+00,9.981877552662e-01
7.867993399670e+00,9.981885189291e-01
7.868393419671e+00,9.981892823980e-01
7.868793439672e+00,9.981900456662e-01
7.869193459673e+00,9.981908087270e-01
7.869593479674e+00,9.981915715736e-01
7.869993499675e+00,9.981923341993e-01
7.870393519676e+00,9.981930965974e-01
7.870793539677e+00,9.981938587610e-01
7.871193559678e+00,9.981946206835e-01
7.871593579679e+00,9.981953823579e-01
7.871993599680e+00,9.981961437776e-01
7.872393619681e+00,9.981969049358e-01
7.872793639682e+00,9.981976658256e-01
7.873193659683e+00,9.981984264403e-01
7.873593679684e+00,9.981991867731e-01
7.873993699685e+00,9.981999468172e-01
7.874393719686e+00,9.982007065659e-01
7.874793739687e+00,9.982014660123e-01
7.875193759688e+00,9.982022251496e-01
7.875593779689e+00,9.982029839712e-01
7.875993799690e+00,9.982037424702e-01
7.876393819691e+00,9.982045006399e-01
7.876793839692e+00,9.982052584735e-01
7.877193859693e+00,9.982060159643e-01
7.877593879694e+00,9.982067731056e-01
7.877993899695e+00,9.982075298906e-01
7.878393919696e+00,9.982082863127e-01
7.878793939697e+00,9.982090423652e-01
7.879193959698e+00,9.982097980413e-01
7.879593979699e+00,9.982105533345e-01
7.879993999700e+00,9.982113082381e-01
7.880394019701e+00,9.982120627455e-01
7.880794039702e+00,9.982128168500e-01
7.881194059703e+00,9.982135705452e-01
7.881594079704e+00,9.982143238244e-01
7.881994099705e+00,9.982150766811e-01
7.882394119706e+00,9.982158291089e-01
7.882794139707e+00,9.982165811011e-01
7.883194159708e+00,9.982173326515e-01
7.883594179709e+00,9.982180837534e-01
7.883994199710e+00,9.982188344006e-01
7.884394219711e+00,9.982195845866e-01
7.884794239712e+00,9.982203343051e-01
7.885194259713e+00,9.982210835499e-01
7.885594279714e+00,9.982218323145e-01
7.885994299715e+00,9.982225805928e-01
7.886394319716e+00,9.982233283785e-01
7.886794339717e+00,9.982240756655e-01
7.887194359718e+00,9.982248224477e-01
7.887594379719e+00,9.982255687188e-01
7.887994399720e+00,9.982263144729e-01
7.888394419721e+00,9.982270597040e-01
7.888794439722e+00,9.982278044059e-01
7.889194459723e+00,9.982285485729e-01
7.889594479724e+00,9.982292921990e-01
7.889994499725e+00,9.982300352783e-01
7.890394519726e+00,9.982307778050e-01
7.890794539727e+00,9.982315197733e-01
7.891194559728e+00,9.982322611776e-01
7.891594579729e+00,9.982330020120e-01
7.891994599730e+00,9.982337422711e-01
7.892394619731e+00,9.982344819492e-01
7.892794639732e+00,9.982352210408e-01
7.893194659733e+00,9.982359595404e-01
7.893594679734e+00,9.982366974425e-01
7.893994699735e+00,9.982374347418e-01
7.894394719736e+00,9.982381714330e-01
7.894794739737e+00,9.982389075107e-01
7.895194759738e+00,9.982396429698e-01
7.895594779739e+00,9.982403778051e-01
7.895994799740e+00,9.982411120115e-01
7.896394819741e+00,9.982418455838e-01
7.896794839742e+00,9.982425785173e-01
7.897194859743e+00,9.982433108068e-01
7.897594879744e+00,9.982440424475e-01
7.897994899745e+00,9.982447734346e-01
7.898394919746e+00,9.982455037634e-01
7.898794939747e+00,9.982462334292e-01
7.899194959748e+00,9.982469624273e-01
7.899594979749e+00,9.982476907532e-01
7.899994999750e+00,9.982484184023e-01
7.900395019751e+00,9.982491453703e-01
7.900795039752e+00,9.982498716527e-01
7.901195059753e+00,9.982505972453e-01
7.901595079754e+00,9.982513221438e-01
7.901995099755e+00,9.982520463441e-01
7.902395119756e+00,9.982527698420e-01
7.902795139757e+00,9.982534926336e-01
7.903195159758e+00,9.982542147148e-01
7.903595179759e+00,9.982549360818e-01
7.903995199760e+00,9.982556567308e-01
7.904395219761e+00,9.982563766580e-01
7.904795239762e+00,9.982570958597e-01
7.905195259763e+00,9.982578143323e-01
7.905595279764e+00,9.982585320723e-01
7.905995299765e+00,9.982592490763e-01
7.906395319766e+00,9.982599653408e-01
7.906795339767e+00,9.982606808626e-01
7.907195359768e+00,9.982613956383e-01
7.907595379769e+00,9.982621096650e-01
7.907995399770e+00,9.982628229393e-01
7.908395419771e+00,9.982635354585e-01
7.908795439772e+00,9.982642472194e-01
7.909195459773e+00,9.982649582193e-01
7.909595479774e+00,9.982656684554e-01
7.909995499775e+00,9.982663779249e-01
7.910395519776e+00,9.982670866253e-01
7.910795539777e+00,9.982677945540e-01
7.911195559778e+00,9.982685017086e-01
7.911595579779e+00,9.982692080867e-01
7.911995599780e+00,9.982699136861e-01
7.912395619781e+00,9.982706185044e-01
7.912795639782e+00,9.982713225397e-01
7.913195659783e+00,9.982720257897e-01
7.913595679784e+00,9.982727282527e-01
7.913995699785e+00,9.982734299266e-01
7.914395719786e+00,9.982741308097e-01
7.914795739787e+00,9.982748309003e-01
7.915195759788e+00,9.982755301967e-01
7.915595779789e+00,9.982762286973e-01
7.915995799790e+00,9.982769264008e-01
7.916395819791e+00,9.982776233057e-01
7.916795839792e+00,9.982783194107e-01
7.917195859793e+00,9.982790147146e-01
7.917595879794e+00,9.982797092163e-01
7.917995899795e+00,9.982804029147e-01
7.918395919796e+00,9.982810958089e-01
7.918795939797e+00,9.982817878980e-01
7.919195959798e+00,9.982824791811e-01
7.919595979799e+00,9.982831696577e-01
7.919995999800e+00,9.982838593270e-01
7.920396019801e+00,9.982845481886e-01
7.920796039802e+00,9.982852362420e-01
7.921196059803e+00,9.982859234867e-01
7.921596079804e+00,9.982866099227e-01
7.921996099805e+00,9.982872955496e-01
7.922396119806e+00,9.982879803673e-01
7.922796139807e+00,9.982886643759e-01
7.923196159808e+00,9.982893475754e-01
7.923596179809e+00,9.982900299659e-01
7.923996199810e+00,9.982907115477e-01
7.924396219811e+00,9.982913923212e-01
7.924796239812e+00,9.982920722867e-01
7.925196259813e+00,9.982927514447e-01
7.925596279814e+00,9.982934297958e-01
7.925996299815e+00,9.982941073406e-01
7.926396319816e+00,9.982947840801e-01
7.926796339817e+00,9.982954600148e-01
7.927196359818e+00,9.982961351459e-01
7.927596379819e+00,9.982968094743e-01
7.927996399820e+00,9.982974830010e-01
7.928396419821e+00,9.982981557273e-01
7.928796439822e+00,9.982988276545e-01
7.929196459823e+00,9.982994987838e-01
7.929596479824e+00,9.983001691167e-01
7.929996499825e+00,9.983008386548e-01
7.930396519826e+00,9.983015073995e-01
7.930796539827e+00,9.983021753526e-01
7.931196559828e+00,9.983028425159e-01
7.931596579829e+00,9.983035088911e-01
7.931996599830e+00,9.983041744803e-01
7.932396619831e+00,9.983048392854e-01
7.932796639832e+00,9.983055033086e-01
7.933196659833e+00,9.983061665520e-01
7.933596679834e+00,9.983068290178e-01
7.933996699835e+00,9.983074907084e-01
7.934396719836e+00,9.983081516262e-01
7.934796739837e+00,9.983088117738e-01
7.935196759838e+00,9.983094711536e-01
7.935596779839e+00,9.983101297684e-01
7.935996799840e+00,9.983107876209e-01
7.936396819841e+00,9.983114447138e-01
7.936796839842e+00,9.983121010502e-01
7.937196859843e+00,9.983127566329e-01
7.937596879844e+00,9.983134114650e-01
7.937996899845e+00,9.983140655496e-01
7.938396919846e+00,9.983147188899e-01
7.938796939847e+00,9.983153714892e-01
7.939196959848e+00,9.983160233508e-01
7.939596979849e+00,9.983166744782e-01
7.939996999850e+00,9.983173248748e-01
7.940397019851e+00,9.983179745443e-01
7.940797039852e+00,9.983186234902e-01
7.941197059853e+00,9.983192717163e-01
7.941597079854e+00,9.983199192263e-01
7.941997099855e+00,9.983205660242e-01
7.942397119856e+00,9.983212121138e-01
7.942797139857e+00,9.983218574991e-01
7.943197159858e+00,9.983225021843e-01
7.943597179859e+00,9.983231461734e-01
7.943997199860e+00,9.983237894706e-01
7.944397219861e+00,9.983244320803e-01
7.944797239862e+00,9.983250740067e-01
7.945197259863e+00,9.983257152542e-01
7.945597279864e+00,9.983263558274e-01
7.945997299865e+00,9.983269957307e-01
7.946397319866e+00,9.983276349688e-01
7.946797339867e+00,9.983282735462e-01
7.947197359868e+00,9.983289114678e-01
7.947597379869e+00,9.983295487384e-01
7.947997399870e+00,9.983301853626e-01
7.948397419871e+00,9.983308213455e-01
7.948797439872e+00,9.983314566920e-01
7.949197459873e+00,9.983320914072e-01
7.949597479874e+00,9.983327254960e-01
7.949997499875e+00,9.983333589637e-01
7.950397519876e+00,9.983339918154e-01
7.950797539877e+00,9.983346240563e-01
7.951197559878e+00,9.983352556918e-01
7.951597579879e+00,9.983358867272e-01
7.951997599880e+00,9.983365171679e-01
7.952397619881e+00,9.983371470194e-01
7.952797639882e+00,9.983377762872e-01
7.953197659883e+00,9.983384049768e-01
7.953597679884e+00,9.983390330938e-01
7.953997699885e+00,9.983396606439e-01
7.954397719886e+00,9.983402876328e-01
7.954797739887e+00,9.983409140663e-01
7.955197759888e+00,9.983415399500e-01
7.955597779889e+00,9.983421652900e-01
7.955997799890e+00,9.983427900919e-01
7.956397819891e+00,9.983434143619e-01
7.956797839892e+00,9.983440381058e-01
7.957197859893e+00,9.983446613296e-01
7.957597879894e+00,9.983452840395e-01
7.957997899895e+00,9.983459062414e-01
7.958397919896e+00,9.983465279415e-01
7.958797939897e+00,9.983471491459e-01
7.959197959898e+00,9.983477698609e-01
7.959597979899e+00,9.983483900927e-01
7.959997999900e+00,9.983490098476e-01
7.960398019901e+00,9.983496291317e-01
7.960798039902e+00,9.983502479516e-01
7.961198059903e+00,9.983508663134e-01
7.961598079904e+00,9.983514842237e-01
7.961998099905e+00,9.983521016888e-01
7.962398119906e+00,9.983527187152e-01
7.962798139907e+00,9.983533353094e-01
7.963198159908e+00,9.983539514778e-01
7.963598179909e+00,9.983545672270e-01
7.963998199910e+00,9.983551825635e-01
7.964398219911e+00,9.983557974939e-01
7.964798239912e+00,9.983564120248e-01
7.965198259913e+00,9.983570261627e-01
7.965598279914e+00,9.983576399144e-01
7.965998299915e+00,9.983582532865e-01
7.966398319916e+00,9.983588662857e-01
7.966798339917e+00,9.983594789186e-01
7.967198359918e+00,9.983600911919e-01
7.967598379919e+00,9.983607031124e-01
7.967998399920e+00,9.983613146868e-01
7.968398419921e+00,9.983619259218e-01
7.968798439922e+00,9.983625368242e-01
7.969198459923e+00,9.983631474008e-01
7.969598479924e+00,9.983637576583e-01
7.969998499925e+00,9.983643676035e-01
7.970398519926e+00,9.983649772432e-01
7.970798539927e+00,9.983655865842e-01
7.971198559928e+00,9.983661956334e-01
7.971598579929e+00,9.983668043974e-01
7.971998599930e+00,9.983674128832e-01
7.972398619931e+00,9.983680210975e-01
7.972798639932e+00,9.983686290471e-01
7.973198659933e+00,9.983692367389e-01
7.973598679934e+00,9.983698441796e-01
7.973998699935e+00,9.983704513761e-01
7.974398719936e+00,9.983710583351e-01
7.974798739937e+00,9.983716650636e-01
7.975198759938e+00,9.983722715681e-01
7.975598779939e+00,9.983728778556e-01
7.975998799940e+00,9.983734839328e-01
7.976398819941e+00,9.983740898064e-01
7.976798839942e+00,9.983746954833e-01
7.977198859943e+00,9.983753009701e-01
7.977598879944e+00,9.983759062735e-01
7.977998899945e+00,9.983765114004e-01
7.978398919946e+00,9.983771163572e-01
7.978798939947e+00,9.983777211509e-01
7.979198959948e+00,9.983783257880e-01
7.979598979949e+00,9.983789302752e-01
7.979998999950e+00,9.983795346192e-01
7.980399019951e+00,9.983801388266e-01
7.980799039952e+00,9.983807429040e-01
7.981199059953e+00,9.983813468578e-01
7.981599079954e+00,9.983819506948e-01
7.981999099955e+00,9.983825544215e-01
7.982399119956e+00,9.983831580442e-01
7.982799139957e+00,9.983837615696e-01
7.983199159958e+00,9.983843650041e-01
7.983599179959e+00,9.983849683540e-01
7.983999199960e+00,9.983855716258e-01
7.984399219961e+00,9.983861748259e-01
7.984799239962e+00,9.983867779606e-01
7.985199259963e+00,9.983873810361e-01
7.985599279964e+00,9.983879840589e-01
7.985999299965e+00,9.983885870350e-01
7.986399319966e+00,9.983891899708e-01
7.986799339967e+00,9.983897928723e-01
7.987199359968e+00,9.983903957457e-01
7.987599379969e+00,9.983909985971e-01
7.987999399970e+00,9.983916014326e-01
7.988399419971e+00,9.983922042582e-01
7.988799439972e+00,9.983928070798e-01
7.989199459973e+00,9.983934099033e-01
7.989599479974e+00,9.983940127348e-01
7.989999499975e+00,9.983946155800e-01
7.990399519976e+00,9.983952184447e-01
7.990799539977e+00,9.983958213347e-01
7.991199559978e+00,9.983964242557e-01
7.991599579979e+00,9.983970272133e-01
7.991999599980e+00,9.983976302133e-01
7.992399619981e+00,9.983982332611e-01
7.992799639982e+00,9.983988363624e-01
7.993199659983e+00,9.983994395224e-01
7.993599679984e+00,9.984000427468e-01
7.993999699985e+00,9.984006460408e-01
7.994399719986e+00,9.984012494098e-01
7.994799739987e+00,9.984018528590e-01
7.995199759988e+00,9.984024563937e-01
7.995599779989e+00,9.984030600190e-01
7.995999799990e+00,9.984036637399e-01
7.996399819991e+00,9.984042675616e-01
7.996799839992e+00,9.984048714891e-01
7.997199859993e+00,9.984054755272e-01
7.997599879994e+00,9.984060796808e-01
7.997999899995e+00,9.984066839547e-01
7.998399919996e+00,9.984072883537e-01
7.998799939997e+00,9.984078928825e-01
7.999199959998e+00,9.984084975456e-01
7.999599979999e+00,9.984091023478e-01
8.000000000000e+00,9.984097072933e-01
