R_m,alpha,tension_Pa,compression_Pa
7.000000000000e-01,1.000000000000e-05,1.422176623163e+07,1.182262008208e+08
7.382578457164e-01,1.000000000000e-05,1.291413106299e+07,1.113264591053e+08
7.786066382311e-01,1.000000000000e-05,1.171113085078e+07,1.048293750863e+08
8.211606562871e-01,1.000000000000e-05,1.060503414397e+07,9.871145033968e+07
8.660404244251e-01,1.000000000000e-05,9.588650094349e+06,9.295055777093e+07
9.133730543420e-01,1.000000000000e-05,8.655292264331e+06,8.752586158641e+07
9.632926049056e-01,1.000000000000e-05,7.798744768382e+06,8.241774193524e+07
1.015940461846e+00,1.000000000000e-05,7.013230602678e+06,7.760772394894e+07
1.071465738198e+00,1.000000000000e-05,6.293382026440e+06,7.307841092218e+07
1.130025696630e+00,1.000000000000e-05,5.634212866592e+06,6.881342139299e+07
1.191786194854e+00,1.000000000000e-05,5.031092625183e+06,6.479732989487e+07
1.256922155382e+00,1.000000000000e-05,4.479722276305e+06,6.101561116649e+07
1.325618060951e+00,1.000000000000e-05,3.976111646119e+06,5.745458761723e+07
1.398068477029e+00,1.000000000000e-05,3.516558276087e+06,5.410137985859e+07
1.474478602879e+00,1.000000000000e-05,3.097627675595e+06,5.094386012243e+07
1.555064852738e+00,1.000000000000e-05,2.716134875882e+06,4.797060839768e+07
1.640055468759e+00,1.000000000000e-05,2.369127202602e+06,4.517087112687e+07
1.729691167460e+00,1.000000000000e-05,2.053868189398e+06,4.253452231301e+07
1.824225821491e+00,1.000000000000e-05,1.767822559660e+06,4.005202689622e+07
1.923927178677e+00,1.000000000000e-05,1.508642208124e+06,3.771440626768e+07
2.029077620350e+00,1.000000000000e-05,1.274153118184e+06,3.551320579610e+07
2.139974961130e+00,1.000000000000e-05,1.062343154775e+06,3.344046424925e+07
2.256933292416e+00,1.000000000000e-05,8.713506763985e+05,3.148868500010e+07
2.380283871978e+00,1.000000000000e-05,6.994539133928e+05,2.965080891323e+07
2.510376062171e+00,1.000000000000e-05,5.450610628264e+05,2.792018881360e+07
2.647578319423e+00,1.000000000000e-05,4.067010535092e+05,2.629056544524e+07
2.792279237804e+00,1.000000000000e-05,2.830149375215e+05,2.475604483298e+07
2.944888649628e+00,1.000000000000e-05,1.727478673964e+05,2.331107696533e+07
3.105838786213e+00,1.000000000000e-05,7.474162066442e+04,2.195043572132e+07
3.275585502074e+00,1.000000000000e-05,0.000000000000e+00,2.066919996888e+07
3.454609566030e+00,1.000000000000e-05,0.000000000000e+00,1.946273576617e+07
3.643418022870e+00,1.000000000000e-05,0.000000000000e+00,1.832667960175e+07
3.842545629440e+00,1.000000000000e-05,0.000000000000e+00,1.725692261266e+07
4.052556369225e+00,1.000000000000e-05,0.000000000000e+00,1.624959572369e+07
4.274045049697e+00,1.000000000000e-05,0.000000000000e+00,1.530105565371e+07
4.507638986977e+00,1.000000000000e-05,0.000000000000e+00,1.440787173883e+07
4.753999782561e+00,1.000000000000e-05,0.000000000000e+00,1.356681352438e+07
5.013825197157e+00,1.000000000000e-05,0.000000000000e+00,1.277483908110e+07
5.287851126931e+00,1.000000000000e-05,0.000000000000e+00,1.202908400317e+07
5.576853687767e+00,1.000000000000e-05,0.000000000000e+00,1.132685104820e+07
5.881651413438e+00,1.000000000000e-05,0.000000000000e+00,1.066560038199e+07
6.203107573913e+00,1.000000000000e-05,0.000000000000e+00,1.004294039237e+07
6.542132620377e+00,1.000000000000e-05,0.000000000000e+00,9.456619039340e+06
6.899686763872e+00,1.000000000000e-05,0.000000000000e+00,8.904515709824e+06
7.276782694877e+00,1.000000000000e-05,0.000000000000e+00,8.384633547882e+06
7.674488451523e+00,1.000000000000e-05,0.000000000000e+00,7.895092232459e+06
8.093930444567e+00,1.000000000000e-05,0.000000000000e+00,7.434121176619e+06
8.536296647692e+00,1.000000000000e-05,0.000000000000e+00,7.000053123669e+06
9.002839962173e+00,1.000000000000e-05,0.000000000000e+00,6.591318116978e+06
9.494881765433e+00,1.000000000000e-05,0.000000000000e+00,6.206437821720e+06
1.001381565354e+01,1.000000000000e-05,0.000000000000e+00,5.844020177976e+06
1.056111138827e+01,1.000000000000e-05,0.000000000000e+00,5.502754365861e+06
1.113831905982e+01,1.000000000000e-05,0.000000000000e+00,5.181406064485e+06
1.174707347714e+01,1.000000000000e-05,0.000000000000e+00,4.878812987568e+06
1.238909879816e+01,1.000000000000e-05,0.000000000000e+00,4.593880679591e+06
1.306621341299e+01,1.000000000000e-05,0.000000000000e+00,4.325578557262e+06
1.378033509421e+01,1.000000000000e-05,0.000000000000e+00,4.072936181992e+06
1.453348642843e+01,1.000000000000e-05,0.000000000000e+00,3.835039749875e+06
1.532780054486e+01,1.000000000000e-05,0.000000000000e+00,3.611028786514e+06
1.616552715688e+01,1.000000000000e-05,0.000000000000e+00,3.400093034705e+06
1.704903893387e+01,1.000000000000e-05,0.000000000000e+00,3.201469523737e+06
1.798083822122e+01,1.000000000000e-05,0.000000000000e+00,3.014439809714e+06
1.896356412767e+01,1.000000000000e-05,0.000000000000e+00,2.838327376901e+06
2.000000000000e+01,1.000000000000e-05,0.000000000000e+00,2.672495190714e+06
7.000000000000e-01,1.157807513705e-05,1.422268275362e+07,1.182254995498e+08
7.382578457164e-01,1.157807513705e-05,1.291505009674e+07,1.113257581970e+08
7.786066382311e-01,1.157807513705e-05,1.171205236799e+07,1.048286745566e+08
8.211606562871e-01,1.157807513705e-05,1.060595811477e+07,9.871075020514e+07
8.660404244251e-01,1.157807513705e-05,9.589576487249e+06,9.294985804889e+07
9.133730543420e-01,1.157807513705e-05,8.656221046173e+06,8.752516229493e+07
9.632926049056e-01,1.157807513705e-05,7.799675904284e+06,8.241704309317e+07
1.015940461846e+00,1.157807513705e-05,7.014164055979e+06,7.760702557596e+07
1.071465738198e+00,1.157807513705e-05,6.294317758640e+06,7.307771303881e+07
1.130025696630e+00,1.157807513705e-05,5.635150837290e+06,6.881272402066e+07
1.191786194854e+00,1.157807513705e-05,5.032032792017e+06,6.479663305590e+07
1.256922155382e+00,1.157807513705e-05,4.480664594882e+06,6.101491488419e+07
1.325618060951e+00,1.157807513705e-05,3.977056069946e+06,5.745389191592e+07
1.398068477029e+00,1.157807513705e-05,3.517504756497e+06,5.410068476363e+07
1.474478602879e+00,1.157807513705e-05,3.098576161672e+06,5.094316566027e+07
1.555064852738e+00,1.157807513705e-05,2.717085314383e+06,4.796991459591e+07
1.640055468759e+00,1.157807513705e-05,2.370079537871e+06,4.517017801427e+07
1.729691167460e+00,1.157807513705e-05,2.054822363285e+06,4.253382991958e+07
1.824225821491e+00,1.157807513705e-05,1.768778511426e+06,4.005133525326e+07
1.923927178677e+00,1.157807513705e-05,1.509599874351e+06,3.771371540781e+07
2.029077620350e+00,1.157807513705e-05,1.275112432678e+06,3.551251575333e+07
2.139974961130e+00,1.157807513705e-05,1.063304048465e+06,3.343977505904e+07
2.256933292416e+00,1.157807513705e-05,8.723130772322e+05,3.148799669942e+07
2.380283871978e+00,1.157807513705e-05,7.004177462286e+05,2.965012154061e+07
2.510376062171e+00,1.157807513705e-05,5.460262493210e+05,2.791950240919e+07
2.647578319423e+00,1.157807513705e-05,4.076675120023e+05,2.628988005087e+07
2.792279237804e+00,1.157807513705e-05,2.839825829154e+05,2.475536049225e+07
2.944888649628e+00,1.157807513705e-05,1.737166110323e+05,2.331039372365e+07
3.105838786213e+00,1.157807513705e-05,7.571137019501e+04,2.194975362600e+07
3.275585502074e+00,1.157807513705e-05,0.000000000000e+00,2.066851906917e+07
3.454609566030e+00,1.157807513705e-05,0.000000000000e+00,1.946205611339e+07
3.643418022870e+00,1.157807513705e-05,0.000000000000e+00,1.832600124930e+07
3.842545629440e+00,1.157807513705e-05,0.000000000000e+00,1.725624561614e+07
4.052556369225e+00,1.157807513705e-05,0.000000000000e+00,1.624892014096e+07
4.274045049697e+00,1.157807513705e-05,0.000000000000e+00,1.530038154498e+07
4.507638986977e+00,1.157807513705e-05,0.000000000000e+00,1.440719916672e+07
4.753999782561e+00,1.157807513705e-05,0.000000000000e+00,1.356614255404e+07
5.013825197157e+00,1.157807513705e-05,0.000000000000e+00,1.277416978027e+07
5.287851126931e+00,1.157807513705e-05,0.000000000000e+00,1.202841644224e+07
5.576853687767e+00,1.157807513705e-05,0.000000000000e+00,1.132618530036e+07
5.881651413438e+00,1.157807513705e-05,0.000000000000e+00,1.066493652325e+07
6.203107573913e+00,1.157807513705e-05,0.000000000000e+00,1.004227850170e+07
6.542132620377e+00,1.157807513705e-05,0.000000000000e+00,9.455959198715e+06
6.899686763872e+00,1.157807513705e-05,0.000000000000e+00,8.903858004327e+06
7.276782694877e+00,1.157807513705e-05,0.000000000000e+00,8.383978065791e+06
7.674488451523e+00,1.157807513705e-05,0.000000000000e+00,7.894439065325e+06
8.093930444567e+00,1.157807513705e-05,0.000000000000e+00,7.433470419351e+06
8.536296647692e+00,1.157807513705e-05,0.000000000000e+00,6.999404874609e+06
9.002839962173e+00,1.157807513705e-05,0.000000000000e+00,6.590672477981e+06
9.494881765433e+00,1.157807513705e-05,0.000000000000e+00,6.205794898223e+06
1.001381565354e+01,1.157807513705e-05,0.000000000000e+00,5.843380079066e+06
1.056111138827e+01,1.157807513705e-05,0.000000000000e+00,5.502117204339e+06
1.113831905982e+01,1.157807513705e-05,0.000000000000e+00,5.180771956918e+06
1.174707347714e+01,1.157807513705e-05,0.000000000000e+00,4.878182054340e+06
1.238909879816e+01,1.157807513705e-05,0.000000000000e+00,4.593253044944e+06
1.306621341299e+01,1.157807513705e-05,0.000000000000e+00,4.324954349325e+06
1.378033509421e+01,1.157807513705e-05,0.000000000000e+00,4.072315532798e+06
1.453348642843e+01,1.157807513705e-05,0.000000000000e+00,3.834422795376e+06
1.532780054486e+01,1.157807513705e-05,0.000000000000e+00,3.610415666571e+06
1.616552715688e+01,1.157807513705e-05,0.000000000000e+00,3.399483893065e+06
1.704903893387e+01,1.157807513705e-05,0.000000000000e+00,3.200864508003e+06
1.798083822122e+01,1.157807513705e-05,0.000000000000e+00,3.013839071284e+06
1.896356412767e+01,1.157807513705e-05,0.000000000000e+00,2.837731070898e+06
2.000000000000e+01,1.157807513705e-05,0.000000000000e+00,2.671903475889e+06
7.000000000000e-01,1.340518238791e-05,1.422374382741e+07,1.182246876218e+08
7.382578457164e-01,1.340518238791e-05,1.291611407339e+07,1.113249466896e+08
7.786066382311e-01,1.340518238791e-05,1.171311921442e+07,1.048278634882e+08
8.211606562871e-01,1.340518238791e-05,1.060702779606e+07,9.870993959514e+07
8.660404244251e-01,1.340518238791e-05,9.590648966583e+06,9.294904791733e+07
9.133730543420e-01,1.340518238791e-05,8.657296284780e+06,8.752435266277e+07
9.632926049056e-01,1.340518238791e-05,7.800753861375e+06,8.241623398230e+07
1.015940461846e+00,1.340518238791e-05,7.015244688682e+06,7.760621700920e+07
1.071465738198e+00,1.340518238791e-05,6.295401021929e+06,7.307690503999e+07
1.130025696630e+00,1.340518238791e-05,5.636236683916e+06,6.881191661463e+07
1.191786194854e+00,1.340518238791e-05,5.033121172428e+06,6.479582626861e+07
1.256922155382e+00,1.340518238791e-05,4.481755457148e+06,6.101410874268e+07
1.325618060951e+00,1.340518238791e-05,3.978149359675e+06,5.745308644841e+07
1.398068477029e+00,1.340518238791e-05,3.518600416749e+06,5.409987999957e+07
1.474478602879e+00,1.340518238791e-05,3.099674132868e+06,5.094236163037e+07
1.555064852738e+00,1.340518238791e-05,2.718185534215e+06,4.796911133220e+07
1.640055468759e+00,1.340518238791e-05,2.371181941202e+06,4.516937555016e+07
1.729691167460e+00,1.340518238791e-05,2.055926882047e+06,4.253302828991e+07
1.824225821491e+00,1.340518238791e-05,1.769885074517e+06,4.005053449436e+07
1.923927178677e+00,1.340518238791e-05,1.510708407524e+06,3.771291555756e+07
2.029077620350e+00,1.340518238791e-05,1.276222858426e+06,3.551171685123e+07
2.139974961130e+00,1.340518238791e-05,1.064416285902e+06,3.343897714628e+07
2.256933292416e+00,1.340518238791e-05,8.734270419727e+05,3.148719981892e+07
2.380283871978e+00,1.340518238791e-05,7.015333502585e+05,2.964932573710e+07
2.510376062171e+00,1.340518238791e-05,5.471434008662e+05,2.791870772931e+07
2.647578319423e+00,1.340518238791e-05,4.087861153914e+05,2.628908654321e+07
2.792279237804e+00,1.340518238791e-05,2.851025384393e+05,2.475456820744e+07
2.944888649628e+00,1.340518238791e-05,1.748378147981e+05,2.330960271443e+07
3.105838786213e+00,1.340518238791e-05,7.683371397567e+04,2.194896394732e+07
3.275585502074e+00,1.340518238791e-05,0.000000000000e+00,2.066773077826e+07
3.454609566030e+00,1.340518238791e-05,0.000000000000e+00,1.946126926983e+07
3.643418022870e+00,1.340518238791e-05,0.000000000000e+00,1.832521591514e+07
3.842545629440e+00,1.340518238791e-05,0.000000000000e+00,1.725546185596e+07
4.052556369225e+00,1.340518238791e-05,0.000000000000e+00,1.624813802197e+07
4.274045049697e+00,1.340518238791e-05,0.000000000000e+00,1.529960113713e+07
4.507638986977e+00,1.340518238791e-05,0.000000000000e+00,1.440642054277e+07
4.753999782561e+00,1.340518238791e-05,0.000000000000e+00,1.356536578966e+07
5.013825197157e+00,1.340518238791e-05,0.000000000000e+00,1.277339495415e+07
5.287851126931e+00,1.340518238791e-05,0.000000000000e+00,1.202764363620e+07
5.576853687767e+00,1.340518238791e-05,0.000000000000e+00,1.132541459940e+07
5.881651413438e+00,1.340518238791e-05,0.000000000000e+00,1.066416801571e+07
6.203107573913e+00,1.340518238791e-05,0.000000000000e+00,1.004151227931e+07
6.542132620377e+00,1.340518238791e-05,0.000000000000e+00,9.455195356721e+06
6.899686763872e+00,1.340518238791e-05,0.000000000000e+00,8.903096641597e+06
7.276782694877e+00,1.340518238791e-05,0.000000000000e+00,8.383219284896e+06
7.674488451523e+00,1.340518238791e-05,0.000000000000e+00,7.893682972641e+06
8.093930444567e+00,1.340518238791e-05,0.000000000000e+00,7.432717125156e+06
8.536296647692e+00,1.340518238791e-05,0.000000000000e+00,6.998654493172e+06
9.002839962173e+00,1.340518238791e-05,0.000000000000e+00,6.589925127651e+06
9.494881765433e+00,1.340518238791e-05,0.000000000000e+00,6.205050701511e+06
1.001381565354e+01,1.340518238791e-05,0.000000000000e+00,5.842639162723e+06
1.056111138827e+01,1.340518238791e-05,0.000000000000e+00,5.501379699430e+06
1.113831905982e+01,1.340518238791e-05,0.000000000000e+00,5.180037998884e+06
1.174707347714e+01,1.340518238791e-05,0.000000000000e+00,4.877451783054e+06
1.238909879816e+01,1.340518238791e-05,0.000000000000e+00,4.592526604755e+06
1.306621341299e+01,1.340518238791e-05,0.000000000000e+00,4.324231889097e+06
1.378033509421e+01,1.340518238791e-05,0.000000000000e+00,4.071597205929e+06
1.453348642843e+01,1.340518238791e-05,0.000000000000e+00,3.833708759806e+06
1.532780054486e+01,1.340518238791e-05,0.000000000000e+00,3.609706084774e+06
1.616552715688e+01,1.340518238791e-05,0.000000000000e+00,3.398778932027e+06
1.704903893387e+01,1.340518238791e-05,0.000000000000e+00,3.200164339175e+06
1.798083822122e+01,1.340518238791e-05,0.000000000000e+00,3.013143870517e+06
1.896356412767e+01,1.340518238791e-05,0.000000000000e+00,2.837041018356e+06
2.000000000000e+01,1.340518238791e-05,0.000000000000e+00,2.671218755936e+06
7.000000000000e-01,1.552062089131e-05,1.422497223636e+07,1.182237475772e+08
7.382578457164e-01,1.552062089131e-05,1.291734583624e+07,1.113240071330e+08
7.786066382311e-01,1.552062089131e-05,1.171435429243e+07,1.048269244410e+08
8.211606562871e-01,1.552062089131e-05,1.060826614835e+07,9.870900107962e+07
8.660404244251e-01,1.552062089131e-05,9.591890550045e+06,9.294810995686e+07
9.133730543420e-01,1.552062089131e-05,8.658541054018e+06,8.752341528171e+07
9.632926049056e-01,1.552062089131e-05,7.802001768627e+06,8.241529720604e+07
1.015940461846e+00,1.552062089131e-05,7.016495683741e+06,7.760528086427e+07
1.071465738198e+00,1.552062089131e-05,6.296655052062e+06,7.307596955405e+07
1.130025696630e+00,1.552062089131e-05,5.637493693780e+06,6.881098181653e+07
1.191786194854e+00,1.552062089131e-05,5.034381103980e+06,6.479489218847e+07
1.256922155382e+00,1.552062089131e-05,4.483018249550e+06,6.101317541192e+07
1.325618060951e+00,1.552062089131e-05,3.979414949197e+06,5.745215389982e+07
1.398068477029e+00,1.552062089131e-05,3.519868736671e+06,5.409894826733e+07
1.474478602879e+00,1.552062089131e-05,3.100945113370e+06,5.094143075015e+07
1.555064852738e+00,1.552062089131e-05,2.719459102268e+06,4.796818134122e+07
1.640055468759e+00,1.552062089131e-05,2.372458020454e+06,4.516844648721e+07
1.729691167460e+00,1.552062089131e-05,2.057205392699e+06,4.253210019546e+07
1.824225821491e+00,1.552062089131e-05,1.771165933204e+06,4.004960741061e+07
1.923927178677e+00,1.552062089131e-05,1.511991527180e+06,3.771198952853e+07
2.029077620350e+00,1.552062089131e-05,1.277508148152e+06,3.551079192280e+07
2.139974961130e+00,1.552062089131e-05,1.065703650826e+06,3.343805336629e+07
2.256933292416e+00,1.552062089131e-05,8.747163831029e+05,3.148627723724e+07
2.380283871978e+00,1.552062089131e-05,7.028245643343e+05,2.964840440572e+07
2.510376062171e+00,1.552062089131e-05,5.484363802013e+05,2.791778770240e+07
2.647578319423e+00,1.552062089131e-05,4.100807477133e+05,2.628816787724e+07
2.792279237804e+00,1.552062089131e-05,2.863987067222e+05,2.475365096124e+07
2.944888649628e+00,1.552062089131e-05,1.761353970912e+05,2.330868694929e+07
3.105838786213e+00,1.552062089131e-05,7.813258322609e+04,2.194804972709e+07
3.275585502074e+00,1.552062089131e-05,3.362689718313e+02,2.066681816944e+07
3.454609566030e+00,1.552062089131e-05,0.000000000000e+00,1.946035834168e+07
3.643418022870e+00,1.552062089131e-05,0.000000000000e+00,1.832430673976e+07
3.842545629440e+00,1.552062089131e-05,0.000000000000e+00,1.725455450841e+07
4.052556369225e+00,1.552062089131e-05,0.000000000000e+00,1.624723258037e+07
4.274045049697e+00,1.552062089131e-05,0.000000000000e+00,1.529869768278e+07
4.507638986977e+00,1.552062089131e-05,0.000000000000e+00,1.440551916025e+07
4.753999782561e+00,1.552062089131e-05,0.000000000000e+00,1.356446656693e+07
5.013825197157e+00,1.552062089131e-05,0.000000000000e+00,1.277249798269e+07
5.287851126931e+00,1.552062089131e-05,0.000000000000e+00,1.202674901108e+07
5.576853687767e+00,1.552062089131e-05,0.000000000000e+00,1.132452241948e+07
5.881651413438e+00,1.552062089131e-05,0.000000000000e+00,1.066327838364e+07
6.203107573913e+00,1.552062089131e-05,0.000000000000e+00,1.004062530176e+07
6.542132620377e+00,1.552062089131e-05,0.000000000000e+00,9.454311144418e+06
6.899686763872e+00,1.552062089131e-05,0.000000000000e+00,8.902215309473e+06
7.276782694877e+00,1.552062089131e-05,0.000000000000e+00,8.382340952198e+06
7.674488451523e+00,1.552062089131e-05,0.000000000000e+00,7.892807763042e+06
8.093930444567e+00,1.552062089131e-05,0.000000000000e+00,7.431845166864e+06
8.536296647692e+00,1.552062089131e-05,0.000000000000e+00,6.997785919037e+06
9.002839962173e+00,1.552062089131e-05,0.000000000000e+00,6.589060075266e+06
9.494881765433e+00,1.552062089131e-05,0.000000000000e+00,6.204189313308e+06
1.001381565354e+01,1.552062089131e-05,0.000000000000e+00,5.841781586065e+06
1.056111138827e+01,1.552062089131e-05,0.000000000000e+00,5.500526086690e+06
1.113831905982e+01,1.552062089131e-05,0.000000000000e+00,5.179188507521e+06
1.174707347714e+01,1.552062089131e-05,0.000000000000e+00,4.876606575677e+06
1.238909879816e+01,1.552062089131e-05,0.000000000000e+00,4.591685849175e+06
1.306621341299e+01,1.552062089131e-05,0.000000000000e+00,4.323395758365e+06
1.378033509421e+01,1.552062089131e-05,0.000000000000e+00,4.070765878362e+06
1.453348642843e+01,1.552062089131e-05,0.000000000000e+00,3.832882418994e+06
1.532780054486e+01,1.552062089131e-05,0.000000000000e+00,3.608884919571e+06
1.616552715688e+01,1.552062089131e-05,0.000000000000e+00,3.397963136517e+06
1.704903893387e+01,1.552062089131e-05,0.000000000000e+00,3.199354112620e+06
1.798083822122e+01,1.552062089131e-05,0.000000000000e+00,3.012339417282e+06
1.896356412767e+01,1.552062089131e-05,0.000000000000e+00,2.836242547800e+06
2.000000000000e+01,1.552062089131e-05,0.000000000000e+00,2.670426482280e+06
7.000000000000e-01,1.796989148533e-05,1.422639434968e+07,1.182226592023e+08
7.382578457164e-01,1.796989148533e-05,1.291877182327e+07,1.113229193243e+08
7.786066382311e-01,1.796989148533e-05,1.171578410775e+07,1.048258372234e+08
8.211606562871e-01,1.796989148533e-05,1.060969974401e+07,9.870791447914e+07
8.660404244251e-01,1.796989148533e-05,9.593327875497e+06,9.294702400055e+07
9.133730543420e-01,1.796989148533e-05,8.659982056021e+06,8.752232999784e+07
9.632926049056e-01,1.796989148533e-05,7.803446391159e+06,8.241421262413e+07
1.015940461846e+00,1.796989148533e-05,7.017943867911e+06,7.760419701510e+07
1.071465738198e+00,1.796989148533e-05,6.298106736009e+06,7.307488646976e+07
1.130025696630e+00,1.796989148533e-05,5.638948812574e+06,6.880989953066e+07
1.191786194854e+00,1.796989148533e-05,5.035839589514e+06,6.479381073600e+07
1.256922155382e+00,1.796989148533e-05,4.484480030433e+06,6.101209482936e+07
1.325618060951e+00,1.796989148533e-05,3.980879950637e+06,5.745107422525e+07
1.398068477029e+00,1.796989148533e-05,3.521336880352e+06,5.409786954049e+07
1.474478602879e+00,1.796989148533e-05,3.102416317330e+06,5.094035301248e+07
1.555064852738e+00,1.796989148533e-05,2.720933280765e+06,4.796710463595e+07
1.640055468759e+00,1.796989148533e-05,2.373935083832e+06,4.516737085944e+07
1.729691167460e+00,1.796989148533e-05,2.058685247245e+06,4.253102569223e+07
1.824225821491e+00,1.796989148533e-05,1.772648480998e+06,4.004853408097e+07
1.923927178677e+00,1.796989148533e-05,1.513476665944e+06,3.771091742362e+07
2.029077620350e+00,1.796989148533e-05,1.278995771090e+06,3.550972109597e+07
2.139974961130e+00,1.796989148533e-05,1.067193646457e+06,3.343698387313e+07
2.256933292416e+00,1.796989148533e-05,8.762086350900e+05,3.148520913573e+07
2.380283871978e+00,1.796989148533e-05,7.043189513049e+05,2.964733775629e+07
2.510376062171e+00,1.796989148533e-05,5.499327755641e+05,2.791672256804e+07
2.647578319423e+00,1.796989148533e-05,4.115790194670e+05,2.628710432359e+07
2.792279237804e+00,1.796989148533e-05,2.878987172586e+05,2.475258905670e+07
2.944888649628e+00,1.796989148533e-05,1.776370029917e+05,2.330762676513e+07
3.105838786213e+00,1.796989148533e-05,7.963563505255e+04,2.194699133754e+07
3.275585502074e+00,1.796989148533e-05,7.835359929746e+02,2.066576165184e+07
3.454609566030e+00,1.796989148533e-05,0.000000000000e+00,1.945930377656e+07
3.643418022870e+00,1.796989148533e-05,0.000000000000e+00,1.832325421096e+07
3.842545629440e+00,1.796989148533e-05,0.000000000000e+00,1.725350410323e+07
4.052556369225e+00,1.796989148533e-05,0.000000000000e+00,1.624618438967e+07
4.274045049697e+00,1.796989148533e-05,0.000000000000e+00,1.529765180110e+07
4.507638986977e+00,1.796989148533e-05,0.000000000000e+00,1.440447568595e+07
4.753999782561e+00,1.796989148533e-05,0.000000000000e+00,1.356342560234e+07
5.013825197157e+00,1.796989148533e-05,0.000000000000e+00,1.277145963419e+07
5.287851126931e+00,1.796989148533e-05,0.000000000000e+00,1.202571338930e+07
5.576853687767e+00,1.796989148533e-05,0.000000000000e+00,1.132348963936e+07
5.881651413438e+00,1.796989148533e-05,0.000000000000e+00,1.066224856463e+07
6.203107573913e+00,1.796989148533e-05,0.000000000000e+00,1.003959856792e+07
6.542132620377e+00,1.796989148533e-05,0.000000000000e+00,9.453287624560e+06
6.899686763872e+00,1.796989148533e-05,0.000000000000e+00,8.901195137306e+06
7.276782694877e+00,1.796989148533e-05,0.000000000000e+00,8.381324266445e+06
7.674488451523e+00,1.796989148533e-05,0.000000000000e+00,7.891794707580e+06
8.093930444567e+00,1.796989148533e-05,0.000000000000e+00,7.430835890847e+06
8.536296647692e+00,1.796989148533e-05,0.000000000000e+00,6.996780577019e+06
9.002839962173e+00,1.796989148533e-05,0.000000000000e+00,6.588058827320e+06
9.494881765433e+00,1.796989148533e-05,0.000000000000e+00,6.203192325138e+06
1.001381565354e+01,1.796989148533e-05,0.000000000000e+00,5.840789029107e+06
1.056111138827e+01,1.796989148533e-05,0.000000000000e+00,5.499538138211e+06
1.113831905982e+01,1.796989148533e-05,0.000000000000e+00,5.178205350702e+06
1.174707347714e+01,1.796989148533e-05,0.000000000000e+00,4.875628399685e+06
1.238909879816e+01,1.796989148533e-05,0.000000000000e+00,4.590712849224e+06
1.306621341299e+01,1.796989148533e-05,0.000000000000e+00,4.322428135760e+06
1.378033509421e+01,1.796989148533e-05,0.000000000000e+00,4.069803840525e+06
1.453348642843e+01,1.796989148533e-05,0.000000000000e+00,3.831926179471e+06
1.532780054486e+01,1.796989148533e-05,0.000000000000e+00,3.607934698018e+06
1.616552715688e+01,1.796989148533e-05,0.000000000000e+00,3.397019158664e+06
1.704903893387e+01,1.796989148533e-05,0.000000000000e+00,3.198416610203e+06
1.798083822122e+01,1.796989148533e-05,0.000000000000e+00,3.011408627950e+06
1.896356412767e+01,1.796989148533e-05,0.000000000000e+00,2.835318714992e+06
2.000000000000e+01,1.796989148533e-05,0.000000000000e+00,2.669509855063e+06
7.000000000000e-01,2.080567538217e-05,1.422804068508e+07,1.182213990949e+08
7.382578457164e-01,2.080567538217e-05,1.292042263100e+07,1.113216598742e+08
7.786066382311e-01,2.080567538217e-05,1.171743933446e+07,1.048245784595e+08
8.211606562871e-01,2.080567538217e-05,1.061135933337e+07,9.870665643156e+07
8.660404244251e-01,2.080567538217e-05,9.594991768119e+06,9.294576670081e+07
9.133730543420e-01,2.080567538217e-05,8.661650189346e+06,8.752107347881e+07
9.632926049056e-01,2.080567538217e-05,7.805118699362e+06,8.241295692010e+07
1.015940461846e+00,2.080567538217e-05,7.019620281784e+06,7.760294216187e+07
1.071465738198e+00,2.080567538217e-05,6.299787182850e+06,7.307363250468e+07
1.130025696630e+00,2.080567538217e-05,5.640633216064e+06,6.880864649270e+07
1.191786194854e+00,2.080567538217e-05,5.037527869593e+06,6.479255866584e+07
1.256922155382e+00,2.080567538217e-05,4.486172103165e+06,6.101084376942e+07
1.325618060951e+00,2.080567538217e-05,3.982575728077e+06,5.744982421981e+07
1.398068477029e+00,2.080567538217e-05,3.523036270401e+06,5.409662063574e+07
1.474478602879e+00,2.080567538217e-05,3.104119223586e+06,5.093910525661e+07
1.555064852738e+00,2.080567538217e-05,2.722639602365e+06,4.796585807924e+07
1.640055468759e+00,2.080567538217e-05,2.375644715292e+06,4.516612555432e+07
1.729691167460e+00,2.080567538217e-05,2.060398078292e+06,4.252978169338e+07
1.824225821491e+00,2.080567538217e-05,1.774364396392e+06,4.004729144544e+07
1.923927178677e+00,2.080567538217e-05,1.515195545296e+06,3.770967621091e+07
2.029077620350e+00,2.080567538217e-05,1.280717488672e+06,3.550848136809e+07
2.139974961130e+00,2.080567538217e-05,1.068918071006e+06,3.343574569477e+07
2.256933292416e+00,2.080567538217e-05,8.779356296039e+05,3.148397257432e+07
2.380283871978e+00,2.080567538217e-05,7.060483728294e+05,2.964610288213e+07
2.510376062171e+00,2.080567538217e-05,5.516644749748e+05,2.791548945439e+07
2.647578319423e+00,2.080567538217e-05,4.133128412431e+05,2.628587304681e+07
2.792279237804e+00,2.080567538217e-05,2.896344992491e+05,2.475135969638e+07
2.944888649628e+00,2.080567538217e-05,1.793745761747e+05,2.330639940418e+07
3.105838786213e+00,2.080567538217e-05,8.137482328691e+04,2.194576606235e+07
3.275585502074e+00,2.080567538217e-05,1.601928853496e+03,2.066453855238e+07
3.454609566030e+00,2.080567538217e-05,0.000000000000e+00,1.945808294653e+07
3.643418022870e+00,2.080567538217e-05,0.000000000000e+00,1.832203574794e+07
3.842545629440e+00,2.080567538217e-05,0.000000000000e+00,1.725228810881e+07
4.052556369225e+00,2.080567538217e-05,0.000000000000e+00,1.624497096959e+07
4.274045049697e+00,2.080567538217e-05,0.000000000000e+00,1.529644106539e+07
4.507638986977e+00,2.080567538217e-05,0.000000000000e+00,1.440326774910e+07
4.753999782561e+00,2.080567538217e-05,0.000000000000e+00,1.356222058344e+07
5.013825197157e+00,2.080567538217e-05,0.000000000000e+00,1.277025765709e+07
5.287851126931e+00,2.080567538217e-05,0.000000000000e+00,1.202451458274e+07
5.576853687767e+00,2.080567538217e-05,0.000000000000e+00,1.132229413717e+07
5.881651413438e+00,2.080567538217e-05,0.000000000000e+00,1.066105650585e+07
6.203107573913e+00,2.080567538217e-05,0.000000000000e+00,1.003841009697e+07
6.542132620377e+00,2.080567538217e-05,0.000000000000e+00,9.452102891417e+06
6.899686763872e+00,2.080567538217e-05,0.000000000000e+00,8.900014297620e+06
7.276782694877e+00,2.080567538217e-05,0.000000000000e+00,8.380147481724e+06
7.674488451523e+00,2.080567538217e-05,0.000000000000e+00,7.890622145331e+06
8.093930444567e+00,2.080567538217e-05,0.000000000000e+00,7.429667724725e+06
8.536296647692e+00,2.080567538217e-05,0.000000000000e+00,6.995616986968e+06
9.002839962173e+00,2.080567538217e-05,0.000000000000e+00,6.586899999710e+06
9.494881765433e+00,2.080567538217e-05,0.000000000000e+00,6.202038452896e+06
1.001381565354e+01,2.080567538217e-05,0.000000000000e+00,5.839640311834e+06
1.056111138827e+01,2.080567538217e-05,0.000000000000e+00,5.498394782294e+06
1.113831905982e+01,2.080567538217e-05,0.000000000000e+00,5.177067569409e+06
1.174707347714e+01,2.080567538217e-05,0.000000000000e+00,4.874496413253e+06
1.238909879816e+01,2.080567538217e-05,0.000000000000e+00,4.589586884923e+06
1.306621341299e+01,2.080567538217e-05,0.000000000000e+00,4.321308427942e+06
1.378033509421e+01,2.080567538217e-05,0.000000000000e+00,4.068690630656e+06
1.453348642843e+01,2.080567538217e-05,0.000000000000e+00,3.830819716134e+06
1.532780054486e+01,2.080567538217e-05,0.000000000000e+00,3.606835236894e+06
1.616552715688e+01,2.080567538217e-05,0.000000000000e+00,3.395926962485e+06
1.704903893387e+01,2.080567538217e-05,0.000000000000e+00,3.197331948674e+06
1.798083822122e+01,2.080567538217e-05,0.000000000000e+00,3.010331777635e+06
1.896356412767e+01,2.080567538217e-05,0.000000000000e+00,2.834249959162e+06
2.000000000000e+01,2.080567538217e-05,0.000000000000e+00,2.668449483510e+06
7.000000000000e-01,2.408896728518e-05,1.422994655910e+07,1.182199401615e+08
7.382578457164e-01,2.408896728518e-05,1.292233366613e+07,1.113202017041e+08
7.786066382311e-01,2.408896728518e-05,1.171935546790e+07,1.048231210863e+08
8.211606562871e-01,2.408896728518e-05,1.061328049881e+07,9.870519989031e+07
8.660404244251e-01,2.408896728518e-05,9.596917895639e+06,9.294431102814e+07
9.133730543420e-01,2.408896728518e-05,8.663581205301e+06,8.751961871293e+07
9.632926049056e-01,2.408896728518e-05,7.807054526246e+06,8.241150310090e+07
1.015940461846e+00,2.408896728518e-05,7.021560838101e+06,7.760148933096e+07
1.071465738198e+00,2.408896728518e-05,6.301732382979e+06,7.307218070550e+07
1.130025696630e+00,2.408896728518e-05,5.642582970111e+06,6.880719577059e+07
1.191786194854e+00,2.408896728518e-05,5.039482083247e+06,6.479110906808e+07
1.256922155382e+00,2.408896728518e-05,4.488130677538e+06,6.100939534539e+07
1.325618060951e+00,2.408896728518e-05,3.984538559537e+06,5.744837702101e+07
1.398068477029e+00,2.408896728518e-05,3.525003250408e+06,5.409517471591e+07
1.474478602879e+00,2.408896728518e-05,3.106090238508e+06,5.093766067181e+07
1.555064852738e+00,2.408896728518e-05,2.724614533296e+06,4.796441488795e+07
1.640055468759e+00,2.408896728518e-05,2.377623437856e+06,4.516468381756e+07
1.729691167460e+00,2.408896728518e-05,2.062380462442e+06,4.252834147480e+07
1.824225821491e+00,2.408896728518e-05,1.776350306204e+06,4.004585281142e+07
1.923927178677e+00,2.408896728518e-05,1.517184838746e+06,3.770823923066e+07
2.029077620350e+00,2.408896728518e-05,1.282710017413e+06,3.550704611382e+07
2.139974961130e+00,2.408896728518e-05,1.070913680133e+06,3.343431224176e+07
2.256933292416e+00,2.408896728518e-05,8.799341574090e+05,3.148254100105e+07
2.380283871978e+00,2.408896728518e-05,7.080496505537e+05,2.964467327043e+07
2.510376062171e+00,2.408896728518e-05,5.536683265449e+05,2.791406188955e+07
2.647578319423e+00,2.408896728518e-05,4.153190830029e+05,2.628444761775e+07
2.792279237804e+00,2.408896728518e-05,2.916429396818e+05,2.474993649574e+07
2.944888649628e+00,2.408896728518e-05,1.813850156169e+05,2.330497852850e+07
3.105838786213e+00,2.408896728518e-05,8.338705363404e+04,2.194434761222e+07
3.275585502074e+00,2.408896728518e-05,2.596137061072e+03,2.066312263257e+07
3.454609566030e+00,2.408896728518e-05,0.000000000000e+00,1.945666966617e+07
3.643418022870e+00,2.408896728518e-05,0.000000000000e+00,1.832062522067e+07
3.842545629440e+00,2.408896728518e-05,0.000000000000e+00,1.725088045294e+07
4.052556369225e+00,2.408896728518e-05,0.000000000000e+00,1.624356630827e+07
4.274045049697e+00,2.408896728518e-05,0.000000000000e+00,1.529503952681e+07
4.507638986977e+00,2.408896728518e-05,0.000000000000e+00,1.440186946662e+07
4.753999782561e+00,2.408896728518e-05,0.000000000000e+00,1.356082569577e+07
5.013825197157e+00,2.408896728518e-05,0.000000000000e+00,1.276886630851e+07
5.287851126931e+00,2.408896728518e-05,0.000000000000e+00,1.202312692325e+07
5.576853687767e+00,2.408896728518e-05,0.000000000000e+00,1.132091032267e+07
5.881651413438e+00,2.408896728518e-05,0.000000000000e+00,1.065967669835e+07
6.203107573913e+00,2.408896728518e-05,0.000000000000e+00,1.003703446475e+07
6.542132620377e+00,2.408896728518e-05,0.000000000000e+00,9.450731609202e+06
6.899686763872e+00,2.408896728518e-05,0.000000000000e+00,8.898647546791e+06
7.276782694877e+00,2.408896728518e-05,0.000000000000e+00,8.378785450480e+06
7.674488451523e+00,2.408896728518e-05,0.000000000000e+00,7.889265028863e+06
8.093930444567e+00,2.408896728518e-05,0.000000000000e+00,7.428315725393e+06
8.536296647692e+00,2.408896728518e-05,0.000000000000e+00,6.994270314466e+06
9.002839962173e+00,2.408896728518e-05,0.000000000000e+00,6.585558871222e+06
9.494881765433e+00,2.408896728518e-05,0.000000000000e+00,6.200703093245e+06
1.001381565354e+01,2.408896728518e-05,0.000000000000e+00,5.838310953625e+06
1.056111138827e+01,2.408896728518e-05,0.000000000000e+00,5.497071666036e+06
1.113831905982e+01,2.408896728518e-05,0.000000000000e+00,5.175750943630e+06
1.174707347714e+01,2.408896728518e-05,0.000000000000e+00,4.873186534592e+06
1.238909879816e+01,2.408896728518e-05,0.000000000000e+00,4.588284018211e+06
1.306621341299e+01,2.408896728518e-05,0.000000000000e+00,4.320012846255e+06
1.378033509421e+01,2.408896728518e-05,0.000000000000e+00,4.067402615343e+06
1.453348642843e+01,2.408896728518e-05,0.000000000000e+00,3.829539556824e+06
1.532780054486e+01,2.408896728518e-05,0.000000000000e+00,3.605563231471e+06
1.616552715688e+01,2.408896728518e-05,0.000000000000e+00,3.394663417025e+06
1.704903893387e+01,2.408896728518e-05,0.000000000000e+00,3.196077177347e+06
1.798083822122e+01,2.408896728518e-05,0.000000000000e+00,3.009086102573e+06
1.896356412767e+01,2.408896728518e-05,0.000000000000e+00,2.833013710277e+06
2.000000000000e+01,2.408896728518e-05,0.000000000000e+00,2.667222998265e+06
7.000000000000e-01,2.789038732018e-05,1.423215283855e+07,1.182182510356e+08
7.382578457164e-01,2.789038732018e-05,1.292454589840e+07,1.113185134650e+08
7.786066382311e-01,2.789038732018e-05,1.172157357887e+07,1.048214337730e+08
8.211606562871e-01,2.789038732018e-05,1.061550441027e+07,9.870351354377e+07
8.660404244251e-01,2.789038732018e-05,9.599147525087e+06,9.294262569090e+07
9.133730543420e-01,2.789038732018e-05,8.665816465833e+06,8.751793442944e+07
9.632926049056e-01,2.789038732018e-05,7.809295326394e+06,8.240981991756e+07
1.015940461846e+00,2.789038732018e-05,7.023807081678e+06,7.759980729622e+07
1.071465738198e+00,2.789038732018e-05,6.303983968914e+06,7.307049986991e+07
1.130025696630e+00,2.789038732018e-05,5.644839792281e+06,6.880551618690e+07
1.191786194854e+00,2.789038732018e-05,5.041744030291e+06,6.478943079136e+07
1.256922155382e+00,2.789038732018e-05,4.490397632674e+06,6.100771843309e+07
1.325618060951e+00,2.789038732018e-05,3.986810400365e+06,5.744670153309e+07
1.398068477029e+00,2.789038732018e-05,3.527279848703e+06,5.409350071492e+07
1.474478602879e+00,2.789038732018e-05,3.108371460011e+06,5.093598822303e+07
1.555064852738e+00,2.789038732018e-05,2.726900237490e+06,4.796274405948e+07
1.640055468759e+00,2.789038732018e-05,2.379913477733e+06,4.516301468045e+07
1.729691167460e+00,2.789038732018e-05,2.064674684264e+06,4.252667410316e+07
1.824225821491e+00,2.789038732018e-05,1.778648549250e+06,4.004418728254e+07
1.923927178677e+00,2.789038732018e-05,1.519486935056e+06,3.770657562519e+07
2.029077620350e+00,2.789038732018e-05,1.285015791516e+06,3.550538451585e+07
2.139974961130e+00,2.789038732018e-05,1.073222948763e+06,3.343265273897e+07
2.256933292416e+00,2.789038732018e-05,8.822467292214e+05,3.148088368488e+07
2.380283871978e+00,2.789038732018e-05,7.103653258184e+05,2.964301823621e+07
2.510376062171e+00,2.789038732018e-05,5.559868968391e+05,2.791240923667e+07
2.647578319423e+00,2.789038732018e-05,4.176403308889e+05,2.628279744979e+07
2.792279237804e+00,2.789038732018e-05,2.939666383764e+05,2.474828892066e+07
2.944888649628e+00,2.789038732018e-05,1.837109286503e+05,2.330333365882e+07
3.105838786213e+00,2.789038732018e-05,8.571493449920e+04,2.194270556515e+07
3.275585502074e+00,2.789038732018e-05,3.746665115053e+03,2.066148353024e+07
3.454609566030e+00,2.789038732018e-05,0.000000000000e+00,1.945503363577e+07
3.643418022870e+00,2.789038732018e-05,0.000000000000e+00,1.831899239466e+07
3.842545629440e+00,2.789038732018e-05,0.000000000000e+00,1.724925096925e+07
4.052556369225e+00,2.789038732018e-05,0.000000000000e+00,1.624194031048e+07
4.274045049697e+00,2.789038732018e-05,0.000000000000e+00,1.529341716435e+07
4.507638986977e+00,2.789038732018e-05,0.000000000000e+00,1.440025089498e+07
4.753999782561e+00,2.789038732018e-05,0.000000000000e+00,1.355921107671e+07
5.013825197157e+00,2.789038732018e-05,0.000000000000e+00,1.276725581027e+07
5.287851126931e+00,2.789038732018e-05,0.000000000000e+00,1.202152072075e+07
5.576853687767e+00,2.789038732018e-05,0.000000000000e+00,1.131930859772e+07
5.881651413438e+00,2.789038732018e-05,0.000000000000e+00,1.065807963990e+07
6.203107573913e+00,2.789038732018e-05,0.000000000000e+00,1.003544226905e+07
6.542132620377e+00,2.789038732018e-05,0.000000000000e+00,9.449144480065e+06
6.899686763872e+00,2.789038732018e-05,0.000000000000e+00,8.897065695775e+06
7.276782694877e+00,2.789038732018e-05,0.000000000000e+00,8.377209097104e+06
7.674488451523e+00,2.789038732018e-05,0.000000000000e+00,7.887694400818e+06
8.093930444567e+00,2.789038732018e-05,0.000000000000e+00,7.426751058735e+06
8.536296647692e+00,2.789038732018e-05,0.000000000000e+00,6.992711853808e+06
9.002839962173e+00,2.789038732018e-05,0.000000000000e+00,6.584006869921e+06
9.494881765433e+00,2.789038732018e-05,0.000000000000e+00,6.199157813574e+06
1.001381565354e+01,2.789038732018e-05,0.000000000000e+00,5.836772666933e+06
1.056111138827e+01,2.789038732018e-05,0.000000000000e+00,5.495540652893e+06
1.113831905982e+01,2.789038732018e-05,0.000000000000e+00,5.174227493957e+06
1.174707347714e+01,2.789038732018e-05,0.000000000000e+00,4.871670947772e+06
1.238909879816e+01,2.789038732018e-05,0.000000000000e+00,4.586776603169e+06
1.306621341299e+01,2.789038732018e-05,0.000000000000e+00,4.318513921524e+06
1.378033509421e+01,2.789038732018e-05,0.000000000000e+00,4.065912509096e+06
1.453348642843e+01,2.789038732018e-05,0.000000000000e+00,3.828058606874e+06
1.532780054486e+01,2.789038732018e-05,0.000000000000e+00,3.604091785231e+06
1.616552715688e+01,2.789038732018e-05,0.000000000000e+00,3.393201831437e+06
1.704903893387e+01,2.789038732018e-05,0.000000000000e+00,3.194625818764e+06
1.798083822122e+01,2.789038732018e-05,0.000000000000e+00,3.007645346588e+06
1.896356412767e+01,2.789038732018e-05,0.000000000000e+00,2.831583941511e+06
2.000000000000e+01,2.789038732018e-05,0.000000000000e+00,2.665804610085e+06
7.000000000000e-01,3.229169999944e-05,1.423470680863e+07,1.182162954040e+08
7.382578457164e-01,3.229169999944e-05,1.292710673018e+07,1.113165588642e+08
7.786066382311e-01,3.229169999944e-05,1.172414118472e+07,1.048194802487e+08
8.211606562871e-01,3.229169999944e-05,1.061807869766e+07,9.870156114326e+07
8.660404244251e-01,3.229169999944e-05,9.601728396443e+06,9.294067446384e+07
9.133730543420e-01,3.229169999944e-05,8.668403818340e+06,8.751598442761e+07
9.632926049056e-01,3.229169999944e-05,7.811889051833e+06,8.240787119500e+07
1.015940461846e+00,3.229169999944e-05,7.026407066232e+06,7.759785990934e+07
1.071465738198e+00,3.229169999944e-05,6.306590092973e+06,7.306855387758e+07
1.130025696630e+00,3.229169999944e-05,5.647451930232e+06,6.880357165057e+07
1.191786194854e+00,3.229169999944e-05,5.044362050305e+06,6.478748777517e+07
1.256922155382e+00,3.229169999944e-05,4.493021396478e+06,6.100577700398e+07
1.325618060951e+00,3.229169999944e-05,3.989439763009e+06,5.744476176090e+07
1.398068477029e+00,3.229169999944e-05,3.529914658313e+06,5.409156267255e+07
1.474478602879e+00,3.229169999944e-05,3.111011557533e+06,5.093405198655e+07
1.555064852738e+00,3.229169999944e-05,2.729545456423e+06,4.796080970824e+07
1.640055468759e+00,3.229169999944e-05,2.382563643854e+06,4.516108229725e+07
1.729691167460e+00,3.229169999944e-05,2.067329615334e+06,4.252474377439e+07
1.824225821491e+00,3.229169999944e-05,1.781308054718e+06,4.004225909832e+07
1.923927178677e+00,3.229169999944e-05,1.522150815745e+06,3.770464967951e+07
2.029077620350e+00,3.229169999944e-05,1.287683839296e+06,3.550346090673e+07
2.139974961130e+00,3.229169999944e-05,1.075894946223e+06,3.343073156867e+07
2.256933292416e+00,3.229169999944e-05,8.849224493120e+05,3.147896506002e+07
2.380283871978e+00,3.229169999944e-05,7.130445314986e+05,2.964110226795e+07
2.510376062171e+00,3.229169999944e-05,5.586693407017e+05,2.791049604092e+07
2.647578319423e+00,3.229169999944e-05,4.203257547770e+05,2.628088714736e+07
2.792279237804e+00,3.229169999944e-05,2.966547729876e+05,2.474638163749e+07
2.944888649628e+00,3.229169999944e-05,1.864014931296e+05,2.330142952615e+07
3.105838786213e+00,3.229169999944e-05,8.840763602071e+04,2.194080471973e+07
3.275585502074e+00,3.229169999944e-05,5.077986519281e+03,2.065958611455e+07
3.454609566030e+00,3.229169999944e-05,0.000000000000e+00,1.945313979822e+07
3.643418022870e+00,3.229169999944e-05,0.000000000000e+00,1.831710228983e+07
3.842545629440e+00,3.229169999944e-05,0.000000000000e+00,1.724736475809e+07
4.052556369225e+00,3.229169999944e-05,0.000000000000e+00,1.624005816056e+07
4.274045049697e+00,3.229169999944e-05,0.000000000000e+00,1.529153925007e+07
4.507638986977e+00,3.229169999944e-05,0.000000000000e+00,1.439837739784e+07
4.753999782561e+00,3.229169999944e-05,0.000000000000e+00,1.355734218554e+07
5.013825197157e+00,3.229169999944e-05,0.000000000000e+00,1.276539172145e+07
5.287851126931e+00,3.229169999944e-05,0.000000000000e+00,1.201966163850e+07
5.576853687767e+00,3.229169999944e-05,0.000000000000e+00,1.131745473433e+07
5.881651413438e+00,3.229169999944e-05,0.000000000000e+00,1.065623121596e+07
6.203107573913e+00,3.229169999944e-05,0.000000000000e+00,1.003359951373e+07
6.542132620377e+00,3.229169999944e-05,0.000000000000e+00,9.447307631358e+06
6.899686763872e+00,3.229169999944e-05,0.000000000000e+00,8.895235000734e+06
7.276782694877e+00,3.229169999944e-05,0.000000000000e+00,8.375384812094e+06
7.674488451523e+00,3.229169999944e-05,0.000000000000e+00,7.885876791750e+06
8.093930444567e+00,3.229169999944e-05,0.000000000000e+00,7.424940401300e+06
8.536296647692e+00,3.229169999944e-05,0.000000000000e+00,6.990908433705e+06
9.002839962173e+00,3.229169999944e-05,0.000000000000e+00,6.582210983063e+06
9.494881765433e+00,3.229169999944e-05,0.000000000000e+00,6.197369766295e+06
1.001381565354e+01,3.229169999944e-05,0.000000000000e+00,5.834992776168e+06
1.056111138827e+01,3.229169999944e-05,0.000000000000e+00,5.493769246351e+06
1.113831905982e+01,3.229169999944e-05,0.000000000000e+00,5.172464910267e+06
1.174707347714e+01,3.229169999944e-05,0.000000000000e+00,4.869917536604e+06
1.238909879816e+01,3.229169999944e-05,0.000000000000e+00,4.585032725338e+06
1.306621341299e+01,3.229169999944e-05,0.000000000000e+00,4.316779949051e+06
1.378033509421e+01,3.229169999944e-05,0.000000000000e+00,4.064188825242e+06
1.453348642843e+01,3.229169999944e-05,0.000000000000e+00,3.826345606134e+06
1.532780054486e+01,3.229169999944e-05,0.000000000000e+00,3.602389873288e+06
1.616552715688e+01,3.229169999944e-05,0.000000000000e+00,3.391511425065e+06
1.704903893387e+01,3.229169999944e-05,0.000000000000e+00,3.192947345679e+06
1.798083822122e+01,3.229169999944e-05,0.000000000000e+00,3.005979245250e+06
1.896356412767e+01,3.229169999944e-05,0.000000000000e+00,2.829930660851e+06
2.000000000000e+01,3.229169999944e-05,0.000000000000e+00,2.664164609183e+06
7.000000000000e-01,3.738757288965e-05,1.423766317531e+07,1.182140312276e+08
7.382578457164e-01,3.738757288965e-05,1.293007100054e+07,1.113142958869e+08
7.786066382311e-01,3.738757288965e-05,1.172711325482e+07,1.048172185233e+08
8.211606562871e-01,3.738757288965e-05,1.062105845775e+07,9.869930072534e+07
8.660404244251e-01,3.738757288965e-05,9.604715730769e+06,9.293841541112e+07
9.133730543420e-01,3.738757288965e-05,8.671398604938e+06,8.751372680042e+07
9.632926049056e-01,3.738757288965e-05,7.814891162306e+06,8.240561505633e+07
1.015940461846e+00,3.738757288965e-05,7.029416365524e+06,7.759560532493e+07
1.071465738198e+00,3.738757288965e-05,6.309606439128e+06,7.306630091607e+07
1.130025696630e+00,3.738757288965e-05,5.650475174150e+06,6.880132038361e+07
1.191786194854e+00,3.738757288965e-05,5.047392035476e+06,6.478523827754e+07
1.256922155382e+00,3.738757288965e-05,4.496057958715e+06,6.100352935372e+07
1.325618060951e+00,3.738757288965e-05,3.992482730162e+06,5.744251603948e+07
1.398068477029e+00,3.738757288965e-05,3.532963849973e+06,5.408931896498e+07
1.474478602879e+00,3.738757288965e-05,3.114066784723e+06,5.093181038155e+07
1.555064852738e+00,3.738757288965e-05,2.732606521278e+06,4.795857029839e+07
1.640055468759e+00,3.738757288965e-05,2.385630339284e+06,4.515884517915e+07
1.729691167460e+00,3.738757288965e-05,2.070401724678e+06,4.252250904882e+07
1.824225821491e+00,3.738757288965e-05,1.784385351382e+06,4.004002687043e+07
1.923927178677e+00,3.738757288965e-05,1.525233062824e+06,3.770242005899e+07
2.029077620350e+00,3.738757288965e-05,1.290770789188e+06,3.550123400800e+07
2.139974961130e+00,3.738757288965e-05,1.078986340221e+06,3.342850751107e+07
2.256933292416e+00,3.738757288965e-05,8.880180171891e+05,3.147674396800e+07
2.380283871978e+00,3.738757288965e-05,7.161439910736e+05,2.963888427130e+07
2.510376062171e+00,3.738757288965e-05,5.617723973935e+05,2.790828127495e+07
2.647578319423e+00,3.738757288965e-05,4.234321011437e+05,2.627867575315e+07
2.792279237804e+00,3.738757288965e-05,2.997640882527e+05,2.474417376210e+07
2.944888649628e+00,3.738757288965e-05,1.895134426939e+05,2.329922532285e+07
3.105838786213e+00,3.738757288965e-05,9.152187096193e+04,2.193860434825e+07
3.275585502074e+00,3.738757288965e-05,6.618370723455e+03,2.065738974131e+07
3.454609566030e+00,3.738757288965e-05,0.000000000000e+00,1.945094759660e+07
3.643418022870e+00,3.738757288965e-05,0.000000000000e+00,1.831491444041e+07
3.842545629440e+00,3.738757288965e-05,0.000000000000e+00,1.724518144894e+07
4.052556369225e+00,3.738757288965e-05,0.000000000000e+00,1.623787958746e+07
4.274045049697e+00,3.738757288965e-05,0.000000000000e+00,1.528936561685e+07
4.507638986977e+00,3.738757288965e-05,0.000000000000e+00,1.439620891662e+07
4.753999782561e+00,3.738757288965e-05,0.000000000000e+00,1.355517907701e+07
5.013825197157e+00,3.738757288965e-05,0.000000000000e+00,1.276323421518e+07
5.287851126931e+00,3.738757288965e-05,0.000000000000e+00,1.201750997320e+07
5.576853687767e+00,3.738757288965e-05,0.000000000000e+00,1.131530915818e+07
5.881651413438e+00,3.738757288965e-05,0.000000000000e+00,1.065409198688e+07
6.203107573913e+00,3.738757288965e-05,0.000000000000e+00,1.003146689966e+07
6.542132620377e+00,3.738757288965e-05,0.000000000000e+00,9.445181910582e+06
6.899686763872e+00,3.738757288965e-05,0.000000000000e+00,8.893116462150e+06
7.276782694877e+00,3.738757288965e-05,0.000000000000e+00,8.373273755501e+06
7.674488451523e+00,3.738757288965e-05,0.000000000000e+00,7.883773528130e+06
8.093930444567e+00,3.738757288965e-05,0.000000000000e+00,7.422845253088e+06
8.536296647692e+00,3.738757288965e-05,0.000000000000e+00,6.988821735047e+06
9.002839962173e+00,3.738757288965e-05,0.000000000000e+00,6.580133080068e+06
9.494881765433e+00,3.738757288965e-05,0.000000000000e+00,6.195301017264e+06
1.001381565354e+01,3.738757288965e-05,0.000000000000e+00,5.832933551814e+06
1.056111138827e+01,3.738757288965e-05,0.000000000000e+00,5.491719929989e+06
1.113831905982e+01,3.738757288965e-05,0.000000000000e+00,5.170425897984e+06
1.174707347714e+01,3.738757288965e-05,0.000000000000e+00,4.867889237402e+06
1.238909879816e+01,3.738757288965e-05,0.000000000000e+00,4.583015561239e+06
1.306621341299e+01,3.738757288965e-05,0.000000000000e+00,4.314774355173e+06
1.378033509421e+01,3.738757288965e-05,0.000000000000e+00,4.062195249830e+06
1.453348642843e+01,3.738757288965e-05,0.000000000000e+00,3.824364510544e+06
1.532780054486e+01,3.738757288965e-05,0.000000000000e+00,3.600421731924e+06
1.616552715688e+01,3.738757288965e-05,0.000000000000e+00,3.389556725254e+06
1.704903893387e+01,3.738757288965e-05,0.000000000000e+00,3.191006587495e+06
1.798083822122e+01,3.738757288965e-05,0.000000000000e+00,3.004052941255e+06
1.896356412767e+01,3.738757288965e-05,0.000000000000e+00,2.828019335777e+06
2.000000000000e+01,3.738757288965e-05,0.000000000000e+00,2.662268799524e+06
7.000000000000e-01,4.328761281083e-05,1.424108522249e+07,1.182114098391e+08
7.382578457164e-01,4.328761281083e-05,1.293350214391e+07,1.113116758939e+08
7.786066382311e-01,4.328761281083e-05,1.173055337073e+07,1.048145999879e+08
8.211606562871e-01,4.328761281083e-05,1.062450741564e+07,9.869668371192e+07
8.660404244251e-01,4.328761281083e-05,9.608173392909e+06,9.293579998714e+07
9.133730543420e-01,4.328761281083e-05,8.674864826194e+06,8.751111303626e+07
9.632926049056e-01,4.328761281083e-05,7.818365789867e+06,8.240300302547e+07
1.015940461846e+00,4.328761281083e-05,7.032899238634e+06,7.759299510409e+07
1.071465738198e+00,4.328761281083e-05,6.313097388792e+06,7.306369258535e+07
1.130025696630e+00,4.328761281083e-05,5.653974022831e+06,6.879871402661e+07
1.191786194854e+00,4.328761281083e-05,5.050898596785e+06,6.478263398155e+07
1.256922155382e+00,4.328761281083e-05,4.499572037079e+06,6.100092720986e+07
1.325618060951e+00,4.328761281083e-05,3.996004120480e+06,5.743991614284e+07
1.398068477029e+00,4.328761281083e-05,3.536492337258e+06,5.408672141483e+07
1.474478602879e+00,4.328761281083e-05,3.117602143731e+06,5.092921528148e+07
1.555064852738e+00,4.328761281083e-05,2.736148516115e+06,4.795597775652e+07
1.640055468759e+00,4.328761281083e-05,2.389178723004e+06,4.515625530831e+07
1.729691167460e+00,4.328761281083e-05,2.073956238864e+06,4.251992196673e+07
1.824225821491e+00,4.328761281083e-05,1.787945725702e+06,4.003744269993e+07
1.923927178677e+00,4.328761281083e-05,1.528799014585e+06,3.769983892824e+07
2.029077620350e+00,4.328761281083e-05,1.294342022862e+06,3.549865605070e+07
2.139974961130e+00,4.328761281083e-05,1.082562546955e+06,3.342593286668e+07
2.256933292416e+00,4.328761281083e-05,8.915988743062e+05,3.147417278198e+07
2.380283871978e+00,4.328761281083e-05,7.197291615486e+05,2.963631669535e+07
2.510376062171e+00,4.328761281083e-05,5.653615293159e+05,2.790571746726e+07
2.647578319423e+00,4.328761281083e-05,4.270248271642e+05,2.627611587867e+07
2.792279237804e+00,4.328761281083e-05,3.033600250127e+05,2.474161799277e+07
2.944888649628e+00,4.328761281083e-05,1.931121902407e+05,2.329667383792e+07
3.105838786213e+00,4.328761281083e-05,9.512301214824e+04,2.193605733452e+07
3.275585502074e+00,4.328761281083e-05,8.400459748656e+03,2.065484739344e+07
3.454609566030e+00,4.328761281083e-05,0.000000000000e+00,1.944841011741e+07
3.643418022870e+00,4.328761281083e-05,0.000000000000e+00,1.831238204117e+07
3.842545629440e+00,4.328761281083e-05,0.000000000000e+00,1.724265434968e+07
4.052556369225e+00,4.328761281083e-05,0.000000000000e+00,1.623535801731e+07
4.274045049697e+00,4.328761281083e-05,0.000000000000e+00,1.528684981433e+07
4.507638986977e+00,4.328761281083e-05,0.000000000000e+00,1.439369912999e+07
4.753999782561e+00,4.328761281083e-05,0.000000000000e+00,1.355267556459e+07
5.013825197157e+00,4.328761281083e-05,0.000000000000e+00,1.276073724571e+07
5.287851126931e+00,4.328761281083e-05,0.000000000000e+00,1.201501982616e+07
5.576853687767e+00,4.328761281083e-05,0.000000000000e+00,1.131282612413e+07
5.881651413438e+00,4.328761281083e-05,0.000000000000e+00,1.065161636782e+07
6.203107573913e+00,4.328761281083e-05,0.000000000000e+00,1.002899900939e+07
6.542132620377e+00,4.328761281083e-05,0.000000000000e+00,9.442722074985e+06
6.899686763872e+00,4.328761281083e-05,0.000000000000e+00,8.890665019589e+06
7.276782694877e+00,4.328761281083e-05,0.000000000000e+00,8.370831057131e+06
7.674488451523e+00,4.328761281083e-05,0.000000000000e+00,7.881339938222e+06
8.093930444567e+00,4.328761281083e-05,0.000000000000e+00,7.420421149351e+06
8.536296647692e+00,4.328761281083e-05,0.000000000000e+00,6.986407508929e+06
9.002839962173e+00,4.328761281083e-05,0.000000000000e+00,6.577729137049e+06
9.494881765433e+00,4.328761281083e-05,0.000000000000e+00,6.192907777124e+06
1.001381565354e+01,4.328761281083e-05,0.000000000000e+00,5.830551448881e+06
1.056111138827e+01,4.328761281083e-05,0.000000000000e+00,5.489349413367e+06
1.113831905982e+01,4.328761281083e-05,0.000000000000e+00,5.168067431742e+06
1.174707347714e+01,4.328761281083e-05,0.000000000000e+00,4.865543300737e+06
1.238909879816e+01,4.328761281083e-05,0.000000000000e+00,4.580682648598e+06
1.306621341299e+01,4.328761281083e-05,0.000000000000e+00,4.312454976328e+06
1.378033509421e+01,4.328761281083e-05,0.000000000000e+00,4.059889929906e+06
1.453348642843e+01,4.328761281083e-05,0.000000000000e+00,3.822073789996e+06
1.532780054486e+01,4.328761281083e-05,0.000000000000e+00,3.598146166443e+06
1.616552715688e+01,4.328761281083e-05,0.000000000000e+00,3.387296885618e+06
1.704903893387e+01,4.328761281083e-05,0.000000000000e+00,3.188763059333e+06
1.798083822122e+01,4.328761281083e-05,0.000000000000e+00,3.001826324738e+06
1.896356412767e+01,4.328761281083e-05,0.000000000000e+00,2.825810245221e+06
2.000000000000e+01,4.328761281083e-05,0.000000000000e+00,2.660077862893e+06
7.000000000000e-01,5.011872336273e-05,1.424504614686e+07,1.182083748990e+08
7.382578457164e-01,5.011872336273e-05,1.293747352659e+07,1.113086425797e+08
7.786066382311e-01,5.011872336273e-05,1.173453506414e+07,1.048115683716e+08
8.211606562871e-01,5.011872336273e-05,1.062849926391e+07,9.869365386894e+07
8.660404244251e-01,5.011872336273e-05,9.612175231629e+06,9.293277199622e+07
9.133730543420e-01,5.011872336273e-05,8.678876482072e+06,8.750808697961e+07
9.632926049056e-01,5.011872336273e-05,7.822387080431e+06,8.239997898892e+07
1.015940461846e+00,5.011872336273e-05,7.036929971886e+06,7.758997317726e+07
1.071465738198e+00,5.011872336273e-05,6.317137362864e+06,7.306067286181e+07
1.130025696630e+00,5.011872336273e-05,5.658023025614e+06,6.879569660407e+07
1.191786194854e+00,5.011872336273e-05,5.054956405546e+06,6.477961896200e+07
1.256922155382e+00,5.011872336273e-05,4.503638418061e+06,6.099791469979e+07
1.325618060951e+00,5.011872336273e-05,4.000078828486e+06,5.743690625342e+07
1.398068477029e+00,5.011872336273e-05,3.540575115215e+06,5.408371426210e+07
1.474478602879e+00,5.011872336273e-05,3.121692722235e+06,5.092621098657e+07
1.555064852738e+00,5.011872336273e-05,2.740246612960e+06,4.795297644586e+07
1.640055468759e+00,5.011872336273e-05,2.393284042692e+06,4.515325711383e+07
1.729691167460e+00,5.011872336273e-05,2.078068472091e+06,4.251692702616e+07
1.824225821491e+00,5.011872336273e-05,1.792064548833e+06,4.003445115696e+07
1.923927178677e+00,5.011872336273e-05,1.532924089098e+06,3.769685093281e+07
2.029077620350e+00,5.011872336273e-05,1.298472994782e+06,3.549567175925e+07
2.139974961130e+00,5.011872336273e-05,1.086699046264e+06,3.342295244242e+07
2.256933292416e+00,5.011872336273e-05,8.957405143305e+05,3.147119639516e+07
2.380283871978e+00,5.011872336273e-05,7.238755383324e+05,2.963334452355e+07
2.510376062171e+00,5.011872336273e-05,5.695122209702e+05,2.790274969568e+07
2.647578319423e+00,5.011872336273e-05,4.311793931991e+05,2.627315270043e+07
2.792279237804e+00,5.011872336273e-05,3.075180056509e+05,2.473865960924e+07
2.944888649628e+00,5.011872336273e-05,1.972731057127e+05,2.329372045901e+07
3.105838786213e+00,5.011872336273e-05,9.928636197170e+04,2.193310917906e+07
3.275585502074e+00,5.011872336273e-05,1.248910014693e+04,2.065190468947e+07
3.454609566030e+00,5.011872336273e-05,0.000000000000e+00,1.944547310255e+07
3.643418022870e+00,5.011872336273e-05,0.000000000000e+00,1.830945096299e+07
3.842545629440e+00,5.011872336273e-05,0.000000000000e+00,1.723972946605e+07
4.052556369225e+00,5.011872336273e-05,0.000000000000e+00,1.623243959677e+07
4.274045049697e+00,5.011872336273e-05,0.000000000000e+00,1.528393813648e+07
4.507638986977e+00,5.011872336273e-05,0.000000000000e+00,1.439079448588e+07
4.753999782561e+00,5.011872336273e-05,0.000000000000e+00,1.354977825711e+07
5.013825197157e+00,5.011872336273e-05,0.000000000000e+00,1.275784758997e+07
5.287851126931e+00,5.011872336273e-05,0.000000000000e+00,1.201213814993e+07
5.576853687767e+00,5.011872336273e-05,0.000000000000e+00,1.130995276821e+07
5.881651413438e+00,5.011872336273e-05,0.000000000000e+00,1.064875168646e+07
6.203107573913e+00,5.011872336273e-05,0.000000000000e+00,1.002614337068e+07
6.542132620377e+00,5.011872336273e-05,0.000000000000e+00,9.439875861294e+06
6.899686763872e+00,5.011872336273e-05,0.000000000000e+00,8.887828627923e+06
7.276782694877e+00,5.011872336273e-05,0.000000000000e+00,8.368004899544e+06
7.674488451523e+00,5.011872336273e-05,0.000000000000e+00,7.878524442198e+06
8.093930444567e+00,5.011872336273e-05,0.000000000000e+00,7.417616758174e+06
8.536296647692e+00,5.011872336273e-05,0.000000000000e+00,6.983614682039e+06
9.002839962173e+00,5.011872336273e-05,0.000000000000e+00,6.574948350377e+06
9.494881765433e+00,5.011872336273e-05,0.000000000000e+00,6.190139523412e+06
1.001381565354e+01,5.011872336273e-05,0.000000000000e+00,5.827796237969e+06
1.056111138827e+01,5.011872336273e-05,0.000000000000e+00,5.486607772447e+06
1.113831905982e+01,5.011872336273e-05,0.000000000000e+00,5.165339905588e+06
1.174707347714e+01,5.011872336273e-05,0.000000000000e+00,4.862830451880e+06
1.238909879816e+01,5.011872336273e-05,0.000000000000e+00,4.577985057460e+06
1.306621341299e+01,5.011872336273e-05,0.000000000000e+00,4.309773241305e+06
1.378033509421e+01,5.011872336273e-05,0.000000000000e+00,4.057224667389e+06
1.453348642843e+01,5.011872336273e-05,0.000000000000e+00,3.819425634323e+06
1.532780054486e+01,5.011872336273e-05,0.000000000000e+00,3.595515769783e+06
1.616552715688e+01,5.011872336273e-05,0.000000000000e+00,3.384684917766e+06
1.704903893387e+01,5.011872336273e-05,0.000000000000e+00,3.186170207420e+06
1.798083822122e+01,5.011872336273e-05,0.000000000000e+00,2.999253292845e+06
1.896356412767e+01,5.011872336273e-05,0.000000000000e+00,2.823257753878e+06
2.000000000000e+01,5.011872336273e-05,0.000000000000e+00,2.657546648469e+06
7.000000000000e-01,5.802783448666e-05,1.424963059718e+07,1.182048611879e+08
7.382578457164e-01,5.802783448666e-05,1.294206998743e+07,1.113051307642e+08
7.786066382311e-01,5.802783448666e-05,1.173914335869e+07,1.048080585361e+08
8.211606562871e-01,5.802783448666e-05,1.063311920544e+07,9.869014610163e+07
8.660404244251e-01,5.802783448666e-05,9.616806623125e+06,9.292926638909e+07
9.133730543420e-01,5.802783448666e-05,8.683519115891e+06,8.750458362877e+07
9.632926049056e-01,5.802783448666e-05,7.827040737882e+06,8.239647799477e+07
1.015940461846e+00,5.802783448666e-05,7.041594422827e+06,7.758647464463e+07
1.071465738198e+00,5.802783448666e-05,6.321812365274e+06,7.305717690018e+07
1.130025696630e+00,5.802783448666e-05,5.662708325146e+06,6.879220332775e+07
1.191786194854e+00,5.802783448666e-05,5.059651735057e+06,6.477612849036e+07
1.256922155382e+00,5.802783448666e-05,4.508343497125e+06,6.099442715746e+07
1.325618060951e+00,5.802783448666e-05,4.004793362885e+06,5.743342177052e+07
1.398068477029e+00,5.802783448666e-05,3.545298796407e+06,5.408023297450e+07
1.474478602879e+00,5.802783448666e-05,3.126425226803e+06,5.092273303610e+07
1.555064852738e+00,5.802783448666e-05,2.744987602033e+06,4.794950198057e+07
1.640055468759e+00,5.802783448666e-05,2.398033161349e+06,4.514978628829e+07
1.729691167460e+00,5.802783448666e-05,2.082825348739e+06,4.251346000166e+07
1.824225821491e+00,5.802783448666e-05,1.796828794561e+06,4.003098810187e+07
1.923927178677e+00,5.802783448666e-05,1.537695297008e+06,3.769339202283e+07
2.029077620350e+00,5.802783448666e-05,1.303250739298e+06,3.549221717772e+07
2.139974961130e+00,5.802783448666e-05,1.091482882413e+06,3.341950238065e+07
2.256933292416e+00,5.802783448666e-05,9.005299770054e+05,3.146775105275e+07
2.380283871978e+00,5.802783448666e-05,7.286701415263e+05,2.962990410870e+07
2.510376062171e+00,5.802783448666e-05,5.743114569919e+05,2.789931442558e+07
2.647578319423e+00,5.802783448666e-05,4.359827318650e+05,2.626972280159e+07
2.792279237804e+00,5.802783448666e-05,3.123248934553e+05,2.473523531787e+07
2.944888649628e+00,5.802783448666e-05,2.020829649792e+05,2.329030202139e+07
3.105838786213e+00,5.802783448666e-05,1.040985899846e+05,2.192969685194e+07
3.275585502074e+00,5.802783448666e-05,1.730306826645e+04,2.064849874049e+07
3.454609566030e+00,5.802783448666e-05,0.000000000000e+00,1.944207381062e+07
3.643418022870e+00,5.802783448666e-05,0.000000000000e+00,1.830605861873e+07
3.842545629440e+00,5.802783448666e-05,0.000000000000e+00,1.723634437222e+07
4.052556369225e+00,5.802783448666e-05,0.000000000000e+00,1.622906206871e+07
4.274045049697e+00,5.802783448666e-05,0.000000000000e+00,1.528056850257e+07
4.507638986977e+00,5.802783448666e-05,0.000000000000e+00,1.438743308797e+07
4.753999782561e+00,5.802783448666e-05,0.000000000000e+00,1.354642545104e+07
5.013825197157e+00,5.802783448666e-05,0.000000000000e+00,1.275450374597e+07
5.287851126931e+00,5.802783448666e-05,0.000000000000e+00,1.200880365315e+07
5.576853687767e+00,5.802783448666e-05,0.000000000000e+00,1.130662801917e+07
5.881651413438e+00,5.802783448666e-05,0.000000000000e+00,1.064543710153e+07
6.203107573913e+00,5.802783448666e-05,0.000000000000e+00,1.002283938257e+07
6.542132620377e+00,5.802783448666e-05,0.000000000000e+00,9.436582919529e+06
6.899686763872e+00,5.802783448666e-05,0.000000000000e+00,8.884547199301e+06
7.276782694877e+00,5.802783448666e-05,0.000000000000e+00,8.364735468606e+06
7.674488451523e+00,5.802783448666e-05,0.000000000000e+00,7.875267511678e+06
8.093930444567e+00,5.802783448666e-05,0.000000000000e+00,7.414372849432e+06
8.536296647692e+00,5.802783448666e-05,0.000000000000e+00,6.980384335480e+06
9.002839962173e+00,5.802783448666e-05,0.000000000000e+00,6.571732125849e+06
9.494881765433e+00,5.802783448666e-05,0.000000000000e+00,6.186938000568e+06
1.001381565354e+01,5.802783448666e-05,0.000000000000e+00,5.824610016607e+06
1.056111138827e+01,5.802783448666e-05,0.000000000000e+00,5.483437472807e+06
1.113831905982e+01,5.802783448666e-05,0.000000000000e+00,5.162186168602e+06
1.174707347714e+01,5.802783448666e-05,0.000000000000e+00,4.859693939380e+06
1.238909879816e+01,5.802783448666e-05,0.000000000000e+00,4.574866452321e+06
1.306621341299e+01,5.802783448666e-05,0.000000000000e+00,4.306673247527e+06
1.378033509421e+01,5.802783448666e-05,0.000000000000e+00,4.054144010106e+06
1.453348642843e+01,5.802783448666e-05,0.000000000000e+00,3.816365059729e+06
1.532780054486e+01,5.802783448666e-05,0.000000000000e+00,3.592476044967e+06
1.616552715688e+01,5.802783448666e-05,0.000000000000e+00,3.381666830452e+06
1.704903893387e+01,5.802783448666e-05,0.000000000000e+00,3.183174565593e+06
1.798083822122e+01,5.802783448666e-05,0.000000000000e+00,2.996280924258e+06
1.896356412767e+01,5.802783448666e-05,0.000000000000e+00,2.820309505431e+06
2.000000000000e+01,5.802783448666e-05,0.000000000000e+00,2.654623385448e+06
7.000000000000e-01,6.718506277268e-05,1.425493644798e+07,1.182007932086e+08
7.382578457164e-01,6.718506277268e-05,1.294738961259e+07,1.113010649975e+08
7.786066382311e-01,6.718506277268e-05,1.174447654556e+07,1.048039950808e+08
8.211606562871e-01,6.718506277268e-05,1.063846572944e+07,9.868608506084e+07
8.660404244251e-01,6.718506277268e-05,9.622166247298e+06,9.292520787063e+07
9.133730543420e-01,6.718506277268e-05,8.688891590430e+06,8.750052774522e+07
9.632926049056e-01,6.718506277268e-05,7.832425799661e+06,8.239242486370e+07
1.015940461846e+00,6.718506277268e-05,7.046991794898e+06,7.758242438887e+07
1.071465738198e+00,6.718506277268e-05,6.327221756339e+06,7.305312964798e+07
1.130025696630e+00,6.718506277268e-05,5.668129429006e+06,6.878815921309e+07
1.191786194854e+00,6.718506277268e-05,5.065084230043e+06,6.477208765314e+07
1.256922155382e+00,6.718506277268e-05,4.513787045496e+06,6.099038974379e+07
1.325618060951e+00,6.718506277268e-05,4.010247610206e+06,5.742938793299e+07
1.398068477029e+00,6.718506277268e-05,3.550763370896e+06,5.407620287240e+07
1.474478602879e+00,6.718506277268e-05,3.131899738656e+06,5.091870683579e+07
1.555064852738e+00,6.718506277268e-05,2.750471642721e+06,4.794547985574e+07
1.640055468759e+00,6.718506277268e-05,2.403526302883e+06,4.514576842026e+07
1.729691167460e+00,6.718506277268e-05,2.088327142913e+06,4.250944657974e+07
1.824225821491e+00,6.718506277268e-05,1.802338772162e+06,4.002697932365e+07
1.923927178677e+00,6.718506277268e-05,1.543212967003e+06,3.768938809458e+07
2.029077620350e+00,6.718506277268e-05,1.308775587983e+06,3.548821831470e+07
2.139974961130e+00,6.718506277268e-05,1.097014372550e+06,3.341550880751e+07
2.256933292416e+00,6.718506277268e-05,9.060675469130e+05,3.146376300390e+07
2.380283871978e+00,6.718506277268e-05,7.342132041585e+05,2.962592182875e+07
2.510376062171e+00,6.718506277268e-05,5.798593989821e+05,2.789533816970e+07
2.647578319423e+00,6.718506277268e-05,4.415349125470e+05,2.626575283595e+07
2.792279237804e+00,6.718506277268e-05,3.178806438606e+05,2.473127192010e+07
2.944888649628e+00,6.718506277268e-05,2.076415868112e+05,2.328634548101e+07
3.105838786213e+00,6.718506277268e-05,1.096593545726e+05,2.192574747084e+07
3.275585502074e+00,6.718506277268e-05,2.286521550165e+04,2.064455683338e+07
3.454609566030e+00,6.718506277268e-05,0.000000000000e+00,1.943813970556e+07
3.643418022870e+00,6.718506277268e-05,0.000000000000e+00,1.830213265759e+07
3.842545629440e+00,6.718506277268e-05,0.000000000000e+00,1.723242691121e+07
4.052556369225e+00,6.718506277268e-05,0.000000000000e+00,1.622515347893e+07
4.274045049697e+00,6.718506277268e-05,0.000000000000e+00,1.527666917051e+07
4.507638986977e+00,6.718506277268e-05,0.000000000000e+00,1.438354341606e+07
4.753999782561e+00,6.718506277268e-05,0.000000000000e+00,1.354254585821e+07
5.013825197157e+00,6.718506277268e-05,0.000000000000e+00,1.275063466821e+07
5.287851126931e+00,6.718506277268e-05,0.000000000000e+00,1.200494554406e+07
5.576853687767e+00,6.718506277268e-05,0.000000000000e+00,1.130278135053e+07
5.881651413438e+00,6.718506277268e-05,0.000000000000e+00,1.064160236388e+07
6.203107573913e+00,6.718506277268e-05,0.000000000000e+00,1.001901708578e+07
6.542132620377e+00,6.718506277268e-05,0.000000000000e+00,9.432773593322e+06
6.899686763872e+00,6.718506277268e-05,0.000000000000e+00,8.880751393854e+06
7.276782694877e+00,6.718506277268e-05,0.000000000000e+00,8.360953755077e+06
7.674488451523e+00,6.718506277268e-05,0.000000000000e+00,7.871500482739e+06
8.093930444567e+00,6.718506277268e-05,0.000000000000e+00,7.410621119783e+06
8.536296647692e+00,6.718506277268e-05,0.000000000000e+00,6.976648542343e+06
9.002839962173e+00,6.718506277268e-05,0.000000000000e+00,6.568012929427e+06
9.494881765433e+00,6.718506277268e-05,0.000000000000e+00,6.183236084478e+06
1.001381565354e+01,6.718506277268e-05,0.000000000000e+00,5.820926088265e+06
1.056111138827e+01,6.718506277268e-05,0.000000000000e+00,5.479772263774e+06
1.113831905982e+01,6.718506277268e-05,0.000000000000e+00,5.158540434874e+06
1.174707347714e+01,6.718506277268e-05,0.000000000000e+00,4.856068461610e+06
1.238909879816e+01,6.718506277268e-05,0.000000000000e+00,4.571262035978e+06
1.306621341299e+01,6.718506277268e-05,0.000000000000e+00,4.303090722972e+06
1.378033509421e+01,6.718506277268e-05,0.000000000000e+00,4.050584232577e+06
1.453348642843e+01,6.718506277268e-05,0.000000000000e+00,3.812828909227e+06
1.532780054486e+01,6.718506277268e-05,0.000000000000e+00,3.588964426032e+06
1.616552715688e+01,6.718506277268e-05,0.000000000000e+00,3.378180671815e+06
1.704903893387e+01,6.718506277268e-05,0.000000000000e+00,3.179714819692e+06
1.798083822122e+01,6.718506277268e-05,0.000000000000e+00,2.992848566609e+06
1.896356412767e+01,6.718506277268e-05,0.000000000000e+00,2.816905533841e+06
2.000000000000e+01,6.718506277268e-05,0.000000000000e+00,2.651248819050e+06
7.000000000000e-01,7.778737048694e-05,1.426107684171e+07,1.181960835691e+08
7.382578457164e-01,7.778737048694e-05,1.295354577830e+07,1.112963579437e+08
7.786066382311e-01,7.778737048694e-05,1.175064822645e+07,1.047992907285e+08
8.211606562871e-01,7.778737048694e-05,1.064465265427e+07,9.868138353104e+07
8.660404244251e-01,7.778737048694e-05,9.628368129856e+06,9.292050928973e+07
9.133730543420e-01,7.778737048694e-05,8.695108128944e+06,8.749583224528e+07
9.632926049056e-01,7.778737048694e-05,7.838656676224e+06,8.238773258269e+07
1.015940461846e+00,7.778737048694e-05,7.053236674844e+06,7.757773547091e+07
1.071465738198e+00,7.778737048694e-05,6.333480287594e+06,7.304844424364e+07
1.130025696630e+00,7.778737048694e-05,5.674401241414e+06,6.878347747963e+07
1.191786194854e+00,7.778737048694e-05,5.071368934657e+06,6.476740975485e+07
1.256922155382e+00,7.778737048694e-05,4.520084233845e+06,6.098571585225e+07
1.325618060951e+00,7.778737048694e-05,4.016556853522e+06,5.742471822742e+07
1.398068477029e+00,7.778737048694e-05,3.557084219322e+06,5.407153753998e+07
1.474478602879e+00,7.778737048694e-05,3.138231720408e+06,5.091404607200e+07
1.555064852738e+00,7.778737048694e-05,2.756814263226e+06,4.794082386472e+07
1.640055468759e+00,7.778737048694e-05,2.409879043881e+06,4.514111741518e+07
1.729691167460e+00,7.778737048694e-05,2.094689461525e+06,4.250480078317e+07
1.824225821491e+00,7.778737048694e-05,1.808710099925e+06,4.002233896799e+07
1.923927178677e+00,7.778737048694e-05,1.549592708872e+06,3.768475342242e+07
2.029077620350e+00,7.778737048694e-05,1.315163121297e+06,3.548358957933e+07
2.139974961130e+00,7.778737048694e-05,1.103409045968e+06,3.341088627327e+07
2.256933292416e+00,7.778737048694e-05,9.124686793169e+05,3.145914694672e+07
2.380283871978e+00,7.778737048694e-05,7.406200835218e+05,2.962131253656e+07
2.510376062171e+00,7.778737048694e-05,5.862712812118e+05,2.789073594295e+07
2.647578319423e+00,7.778737048694e-05,4.479510202953e+05,2.626115798814e+07
2.792279237804e+00,7.778737048694e-05,3.243001653099e+05,2.472668477826e+07
2.944888649628e+00,7.778737048694e-05,2.140636744346e+05,2.328176638626e+07
3.105838786213e+00,7.778737048694e-05,1.160831238728e+05,2.192117677892e+07
3.275585502074e+00,7.778737048694e-05,2.928974373158e+04,2.063999491525e+07
3.454609566030e+00,7.778737048694e-05,1.087880776665e+03,1.943358694796e+07
3.643418022870e+00,7.778737048694e-05,0.000000000000e+00,1.829758946366e+07
3.842545629440e+00,7.778737048694e-05,0.000000000000e+00,1.722789370109e+07
4.052556369225e+00,7.778737048694e-05,0.000000000000e+00,1.622063069037e+07
4.274045049697e+00,7.778737048694e-05,0.000000000000e+00,1.527215725952e+07
4.507638986977e+00,7.778737048694e-05,0.000000000000e+00,1.437904285757e+07
4.753999782561e+00,7.778737048694e-05,0.000000000000e+00,1.353805714669e+07
5.013825197157e+00,7.778737048694e-05,0.000000000000e+00,1.274615831839e+07
5.287851126931e+00,7.778737048694e-05,0.000000000000e+00,1.200048209155e+07
5.576853687767e+00,7.778737048694e-05,0.000000000000e+00,1.129833135252e+07
5.881651413438e+00,7.778737048694e-05,0.000000000000e+00,1.063716639982e+07
6.203107573913e+00,7.778737048694e-05,0.000000000000e+00,1.001459575803e+07
6.542132620377e+00,7.778737048694e-05,0.000000000000e+00,9.428367527852e+06
6.899686763872e+00,7.778737048694e-05,0.000000000000e+00,8.876361240879e+06
7.276782694877e+00,7.778737048694e-05,0.000000000000e+00,8.356580189717e+06
7.674488451523e+00,7.778737048694e-05,0.000000000000e+00,7.867144205647e+06
8.093930444567e+00,7.778737048694e-05,0.000000000000e+00,7.406282857753e+06
8.536296647692e+00,7.778737048694e-05,0.000000000000e+00,6.972329048887e+06
9.002839962173e+00,7.778737048694e-05,0.000000000000e+00,6.563712985319e+06
9.494881765433e+00,7.778737048694e-05,0.000000000000e+00,6.178956498257e+06
1.001381565354e+01,7.778737048694e-05,0.000000000000e+00,5.816667696687e+06
1.056111138827e+01,7.778737048694e-05,0.000000000000e+00,5.475535932204e+06
1.113831905982e+01,7.778737048694e-05,0.000000000000e+00,5.154327057612e+06
1.174707347714e+01,7.778737048694e-05,0.000000000000e+00,4.851878962142e+06
1.238909879816e+01,7.778737048694e-05,0.000000000000e+00,4.567097367136e+06
1.306621341299e+01,7.778737048694e-05,0.000000000000e+00,4.298951866995e+06
1.378033509421e+01,7.778737048694e-05,0.000000000000e+00,4.046472201059e+06
1.453348642843e+01,7.778737048694e-05,0.000000000000e+00,3.808744742944e+06
1.532780054486e+01,7.778737048694e-05,0.000000000000e+00,3.584909194626e+06
1.616552715688e+01,7.778737048694e-05,0.000000000000e+00,3.374155473328e+06
1.704903893387e+01,7.778737048694e-05,0.000000000000e+00,3.175720779935e+06
1.798083822122e+01,7.778737048694e-05,0.000000000000e+00,2.988886838343e+06
1.896356412767e+01,7.778737048694e-05,0.000000000000e+00,2.812977295761e+06
2.000000000000e+01,7.778737048694e-05,0.000000000000e+00,2.647355274561e+06
7.000000000000e-01,9.006280202113e-05,1.426818253814e+07,1.181906311123e+08
7.382578457164e-01,9.006280202113e-05,1.296066949993e+07,1.112909085127e+08
7.786066382311e-01,9.006280202113e-05,1.175778966179e+07,1.047938444594e+08
8.211606562871e-01,9.006280202113e-05,1.065181147431e+07,9.867594056596e+07
8.660404244251e-01,9.006280202113e-05,9.635543987342e+06,9.291506977722e+07
9.133730543420e-01,9.006280202113e-05,8.702300657742e+06,8.749039634055e+07
9.632926049056e-01,9.006280202113e-05,7.845865490553e+06,8.238230044794e+07
1.015940461846e+00,9.006280202113e-05,7.060461368515e+06,7.757230727559e+07
1.071465738198e+00,9.006280202113e-05,6.340720433210e+06,7.304302016483e+07
1.130025696630e+00,9.006280202113e-05,5.681656389533e+06,6.877805770234e+07
1.191786194854e+00,9.006280202113e-05,5.078638612923e+06,6.476199447235e+07
1.256922155382e+00,9.006280202113e-05,4.527367946072e+06,6.098030526649e+07
1.325618060951e+00,9.006280202113e-05,4.023854078753e+06,5.741931254936e+07
1.398068477029e+00,9.006280202113e-05,3.564394410838e+06,5.406613699000e+07
1.474478602879e+00,9.006280202113e-05,3.145554304705e+06,5.090865088030e+07
1.555064852738e+00,9.006280202113e-05,2.764148638951e+06,4.793543427175e+07
1.640055468759e+00,9.006280202113e-05,2.417224580724e+06,4.513573367209e+07
1.729691167460e+00,9.006280202113e-05,2.102045499075e+06,4.249942315225e+07
1.824225821491e+00,9.006280202113e-05,1.816075946484e+06,4.001696772317e+07
1.923927178677e+00,9.006280202113e-05,1.556967640230e+06,3.767938884973e+07
2.029077620350e+00,9.006280202113e-05,1.322546379470e+06,3.547823197743e+07
2.139974961130e+00,9.006280202113e-05,1.110799837887e+06,3.340553595399e+07
2.256933292416e+00,9.006280202113e-05,9.198661754943e+05,3.145380423558e+07
2.380283871978e+00,9.006280202113e-05,7.480234166707e+05,2.961597777336e+07
2.510376062171e+00,9.006280202113e-05,5.936795448355e+05,2.788540948236e+07
2.647578319423e+00,9.006280202113e-05,4.553632672440e+05,2.625584020027e+07
2.792279237804e+00,9.006280202113e-05,3.317154063086e+05,2.472137604930e+07
2.944888649628e+00,9.006280202113e-05,2.214808765852e+05,2.327646711916e+07
3.105838786213e+00,9.006280202113e-05,1.235012091347e+05,2.191588739400e+07
3.275585502074e+00,9.006280202113e-05,3.670758738503e+04,2.063471585091e+07
3.454609566030e+00,9.006280202113e-05,3.360949781944e+03,1.942831866137e+07
3.643418022870e+00,9.006280202113e-05,0.000000000000e+00,1.829233243147e+07
3.842545629440e+00,9.006280202113e-05,0.000000000000e+00,1.722264842015e+07
4.052556369225e+00,9.006280202113e-05,0.000000000000e+00,1.621539767852e+07
4.274045049697e+00,9.006280202113e-05,0.000000000000e+00,1.526693705632e+07
4.507638986977e+00,9.006280202113e-05,0.000000000000e+00,1.437383602509e+07
4.753999782561e+00,9.006280202113e-05,0.000000000000e+00,1.353286427027e+07
5.013825197157e+00,9.006280202113e-05,0.000000000000e+00,1.274098000747e+07
5.287851126931e+00,9.006280202113e-05,0.000000000000e+00,1.199531898046e+07
5.576853687767e+00,9.006280202113e-05,0.000000000000e+00,1.129318410129e+07
5.881651413438e+00,9.006280202113e-05,0.000000000000e+00,1.063203569497e+07
6.203107573913e+00,9.006280202113e-05,0.000000000000e+00,1.000948231341e+07
6.542132620377e+00,9.006280202113e-05,0.000000000000e+00,9.423272085398e+06
6.899686763872e+00,9.006280202113e-05,0.000000000000e+00,8.871284571445e+06
7.276782694877e+00,9.006280202113e-05,0.000000000000e+00,8.351523093819e+06
7.674488451523e+00,9.006280202113e-05,0.000000000000e+00,7.862107514219e+06
8.093930444567e+00,9.006280202113e-05,0.000000000000e+00,7.401267432867e+06
8.536296647692e+00,9.006280202113e-05,0.000000000000e+00,6.967335784436e+06
9.002839962173e+00,9.006280202113e-05,0.000000000000e+00,6.558742807657e+06
9.494881765433e+00,9.006280202113e-05,0.000000000000e+00,6.174010366783e+06
1.001381565354e+01,9.006280202113e-05,0.000000000000e+00,5.811746604371e+06
1.056111138827e+01,9.006280202113e-05,0.000000000000e+00,5.470640906033e+06
1.113831905982e+01,9.006280202113e-05,0.000000000000e+00,5.149459158958e+06
1.174707347714e+01,9.006280202113e-05,0.000000000000e+00,4.847039287024e+06
1.238909879816e+01,9.006280202113e-05,0.000000000000e+00,4.562287046380e+06
1.306621341299e+01,9.006280202113e-05,0.000000000000e+00,4.294172066259e+06
1.378033509421e+01,9.006280202113e-05,0.000000000000e+00,4.041724120725e+06
1.453348642843e+01,9.006280202113e-05,0.000000000000e+00,3.804029617847e+06
1.532780054486e+01,9.006280202113e-05,0.000000000000e+00,3.580228293614e+06
1.616552715688e+01,9.006280202113e-05,0.000000000000e+00,3.369510098622e+06
1.704903893387e+01,9.006280202113e-05,0.000000000000e+00,3.171112266287e+06
1.798083822122e+01,9.006280202113e-05,0.000000000000e+00,2.984316551960e+06
1.896356412767e+01,9.006280202113e-05,0.000000000000e+00,2.808446632983e+06
2.000000000000e+01,9.006280202113e-05,0.000000000000e+00,2.642865660268e+06
7.000000000000e-01,1.042753888854e-04,1.427640461404e+07,1.181843187524e+08
7.382578457164e-01,1.042753888854e-04,1.296891213008e+07,1.112845996993e+08
7.786066382311e-01,1.042753888854e-04,1.176605246662e+07,1.047875393525e+08
8.211606562871e-01,1.042753888854e-04,1.066009405285e+07,9.866963933302e+07
8.660404244251e-01,1.042753888854e-04,9.643845916402e+06,9.290877259313e+07
9.133730543420e-01,1.042753888854e-04,8.710621491033e+06,8.748410338814e+07
9.632926049056e-01,1.042753888854e-04,7.854204757780e+06,8.237601191827e+07
1.015940461846e+00,1.042753888854e-04,7.068818574424e+06,7.756602336838e+07
1.071465738198e+00,1.042753888854e-04,6.349095056593e+06,7.303674108879e+07
1.130025696630e+00,1.042753888854e-04,5.690047882191e+06,6.877178367559e+07
1.191786194854e+00,1.042753888854e-04,5.087046398583e+06,6.475572572284e+07
1.256922155382e+00,1.042753888854e-04,4.535791419261e+06,6.097404203242e+07
1.325618060951e+00,1.042753888854e-04,4.032292603624e+06,5.741305507964e+07
1.398068477029e+00,1.042753888854e-04,3.572847319949e+06,5.405988554472e+07
1.474478602879e+00,1.042753888854e-04,3.154020897750e+06,5.090240573122e+07
1.555064852738e+00,1.042753888854e-04,2.772628181447e+06,4.792919570280e+07
1.640055468759e+00,1.042753888854e-04,2.425716302644e+06,4.512950197989e+07
1.729691167460e+00,1.042753888854e-04,2.110548593440e+06,4.249319864670e+07
1.824225821491e+00,1.042753888854e-04,1.824589567901e+06,4.001075072795e+07
1.923927178677e+00,1.042753888854e-04,1.565490903384e+06,3.767317970297e+07
2.029077620350e+00,1.042753888854e-04,1.331078357574e+06,3.547203103226e+07
2.139974961130e+00,1.042753888854e-04,1.119339561085e+06,3.339934357919e+07
2.256933292416e+00,1.042753888854e-04,9.284126292198e+05,3.144762081627e+07
2.380283871978e+00,1.042753888854e-04,7.565755399657e+05,2.960980371163e+07
2.510376062171e+00,1.042753888854e-04,6.022362286332e+05,2.787924519800e+07
2.647578319423e+00,1.042753888854e-04,4.639233526158e+05,2.624968613151e+07
2.792279237804e+00,1.042753888854e-04,3.402776826814e+05,2.471523265354e+07
2.944888649628e+00,1.042753888854e-04,2.300440799332e+05,2.327033487372e+07
3.105838786213e+00,1.042753888854e-04,1.320640201524e+05,2.190976679698e+07
3.275585502074e+00,1.042753888854e-04,4.526862964628e+04,2.062860742194e+07
3.454609566030e+00,1.042753888854e-04,6.726153165860e+03,1.942222294249e+07
3.643418022870e+00,1.042753888854e-04,0.000000000000e+00,1.828624998797e+07
3.842545629440e+00,1.042753888854e-04,0.000000000000e+00,1.721657984149e+07
4.052556369225e+00,1.042753888854e-04,0.000000000000e+00,1.620934357917e+07
4.274045049697e+00,1.042753888854e-04,0.000000000000e+00,1.526089807673e+07
4.507638986977e+00,1.042753888854e-04,0.000000000000e+00,1.436781283258e+07
4.753999782561e+00,1.042753888854e-04,0.000000000000e+00,1.352685756004e+07
5.013825197157e+00,1.042753888854e-04,0.000000000000e+00,1.273499050349e+07
5.287851126931e+00,1.042753888854e-04,0.000000000000e+00,1.198934743646e+07
5.576853687767e+00,1.042753888854e-04,0.000000000000e+00,1.128723130176e+07
5.881651413438e+00,1.042753888854e-04,0.000000000000e+00,1.062610245609e+07
6.203107573913e+00,1.042753888854e-04,0.000000000000e+00,1.000356948403e+07
6.542132620377e+00,1.042753888854e-04,0.000000000000e+00,9.417380548025e+06
6.899686763872e+00,1.042753888854e-04,0.000000000000e+00,8.865415243147e+06
7.276782694877e+00,1.042753888854e-04,0.000000000000e+00,8.345676927166e+06
7.674488451523e+00,1.042753888854e-04,0.000000000000e+00,7.856285498173e+06
8.093930444567e+00,1.042753888854e-04,0.000000000000e+00,7.395470593635e+06
8.536296647692e+00,1.042753888854e-04,0.000000000000e+00,6.961565186279e+06
9.002839962173e+00,1.042753888854e-04,0.000000000000e+00,6.552999553642e+06
9.494881765433e+00,1.042753888854e-04,0.000000000000e+00,6.168295599465e+06
1.001381565354e+01,1.042753888854e-04,0.000000000000e+00,5.806061506393e+06
1.056111138827e+01,1.042753888854e-04,0.000000000000e+00,5.464986700636e+06
1.113831905982e+01,1.042753888854e-04,0.000000000000e+00,5.143837110376e+06
1.174707347714e+01,1.042753888854e-04,0.000000000000e+00,4.841450700757e+06
1.238909879816e+01,1.042753888854e-04,0.000000000000e+00,4.556733269325e+06
1.306621341299e+01,1.042753888854e-04,0.000000000000e+00,4.288654486677e+06
1.378033509421e+01,1.042753888854e-04,0.000000000000e+00,4.036244168031e+06
1.453348642843e+01,1.042753888854e-04,0.000000000000e+00,3.798588762196e+06
1.532780054486e+01,1.042753888854e-04,0.000000000000e+00,3.574828045268e+06
1.616552715688e+01,1.042753888854e-04,0.000000000000e+00,3.364152007069e+06
1.704903893387e+01,1.042753888854e-04,0.000000000000e+00,3.165797919092e+06
1.798083822122e+01,1.042753888854e-04,0.000000000000e+00,2.979047573328e+06
1.896356412767e+01,1.042753888854e-04,0.000000000000e+00,2.803224682006e+06
2.000000000000e+01,1.042753888854e-04,0.000000000000e+00,2.637692428833e+06
7.000000000000e-01,1.207308287460e-04,1.428591756195e+07,1.181770109734e+08
7.382578457164e-01,1.207308287460e-04,1.297844845376e+07,1.112772960843e+08
7.786066382311e-01,1.207308287460e-04,1.177561170131e+07,1.047802400905e+08
8.211606562871e-01,1.207308287460e-04,1.066967570759e+07,9.866234462138e+07
8.660404244251e-01,1.207308287460e-04,9.653449472980e+06,9.290148263836e+07
9.133730543420e-01,1.207308287460e-04,8.720246402890e+06,8.747681840610e+07
9.632926049056e-01,1.207308287460e-04,7.863850448880e+06,8.236873213465e+07
1.015940461846e+00,1.207308287460e-04,7.078484438070e+06,7.755874901909e+07
1.071465738198e+00,1.207308287460e-04,6.358780454183e+06,7.302947242047e+07
1.130025696630e+00,1.207308287460e-04,5.699752141931e+06,6.876452094606e+07
1.191786194854e+00,1.207308287460e-04,5.096768814135e+06,6.474846920163e+07
1.256922155382e+00,1.207308287460e-04,4.545531248347e+06,6.096679200124e+07
1.325618060951e+00,1.207308287460e-04,4.042049066565e+06,5.740581183297e+07
1.398068477029e+00,1.207308287460e-04,3.582619598150e+06,5.405264939034e+07
1.474478602879e+00,1.207308287460e-04,3.163808132131e+06,5.089517699082e+07
1.555064852738e+00,1.207308287460e-04,2.782429470810e+06,4.792197471258e+07
1.640055468759e+00,1.207308287460e-04,2.435530701991e+06,4.512228909119e+07
1.729691167460e+00,1.207308287460e-04,2.120375112223e+06,4.248599422667e+07
1.824225821491e+00,1.207308287460e-04,1.834427168229e+06,4.000355516023e+07
1.923927178677e+00,1.207308287460e-04,1.575338498166e+06,3.766599338839e+07
2.029077620350e+00,1.207308287460e-04,1.340934808610e+06,3.546485438960e+07
2.139974961130e+00,1.207308287460e-04,1.129203677109e+06,3.339217704595e+07
2.256933292416e+00,1.207308287460e-04,9.382831638943e+05,3.144046484940e+07
2.380283871978e+00,1.207308287460e-04,7.664511898301e+05,2.960265878845e+07
2.510376062171e+00,1.207308287460e-04,6.121156310132e+05,2.787211181696e+07
2.647578319423e+00,1.207308287460e-04,4.738050834981e+05,2.624256481312e+07
2.792279237804e+00,1.207308287460e-04,3.501602545589e+05,2.470812394125e+07
2.944888649628e+00,1.207308287460e-04,2.399259396293e+05,2.326323933487e+07
3.105838786213e+00,1.207308287460e-04,1.419435466305e+05,2.190268502374e+07
3.275585502074e+00,1.207308287460e-04,5.514413181593e+04,2.062154003232e+07
3.454609566030e+00,1.207308287460e-04,1.167603766577e+04,1.941517058136e+07
3.643418022870e+00,1.207308287460e-04,0.000000000000e+00,1.827921332808e+07
3.842545629440e+00,1.207308287460e-04,0.000000000000e+00,1.720955958454e+07
4.052556369225e+00,1.207308287460e-04,0.000000000000e+00,1.620234045692e+07
4.274045049697e+00,1.207308287460e-04,0.000000000000e+00,1.525391285210e+07
4.507638986977e+00,1.207308287460e-04,0.000000000000e+00,1.436084630078e+07
4.753999782561e+00,1.207308287460e-04,0.000000000000e+00,1.351991054970e+07
5.013825197157e+00,1.207308287460e-04,0.000000000000e+00,1.272806387785e+07
5.287851126931e+00,1.207308287460e-04,0.000000000000e+00,1.198244209453e+07
5.576853687767e+00,1.207308287460e-04,0.000000000000e+00,1.128034817947e+07
5.881651413438e+00,1.207308287460e-04,0.000000000000e+00,1.061924252750e+07
6.203107573913e+00,1.207308287460e-04,0.000000000000e+00,9.996733762462e+06
6.542132620377e+00,1.207308287460e-04,0.000000000000e+00,9.410570087242e+06
6.899686763872e+00,1.207308287460e-04,0.000000000000e+00,8.858631138477e+06
7.276782694877e+00,1.207308287460e-04,0.000000000000e+00,8.338920316608e+06
7.674488451523e+00,1.207308287460e-04,0.000000000000e+00,7.849557563460e+06
8.093930444567e+00,1.207308287460e-04,0.000000000000e+00,7.388772561254e+06
8.536296647692e+00,1.207308287460e-04,0.000000000000e+00,6.954898328424e+06
9.002839962173e+00,1.207308287460e-04,0.000000000000e+00,6.546365189091e+06
9.494881765433e+00,1.207308287460e-04,0.000000000000e+00,6.161695094372e+06
1.001381565354e+01,1.207308287460e-04,0.000000000000e+00,5.799496274969e+06
1.056111138827e+01,1.207308287460e-04,0.000000000000e+00,5.458458205712e+06
1.113831905982e+01,1.207308287460e-04,0.000000000000e+00,5.137346863815e+06
1.174707347714e+01,1.207308287460e-04,0.000000000000e+00,4.835000263715e+06
1.238909879816e+01,1.207308287460e-04,0.000000000000e+00,4.550324252310e+06
1.306621341299e+01,1.207308287460e-04,0.000000000000e+00,4.282288549415e+06
1.378033509421e+01,1.207308287460e-04,0.000000000000e+00,4.029923019087e+06
1.453348642843e+01,1.207308287460e-04,0.000000000000e+00,3.792314158338e+06
1.532780054486e+01,1.207308287460e-04,0.000000000000e+00,3.568601790543e+06
1.616552715688e+01,1.207308287460e-04,0.000000000000e+00,3.357975951564e+06
1.704903893387e+01,1.207308287460e-04,0.000000000000e+00,3.159673957347e+06
1.798083822122e+01,1.207308287460e-04,0.000000000000e+00,2.972977642379e+06
1.896356412767e+01,1.207308287460e-04,0.000000000000e+00,2.797210759022e+06
2.000000000000e+01,1.207308287460e-04,0.000000000000e+00,2.631736528328e+06
7.000000000000e-01,1.397830606579e-04,1.429692284167e+07,1.181685509368e+08
7.382578457164e-01,1.397830606579e-04,1.298948023349e+07,1.112688409466e+08
7.786066382311e-01,1.397830606579e-04,1.178666940925e+07,1.047717900750e+08
8.211606562871e-01,1.397830606579e-04,1.068075873964e+07,9.865389996193e+07
8.660404244251e-01,1.397830606579e-04,9.664557191477e+06,9.289304357926e+07
9.133730543420e-01,1.397830606579e-04,8.731378135242e+06,8.746838520293e+07
9.632926049056e-01,1.397830606579e-04,7.875005486139e+06,8.236030505467e+07
1.015940461846e+00,1.397830606579e-04,7.089662033445e+06,7.755032834181e+07
1.071465738198e+00,1.397830606579e-04,6.369979821497e+06,7.302105843815e+07
1.130025696630e+00,1.397830606579e-04,5.710972454005e+06,6.875611396434e+07
1.191786194854e+00,1.397830606579e-04,5.108009201110e+06,6.474006954009e+07
1.256922155382e+00,1.397830606579e-04,4.556790795934e+06,6.095839999407e+07
1.325618060951e+00,1.397830606579e-04,4.053326814233e+06,5.739742782958e+07
1.398068477029e+00,1.397830606579e-04,3.593914537242e+06,5.404427375607e+07
1.474478602879e+00,1.397830606579e-04,3.175119203910e+06,5.088681010762e+07
1.555064852738e+00,1.397830606579e-04,2.793755564439e+06,4.791361697979e+07
1.640055468759e+00,1.397830606579e-04,2.446870652444e+06,4.511394092627e+07
1.729691167460e+00,1.397830606579e-04,2.131727698133e+06,4.247765606600e+07
1.824225821491e+00,1.397830606579e-04,1.845791109661e+06,3.999522745997e+07
1.923927178677e+00,1.397830606579e-04,1.586712454338e+06,3.765767662531e+07
2.029077620350e+00,1.397830606579e-04,1.352317375548e+06,3.545654906198e+07
2.139974961130e+00,1.397830606579e-04,1.140593385249e+06,3.338388367451e+07
2.256933292416e+00,1.397830606579e-04,9.496784756277e+05,3.143218397827e+07
2.380283871978e+00,1.397830606579e-04,7.778504970077e+05,2.959439098615e+07
2.510376062171e+00,1.397830606579e-04,6.235172524067e+05,2.786385767746e+07
2.647578319423e+00,1.397830606579e-04,4.852072622296e+05,2.623432495685e+07
2.792279237804e+00,1.397830606579e-04,3.615611555071e+05,2.469989901626e+07
2.944888649628e+00,1.397830606579e-04,2.513236468224e+05,2.325503001793e+07
3.105838786213e+00,1.397830606579e-04,1.533360606371e+05,2.189449202152e+07
3.275585502074e+00,1.397830606579e-04,6.652936714772e+04,2.061336408261e+07
3.454609566030e+00,1.397830606579e-04,1.739173881864e+04,1.940701245426e+07
3.643418022870e+00,1.397830606579e-04,2.693251381353e+03,1.827107382732e+07
3.842545629440e+00,1.397830606579e-04,0.000000000000e+00,1.720143954876e+07
4.052556369225e+00,1.397830606579e-04,0.000000000000e+00,1.619424076098e+07
4.274045049697e+00,1.397830606579e-04,0.000000000000e+00,1.524583440846e+07
4.507638986977e+00,1.397830606579e-04,0.000000000000e+00,1.435279006086e+07
4.753999782561e+00,1.397830606579e-04,0.000000000000e+00,1.351187750529e+07
5.013825197157e+00,1.397830606579e-04,0.000000000000e+00,1.272005506250e+07
5.287851126931e+00,1.397830606579e-04,0.000000000000e+00,1.197445858500e+07
5.576853687767e+00,1.397830606579e-04,0.000000000000e+00,1.127239109712e+07
5.881651413438e+00,1.397830606579e-04,0.000000000000e+00,1.061131303975e+07
6.203107573913e+00,1.397830606579e-04,0.000000000000e+00,9.988833084180e+06
6.542132620377e+00,1.397830606579e-04,0.000000000000e+00,9.402699482146e+06
6.899686763872e+00,1.397830606579e-04,0.000000000000e+00,8.850791920500e+06
7.276782694877e+00,1.397830606579e-04,0.000000000000e+00,8.331113851226e+06
7.674488451523e+00,1.397830606579e-04,0.000000000000e+00,7.841785268961e+06
8.093930444567e+00,1.397830606579e-04,0.000000000000e+00,7.381035909944e+06
8.536296647692e+00,1.397830606579e-04,0.000000000000e+00,6.947198847748e+06
9.002839962173e+00,1.397830606579e-04,0.000000000000e+00,6.538704462654e+06
9.494881765433e+00,1.397830606579e-04,0.000000000000e+00,6.154074762839e+06
1.001381565354e+01,1.397830606579e-04,0.000000000000e+00,5.791918036823e+06
1.056111138827e+01,1.397830606579e-04,0.000000000000e+00,5.450923817850e+06
1.113831905982e+01,1.397830606579e-04,0.000000000000e+00,5.129858141952e+06
1.174707347714e+01,1.397830606579e-04,0.000000000000e+00,4.827559082567e+06
1.238909879816e+01,1.397830606579e-04,0.000000000000e+00,4.542932545540e+06
1.306621341299e+01,1.397830606579e-04,0.000000000000e+00,4.274948309296e+06
1.378033509421e+01,1.397830606579e-04,0.000000000000e+00,4.022636295858e+06
1.453348642843e+01,1.397830606579e-04,0.000000000000e+00,3.785083059218e+06
1.532780054486e+01,1.397830606579e-04,0.000000000000e+00,3.561428478364e+06
1.616552715688e+01,1.397830606579e-04,0.000000000000e+00,3.350862642998e+06
1.704903893387e+01,1.397830606579e-04,0.000000000000e+00,3.152622920678e+06
1.798083822122e+01,1.397830606579e-04,0.000000000000e+00,2.965991194793e+06
1.896356412767e+01,1.397830606579e-04,0.000000000000e+00,2.790291263377e+06
2.000000000000e+01,1.397830606579e-04,0.000000000000e+00,2.624886389372e+06
7.000000000000e-01,1.618418779184e-04,1.430965294399e+07,1.181587571381e+08
7.382578457164e-01,1.618418779184e-04,1.300224026273e+07,1.112590529242e+08
7.786066382311e-01,1.618418779184e-04,1.179945865838e+07,1.047620080941e+08
8.211606562871e-01,1.618418779184e-04,1.069357646171e+07,9.864412429980e+07
8.660404244251e-01,1.618418779184e-04,9.677402598022e+06,9.288327452601e+07
9.133730543420e-01,1.618418779184e-04,8.744250394527e+06,8.745862306206e+07
9.632926049056e-01,1.618418779184e-04,7.887903721397e+06,8.235055014368e+07
1.015940461846e+00,1.618418779184e-04,7.102585321010e+06,7.754058099284e+07
1.071465738198e+00,1.618418779184e-04,6.382927188867e+06,7.301131899867e+07
1.130025696630e+00,1.618418779184e-04,5.723942877820e+06,6.874638279781e+07
1.191786194854e+00,1.618418779184e-04,5.121001605052e+06,6.473034702672e+07
1.256922155382e+00,1.618418779184e-04,4.569804048549e+06,6.094868653156e+07
1.325618060951e+00,1.618418779184e-04,4.066359726662e+06,5.738772383391e+07
1.398068477029e+00,1.618418779184e-04,3.606965860878e+06,5.403457966238e+07
1.474478602879e+00,1.618418779184e-04,3.188187627972e+06,5.087712637099e+07
1.555064852738e+00,1.618418779184e-04,2.806839713460e+06,4.790394407617e+07
1.640055468759e+00,1.618418779184e-04,2.459969083685e+06,4.510427935344e+07
1.729691167460e+00,1.618418779184e-04,2.144838898918e+06,4.246800634451e+07
1.824225821491e+00,1.618418779184e-04,1.858913494636e+06,3.998559013414e+07
1.923927178677e+00,1.618418779184e-04,1.599844362665e+06,3.764805226431e+07
2.029077620350e+00,1.618418779184e-04,1.365457068026e+06,3.544693826090e+07
2.139974961130e+00,1.618418779184e-04,1.153739041379e+06,3.337428705549e+07
2.256933292416e+00,1.618418779184e-04,9.628281906250e+05,3.142260219170e+07
2.380283871978e+00,1.618418779184e-04,7.910022787686e+05,2.958482471184e+07
2.510376062171e+00,1.618418779184e-04,6.366690184393e+05,2.785430762593e+07
2.647578319423e+00,1.618418779184e-04,4.983568365609e+05,2.622479187063e+07
2.792279237804e+00,1.618418779184e-04,3.747062655797e+05,2.469038367123e+07
2.944888649628e+00,1.618418779184e-04,2.644619203932e+05,2.324553322472e+07
3.105838786213e+00,1.618418779184e-04,1.664650226974e+05,2.188501462693e+07
3.275585502074e+00,1.618418779184e-04,7.964643688115e+04,2.060390697107e+07
3.454609566030e+00,1.618418779184e-04,2.431760865964e+04,1.939757654939e+07
3.643418022870e+00,1.618418779184e-04,7.021142305308e+03,1.826166009344e+07
3.842545629440e+00,1.618418779184e-04,0.000000000000e+00,1.719204899251e+07
4.052556369225e+00,1.618418779184e-04,0.000000000000e+00,1.618487443295e+07
4.274045049697e+00,1.618418779184e-04,0.000000000000e+00,1.523649340481e+07
4.507638986977e+00,1.618418779184e-04,0.000000000000e+00,1.434347552505e+07
4.753999782561e+00,1.618418779184e-04,0.000000000000e+00,1.350259062976e+07
5.013825197157e+00,1.618418779184e-04,0.000000000000e+00,1.271079709041e+07
5.287851126931e+00,1.618418779184e-04,0.000000000000e+00,1.196523081196e+07
5.576853687767e+00,1.618418779184e-04,0.000000000000e+00,1.126319487295e+07
5.881651413438e+00,1.618418779184e-04,0.000000000000e+00,1.060214977017e+07
6.203107573913e+00,1.618418779184e-04,0.000000000000e+00,9.979704232565e+06
6.542132620377e+00,1.618418779184e-04,0.000000000000e+00,9.393606571194e+06
6.899686763872e+00,1.618418779184e-04,0.000000000000e+00,8.841736533884e+06
7.276782694877e+00,1.618418779184e-04,0.000000000000e+00,8.322097635177e+06
7.674488451523e+00,1.618418779184e-04,0.000000000000e+00,7.832809933789e+06
8.093930444567e+00,1.618418779184e-04,0.000000000000e+00,7.372103231448e+06
8.536296647692e+00,1.618418779184e-04,0.000000000000e+00,6.938310668529e+06
9.002839962173e+00,1.618418779184e-04,0.000000000000e+00,6.529862693275e+06
9.494881765433e+00,1.618418779184e-04,0.000000000000e+00,6.145281382827e+06
1.001381565354e+01,1.618418779184e-04,0.000000000000e+00,5.783175095481e+06
1.056111138827e+01,1.618418779184e-04,0.000000000000e+00,5.442233434834e+06
1.113831905982e+01,1.618418779184e-04,0.000000000000e+00,5.121222507601e+06
1.174707347714e+01,1.618418779184e-04,0.000000000000e+00,4.818980457937e+06
1.238909879816e+01,1.618418779184e-04,0.000000000000e+00,4.534413262106e+06
1.306621341299e+01,1.618418779184e-04,0.000000000000e+00,4.266490768282e+06
1.378033509421e+01,1.618418779184e-04,0.000000000000e+00,4.014242967156e+06
1.453348642843e+01,1.618418779184e-04,0.000000000000e+00,3.776756479852e+06
1.532780054486e+01,1.618418779184e-04,0.000000000000e+00,3.553171250452e+06
1.616552715688e+01,1.618418779184e-04,0.000000000000e+00,3.342677431167e+06
1.704903893387e+01,1.618418779184e-04,0.000000000000e+00,3.144512448896e+06
1.798083822122e+01,1.618418779184e-04,0.000000000000e+00,2.957958242562e+06
1.896356412767e+01,1.618418779184e-04,0.000000000000e+00,2.782338661258e+06
2.000000000000e+01,1.618418779184e-04,0.000000000000e+00,2.617017013795e+06
7.000000000000e-01,1.873817422860e-04,1.432437603130e+07,1.181474195435e+08
7.382578457164e-01,1.873817422860e-04,1.301699699047e+07,1.112477221580e+08
7.786066382311e-01,1.873817422860e-04,1.181424814801e+07,1.047506844717e+08
8.211606562871e-01,1.873817422860e-04,1.070839778515e+07,9.863280815130e+07
8.660404244251e-01,1.873817422860e-04,9.692254775541e+06,9.287196619703e+07
9.133730543420e-01,1.873817422860e-04,8.759132392622e+06,8.744732291425e+07
9.632926049056e-01,1.873817422860e-04,7.902814450536e+06,8.233925855550e+07
1.015940461846e+00,1.873817422860e-04,7.117523633295e+06,7.752929836038e+07
1.071465738198e+00,1.873817422860e-04,6.397891875599e+06,7.300004573643e+07
1.130025696630e+00,1.873817422860e-04,5.738932666968e+06,6.873511933958e+07
1.191786194854e+00,1.873817422860e-04,5.136015158626e+06,6.471909382646e+07
1.256922155382e+00,1.873817422860e-04,4.584839959867e+06,6.093744406431e+07
1.325618060951e+00,1.873817422860e-04,4.081416517530e+06,5.737649259678e+07
1.398068477029e+00,1.873817422860e-04,3.622041978664e+06,5.402336017552e+07
1.474478602879e+00,1.873817422860e-04,3.203281442585e+06,5.086591917870e+07
1.555064852738e+00,1.873817422860e-04,2.821949514241e+06,4.789274974795e+07
1.640055468759e+00,1.873817422860e-04,2.475093076201e+06,4.509309848513e+07
1.729691167460e+00,1.873817422860e-04,2.159975201667e+06,4.245683955951e+07
1.824225821491e+00,1.873817422860e-04,1.874060135679e+06,3.997443808462e+07
1.923927178677e+00,1.873817422860e-04,1.614999276170e+06,3.763691563251e+07
2.029077620350e+00,1.873817422860e-04,1.380618090755e+06,3.543581776046e+07
2.139974961130e+00,1.873817422860e-04,1.168903909107e+06,3.336318343285e+07
2.256933292416e+00,1.873817422860e-04,9.779945345127e+05,3.141151622752e+07
2.380283871978e+00,1.873817422860e-04,8.061676216987e+05,2.957375722251e+07
2.510376062171e+00,1.873817422860e-04,6.518307713298e+05,2.784325946513e+07
2.647578319423e+00,1.873817422860e-04,5.135122946724e+05,2.621376393092e+07
2.792279237804e+00,1.873817422860e-04,3.898526048343e+05,2.467937688569e+07
2.944888649628e+00,1.873817422860e-04,2.795961937280e+05,2.323454856870e+07
3.105838786213e+00,1.873817422860e-04,1.815841564738e+05,2.187405311978e+07
3.275585502074e+00,1.873817422860e-04,9.474722737917e+04,2.059296967799e+07
3.454609566030e+00,1.873817422860e-04,3.197928546873e+04,1.938666458327e+07
3.643418022870e+00,1.873817422860e-04,1.349923783911e+04,1.825077461680e+07
3.842545629440e+00,1.873817422860e-04,2.748491666838e+03,1.718119121945e+07
4.052556369225e+00,1.873817422860e-04,0.000000000000e+00,1.617404563115e+07
4.274045049697e+00,1.873817422860e-04,0.000000000000e+00,1.522569489759e+07
4.507638986977e+00,1.873817422860e-04,0.000000000000e+00,1.433270869345e+07
4.753999782561e+00,1.873817422860e-04,0.000000000000e+00,1.349185691461e+07
5.013825197157e+00,1.873817422860e-04,0.000000000000e+00,1.270009799450e+07
5.287851126931e+00,1.873817422860e-04,0.000000000000e+00,1.195456790212e+07
5.576853687767e+00,1.873817422860e-04,0.000000000000e+00,1.125256978219e+07
5.881651413438e+00,1.873817422860e-04,0.000000000000e+00,1.059156419982e+07
6.203107573913e+00,1.873817422860e-04,0.000000000000e+00,9.969159954331e+06
6.542132620377e+00,1.873817422860e-04,0.000000000000e+00,9.383105429213e+06
6.899686763872e+00,1.873817422860e-04,0.000000000000e+00,8.831280446692e+06
7.276782694877e+00,1.873817422860e-04,0.000000000000e+00,8.311688597607e+06
7.674488451523e+00,1.873817422860e-04,0.000000000000e+00,7.822450018751e+06
8.093930444567e+00,1.873817422860e-04,0.000000000000e+00,7.361794591586e+06
8.536296647692e+00,1.873817422860e-04,0.000000000000e+00,6.928055537700e+06
9.002839962173e+00,1.873817422860e-04,0.000000000000e+00,6.519663387850e+06
9.494881765433e+00,1.873817422860e-04,0.000000000000e+00,6.135140302748e+06
1.001381565354e+01,1.873817422860e-04,0.000000000000e+00,5.773094725052e+06
1.056111138827e+01,1.873817422860e-04,0.000000000000e+00,5.432216343207e+06
1.113831905982e+01,1.873817422860e-04,0.000000000000e+00,5.111271348904e+06
1.174707347714e+01,1.873817422860e-04,0.000000000000e+00,4.809097970998e+06
1.238909879816e+01,1.873817422860e-04,0.000000000000e+00,4.524602269726e+06
1.306621341299e+01,1.873817422860e-04,0.000000000000e+00,4.256754176009e+06
1.378033509421e+01,1.873817422860e-04,0.000000000000e+00,4.004583761494e+06
1.453348642843e+01,1.873817422860e-04,0.000000000000e+00,3.767177725859e+06
1.532780054486e+01,1.873817422860e-04,0.000000000000e+00,3.543676088672e+06
1.616552715688e+01,1.873817422860e-04,0.000000000000e+00,3.333269073839e+06
1.704903893387e+01,1.873817422860e-04,0.000000000000e+00,3.135194175378e+06
1.798083822122e+01,1.873817422860e-04,0.000000000000e+00,2.948733393940e+06
1.896356412767e+01,1.873817422860e-04,0.000000000000e+00,2.773210634069e+06
2.000000000000e+01,1.873817422860e-04,0.000000000000e+00,2.607989252845e+06
7.000000000000e-01,2.169519891499e-04,1.434140122480e+07,1.181342951273e+08
7.382578457164e-01,2.169519891499e-04,1.303405978477e+07,1.112346058363e+08
7.786066382311e-01,2.169519891499e-04,1.183134744620e+07,1.047375766214e+08
8.211606562871e-01,2.169519891499e-04,1.072553242848e+07,9.861970916705e+07
8.660404244251e-01,2.169519891499e-04,9.709423540832e+06,9.285887649186e+07
9.133730543420e-01,2.169519891499e-04,8.776333989537e+06,8.743424292068e+07
9.632926049056e-01,2.169519891499e-04,7.920047518767e+06,8.232618872640e+07
1.015940461846e+00,2.169519891499e-04,7.134786739614e+06,7.751623916990e+07
1.071465738198e+00,2.169519891499e-04,6.415183510800e+06,7.298699768100e+07
1.130025696630e+00,2.169519891499e-04,5.756251242692e+06,6.872208293896e+07
1.191786194854e+00,2.169519891499e-04,5.153359004065e+06,6.470606962481e+07
1.256922155382e+00,2.169519891499e-04,4.602207318353e+06,6.092443263136e+07
1.325618060951e+00,2.169519891499e-04,4.098805543011e+06,5.736349452898e+07
1.398068477029e+00,2.169519891499e-04,3.639450732060e+06,5.401037609731e+07
1.474478602879e+00,2.169519891499e-04,3.220707888041e+06,5.085294974377e+07
1.555064852738e+00,2.169519891499e-04,2.839391515262e+06,4.787979564063e+07
1.640055468759e+00,2.169519891499e-04,2.492548391698e+06,4.508016042177e+07
1.729691167460e+00,2.169519891499e-04,2.177441481898e+06,4.244391828993e+07
1.824225821491e+00,2.169519891499e-04,1.891534918109e+06,3.996153439368e+07
1.923927178677e+00,2.169519891499e-04,1.632479981250e+06,3.762403034167e+07
2.029077620350e+00,2.169519891499e-04,1.398102017637e+06,3.542295172942e+07
2.139974961130e+00,2.169519891499e-04,1.186388231309e+06,3.335033756129e+07
2.256933292416e+00,2.169519891499e-04,9.954762955437e+05,3.139869145689e+07
2.380283871978e+00,2.169519891499e-04,8.236437306687e+05,2.956095453786e+07
2.510376062171e+00,2.169519891499e-04,6.692979985624e+05,2.783047989703e+07
2.647578319423e+00,2.169519891499e-04,5.309672673445e+05,2.620100855746e+07
2.792279237804e+00,2.169519891499e-04,4.072918026699e+05,2.466664683455e+07
2.944888649628e+00,2.169519891499e-04,2.970159447754e+05,2.322184501923e+07
3.105838786213e+00,2.169519891499e-04,1.989806330013e+05,2.186137730523e+07
3.275585502074e+00,2.169519891499e-04,1.121164419253e+05,2.058032288775e+07
3.454609566030e+00,2.169519891499e-04,4.081313973617e+04,1.937404816520e+07
3.643418022870e+00,2.169519891499e-04,2.231651847175e+04,1.823818997959e+07
3.842545629440e+00,2.169519891499e-04,8.306434119545e+03,1.716863983507e+07
4.052556369225e+00,2.169519891499e-04,1.246935375337e+01,1.616152903734e+07
4.274045049697e+00,2.169519891499e-04,0.000000000000e+00,1.521321470038e+07
4.507638986977e+00,2.169519891499e-04,0.000000000000e+00,1.432026656973e+07
4.753999782561e+00,2.169519891499e-04,0.000000000000e+00,1.347945461475e+07
5.013825197157e+00,2.169519891499e-04,0.000000000000e+00,1.268773734490e+07
5.287851126931e+00,2.169519891499e-04,0.000000000000e+00,1.194225080788e+07
5.576853687767e+00,2.169519891499e-04,0.000000000000e+00,1.124029822971e+07
5.881651413438e+00,2.169519891499e-04,0.000000000000e+00,1.057934025936e+07
6.203107573913e+00,2.169519891499e-04,0.000000000000e+00,9.956985782534e+06
6.542132620377e+00,2.169519891499e-04,0.000000000000e+00,9.370983271569e+06
6.899686763872e+00,2.169519891499e-04,0.000000000000e+00,8.819212639893e+06
7.276782694877e+00,2.169519891499e-04,0.000000000000e+00,8.299677571773e+06
7.674488451523e+00,2.169519891499e-04,0.000000000000e+00,7.810498299503e+06
8.093930444567e+00,2.169519891499e-04,0.000000000000e+00,7.349904801915e+06
8.536296647692e+00,2.169519891499e-04,0.000000000000e+00,6.916230399610e+06
9.002839962173e+00,2.169519891499e-04,0.000000000000e+00,6.507905723708e+06
9.494881765433e+00,2.169519891499e-04,0.000000000000e+00,6.123453036315e+06
1.001381565354e+01,2.169519891499e-04,0.000000000000e+00,5.761480882131e+06
1.056111138827e+01,2.169519891499e-04,0.000000000000e+00,5.420679051852e+06
1.113831905982e+01,2.169519891499e-04,0.000000000000e+00,5.099813839136e+06
1.174707347714e+01,2.169519891499e-04,0.000000000000e+00,4.797723573960e+06
1.238909879816e+01,2.169519891499e-04,0.000000000000e+00,4.513314416222e+06
1.306621341299e+01,2.169519891499e-04,0.000000000000e+00,4.245556394337e+06
1.378033509421e+01,2.169519891499e-04,0.000000000000e+00,3.993479674534e+06
1.453348642843e+01,2.169519891499e-04,0.000000000000e+00,3.756171047326e+06
1.532780054486e+01,2.169519891499e-04,0.000000000000e+00,3.532770618474e+06
1.616552715688e+01,2.169519891499e-04,0.000000000000e+00,3.322468692466e+06
1.704903893387e+01,2.169519891499e-04,0.000000000000e+00,3.124502837279e+06
1.798083822122e+01,2.169519891499e-04,0.000000000000e+00,2.938155119809e+06
1.896356412767e+01,2.169519891499e-04,0.000000000000e+00,2.762749502009e+06
2.000000000000e+01,2.169519891499e-04,0.000000000000e+00,2.597649388360e+06
7.000000000000e-01,2.511886431510e-04,1.436108461193e+07,1.181191027181e+08
7.382578457164e-01,2.511886431510e-04,1.305378490592e+07,1.112194230529e+08
7.786066382311e-01,2.511886431510e-04,1.185111292530e+07,1.047224039156e+08
8.211606562871e-01,2.511886431510e-04,1.074533681205e+07,9.860454701229e+07
8.660404244251e-01,2.511886431510e-04,9.729265294640e+06,9.284372538405e+07
9.133730543420e-01,2.511886431510e-04,8.796211495223e+06,8.741910337926e+07
9.632926049056e-01,2.511886431510e-04,7.939959070245e+06,8.231106129550e+07
1.015940461846e+00,2.511886431510e-04,7.154730539382e+06,7.750112441951e+07
1.071465738198e+00,2.511886431510e-04,6.435157666089e+06,7.297189620822e+07
1.130025696630e+00,2.511886431510e-04,5.776253761481e+06,6.870699536925e+07
1.191786194854e+00,2.511886431510e-04,5.173387790961e+06,6.469099661334e+07
1.256922155382e+00,2.511886431510e-04,4.622260170329e+06,6.090937486444e+07
1.325618060951e+00,2.511886431510e-04,4.118880145005e+06,5.734845272551e+07
1.398068477029e+00,2.511886431510e-04,3.659544652454e+06,5.399535101030e+07
1.474478602879e+00,2.511886431510e-04,3.240818574009e+06,5.083794216197e+07
1.555064852738e+00,2.511886431510e-04,2.859516288004e+06,4.786480639018e+07
1.640055468759e+00,2.511886431510e-04,2.512684441557e+06,4.506519036796e+07
1.729691167460e+00,2.511886431510e-04,2.197585863392e+06,4.242896833901e+07
1.824225821491e+00,2.511886431510e-04,1.911684544868e+06,3.994660549475e+07
1.923927178677e+00,2.511886431510e-04,1.652631620887e+06,3.760912348867e+07
2.029077620350e+00,2.511886431510e-04,1.418252286568e+06,3.540806796319e+07
2.139974961130e+00,2.511886431510e-04,1.206533589537e+06,3.333547797170e+07
2.256933292416e+00,2.511886431510e-04,1.015613041444e+06,3.138385718506e+07
2.380283871978e+00,2.511886431510e-04,8.437679957835e+05,2.954614677847e+07
2.510376062171e+00,2.511886431510e-04,6.894057424542e+05,2.781569990072e+07
2.647578319423e+00,2.511886431510e-04,5.510542725289e+05,2.618625763332e+07
2.792279237804e+00,2.511886431510e-04,4.273536696737e+05,2.465192635267e+07
2.944888649628e+00,2.511886431510e-04,3.170480873605e+05,2.320715641335e+07
3.105838786213e+00,2.511886431510e-04,2.189782736032e+05,2.184672207551e+07
3.275585502074e+00,2.511886431510e-04,1.320746073562e+05,2.056570260355e+07
3.454609566030e+00,2.511886431510e-04,5.535061298993e+04,1.935946446797e+07
3.643418022870e+00,2.511886431510e-04,3.297426478361e+04,1.822364458590e+07
3.842545629440e+00,2.511886431510e-04,1.610968646911e+04,1.715413453956e+07
4.052556369225e+00,2.511886431510e-04,6.820137891643e+03,1.614706571589e+07
4.274045049697e+00,2.511886431510e-04,0.000000000000e+00,1.519879531321e+07
4.507638986977e+00,2.511886431510e-04,0.000000000000e+00,1.430589316460e+07
4.753999782561e+00,2.511886431510e-04,0.000000000000e+00,1.346512933016e+07
5.013825197157e+00,2.511886431510e-04,0.000000000000e+00,1.267346241332e+07
5.287851126931e+00,2.511886431510e-04,0.000000000000e+00,1.192802855896e+07
5.576853687767e+00,2.511886431510e-04,0.000000000000e+00,1.122613109345e+07
5.881651413438e+00,2.511886431510e-04,0.000000000000e+00,1.056523076923e+07
6.203107573913e+00,2.511886431510e-04,0.000000000000e+00,9.942936578540e+06
6.542132620377e+00,2.511886431510e-04,0.000000000000e+00,9.356997103132e+06
6.899686763872e+00,2.511886431510e-04,0.000000000000e+00,8.805292368643e+06
7.276782694877e+00,2.511886431510e-04,0.000000000000e+00,8.285826174110e+06
7.674488451523e+00,2.511886431510e-04,0.000000000000e+00,7.796718868929e+06
8.093930444567e+00,2.511886431510e-04,0.000000000000e+00,7.336200551068e+06
8.536296647692e+00,2.511886431510e-04,0.000000000000e+00,6.902604661951e+06
9.002839962173e+00,2.511886431510e-04,0.000000000000e+00,6.494361954800e+06
9.494881765433e+00,2.511886431510e-04,0.000000000000e+00,6.109994814627e+06
1.001381565354e+01,2.511886431510e-04,0.000000000000e+00,5.748111909294e+06
1.056111138827e+01,2.511886431510e-04,0.000000000000e+00,5.407403152298e+06
1.113831905982e+01,2.511886431510e-04,0.000000000000e+00,5.086634959032e+06
1.174707347714e+01,2.511886431510e-04,0.000000000000e+00,4.784645779370e+06
1.238909879816e+01,2.511886431510e-04,0.000000000000e+00,4.500341890390e+06
1.306621341299e+01,2.511886431510e-04,0.000000000000e+00,4.232693434033e+06
1.378033509421e+01,2.511886431510e-04,0.000000000000e+00,3.980730685353e+06
1.453348642843e+01,2.511886431510e-04,0.000000000000e+00,3.743540537872e+06
1.532780054486e+01,2.511886431510e-04,0.000000000000e+00,3.520263193338e+06
1.616552715688e+01,2.511886431510e-04,0.000000000000e+00,3.310089043940e+06
1.704903893387e+01,2.511886431510e-04,0.000000000000e+00,3.112255735719e+06
1.798083822122e+01,2.511886431510e-04,0.000000000000e+00,2.926045402606e+06
1.896356412767e+01,2.511886431510e-04,0.000000000000e+00,2.750782061122e+06
2.000000000000e+01,2.511886431510e-04,0.000000000000e+00,2.585829156378e+06
7.000000000000e-01,2.908280983975e-04,1.438383605025e+07,1.181015170506e+08
7.382578457164e-01,2.908280983975e-04,1.307658226137e+07,1.112018488716e+08
7.786066382311e-01,2.908280983975e-04,1.187395446388e+07,1.047048417650e+08
8.211606562871e-01,2.908280983975e-04,1.076822070242e+07,9.858699746266e+07
8.660404244251e-01,2.908280983975e-04,9.752189604005e+06,9.282618903333e+07
9.133730543420e-01,2.908280983975e-04,8.819174184947e+06,8.740158085410e+07
9.632926049056e-01,2.908280983975e-04,7.962957991397e+06,8.229355325270e+07
1.015940461846e+00,2.908280983975e-04,7.177763428061e+06,7.748363154745e+07
1.071465738198e+00,2.908280983975e-04,6.458222138602e+06,7.295441922840e+07
1.130025696630e+00,2.908280983975e-04,5.799347309346e+06,6.868953503790e+07
1.191786194854e+00,2.908280983975e-04,5.196507775752e+06,6.467355372308e+07
1.256922155382e+00,2.908280983975e-04,4.645403818365e+06,6.089195024601e+07
1.325618060951e+00,2.908280983975e-04,4.142044541888e+06,5.733104724964e+07
1.398068477029e+00,2.908280983975e-04,3.682726737457e+06,5.397796558958e+07
1.474478602879e+00,2.908280983975e-04,3.264015134335e+06,5.082057775287e+07
1.555064852738e+00,2.908280983975e-04,2.882723952922e+06,4.784746399514e+07
1.640055468759e+00,2.908280983975e-04,2.535899676431e+06,4.504787103755e+07
1.729691167460e+00,2.908280983975e-04,2.220804963615e+06,4.241167317424e+07
1.824225821491e+00,2.908280983975e-04,1.934903629730e+06,3.992933564942e+07
1.923927178677e+00,2.908280983975e-04,1.675846627397e+06,3.759188017186e+07
2.029077620350e+00,2.908280983975e-04,1.441458963249e+06,3.539085244182e+07
2.139974961130e+00,2.908280983975e-04,1.229727490242e+06,3.331829157323e+07
2.256933292416e+00,2.908280983975e-04,1.038789519207e+06,3.136670130027e+07
2.380283871978e+00,2.908280983975e-04,8.669221967670e+05,2.952902286439e+07
2.510376062171e+00,2.908280983975e-04,7.125326000189e+05,2.779860948360e+07
2.647578319423e+00,2.908280983975e-04,5.741485014867e+05,2.616920231177e+07
2.792279237804e+00,2.908280983975e-04,4.504097607752e+05,2.463490780087e+07
2.944888649628e+00,2.908280983975e-04,3.400603020780e+05,2.319017638441e+07
3.105838786213e+00,2.908280983975e-04,2.419406392756e+05,2.182978240488e+07
3.275585502074e+00,2.908280983975e-04,1.549809127703e+05,2.054880521256e+07
3.454609566030e+00,2.908280983975e-04,7.819440447550e+04,1.934261136749e+07
3.643418022870e+00,2.908280983975e-04,4.473978122973e+04,1.820683788002e+07
3.842545629440e+00,2.908280983975e-04,2.784073112434e+04,1.713737642941e+07
4.052556369225e+00,2.908280983975e-04,1.434145307040e+04,1.613035850348e+07
4.274045049697e+00,2.908280983975e-04,7.203855034990e+03,1.518214140537e+07
4.507638986977e+00,2.908280983975e-04,3.128333791699e+02,1.428929507691e+07
4.753999782561e+00,2.908280983975e-04,0.000000000000e+00,1.344858969092e+07
5.013825197157e+00,2.908280983975e-04,0.000000000000e+00,1.265698396751e+07
5.287851126931e+00,2.908280983975e-04,0.000000000000e+00,1.191161417216e+07
5.576853687767e+00,2.908280983975e-04,0.000000000000e+00,1.120978375568e+07
5.881651413438e+00,2.908280983975e-04,0.000000000000e+00,1.054895359869e+07
6.203107573913e+00,2.908280983975e-04,0.000000000000e+00,9.926732825233e+06
6.542132620377e+00,2.908280983975e-04,0.000000000000e+00,9.340870152265e+06
6.899686763872e+00,2.908280983975e-04,0.000000000000e+00,8.789245743773e+06
7.276782694877e+00,2.908280983975e-04,0.000000000000e+00,8.269863540009e+06
7.674488451523e+00,2.908280983975e-04,0.000000000000e+00,7.780844034061e+06
8.093930444567e+00,2.908280983975e-04,0.000000000000e+00,7.320417469635e+06
8.536296647692e+00,2.908280983975e-04,0.000000000000e+00,6.886917435416e+06
9.002839962173e+00,2.908280983975e-04,0.000000000000e+00,6.478774832804e+06
9.494881765433e+00,2.908280983975e-04,0.000000000000e+00,6.094512195217e+06
1.001381565354e+01,2.908280983975e-04,0.000000000000e+00,5.732738338363e+06
1.056111138827e+01,2.908280983975e-04,0.000000000000e+00,5.392143322133e+06
1.113831905982e+01,2.908280983975e-04,0.000000000000e+00,5.071493705882e+06
1.174707347714e+01,2.908280983975e-04,0.000000000000e+00,4.769628079907e+06
1.238909879816e+01,2.908280983975e-04,0.000000000000e+00,4.485452856977e+06
1.306621341299e+01,2.908280983975e-04,0.000000000000e+00,4.217938308682e+06
1.378033509421e+01,2.908280983975e-04,0.000000000000e+00,3.966114832273e+06
1.453348642843e+01,2.908280983975e-04,0.000000000000e+00,3.729069434518e+06
1.532780054486e+01,2.908280983975e-04,0.000000000000e+00,3.505942419863e+06
1.616552715688e+01,2.908280983975e-04,0.000000000000e+00,3.295924270979e+06
1.704903893387e+01,2.908280983975e-04,0.000000000000e+00,3.098252710446e+06
1.798083822122e+01,2.908280983975e-04,0.000000000000e+00,2.912209933016e+06
1.896356412767e+01,2.908280983975e-04,0.000000000000e+00,2.737119998517e+06
2.000000000000e+01,2.908280983975e-04,0.000000000000e+00,2.572346376060e+06
7.000000000000e-01,3.367229575211e-04,1.441012684351e+07,1.180811619038e+08
7.382578457164e-01,3.367229575211e-04,1.310292301344e+07,1.111815074834e+08
7.786066382311e-01,3.367229575211e-04,1.190034298047e+07,1.046845147941e+08
8.211606562871e-01,3.367229575211e-04,1.079465466651e+07,9.856668559978e+07
8.660404244251e-01,3.367229575211e-04,9.778666570610e+06,9.280589300285e+07
9.133730543420e-01,3.367229575211e-04,8.845691575658e+06,8.738130141567e+07
9.632926049056e-01,3.367229575211e-04,7.989513088711e+06,8.227329120299e+07
1.015940461846e+00,3.367229575211e-04,7.204353369534e+06,7.746338772199e+07
1.071465738198e+00,3.367229575211e-04,6.484843910795e+06,7.293419450347e+07
1.130025696630e+00,3.367229575211e-04,5.825997741589e+06,6.866933033250e+07
1.191786194854e+00,3.367229575211e-04,5.223183533720e+06,6.465337000107e+07
1.256922155382e+00,3.367229575211e-04,4.672101397479e+06,6.087178851827e+07
1.325618060951e+00,3.367229575211e-04,4.168760260553e+06,5.731090857635e+07
1.398068477029e+00,3.367229575211e-04,3.709456730153e+06,5.395785108268e+07
1.474478602879e+00,3.367229575211e-04,3.290755344563e+06,5.080048857853e+07
1.555064852738e+00,3.367229575211e-04,2.909470126045e+06,4.782740137638e+07
1.640055468759e+00,3.367229575211e-04,2.562647352421e+06,4.502783625702e+07
1.729691167460e+00,3.367229575211e-04,2.247549469731e+06,4.239166757705e+07
1.824225821491e+00,3.367229575211e-04,1.961640073166e+06,3.990936064618e+07
1.923927178677e+00,3.367229575211e-04,1.702569887924e+06,3.757193724177e+07
2.029077620350e+00,3.367229575211e-04,1.468163685910e+06,3.537094313595e+07
2.139974961130e+00,3.367229575211e-04,1.256408078123e+06,3.329841751788e+07
2.256933292416e+00,3.367229575211e-04,1.065440126356e+06,3.134686420055e+07
2.380283871978e+00,3.367229575211e-04,8.935367213040e+05,2.950922450782e+07
2.510376062171e+00,3.367229575211e-04,7.391046775070e+05,2.777885174398e+07
2.647578319423e+00,3.367229575211e-04,6.006714986375e+05,2.614948715307e+07
2.792279237804e+00,3.367229575211e-04,4.768767695614e+05,2.461523728133e+07
2.944888649628e+00,3.367229575211e-04,3.664641343411e+05,2.317055266076e+07
3.105838786213e+00,3.367229575211e-04,2.682738219212e+05,2.181020773662e+07
3.275585502074e+00,3.367229575211e-04,1.812356836513e+05,2.052928196650e+07
3.454609566030e+00,3.367229575211e-04,1.043627090718e+05,1.932314202225e+07
3.643418022870e+00,3.367229575211e-04,5.826809882200e+04,1.818742503071e+07
3.842545629440e+00,3.367229575211e-04,4.198294493833e+04,1.711802279240e+07
4.052556369225e+00,3.367229575211e-04,2.657913090932e+04,1.611106692120e+07
4.274045049697e+00,3.367229575211e-04,1.599506725345e+04,1.516291485118e+07
4.507638986977e+00,3.367229575211e-04,9.135751389741e+03,1.427013665996e+07
4.753999782561e+00,3.367229575211e-04,3.359855970198e+03,1.342950266106e+07
5.013825197157e+00,3.367229575211e-04,0.000000000000e+00,1.263797172008e+07
5.287851126931e+00,3.367229575211e-04,0.000000000000e+00,1.189268025272e+07
5.576853687767e+00,3.367229575211e-04,0.000000000000e+00,1.119093186463e+07
5.881651413438e+00,3.367229575211e-04,0.000000000000e+00,1.053018759568e+07
6.203107573913e+00,3.367229575211e-04,0.000000000000e+00,9.908056733275e+06
6.542132620377e+00,3.367229575211e-04,0.000000000000e+00,9.322288161619e+06
6.899686763872e+00,3.367229575211e-04,0.000000000000e+00,8.770762215367e+06
7.276782694877e+00,3.367229575211e-04,0.000000000000e+00,8.251483008406e+06
7.674488451523e+00,3.367229575211e-04,0.000000000000e+00,7.762571209850e+06
8.093930444567e+00,3.367229575211e-04,0.000000000000e+00,7.302257241155e+06
8.536296647692e+00,3.367229575211e-04,0.000000000000e+00,6.868874869693e+06
9.002839962173e+00,3.367229575211e-04,0.000000000000e+00,6.460855175614e+06
9.494881765433e+00,3.367229575211e-04,0.000000000000e+00,6.076720870118e+06
1.001381565354e+01,3.367229575211e-04,0.000000000000e+00,5.715080944602e+06
1.056111138827e+01,3.367229575211e-04,0.000000000000e+00,5.374625631285e+06
1.113831905982e+01,3.367229575211e-04,0.000000000000e+00,5.054121657085e+06
1.174707347714e+01,3.367229575211e-04,0.000000000000e+00,4.752407773578e+06
1.238909879816e+01,3.367229575211e-04,0.000000000000e+00,4.468390546866e+06
1.306621341299e+01,3.367229575211e-04,0.000000000000e+00,4.201040392150e+06
1.378033509421e+01,3.367229575211e-04,0.000000000000e+00,3.949387838680e+06
1.453348642843e+01,3.367229575211e-04,0.000000000000e+00,3.712520011614e+06
1.532780054486e+01,3.367229575211e-04,0.000000000000e+00,3.489577318111e+06
1.616552715688e+01,3.367229575211e-04,0.000000000000e+00,3.279750325731e+06
1.704903893387e+01,3.367229575211e-04,0.000000000000e+00,3.082276821944e+06
1.798083822122e+01,3.367229575211e-04,0.000000000000e+00,2.896439044203e+06
1.896356412767e+01,3.367229575211e-04,0.000000000000e+00,2.721561070680e+06
2.000000000000e+01,3.367229575211e-04,0.000000000000e+00,2.557006362370e+06
7.000000000000e-01,3.898603702549e-04,1.444049836238e+07,1.180576021900e+08
7.382578457164e-01,3.898603702549e-04,1.313334810512e+07,1.111579643187e+08
7.786066382311e-01,3.898603702549e-04,1.193081885737e+07,1.046609889796e+08
8.211606562871e-01,3.898603702549e-04,1.082517838591e+07,9.854317797623e+07
8.660404244251e-01,3.898603702549e-04,9.809235028012e+06,9.278240445237e+07
9.133730543420e-01,3.898603702549e-04,8.876301497924e+06,8.735783286403e+07
9.632926049056e-01,3.898603702549e-04,8.020161026953e+06,8.224984362170e+07
1.015940461846e+00,3.898603702549e-04,7.235035691780e+06,7.743996213061e+07
1.071465738198e+00,3.898603702549e-04,6.515556794438e+06,7.291079197202e+07
1.130025696630e+00,3.898603702549e-04,5.856737165622e+06,6.864595198398e+07
1.191786194854e+00,3.898603702549e-04,5.253945270773e+06,6.463001701407e+07
1.256922155382e+00,3.898603702549e-04,4.702881005669e+06,6.084846212977e+07
1.325618060951e+00,3.898603702549e-04,4.199553075172e+06,5.728761008462e+07
1.398068477029e+00,3.898603702549e-04,3.740257855209e+06,5.393458185029e+07
1.474478602879e+00,3.898603702549e-04,3.321559644207e+06,5.077725003556e+07
1.555064852738e+00,3.898603702549e-04,2.940272215912e+06,4.780419502375e+07
1.640055468759e+00,3.898603702549e-04,2.593441590914e+06,4.500466366998e+07
1.729691167460e+00,3.898603702549e-04,2.278329949303e+06,4.236853040880e+07
1.824225821491e+00,3.898603702549e-04,1.992400611635e+06,3.988626063170e+07
1.923927178677e+00,3.898603702549e-04,1.733304019883e+06,3.754887620176e+07
2.029077620350e+00,3.898603702549e-04,1.498864654278e+06,3.534792298100e+07
2.139974961130e+00,3.898603702549e-04,1.287068825926e+06,3.327544025278e+07
2.256933292416e+00,3.898603702549e-04,1.096053288790e+06,3.132393192875e+07
2.380283871978e+00,3.898603702549e-04,9.240946181772e+05,2.948633943613e+07
2.510376062171e+00,3.898603702549e-04,7.695993061512e+05,2.775601618736e+07
2.647578319423e+00,3.898603702549e-04,6.310945273812e+05,2.612670353965e+07
2.792279237804e+00,3.898603702549e-04,5.072195318807e+05,2.459250815761e+07
2.944888649628e+00,3.898603702549e-04,3.967176238044e+05,2.314788069688e+07
3.105838786213e+00,3.898603702549e-04,2.984286880555e+05,2.178759573191e+07
3.275585502074e+00,3.898603702549e-04,2.112822288669e+05,2.050673285504e+07
3.454609566030e+00,3.898603702549e-04,1.342908867910e+05,1.930065887865e+07
3.643418022870e+00,3.898603702549e-04,7.458176877793e+04,1.816501107596e+07
3.842545629440e+00,3.898603702549e-04,5.755925717320e+04,1.709568139980e+07
4.052556369225e+00,3.898603702549e-04,4.208776802562e+04,1.608880162232e+07
4.274045049697e+00,3.898603702549e-04,2.880285279864e+04,1.514072934189e+07
4.507638986977e+00,3.898603702549e-04,1.986710140099e+04,1.424803480641e+07
4.753999782561e+00,3.898603702549e-04,1.365203074493e+04,1.340748850557e+07
5.013825197157e+00,3.898603702549e-04,8.556531192864e+03,1.261604948695e+07
5.287851126931e+00,3.898603702549e-04,3.469338153397e+03,1.187085435384e+07
5.576853687767e+00,3.898603702549e-04,0.000000000000e+00,1.116920690483e+07
5.881651413438e+00,3.898603702549e-04,0.000000000000e+00,1.050856837771e+07
6.203107573913e+00,3.898603702549e-04,0.000000000000e+00,9.886548262455e+06
6.542132620377e+00,3.898603702549e-04,0.000000000000e+00,9.300895649867e+06
6.899686763872e+00,3.898603702549e-04,0.000000000000e+00,8.749491084652e+06
7.276782694877e+00,3.898603702549e-04,0.000000000000e+00,8.230338893433e+06
7.674488451523e+00,3.898603702549e-04,0.000000000000e+00,7.741559959869e+06
8.093930444567e+00,3.898603702549e-04,0.000000000000e+00,7.281384920757e+06
8.536296647692e+00,3.898603702549e-04,0.000000000000e+00,6.848147758445e+06
9.002839962173e+00,3.898603702549e-04,0.000000000000e+00,6.440279766376e+06
9.494881765433e+00,3.898603702549e-04,0.000000000000e+00,6.056303865899e+06
1.001381565354e+01,3.898603702549e-04,0.000000000000e+00,5.694829253777e+06
1.056111138827e+01,3.898603702549e-04,0.000000000000e+00,5.354546361021e+06
1.113831905982e+01,3.898603702549e-04,0.000000000000e+00,5.034222104820e+06
1.174707347714e+01,3.898603702549e-04,0.000000000000e+00,4.732695416387e+06
1.238909879816e+01,3.898603702549e-04,0.000000000000e+00,4.448873028585e+06
1.306621341299e+01,3.898603702549e-04,0.000000000000e+00,4.181725508114e+06
1.378033509421e+01,3.898603702549e-04,0.000000000000e+00,3.930283517980e+06
1.453348642843e+01,3.898603702549e-04,0.000000000000e+00,3.693634296768e+06
1.532780054486e+01,3.898603702549e-04,0.000000000000e+00,3.470918342105e+06
1.616552715688e+01,3.898603702549e-04,0.000000000000e+00,3.261326286397e+06
1.704903893387e+01,3.898603702549e-04,0.000000000000e+00,3.064095953694e+06
1.798083822122e+01,3.898603702549e-04,0.000000000000e+00,2.878509587166e+06
1.896356412767e+01,3.898603702549e-04,0.000000000000e+00,2.703891237364e+06
2.000000000000e+01,3.898603702549e-04,0.000000000000e+00,2.539604301984e+06
7.000000000000e-01,4.513832659769e-04,1.447557167246e+07,1.180303348415e+08
7.382578457164e-01,4.513832659769e-04,1.316847775791e+07,1.111307169657e+08
7.786066382311e-01,4.513832659769e-04,1.196600129919e+07,1.046337626018e+08
8.211606562871e-01,4.513832659769e-04,1.086040986654e+07,9.851597360230e+07
8.660404244251e-01,4.513832659769e-04,9.844511592347e+06,9.275522316268e+07
9.133730543420e-01,4.513832659769e-04,8.911618977354e+06,8.733067579307e+07
9.632926049056e-01,4.513832659769e-04,8.055515030480e+06,8.222271196092e+07
1.015940461846e+00,4.513832659769e-04,7.270421596875e+06,7.741285713131e+07
1.071465738198e+00,4.513832659769e-04,6.550969737662e+06,7.288371494836e+07
1.130025696630e+00,4.513832659769e-04,5.892172033024e+06,6.861890431624e+07
1.191786194854e+00,4.513832659769e-04,5.289396688081e+06,6.460300015198e+07
1.256922155382e+00,4.513832659769e-04,4.738343328315e+06,6.082147759601e+07
1.325618060951e+00,4.513832659769e-04,4.235020378158e+06,5.726065947855e+07
1.398068477029e+00,4.513832659769e-04,3.775723922873e+06,5.390766685182e+07
1.474478602879e+00,4.513832659769e-04,3.357017959916e+06,5.075037240921e+07
1.555064852738e+00,4.513832659769e-04,2.975715951733e+06,4.777735662288e+07
1.640055468759e+00,4.513832659769e-04,2.628863597320e+06,4.497786644125e+07
1.729691167460e+00,4.513832659769e-04,2.313722744973e+06,4.234177639687e+07
1.824225821491e+00,4.513832659769e-04,2.027756373421e+06,3.985955198404e+07
1.923927178677e+00,4.513832659769e-04,1.768614573020e+06,3.752221517373e+07
2.029077620350e+00,4.513832659769e-04,1.534121462928e+06,3.532131194119e+07
2.139974961130e+00,4.513832659769e-04,1.322262984147e+06,3.324888168847e+07
2.256933292416e+00,4.513832659769e-04,1.131175512042e+06,3.129742845165e+07
2.380283871978e+00,4.513832659769e-04,9.591352354901e+05,2.945989378835e+07
2.510376062171e+00,4.513832659769e-04,8.045482530616e+05,2.772963124754e+07
2.647578319423e+00,4.513832659769e-04,6.659413398025e+05,2.610038232938e+07
2.792279237804e+00,4.513832659769e-04,5.419533410412e+05,2.456625384792e+07
2.944888649628e+00,4.513832659769e-04,4.313271524217e+05,2.312169661508e+07
3.105838786213e+00,4.513832659769e-04,3.329022479176e+05,2.176148536848e+07
3.275585502074e+00,4.513832659769e-04,2.456077200045e+05,2.048069987071e+07
3.454609566030e+00,4.513832659769e-04,1.684557984336e+05,1.927470711162e+07
3.643418022870e+00,4.513832659769e-04,1.005358161788e+05,1.813914454918e+07
3.842545629440e+00,4.513832659769e-04,7.629862697405e+04,1.706990432834e+07
4.052556369225e+00,4.513832659769e-04,6.071776707956e+04,1.606311842075e+07
4.274045049697e+00,4.513832659769e-04,4.658342459658e+04,1.511514463157e+07
4.507638986977e+00,4.513832659769e-04,3.463424348825e+04,1.422255342273e+07
4.753999782561e+00,4.513832659769e-04,2.615482538336e+04,1.338211550498e+07
5.013825197157e+00,4.513832659769e-04,2.116948518388e+04,1.259079015375e+07
5.287851126931e+00,4.513832659769e-04,1.609509056363e+04,1.184571420660e+07
5.576853687767e+00,4.513832659769e-04,1.153621931121e+04,1.114419170234e+07
5.881651413438e+00,4.513832659769e-04,8.071175268039e+03,1.048368412443e+07
6.203107573913e+00,4.513832659769e-04,4.443431389639e+03,9.861801213140e+06
6.542132620377e+00,4.513832659769e-04,1.840203953632e+03,9.276292313447e+06
6.899686763872e+00,4.513832659769e-04,0.000000000000e+00,8.725038227073e+06
7.276782694877e+00,4.513832659769e-04,0.000000000000e+00,8.206043539335e+06
7.674488451523e+00,4.513832659769e-04,0.000000000000e+00,7.717429392935e+06
8.093930444567e+00,4.513832659769e-04,0.000000000000e+00,7.257426682530e+06
8.536296647692e+00,4.513832659769e-04,0.000000000000e+00,6.824369645433e+06
9.002839962173e+00,4.513832659769e-04,0.000000000000e+00,6.416689825246e+06
9.494881765433e+00,4.513832659769e-04,0.000000000000e+00,6.032910386558e+06
1.001381565354e+01,4.513832659769e-04,0.000000000000e+00,5.671640760148e+06
1.056111138827e+01,4.513832659769e-04,0.000000000000e+00,5.331571599320e+06
1.113831905982e+01,4.513832659769e-04,0.000000000000e+00,5.011470029154e+06
1.174707347714e+01,4.513832659769e-04,0.000000000000e+00,4.710175171511e+06
1.238909879816e+01,4.513832659769e-04,0.000000000000e+00,4.426593929672e+06
1.306621341299e+01,4.513832659769e-04,0.000000000000e+00,4.159697017428e+06
1.378033509421e+01,4.513832659769e-04,0.000000000000e+00,3.908515218359e+06
1.453348642843e+01,4.513832659769e-04,0.000000000000e+00,3.672135861893e+06
1.532780054486e+01,4.513832659769e-04,2.575217112490e+02,3.449699503542e+06
1.616552715688e+01,4.513832659769e-04,1.047926814407e+03,3.240396797483e+06
1.704903893387e+01,4.513832659769e-04,1.838883451500e+03,3.043465550367e+06
1.798083822122e+01,4.513832659769e-04,2.624490843965e+03,2.858187945928e+06
1.896356412767e+01,4.513832659769e-04,1.898532929105e+03,2.683887930594e+06
2.000000000000e+01,4.513832659769e-04,2.514004721967e+03,2.519928750927e+06
7.000000000000e-01,5.226149369087e-04,1.451605821562e+07,1.179987783222e+08
7.382578457164e-01,5.226149369087e-04,1.320902197616e+07,1.110991847233e+08
7.786066382311e-01,5.226149369087e-04,1.200659864831e+07,1.046022558413e+08
8.211606562871e-01,5.226149369087e-04,1.090105555299e+07,9.848449358996e+07
8.660404244251e-01,5.226149369087e-04,9.885200562810e+06,9.272377122926e+07
9.133730543420e-01,5.226149369087e-04,8.952345907966e+06,8.729925333715e+07
9.632926049056e-01,5.226149369087e-04,8.096274315785e+06,8.219132045243e+07
1.015940461846e+00,5.226149369087e-04,7.311207338511e+06,7.738149811522e+07
1.071465738198e+00,5.226149369087e-04,6.591775732798e+06,7.285239004861e+07
1.130025696630e+00,5.226149369087e-04,5.932991762586e+06,6.858761523978e+07
1.191786194854e+00,5.226149369087e-04,5.330223304798e+06,6.457174869311e+07
1.256922155382e+00,5.226149369087e-04,4.779169644627e+06,6.079026564090e+07
1.325618060951e+00,5.226149369087e-04,4.275838854037e+06,5.722948900996e+07
1.398068477029e+00,5.226149369087e-04,3.816526653611e+06,5.387653995407e+07
1.474478602879e+00,5.226149369087e-04,3.397796663939e+06,5.071929127341e+07
1.555064852738e+00,5.226149369087e-04,3.016461958520e+06,4.774632355242e+07
1.640055468759e+00,5.226149369087e-04,2.669567835512e+06,4.494688385747e+07
1.729691167460e+00,5.226149369087e-04,2.354375730757e+06,4.231084684506e+07
1.824225821491e+00,5.226149369087e-04,2.068348199293e+06,3.982867813969e+07
1.923927178677e+00,5.226149369087e-04,1.809134897046e+06,3.749139984908e+07
2.029077620350e+00,5.226149369087e-04,1.574559498627e+06,3.529055809197e+07
2.139974961130e+00,5.226149369087e-04,1.362607491135e+06,3.321819242102e+07
2.256933292416e+00,5.226149369087e-04,1.171414787589e+06,3.126680703022e+07
2.380283871978e+00,5.226149369087e-04,9.992571071537e+05,2.942934364273e+07
2.510376062171e+00,5.226149369087e-04,8.445400725811e+05,2.769915598092e+07
2.647578319423e+00,5.226149369087e-04,7.057899784367e+05,2.606998572645e+07
2.792279237804e+00,5.226149369087e-04,5.816451865618e+05,2.453593988324e+07
2.944888649628e+00,5.226149369087e-04,4.708481079761e+05,2.309146946159e+07
3.105838786213e+00,5.226149369087e-04,3.722377329916e+05,2.173134940626e+07
3.275585502074e+00,5.226149369087e-04,2.847426737243e+05,2.045065969582e+07
3.454609566030e+00,5.226149369087e-04,2.073746854558e+05,1.924476754510e+07
3.643418022870e+00,5.226149369087e-04,1.392226354255e+05,1.810931064605e+07
3.842545629440e+00,5.226149369087e-04,9.789347682266e+04,1.704018138661e+07
4.052556369225e+00,5.226149369087e-04,8.216759524359e+04,1.603351199034e+07
4.274045049697e+00,5.226149369087e-04,6.788081904100e+04,1.508566052307e+07
4.507638986977e+00,5.226149369087e-04,5.590442571988e+04,1.419319771587e+07
4.753999782561e+00,5.226149369087e-04,4.419224448458e+04,1.335289455676e+07
5.013825197157e+00,5.226149369087e-04,3.581471287586e+04,1.256171060604e+07
5.287851126931e+00,5.226149369087e-04,3.074647713946e+04,1.181678299310e+07
5.576853687767e+00,5.226149369087e-04,2.618814597594e+04,1.111541605480e+07
5.881651413438e+00,5.226149369087e-04,2.282093647291e+04,1.045507157783e+07
6.203107573913e+00,5.226149369087e-04,1.917970924701e+04,9.833359609815e+06
6.542132620377e+00,5.226149369087e-04,1.665714497977e+04,9.248029805777e+06
6.899686763872e+00,5.226149369087e-04,1.451224267211e+04,8.696963278688e+06
7.276782694877e+00,5.226149369087e-04,1.202493747101e+04,8.178164924514e+06
7.674488451523e+00,5.226149369087e-04,1.055649865905e+04,7.689756193993e+06
8.093930444567e+00,5.226149369087e-04,8.709397782519e+03,7.229968284962e+06
8.536296647692e+00,5.226149369087e-04,7.814955683283e+03,6.797135730560e+06
9.002839962173e+00,5.226149369087e-04,7.168826442202e+03,6.389690360127e+06
9.494881765433e+00,5.226149369087e-04,6.747687130951e+03,6.006155610930e+06
1.001381565354e+01,5.226149369087e-04,5.882246365943e+03,5.645141170173e+06
1.056111138827e+01,5.226149369087e-04,5.851121713134e+03,5.305337927934e+06
1.113831905982e+01,5.226149369087e-04,5.980794766524e+03,4.985513222833e+06
1.174707347714e+01,5.226149369087e-04,6.251465605610e+03,4.684506363311e+06
1.238909879816e+01,5.226149369087e-04,6.644205616789e+03,4.401224408433e+06
1.306621341299e+01,5.226149369087e-04,7.140956717780e+03,4.134638193082e+06
1.378033509421e+01,5.226149369087e-04,7.724532026411e+03,3.883778583340e+06
1.453348642843e+01,5.226149369087e-04,8.378617884422e+03,3.647732948700e+06
1.532780054486e+01,5.226149369087e-04,9.087777096498e+03,3.425641838587e+06
1.616552715688e+01,5.226149369087e-04,6.734226202478e+03,3.216695851420e+06
1.704903893387e+01,5.226149369087e-04,7.726437747298e+03,3.020132685177e+06
1.798083822122e+01,5.226149369087e-04,8.485562358888e+03,2.835234359114e+06
1.896356412767e+01,5.226149369087e-04,9.232107541109e+03,2.661324596926e+06
2.000000000000e+01,5.226149369087e-04,9.960787969568e+03,2.497766362238e+06
7.000000000000e-01,6.050875007273e-04,1.456277156313e+07,1.179622605685e+08
7.382578457164e-01,6.050875007273e-04,1.325579206121e+07,1.110626965977e+08
7.786066382311e-01,6.050875007273e-04,1.205341964506e+07,1.045657988347e+08
8.211606562871e-01,6.050875007273e-04,1.094792131913e+07,9.844806927064e+07
8.660404244251e-01,6.050875007273e-04,9.932104626492e+06,9.268738124658e+07
9.133730543420e-01,6.050875007273e-04,8.999281454506e+06,8.726289942595e+07
9.632926049056e-01,6.050875007273e-04,8.143234174026e+06,8.215500443760e+07
1.015940461846e+00,6.050875007273e-04,7.358183966942e+06,7.734522191642e+07
1.071465738198e+00,6.050875007273e-04,6.638761205450e+06,7.281615568529e+07
1.130025696630e+00,6.050875007273e-04,5.979977754768e+06,6.855142483647e+07
1.191786194854e+00,6.050875007273e-04,5.377201078718e+06,6.453560448497e+07
1.256922155382e+00,6.050875007273e-04,4.826130034966e+06,6.075416997952e+07
1.325618060951e+00,6.050875007273e-04,4.322772253558e+06,5.719344436950e+07
1.398068477029e+00,6.050875007273e-04,3.863422998874e+06,5.384054893769e+07
1.474478602879e+00,6.050875007273e-04,3.444645421241e+06,5.068335661999e+07
1.555064852738e+00,6.050875007273e-04,3.063252110148e+06,4.771044814360e+07
1.640055468759e+00,6.050875007273e-04,2.716287866440e+06,4.491107072508e+07
1.729691167460e+00,6.050875007273e-04,2.401013615926e+06,4.227509917881e+07
1.824225821491e+00,6.050875007273e-04,2.114891391612e+06,3.979299929523e+07
1.923927178677e+00,6.050875007273e-04,1.855570316294e+06,3.745579335641e+07
2.029077620350e+00,6.050875007273e-04,1.620873521422e+06,3.525502766418e+07
2.139974961130e+00,6.050875007273e-04,1.408785942170e+06,3.318274196334e+07
2.256933292416e+00,6.050875007273e-04,1.217442932357e+06,3.123144064950e+07
2.380283871978e+00,6.050875007273e-04,1.045119646366e+06,2.939406565708e+07
2.510376062171e+00,6.050875007273e-04,8.902211385495e+05,2.766397092979e+07
2.647578319423e+00,6.050875007273e-04,7.512731336532e+05,2.603489838089e+07
2.792279237804e+00,6.050875007273e-04,6.269134247661e+05,2.450095525648e+07
2.944888649628e+00,6.050875007273e-04,5.158838579857e+05,2.305659281976e+07
3.105838786213e+00,6.050875007273e-04,4.170228655942e+05,2.169658627926e+07
3.275585502074e+00,6.050875007273e-04,3.292585119370e+05,2.041601588837e+07
3.454609566030e+00,6.050875007273e-04,2.516020184617e+05,1.921024914770e+07
3.643418022870e+00,6.050875007273e-04,1.831417364998e+05,1.807492404595e+07
3.842545629440e+00,6.050875007273e-04,1.230375383654e+05,1.700593327862e+07
4.052556369225e+00,6.050875007273e-04,1.068160796571e+05,1.599940938733e+07
4.274045049697e+00,6.050875007273e-04,9.232840676158e+04,1.505171076608e+07
4.507638986977e+00,6.050875007273e-04,8.029348023398e+04,1.415940848371e+07
4.753999782561e+00,6.050875007273e-04,6.835564826179e+04,1.331927387483e+07
5.013825197157e+00,6.050875007273e-04,5.864916167983e+04,1.252826685428e+07
5.287851126931e+00,6.050875007273e-04,4.891709937301e+04,1.178352491289e+07
5.576853687767e+00,6.050875007273e-04,4.400750967301e+04,1.108235275444e+07
5.881651413438e+00,6.050875007273e-04,3.989575213527e+04,1.042221253652e+07
6.203107573913e+00,6.050875007273e-04,3.705423234424e+04,9.800714679834e+06
6.542132620377e+00,6.050875007273e-04,3.378136850336e+04,9.215609212524e+06
6.899686763872e+00,6.050875007273e-04,3.170330928719e+04,8.664777618389e+06
7.276782694877e+00,6.050875007273e-04,2.996221509974e+04,8.146225159254e+06
7.674488451523e+00,6.050875007273e-04,2.772839923192e+04,7.658073643801e+06
8.093930444567e+00,6.050875007273e-04,2.658508380363e+04,7.198554616632e+06
8.536296647692e+00,6.050875007273e-04,2.569933658175e+04,6.766002942940e+06
9.002839962173e+00,6.050875007273e-04,2.504635015239e+04,6.358850765590e+06
9.494881765433e+00,6.050875007273e-04,2.460223350989e+04,5.975621812776e+06
1.001381565354e+01,6.050875007273e-04,2.434401022632e+04,5.614926035735e+06
1.056111138827e+01,6.050875007273e-04,2.424961841338e+04,5.275454557210e+06
1.113831905982e+01,6.050875007273e-04,2.429791252558e+04,4.955974912493e+06
1.174707347714e+01,6.050875007273e-04,2.446866701008e+04,4.655326566018e+06
1.238909879816e+01,6.050875007273e-04,2.474258175954e+04,4.372416687444e+06
1.306621341299e+01,6.050875007273e-04,2.510128926758e+04,4.106216172202e+06
1.378033509421e+01,6.050875007273e-04,1.313736609945e+04,3.855755892369e+06
1.453348642843e+01,6.050875007273e-04,1.543871689296e+04,3.620123164601e+06
1.532780054486e+01,6.050875007273e-04,1.584664817883e+04,3.398458422709e+06
1.616552715688e+01,6.050875007273e-04,1.669058460881e+04,3.189952083180e+06
1.704903893387e+01,6.050875007273e-04,1.711824700576e+04,2.993841592738e+06
1.798083822122e+01,6.050875007273e-04,1.795655121471e+04,2.809408647650e+06
1.896356412767e+01,6.050875007273e-04,1.837051918553e+04,2.635976575182e+06
2.000000000000e+01,6.050875007273e-04,1.916969361752e+04,2.472907868150e+06
7.000000000000e-01,7.005748547910e-04,1.461664021757e+07,1.179200051440e+08
7.382578457164e-01,7.005748547910e-04,1.330971309326e+07,1.110204775304e+08
7.786066382311e-01,7.005748547910e-04,1.210738557046e+07,1.045236179814e+08
8.211606562871e-01,7.005748547910e-04,1.100192425192e+07,9.840592858570e+07
8.660404244251e-01,7.005748547910e-04,9.986136262987e+06,9.264528278730e+07
9.133730543420e-01,7.005748547910e-04,9.053333056920e+06,8.722084535820e+07
9.632926049056e-01,7.005748547910e-04,8.197296553851e+06,8.211299704159e+07
1.015940461846e+00,7.005748547910e-04,7.412247468128e+06,7.730326359295e+07
1.071465738198e+00,7.005748547910e-04,6.692815687453e+06,7.277424896219e+07
1.130025696630e+00,7.005748547910e-04,6.034012575532e+06,6.850957237545e+07
1.191786194854e+00,7.005748547910e-04,5.431205077700e+06,6.449380908881e+07
1.256922155382e+00,7.005748547910e-04,4.880091516289e+06,6.071243459965e+07
1.325618060951e+00,7.005748547910e-04,4.376678969411e+06,5.715177211392e+07
1.398068477029e+00,7.005748547910e-04,3.917262133294e+06,5.379894307931e+07
1.474478602879e+00,7.005748547910e-04,3.498403574414e+06,5.064182060536e+07
1.555064852738e+00,7.005748547910e-04,3.116915283392e+06,4.766898560207e+07
1.640055468759e+00,7.005748547910e-04,2.769841448050e+06,4.486968547835e+07
1.729691167460e+00,7.005748547910e-04,2.454442368069e+06,4.223379525091e+07
1.824225821491e+00,7.005748547910e-04,2.168179438497e+06,3.975178092295e+07
1.923927178677e+00,7.005748547910e-04,1.908701133838e+06,3.741466500012e+07
2.029077620350e+00,7.005748547910e-04,1.673829928666e+06,3.521399401908e+07
2.139974961130e+00,7.005748547910e-04,1.461550094726e+06,3.314180797113e+07
2.256933292416e+00,7.005748547910e-04,1.269996318155e+06,3.119061151034e+07
2.380283871978e+00,7.005748547910e-04,1.097443084026e+06,2.935334684204e+07
2.510376062171e+00,7.005748547910e-04,9.422947786898e+05,2.762336819353e+07
2.647578319423e+00,7.005748547910e-04,8.030764634856e+05,2.599441777462e+07
2.792279237804e+00,7.005748547910e-04,6.784252763165e+05,2.446060314116e+07
2.944888649628e+00,7.005748547910e-04,5.670824203132e+05,2.301637587946e+07
3.105838786213e+00,7.005748547910e-04,4.678857013729e+05,2.165651153453e+07
3.275585502074e+00,7.005748547910e-04,3.797625787731e+05,2.037609070965e+07
3.454609566030e+00,7.005748547910e-04,3.017236953168e+05,1.917048126851e+07
3.643418022870e+00,7.005748547910e-04,2.328568555808e+05,1.803532157585e+07
3.842545629440e+00,7.005748547910e-04,1.723214228295e+05,1.696650471570e+07
4.052556369225e+00,7.005748547910e-04,1.350763544285e+05,1.596016363008e+07
4.274045049697e+00,7.005748547910e-04,1.203248990967e+05,1.501265712451e+07
4.507638986977e+00,7.005748547910e-04,1.081872666511e+05,1.412055668935e+07
4.753999782561e+00,7.005748547910e-04,9.595489977129e+04,1.328063408951e+07
5.013825197157e+00,7.005748547910e-04,8.610421982461e+04,1.248984967741e+07
5.287851126931e+00,7.005748547910e-04,7.726082863730e+04,1.174534138679e+07
5.576853687767e+00,7.005748547910e-04,6.815152670192e+04,1.104441436765e+07
5.881651413438e+00,7.005748547910e-04,6.111134534413e+04,1.038453122461e+07
6.203107573913e+00,7.005748547910e-04,5.687811844314e+04,9.763302823367e+06
6.542132620377e+00,7.005748547910e-04,5.450173876242e+04,9.178479631944e+06
6.899686763872e+00,7.005748547910e-04,5.247465556412e+04,8.627943565311e+06
7.276782694877e+00,7.005748547910e-04,5.076759376109e+04,8.109700303920e+06
7.674488451523e+00,7.005748547910e-04,4.935222638541e+04,7.621872058292e+06
8.093930444567e+00,7.005748547910e-04,4.726401335907e+04,7.162690753523e+06
8.536296647692e+00,7.005748547910e-04,4.635910131993e+04,6.730491609073e+06
9.002839962173e+00,7.005748547910e-04,4.566729147323e+04,6.323707090700e+06
9.494881765433e+00,7.005748547910e-04,4.516405115252e+04,5.940861212740e+06
1.001381565354e+01,7.005748547910e-04,4.482580632745e+04,5.580564170267e+06
1.056111138827e+01,7.005748547910e-04,4.462995054731e+04,5.241507281904e+06
1.113831905982e+01,7.005748547910e-04,4.455485614188e+04,4.922458225198e+06
1.174707347714e+01,7.005748547910e-04,2.548647756354e+04,4.622256547601e+06
1.238909879816e+01,7.005748547910e-04,2.709219593431e+04,4.339809437114e+06
1.306621341299e+01,7.005748547910e-04,2.734290561325e+04,4.074087737678e+06
1.378033509421e+01,7.005748547910e-04,2.762212863119e+04,3.824122195265e+06
1.453348642843e+01,7.005748547910e-04,2.842393403796e+04,3.588999921544e+06
1.532780054486e+01,7.005748547910e-04,2.872408139844e+04,3.367861062795e+06
1.616552715688e+01,7.005748547910e-04,2.951825408449e+04,3.159895662517e+06
1.704903893387e+01,7.005748547910e-04,2.980168359456e+04,2.964340706891e+06
1.798083822122e+01,7.005748547910e-04,3.055018505073e+04,2.780477342933e+06
1.896356412767e+01,7.005748547910e-04,3.126064677491e+04,2.607628259806e+06
2.000000000000e+01,7.005748547910e-04,3.145313785126e+04,2.445155224299e+06
7.000000000000e-01,8.111308307897e-04,1.467872138001e+07,1.178711153677e+08
7.382578457164e-01,8.111308307897e-04,1.337183727287e+07,1.109716326260e+08
7.786066382311e-01,8.111308307897e-04,1.216954313804e+07,1.044748202759e+08
8.211606562871e-01,8.111308307897e-04,1.106410506907e+07,9.835718053068e+07
8.660404244251e-01,8.111308307897e-04,1.004832966253e+07,9.259658696581e+07
9.133730543420e-01,8.111308307897e-04,9.115527823087e+06,8.717220449200e+07
9.632926049056e-01,8.111308307897e-04,8.259480902318e+06,8.206441399877e+07
1.015940461846e+00,8.111308307897e-04,7.474409025968e+06,7.725474139596e+07
1.071465738198e+00,8.111308307897e-04,6.754941473140e+06,7.272579079632e+07
1.130025696630e+00,8.111308307897e-04,6.096088979103e+06,6.846118159774e+07
1.191786194854e+00,8.111308307897e-04,5.493217841214e+06,6.444548923742e+07
1.256922155382e+00,8.111308307897e-04,4.942025714731e+06,6.066418940370e+07
1.325618060951e+00,8.111308307897e-04,4.438518992223e+06,5.710360550384e+07
1.398068477029e+00,8.111308307897e-04,3.978991666718e+06,5.375085919768e+07
1.474478602879e+00,8.111308307897e-04,3.560005584851e+06,5.059382381826e+07
1.555064852738e+00,8.111308307897e-04,3.178372002024e+06,4.762108051097e+07
1.640055468759e+00,8.111308307897e-04,2.831134356967e+06,4.482187693248e+07
1.729691167460e+00,8.111308307897e-04,2.515552188180e+06,4.218608836023e+07
1.824225821491e+00,8.111308307897e-04,2.229086119530e+06,3.970418107155e+07
1.923927178677e+00,8.111308307897e-04,1.969383846739e+06,3.736717786015e+07
2.029077620350e+00,8.111308307897e-04,1.734267060755e+06,3.516662556518e+07
2.139974961130e+00,8.111308307897e-04,1.521719247958e+06,3.309456449530e+07
2.256933292416e+00,8.111308307897e-04,1.329874310886e+06,3.114349963721e+07
2.380283871978e+00,8.111308307897e-04,1.157005956679e+06,2.930637354453e+07
2.510376062171e+00,8.111308307897e-04,1.001517803741e+06,2.757654080873e+07
2.647578319423e+00,8.111308307897e-04,8.619341602004e+05,2.594774401997e+07
2.792279237804e+00,8.111308307897e-04,7.368914306739e+05,2.441409113069e+07
2.944888649628e+00,8.111308307897e-04,6.251301105612e+05,2.297003414002e+07
3.105838786213e+00,8.111308307897e-04,5.254873296511e+05,2.161034902194e+07
3.275585502074e+00,8.111308307897e-04,4.368899092320e+05,2.033011682445e+07
3.454609566030e+00,8.111308307897e-04,3.583478991427e+05,1.912470587134e+07
3.643418022870e+00,8.111308307897e-04,2.889485633111e+05,1.798975500205e+07
3.842545629440e+00,8.111308307897e-04,2.278507843033e+05,1.692115778900e+07
4.052556369225e+00,8.111308307897e-04,1.742798592525e+05,1.591504767512e+07
4.274045049697e+00,8.111308307897e-04,1.538272794064e+05,1.496778397783e+07
4.507638986977e+00,8.111308307897e-04,1.399951658621e+05,1.407593870864e+07
4.753999782561e+00,8.111308307897e-04,1.288432582800e+05,1.323628416063e+07
5.013825197157e+00,8.111308307897e-04,1.173143018994e+05,1.244578121891e+07
5.287851126931e+00,8.111308307897e-04,1.082273858631e+05,1.170156835153e+07
5.576853687767e+00,8.111308307897e-04,1.000393840286e+05,1.100095124106e+07
5.881651413438e+00,8.111308307897e-04,9.267470022571e+04,1.034139301919e+07
6.203107573913e+00,8.111308307897e-04,8.475055194955e+04,9.720505068995e+06
6.542132620377e+00,8.111308307897e-04,7.885106792468e+04,9.136038361521e+06
6.899686763872e+00,8.111308307897e-04,7.654538426606e+04,8.585875295384e+06
7.276782694877e+00,8.111308307897e-04,7.484452114161e+04,8.068022009815e+06
7.674488451523e+00,8.111308307897e-04,7.341282829779e+04,7.580601143404e+06
8.093930444567e+00,8.111308307897e-04,7.222208479467e+04,7.121845012430e+06
8.536296647692e+00,8.111308307897e-04,7.124505718263e+04,6.690089184194e+06
9.002839962173e+00,8.111308307897e-04,7.045551219569e+04,6.283766422286e+06
9.494881765433e+00,8.111308307897e-04,6.982823234234e+04,5.901400982080e+06
1.001381565354e+01,8.111308307897e-04,6.933903434466e+04,5.541603236080e+06
1.056111138827e+01,8.111308307897e-04,4.566963581646e+04,5.203064609994e+06
1.113831905982e+01,8.111308307897e-04,4.570138529060e+04,4.884552811583e+06
1.174707347714e+01,8.111308307897e-04,4.526068398274e+04,4.584907335436e+06
1.238909879816e+01,8.111308307897e-04,4.486030295945e+04,4.303035227897e+06
1.306621341299e+01,8.111308307897e-04,4.494483065735e+04,4.037907097318e+06
1.378033509421e+01,8.111308307897e-04,4.455812780697e+04,3.788553355779e+06
1.453348642843e+01,8.111308307897e-04,4.458792048657e+04,3.554060679261e+06
1.532780054486e+01,8.111308307897e-04,4.416013376508e+04,3.333568674064e+06
1.616552715688e+01,8.111308307897e-04,4.412049567635e+04,3.126266738049e+06
1.704903893387e+01,8.111308307897e-04,4.476889462260e+04,2.931391105944e+06
1.798083822122e+01,8.111308307897e-04,4.536260819995e+04,2.748222068647e+06
1.896356412767e+01,8.111308307897e-04,4.589279899221e+04,2.576081357005e+06
2.000000000000e+01,8.111308307897e-04,4.579808439083e+04,2.414329681159e+06
7.000000000000e-01,9.391333704860e-04,1.475021551464e+07,1.178145561540e+08
7.382578457164e-01,9.391333704860e-04,1.344335792350e+07,1.109151291247e+08
7.786066382311e-01,9.391333704860e-04,1.224107790468e+07,1.044183754224e+08
8.211606562871e-01,9.391333704860e-04,1.113564090769e+07,9.830079742066e+07
8.660404244251e-01,9.391333704860e-04,1.011985286156e+07,9.254026886388e+07
9.133730543420e-01,9.391333704860e-04,9.187023979844e+06,8.711595484124e+07
9.632926049056e-01,9.391333704860e-04,8.330934899493e+06,8.200823643075e+07
1.015940461846e+00,9.391333704860e-04,7.545805008300e+06,7.719863974119e+07
1.071465738198e+00,9.391333704860e-04,6.826262824458e+06,7.266976909538e+07
1.130025696630e+00,9.391333704860e-04,6.167318299909e+06,6.840524411292e+07
1.191786194854e+00,9.391333704860e-04,5.564336927010e+06,6.438964046494e+07
1.256922155382e+00,9.391333704860e-04,5.013015535330e+06,6.060843408661e+07
1.325618060951e+00,9.391333704860e-04,4.509359672277e+06,5.704794864550e+07
1.398068477029e+00,9.391333704860e-04,4.049662467750e+06,5.369530607587e+07
1.474478602879e+00,9.391333704860e-04,3.630484889098e+06,5.053837999996e+07
1.555064852738e+00,9.391333704860e-04,3.248637298408e+06,4.756575186777e+07
1.640055468759e+00,9.391333704860e-04,2.901162229558e+06,4.476666965664e+07
1.729691167460e+00,9.391333704860e-04,2.585318307536e+06,4.213100898131e+07
1.824225821491e+00,9.391333704860e-04,2.298565237311e+06,3.964923647369e+07
1.923927178677e+00,9.391333704860e-04,2.038549794044e+06,3.731237529991e+07
2.029077620350e+00,9.391333704860e-04,1.803092750631e+06,3.511197268989e+07
2.139974961130e+00,9.391333704860e-04,1.590176682560e+06,3.304006936183e+07
2.256933292416e+00,9.391333704860e-04,1.397934593787e+06,3.108917073119e+07
2.380283871978e+00,9.391333704860e-04,1.224639310845e+06,2.925221979979e+07
2.510376062171e+00,9.391333704860e-04,1.068693595676e+06,2.752257162694e+07
2.647578319423e+00,9.391333704860e-04,9.286209308060e+05,2.589396929033e+07
2.792279237804e+00,9.391333704860e-04,8.030569333197e+05,2.436052124941e+07
2.944888649628e+00,9.391333704860e-04,6.907413568853e+05,2.291668002956e+07
3.105838786213e+00,9.391333704860e-04,5.905106435675e+05,2.155722214968e+07
3.275585502074e+00,9.391333704860e-04,5.012909895954e+05,2.027722922051e+07
3.454609566030e+00,9.391333704860e-04,4.220918914747e+05,1.907207014537e+07
3.643418022870e+00,9.391333704860e-04,3.520001409336e+05,1.793738435862e+07
3.842545629440e+00,9.391333704860e-04,2.901742391519e+05,1.686906604120e+07
4.052556369225e+00,9.391333704860e-04,2.358392025558e+05,1.586324925607e+07
4.274045049697e+00,9.391333704860e-04,1.904519252081e+05,1.491629394959e+07
4.507638986977e+00,9.391333704860e-04,1.778743795232e+05,1.402477276812e+07
4.753999782561e+00,9.391333704860e-04,1.664108850870e+05,1.318545864203e+07
5.013825197157e+00,9.391333704860e-04,1.543040615682e+05,1.239531309216e+07
5.287851126931e+00,9.391333704860e-04,1.448403774554e+05,1.165147521623e+07
5.576853687767e+00,9.391333704860e-04,1.362390236730e+05,1.095125131542e+07
5.881651413438e+00,9.391333704860e-04,1.284241704800e+05,1.029210512336e+07
6.203107573913e+00,9.391333704860e-04,1.198152166807e+05,9.671648602365e+06
6.542132620377e+00,9.391333704860e-04,1.133996071837e+05,9.087633273477e+06
6.899686763872e+00,9.391333704860e-04,1.075681866546e+05,8.537942049018e+06
7.276782694877e+00,9.391333704860e-04,1.026298818252e+05,8.020581538241e+06
7.674488451523e+00,9.391333704860e-04,1.011321776217e+05,7.533674798329e+06
8.093930444567e+00,9.391333704860e-04,9.984591353694e+04,7.075454504731e+06
8.536296647692e+00,9.391333704860e-04,1.000336628565e+05,6.644256516361e+06
9.002839962173e+00,9.391333704860e-04,7.153847849153e+04,6.238513812703e+06
9.494881765433e+00,9.391333704860e-04,7.025474197289e+04,5.856750781239e+06
1.001381565354e+01,9.391333704860e-04,6.907827324242e+04,5.497577834999e+06
1.056111138827e+01,9.391333704860e-04,6.841492330806e+04,5.159686341225e+06
1.113831905982e+01,9.391333704860e-04,6.737067161748e+04,4.841843843393e+06
1.174707347714e+01,9.391333704860e-04,6.676804216848e+04,4.542889559900e+06
1.238909879816e+01,9.391333704860e-04,6.577282450973e+04,4.261730143802e+06
1.306621341299e+01,9.391333704860e-04,6.515460060668e+04,3.997335688948e+06
1.378033509421e+01,9.391333704860e-04,6.449727996090e+04,3.748735968800e+06
1.453348642843e+01,9.391333704860e-04,6.345245098109e+04,3.515016895045e+06
1.532780054486e+01,9.391333704860e-04,6.270006214726e+04,3.295317183935e+06
1.616552715688e+01,9.391333704860e-04,6.187860299506e+04,3.088825218984e+06
1.704903893387e+01,9.391333704860e-04,6.175495700663e+04,2.894776099352e+06
1.798083822122e+01,9.391333704860e-04,6.211016807505e+04,2.712448863847e+06
1.896356412767e+01,9.391333704860e-04,6.237229409493e+04,2.541163881042e+06
2.000000000000e+01,9.391333704860e-04,6.253419831679e+04,2.380280396513e+06
7.000000000000e-01,1.087335672720e-03,1.483248142700e+07,1.177491332847e+08
7.382578457164e-01,1.087335672720e-03,1.352562383320e+07,1.108497758529e+08
7.786066382311e-01,1.087335672720e-03,1.232332783946e+07,1.043530954761e+08
8.211606562871e-01,1.087335672720e-03,1.121785808355e+07,9.823559473432e+07
8.660404244251e-01,1.087335672720e-03,1.020201965512e+07,9.247514759089e+07
9.133730543420e-01,1.087335672720e-03,9.269121900998e+06,8.705091936605e+07
9.632926049056e-01,1.087335672720e-03,8.412944564473e+06,8.194329138200e+07
1.015940461846e+00,1.087335672720e-03,7.627706113428e+06,7.713379000555e+07
1.071465738198e+00,1.087335672720e-03,6.908034120797e+06,7.260501983205e+07
1.130025696630e+00,1.087335672720e-03,6.248937569096e+06,6.834060076888e+07
1.191786194854e+00,1.087335672720e-03,5.645780958562e+06,6.432510879104e+07
1.256922155382e+00,1.087335672720e-03,5.094260105767e+06,6.054402015432e+07
1.325618060951e+00,1.087335672720e-03,4.590379526410e+06,5.698365886453e+07
1.398068477029e+00,1.087335672720e-03,4.130431302535e+06,5.363114721254e+07
1.474478602879e+00,1.087335672720e-03,3.710975340474e+06,5.047435919636e+07
1.555064852738e+00,1.087335672720e-03,3.328820931585e+06,4.750187666166e+07
1.640055468759e+00,1.087335672720e-03,2.981009533226e+06,4.470294800212e+07
1.729691167460e+00,1.087335672720e-03,2.664798692529e+06,4.206744927016e+07
1.824225821491e+00,1.087335672720e-03,2.377647040259e+06,3.958584755740e+07
1.923927178677e+00,1.087335672720e-03,2.117200286589e+06,3.724916651223e+07
2.029077620350e+00,1.087335672720e-03,1.881278154787e+06,3.504895386987e+07
2.139974961130e+00,1.087335672720e-03,1.667862192837e+06,3.297725087726e+07
2.256933292416e+00,1.087335672720e-03,1.475084406680e+06,3.102656350224e+07
2.380283871978e+00,1.087335672720e-03,1.301216662317e+06,2.918983532271e+07
2.510376062171e+00,1.087335672720e-03,1.144660807236e+06,2.746042199768e+07
2.647578319423e+00,1.087335672720e-03,1.003939464780e+06,2.583206722770e+07
2.792279237804e+00,1.087335672720e-03,8.776874578865e+05,2.429888011770e+07
2.944888649628e+00,1.087335672720e-03,7.646438213886e+05,2.285531386018e+07
3.105838786213e+00,1.087335672720e-03,6.636443645816e+05,2.149614566152e+07
3.275585502074e+00,1.087335672720e-03,5.736147481378e+05,2.021645783870e+07
3.454609566030e+00,1.087335672720e-03,4.935640416729e+05,1.901162001786e+07
3.643418022870e+00,1.087335672720e-03,4.225787303475e+05,1.787727237031e+07
3.842545629440e+00,1.087335672720e-03,3.598171408288e+05,1.680930982493e+07
4.052556369225e+00,1.087335672720e-03,3.045042587509e+05,1.580386720008e+07
4.274045049697e+00,1.087335672720e-03,2.559269115121e+05,1.485730520072e+07
4.507638986977e+00,1.087335672720e-03,2.210529060157e+05,1.396619723031e+07
4.753999782561e+00,1.087335672720e-03,2.071732954630e+05,1.312731696941e+07
5.013825197157e+00,1.087335672720e-03,1.962859372984e+05,1.233762667604e+07
5.287851126931e+00,1.087335672720e-03,1.862970818111e+05,1.159426616552e+07
5.576853687767e+00,1.087335672720e-03,1.771265787052e+05,1.089454242964e+07
5.881651413438e+00,1.087335672720e-03,1.686986419154e+05,1.023591985792e+07
6.203107573913e+00,1.087335672720e-03,1.609417592511e+05,9.616011025333e+06
6.542132620377e+00,1.087335672720e-03,1.537886081795e+05,9.032568013492e+06
6.899686763872e+00,1.087335672720e-03,1.471759769158e+05,8.483474233922e+06
7.276782694877e+00,1.087335672720e-03,1.410446898646e+05,7.966736724134e+06
7.674488451523e+00,1.087335672720e-03,1.353395363369e+05,7.480478888899e+06
8.093930444567e+00,1.087335672720e-03,1.012787263355e+05,7.022933660824e+06
8.536296647692e+00,1.087335672720e-03,9.916892778112e+04,6.592437055947e+06
9.002839962173e+00,1.087335672720e-03,9.719361598973e+04,6.187422101533e+06
9.494881765433e+00,1.087335672720e-03,9.566377670937e+04,5.806413114729e+06
1.001381565354e+01,1.087335672720e-03,9.387166930751e+04,5.448020312015e+06
1.056111138827e+01,1.087335672720e-03,9.246010654076e+04,5.110934730693e+06
1.113831905982e+01,1.087335672720e-03,9.075452516777e+04,4.793923444832e+06
1.174707347714e+01,1.087335672720e-03,8.937048208088e+04,4.495825059170e+06
1.238909879816e+01,1.087335672720e-03,8.796692549411e+04,4.215545465535e+06
1.306621341299e+01,1.087335672720e-03,8.652887434416e+04,3.952053847311e+06
1.378033509421e+01,1.087335672720e-03,8.477795519995e+04,3.704378918327e+06
1.453348642843e+01,1.087335672720e-03,8.324876081013e+04,3.471605383420e+06
1.532780054486e+01,1.087335672720e-03,8.165477928426e+04,3.252870608637e+06
1.616552715688e+01,1.087335672720e-03,8.156027058391e+04,3.047361489747e+06
1.704903893387e+01,1.087335672720e-03,8.167507920829e+04,2.854311508378e+06
1.798083822122e+01,1.087335672720e-03,8.166923502667e+04,2.672997965621e+06
1.896356412767e+01,1.087335672720e-03,8.153587109045e+04,2.502739383517e+06
2.000000000000e+01,1.087335672720e-03,8.203096202403e+04,2.342893065275e+06
7.000000000000e-01,1.258925411794e-03,1.492705141801e+07,1.176734698157e+08
7.382578457164e-01,1.258925411794e-03,1.362015345116e+07,1.107741998725e+08
7.786066382311e-01,1.258925411794e-03,1.241779651933e+07,1.042776117489e+08
8.211606562871e-01,1.258925411794e-03,1.131224424212e+07,9.816020829418e+07
8.660404244251e-01,1.258925411794e-03,1.029630065958e+07,9.239986375609e+07
9.133730543420e-01,1.258925411794e-03,9.363274038189e+06,8.697574375588e+07
9.632926049056e-01,1.258925411794e-03,8.506943011371e+06,8.186822993394e+07
1.015940461846e+00,1.258925411794e-03,7.721524908995e+06,7.705884899342e+07
1.071465738198e+00,1.258925411794e-03,7.001646139649e+06,7.253020588503e+07
1.130025696630e+00,1.258925411794e-03,6.342314497357e+06,6.826592089157e+07
1.191786194854e+00,1.258925411794e-03,5.738893272344e+06,6.425057038436e+07
1.256922155382e+00,1.258925411794e-03,5.187077052727e+06,6.046963103746e+07
1.325618060951e+00,1.258925411794e-03,4.682869110919e+06,5.690942729778e+07
1.398068477029e+00,1.258925411794e-03,4.222560274976e+06,5.355708192110e+07
1.474478602879e+00,1.258925411794e-03,3.802709191262e+06,5.040046939502e+07
1.555064852738e+00,1.258925411794e-03,3.420123890524e+06,4.742817208037e+07
1.640055468759e+00,1.258925411794e-03,3.071844574850e+06,4.462943891231e+07
1.729691167460e+00,1.258925411794e-03,2.755127548097e+06,4.199414651182e+07
1.824225821491e+00,1.258925411794e-03,2.467430217114e+06,3.951276256669e+07
1.923927178677e+00,1.258925411794e-03,2.206397095586e+06,3.717631134962e+07
2.029077620350e+00,1.258925411794e-03,1.969846746530e+06,3.497634124853e+07
2.139974961130e+00,1.258925411794e-03,1.755759603441e+06,3.290489419156e+07
2.256933292416e+00,1.258925411794e-03,1.562266613786e+06,3.095447685610e+07
2.380283871978e+00,1.258925411794e-03,1.387638652045e+06,2.911803355756e+07
2.510376062171e+00,1.258925411794e-03,1.230276652754e+06,2.738892071962e+07
2.647578319423e+00,1.258925411794e-03,1.088702417073e+06,2.576088283361e+07
2.792279237804e+00,1.258925411794e-03,9.615500492822e+05,2.422802981980e+07
2.944888649628e+00,1.258925411794e-03,8.475579822822e+05,2.278481570862e+07
3.105838786213e+00,1.258925411794e-03,7.455615536987e+05,2.142601856446e+07
3.275585502074e+00,1.258925411794e-03,6.544860965490e+05,2.014672157931e+07
3.454609566030e+00,1.258925411794e-03,5.733405106174e+05,1.894229526772e+07
3.643418022870e+00,1.258925411794e-03,5.012112827509e+05,1.780838069837e+07
3.842545629440e+00,1.258925411794e-03,4.372569262044e+05,1.674087370154e+07
4.052556369225e+00,1.258925411794e-03,3.807028109592e+05,1.573590999521e+07
4.274045049697e+00,1.258925411794e-03,3.308363586171e+05,1.478985117575e+07
4.507638986977e+00,1.258925411794e-03,2.870025770409e+05,1.389927152247e+07
4.753999782561e+00,1.258925411794e-03,2.575128086912e+05,1.306094556827e+07
5.013825197157e+00,1.258925411794e-03,2.436883090312e+05,1.227183639125e+07
5.287851126931e+00,1.258925411794e-03,2.329817758659e+05,1.152908458501e+07
5.576853687767e+00,1.258925411794e-03,2.230415512493e+05,1.082999786787e+07
5.881651413438e+00,1.258925411794e-03,2.158442733001e+05,1.017204129334e+07
6.203107573913e+00,1.258925411794e-03,2.071563963746e+05,9.552828026784e+06
6.542132620377e+00,1.258925411794e-03,1.990211583852e+05,8.970110655180e+06
6.899686763872e+00,1.258925411794e-03,1.391170716252e+05,8.421772998746e+06
7.276782694877e+00,1.258925411794e-03,1.358499501860e+05,7.905822395407e+06
7.674488451523e+00,1.258925411794e-03,1.329962069811e+05,7.420382430639e+06
8.093930444567e+00,1.258925411794e-03,1.301040585328e+05,6.963686087027e+06
8.536296647692e+00,1.258925411794e-03,1.275663512900e+05,6.534069289472e+06
9.002839962173e+00,1.258925411794e-03,1.249111951700e+05,6.129964823489e+06
9.494881765433e+00,1.258925411794e-03,1.225545243284e+05,5.749896605449e+06
1.001381565354e+01,1.258925411794e-03,1.200249548438e+05,5.392474284988e+06
1.056111138827e+01,1.258925411794e-03,1.177426386253e+05,5.056388161027e+06
1.113831905982e+01,1.258925411794e-03,1.154624405926e+05,4.740404394025e+06
1.174707347714e+01,1.258925411794e-03,1.131660728477e+05,4.443360498160e+06
1.238909879816e+01,1.258925411794e-03,1.108382762226e+05,4.164161098155e+06
1.306621341299e+01,1.258925411794e-03,1.084666137775e+05,3.901773936371e+06
1.378033509421e+01,1.258925411794e-03,1.060412798583e+05,3.655226116630e+06
1.453348642843e+01,1.258925411794e-03,1.036919443603e+05,3.423600572019e+06
1.532780054486e+01,1.258925411794e-03,1.036519326577e+05,3.206032744633e+06
1.616552715688e+01,1.258925411794e-03,1.044217847587e+05,3.001707465814e+06
1.704903893387e+01,1.258925411794e-03,1.040664829096e+05,2.809856026080e+06
1.798083822122e+01,1.258925411794e-03,1.044772184690e+05,2.629753424403e+06
1.896356412767e+01,1.258925411794e-03,1.037756305579e+05,2.460715787004e+06
2.000000000000e+01,1.258925411794e-03,1.037963595093e+05,2.302097946256e+06
7.000000000000e-01,1.457593300969e-03,1.503564587432e+07,1.175859793193e+08
7.382578457164e-01,1.457593300969e-03,1.372864824446e+07,1.106868200489e+08
7.786066382311e-01,1.457593300969e-03,1.252616520137e+07,1.041903487266e+08
8.211606562871e-01,1.457593300969e-03,1.142045909606e+07,9.807306855379e+07
8.660404244251e-01,1.457593300969e-03,1.040433266554e+07,9.231285415034e+07
9.133730543420e-01,1.457593300969e-03,9.471092840683e+06,8.688887153138e+07
9.632926049056e-01,1.457593300969e-03,8.614516888837e+06,8.178150275379e+07
1.015940461846e+00,1.457593300969e-03,7.828820746028e+06,7.697227496101e+07
1.071465738198e+00,1.457593300969e-03,7.108629402400e+06,7.244379356907e+07
1.130025696630e+00,1.457593300969e-03,6.448949212670e+06,6.817967935212e+07
1.191786194854e+00,1.457593300969e-03,5.845142011233e+06,6.416450920017e+07
1.256922155382e+00,1.457593300969e-03,5.292900918852e+06,6.038376033434e+07
1.325618060951e+00,1.457593300969e-03,4.788227734727e+06,5.682375777810e+07
1.398068477029e+00,1.457593300969e-03,4.327411814275e+06,5.347162489436e+07
1.474478602879e+00,1.457593300969e-03,3.907010338966e+06,5.031523680933e+07
1.555064852738e+00,1.457593300969e-03,3.523829890388e+06,4.734317655482e+07
1.640055468759e+00,1.457593300969e-03,3.174909246021e+06,4.454469377009e+07
1.729691167460e+00,1.457593300969e-03,2.857503319329e+06,4.190966581385e+07
1.824225821491e+00,1.457593300969e-03,2.569068171499e+06,3.942856114568e+07
1.923927178677e+00,1.457593300969e-03,2.307247026667e+06,3.709240484419e+07
2.029077620350e+00,1.457593300969e-03,2.069857226634e+06,3.489274613720e+07
2.139974961130e+00,1.457593300969e-03,1.854878065040e+06,3.282162782624e+07
2.256933292416e+00,1.457593300969e-03,1.660439444663e+06,3.087155749470e+07
2.380283871978e+00,1.457593300969e-03,1.484811304955e+06,2.903548039521e+07
2.510376062171e+00,1.457593300969e-03,1.326393770196e+06,2.730675391810e+07
2.647578319423e+00,1.457593300969e-03,1.183707971684e+06,2.567912354840e+07
2.792279237804e+00,1.457593300969e-03,1.055387500212e+06,2.414670022409e+07
2.944888649628e+00,1.457593300969e-03,9.401704477638e+05,2.270393901357e+07
3.105838786213e+00,1.457593300969e-03,8.368919998451e+05,2.134561903512e+07
3.275585502074e+00,1.457593300969e-03,7.444775421808e+05,2.006682454526e+07
3.454609566030e+00,1.457593300969e-03,6.619362477052e+05,1.886292712762e+07
3.643418022870e+00,1.457593300969e-03,5.883551117877e+05,1.772956891761e+07
3.842545629440e+00,1.457593300969e-03,5.228934055442e+05,1.666264680207e+07
4.052556369225e+00,1.457593300969e-03,4.647775188594e+05,1.565829753658e+07
4.274045049697e+00,1.457593300969e-03,4.132961664099e+05,1.471288372650e+07
4.507638986977e+00,1.457593300969e-03,3.677959315390e+05,1.382298062103e+07
4.753999782561e+00,1.457593300969e-03,3.276771243017e+05,1.298536367246e+07
5.013825197157e+00,1.457593300969e-03,2.994354386620e+05,1.219699681571e+07
5.287851126931e+00,1.457593300969e-03,2.876965993832e+05,1.145502142583e+07
5.576853687767e+00,1.457593300969e-03,2.766617715444e+05,1.075674591393e+07
5.881651413438e+00,1.457593300969e-03,2.662571074506e+05,1.009963592400e+07
6.203107573913e+00,1.457593300969e-03,1.901131671890e+05,9.481305095775e+06
6.542132620377e+00,1.457593300969e-03,1.764991081243e+05,8.899506360604e+06
6.899686763872e+00,1.457593300969e-03,1.723455559408e+05,8.352123739612e+06
7.276782694877e+00,1.457593300969e-03,1.684532132858e+05,7.837164615133e+06
7.674488451523e+00,1.457593300969e-03,1.646713134648e+05,7.352752448358e+06
8.093930444567e+00,1.457593300969e-03,1.611052283528e+05,6.897119917775e+06
8.536296647692e+00,1.457593300969e-03,1.576514964661e+05,6.468602454646e+06
9.002839962173e+00,1.457593300969e-03,1.541713679738e+05,6.065632153203e+06
9.494881765433e+00,1.457593300969e-03,1.508421420130e+05,5.686732034744e+06
1.001381565354e+01,1.457593300969e-03,1.475385904777e+05,5.330510646034e+06
1.056111138827e+01,1.457593300969e-03,1.442387784108e+05,4.995656973702e+06
1.113831905982e+01,1.457593300969e-03,1.409242967701e+05,4.680935657419e+06
1.174707347714e+01,1.457593300969e-03,1.375800296347e+05,4.385182485681e+06
1.238909879816e+01,1.457593300969e-03,1.341939383478e+05,4.107300158961e+06
1.306621341299e+01,1.457593300969e-03,1.308842948052e+05,3.846254305891e+06
1.378033509421e+01,1.457593300969e-03,1.306534287294e+05,3.601069738859e+06
1.453348642843e+01,1.457593300969e-03,1.314062492273e+05,3.370826936186e+06
1.532780054486e+01,1.457593300969e-03,1.307918518782e+05,3.154658738625e+06
1.616552715688e+01,1.457593300969e-03,1.311095665044e+05,2.951747248549e+06
1.704903893387e+01,1.457593300969e-03,1.300762152890e+05,2.761320920697e+06
1.798083822122e+01,1.457593300969e-03,1.299231032946e+05,2.582651833830e+06
1.896356412767e+01,1.457593300969e-03,1.295172214944e+05,2.415053133092e+06
2.000000000000e+01,1.457593300969e-03,1.103338838795e+05,2.257876633262e+06
7.000000000000e-01,1.687612475788e-03,1.516018639873e+07,1.174848356689e+08
7.382578457164e-01,1.687612475788e-03,1.385300425450e+07,1.105858172779e+08
7.786066382311e-01,1.687612475788e-03,1.265030274810e+07,1.040894947660e+08
8.211606562871e-01,1.687612475788e-03,1.154434266334e+07,9.797237179649e+07
8.660404244251e-01,1.687612475788e-03,1.052792513508e+07,9.221232347836e+07
9.133730543420e-01,1.687612475788e-03,9.594355460212e+06,8.678851634407e+07
9.632926049056e-01,1.687612475788e-03,8.737409244187e+06,8.168133299760e+07
1.015940461846e+00,1.687612475788e-03,7.951300737765e+06,7.687230116065e+07
1.071465738198e+00,1.687612475788e-03,7.230653227683e+06,7.234402686000e+07
1.130025696630e+00,1.687612475788e-03,6.570471353152e+06,6.808013151446e+07
1.191786194854e+00,1.687612475788e-03,5.966115227813e+06,6.406519269392e+07
1.256922155382e+00,1.687612475788e-03,5.413276254148e+06,6.028468833584e+07
1.325618060951e+00,1.687612475788e-03,4.907954524195e+06,5.672494421769e+07
1.398068477029e+00,1.687612475788e-03,4.446437706911e+06,5.337308449503e+07
1.474478602879e+00,1.687612475788e-03,4.025281328589e+06,5.021698512629e+07
1.555064852738e+00,1.687612475788e-03,3.641290358485e+06,4.724523001573e+07
1.640055468759e+00,1.687612475788e-03,3.291502017184e+06,4.444706971571e+07
1.729691167460e+00,1.687612475788e-03,2.973169730278e+06,4.181238253887e+07
1.824225821491e+00,1.687612475788e-03,2.683748154677e+06,3.933163793930e+07
1.923927178677e+00,1.687612475788e-03,2.420879209358e+06,3.699586203010e+07
2.029077620350e+00,1.687612475788e-03,2.182379046478e+06,3.479660511247e+07
2.139974961130e+00,1.687612475788e-03,1.966225902762e+06,3.272591109859e+07
2.256933292416e+00,1.687612475788e-03,1.770548774694e+06,3.077628871748e+07
2.380283871978e+00,1.687612475788e-03,1.593616864512e+06,2.894068439953e+07
2.510376062171e+00,1.687612475788e-03,1.433829747210e+06,2.721245674129e+07
2.647578319423e+00,1.687612475788e-03,1.289708211768e+06,2.558535245791e+07
2.792279237804e+00,1.687612475788e-03,1.159885732645e+06,2.405348373605e+07
2.944888649628e+00,1.687612475788e-03,1.043100530199e+06,2.261130690504e+07
3.105838786213e+00,1.687612475788e-03,9.381881811750e+05,2.125360234894e+07
3.275585502074e+00,1.687612475788e-03,8.440747426642e+05,1.997545558655e+07
3.454609566030e+00,1.687612475788e-03,7.597703551387e+05,1.877223945077e+07
3.643418022870e+00,1.687612475788e-03,6.843632921359e+05,1.763959730280e+07
3.842545629440e+00,1.687612475788e-03,6.170144260763e+05,1.657342722003e+07
4.052556369225e+00,1.687612475788e-03,5.569520814613e+05,1.556986710079e+07
4.274045049697e+00,1.687612475788e-03,5.034672483637e+05,1.462528063171e+07
4.507638986977e+00,1.687612475788e-03,4.559091306960e+05,1.373624406726e+07
4.753999782561e+00,1.687612475788e-03,4.136810052320e+05,1.289953377369e+07
5.013825197157e+00,1.687612475788e-03,3.762363687701e+05,1.211211449270e+07
5.287851126931e+00,1.687612475788e-03,3.430753521807e+05,1.137112828275e+07
5.576853687767e+00,1.687612475788e-03,3.137413813769e+05,1.067388409841e+07
5.881651413438e+00,1.687612475788e-03,2.878180665005e+05,1.001784797093e+07
6.203107573913e+00,1.687612475788e-03,2.649263018235e+05,9.400633755087e+06
6.542132620377e+00,1.687612475788e-03,2.447215600462e+05,8.819994409785e+06
6.899686763872e+00,1.687612475788e-03,2.268913658191e+05,8.273813781945e+06
7.276782694877e+00,1.687612475788e-03,2.111529344381e+05,7.760098865048e+06
7.674488451523e+00,1.687612475788e-03,1.984263812215e+05,7.276972505575e+06
8.093930444567e+00,1.687612475788e-03,1.938190994697e+05,6.822666532286e+06
8.536296647692e+00,1.687612475788e-03,1.893121953672e+05,6.395515284865e+06
9.002839962173e+00,1.687612475788e-03,1.848204862755e+05,5.993949519930e+06
9.494881765433e+00,1.687612475788e-03,1.803538007202e+05,5.616490673784e+06
1.001381565354e+01,1.687612475788e-03,1.758902962314e+05,5.261745462554e+06
1.056111138827e+01,1.687612475788e-03,1.714231617406e+05,4.928400801502e+06
1.113831905982e+01,1.687612475788e-03,1.669201329299e+05,4.615219026373e+06
1.174707347714e+01,1.687612475788e-03,1.623757569161e+05,4.321033400606e+06
1.238909879816e+01,1.687612475788e-03,1.625963970592e+05,4.044743893078e+06
1.306621341299e+01,1.687612475788e-03,1.619331992911e+05,3.785313211896e+06
1.378033509421e+01,1.687612475788e-03,1.624272412474e+05,3.541763080400e+06
1.453348642843e+01,1.687612475788e-03,1.626444961592e+05,3.313170742236e+06
1.532780054486e+01,1.687612475788e-03,1.612203460071e+05,3.098665682896e+06
1.616552715688e+01,1.687612475788e-03,1.608673585777e+05,2.897426555692e+06
1.704903893387e+01,1.687612475788e-03,1.602089583841e+05,2.708678300572e+06
1.798083822122e+01,1.687612475788e-03,1.344192025549e+05,2.531689444678e+06
1.896356412767e+01,1.687612475788e-03,1.290592393795e+05,2.365769573942e+06
2.000000000000e+01,1.687612475788e-03,1.237672783019e+05,2.210266965420e+06
7.000000000000e-01,1.953930404690e-03,1.530280626393e+07,1.173679391050e+08
7.382578457164e-01,1.953930404690e-03,1.399532056530e+07,1.104691011506e+08
7.786066382311e-01,1.953930404690e-03,1.279227204866e+07,1.039729693963e+08
8.211606562871e-01,1.953930404690e-03,1.168591958328e+07,9.785604811434e+07
8.660404244251e-01,1.953930404690e-03,1.066906235801e+07,9.209621305801e+07
9.133730543420e-01,1.953930404690e-03,9.735003697826e+06,8.667263144120e+07
9.632926049056e-01,1.953930404690e-03,8.877517216687e+06,8.156568658812e+07
1.015940461846e+00,1.953930404690e-03,8.090815161591e+06,7.675690698108e+07
1.071465738198e+00,1.953930404690e-03,7.369518811539e+06,7.222889944949e+07
1.130025696630e+00,1.953930404690e-03,6.708630803330e+06,6.796528625836e+07
1.191786194854e+00,1.953930404690e-03,6.103509263932e+06,6.395064586861e+07
1.256922155382e+00,1.953930404690e-03,5.549843636413e+06,6.017045715493e+07
1.325618060951e+00,1.953930404690e-03,5.043632093353e+06,5.661104687920e+07
1.398068477029e+00,1.953930404690e-03,4.581160438070e+06,5.325954022938e+07
1.474478602879e+00,1.953930404690e-03,4.158982400095e+06,5.010381424478e+07
1.555064852738e+00,1.953930404690e-03,3.773901237039e+06,4.713245395919e+07
1.640055468759e+00,1.953930404690e-03,3.422952560332e+06,4.433471110283e+07
1.729691167460e+00,1.953930404690e-03,3.103388307379e+06,4.170046521377e+07
1.824225821491e+00,1.953930404690e-03,2.812661787367e+06,3.922018701772e+07
1.923927178677e+00,1.953930404690e-03,2.548413732415e+06,3.688490394361e+07
2.029077620350e+00,1.953930404690e-03,2.308459289867e+06,3.468616764989e+07
2.139974961130e+00,1.953930404690e-03,2.090775895463e+06,3.261602344386e+07
2.256933292416e+00,1.953930404690e-03,1.893491970721e+06,3.066698148306e+07
2.380283871978e+00,1.953930404690e-03,1.714876391273e+06,2.883198965428e+07
2.510376062171e+00,1.953930404690e-03,1.553328676104e+06,2.710440803179e+07
2.647578319423e+00,1.953930404690e-03,1.407369850587e+06,2.547798482211e+07
2.792279237804e+00,1.953930404690e-03,1.275633939005e+06,2.394683370801e+07
2.944888649628e+00,1.953930404690e-03,1.156860044856e+06,2.250541250945e+07
3.105838786213e+00,1.953930404690e-03,1.049884979654e+06,2.114850308422e+07
3.275585502074e+00,1.953930404690e-03,9.536364032423e+05,1.987119239520e+07
3.454609566030e+00,1.953930404690e-03,8.671264407310e+05,1.866885467571e+07
3.643418022870e+00,1.953930404690e-03,7.894457432339e+05,1.753713462840e+07
3.842545629440e+00,1.953930404690e-03,7.197579614181e+05,1.647193159685e+07
4.052556369225e+00,1.953930404690e-03,6.572946026993e+05,1.546938465282e+07
4.274045049697e+00,1.953930404690e-03,6.013502445970e+05,1.452585854541e+07
4.507638986977e+00,1.953930404690e-03,5.512780783840e+05,1.363793046160e+07
4.753999782561e+00,1.953930404690e-03,5.064857587048e+05,1.280237755093e+07
5.013825197157e+00,1.953930404690e-03,4.664315363288e+05,1.201616516959e+07
5.287851126931e+00,1.953930404690e-03,4.306206526360e+05,1.127643580245e+07
5.576853687767e+00,1.953930404690e-03,3.986019758265e+05,1.058049862365e+07
5.881651413438e+00,1.953930404690e-03,3.699648602022e+05,9.925819659278e+06
6.203107573913e+00,1.953930404690e-03,3.443362111925e+05,9.310012517617e+06
6.542132620377e+00,1.953930404690e-03,3.213777400904e+05,8.730829654909e+06
6.899686763872e+00,1.953930404690e-03,3.007833937318e+05,8.186154146470e+06
7.276782694877e+00,1.953930404690e-03,2.822769455870e+05,7.673991934963e+06
7.674488451523e+00,1.953930404690e-03,2.656097359372e+05,7.192464529435e+06
8.093930444567e+00,1.953930404690e-03,2.505585499764e+05,6.739802130378e+06
8.536296647692e+00,1.953930404690e-03,2.369236238013e+05,6.314337157597e+06
9.002839962173e+00,1.953930404690e-03,2.245267693291e+05,5.914498159119e+06
9.494881765433e+00,1.953930404690e-03,2.132096101972e+05,5.538804080649e+06
1.001381565354e+01,1.953930404690e-03,2.046994764810e+05,5.185858876257e+06
1.056111138827e+01,1.953930404690e-03,1.992636102172e+05,4.854346442083e+06
1.113831905982e+01,1.953930404690e-03,1.985982606236e+05,4.543025855786e+06
1.174707347714e+01,1.953930404690e-03,1.993643244775e+05,4.250726905360e+06
1.238909879816e+01,1.953930404690e-03,1.998122813689e+05,3.976345891707e+06
1.306621341299e+01,1.953930404690e-03,1.999235114229e+05,3.718841690106e+06
1.378033509421e+01,1.953930404690e-03,1.980402984987e+05,3.477232056311e+06
1.453348642843e+01,1.953930404690e-03,1.974592384638e+05,3.250590163633e+06
1.532780054486e+01,1.953930404690e-03,1.685115276645e+05,3.038041357887e+06
1.616552715688e+01,1.953930404690e-03,1.619366072918e+05,2.838760117583e+06
1.704903893387e+01,1.953930404690e-03,1.553691970020e+05,2.651967207220e+06
1.798083822122e+01,1.953930404690e-03,1.486979284661e+05,2.476927011980e+06
1.896356412767e+01,1.953930404690e-03,1.421859266215e+05,2.312945042597e+06
2.000000000000e+01,1.953930404690e-03,1.356112888952e+05,2.159365599555e+06
7.000000000000e-01,2.262275303806e-03,1.546585658498e+07,1.172328783847e+08
7.382578457164e-01,2.262275303806e-03,1.415790300368e+07,1.103342729116e+08
7.786066382311e-01,2.262275303806e-03,1.295433118591e+07,1.038383871384e+08
8.211606562871e-01,2.262275303806e-03,1.184739769527e+07,9.772172614157e+07
8.660404244251e-01,2.262275303806e-03,1.082989939424e+07,9.196216652471e+07
9.133730543420e-01,2.262275303806e-03,9.895137269631e+06,8.653887640022e+07
9.632926049056e-01,2.262275303806e-03,9.036882595418e+06,8.143224004090e+07
1.015940461846e+00,2.262275303806e-03,8.249345288066e+06,7.662378692955e+07
1.071465738198e+00,2.262275303806e-03,7.527144318016e+06,7.209612494956e+07
1.130025696630e+00,2.262275303806e-03,6.865280049362e+06,6.783287747494e+07
1.191786194854e+00,2.262275303806e-03,6.259108387453e+06,6.381862413181e+07
1.256922155382e+00,2.262275303806e-03,5.704316621457e+06,6.003884501721e+07
1.325618060951e+00,2.262275303806e-03,5.196900855794e+06,5.647986817306e+07
1.398068477029e+00,2.262275303806e-03,4.733144930754e+06,5.312882012516e+07
1.474478602879e+00,2.262275303806e-03,4.309600738698e+06,4.997357930807e+07
1.555064852738e+00,2.262275303806e-03,3.923069847916e+06,4.700273220722e+07
1.640055468759e+00,2.262275303806e-03,3.570586351510e+06,4.420553205916e+07
1.729691167460e+00,2.262275303806e-03,3.249400863732e+06,4.157185996043e+07
1.824225821491e+00,2.262275303806e-03,2.956965590823e+06,3.909218824399e+07
1.923927178677e+00,2.262275303806e-03,2.690920407836e+06,3.675754599037e+07
2.029077620350e+00,2.262275303806e-03,2.449079877007e+06,3.455948654846e+07
2.139974961130e+00,2.262275303806e-03,2.229421147094e+06,3.249005694811e+07
2.256933292416e+00,2.262275303806e-03,2.030072676681e+06,3.054176909354e+07
2.380283871978e+00,2.262275303806e-03,1.849303727837e+06,2.870757263293e+07
2.510376062171e+00,2.262275303806e-03,1.685514579618e+06,2.698082940584e+07
2.647578319423e+00,2.262275303806e-03,1.537227413884e+06,2.535528937562e+07
2.792279237804e+00,2.262275303806e-03,1.403077828622e+06,2.382506795949e+07
2.944888649628e+00,2.262275303806e-03,1.281806936568e+06,2.238462467416e+07
3.105838786213e+00,2.262275303806e-03,1.172254009316e+06,2.102874301951e+07
3.275585502074e+00,2.262275303806e-03,1.073349629395e+06,1.975251152748e+07
3.454609566030e+00,2.262275303806e-03,9.841093149488e+05,1.855130590780e+07
3.643418022870e+00,2.262275303806e-03,9.036275836469e+05,1.742077222600e+07
3.842545629440e+00,2.262275303806e-03,8.310724244374e+05,1.635681105323e+07
4.052556369225e+00,2.262275303806e-03,7.656801475484e+05,1.535556253091e+07
4.274045049697e+00,2.262275303806e-03,7.067505849397e+05,1.441339229700e+07
4.507638986977e+00,2.262275303806e-03,6.536426150976e+05,1.352687822346e+07
4.753999782561e+00,2.262275303806e-03,6.057699877156e+05,1.269279791819e+07
5.013825197157e+00,2.262275303806e-03,5.625974254072e+05,1.190811694716e+07
5.287851126931e+00,2.262275303806e-03,5.236369811574e+05,1.116997773560e+07
5.576853687767e+00,2.262275303806e-03,4.884446317504e+05,1.047568910945e+07
5.881651413438e+00,2.262275303806e-03,4.566170889033e+05,9.822716440989e+06
6.203107573913e+00,2.262275303806e-03,4.277888113003e+05,9.208672364742e+06
6.542132620377e+00,2.262275303806e-03,4.016292021490e+05,8.631308031860e+06
6.899686763872e+00,2.262275303806e-03,3.778399782727e+05,8.088504873409e+06
7.276782694877e+00,2.262275303806e-03,3.561526980933e+05,7.578266844637e+06
7.674488451523e+00,2.262275303806e-03,3.363264371595e+05,7.098713124182e+06
8.093930444567e+00,2.262275303806e-03,3.181456011024e+05,6.648071243668e+06
8.536296647692e+00,2.262275303806e-03,3.014178670691e+05,6.224670624643e+06
9.002839962173e+00,2.262275303806e-03,2.859722457680e+05,5.826936501112e+06
9.494881765433e+00,2.262275303806e-03,2.718999050399e+05,5.453384207110e+06
1.001381565354e+01,2.262275303806e-03,2.609872220597e+05,5.102613809845e+06
1.056111138827e+01,2.262275303806e-03,2.507434128877e+05,4.773305069902e+06
1.113831905982e+01,2.262275303806e-03,2.439340635657e+05,4.464212710892e+06
1.174707347714e+01,2.262275303806e-03,2.419162641775e+05,4.174161981687e+06
1.238909879816e+01,2.262275303806e-03,2.415150087895e+05,3.902044495115e+06
1.306621341299e+01,2.262275303806e-03,2.148981086523e+05,3.646814327636e+06
1.378033509421e+01,2.262275303806e-03,2.069120036515e+05,3.407484365104e+06
1.453348642843e+01,2.262275303806e-03,1.992215863836e+05,3.183122880288e+06
1.532780054486e+01,2.262275303806e-03,1.917918208559e+05,2.972850328359e+06
1.616552715688e+01,2.262275303806e-03,1.845935139249e+05,2.775836347048e+06
1.704903893387e+01,2.262275303806e-03,1.776026762084e+05,2.591296948684e+06
1.798083822122e+01,2.262275303806e-03,1.707999192183e+05,2.418491891828e+06
1.896356412767e+01,2.262275303806e-03,1.641698890754e+05,2.256722220713e+06
2.000000000000e+01,2.262275303806e-03,1.577007370923e+05,2.105327961197e+06
7.000000000000e-01,2.619279344816e-03,1.565190615048e+07,1.170768889241e+08
7.382578457164e-01,2.619279344816e-03,1.434326093932e+07,1.101785846940e+08
7.786066382311e-01,2.619279344816e-03,1.313892715326e+07,1.036830178998e+08
8.211606562871e-01,2.619279344816e-03,1.203115863023e+07,9.756669468009e+07
8.660404244251e-01,2.619279344816e-03,1.101274950868e+07,9.180749276083e+07
9.133730543420e-01,2.619279344816e-03,1.007699806657e+07,8.638458143836e+07
9.632926049056e-01,2.619279344816e-03,9.217672899368e+06,8.127834623316e+07
1.015940461846e+00,2.619279344816e-03,8.428981292043e+06,7.647031794117e+07
1.071465738198e+00,2.619279344816e-03,7.705539648879e+06,7.194310582580e+07
1.130025696630e+00,2.619279344816e-03,7.042345853081e+06,6.768033470895e+07
1.191786194854e+00,2.619279344816e-03,6.434753435952e+06,6.366658573316e+07
1.256922155382e+00,2.619279344816e-03,5.878447442623e+06,5.988734058042e+07
1.325618060951e+00,2.619279344816e-03,5.369421888188e+06,5.632892894558e+07
1.398068477029e+00,2.619279344816e-03,4.903958704477e+06,5.297847907398e+07
1.474478602879e+00,2.619279344816e-03,4.478608083735e+06,4.982387118423e+07
1.555064852738e+00,2.619279344816e-03,4.090170131085e+06,4.685369360704e+07
1.640055468759e+00,2.619279344816e-03,3.735677742977e+06,4.405720148134e+07
1.729691167460e+00,2.619279344816e-03,3.412380633731e+06,4.142427785761e+07
1.824225821491e+00,2.619279344816e-03,3.117730436965e+06,3.894539706758e+07
1.923927178677e+00,2.619279344816e-03,2.849366812985e+06,3.661159022706e+07
2.029077620350e+00,2.619279344816e-03,2.605104497315e+06,3.441441274698e+07
2.139974961130e+00,2.619279344816e-03,2.382921229312e+06,3.234591373449e+07
2.256933292416e+00,2.619279344816e-03,2.180946503374e+06,3.039860717316e+07
2.380283871978e+00,2.619279344816e-03,1.997451088548e+06,2.856544477760e+07
2.510376062171e+00,2.619279344816e-03,1.830837265502e+06,2.683979042403e+07
2.647578319423e+00,2.619279344816e-03,1.679629732669e+06,2.521539606409e+07
2.792279237804e+00,2.619279344816e-03,1.542467136191e+06,2.368637903454e+07
2.944888649628e+00,2.619279344816e-03,1.418094180797e+06,2.224720068077e+07
3.105838786213e+00,2.619279344816e-03,1.305354281238e+06,2.089264621688e+07
3.275585502074e+00,2.619279344816e-03,1.203182716181e+06,1.961780574973e+07
3.454609566030e+00,2.619279344816e-03,1.110600248680e+06,1.841805639854e+07
3.643418022870e+00,2.619279344816e-03,1.026707179424e+06,1.728904544622e+07
3.842545629440e+00,2.619279344816e-03,9.506778010158e+05,1.622667446191e+07
4.052556369225e+00,2.619279344816e-03,8.817552234454e+05,1.522708433860e+07
4.274045049697e+00,2.619279344816e-03,8.192465428548e+05,1.428664119262e+07
4.507638986977e+00,2.619279344816e-03,7.625183275064e+05,1.340192307551e+07
4.753999782561e+00,2.619279344816e-03,7.109923966844e+05,1.256970745180e+07
5.013825197157e+00,2.619279344816e-03,6.641418700157e+05,1.178695939921e+07
5.287851126931e+00,2.619279344816e-03,6.214874664264e+05,1.105082049046e+07
5.576853687767e+00,2.619279344816e-03,5.825940336375e+05,1.035859831870e+07
5.881651413438e+00,2.619279344816e-03,5.470672907560e+05,9.707756630804e+06
6.203107573913e+00,2.619279344816e-03,5.145507681185e+05,9.095906035196e+06
6.542132620377e+00,2.619279344816e-03,4.847229300948e+05,8.520795252834e+06
6.899686763872e+00,2.619279344816e-03,4.572944680472e+05,7.980302882072e+06
7.276782694877e+00,2.619279344816e-03,4.320057520518e+05,7.472429649743e+06
7.674488451523e+00,2.619279344816e-03,4.086244313206e+05,6.995291122522e+06
8.093930444567e+00,2.619279344816e-03,3.869431744945e+05,6.547110854070e+06
8.536296647692e+00,2.619279344816e-03,3.667775421073e+05,6.126213944758e+06
9.002839962173e+00,2.619279344816e-03,3.502620663005e+05,5.731020992020e+06
9.494881765433e+00,2.619279344816e-03,3.357121344786e+05,5.360042410407e+06
1.001381565354e+01,2.619279344816e-03,3.219581206594e+05,5.011873101410e+06
1.056111138827e+01,2.619279344816e-03,3.089097803837e+05,4.685187453977e+06
1.113831905982e+01,2.619279344816e-03,2.964879348252e+05,4.378734657429e+06
1.174707347714e+01,2.619279344816e-03,2.846235305997e+05,4.091334309229e+06
1.238909879816e+01,2.619279344816e-03,2.732567399790e+05,3.821872300667e+06
1.306621341299e+01,2.619279344816e-03,2.623361015238e+05,3.569296964209e+06
1.378033509421e+01,2.619279344816e-03,2.518177013872e+05,3.332615466800e+06
1.453348642843e+01,2.619279344816e-03,2.416643956965e+05,3.110890434030e+06
1.532780054486e+01,2.619279344816e-03,2.318450745122e+05,2.903236790596e+06
1.616552715688e+01,2.619279344816e-03,2.223339678729e+05,2.708818803103e+06
1.704903893387e+01,2.619279344816e-03,2.131099943871e+05,2.526847311799e+06
1.798083822122e+01,2.619279344816e-03,2.041561527194e+05,2.356577138419e+06
1.896356412767e+01,2.619279344816e-03,1.954589561591e+05,2.197304657916e+06
2.000000000000e+01,2.619279344816e-03,1.870079102524e+05,2.048365522470e+06
7.000000000000e-01,3.032621305920e-03,1.586373233984e+07,1.168968070147e+08
7.382578457164e-01,3.032621305920e-03,1.455409455391e+07,1.099988952073e+08
7.786066382311e-01,3.032621305920e-03,1.334867944591e+07,1.035037442199e+08
8.211606562871e-01,3.032621305920e-03,1.223973770956e+07,9.738786159348e+07
8.660404244251e-01,3.032621305920e-03,1.122006038047e+07,9.162912653198e+07
9.133730543420e-01,3.032621305920e-03,1.028294269520e+07,8.620670988752e+07
9.632926049056e-01,3.032621305920e-03,9.422150291333e+06,8.110099881581e+07
1.015940461846e+00,3.032621305920e-03,8.631887603319e+06,7.629352582854e+07
1.071465738198e+00,3.032621305920e-03,7.906768318128e+06,7.176690198604e+07
1.130025696630e+00,3.032621305920e-03,7.241787762517e+06,6.750475398824e+07
1.191786194854e+00,3.032621305920e-03,6.632297101637e+06,6.349166493594e+07
1.256922155382e+00,3.032621305920e-03,6.073979235855e+06,5.971311854788e+07
1.325618060951e+00,3.032621305920e-03,5.562826289458e+06,5.615544663135e+07
1.398068477029e+00,3.032621305920e-03,5.095118591263e+06,5.280577961582e+07
1.474478602879e+00,3.032621305920e-03,4.667405053125e+06,4.965199997039e+07
1.555064852738e+00,3.032621305920e-03,4.276484857909e+06,4.668269833590e+07
1.640055468759e+00,3.032621305920e-03,3.919390373721e+06,4.388713221254e+07
1.729691167460e+00,3.032621305920e-03,3.593371216086e+06,4.125518705314e+07
1.824225821491e+00,3.032621305920e-03,3.295879384332e+06,3.877733962071e+07
1.923927178677e+00,3.032621305920e-03,3.024555402735e+06,3.644462347735e+07
2.029077620350e+00,3.032621305920e-03,2.777215400950e+06,3.424859647911e+07
2.139974961130e+00,3.032621305920e-03,2.551839072054e+06,3.218131015893e+07
2.256933292416e+00,3.032621305920e-03,2.346558449991e+06,3.023528088638e+07
2.380283871978e+00,3.032621305920e-03,2.159647451537e+06,2.840346269983e+07
2.510376062171e+00,3.032621305920e-03,1.989512130987e+06,2.667922171238e+07
2.647578319423e+00,3.032621305920e-03,1.834681598702e+06,2.505631199918e+07
2.792279237804e+00,3.032621305920e-03,1.693799557410e+06,2.352885287884e+07
2.944888649628e+00,3.032621305920e-03,1.565616412774e+06,2.209130750718e+07
3.105838786213e+00,3.032621305920e-03,1.448981917275e+06,2.073846270635e+07
3.275585502074e+00,3.032621305920e-03,1.342838308822e+06,1.946540995708e+07
3.454609566030e+00,3.032621305920e-03,1.246213907830e+06,1.826752748628e+07
3.643418022870e+00,3.032621305920e-03,1.158217138766e+06,1.714046338636e+07
3.842545629440e+00,3.032621305920e-03,1.078030944294e+06,1.608011970668e+07
4.052556369225e+00,3.032621305920e-03,1.004907562327e+06,1.508263746133e+07
4.274045049697e+00,3.032621305920e-03,9.381636383158e+05,1.414438250084e+07
4.507638986977e+00,3.032621305920e-03,8.771756471974e+05,1.326193219899e+07
4.753999782561e+00,3.032621305920e-03,8.213756013739e+05,1.243206290886e+07
5.013825197157e+00,3.032621305920e-03,7.702470230692e+05,1.165173814525e+07
5.287851126931e+00,3.032621305920e-03,7.233211613082e+05,1.091809745342e+07
5.576853687767e+00,3.032621305920e-03,6.801734356124e+05,1.022844592658e+07
5.881651413438e+00,3.032621305920e-03,6.404200902849e+05,9.580244336766e+06
6.203107573913e+00,3.032621305920e-03,6.037150448690e+05,8.971099846374e+06
6.542132620377e+00,3.032621305920e-03,5.697469279764e+05,8.398757268979e+06
6.899686763872e+00,3.032621305920e-03,5.382362831967e+05,7.861090850380e+06
7.276782694877e+00,3.032621305920e-03,5.089329371990e+05,7.356096542179e+06
7.674488451523e+00,3.032621305920e-03,4.816135214063e+05,6.881884741755e+06
8.093930444567e+00,3.032621305920e-03,4.573833469717e+05,6.436673473810e+06
8.536296647692e+00,3.032621305920e-03,4.376049855066e+05,6.018781989848e+06
9.002839962173e+00,3.032621305920e-03,4.188784985601e+05,5.626624763010e+06
9.494881765433e+00,3.032621305920e-03,4.010961066801e+05,5.258705856653e+06
1.001381565354e+01,3.032621305920e-03,3.841627906174e+05,4.913613645935e+06
1.056111138827e+01,3.032621305920e-03,3.679952093178e+05,4.590015872442e+06
1.113831905982e+01,3.032621305920e-03,3.525206642708e+05,4.286655012670e+06
1.174707347714e+01,3.032621305920e-03,3.376761104206e+05,4.002343941828e+06
1.238909879816e+01,3.032621305920e-03,3.234072140846e+05,3.735961875135e+06
1.306621341299e+01,3.032621305920e-03,3.096674584810e+05,3.486450569413e+06
1.378033509421e+01,3.032621305920e-03,2.964172975333e+05,3.252810768423e+06
1.453348642843e+01,3.032621305920e-03,2.836233586069e+05,3.034098876075e+06
1.532780054486e+01,3.032621305920e-03,2.712576947452e+05,2.829423842251e+06
1.616552715688e+01,3.032621305920e-03,2.592970868139e+05,2.637944246699e+06
1.704903893387e+01,3.032621305920e-03,2.477223957540e+05,2.458865567120e+06
1.798083822122e+01,3.032621305920e-03,2.365179648858e+05,2.291437618277e+06
1.896356412767e+01,3.032621305920e-03,2.256710719165e+05,2.134952149679e+06
2.000000000000e+01,3.032621305920e-03,2.151714299956e+05,1.988740590102e+06
7.000000000000e-01,3.511191734215e-03,1.610430000935e+07,1.166890204528e+08
7.382578457164e-01,3.511191734215e-03,1.479326943525e+07,1.097916223352e+08
7.786066382311e-01,3.511191734215e-03,1.358635037575e+07,1.032970159496e+08
8.211606562871e-01,3.511191734215e-03,1.247579001615e+07,9.718171068142e+07
8.660404244251e-01,3.511191734215e-03,1.145437599011e+07,9.142358767289e+07
9.133730543420e-01,3.511191734215e-03,1.051540026748e+07,8.600181981000e+07
9.632926049056e-01,3.511191734215e-03,9.652625385136e+06,8.089679637826e+07
1.015940461846e+00,3.511191734215e-03,8.860252875933e+06,7.609005211486e+07
1.071465738198e+00,3.511191734215e-03,8.132893759364e+06,7.156420040011e+07
1.130025696630e+00,3.511191734215e-03,7.465540965756e+06,6.730287034606e+07
1.191786194854e+00,3.511191734215e-03,6.853543573454e+06,6.329064755416e+07
1.256922155382e+00,3.511191734215e-03,6.292582745592e+06,5.951301832727e+07
1.325618060951e+00,3.511191734215e-03,5.778649259793e+06,5.595631713357e+07
1.398068477029e+00,3.511191734215e-03,5.308022530408e+06,5.260767713179e+07
1.474478602879e+00,3.511191734215e-03,4.877251028821e+06,4.945498357815e+07
1.555064852738e+00,3.511191734215e-03,4.483134012815e+06,4.648682994602e+07
1.640055468759e+00,3.511191734215e-03,4.122704481217e+06,4.369247659872e+07
1.729691167460e+00,3.511191734215e-03,3.793213274803e+06,4.106181186559e+07
1.824225821491e+00,3.511191734215e-03,3.492114249006e+06,3.858531537998e+07
1.923927178677e+00,3.511191734215e-03,3.217050448176e+06,3.625402354590e+07
2.029077620350e+00,3.511191734215e-03,2.965841215122e+06,3.405949700823e+07
2.139974961130e+00,3.511191734215e-03,2.736470173399e+06,3.199379000838e+07
2.256933292416e+00,3.511191734215e-03,2.527074023274e+06,3.004942151451e+07
2.380283871978e+00,3.511191734215e-03,2.335932095686e+06,2.821934802172e+07
2.510376062171e+00,3.511191734215e-03,2.161456611573e+06,2.649693792424e+07
2.647578319423e+00,3.511191734215e-03,2.002183597001e+06,2.487594736722e+07
2.792279237804e+00,3.511191734215e-03,1.856764407336e+06,2.335049749132e+07
2.944888649628e+00,3.511191734215e-03,1.723957816461e+06,2.191505298894e+07
3.105838786213e+00,3.511191734215e-03,1.602622629696e+06,2.056440189554e+07
3.275585502074e+00,3.511191734215e-03,1.491710781638e+06,1.929363654450e+07
3.454609566030e+00,3.511191734215e-03,1.390260882644e+06,1.809813561843e+07
3.643418022870e+00,3.511191734215e-03,1.297392180130e+06,1.697354723405e+07
3.842545629440e+00,3.511191734215e-03,1.212298903255e+06,1.591577300186e+07
4.052556369225e+00,3.511191734215e-03,1.134244961903e+06,1.492095300540e+07
4.274045049697e+00,3.511191734215e-03,1.062558973197e+06,1.398545164886e+07
4.507638986977e+00,3.511191734215e-03,9.966295910103e+05,1.310584432455e+07
4.753999782561e+00,3.511191734215e-03,9.359011161479e+05,1.227890485532e+07
5.013825197157e+00,3.511191734215e-03,8.798693670044e+05,1.150159366961e+07
5.287851126931e+00,3.511191734215e-03,8.280777925344e+05,1.077104666959e+07
5.576853687767e+00,3.511191734215e-03,7.801138113420e+05,1.008456475509e+07
5.881651413438e+00,3.511191734215e-03,7.356053625294e+05,9.439603968498e+06
6.203107573913e+00,3.511191734215e-03,6.942176556671e+05,8.833766227546e+06
6.542132620377e+00,3.511191734215e-03,6.556501088294e+05,8.264790614894e+06
6.899686763872e+00,3.511191734215e-03,6.196334650633e+05,7.730545194977e+06
7.276782694877e+00,3.511191734215e-03,5.859270789288e+05,7.229019330052e+06
7.674488451523e+00,3.511191734215e-03,5.592631882329e+05,6.758316468712e+06
8.093930444567e+00,3.511191734215e-03,5.345315545844e+05,6.316647381274e+06
8.536296647692e+00,3.511191734215e-03,5.110304985192e+05,5.902323817560e+06
9.002839962173e+00,3.511191734215e-03,4.886466900240e+05,5.513752563493e+06
9.494881765433e+00,3.511191734215e-03,4.672802320903e+05,5.149429873864e+06
1.001381565354e+01,3.511191734215e-03,4.468434701791e+05,4.807936259412e+06
1.056111138827e+01,3.511191734215e-03,4.272598553997e+05,4.487931607175e+06
1.113831905982e+01,3.511191734215e-03,4.084628620885e+05,4.188150613792e+06
1.174707347714e+01,3.511191734215e-03,3.903949606182e+05,3.907398512197e+06
1.238909879816e+01,3.511191734215e-03,3.730066463075e+05,3.644547072893e+06
1.306621341299e+01,3.511191734215e-03,3.562555252464e+05,3.398530861710e+06
1.378033509421e+01,3.511191734215e-03,3.401054577198e+05,3.168343736754e+06
1.453348642843e+01,3.511191734215e-03,3.245257596941e+05,2.953035567998e+06
1.532780054486e+01,3.511191734215e-03,3.094904625640e+05,2.751709163786e+06
1.616552715688e+01,3.511191734215e-03,2.949776310321e+05,2.563517389314e+06
1.704903893387e+01,3.511191734215e-03,2.809687386429e+05,2.387660463014e+06
1.798083822122e+01,3.511191734215e-03,2.674481001184e+05,2.223383417571e+06
1.896356412767e+01,3.511191734215e-03,2.544023592658e+05,2.069973713168e+06
2.000000000000e+01,3.511191734215e-03,2.418200308588e+05,1.926758991410e+06
7.000000000000e-01,4.065284171933e-03,1.637672469752e+07,1.164494162806e+08
7.382578457164e-01,4.065284171933e-03,1.506377487594e+07,1.095526934993e+08
7.786066382311e-01,4.065284171933e-03,1.385479854714e+07,1.030588033737e+08
8.211606562871e-01,4.065284171933e-03,1.274203916295e+07,9.694425770052e+07
8.660404244251e-01,4.065284171933e-03,1.171828083052e+07,9.118694014677e+07
9.133730543420e-01,4.065284171933e-03,1.077681223950e+07,8.576602623588e+07
9.632926049056e-01,4.065284171933e-03,9.911392934630e+06,8.066190800170e+07
1.015940461846e+00,4.065284171933e-03,9.116221788443e+06,7.585612303760e+07
1.071465738198e+00,4.065284171933e-03,8.385907537581e+06,7.133128768321e+07
1.130025696630e+00,4.065284171933e-03,7.715441254097e+06,6.707103410657e+07
1.191786194854e+00,4.065284171933e-03,7.100170630793e+06,6.305995105346e+07
1.256922155382e+00,4.065284171933e-03,6.535775966712e+06,5.928352804877e+07
1.325618060951e+00,4.065284171933e-03,6.018247745509e+06,5.572810284753e+07
1.398068477029e+00,4.065284171933e-03,5.543865705672e+06,5.238081194463e+07
1.474478602879e+00,4.065284171933e-03,5.109179307338e+06,4.922954396362e+07
1.555064852738e+00,4.065284171933e-03,4.710989505929e+06,4.626289575528e+07
1.640055468759e+00,4.065284171933e-03,4.346331747889e+06,4.347013104649e+07
1.729691167460e+00,4.065284171933e-03,4.012460108613e+06,4.084114148935e+07
1.824225821491e+00,4.065284171933e-03,3.706832497094e+06,3.836640996917e+07
1.923927178677e+00,4.065284171933e-03,3.427096856083e+06,3.603697603828e+07
2.029077620350e+00,4.065284171933e-03,3.171078290473e+06,3.384440335057e+07
2.139974961130e+00,4.065284171933e-03,2.936767060409e+06,3.178074897897e+07
2.256933292416e+00,4.065284171933e-03,2.722307379180e+06,2.983853450515e+07
2.380283871978e+00,4.065284171933e-03,2.525986959351e+06,2.801071877754e+07
2.510376062171e+00,4.065284171933e-03,2.346227253841e+06,2.629067223986e+07
2.647578319423e+00,4.065284171933e-03,2.181574341810e+06,2.467215273854e+07
2.792279237804e+00,4.065284171933e-03,2.030690412236e+06,2.314928272302e+07
2.944888649628e+00,4.065284171933e-03,1.892345801022e+06,2.171652775832e+07
3.105838786213e+00,4.065284171933e-03,1.765411540358e+06,2.036867627422e+07
3.275585502074e+00,4.065284171933e-03,1.648852381871e+06,1.910082048058e+07
3.454609566030e+00,4.065284171933e-03,1.541720257879e+06,1.790833838239e+07
3.643418022870e+00,4.065284171933e-03,1.443148147773e+06,1.678687683273e+07
3.842545629440e+00,4.065284171933e-03,1.352344319192e+06,1.573233556569e+07
4.052556369225e+00,4.065284171933e-03,1.268586916291e+06,1.474085215514e+07
4.274045049697e+00,4.065284171933e-03,1.191218869904e+06,1.380878784852e+07
4.507638986977e+00,4.065284171933e-03,1.119643106852e+06,1.293271422818e+07
4.753999782561e+00,4.065284171933e-03,1.053318038015e+06,1.210940065575e+07
5.013825197157e+00,4.065284171933e-03,9.917533069818e+05,1.133580245768e+07
5.287851126931e+00,4.065284171933e-03,9.345057832381e+05,1.060904981252e+07
5.576853687767e+00,4.065284171933e-03,8.811757857439e+05,9.926437302815e+06
5.881651413438e+00,4.065284171933e-03,8.314035245778e+05,9.285414096478e+06
6.203107573913e+00,4.065284171933e-03,7.848657498923e+05,8.683574724268e+06
6.542132620377e+00,4.065284171933e-03,7.412725988387e+05,8.118650421653e+06
6.899686763872e+00,4.065284171933e-03,7.039636895373e+05,7.588501004785e+06
7.276782694877e+00,4.065284171933e-03,6.720162963504e+05,7.091107251578e+06
7.674488451523e+00,4.065284171933e-03,6.416421335933e+05,6.624563760093e+06
8.093930444567e+00,4.065284171933e-03,6.127067548187e+05,6.187072257461e+06
8.536296647692e+00,4.065284171933e-03,5.850911252658e+05,5.776935333582e+06
9.002839962173e+00,4.065284171933e-03,5.586902550160e+05,5.392550574755e+06
9.494881765433e+00,4.065284171933e-03,5.334118941963e+05,5.032405073259e+06
1.001381565354e+01,4.065284171933e-03,5.091752912148e+05,4.695070289788e+06
1.056111138827e+01,4.065284171933e-03,4.859100151260e+05,4.379197246448e+06
1.113831905982e+01,4.065284171933e-03,4.635548432263e+05,4.083512028931e+06
1.174707347714e+01,4.065284171933e-03,4.420567148748e+05,3.806811577276e+06
1.238909879816e+01,4.065284171933e-03,4.213697523345e+05,3.547959745566e+06
1.306621341299e+01,4.065284171933e-03,4.014543491489e+05,3.305883611782e+06
1.378033509421e+01,4.065284171933e-03,3.822763262188e+05,3.079570019957e+06
1.453348642843e+01,4.065284171933e-03,3.638061553482e+05,2.868062337746e+06
1.532780054486e+01,4.065284171933e-03,3.460182495987e+05,2.670457413457e+06
1.616552715688e+01,4.065284171933e-03,3.288903193449e+05,2.485902717592e+06
1.704903893387e+01,4.065284171933e-03,3.124027924782e+05,2.313593654897e+06
1.798083822122e+01,4.065284171933e-03,2.965382967771e+05,2.152771033910e+06
1.896356412767e+01,4.065284171933e-03,2.812812020586e+05,2.002718681961e+06
2.000000000000e+01,4.065284171933e-03,2.666172193616e+05,1.862761194492e+06
7.000000000000e-01,4.706816559609e-03,1.668421605411e+07,1.161733268421e+08
7.382578457164e-01,4.706816559609e-03,1.536866189897e+07,1.092774951739e+08
7.786066382311e-01,4.706816559609e-03,1.415691167240e+07,1.027845503486e+08
8.211606562871e-01,4.706816559609e-03,1.304120513432e+07,9.667100728842e+07
8.660404244251e-01,4.706816559609e-03,1.201432305420e+07,9.091475291606e+07
9.133730543420e-01,4.706816559609e-03,1.106955119019e+07,8.549496613614e+07
9.632926049056e-01,4.706816559609e-03,1.020064661556e+07,8.039204248344e+07
1.015940461846e+00,4.706816559609e-03,9.401806246897e+06,7.558752316371e+07
1.071465738198e+00,4.706816559609e-03,8.667637436896e+06,7.106402822987e+07
1.130025696630e+00,4.706816559609e-03,7.993130502507e+06,6.680519365093e+07
1.191786194854e+00,4.706816559609e-03,7.373633066841e+06,6.279561204521e+07
1.256922155382e+00,4.706816559609e-03,6.804826100055e+06,5.902077686267e+07
1.325618060951e+00,4.706816559609e-03,6.282701551084e+06,5.546702981348e+07
1.398068477029e+00,4.706816559609e-03,5.803541468175e+06,5.212151135204e+07
1.474478602879e+00,4.706816559609e-03,5.363898511929e+06,4.897211403650e+07
1.555064852738e+00,4.706816559609e-03,4.960577769946e+06,4.600743859456e+07
1.640055468759e+00,4.706816559609e-03,4.590619787212e+06,4.321675253607e+07
1.729691167460e+00,4.706816559609e-03,4.251284731136e+06,4.058995116245e+07
1.824225821491e+00,4.706816559609e-03,3.940037614646e+06,3.811752083176e+07
1.923927178677e+00,4.706816559609e-03,3.654534504992e+06,3.579050434685e+07
2.029077620350e+00,4.706816559609e-03,3.392609649976e+06,3.360046834151e+07
2.139974961130e+00,4.706816559609e-03,3.152263457191e+06,3.153947254780e+07
2.256933292416e+00,4.706816559609e-03,2.931651265561e+06,2.960004083415e+07
2.380283871978e+00,4.706816559609e-03,2.729072852087e+06,2.777513391116e+07
2.510376062171e+00,4.706816559609e-03,2.542962620154e+06,2.605812360826e+07
2.647578319423e+00,4.706816559609e-03,2.371880419180e+06,2.444276863033e+07
2.792279237804e+00,4.706816559609e-03,2.214502948681e+06,2.292319170943e+07
2.944888649628e+00,4.706816559609e-03,2.069615703091e+06,2.149385807203e+07
3.105838786213e+00,4.706816559609e-03,1.936105416862e+06,2.014955514725e+07
3.275585502074e+00,4.706816559609e-03,1.812952972511e+06,1.888537344661e+07
3.454609566030e+00,4.706816559609e-03,1.699226737339e+06,1.769668855001e+07
3.643418022870e+00,4.706816559609e-03,1.594076297549e+06,1.657914413716e+07
3.842545629440e+00,4.706816559609e-03,1.496726561406e+06,1.552863600730e+07
4.052556369225e+00,4.706816559609e-03,1.406472205879e+06,1.454129703387e+07
4.274045049697e+00,4.706816559609e-03,1.322672443898e+06,1.361348300394e+07
4.507638986977e+00,4.706816559609e-03,1.244746091901e+06,1.274175929531e+07
4.753999782561e+00,4.706816559609e-03,1.172166919732e+06,1.192288834690e+07
5.013825197157e+00,4.706816559609e-03,1.104459267125e+06,1.115381788052e+07
5.287851126931e+00,4.706816559609e-03,1.041193913037e+06,1.043166983428e+07
5.576853687767e+00,4.706816559609e-03,9.819841858347e+05,9.753729970041e+06
5.881651413438e+00,4.706816559609e-03,9.264823039094e+05,9.117438119010e+06
6.203107573913e+00,4.706816559609e-03,8.754820858306e+05,8.520379031000e+06
6.542132620377e+00,4.706816559609e-03,8.349026488977e+05,7.960273794666e+06
6.899686763872e+00,4.706816559609e-03,7.963046191553e+05,7.434971797007e+06
7.276782694877e+00,4.706816559609e-03,7.595292516030e+05,6.942443191752e+06
7.674488451523e+00,4.706816559609e-03,7.244354389883e+05,6.480771847325e+06
8.093930444567e+00,4.706816559609e-03,6.908981445568e+05,6.048148746085e+06
8.536296647692e+00,4.706816559609e-03,6.588069065805e+05,5.642865807559e+06
9.002839962173e+00,4.706816559609e-03,6.280644159986e+05,5.263310109352e+06
9.494881765433e+00,4.706816559609e-03,5.985851685833e+05,4.907958480382e+06
1.001381565354e+01,4.706816559609e-03,5.702941929871e+05,4.575372442066e+06
1.056111138827e+01,4.706816559609e-03,5.431258558608e+05,4.264193474085e+06
1.113831905982e+01,4.706816559609e-03,5.170227449485e+05,3.973138582378e+06
1.174707347714e+01,4.706816559609e-03,4.919346306998e+05,3.700996148057e+06
1.238909879816e+01,4.706816559609e-03,4.678175065013e+05,3.446622037020e+06
1.306621341299e+01,4.706816559609e-03,4.446327071415e+05,3.208935951124e+06
1.378033509421e+01,4.706816559609e-03,4.223461046031e+05,2.986918002915e+06
1.453348642843e+01,4.706816559609e-03,4.009273797475e+05,2.779605497025e+06
1.532780054486e+01,4.706816559609e-03,3.803493679327e+05,2.586089902482e+06
1.616552715688e+01,4.706816559609e-03,3.605874761095e+05,2.405514001292e+06
1.704903893387e+01,4.706816559609e-03,3.416191684763e+05,2.237069199777e+06
1.798083822122e+01,4.706816559609e-03,3.234235173676e+05,2.079992990207e+06
1.896356412767e+01,4.706816559609e-03,3.059808156943e+05,1.933566551323e+06
2.000000000000e+01,4.706816559609e-03,2.892722469748e+05,1.797112477351e+06
7.000000000000e-01,5.449587578346e-03,1.702999714420e+07,1.158554760129e+08
7.382578457164e-01,5.449587578346e-03,1.571095690993e+07,1.089608236280e+08
7.786066382311e-01,5.449587578346e-03,1.449551492328e+07,1.024691297439e+08
8.211606562871e-01,5.449587578346e-03,1.337590774137e+07,9.635691328484e+07
8.660404244251e-01,5.449587578346e-03,1.234491349140e+07,9.060206531354e+07
9.133730543420e-01,5.449587578346e-03,1.139581591487e+07,8.518376900267e+07
9.632926049056e-01,5.449587578346e-03,1.052237076014e+07,8.008242426946e+07
1.015940461846e+00,5.449587578346e-03,9.718774376908e+06,7.527957680006e+07
1.071465738198e+00,5.449587578346e-03,8.979634374384e+06,7.075785120574e+07
1.130025696630e+00,5.449587578346e-03,8.299942213288e+06,6.650088806819e+07
1.191786194854e+00,5.449587578346e-03,7.675047608635e+06,6.249328464521e+07
1.256922155382e+00,5.449587578346e-03,7.100634627520e+06,5.872053902147e+07
1.325618060951e+00,5.449587578346e-03,6.572699372452e+06,5.516899750144e+07
1.398068477029e+00,5.449587578346e-03,6.087529146879e+06,5.182580505352e+07
1.474478602879e+00,5.449587578346e-03,5.641683005243e+06,4.867885862569e+07
1.555064852738e+00,5.449587578346e-03,5.231973595302e+06,4.571676316343e+07
1.640055468759e+00,5.449587578346e-03,4.855450205536e+06,4.292879017079e+07
1.729691167460e+00,5.449587578346e-03,4.509382935283e+06,4.030483866510e+07
1.824225821491e+00,5.449587578346e-03,4.191247909853e+06,3.783539838454e+07
1.923927178677e+00,5.449587578346e-03,3.898713467294e+06,3.551151511669e+07
2.029077620350e+00,5.449587578346e-03,3.629627247703e+06,3.332475802383e+07
2.139974961130e+00,5.449587578346e-03,3.382004120125e+06,3.126718884901e+07
2.256933292416e+00,5.449587578346e-03,3.154014886030e+06,2.933133289357e+07
2.380283871978e+00,5.449587578346e-03,2.943975702318e+06,2.751015166412e+07
2.510376062171e+00,5.449587578346e-03,2.750338170563e+06,2.579701709339e+07
2.647578319423e+00,5.449587578346e-03,2.571680043015e+06,2.418568724527e+07
2.792279237804e+00,5.449587578346e-03,2.406696499516e+06,2.267028342061e+07
2.944888649628e+00,5.449587578346e-03,2.254191953143e+06,2.124526858516e+07
3.105838786213e+00,5.449587578346e-03,2.113072345895e+06,1.990542704680e+07
3.275585502074e+00,5.449587578346e-03,1.982337899220e+06,1.864584531321e+07
3.454609566030e+00,5.449587578346e-03,1.861076287496e+06,1.746189406610e+07
3.643418022870e+00,5.449587578346e-03,1.748456205832e+06,1.634921119179e+07
3.842545629440e+00,5.449587578346e-03,1.643721306583e+06,1.530368581165e+07
4.052556369225e+00,5.449587578346e-03,1.546184481896e+06,1.432144325952e+07
4.274045049697e+00,5.449587578346e-03,1.455222472266e+06,1.339883095584e+07
4.507638986977e+00,5.449587578346e-03,1.370270783593e+06,1.253240513144e+07
4.753999782561e+00,5.449587578346e-03,1.290818897396e+06,1.171891835599e+07
5.013825197157e+00,5.449587578346e-03,1.216405760860e+06,1.095530782856e+07
5.287851126931e+00,5.449587578346e-03,1.146615545048e+06,1.023868438960e+07
5.576853687767e+00,5.449587578346e-03,1.081073661048e+06,9.566322215433e+06
5.881651413438e+00,5.449587578346e-03,1.027299049101e+06,8.935649157913e+06
6.203107573913e+00,5.449587578346e-03,9.788996862822e+05,8.344237693356e+06
6.542132620377e+00,5.449587578346e-03,9.327795625684e+05,7.789796446129e+06
6.899686763872e+00,5.449587578346e-03,8.887721664627e+05,7.270162253545e+06
7.276782694877e+00,5.449587578346e-03,8.467293281638e+05,6.783292739845e+06
7.674488451523e+00,5.449587578346e-03,8.065195080159e+05,6.327259368174e+06
8.093930444567e+00,5.449587578346e-03,7.680261698510e+05,5.900240940601e+06
8.536296647692e+00,5.449587578346e-03,7.311462409946e+05,5.500517517293e+06
9.002839962173e+00,5.449587578346e-03,6.957886605789e+05,5.126464727143e+06
9.494881765433e+00,5.449587578346e-03,6.618730175473e+05,4.776548443251e+06
1.001381565354e+01,5.449587578346e-03,6.293282793611e+05,4.449319797901e+06
1.056111138827e+01,5.449587578346e-03,5.980916119402e+05,4.143410512844e+06
1.113831905982e+01,5.449587578346e-03,5.681072908314e+05,3.857528521984e+06
1.174707347714e+01,5.449587578346e-03,5.393257029952e+05,3.590453864841e+06
1.238909879816e+01,5.449587578346e-03,5.117024379832e+05,3.341034830433e+06
1.306621341299e+01,5.449587578346e-03,4.851974666516e+05,3.108184332554e+06
1.378033509421e+01,5.449587578346e-03,4.597744049443e+05,2.890876498723e+06
1.453348642843e+01,5.449587578346e-03,4.353998597079e+05,2.688143456352e+06
1.532780054486e+01,5.449587578346e-03,4.120428529741e+05,2.499072300983e+06
1.616552715688e+01,5.449587578346e-03,3.896743206889e+05,2.322802232651e+06
1.704903893387e+01,5.449587578346e-03,3.682666814780e+05,2.158521847634e+06
1.798083822122e+01,5.449587578346e-03,3.477934707324e+05,2.005466573993e+06
1.896356412767e+01,5.449587578346e-03,3.282290350722e+05,1.862916240385e+06
2.000000000000e+01,5.449587578346e-03,3.095482821039e+05,1.730192768634e+06
7.000000000000e-01,6.309573444802e-03,1.741719536226e+07,1.154899282955e+08
7.382578457164e-01,6.309573444802e-03,1.609354713653e+07,1.085968398277e+08
7.786066382311e-01,6.309573444802e-03,1.487325146072e+07,1.021068043468e+08
8.211606562871e-01,6.309573444802e-03,1.374854286956e+07,9.599634581719e+07
8.660404244251e-01,6.309573444802e-03,1.271219830388e+07,9.024336047043e+07
9.133730543420e-01,6.309573444802e-03,1.175750123182e+07,8.482703675625e+07
9.632926049056e-01,6.309573444802e-03,1.087820811701e+07,7.972777995232e+07
1.015940461846e+00,6.309573444802e-03,1.006851708604e+07,7.492714115936e+07
1.071465738198e+00,6.309573444802e-03,9.323038655967e+06,7.040775042350e+07
1.130025696630e+00,6.309573444802e-03,8.636768390147e+06,6.615325374292e+07
1.191786194854e+00,6.309573444802e-03,8.005061358196e+06,6.214825373007e+07
1.256922155382e+00,6.309573444802e-03,7.423608282529e+06,5.837825371404e+07
1.325618060951e+00,6.309573444802e-03,6.888413260501e+06,5.482960508033e+07
1.398068477029e+00,6.309573444802e-03,6.395772957190e+06,5.148945765740e+07
1.474478602879e+00,6.309573444802e-03,5.942257169665e+06,4.834571297052e+07
1.555064852738e+00,6.309573444802e-03,5.524690669022e+06,4.538698019425e+07
1.640055468759e+00,6.309573444802e-03,5.140136231732e+06,4.260253464522e+07
1.729691167460e+00,6.309573444802e-03,4.785878776887e+06,3.998227866628e+07
1.824225821491e+00,6.309573444802e-03,4.459410530747e+06,3.751670476245e+07
1.923927178677e+00,6.309573444802e-03,4.158417144739e+06,3.519686085777e+07
2.029077620350e+00,6.309573444802e-03,3.880764697625e+06,3.301431755021e+07
2.139974961130e+00,6.309573444802e-03,3.624487517061e+06,3.096113724981e+07
2.256933292416e+00,6.309573444802e-03,3.387776760163e+06,2.902984509243e+07
2.380283871978e+00,6.309573444802e-03,3.168969697034e+06,2.721340152848e+07
2.510376062171e+00,6.309573444802e-03,2.966539645445e+06,2.550517649254e+07
2.647578319423e+00,6.309573444802e-03,2.779086509057e+06,2.389892506573e+07
2.792279237804e+00,6.309573444802e-03,2.605327875615e+06,2.238876454874e+07
2.944888649628e+00,6.309573444802e-03,2.444090635554e+06,2.096915286828e+07
3.105838786213e+00,6.309573444802e-03,2.294303085255e+06,1.963486824495e+07
3.275585502074e+00,6.309573444802e-03,2.154987482906e+06,1.838099005488e+07
3.454609566030e+00,6.309573444802e-03,2.025253028382e+06,1.720288082158e+07
3.643418022870e+00,6.309573444802e-03,1.904289241859e+06,1.609616927826e+07
3.842545629440e+00,6.309573444802e-03,1.791359718899e+06,1.505673444415e+07
4.052556369225e+00,6.309573444802e-03,1.685796242502e+06,1.408069066150e+07
4.274045049697e+00,6.309573444802e-03,1.586993235113e+06,1.316437354248e+07
4.507638986977e+00,6.309573444802e-03,1.494402535701e+06,1.230432677785e+07
4.753999782561e+00,6.309573444802e-03,1.407528488895e+06,1.149728976121e+07
5.013825197157e+00,6.309573444802e-03,1.325923334671e+06,1.074018598471e+07
5.287851126931e+00,6.309573444802e-03,1.253929407143e+06,1.003011216378e+07
5.576853687767e+00,6.309573444802e-03,1.193889689120e+06,9.364328050048e+06
5.881651413438e+00,6.309573444802e-03,1.136670425120e+06,8.740246893123e+06
6.203107573913e+00,6.309573444802e-03,1.082075921373e+06,8.155426513101e+06
6.542132620377e+00,6.309573444802e-03,1.029931366180e+06,7.607560947248e+06
6.899686763872e+00,6.309573444802e-03,9.800808739158e+05,7.094472635354e+06
7.276782694877e+00,6.309573444802e-03,9.323856277036e+05,6.614105109647e+06
7.674488451523e+00,6.309573444802e-03,8.867221229232e+05,6.164516156413e+06
8.093930444567e+00,6.309573444802e-03,8.429805135087e+05,5.743871417766e+06
8.536296647692e+00,6.309573444802e-03,8.010630626174e+05,5.350438403379e+06
9.002839962173e+00,6.309573444802e-03,7.608826987562e+05,4.982580883349e+06
9.494881765433e+00,6.309573444802e-03,7.223616778504e+05,4.638753634807e+06
1.001381565354e+01,6.309573444802e-03,6.854303510675e+05,4.317497516334e+06
1.056111138827e+01,6.309573444802e-03,6.500260374863e+05,4.017434845731e+06
1.113831905982e+01,6.309573444802e-03,6.160919999596e+05,3.737265058194e+06
1.174707347714e+01,6.309573444802e-03,5.835765217828e+05,3.475760623468e+06
1.238909879816e+01,6.309573444802e-03,5.524320810755e+05,3.231763202037e+06
1.306621341299e+01,6.309573444802e-03,5.226146191228e+05,3.004180021920e+06
1.378033509421e+01,6.309573444802e-03,4.940828983353e+05,2.791980459090e+06
1.453348642843e+01,6.309573444802e-03,4.667979449742e+05,2.594192805930e+06
1.532780054486e+01,6.309573444802e-03,4.407225713683e+05,2.409901213530e+06
1.616552715688e+01,6.309573444802e-03,4.158209720206e+05,2.238242794904e+06
1.704903893387e+01,6.309573444802e-03,3.920583877787e+05,2.078404877426e+06
1.798083822122e+01,6.309573444802e-03,3.694008321040e+05,1.929622393942e+06
1.896356412767e+01,6.309573444802e-03,3.478148734406e+05,1.791175403066e+06
2.000000000000e+01,6.309573444802e-03,3.272674677282e+05,1.662386730154e+06
7.000000000000e-01,7.305271542664e-03,1.784870129040e+07,1.150700444793e+08
7.382578457164e-01,7.305271542664e-03,1.651903483937e+07,1.081790324363e+08
7.786066382311e-01,7.305271542664e-03,1.529243283469e+07,1.016911973814e+08
8.211606562871e-01,7.305271542664e-03,1.416112996997e+07,9.558306948916e+07
8.660404244251e-01,7.305271542664e-03,1.311790453081e+07,8.983255128879e+07
9.133730543420e-01,7.305271542664e-03,1.215604259942e+07,8.441883757839e+07
9.632926049056e-01,7.305271542664e-03,1.126930460096e+07,7.932233999344e+07
1.015940461846e+00,7.305271542664e-03,1.045189404238e+07,7.452461595453e+07
1.071465738198e+00,7.305271542664e-03,9.698428302528e+06,7.000830173672e+07
1.130025696630e+00,7.305271542664e-03,9.003911340070e+06,6.575704941750e+07
1.191786194854e+00,7.305271542664e-03,8.363708193161e+06,6.175546747481e+07
1.256922155382e+00,7.305271542664e-03,7.773521151435e+06,5.798906482007e+07
1.325618060951e+00,7.305271542664e-03,7.229367487662e+06,5.444419806397e+07
1.398068477029e+00,7.305271542664e-03,6.727558642475e+06,5.110802182505e+07
1.474478602879e+00,7.305271542664e-03,6.264680761621e+06,4.796844190237e+07
1.555064852738e+00,7.305271542664e-03,5.837576490867e+06,4.501407114481e+07
1.640055468759e+00,7.305271542664e-03,5.443327939299e+06,4.223418785974e+07
1.729691167460e+00,7.305271542664e-03,5.079240727127e+06,3.961869661352e+07
1.824225821491e+00,7.305271542664e-03,4.742829039374e+06,3.715809128592e+07
1.923927178677e+00,7.305271542664e-03,4.431801612034e+06,3.484342024893e+07
2.029077620350e+00,7.305271542664e-03,4.144048582328e+06,3.266625354924e+07
2.139974961130e+00,7.305271542664e-03,3.877629139698e+06,3.061865198092e+07
2.256933292416e+00,7.305271542664e-03,3.630759919071e+06,2.869313794277e+07
2.380283871978e+00,7.305271542664e-03,3.401804082760e+06,2.688266798118e+07
2.510376062171e+00,7.305271542664e-03,3.189261042027e+06,2.518060692613e+07
2.647578319423e+00,7.305271542664e-03,2.991756773921e+06,2.358070353359e+07
2.792279237804e+00,7.305271542664e-03,2.808034693390e+06,2.207706755335e+07
2.944888649628e+00,7.305271542664e-03,2.636947044855e+06,2.066414814601e+07
3.105838786213e+00,7.305271542664e-03,2.477446781412e+06,1.933671357771e+07
3.275585502074e+00,7.305271542664e-03,2.328579903528e+06,1.808983212515e+07
3.454609566030e+00,7.305271542664e-03,2.189478232501e+06,1.691885412724e+07
3.643418022870e+00,7.305271542664e-03,2.059352597028e+06,1.581939512313e+07
3.842545629440e+00,7.305271542664e-03,1.937486413961e+06,1.478732001919e+07
4.052556369225e+00,7.305271542664e-03,1.823229646701e+06,1.381872823032e+07
4.274045049697e+00,7.305271542664e-03,1.715993126643e+06,1.290993974336e+07
4.507638986977e+00,7.305271542664e-03,1.615243224731e+06,1.205748205237e+07
4.753999782561e+00,7.305271542664e-03,1.520496861411e+06,1.125807791758e+07
5.013825197157e+00,7.305271542664e-03,1.446400113176e+06,1.050863390150e+07
5.287851126931e+00,7.305271542664e-03,1.376039564880e+06,9.806229637445e+06
5.576853687767e+00,7.305271542664e-03,1.308909922506e+06,9.148107786990e+06
5.881651413438e+00,7.305271542664e-03,1.244805747165e+06,8.531664644743e+06
6.203107573913e+00,7.305271542664e-03,1.183543084478e+06,7.954441349913e+06
6.542132620377e+00,7.305271542664e-03,1.124957347316e+06,7.414115665881e+06
6.899686763872e+00,7.305271542664e-03,1.068901315923e+06,6.908494290339e+06
7.276782694877e+00,7.305271542664e-03,1.015243257694e+06,6.435505660129e+06
7.674488451523e+00,7.305271542664e-03,9.638651683786e+05,5.993193216464e+06
8.093930444567e+00,7.305271542664e-03,9.146611358305e+05,5.579709097847e+06
8.536296647692e+00,7.305271542664e-03,8.675358266818e+05,5.193308229633e+06
9.002839962173e+00,7.305271542664e-03,8.224030954842e+05,4.832342780914e+06
9.494881765433e+00,7.305271542664e-03,7.791847150003e+05,4.495256961108e+06
1.001381565354e+01,7.305271542664e-03,7.378092254471e+05,4.180582130384e+06
1.056111138827e+01,7.305271542664e-03,6.982108996350e+05,3.886932199817e+06
1.113831905982e+01,7.305271542664e-03,6.603288201303e+05,3.612999298888e+06
1.174707347714e+01,7.305271542664e-03,6.241060638248e+05,3.357549689672e+06
1.238909879816e+01,7.305271542664e-03,5.894889886308e+05,3.119419908704e+06
1.306621341299e+01,7.305271542664e-03,5.564266164612e+05,2.897513119155e+06
1.378033509421e+01,7.305271542664e-03,5.248701061997e+05,2.690795657477e+06
1.453348642843e+01,7.305271542664e-03,4.947723100243e+05,2.498293760147e+06
1.532780054486e+01,7.305271542664e-03,4.660874062270e+05,2.319090457535e+06
1.616552715688e+01,7.305271542664e-03,4.387706015523e+05,2.152322623197e+06
1.704903893387e+01,7.305271542664e-03,4.127778960767e+05,1.997178168088e+06
1.798083822122e+01,7.305271542664e-03,3.880659037368e+05,1.852893370299e+06
1.896356412767e+01,7.305271542664e-03,3.645917217947e+05,1.718750331891e+06
2.000000000000e+01,7.305271542664e-03,3.423128427827e+05,1.594074555305e+06
7.000000000000e-01,8.458098281751e-03,1.832699314746e+07,1.145884487011e+08
7.382578457164e-01,8.458098281751e-03,1.698955885048e+07,1.077001939577e+08
7.786066382311e-01,8.458098281751e-03,1.575485876886e+07,1.012152778521e+08
8.211606562871e-01,8.458098281751e-03,1.461513130544e+07,9.511023799343e+07
8.660404244251e-01,8.458098281751e-03,1.356316005889e+07,8.936298433778e+07
9.133730543420e-01,8.458098281751e-03,1.259223810717e+07,8.395271904484e+07
9.632926049056e-01,8.458098281751e-03,1.169613462175e+07,7.885986098171e+07
1.015940461846e+00,8.458098281751e-03,1.086906366106e+07,7.406597459959e+07
1.071465738198e+00,8.458098281751e-03,1.010565499987e+07,6.955370292565e+07
1.130025696630e+00,8.458098281751e-03,9.400926858904e+06,6.530670442766e+07
1.191786194854e+00,8.458098281751e-03,8.750260406887e+06,6.130959352356e+07
1.256922155382e+00,8.458098281751e-03,8.149375913571e+06,5.754788452167e+07
1.325618060951e+00,8.458098281751e-03,7.594310439752e+06,5.400793879041e+07
1.398068477029e+00,8.458098281751e-03,7.081396956410e+06,5.067691496884e+07
1.474478602879e+00,8.458098281751e-03,6.607244791663e+06,4.754272204095e+07
1.555064852738e+00,8.458098281751e-03,6.168721310364e+06,4.459397510769e+07
1.640055468759e+00,8.458098281751e-03,5.762934737231e+06,4.181995370151e+07
1.729691167460e+00,8.458098281751e-03,5.387218040405e+06,3.921056249782e+07
1.824225821491e+00,8.458098281751e-03,5.039113798124e+06,3.675629428744e+07
1.923927178677e+00,8.458098281751e-03,4.716359977012e+06,3.444819508261e+07
2.029077620350e+00,8.458098281751e-03,4.416876556113e+06,3.227783123793e+07
2.139974961130e+00,8.458098281751e-03,4.138752936340e+06,3.023725847471e+07
2.256933292416e+00,8.458098281751e-03,3.880236080420e+06,2.831899270484e+07
2.380283871978e+00,8.458098281751e-03,3.639719333626e+06,2.651598255686e+07
2.510376062171e+00,8.458098281751e-03,3.415731880632e+06,2.482158351280e+07
2.647578319423e+00,8.458098281751e-03,3.206928798572e+06,2.322953357030e+07
2.792279237804e+00,8.458098281751e-03,3.012081670914e+06,2.173393034927e+07
2.944888649628e+00,8.458098281751e-03,2.830069730896e+06,2.032920956713e+07
3.105838786213e+00,8.458098281751e-03,2.659871507103e+06,1.901012481083e+07
3.275585502074e+00,8.458098281751e-03,2.500556947149e+06,1.777172853733e+07
3.454609566030e+00,8.458098281751e-03,2.351279998466e+06,1.660935423773e+07
3.643418022870e+00,8.458098281751e-03,2.211271627727e+06,1.551859970308e+07
3.842545629440e+00,8.458098281751e-03,2.079833262586e+06,1.449531133242e+07
4.052556369225e+00,8.458098281751e-03,1.956330641100e+06,1.353556942622e+07
4.274045049697e+00,8.458098281751e-03,1.840188055494e+06,1.263567441016e+07
4.507638986977e+00,8.458098281751e-03,1.742313465383e+06,1.179213393642e+07
4.753999782561e+00,8.458098281751e-03,1.656438002029e+06,1.100165081137e+07
5.013825197157e+00,8.458098281751e-03,1.574508977630e+06,1.026111170030e+07
5.287851126931e+00,8.458098281751e-03,1.496285803890e+06,9.567576561445e+06
5.576853687767e+00,8.458098281751e-03,1.421552220516e+06,8.918268763474e+06
5.881651413438e+00,8.458098281751e-03,1.350113885661e+06,8.310565841966e+06
6.203107573913e+00,8.458098281751e-03,1.281796103044e+06,7.741990852465e+06
6.542132620377e+00,8.458098281751e-03,1.216441688365e+06,7.210204279221e+06
6.899686763872e+00,8.458098281751e-03,1.153908976925e+06,6.712996460704e+06
7.276782694877e+00,8.458098281751e-03,1.094069973567e+06,6.248280494797e+06
7.674488451523e+00,8.458098281751e-03,1.036808645105e+06,5.814085588544e+06
8.093930444567e+00,8.458098281751e-03,9.820193544103e+05,5.408550819275e+06
8.536296647692e+00,8.458098281751e-03,9.296054343019e+05,5.029919275982e+06
9.002839962173e+00,8.458098281751e-03,8.794778983310e+05,4.676532551799e+06
9.494881765433e+00,8.458098281751e-03,8.315542845767e+05,4.346825560508e+06
1.001381565354e+01,8.458098281751e-03,7.857576276239e+05,4.039321651953e+06
1.056111138827e+01,8.458098281751e-03,7.420155530556e+05,3.752628003246e+06
1.113831905982e+01,8.458098281751e-03,7.002594880585e+05,3.485431264532e+06
1.174707347714e+01,8.458098281751e-03,6.604239811261e+05,3.236493439937e+06
1.238909879816e+01,8.458098281751e-03,6.224461233641e+05,3.004647986085e+06
1.306621341299e+01,8.458098281751e-03,5.862650635550e+05,2.788796112216e+06
1.378033509421e+01,8.458098281751e-03,5.518216089280e+05,2.587903267514e+06
1.453348642843e+01,8.458098281751e-03,5.190579034944e+05,2.400995802697e+06
1.532780054486e+01,8.458098281751e-03,4.879171758485e+05,2.227157794255e+06
1.616552715688e+01,8.458098281751e-03,4.583435484816e+05,2.065528020954e+06
1.704903893387e+01,8.458098281751e-03,4.302819009015e+05,1.915297083304e+06
1.798083822122e+01,8.458098281751e-03,4.036777791807e+05,1.775704657719e+06
1.896356412767e+01,8.458098281751e-03,3.784773449539e+05,1.646036877937e+06
2.000000000000e+01,8.458098281751e-03,3.546273573406e+05,1.525623837087e+06
7.000000000000e-01,9.792849742266e-03,1.885392669015e+07,1.140370129345e+08
7.382578457164e-01,9.792849742266e-03,1.750658447834e+07,1.071524161675e+08
7.786066382311e-01,9.792849742266e-03,1.626160856920e+07,1.006713669069e+08
8.211606562871e-01,9.792849742266e-03,1.511124639513e+07,9.457041132198e+07
8.660404244251e-01,9.792849742266e-03,1.404829264991e+07,8.882746774728e+07
9.133730543420e-01,9.792849742266e-03,1.306605362803e+07,8.342174645319e+07
9.632926049056e-01,9.792849742266e-03,1.215831387584e+07,7.833367405645e+07
1.015940461846e+00,9.792849742266e-03,1.131930500042e+07,7.354482229686e+07
1.071465738198e+00,9.792849742266e-03,1.054367649076e+07,6.903784092351e+07
1.130025696630e+00,9.792849742266e-03,9.826468413682e+06,6.479639444921e+07
1.191786194854e+00,9.792849742266e-03,9.163085854866e+06,6.080510254652e+07
1.256922155382e+00,9.792849742266e-03,8.549274982620e+06,5.704948387286e+07
1.325618060951e+00,9.792849742266e-03,7.981100619488e+06,5.351590312535e+07
1.398068477029e+00,9.792849742266e-03,7.454925213857e+06,5.019152113874e+07
1.474478602879e+00,9.792849742266e-03,6.967389110694e+06,4.706424785157e+07
1.555064852738e+00,9.792849742266e-03,6.515392027422e+06,4.412269797699e+07
1.640055468759e+00,9.792849742266e-03,6.096075647708e+06,4.135614922529e+07
1.729691167460e+00,9.792849742266e-03,5.706807252558e+06,3.875450293511e+07
1.824225821491e+00,9.792849742266e-03,5.345164314657e+06,3.630824697965e+07
1.923927178677e+00,9.792849742266e-03,5.008919988232e+06,3.400842082288e+07
2.029077620350e+00,9.792849742266e-03,4.696029432954e+06,3.184658260866e+07
2.139974961130e+00,9.792849742266e-03,4.404616916344e+06,2.981477817357e+07
2.256933292416e+00,9.792849742266e-03,4.132963644903e+06,2.790551188035e+07
2.380283871978e+00,9.792849742266e-03,3.879496279575e+06,2.611171917581e+07
2.510376062171e+00,9.792849742266e-03,3.642776096257e+06,2.442674078218e+07
2.647578319423e+00,9.792849742266e-03,3.421488756723e+06,2.284429843623e+07
2.792279237804e+00,9.792849742266e-03,3.214434659564e+06,2.135847209489e+07
2.944888649628e+00,9.792849742266e-03,3.020519844530e+06,1.996367853023e+07
3.105838786213e+00,9.792849742266e-03,2.838747426912e+06,1.865465124040e+07
3.275585502074e+00,9.792849742266e-03,2.668209541375e+06,1.742642160595e+07
3.454609566030e+00,9.792849742266e-03,2.508079776918e+06,1.627430122439e+07
3.643418022870e+00,9.792849742266e-03,2.357606086373e+06,1.519386535800e+07
3.842545629440e+00,9.792849742266e-03,2.216104155158e+06,1.418093743237e+07
4.052556369225e+00,9.792849742266e-03,2.088376112447e+06,1.323157452548e+07
4.274045049697e+00,9.792849742266e-03,1.984230488849e+06,1.234205378899e+07
4.507638986977e+00,9.792849742266e-03,1.884873821729e+06,1.150885974543e+07
4.753999782561e+00,9.792849742266e-03,1.790025246119e+06,1.072867240708e+07
5.013825197157e+00,9.792849742266e-03,1.699431376812e+06,9.998356163940e+06
5.287851126931e+00,9.792849742266e-03,1.612863570804e+06,9.314949390493e+06
5.576853687767e+00,9.792849742266e-03,1.530115348934e+06,8.675654722780e+06
5.881651413438e+00,9.792849742266e-03,1.450999979628e+06,8.077829959428e+06
6.203107573913e+00,9.792849742266e-03,1.375348226800e+06,7.518979542413e+06
6.542132620377e+00,9.792849742266e-03,1.303006262884e+06,6.996746575553e+06
6.899686763872e+00,9.792849742266e-03,1.233833746878e+06,6.508905340975e+06
7.276782694877e+00,9.792849742266e-03,1.167702066035e+06,6.053354276114e+06
7.674488451523e+00,9.792849742266e-03,1.104492738641e+06,5.628109376144e+06
8.093930444567e+00,9.792849742266e-03,1.044095974072e+06,5.231297989064e+06
8.536296647692e+00,9.792849742266e-03,9.864093852312e+05,4.861152973040e+06
9.002839962173e+00,9.792849742266e-03,9.313368473469e+05,4.516007187865e+06
9.494881765433e+00,9.792849742266e-03,8.787874962191e+05,4.194288294690e+06
1.001381565354e+01,9.792849742266e-03,8.286748581597e+05,3.894513840342e+06
1.056111138827e+01,9.792849742266e-03,7.809161032314e+05,3.615286604654e+06
1.113831905982e+01,9.792849742266e-03,7.354314128801e+05,3.355290191212e+06
1.174707347714e+01,9.792849742266e-03,6.921434527144e+05,3.113284843835e+06
1.238909879816e+01,9.792849742266e-03,6.509769409976e+05,2.888103472826e+06
1.306621341299e+01,9.792849742266e-03,6.118583033777e+05,2.678647876680e+06
1.378033509421e+01,9.792849742266e-03,5.747154044797e+05,2.483885146426e+06
1.453348642843e+01,9.792849742266e-03,5.394773472048e+05,2.302844241143e+06
1.532780054486e+01,9.792849742266e-03,5.060743309112e+05,2.134612724398e+06
1.616552715688e+01,9.792849742266e-03,4.744375600723e+05,1.978333652484e+06
1.704903893387e+01,9.792849742266e-03,4.444991955011e+05,1.833202606267e+06
1.798083822122e+01,9.792849742266e-03,4.161923407820e+05,1.698464859350e+06
1.896356412767e+01,9.792849742266e-03,3.894510571408e+05,1.573412675969e+06
2.000000000000e+01,9.792849742266e-03,3.642104006006e+05,1.457382732704e+06
7.000000000000e-01,1.133823501218e-02,1.943049367436e+07,1.134068660261e+08
7.382578457164e-01,1.133823501218e-02,1.807066629232e+07,1.065271119016e+08
7.786066382311e-01,1.133823501218e-02,1.681281004658e+07,1.000511721464e+08
8.211606562871e-01,1.133823501218e-02,1.564918887272e+07,9.395560226229e+07
8.660404244251e-01,1.133823501218e-02,1.457261648834e+07,8.821832944974e+07
9.133730543420e-01,1.133823501218e-02,1.357642073813e+07,8.281857225951e+07
9.632926049056e-01,1.133823501218e-02,1.265441022202e+07,7.773676487693e+07
1.015940461846e+00,1.133823501218e-02,1.180084305042e+07,7.295448576797e+07
1.071465738198e+00,1.133823501218e-02,1.101039757931e+07,6.845439043171e+07
1.130025696630e+00,1.133823501218e-02,1.027814498657e+07,6.422014801999e+07
1.191786194854e+00,1.133823501218e-02,9.599523559390e+06,6.023638159975e+07
1.256922155382e+00,1.133823501218e-02,8.970314570523e+06,5.648861184825e+07
1.325618060951e+00,1.133823501218e-02,8.386619629520e+06,5.296320398435e+07
1.398068477029e+00,1.133823501218e-02,7.844839402750e+06,4.964731775199e+07
1.474478602879e+00,1.133823501218e-02,7.341653603907e+06,4.652886028398e+07
1.555064852738e+00,1.133823501218e-02,6.874002164336e+06,4.359644168525e+07
1.640055468759e+00,1.133823501218e-02,6.439067500034e+06,4.083933318536e+07
1.729691167460e+00,1.133823501218e-02,6.034257799478e+06,3.824742771968e+07
1.824225821491e+00,1.133823501218e-02,5.657191263571e+06,3.581120280787e+07
1.923927178677e+00,1.133823501218e-02,5.305681235795e+06,3.352168560631e+07
2.029077620350e+00,1.133823501218e-02,4.977722167207e+06,3.137042001904e+07
2.139974961130e+00,1.133823501218e-02,4.671476367025e+06,2.934943575843e+07
2.256933292416e+00,1.133823501218e-02,4.385261495259e+06,2.745121925314e+07
2.380283871978e+00,1.133823501218e-02,4.117538759066e+06,2.566868630663e+07
2.510376062171e+00,1.133823501218e-02,3.866901779192e+06,2.399515641426e+07
2.647578319423e+00,1.133823501218e-02,3.632066096996e+06,2.242432865178e+07
2.792279237804e+00,1.133823501218e-02,3.411859296104e+06,2.095025905168e+07
2.944888649628e+00,1.133823501218e-02,3.205211715676e+06,1.956733938777e+07
3.105838786213e+00,1.133823501218e-02,3.011147734641e+06,1.827027729107e+07
3.275585502074e+00,1.133823501218e-02,2.828777608066e+06,1.705407762343e+07
3.454609566030e+00,1.133823501218e-02,2.657289838043e+06,1.591402503754e+07
3.643418022870e+00,1.133823501218e-02,2.495944062286e+06,1.484566765470e+07
3.842545629440e+00,1.133823501218e-02,2.366709740060e+06,1.384480179376e+07
4.052556369225e+00,1.133823501218e-02,2.246878350424e+06,1.290745768718e+07
4.274045049697e+00,1.133823501218e-02,2.132498737208e+06,1.202988612222e+07
4.507638986977e+00,1.133823501218e-02,2.023274912933e+06,1.120854594746e+07
4.753999782561e+00,1.133823501218e-02,1.918938748659e+06,1.044009238729e+07
5.013825197157e+00,1.133823501218e-02,1.819247054637e+06,9.721366109254e+06
5.287851126931e+00,1.133823501218e-02,1.723978849579e+06,9.049382991657e+06
5.576853687767e+00,1.133823501218e-02,1.632932820620e+06,8.421324541134e+06
5.881651413438e+00,1.133823501218e-02,1.545924974738e+06,7.834528912770e+06
6.203107573913e+00,1.133823501218e-02,1.462786481043e+06,7.286482487745e+06
6.542132620377e+00,1.133823501218e-02,1.383361701858e+06,6.774811966298e+06
6.899686763872e+00,1.133823501218e-02,1.307506409111e+06,6.297276936473e+06
7.276782694877e+00,1.133823501218e-02,1.235086181137e+06,5.851762881837e+06
7.674488451523e+00,1.133823501218e-02,1.165974973671e+06,5.436274594067e+06
8.093930444567e+00,1.133823501218e-02,1.100053857640e+06,5.048929958939e+06
8.536296647692e+00,1.133823501218e-02,1.037209915284e+06,4.687954086839e+06
9.002839962173e+00,1.133823501218e-02,9.773352852873e+05,4.351673761425e+06
9.494881765433e+00,1.133823501218e-02,9.203263468709e+05,4.038512182423e+06
1.001381565354e+01,1.133823501218e-02,8.660830323146e+05,3.746983980839e+06
1.056111138827e+01,1.133823501218e-02,8.145082570219e+05,3.475690486953e+06
1.113831905982e+01,1.133823501218e-02,7.655074561108e+05,3.223315233472e+06
1.174707347714e+01,1.133823501218e-02,7.189882165295e+05,2.988619678005e+06
1.238909879816e+01,1.133823501218e-02,6.748599938709e+05,2.770439130728e+06
1.306621341299e+01,1.133823501218e-02,6.330339033776e+05,2.567678874597e+06
1.378033509421e+01,1.133823501218e-02,5.934225750578e+05,2.379310466811e+06
1.453348642843e+01,1.133823501218e-02,5.559400633651e+05,2.204368211485e+06
1.532780054486e+01,1.133823501218e-02,5.205018025025e+05,2.041945794499e+06
1.616552715688e+01,1.133823501218e-02,4.870245990789e+05,1.891193072489e+06
1.704903893387e+01,1.133823501218e-02,4.554266545476e+05,1.751313008694e+06
1.798083822122e+01,1.133823501218e-02,4.256276105881e+05,1.621558749135e+06
1.896356412767e+01,1.133823501218e-02,3.979615900311e+05,1.501230833146e+06
2.000000000000e+01,1.133823501218e-02,3.741455808027e+05,1.389674532805e+06
7.000000000000e-01,1.312749368925e-02,2.005655626808e+07,1.126884351557e+08
7.382578457164e-01,1.312749368925e-02,1.868119269662e+07,1.058150707715e+08
7.786066382311e-01,1.312749368925e-02,1.740739627850e+07,9.934585702460e+07
8.211606562871e-01,1.312749368925e-02,1.622745736442e+07,9.325735878254e+07
8.660404244251e-01,1.312749368925e-02,1.513421897288e+07,8.752751171961e+07
9.133730543420e-01,1.312749368925e-02,1.412104105523e+07,8.213554181352e+07
9.632926049056e-01,1.312749368925e-02,1.318176700538e+07,7.706188947251e+07
1.015940461846e+00,1.312749368925e-02,1.231069225697e+07,7.228813802408e+07
1.071465738198e+00,1.312749368925e-02,1.150253482087e+07,6.779694631252e+07
1.130025696630e+00,1.312749368925e-02,1.075240762473e+07,6.357198516926e+07
1.191786194854e+00,1.312749368925e-02,1.005579252604e+07,5.959787753480e+07
1.256922155382e+00,1.312749368925e-02,9.408515878977e+06,5.586014202546e+07
1.325618060951e+00,1.312749368925e-02,8.806725544498e+06,5.234513975174e+07
1.398068477029e+00,1.312749368925e-02,8.246869241776e+06,4.904002420745e+07
1.474478602879e+00,1.312749368925e-02,7.725674147902e+06,4.593269406104e+07
1.555064852738e+00,1.312749368925e-02,7.240127661028e+06,4.301174869079e+07
1.640055468759e+00,1.312749368925e-02,6.787459250355e+06,4.026644631635e+07
1.729691167460e+00,1.312749368925e-02,6.365123324090e+06,3.768666458771e+07
1.824225821491e+00,1.312749368925e-02,5.970783053931e+06,3.526286350178e+07
1.923927178677e+00,1.312749368925e-02,5.602295101527e+06,3.298605052372e+07
2.029077620350e+00,1.312749368925e-02,5.257695198751e+06,3.084774779773e+07
2.139974961130e+00,1.312749368925e-02,4.935184539434e+06,2.883996133775e+07
2.256933292416e+00,1.312749368925e-02,4.633116945363e+06,2.695515209420e+07
2.380283871978e+00,1.312749368925e-02,4.349986773845e+06,2.518620879776e+07
2.510376062171e+00,1.312749368925e-02,4.084417537954e+06,2.352642248566e+07
2.647578319423e+00,1.312749368925e-02,3.835151213690e+06,2.196946261960e+07
2.792279237804e+00,1.312749368925e-02,3.601038210740e+06,2.050935470827e+07
2.944888649628e+00,1.312749368925e-02,3.381027985286e+06,1.914045935014e+07
3.105838786213e+00,1.312749368925e-02,3.174160274551e+06,1.785745261564e+07
3.275585502074e+00,1.312749368925e-02,2.979556933387e+06,1.665530769011e+07
3.454609566030e+00,1.312749368925e-02,2.812226350625e+06,1.552927770180e+07
3.643418022870e+00,1.312749368925e-02,2.668391500766e+06,1.447487966170e+07
3.842545629440e+00,1.312749368925e-02,2.531116132645e+06,1.348787944461e+07
4.052556369225e+00,1.312749368925e-02,2.400055433797e+06,1.256427774329e+07
4.274045049697e+00,1.312749368925e-02,2.274895878966e+06,1.170029693034e+07
4.507638986977e+00,1.312749368925e-02,2.155351931155e+06,1.089236876532e+07
4.753999782561e+00,1.312749368925e-02,2.041162962049e+06,1.013712288715e+07
5.013825197157e+00,1.312749368925e-02,1.932090393805e+06,9.431376035025e+06
5.287851126931e+00,1.312749368925e-02,1.827915062608e+06,8.772121944044e+06
5.576853687767e+00,1.312749368925e-02,1.728434802725e+06,8.156521864797e+06
5.881651413438e+00,1.312749368925e-02,1.633462248045e+06,7.581895659280e+06
6.203107573913e+00,1.312749368925e-02,1.542822846463e+06,7.045713428706e+06
6.542132620377e+00,1.312749368925e-02,1.456353080785e+06,6.545587631910e+06
6.899686763872e+00,1.312749368925e-02,1.373898888398e+06,6.079265656117e+06
7.276782694877e+00,1.312749368925e-02,1.295314270567e+06,5.644622804940e+06
7.674488451523e+00,1.312749368925e-02,1.220460081094e+06,5.239655671398e+06
8.093930444567e+00,1.312749368925e-02,1.149202983119e+06,4.862475866584e+06
8.536296647692e+00,1.312749368925e-02,1.081414562116e+06,4.511304077343e+06
9.002839962173e+00,1.312749368925e-02,1.016970582615e+06,4.184464428850e+06
9.494881765433e+00,1.312749368925e-02,9.557503759034e+05,3.880379130382e+06
1.001381565354e+01,1.312749368925e-02,8.976363458584e+05,3.597563384801e+06
1.056111138827e+01,1.312749368925e-02,8.425135801725e+05,3.334620544279e+06
1.113831905982e+01,1.312749368925e-02,7.902695545094e+05,3.090237496678e+06
1.174707347714e+01,1.312749368925e-02,7.407939175570e+05,2.863180268666e+06
1.238909879816e+01,1.312749368925e-02,6.939783455030e+05,2.652289833134e+06
1.306621341299e+01,1.312749368925e-02,6.497164551184e+05,2.456478109840e+06
1.378033509421e+01,1.312749368925e-02,6.079037653805e+05,2.274724149353e+06
1.453348642843e+01,1.312749368925e-02,5.684376983650e+05,2.106070491408e+06
1.532780054486e+01,1.312749368925e-02,5.312176109770e+05,1.949619689648e+06
1.616552715688e+01,1.312749368925e-02,4.961448499433e+05,1.804530995514e+06
1.704903893387e+01,1.312749368925e-02,4.631228233404e+05,1.670017194652e+06
1.798083822122e+01,1.312749368925e-02,4.351204948742e+05,1.545341589775e+06
1.896356412767e+01,1.312749368925e-02,4.085652389578e+05,1.429815124352e+06
2.000000000000e+01,1.312749368925e-02,3.833699248738e+05,1.322793641874e+06
7.000000000000e-01,1.519911082953e-02,2.073056992634e+07,1.118715277328e+08
7.382578457164e-01,1.519911082953e-02,1.933612623479e+07,1.050065561513e+08
7.786066382311e-01,1.519911082953e-02,1.804286537684e+07,9.854615188714e+07
8.211606562871e-01,1.519911082953e-02,1.684311654392e+07,9.246688793471e+07
8.660404244251e-01,1.519911082953e-02,1.572976463723e+07,8.674670661236e+07
9.133730543420e-01,1.519911082953e-02,1.469621432647e+07,8.136483887544e+07
9.632926049056e-01,1.519911082953e-02,1.373635630708e+07,7.630172826479e+07
1.015940461846e+00,1.519911082953e-02,1.284453560019e+07,7.153895922468e+07
1.071465738198e+00,1.519911082953e-02,1.201552175014e+07,6.705918954160e+07
1.130025696630e+00,1.519911082953e-02,1.124448078497e+07,6.284608667163e+07
1.191786194854e+00,1.519911082953e-02,1.052694881561e+07,5.888426773905e+07
1.256922155382e+00,1.519911082953e-02,9.858807159704e+06,5.515924300318e+07
1.325618060951e+00,1.519911082953e-02,9.236258885792e+06,5.165736260371e+07
1.398068477029e+00,1.519911082953e-02,8.655806683468e+06,4.836576640686e+07
1.474478602879e+00,1.519911082953e-02,8.114231974090e+06,4.527233678609e+07
1.555064852738e+00,1.519911082953e-02,7.608575185727e+06,4.236565418144e+07
1.640055468759e+00,1.519911082953e-02,7.136117124232e+06,3.963495529072e+07
1.729691167460e+00,1.519911082953e-02,6.694361380158e+06,3.707009375462e+07
1.824225821491e+00,1.519911082953e-02,6.281017718344e+06,3.466150320505e+07
1.923927178677e+00,1.519911082953e-02,5.893986403392e+06,3.240016255305e+07
2.029077620350e+00,1.519911082953e-02,5.531343419936e+06,3.027756339875e+07
2.139974961130e+00,1.519911082953e-02,5.191326551447e+06,2.828567945091e+07
2.256933292416e+00,1.519911082953e-02,4.872322285377e+06,2.641693784873e+07
2.380283871978e+00,1.519911082953e-02,4.572853515703e+06,2.466419228266e+07
2.510376062171e+00,1.519911082953e-02,4.291568016435e+06,2.302069781492e+07
2.647578319423e+00,1.519911082953e-02,4.027227661348e+06,2.148008730388e+07
2.792279237804e+00,1.519911082953e-02,3.778698366365e+06,2.003634933967e+07
2.944888649628e+00,1.519911082953e-02,3.544940731418e+06,1.868380760168e+07
3.105838786213e+00,1.519911082953e-02,3.330336562100e+06,1.741710155137e+07
3.275585502074e+00,1.519911082953e-02,3.158415771369e+06,1.623116837686e+07
3.454609566030e+00,1.519911082953e-02,2.994352213826e+06,1.512122610880e+07
3.643418022870e+00,1.519911082953e-02,2.837745184671e+06,1.408275783004e+07
3.842545629440e+00,1.519911082953e-02,2.688229026319e+06,1.311149690454e+07
4.052556369225e+00,1.519911082953e-02,2.545469408057e+06,1.220341315462e+07
4.274045049697e+00,1.519911082953e-02,2.409159860721e+06,1.135469991849e+07
4.507638986977e+00,1.519911082953e-02,2.279018568147e+06,1.056176192385e+07
4.753999782561e+00,1.519911082953e-02,2.154785415203e+06,9.821203916617e+06
5.013825197157e+00,1.519911082953e-02,2.036219290219e+06,9.129819987619e+06
5.287851126931e+00,1.519911082953e-02,1.923095637580e+06,8.484583543584e+06
5.576853687767e+00,1.519911082953e-02,1.815204254332e+06,7.882637872541e+06
5.881651413438e+00,1.519911082953e-02,1.712347322783e+06,7.321287257307e+06
6.203107573913e+00,1.519911082953e-02,1.614337669377e+06,6.797988594319e+06
6.542132620377e+00,1.519911082953e-02,1.520997238684e+06,6.310343478591e+06
6.899686763872e+00,1.519911082953e-02,1.432155770043e+06,5.856090718924e+06
7.276782694877e+00,1.519911082953e-02,1.347649663432e+06,5.433099250729e+06
7.674488451523e+00,1.519911082953e-02,1.267321020365e+06,5.039361416913e+06
8.093930444567e+00,1.519911082953e-02,1.191016845136e+06,4.672986590135e+06
8.536296647692e+00,1.519911082953e-02,1.118588391489e+06,4.332195112441e+06
9.002839962173e+00,1.519911082953e-02,1.049890639790e+06,4.015312530769e+06
9.494881765433e+00,1.519911082953e-02,9.847818899958e+05,3.720764109073e+06
1.001381565354e+01,1.519911082953e-02,9.231234560900e+05,3.447069599907e+06
1.056111138827e+01,1.519911082953e-02,8.647794482755e+05,3.192838260127e+06
1.113831905982e+01,1.519911082953e-02,8.096166298765e+05,2.956764097053e+06
1.174707347714e+01,1.519911082953e-02,7.575043367515e+05,2.737621332876e+06
1.238909879816e+01,1.519911082953e-02,7.083144479065e+05,2.534260076398e+06
1.306621341299e+01,1.519911082953e-02,6.619213969638e+05,2.345602192268e+06
1.378033509421e+01,1.519911082953e-02,6.182022151266e+05,2.170637358884e+06
1.453348642843e+01,1.519911082953e-02,5.770365972829e+05,2.008419306896e+06
1.532780054486e+01,1.519911082953e-02,5.383069838808e+05,1.858062230982e+06
1.616552715688e+01,1.519911082953e-02,5.048483805508e+05,1.718737368112e+06
1.704903893387e+01,1.519911082953e-02,4.737811761845e+05,1.589669736012e+06
1.798083822122e+01,1.519911082953e-02,4.443250696057e+05,1.470135025941e+06
1.896356412767e+01,1.519911082953e-02,4.164251659343e+05,1.359456644192e+06
2.000000000000e+01,1.519911082953e-02,3.900259189975e+05,1.257002897024e+06
7.000000000000e-01,1.759764472006e-02,2.144931272046e+07,1.109454608983e+08
7.382578457164e-01,1.759764472006e-02,2.003175866566e+07,1.040914495012e+08
7.786066382311e-01,1.759764472006e-02,1.871506303179e+07,9.764251148681e+07
8.211606562871e-01,1.759764472006e-02,1.749160852275e+07,9.157522478493e+07
8.660404244251e-01,1.759764472006e-02,1.635433639180e+07,8.586753440657e+07
9.133730543420e-01,1.759764472006e-02,1.529671012896e+07,8.049867156313e+07
9.632926049056e-01,1.759764472006e-02,1.431268129880e+07,7.544907743652e+07
1.015940461846e+00,1.759764472006e-02,1.339665737766e+07,7.070033133934e+07
1.071465738198e+00,1.759764472006e-02,1.254347145090e+07,6.623508302083e+07
1.130025696630e+00,1.759764472006e-02,1.174835364254e+07,6.203698889056e+07
1.191786194854e+00,1.759764472006e-02,1.100690416107e+07,5.809065194646e+07
1.256922155382e+00,1.759764472006e-02,1.031506785617e+07,5.438156520752e+07
1.325618060951e+00,1.759764472006e-02,9.669110191808e+06,5.089605846415e+07
1.398068477029e+00,1.759764472006e-02,9.065594550941e+06,4.762124817046e+07
1.474478602879e+00,1.759764472006e-02,8.501360796661e+06,4.454499031331e+07
1.555064852738e+00,1.759764472006e-02,7.973505023283e+06,4.165583610216e+07
1.640055468759e+00,1.759764472006e-02,7.479360438696e+06,3.894299033242e+07
1.729691167460e+00,1.759764472006e-02,7.016479326422e+06,3.639627228207e+07
1.824225821491e+00,1.759764472006e-02,6.582616041913e+06,3.400607900845e+07
1.923927178677e+00,1.759764472006e-02,6.175711002876e+06,3.176335091758e+07
2.029077620350e+00,1.759764472006e-02,5.793875637648e+06,2.965953948404e+07
2.139974961130e+00,1.759764472006e-02,5.435378259026e+06,2.768657700373e+07
2.256933292416e+00,1.759764472006e-02,5.098630833390e+06,2.583684826651e+07
2.380283871978e+00,1.759764472006e-02,4.782176616663e+06,2.410316403922e+07
2.510376062171e+00,1.759764472006e-02,4.484678629523e+06,2.247873625365e+07
2.647578319423e+00,1.759764472006e-02,4.204908944561e+06,2.095715479715e+07
2.792279237804e+00,1.759764472006e-02,3.941738757847e+06,1.953236580732e+07
2.944888649628e+00,1.759764472006e-02,3.727244644773e+06,1.819865137536e+07
3.105838786213e+00,1.759764472006e-02,3.531893991130e+06,1.695061056644e+07
3.275585502074e+00,1.759764472006e-02,3.345453758354e+06,1.578314166865e+07
3.454609566030e+00,1.759764472006e-02,3.167498479687e+06,1.469142558600e+07
3.643418022870e+00,1.759764472006e-02,2.997637657836e+06,1.367091029470e+07
3.842545629440e+00,1.759764472006e-02,2.835511874578e+06,1.271729628577e+07
4.052556369225e+00,1.759764472006e-02,2.680789197933e+06,1.182652292119e+07
4.274045049697e+00,1.759764472006e-02,2.533161885866e+06,1.099475563483e+07
4.507638986977e+00,1.759764472006e-02,2.392343383055e+06,1.021837391371e+07
4.753999782561e+00,1.759764472006e-02,2.258065604966e+06,9.493959999306e+06
5.013825197157e+00,1.759764472006e-02,2.130076501153e+06,8.818288252774e+06
5.287851126931e+00,1.759764472006e-02,2.008137887659e+06,8.188315132444e+06
5.576853687767e+00,1.759764472006e-02,1.892023536466e+06,7.601169735667e+06
5.881651413438e+00,1.759764472006e-02,1.781517508344e+06,7.054144861379e+06
6.203107573913e+00,1.759764472006e-02,1.676412714081e+06,6.544688553470e+06
6.542132620377e+00,1.759764472006e-02,1.576509688049e+06,6.070396088734e+06
6.899686763872e+00,1.759764472006e-02,1.481615557275e+06,5.629002376662e+06
7.276782694877e+00,1.759764472006e-02,1.391543188804e+06,5.218374741568e+06
7.674488451523e+00,1.759764472006e-02,1.306110497917e+06,4.836506060559e+06
8.093930444567e+00,1.759764472006e-02,1.225139899928e+06,4.481508233635e+06
8.536296647692e+00,1.759764472006e-02,1.148457888607e+06,4.151605964733e+06
9.002839962173e+00,1.759764472006e-02,1.075894724854e+06,3.845130834818e+06
9.494881765433e+00,1.759764472006e-02,1.007284219979e+06,3.560515650152e+06
1.001381565354e+01,1.759764472006e-02,9.424635988598e+05,3.296289050719e+06
1.056111138827e+01,1.759764472006e-02,8.812734292211e+05,3.051070365372e+06
1.113831905982e+01,1.759764472006e-02,8.235576044012e+05,2.823564701641e+06
1.174707347714e+01,1.759764472006e-02,7.691633680865e+05,2.612558259403e+06
1.238909879816e+01,1.759764472006e-02,7.179413706754e+05,2.416913858592e+06
1.306621341299e+01,1.759764472006e-02,6.697457480935e+05,2.235566672044e+06
1.378033509421e+01,1.759764472006e-02,6.244342150283e+05,2.067520155293e+06
1.453348642843e+01,1.759764472006e-02,5.845145677514e+05,1.911842165764e+06
1.532780054486e+01,1.759764472006e-02,5.482587267707e+05,1.767661264309e+06
1.616552715688e+01,1.759764472006e-02,5.139053242702e+05,1.634163192444e+06
1.704903893387e+01,1.759764472006e-02,4.813876271487e+05,1.510587519013e+06
1.798083822122e+01,1.759764472006e-02,4.506383151363e+05,1.396224450243e+06
1.896356412767e+01,1.759764472006e-02,4.215897630000e+05,1.290411797399e+06
2.000000000000e+01,1.759764472006e-02,3.941743137648e+05,1.192532096429e+06
7.000000000000e-01,2.037468528040e-02,2.220764417981e+07,1.098992436567e+08
7.382578457164e-01,2.037468528040e-02,2.076250417295e+07,1.030594454803e+08
7.786066382311e-01,2.037468528040e-02,1.941801107674e+07,9.662532077597e+07
8.211606562871e-01,2.037468528040e-02,1.816661727922e+07,9.057344647359e+07
8.660404244251e-01,2.037468528040e-02,1.700133583323e+07,8.488176344364e+07
9.133730543420e-01,2.037468528040e-02,1.591570358090e+07,7.952949544415e+07
9.632926049056e-01,2.037468528040e-02,1.490374638878e+07,7.449707275005e+07
1.015940461846e+00,2.037468528040e-02,1.395994635118e+07,6.976606020871e+07
1.071465738198e+00,2.037468528040e-02,1.307921083222e+07,6.531908948184e+07
1.130025696630e+00,2.037468528040e-02,1.225684322989e+07,6.113979524932e+07
1.191786194854e+00,2.037468528040e-02,1.148851535725e+07,5.721275516418e+07
1.256922155382e+00,2.037468528040e-02,1.077024134713e+07,5.352343336119e+07
1.325618060951e+00,2.037468528040e-02,1.009835299759e+07,5.005812733249e+07
1.398068477029e+00,2.037468528040e-02,9.469476484700e+06,4.680391799438e+07
1.474478602879e+00,2.037468528040e-02,8.880510378109e+06,4.374862277849e+07
1.555064852738e+00,2.037468528040e-02,8.328604902570e+06,4.088075158870e+07
1.640055468759e+00,2.037468528040e-02,7.811142395114e+06,3.818946547270e+07
1.729691167460e+00,2.037468528040e-02,7.325718913180e+06,3.566453786318e+07
1.824225821491e+00,2.037468528040e-02,6.870126953392e+06,3.329631824990e+07
1.923927178677e+00,2.037468528040e-02,6.442339244095e+06,3.107569814855e+07
2.029077620350e+00,2.037468528040e-02,6.040493577151e+06,2.899407923750e+07
2.139974961130e+00,2.037468528040e-02,5.662878645971e+06,2.704334353759e+07
2.256933292416e+00,2.037468528040e-02,5.307920857453e+06,2.521582551442e+07
2.380283871978e+00,2.037468528040e-02,4.974172085471e+06,2.350428598650e+07
2.510376062171e+00,2.037468528040e-02,4.660298333010e+06,2.190188772659e+07
2.647578319423e+00,2.037468528040e-02,4.386641478761e+06,2.040217264766e+07
2.792279237804e+00,2.037468528040e-02,4.154807917081e+06,1.899904046861e+07
2.944888649628e+00,2.037468528040e-02,3.933584245031e+06,1.768672875953e+07
3.105838786213e+00,2.037468528040e-02,3.722476435648e+06,1.645979427012e+07
3.275585502074e+00,2.037468528040e-02,3.521029390310e+06,1.531309544968e+07
3.454609566030e+00,2.037468528040e-02,3.328822581732e+06,1.424177607161e+07
3.643418022870e+00,2.037468528040e-02,3.145466041455e+06,1.324124987998e+07
3.842545629440e+00,2.037468528040e-02,2.970596689569e+06,1.230718618070e+07
4.052556369225e+00,2.037468528040e-02,2.803875001591e+06,1.143549630472e+07
4.274045049697e+00,2.037468528040e-02,2.644982004679e+06,1.062232087550e+07
4.507638986977e+00,2.037468528040e-02,2.493616592790e+06,9.864017818042e+06
4.753999782561e+00,2.037468528040e-02,2.349493147995e+06,9.157151051369e+06
5.013825197157e+00,2.037468528040e-02,2.212339453131e+06,8.498479811432e+06
5.287851126931e+00,2.037468528040e-02,2.081894879140e+06,7.884948555570e+06
5.576853687767e+00,2.037468528040e-02,1.957908829056e+06,7.313677404327e+06
5.881651413438e+00,2.037468528040e-02,1.840139419520e+06,6.781953080447e+06
6.203107573913e+00,2.037468528040e-02,1.728352379964e+06,6.287220308835e+06
6.542132620377e+00,2.037468528040e-02,1.622320149296e+06,5.827073644898e+06
6.899686763872e+00,2.037468528040e-02,1.521821149787e+06,5.399249702056e+06
7.276782694877e+00,2.037468528040e-02,1.426639218231e+06,5.001619752316e+06
7.674488451523e+00,2.037468528040e-02,1.336563174864e+06,4.632182676599e+06
8.093930444567e+00,2.037468528040e-02,1.251386511396e+06,4.289058244037e+06
8.536296647692e+00,2.037468528040e-02,1.170907180378e+06,3.970480701713e+06
9.002839962173e+00,2.037468528040e-02,1.094927469289e+06,3.674792658311e+06
9.494881765433e+00,2.037468528040e-02,1.023253943936e+06,3.400439246888e+06
1.001381565354e+01,2.037468528040e-02,9.556974470590e+05,3.145962553502e+06
1.056111138827e+01,2.037468528040e-02,8.920731393971e+05,2.909996299731e+06
1.113831905982e+01,2.037468528040e-02,8.322005718347e+05,2.691260768244e+06
1.174707347714e+01,2.037468528040e-02,7.759037785934e+05,2.488557961513e+06
1.238909879816e+01,2.037468528040e-02,7.230113827660e+05,2.300766984556e+06
1.306621341299e+01,2.037468528040e-02,6.754559824049e+05,2.126839643258e+06
1.378033509421e+01,2.037468528040e-02,6.332404315485e+05,1.965796250340e+06
1.453348642843e+01,2.037468528040e-02,5.932647711160e+05,1.816721631517e+06
1.532780054486e+01,2.037468528040e-02,5.554483228511e+05,1.678761324700e+06
1.616552715688e+01,2.037468528040e-02,5.197099178537e+05,1.551117965430e+06
1.704903893387e+01,2.037468528040e-02,4.859682267465e+05,1.433047851927e+06
1.798083822122e+01,2.037468528040e-02,4.541420770043e+05,1.323857683352e+06
1.896356412767e+01,2.037468528040e-02,4.241507541179e+05,1.222901465007e+06
2.000000000000e+01,2.037468528040e-02,3.959142839567e+05,1.129577574342e+06
7.000000000000e-01,2.358996370702e-02,2.299832031218e+07,1.087218129893e+08
7.382578457164e-01,2.358996370702e-02,2.152075656638e+07,1.019002972257e+08
7.786066382311e-01,2.358996370702e-02,2.014380664327e+07,9.548514637937e+07
8.211606562871e-01,2.358996370702e-02,1.886000895726e+07,8.945292688307e+07
8.660404244251e-01,2.358996370702e-02,1.766246330917e+07,8.378156501144e+07
9.133730543420e-01,2.358996370702e-02,1.654479325638e+07,7.845026572634e+07
9.632926049056e-01,2.358996370702e-02,1.550111057504e+07,7.343943625432e+07
1.015940461846e+00,2.358996370702e-02,1.452598168502e+07,6.873061414354e+07
1.071465738198e+00,2.358996370702e-02,1.361439592175e+07,6.430639956315e+07
1.130025696630e+00,2.358996370702e-02,1.276173555190e+07,6.015039162210e+07
1.191786194854e+00,2.358996370702e-02,1.196374744147e+07,5.624712849715e+07
1.256922155382e+00,2.358996370702e-02,1.121651629588e+07,5.258203117130e+07
1.325618060951e+00,2.358996370702e-02,1.051643940088e+07,4.914135059364e+07
1.398068477029e+00,2.358996370702e-02,9.860202801628e+06,4.591211808121e+07
1.474478602879e+00,2.358996370702e-02,9.244758864343e+06,4.288209879075e+07
1.555064852738e+00,2.358996370702e-02,8.667305170629e+06,4.003974809598e+07
1.640055468759e+00,2.358996370702e-02,8.125264699199e+06,3.737417071189e+07
1.729691167460e+00,2.358996370702e-02,7.616267253066e+06,3.487508241354e+07
1.824225821491e+00,2.358996370702e-02,7.138132092486e+06,3.253277420200e+07
1.923927178677e+00,2.358996370702e-02,6.688851735171e+06,3.033807877505e+07
2.029077620350e+00,2.358996370702e-02,6.266576885673e+06,2.828233916484e+07
2.139974961130e+00,2.358996370702e-02,5.869602455474e+06,2.635737940939e+07
2.256933292416e+00,2.358996370702e-02,5.496354634364e+06,2.455547712936e+07
2.380283871978e+00,2.358996370702e-02,5.150042770309e+06,2.286933788609e+07
2.510376062171e+00,2.358996370702e-02,4.875729641368e+06,2.129207120167e+07
2.647578319423e+00,2.358996370702e-02,4.614010204426e+06,1.981716812686e+07
2.792279237804e+00,2.358996370702e-02,4.364311891706e+06,1.843848024741e+07
2.944888649628e+00,2.358996370702e-02,4.126105348219e+06,1.715020002501e+07
3.105838786213e+00,2.358996370702e-02,3.898899564727e+06,1.594684237418e+07
3.275585502074e+00,2.358996370702e-02,3.682237409105e+06,1.482322738221e+07
3.454609566030e+00,2.358996370702e-02,3.475691552150e+06,1.377446408462e+07
3.643418022870e+00,2.358996370702e-02,3.278860780630e+06,1.279593521479e+07
3.842545629440e+00,2.358996370702e-02,3.091366687164e+06,1.188328285155e+07
4.052556369225e+00,2.358996370702e-02,2.912850723639e+06,1.103239489463e+07
4.274045049697e+00,2.358996370702e-02,2.742971602186e+06,1.023939230321e+07
4.507638986977e+00,2.358996370702e-02,2.581403025486e+06,9.500617038261e+06
4.753999782561e+00,2.358996370702e-02,2.427831726246e+06,8.812620654592e+06
5.013825197157e+00,2.358996370702e-02,2.281955794216e+06,8.172153493441e+06
5.287851126931e+00,2.358996370702e-02,2.143483268036e+06,7.576154431231e+06
5.576853687767e+00,2.358996370702e-02,2.012130968570e+06,7.021741144436e+06
5.881651413438e+00,2.358996370702e-02,1.887623550125e+06,6.506200854644e+06
6.203107573913e+00,2.358996370702e-02,1.769692746061e+06,6.026981521647e+06
6.542132620377e+00,2.358996370702e-02,1.658076785770e+06,5.581683455843e+06
6.899686763872e+00,2.358996370702e-02,1.552519960748e+06,5.168051324332e+06
7.276782694877e+00,2.358996370702e-02,1.452772318488e+06,4.783966527867e+06
7.674488451523e+00,2.358996370702e-02,1.358589464120e+06,4.427439928310e+06
8.093930444567e+00,2.358996370702e-02,1.269732451106e+06,4.096604908423e+06
8.536296647692e+00,2.358996370702e-02,1.185967743782e+06,3.789710747699e+06
9.002839962173e+00,2.358996370702e-02,1.107067236074e+06,3.505116299633e+06
9.494881765433e+00,2.358996370702e-02,1.032808312345e+06,3.241283957183e+06
1.001381565354e+01,2.358996370702e-02,9.629739378934e+05,2.996773894425e+06
1.056111138827e+01,2.358996370702e-02,8.973527682050e+05,2.770238573374e+06
1.113831905982e+01,2.358996370702e-02,8.357392675812e+05,2.560417505804e+06
1.174707347714e+01,2.358996370702e-02,7.791787683111e+05,2.366132260585e+06
1.238909879816e+01,2.358996370702e-02,7.301255340348e+05,2.186281707631e+06
1.306621341299e+01,2.358996370702e-02,6.837025234136e+05,2.019837490006e+06
1.378033509421e+01,2.358996370702e-02,6.398126621738e+05,1.865839716117e+06
1.453348642843e+01,2.358996370702e-02,5.983585228753e+05,1.723392864220e+06
1.532780054486e+01,2.358996370702e-02,5.592427102529e+05,1.591661891696e+06
1.616552715688e+01,2.358996370702e-02,5.223682289689e+05,1.469868541780e+06
1.704903893387e+01,2.358996370702e-02,4.876388302881e+05,1.357287840539e+06
1.798083822122e+01,2.358996370702e-02,4.549593349749e+05,1.253244777081e+06
1.896356412767e+01,2.358996370702e-02,4.242359304338e+05,1.157111160045e+06
2.000000000000e+01,2.358996370702e-02,3.953764407664e+05,1.068302643583e+06
7.000000000000e-01,2.731263722801e-02,2.381189245727e+07,1.074023201022e+08
7.382578457164e-01,2.731263722801e-02,2.229683592562e+07,1.006041057508e+08
7.786066382311e-01,2.731263722801e-02,2.088261470032e+07,9.421302562838e+07
8.211606562871e-01,2.731263722801e-02,1.956186778829e+07,8.820562189925e+07
8.660404244251e-01,2.731263722801e-02,1.832779415049e+07,8.255979158760e+07
9.133730543420e-01,2.731263722801e-02,1.717411416543e+07,7.725470545494e+07
9.632926049056e-01,2.731263722801e-02,1.609503320260e+07,7.227073167621e+07
1.015940461846e+00,2.731263722801e-02,1.508520719269e+07,6.758936406306e+07
1.071465738198e+00,2.731263722801e-02,1.413971009410e+07,6.319315459707e+07
1.130025696630e+00,2.731263722801e-02,1.325400316736e+07,5.906565004784e+07
1.191786194854e+00,2.731263722801e-02,1.242390597927e+07,5.519133246215e+07
1.256922155382e+00,2.731263722801e-02,1.164556906766e+07,5.155556332018e+07
1.325618060951e+00,2.731263722801e-02,1.091544820510e+07,4.814453116366e+07
1.398068477029e+00,2.731263722801e-02,1.023028020569e+07,4.494520250832e+07
1.474478602879e+00,2.731263722801e-02,9.587060224025e+06,4.194527586031e+07
1.555064852738e+00,2.731263722801e-02,8.983020498250e+06,3.913313866248e+07
1.640055468759e+00,2.731263722801e-02,8.415610491230e+06,3.649782700211e+07
1.729691167460e+00,2.731263722801e-02,7.882478384866e+06,3.402898791757e+07
1.824225821491e+00,2.731263722801e-02,7.381453882372e+06,3.171684414645e+07
1.923927178677e+00,2.731263722801e-02,6.910532272633e+06,2.955216116305e+07
2.029077620350e+00,2.731263722801e-02,6.467859709364e+06,2.752621635863e+07
2.139974961130e+00,2.731263722801e-02,6.051719656086e+06,2.563077022280e+07
2.256933292416e+00,2.731263722801e-02,5.709079249181e+06,2.385803939057e+07
2.380283871978e+00,2.731263722801e-02,5.400276097715e+06,2.220067142490e+07
2.510376062171e+00,2.731263722801e-02,5.105717107227e+06,2.065172121077e+07
2.647578319423e+00,2.731263722801e-02,4.824787604447e+06,1.920462884304e+07
2.792279237804e+00,2.731263722801e-02,4.556915322225e+06,1.785319889668e+07
2.944888649628e+00,2.731263722801e-02,4.301565437915e+06,1.659158097439e+07
3.105838786213e+00,2.731263722801e-02,4.058236065736e+06,1.541425143333e+07
3.275585502074e+00,2.731263722801e-02,3.826454193102e+06,1.431599619935e+07
3.454609566030e+00,2.731263722801e-02,3.605772047305e+06,1.329189458366e+07
3.643418022870e+00,2.731263722801e-02,3.395763875642e+06,1.233730402333e+07
3.842545629440e+00,2.731263722801e-02,3.196023119138e+06,1.144784567356e+07
4.052556369225e+00,2.731263722801e-02,3.006159957554e+06,1.061939078584e+07
4.274045049697e+00,2.731263722801e-02,2.825799201350e+06,9.848047811694e+06
4.507638986977e+00,2.731263722801e-02,2.654578504747e+06,9.130150177977e+06
4.753999782561e+00,2.731263722801e-02,2.492146873035e+06,8.462244684295e+06
5.013825197157e+00,2.731263722801e-02,2.338163436718e+06,7.841080478629e+06
5.287851126931e+00,2.731263722801e-02,2.192296464999e+06,7.263598571486e+06
5.576853687767e+00,2.731263722801e-02,2.054222591459e+06,6.726921853239e+06
5.881651413438e+00,2.731263722801e-02,1.923626225469e+06,6.228345583105e+06
6.203107573913e+00,2.731263722801e-02,1.800199123915e+06,5.765328321606e+06
6.542132620377e+00,2.731263722801e-02,1.683640099108e+06,5.335483281479e+06
6.899686763872e+00,2.731263722801e-02,1.573654840249e+06,4.936570074653e+06
7.276782694877e+00,2.731263722801e-02,1.469955827534e+06,4.566486835330e+06
7.674488451523e+00,2.731263722801e-02,1.372262319714e+06,4.223262701244e+06
8.093930444567e+00,2.731263722801e-02,1.280300397813e+06,3.905050636966e+06
8.536296647692e+00,2.731263722801e-02,1.193803049567e+06,3.610120584620e+06
9.002839962173e+00,2.731263722801e-02,1.112510281001e+06,3.336852928686e+06
9.494881765433e+00,2.731263722801e-02,1.036169243364e+06,3.083732262605e+06
1.001381565354e+01,2.731263722801e-02,9.645343653874e+05,2.849341445822e+06
1.056111138827e+01,2.731263722801e-02,8.973774940943e+05,2.632355940612e+06
1.113831905982e+01,2.731263722801e-02,8.404876090326e+05,2.431538418643e+06
1.174707347714e+01,2.731263722801e-02,7.866788970412e+05,2.245733627723e+06
1.238909879816e+01,2.731263722801e-02,7.358350371005e+05,2.073863509534e+06
1.306621341299e+01,2.731263722801e-02,6.878395440868e+05,1.914922559508e+06
1.378033509421e+01,2.731263722801e-02,6.425762173862e+05,1.767973420225e+06
1.453348642843e+01,2.731263722801e-02,5.999295660949e+05,1.632142699932e+06
1.532780054486e+01,2.731263722801e-02,5.597852071981e+05,1.506617007928e+06
1.616552715688e+01,2.731263722801e-02,5.220302340089e+05,1.390639198743e+06
1.704903893387e+01,2.731263722801e-02,4.865535529580e+05,1.283504817132e+06
1.798083822122e+01,2.731263722801e-02,4.532461875478e+05,1.184558736029e+06
1.896356412767e+01,2.731263722801e-02,4.220015489292e+05,1.093191979742e+06
2.000000000000e+01,2.731263722801e-02,3.927156731173e+05,1.008838724756e+06
7.000000000000e-01,3.162277660168e-02,2.463671496376e+07,1.059304565492e+08
7.382578457164e-01,3.162277660168e-02,2.307904599824e+07,9.916164109257e+07
7.786066382311e-01,3.162277660168e-02,2.162277129476e+07,9.280077895413e+07
8.211606562871e-01,3.162277660168e-02,2.026064075605e+07,8.682436955291e+07
8.660404244251e-01,3.162277660168e-02,1.898595990402e+07,8.121026157130e+07
9.133730543420e-01,3.162277660168e-02,1.779255037229e+07,7.593757206549e+07
9.632926049056e-01,3.162277660168e-02,1.667471257613e+07,7.098661045263e+07
1.015940461846e+00,3.162277660168e-02,1.562719046270e+07,6.633880712019e+07
1.071465738198e+00,3.162277660168e-02,1.464513825571e+07,6.197664641490e+07
1.130025696630e+00,3.162277660168e-02,1.372408911821e+07,5.788360377964e+07
1.191786194854e+00,3.162277660168e-02,1.285992566474e+07,5.404408681608e+07
1.256922155382e+00,3.162277660168e-02,1.204885226061e+07,5.044338005946e+07
1.325618060951e+00,3.162277660168e-02,1.128736905004e+07,4.706759325962e+07
1.398068477029e+00,3.162277660168e-02,1.057224765812e+07,4.390361296943e+07
1.474478602879e+00,3.162277660168e-02,9.900508513137e+06,4.093905724840e+07
1.555064852738e+00,3.162277660168e-02,9.269399736179e+06,3.816223329541e+07
1.640055468759e+00,3.162277660168e-02,8.676377544326e+06,3.556209783089e+07
1.729691167460e+00,3.162277660168e-02,8.119088112551e+06,3.312822005455e+07
1.824225821491e+00,3.162277660168e-02,7.595350837501e+06,3.085074701142e+07
1.923927178677e+00,3.162277660168e-02,7.103142944198e+06,2.872037120485e+07
2.029077620350e+00,3.162277660168e-02,6.671305240360e+06,2.672830030208e+07
2.139974961130e+00,3.162277660168e-02,6.307824068315e+06,2.486622878460e+07
2.256933292416e+00,3.162277660168e-02,5.961178183489e+06,2.312631140275e+07
2.380283871978e+00,3.162277660168e-02,5.630654903960e+06,2.150113830121e+07
2.510376062171e+00,3.162277660168e-02,5.315588299336e+06,1.998371168947e+07
2.647578319423e+00,3.162277660168e-02,5.015353699818e+06,1.856742393926e+07
2.792279237804e+00,3.162277660168e-02,4.729362726920e+06,1.724603699825e+07
2.944888649628e+00,3.162277660168e-02,4.457058832258e+06,1.601366301743e+07
3.105838786213e+00,3.162277660168e-02,4.197913326773e+06,1.486474609689e+07
3.275585502074e+00,3.162277660168e-02,3.951421879051e+06,1.379404506251e+07
3.454609566030e+00,3.162277660168e-02,3.717101458200e+06,1.279661719318e+07
3.643418022870e+00,3.162277660168e-02,3.494487694109e+06,1.186780282539e+07
3.842545629440e+00,3.162277660168e-02,3.283132625811e+06,1.100321076858e+07
4.052556369225e+00,3.162277660168e-02,3.082602807169e+06,1.019870447122e+07
4.274045049697e+00,3.162277660168e-02,2.892477738212e+06,9.450388883381e+06
4.507638986977e+00,3.162277660168e-02,2.712348590044e+06,8.754597967161e+06
4.753999782561e+00,3.162277660168e-02,2.541817191403e+06,8.107882811559e+06
5.013825197157e+00,3.162277660168e-02,2.380495245575e+06,7.507000312812e+06
5.287851126931e+00,3.162277660168e-02,2.228003747362e+06,6.948902385655e+06
5.576853687767e+00,3.162277660168e-02,2.083972571183e+06,6.430725674600e+06
5.881651413438e+00,3.162277660168e-02,1.948040203041e+06,5.949781737746e+06
6.203107573913e+00,3.162277660168e-02,1.819853590955e+06,5.503547678581e+06
6.542132620377e+00,3.162277660168e-02,1.699068090486e+06,5.089657203799e+06
6.899686763872e+00,3.162277660168e-02,1.585347484144e+06,4.705892087411e+06
7.276782694877e+00,3.162277660168e-02,1.478364055609e+06,4.350174023332e+06
7.674488451523e+00,3.162277660168e-02,1.377798701916e+06,4.020556850233e+06
8.093930444567e+00,3.162277660168e-02,1.283341068906e+06,3.715219133848e+06
8.536296647692e+00,3.162277660168e-02,1.194689697281e+06,3.432457093042e+06
9.002839962173e+00,3.162277660168e-02,1.111552168633e+06,3.170677856868e+06
9.494881765433e+00,3.162277660168e-02,1.033645242615e+06,2.928393040669e+06
1.001381565354e+01,3.162277660168e-02,9.660935578124e+05,2.704212629833e+06
1.056111138827e+01,3.162277660168e-02,9.038327875261e+05,2.496839160370e+06
1.113831905982e+01,3.162277660168e-02,8.450347113119e+05,2.305062185849e+06
1.174707347714e+01,3.162277660168e-02,7.895605347392e+05,2.127753020583e+06
1.238909879816e+01,3.162277660168e-02,7.372720741086e+05,1.963859749183e+06
1.306621341299e+01,3.162277660168e-02,6.880322468682e+05,1.812402492849e+06
1.378033509421e+01,3.162277660168e-02,6.417055278557e+05,1.672468922910e+06
1.453348642843e+01,3.162277660168e-02,5.981583686897e+05,1.543210012321e+06
1.532780054486e+01,3.162277660168e-02,5.572595785381e+05,1.423836015916e+06
1.616552715688e+01,3.162277660168e-02,5.188806652956e+05,1.313612670398e+06
1.704903893387e+01,3.162277660168e-02,4.828961369067e+05,1.211857605146e+06
1.798083822122e+01,3.162277660168e-02,4.491837631830e+05,1.117936955058e+06
1.896356412767e+01,3.162277660168e-02,4.176247989765e+05,1.031262166807e+06
2.000000000000e+01,3.162277660168e-02,3.881041700037e+05,9.512869900128e+05
