t_over_theta,goupillaud,series,transfer_shifted
0.000000000000e+00,0.000000000000e+00,0.000000000000e+00,nan
5.000000000000e-03,0.000000000000e+00,0.000000000000e+00,nan
1.000000000000e-02,0.000000000000e+00,0.000000000000e+00,nan
1.500000000000e-02,0.000000000000e+00,0.000000000000e+00,nan
2.000000000000e-02,0.000000000000e+00,0.000000000000e+00,1.040834085586e-17
2.500000000000e-02,0.000000000000e+00,0.000000000000e+00,3.122502256758e-17
3.000000000000e-02,0.000000000000e+00,0.000000000000e+00,1.864827736675e-17
3.500000000000e-02,0.000000000000e+00,0.000000000000e+00,1.691355389077e-17
4.000000000000e-02,0.000000000000e+00,0.000000000000e+00,1.778091562876e-17
4.500000000000e-02,0.000000000000e+00,0.000000000000e+00,2.515349040166e-17
5.000000000000e-02,0.000000000000e+00,0.000000000000e+00,2.081668171172e-17
5.500000000000e-02,0.000000000000e+00,0.000000000000e+00,3.599551212652e-17
6.000000000000e-02,0.000000000000e+00,0.000000000000e+00,3.165870343658e-17
6.500000000000e-02,0.000000000000e+00,0.000000000000e+00,6.461844948014e-17
7.000000000000e-02,0.000000000000e+00,0.000000000000e+00,1.257674520083e-17
7.500000000000e-02,0.000000000000e+00,0.000000000000e+00,2.168404344971e-17
8.000000000000e-02,0.000000000000e+00,0.000000000000e+00,3.079134169859e-17
8.500000000000e-02,0.000000000000e+00,0.000000000000e+00,2.602085213965e-17
9.000000000000e-02,0.000000000000e+00,0.000000000000e+00,6.505213034913e-18
9.500000000000e-02,0.000000000000e+00,0.000000000000e+00,2.775557561563e-17
1.000000000000e-01,0.000000000000e+00,0.000000000000e+00,3.903127820948e-18
1.050000000000e-01,0.000000000000e+00,0.000000000000e+00,4.336808689942e-17
1.100000000000e-01,0.000000000000e+00,0.000000000000e+00,1.604619215279e-17
1.150000000000e-01,0.000000000000e+00,0.000000000000e+00,1.561251128379e-17
1.200000000000e-01,0.000000000000e+00,0.000000000000e+00,2.081668171172e-17
1.250000000000e-01,0.000000000000e+00,0.000000000000e+00,3.642919299551e-17
1.300000000000e-01,0.000000000000e+00,0.000000000000e+00,-4.466912950640e-17
1.350000000000e-01,0.000000000000e+00,0.000000000000e+00,3.816391647149e-17
1.400000000000e-01,0.000000000000e+00,0.000000000000e+00,2.385244779468e-17
1.450000000000e-01,0.000000000000e+00,0.000000000000e+00,3.122502256758e-17
1.500000000000e-01,0.000000000000e+00,0.000000000000e+00,8.673617379884e-18
1.550000000000e-01,0.000000000000e+00,0.000000000000e+00,8.673617379884e-19
1.600000000000e-01,0.000000000000e+00,0.000000000000e+00,1.301042606983e-18
1.650000000000e-01,0.000000000000e+00,0.000000000000e+00,5.204170427930e-18
1.700000000000e-01,0.000000000000e+00,0.000000000000e+00,1.864827736675e-17
1.750000000000e-01,0.000000000000e+00,0.000000000000e+00,1.994931997373e-17
1.800000000000e-01,0.000000000000e+00,0.000000000000e+00,3.946495907847e-17
1.850000000000e-01,0.000000000000e+00,0.000000000000e+00,3.426078865054e-17
1.900000000000e-01,0.000000000000e+00,0.000000000000e+00,9.974659986867e-18
1.950000000000e-01,0.000000000000e+00,0.000000000000e+00,3.382710778155e-17
2.000000000000e-01,0.000000000000e+00,0.000000000000e+00,1.647987302178e-17
2.050000000000e-01,0.000000000000e+00,0.000000000000e+00,4.250072516143e-17
2.100000000000e-01,0.000000000000e+00,0.000000000000e+00,-6.938893903907e-18
2.150000000000e-01,0.000000000000e+00,0.000000000000e+00,7.372574772901e-18
2.200000000000e-01,0.000000000000e+00,0.000000000000e+00,-1.127570259385e-17
2.250000000000e-01,0.000000000000e+00,0.000000000000e+00,1.431146867681e-17
2.300000000000e-01,0.000000000000e+00,0.000000000000e+00,-2.168404344971e-18
2.350000000000e-01,0.000000000000e+00,0.000000000000e+00,-1.908195823574e-17
2.400000000000e-01,0.000000000000e+00,0.000000000000e+00,4.336808689942e-19
2.450000000000e-01,0.000000000000e+00,0.000000000000e+00,3.903127820948e-17
2.500000000000e-01,0.000000000000e+00,0.000000000000e+00,-1.951563910474e-17
2.550000000000e-01,0.000000000000e+00,0.000000000000e+00,3.469446951954e-18
2.600000000000e-01,0.000000000000e+00,0.000000000000e+00,2.168404344971e-18
2.650000000000e-01,0.000000000000e+00,0.000000000000e+00,4.336808689942e-17
2.700000000000e-01,0.000000000000e+00,0.000000000000e+00,-6.938893903907e-18
2.750000000000e-01,0.000000000000e+00,0.000000000000e+00,1.301042606983e-18
2.800000000000e-01,0.000000000000e+00,0.000000000000e+00,1.257674520083e-17
2.850000000000e-01,0.000000000000e+00,0.000000000000e+00,3.339342691255e-17
2.900000000000e-01,0.000000000000e+00,0.000000000000e+00,-3.469446951954e-17
2.950000000000e-01,0.000000000000e+00,0.000000000000e+00,5.290906601729e-17
3.000000000000e-01,0.000000000000e+00,0.000000000000e+00,2.818925648462e-17
3.050000000000e-01,0.000000000000e+00,0.000000000000e+00,2.515349040166e-17
3.100000000000e-01,0.000000000000e+00,0.000000000000e+00,1.647987302178e-17
3.150000000000e-01,0.000000000000e+00,0.000000000000e+00,-1.647987302178e-17
3.200000000000e-01,0.000000000000e+00,0.000000000000e+00,1.084202172486e-17
3.250000000000e-01,0.000000000000e+00,0.000000000000e+00,7.372574772901e-18
3.300000000000e-01,0.000000000000e+00,0.000000000000e+00,-1.734723475977e-18
3.350000000000e-01,0.000000000000e+00,0.000000000000e+00,2.341876692569e-17
3.400000000000e-01,0.000000000000e+00,0.000000000000e+00,3.339342691255e-17
3.450000000000e-01,0.000000000000e+00,0.000000000000e+00,5.030698080333e-17
3.500000000000e-01,0.000000000000e+00,0.000000000000e+00,1.517883041480e-17
3.550000000000e-01,0.000000000000e+00,0.000000000000e+00,4.336808689942e-17
3.600000000000e-01,0.000000000000e+00,0.000000000000e+00,6.071532165919e-18
3.650000000000e-01,0.000000000000e+00,0.000000000000e+00,2.038300084273e-17
3.700000000000e-01,0.000000000000e+00,0.000000000000e+00,-2.211772431870e-17
3.750000000000e-01,0.000000000000e+00,0.000000000000e+00,1.647987302178e-17
3.800000000000e-01,0.000000000000e+00,0.000000000000e+00,-4.336808689942e-18
3.850000000000e-01,0.000000000000e+00,0.000000000000e+00,1.084202172486e-17
3.900000000000e-01,0.000000000000e+00,0.000000000000e+00,5.204170427930e-18
3.950000000000e-01,0.000000000000e+00,0.000000000000e+00,-2.211772431870e-17
4.000000000000e-01,0.000000000000e+00,0.000000000000e+00,-1.019150042136e-17
4.050000000000e-01,0.000000000000e+00,0.000000000000e+00,7.589415207399e-18
4.100000000000e-01,0.000000000000e+00,0.000000000000e+00,1.105886215935e-17
4.150000000000e-01,0.000000000000e+00,0.000000000000e+00,2.883977778811e-17
4.200000000000e-01,0.000000000000e+00,0.000000000000e+00,1.301042606983e-18
4.250000000000e-01,0.000000000000e+00,0.000000000000e+00,7.806255641896e-18
4.300000000000e-01,0.000000000000e+00,0.000000000000e+00,-1.821459649776e-17
4.350000000000e-01,0.000000000000e+00,0.000000000000e+00,1.474514954580e-17
4.400000000000e-01,0.000000000000e+00,0.000000000000e+00,3.144186300208e-17
4.450000000000e-01,0.000000000000e+00,0.000000000000e+00,-6.938893903907e-18
4.500000000000e-01,0.000000000000e+00,0.000000000000e+00,-5.269222558280e-17
4.550000000000e-01,0.000000000000e+00,0.000000000000e+00,-6.938893903907e-18
4.600000000000e-01,0.000000000000e+00,0.000000000000e+00,3.317658647806e-17
4.650000000000e-01,0.000000000000e+00,0.000000000000e+00,2.710505431214e-17
4.700000000000e-01,0.000000000000e+00,0.000000000000e+00,-6.505213034913e-19
4.750000000000e-01,0.000000000000e+00,0.000000000000e+00,-4.401860820291e-17
4.800000000000e-01,0.000000000000e+00,0.000000000000e+00,-2.341876692569e-17
4.850000000000e-01,0.000000000000e+00,0.000000000000e+00,-4.705437428587e-17
4.900000000000e-01,0.000000000000e+00,0.000000000000e+00,-3.187554387107e-17
4.950000000000e-01,0.000000000000e+00,0.000000000000e+00,-2.211772431870e-17
5.000000000000e-01,0.000000000000e+00,0.000000000000e+00,-2.797241605013e-17
5.050000000000e-01,0.000000000000e+00,0.000000000000e+00,-3.426078865054e-17
5.100000000000e-01,0.000000000000e+00,0.000000000000e+00,-3.079134169859e-17
5.150000000000e-01,0.000000000000e+00,0.000000000000e+00,-3.274290560906e-17
5.200000000000e-01,0.000000000000e+00,0.000000000000e+00,-4.553649124439e-18
5.250000000000e-01,0.000000000000e+00,0.000000000000e+00,-2.818925648462e-17
5.300000000000e-01,0.000000000000e+00,0.000000000000e+00,-3.144186300208e-17
5.350000000000e-01,0.000000000000e+00,0.000000000000e+00,-2.602085213965e-17
5.400000000000e-01,0.000000000000e+00,0.000000000000e+00,-2.168404344971e-18
5.450000000000e-01,0.000000000000e+00,0.000000000000e+00,-2.471980953267e-17
5.500000000000e-01,0.000000000000e+00,0.000000000000e+00,-1.149254302835e-17
5.550000000000e-01,0.000000000000e+00,0.000000000000e+00,-1.691355389077e-17
5.600000000000e-01,0.000000000000e+00,0.000000000000e+00,-3.469446951954e-17
5.650000000000e-01,0.000000000000e+00,0.000000000000e+00,-1.604619215279e-17
5.700000000000e-01,0.000000000000e+00,0.000000000000e+00,-2.450296909817e-17
5.750000000000e-01,0.000000000000e+00,0.000000000000e+00,-2.341876692569e-17
5.800000000000e-01,0.000000000000e+00,0.000000000000e+00,5.204170427930e-18
5.850000000000e-01,0.000000000000e+00,0.000000000000e+00,-9.107298248878e-18
5.900000000000e-01,0.000000000000e+00,0.000000000000e+00,-6.071532165919e-18
5.950000000000e-01,0.000000000000e+00,0.000000000000e+00,-2.450296909817e-17
6.000000000000e-01,0.000000000000e+00,0.000000000000e+00,2.667137344314e-17
6.050000000000e-01,0.000000000000e+00,0.000000000000e+00,-5.854691731422e-18
6.100000000000e-01,0.000000000000e+00,0.000000000000e+00,-3.209238430557e-17
6.150000000000e-01,0.000000000000e+00,0.000000000000e+00,3.469446951954e-18
6.200000000000e-01,0.000000000000e+00,0.000000000000e+00,2.775557561563e-17
6.250000000000e-01,0.000000000000e+00,0.000000000000e+00,-1.214306433184e-17
6.300000000000e-01,0.000000000000e+00,0.000000000000e+00,1.561251128379e-17
6.350000000000e-01,0.000000000000e+00,0.000000000000e+00,-2.276824562220e-17
6.400000000000e-01,0.000000000000e+00,0.000000000000e+00,-2.059984127722e-17
6.450000000000e-01,0.000000000000e+00,0.000000000000e+00,-2.905661822261e-17
6.500000000000e-01,0.000000000000e+00,0.000000000000e+00,-4.141652298895e-17
6.550000000000e-01,0.000000000000e+00,0.000000000000e+00,-2.883977778811e-17
6.600000000000e-01,0.000000000000e+00,0.000000000000e+00,2.558717127066e-17
6.650000000000e-01,0.000000000000e+00,0.000000000000e+00,1.778091562876e-17
6.700000000000e-01,0.000000000000e+00,0.000000000000e+00,2.320192649119e-17
6.750000000000e-01,0.000000000000e+00,0.000000000000e+00,-8.890457814381e-18
6.800000000000e-01,0.000000000000e+00,0.000000000000e+00,3.339342691255e-17
6.850000000000e-01,0.000000000000e+00,0.000000000000e+00,1.170938346284e-17
6.900000000000e-01,0.000000000000e+00,0.000000000000e+00,1.127570259385e-17
6.950000000000e-01,0.000000000000e+00,0.000000000000e+00,2.233456475320e-17
7.000000000000e-01,0.000000000000e+00,0.000000000000e+00,1.127570259385e-17
7.050000000000e-01,0.000000000000e+00,0.000000000000e+00,-1.669671345628e-17
7.100000000000e-01,0.000000000000e+00,0.000000000000e+00,9.974659986867e-18
7.150000000000e-01,0.000000000000e+00,0.000000000000e+00,-1.062518129036e-17
7.200000000000e-01,0.000000000000e+00,0.000000000000e+00,-6.288372600416e-18
7.250000000000e-01,0.000000000000e+00,0.000000000000e+00,-1.929879867024e-17
7.300000000000e-01,0.000000000000e+00,0.000000000000e+00,-1.149254302835e-17
7.350000000000e-01,0.000000000000e+00,0.000000000000e+00,-1.517883041480e-18
7.400000000000e-01,0.000000000000e+00,0.000000000000e+00,8.890457814381e-18
7.450000000000e-01,0.000000000000e+00,0.000000000000e+00,7.155734338404e-18
7.500000000000e-01,0.000000000000e+00,0.000000000000e+00,-9.540979117872e-18
7.550000000000e-01,0.000000000000e+00,0.000000000000e+00,-1.474514954580e-17
7.600000000000e-01,0.000000000000e+00,0.000000000000e+00,1.105886215935e-17
7.650000000000e-01,0.000000000000e+00,0.000000000000e+00,-1.409462824231e-17
7.700000000000e-01,0.000000000000e+00,0.000000000000e+00,-1.344410693882e-17
7.750000000000e-01,8.263737695691e-02,8.263737695691e-02,8.263737695691e-02
7.800000000000e-01,1.608323258449e-01,1.608323258449e-01,1.608323258449e-01
7.850000000000e-01,2.348035620722e-01,2.348035620722e-01,2.348035620722e-01
7.900000000000e-01,3.047591239184e-01,3.047591239184e-01,3.047591239184e-01
7.950000000000e-01,3.708968933149e-01,3.708968933149e-01,3.708968933149e-01
8.000000000000e-01,4.334050912272e-01,4.334050912272e-01,4.334050912272e-01
8.050000000000e-01,4.924627488757e-01,4.924627488757e-01,4.924627488757e-01
8.100000000000e-01,5.482401559760e-01,5.482401559760e-01,5.482401559760e-01
8.150000000000e-01,6.008992871167e-01,6.008992871167e-01,6.008992871167e-01
8.200000000000e-01,6.505942073430e-01,6.505942073430e-01,6.505942073430e-01
8.250000000000e-01,6.974714579593e-01,6.974714579593e-01,6.974714579593e-01
8.300000000000e-01,7.416704235159e-01,7.416704235159e-01,7.416704235159e-01
8.350000000000e-01,7.833236808967e-01,7.833236808967e-01,7.833236808967e-01
8.400000000000e-01,8.225573313823e-01,8.225573313823e-01,8.225573313823e-01
8.450000000000e-01,8.594913165175e-01,8.594913165175e-01,8.594913165175e-01
8.500000000000e-01,8.942397185733e-01,8.942397185733e-01,8.942397185733e-01
8.550000000000e-01,9.269110463556e-01,9.269110463556e-01,9.269110463556e-01
8.600000000000e-01,9.576085070739e-01,9.576085070739e-01,9.576085070739e-01
8.650000000000e-01,9.864302649508e-01,9.864302649508e-01,9.864302649508e-01
8.700000000000e-01,1.013469687219e+00,1.013469687219e+00,1.013469687219e+00
8.750000000000e-01,1.038815578121e+00,1.038815578121e+00,1.038815578121e+00
8.800000000000e-01,1.062552401495e+00,1.062552401495e+00,1.062552401495e+00
8.850000000000e-01,1.084760492506e+00,1.084760492506e+00,1.084760492506e+00
8.900000000000e-01,1.105516259048e+00,1.105516259048e+00,1.105516259048e+00
8.950000000000e-01,1.124892373330e+00,1.124892373330e+00,1.124892373330e+00
9.000000000000e-01,1.142957954110e+00,1.142957954110e+00,1.142957954110e+00
9.050000000000e-01,1.159778740046e+00,1.159778740046e+00,1.159778740046e+00
9.100000000000e-01,1.175417254590e+00,1.175417254590e+00,1.175417254590e+00
9.150000000000e-01,1.189932962841e+00,1.189932962841e+00,1.189932962841e+00
9.200000000000e-01,1.203382420749e+00,1.203382420749e+00,1.203382420749e+00
9.250000000000e-01,1.215819417041e+00,1.215819417041e+00,1.215819417041e+00
9.300000000000e-01,1.227295108222e+00,1.227295108222e+00,1.227295108222e+00
9.350000000000e-01,1.237858146997e+00,1.237858146997e+00,1.237858146997e+00
9.400000000000e-01,1.247554804426e+00,1.247554804426e+00,1.247554804426e+00
9.450000000000e-01,1.256429086121e+00,1.256429086121e+00,1.256429086121e+00
9.500000000000e-01,1.264522842782e+00,1.264522842782e+00,1.264522842782e+00
9.550000000000e-01,1.271875875328e+00,1.271875875328e+00,1.271875875328e+00
9.600000000000e-01,1.278526034920e+00,1.278526034920e+00,1.278526034920e+00
9.650000000000e-01,1.284509318086e+00,1.284509318086e+00,1.284509318086e+00
9.700000000000e-01,1.289859957220e+00,1.289859957220e+00,1.289859957220e+00
9.750000000000e-01,1.294610506661e+00,1.294610506661e+00,1.294610506661e+00
9.800000000000e-01,1.298791924577e+00,1.298791924577e+00,1.298791924577e+00
9.850000000000e-01,1.302433650851e+00,1.302433650851e+00,1.302433650851e+00
9.900000000000e-01,1.305563681173e+00,1.305563681173e+00,1.305563681173e+00
9.950000000000e-01,1.308208637513e+00,1.308208637513e+00,1.308208637513e+00
1.000000000000e+00,1.310393835164e+00,1.310393835164e+00,1.310393835164e+00
1.005000000000e+00,1.312143346508e+00,1.312143346508e+00,1.312143346508e+00
1.010000000000e+00,1.313480061673e+00,1.313480061673e+00,1.313480061673e+00
1.015000000000e+00,1.314425746238e+00,1.314425746238e+00,1.314425746238e+00
1.020000000000e+00,1.315001096115e+00,1.315001096115e+00,1.315001096115e+00
1.025000000000e+00,1.315225789761e+00,1.315225789761e+00,1.315225789761e+00
1.030000000000e+00,1.315118537835e+00,1.315118537835e+00,1.315118537835e+00
1.035000000000e+00,1.314697130444e+00,1.314697130444e+00,1.314697130444e+00
1.040000000000e+00,1.313978482077e+00,1.313978482077e+00,1.313978482077e+00
1.045000000000e+00,1.312978674347e+00,1.312978674347e+00,1.312978674347e+00
1.050000000000e+00,1.311712996654e+00,1.311712996654e+00,1.311712996654e+00
1.055000000000e+00,1.310195984857e+00,1.310195984857e+00,1.310195984857e+00
1.060000000000e+00,1.308441458070e+00,1.308441458070e+00,1.308441458070e+00
1.065000000000e+00,1.306462553650e+00,1.306462553650e+00,1.306462553650e+00
1.070000000000e+00,1.304271760490e+00,1.304271760490e+00,1.304271760490e+00
1.075000000000e+00,1.301880950683e+00,1.301880950683e+00,1.301880950683e+00
1.080000000000e+00,1.299301409640e+00,1.299301409640e+00,1.299301409640e+00
1.085000000000e+00,1.296543864744e+00,1.296543864744e+00,1.296543864744e+00
1.090000000000e+00,1.293618512602e+00,1.293618512602e+00,1.293618512602e+00
1.095000000000e+00,1.290535044970e+00,1.290535044970e+00,1.290535044970e+00
1.100000000000e+00,1.287302673409e+00,1.287302673409e+00,1.287302673409e+00
1.105000000000e+00,1.283930152748e+00,1.283930152748e+00,1.283930152748e+00
1.110000000000e+00,1.280425803391e+00,1.280425803391e+00,1.280425803391e+00
1.115000000000e+00,1.276797532544e+00,1.276797532544e+00,1.276797532544e+00
1.120000000000e+00,1.273052854404e+00,1.273052854404e+00,1.273052854404e+00
1.125000000000e+00,1.269198909361e+00,1.269198909361e+00,1.269198909361e+00
1.130000000000e+00,1.265242482267e+00,1.265242482267e+00,1.265242482267e+00
1.135000000000e+00,1.261190019812e+00,1.261190019812e+00,1.261190019812e+00
1.140000000000e+00,1.257047647053e+00,1.257047647053e+00,1.257047647053e+00
1.145000000000e+00,1.252821183134e+00,1.252821183134e+00,1.252821183134e+00
1.150000000000e+00,1.248516156245e+00,1.248516156245e+00,1.248516156245e+00
1.155000000000e+00,1.244137817844e+00,1.244137817844e+00,1.244137817844e+00
1.160000000000e+00,1.239691156192e+00,1.239691156192e+00,1.239691156192e+00
1.165000000000e+00,1.235180909222e+00,1.235180909222e+00,1.235180909222e+00
1.170000000000e+00,1.230611576785e+00,1.230611576785e+00,1.230611576785e+00
1.175000000000e+00,1.225987432296e+00,1.225987432296e+00,1.225987432296e+00
1.180000000000e+00,1.221312533808e+00,1.221312533808e+00,1.221312533808e+00
1.185000000000e+00,1.216590734558e+00,1.216590734558e+00,1.216590734558e+00
1.190000000000e+00,1.211825692983e+00,1.211825692983e+00,1.211825692983e+00
1.195000000000e+00,1.207020882259e+00,1.207020882259e+00,1.207020882259e+00
1.200000000000e+00,1.202179599368e+00,1.202179599368e+00,1.202179599368e+00
1.205000000000e+00,1.197304973728e+00,1.197304973728e+00,1.197304973728e+00
1.210000000000e+00,1.192399975395e+00,1.192399975395e+00,1.192399975395e+00
1.215000000000e+00,1.187467422873e+00,1.187467422873e+00,1.187467422873e+00
1.220000000000e+00,1.182509990534e+00,1.182509990534e+00,1.182509990534e+00
1.225000000000e+00,1.177530215686e+00,1.177530215686e+00,1.177530215686e+00
1.230000000000e+00,1.172530505286e+00,1.172530505286e+00,1.172530505286e+00
1.235000000000e+00,1.167513142334e+00,1.167513142334e+00,1.167513142334e+00
1.240000000000e+00,1.162480291946e+00,1.162480291946e+00,1.162480291946e+00
1.245000000000e+00,1.157434007145e+00,1.157434007145e+00,1.157434007145e+00
1.250000000000e+00,1.152376234349e+00,1.152376234349e+00,1.152376234349e+00
1.255000000000e+00,1.147308818611e+00,1.147308818611e+00,1.147308818611e+00
1.260000000000e+00,1.142233508592e+00,1.142233508592e+00,1.142233508592e+00
1.265000000000e+00,1.137151961294e+00,1.137151961294e+00,1.137151961294e+00
1.270000000000e+00,1.132065746560e+00,1.132065746560e+00,1.132065746560e+00
1.275000000000e+00,1.126976351359e+00,1.126976351359e+00,1.126976351359e+00
1.280000000000e+00,1.121885183862e+00,1.121885183862e+00,1.121885183862e+00
1.285000000000e+00,1.116793577308e+00,1.116793577308e+00,1.116793577308e+00
1.290000000000e+00,1.111702793698e+00,1.111702793698e+00,1.111702793698e+00
1.295000000000e+00,1.106614027297e+00,1.106614027297e+00,1.106614027297e+00
1.300000000000e+00,1.101528407966e+00,1.101528407966e+00,1.101528407966e+00
1.305000000000e+00,1.096447004338e+00,1.096447004338e+00,1.096447004338e+00
1.310000000000e+00,1.091370826834e+00,1.091370826834e+00,1.091370826834e+00
1.315000000000e+00,1.086300830529e+00,1.086300830529e+00,1.086300830529e+00
1.320000000000e+00,1.081237917884e+00,1.081237917884e+00,1.081237917884e+00
1.325000000000e+00,1.076182941343e+00,1.076182941343e+00,1.076182941343e+00
1.330000000000e+00,1.071136705800e+00,1.071136705800e+00,1.071136705800e+00
1.335000000000e+00,1.066099970950e+00,1.066099970950e+00,1.066099970950e+00
1.340000000000e+00,1.061073453522e+00,1.061073453522e+00,1.061073453522e+00
1.345000000000e+00,1.056057829403e+00,1.056057829403e+00,1.056057829403e+00
1.350000000000e+00,1.051053735662e+00,1.051053735662e+00,1.051053735662e+00
1.355000000000e+00,1.046061772468e+00,1.046061772468e+00,1.046061772468e+00
1.360000000000e+00,1.041082504925e+00,1.041082504925e+00,1.041082504925e+00
1.365000000000e+00,1.036116464803e+00,1.036116464803e+00,1.036116464803e+00
1.370000000000e+00,1.031164152202e+00,1.031164152202e+00,1.031164152202e+00
1.375000000000e+00,1.026226037115e+00,1.026226037115e+00,1.026226037115e+00
1.380000000000e+00,1.021302560933e+00,1.021302560933e+00,1.021302560933e+00
1.385000000000e+00,1.016394137865e+00,1.016394137865e+00,1.016394137865e+00
1.390000000000e+00,1.011501156291e+00,1.011501156291e+00,1.011501156291e+00
1.395000000000e+00,1.006623980052e+00,1.006623980052e+00,1.006623980052e+00
1.400000000000e+00,1.001762949673e+00,1.001762949673e+00,1.001762949673e+00
1.405000000000e+00,9.969183835271e-01,9.969183835271e-01,9.969183835271e-01
1.410000000000e+00,9.920905789476e-01,9.920905789476e-01,9.920905789476e-01
1.415000000000e+00,9.872798132771e-01,9.872798132771e-01,9.872798132771e-01
1.420000000000e+00,9.824863448720e-01,9.824863448720e-01,9.824863448720e-01
1.425000000000e+00,9.777104140554e-01,9.777104140554e-01,9.777104140554e-01
1.430000000000e+00,9.729522440235e-01,9.729522440235e-01,9.729522440235e-01
1.435000000000e+00,9.682120417083e-01,9.682120417083e-01,9.682120417083e-01
1.440000000000e+00,9.634899985969e-01,9.634899985969e-01,9.634899985969e-01
1.445000000000e+00,9.587862915121e-01,9.587862915121e-01,9.587862915121e-01
1.450000000000e+00,9.541010833540e-01,9.541010833540e-01,9.541010833540e-01
1.455000000000e+00,9.494345238052e-01,9.494345238052e-01,9.494345238052e-01
1.460000000000e+00,9.447867500020e-01,9.447867500020e-01,9.447867500020e-01
1.465000000000e+00,9.401578871723e-01,9.401578871723e-01,9.401578871723e-01
1.470000000000e+00,9.355480492425e-01,9.355480492425e-01,9.355480492425e-01
1.475000000000e+00,9.309573394143e-01,9.309573394143e-01,9.309573394143e-01
1.480000000000e+00,9.263858507143e-01,9.263858507143e-01,9.263858507143e-01
1.485000000000e+00,9.218336665148e-01,9.218336665148e-01,9.218336665148e-01
1.490000000000e+00,9.173008610311e-01,9.173008610311e-01,9.173008610311e-01
1.495000000000e+00,9.127874997930e-01,9.127874997930e-01,9.127874997930e-01
1.500000000000e+00,9.082936400938e-01,9.082936400938e-01,9.082936400938e-01
1.505000000000e+00,9.038193314171e-01,9.038193314171e-01,9.038193314171e-01
1.510000000000e+00,8.993646158427e-01,8.993646158427e-01,8.993646158427e-01
1.515000000000e+00,8.949295284327e-01,8.949295284327e-01,8.949295284327e-01
1.520000000000e+00,8.905140975982e-01,8.905140975982e-01,8.905140975982e-01
1.525000000000e+00,8.861183454488e-01,8.861183454488e-01,8.861183454488e-01
1.530000000000e+00,8.817422881241e-01,8.817422881241e-01,8.817422881241e-01
1.535000000000e+00,8.773859361091e-01,8.773859361091e-01,8.773859361091e-01
1.540000000000e+00,8.730492945348e-01,8.730492945348e-01,8.730492945348e-01
1.545000000000e+00,8.687323634632e-01,8.687323634632e-01,8.687323634632e-01
1.550000000000e+00,8.644351381581e-01,8.644351381581e-01,8.644351381581e-01
1.555000000000e+00,8.601576093439e-01,8.601576093439e-01,8.601576093439e-01
1.560000000000e+00,8.558997634500e-01,8.558997634500e-01,8.558997634500e-01
1.565000000000e+00,8.516615828445e-01,8.516615828445e-01,8.516615828445e-01
1.570000000000e+00,8.474430460555e-01,8.474430460555e-01,8.474430460555e-01
1.575000000000e+00,8.432441279819e-01,8.432441279819e-01,8.432441279819e-01
1.580000000000e+00,8.390648000938e-01,8.390648000938e-01,8.390648000938e-01
1.585000000000e+00,8.349050306229e-01,8.349050306229e-01,8.349050306229e-01
1.590000000000e+00,8.307647847433e-01,8.307647847433e-01,8.307647847433e-01
1.595000000000e+00,8.266440247440e-01,8.266440247440e-01,8.266440247440e-01
1.600000000000e+00,8.225427101922e-01,8.225427101922e-01,8.225427101922e-01
1.605000000000e+00,8.184607980889e-01,8.184607980889e-01,8.184607980889e-01
1.610000000000e+00,8.143982430167e-01,8.143982430167e-01,8.143982430167e-01
1.615000000000e+00,8.103549972800e-01,8.103549972800e-01,8.103549972800e-01
1.620000000000e+00,8.063310110390e-01,8.063310110390e-01,8.063310110390e-01
1.625000000000e+00,8.023262324362e-01,8.023262324362e-01,8.023262324362e-01
1.630000000000e+00,7.983406077170e-01,7.983406077170e-01,7.983406077170e-01
1.635000000000e+00,7.943740813446e-01,7.943740813446e-01,7.943740813446e-01
1.640000000000e+00,7.904265961084e-01,7.904265961084e-01,7.904265961084e-01
1.645000000000e+00,7.864980932281e-01,7.864980932281e-01,7.864980932281e-01
1.650000000000e+00,7.825885124515e-01,7.825885124515e-01,7.825885124515e-01
1.655000000000e+00,7.786977921480e-01,7.786977921480e-01,7.786977921480e-01
1.660000000000e+00,7.748258693977e-01,7.748258693977e-01,7.748258693977e-01
1.665000000000e+00,7.709726800751e-01,7.709726800751e-01,7.709726800751e-01
1.670000000000e+00,7.671381589300e-01,7.671381589300e-01,7.671381589300e-01
1.675000000000e+00,7.633222396627e-01,7.633222396627e-01,7.633222396627e-01
1.680000000000e+00,7.595248549971e-01,7.595248549971e-01,7.595248549971e-01
1.685000000000e+00,7.557459367486e-01,7.557459367486e-01,7.557459367486e-01
1.690000000000e+00,7.519854158899e-01,7.519854158899e-01,7.519854158899e-01
1.695000000000e+00,7.482432226125e-01,7.482432226125e-01,7.482432226125e-01
1.700000000000e+00,7.445192863856e-01,7.445192863856e-01,7.445192863856e-01
1.705000000000e+00,7.408135360120e-01,7.408135360120e-01,7.408135360120e-01
1.710000000000e+00,7.371258996809e-01,7.371258996809e-01,7.371258996809e-01
1.715000000000e+00,7.334563050184e-01,7.334563050184e-01,7.334563050184e-01
1.720000000000e+00,7.298046791352e-01,7.298046791352e-01,7.298046791352e-01
1.725000000000e+00,7.261709486716e-01,7.261709486716e-01,7.261709486716e-01
1.730000000000e+00,7.225550398410e-01,7.225550398410e-01,7.225550398410e-01
1.735000000000e+00,7.189568784705e-01,7.189568784705e-01,7.189568784705e-01
1.740000000000e+00,7.153763900395e-01,7.153763900395e-01,7.153763900395e-01
1.745000000000e+00,7.118134997164e-01,7.118134997164e-01,7.118134997164e-01
1.750000000000e+00,7.082681323937e-01,7.082681323937e-01,7.082681323937e-01
1.755000000000e+00,7.047402127209e-01,7.047402127209e-01,7.047402127209e-01
1.760000000000e+00,7.012296651359e-01,7.012296651359e-01,7.012296651359e-01
1.765000000000e+00,6.977364138945e-01,6.977364138945e-01,6.977364138945e-01
1.770000000000e+00,6.942603830986e-01,6.942603830986e-01,6.942603830986e-01
1.775000000000e+00,6.908014967233e-01,6.908014967233e-01,6.908014967233e-01
1.780000000000e+00,6.873596786417e-01,6.873596786417e-01,6.873596786417e-01
1.785000000000e+00,6.839348526491e-01,6.839348526491e-01,6.839348526491e-01
1.790000000000e+00,6.805269424855e-01,6.805269424855e-01,6.805269424855e-01
1.795000000000e+00,6.771358718576e-01,6.771358718576e-01,6.771358718576e-01
1.800000000000e+00,6.737615644584e-01,6.737615644584e-01,6.737615644584e-01
1.805000000000e+00,6.704039439873e-01,6.704039439873e-01,6.704039439873e-01
1.810000000000e+00,6.670629341676e-01,6.670629341676e-01,6.670629341676e-01
1.815000000000e+00,6.637384587642e-01,6.637384587642e-01,6.637384587642e-01
1.820000000000e+00,6.604304415999e-01,6.604304415999e-01,6.604304415999e-01
1.825000000000e+00,6.571388065705e-01,6.571388065705e-01,6.571388065705e-01
1.830000000000e+00,6.538634776600e-01,6.538634776600e-01,6.538634776600e-01
1.835000000000e+00,6.506043789537e-01,6.506043789537e-01,6.506043789537e-01
1.840000000000e+00,6.473614346518e-01,6.473614346518e-01,6.473614346518e-01
1.845000000000e+00,6.441345690811e-01,6.441345690811e-01,6.441345690811e-01
1.850000000000e+00,6.409237067074e-01,6.409237067074e-01,6.409237067074e-01
1.855000000000e+00,6.377287721457e-01,6.377287721457e-01,6.377287721457e-01
1.860000000000e+00,6.345496901711e-01,6.345496901711e-01,6.345496901711e-01
1.865000000000e+00,6.313863857282e-01,6.313863857282e-01,6.313863857282e-01
1.870000000000e+00,6.282387839402e-01,6.282387839402e-01,6.282387839402e-01
1.875000000000e+00,6.251068101181e-01,6.251068101181e-01,6.251068101181e-01
1.880000000000e+00,6.219903897682e-01,6.219903897682e-01,6.219903897682e-01
1.885000000000e+00,6.188894486001e-01,6.188894486001e-01,6.188894486001e-01
1.890000000000e+00,6.158039125338e-01,6.158039125338e-01,6.158039125338e-01
1.895000000000e+00,6.127337077065e-01,6.127337077065e-01,6.127337077065e-01
1.900000000000e+00,6.096787604789e-01,6.096787604789e-01,6.096787604789e-01
1.905000000000e+00,6.066389974412e-01,6.066389974412e-01,6.066389974412e-01
1.910000000000e+00,6.036143454187e-01,6.036143454187e-01,6.036143454187e-01
1.915000000000e+00,6.006047314768e-01,6.006047314768e-01,6.006047314768e-01
1.920000000000e+00,5.976100829263e-01,5.976100829263e-01,5.976100829263e-01
1.925000000000e+00,5.946303273274e-01,5.946303273274e-01,5.946303273274e-01
1.930000000000e+00,5.916653924945e-01,5.916653924945e-01,5.916653924945e-01
1.935000000000e+00,5.887152064999e-01,5.887152064999e-01,5.887152064999e-01
1.940000000000e+00,5.857796976775e-01,5.857796976775e-01,5.857796976775e-01
1.945000000000e+00,5.828587946263e-01,5.828587946263e-01,5.828587946263e-01
1.950000000000e+00,5.799524262135e-01,5.799524262135e-01,5.799524262135e-01
1.955000000000e+00,5.770605215775e-01,5.770605215775e-01,5.770605215775e-01
1.960000000000e+00,5.741830101306e-01,5.741830101306e-01,5.741830101306e-01
1.965000000000e+00,5.713198215616e-01,5.713198215616e-01,5.713198215616e-01
1.970000000000e+00,5.684708858380e-01,5.684708858380e-01,5.684708858380e-01
1.975000000000e+00,5.656361332081e-01,5.656361332081e-01,5.656361332081e-01
1.980000000000e+00,5.628154942031e-01,5.628154942031e-01,5.628154942031e-01
1.985000000000e+00,5.600088996387e-01,5.600088996387e-01,5.600088996387e-01
1.990000000000e+00,5.572162806167e-01,5.572162806167e-01,5.572162806167e-01
1.995000000000e+00,5.544375685266e-01,5.544375685266e-01,5.544375685266e-01
2.000000000000e+00,5.516726950468e-01,5.516726950468e-01,5.516726950468e-01
2.005000000000e+00,5.489215921456e-01,5.489215921456e-01,5.489215921456e-01
2.010000000000e+00,5.461841920827e-01,5.461841920827e-01,5.461841920827e-01
2.015000000000e+00,5.434604274094e-01,5.434604274094e-01,5.434604274094e-01
2.020000000000e+00,5.407502309701e-01,5.407502309701e-01,5.407502309701e-01
2.025000000000e+00,5.380535359024e-01,5.380535359024e-01,5.380535359024e-01
2.030000000000e+00,5.353702756380e-01,5.353702756380e-01,5.353702756380e-01
2.035000000000e+00,5.327003839032e-01,5.327003839032e-01,5.327003839032e-01
2.040000000000e+00,5.300437947187e-01,5.300437947187e-01,5.300437947187e-01
2.045000000000e+00,5.274004424008e-01,5.274004424008e-01,5.274004424008e-01
2.050000000000e+00,5.247702615607e-01,5.247702615607e-01,5.247702615607e-01
2.055000000000e+00,5.221531871051e-01,5.221531871051e-01,5.221531871051e-01
2.060000000000e+00,5.195491542361e-01,5.195491542361e-01,5.195491542361e-01
2.065000000000e+00,5.169580984513e-01,5.169580984513e-01,5.169580984513e-01
2.070000000000e+00,5.143799555432e-01,5.143799555432e-01,5.143799555432e-01
2.075000000000e+00,5.118146615998e-01,5.118146615998e-01,5.118146615998e-01
2.080000000000e+00,5.092621530035e-01,5.092621530035e-01,5.092621530035e-01
2.085000000000e+00,5.067223664315e-01,5.067223664315e-01,5.067223664315e-01
2.090000000000e+00,5.041952388551e-01,5.041952388551e-01,5.041952388551e-01
2.095000000000e+00,5.016807075392e-01,5.016807075392e-01,5.016807075392e-01
2.100000000000e+00,4.991787100421e-01,4.991787100421e-01,4.991787100421e-01
2.105000000000e+00,4.966891842149e-01,4.966891842149e-01,4.966891842149e-01
2.110000000000e+00,4.942120682009e-01,4.942120682009e-01,4.942120682009e-01
2.115000000000e+00,4.917473004351e-01,4.917473004351e-01,4.917473004351e-01
2.120000000000e+00,4.892948196433e-01,4.892948196433e-01,4.892948196433e-01
2.125000000000e+00,4.868545648419e-01,4.868545648419e-01,4.868545648419e-01
2.130000000000e+00,4.844264753367e-01,4.844264753367e-01,4.844264753367e-01
2.135000000000e+00,4.820104907226e-01,4.820104907226e-01,4.820104907226e-01
2.140000000000e+00,4.796065508825e-01,4.796065508825e-01,4.796065508825e-01
2.145000000000e+00,4.772145959867e-01,4.772145959867e-01,4.772145959867e-01
2.150000000000e+00,4.748345664919e-01,4.748345664919e-01,4.748345664919e-01
2.155000000000e+00,4.724664031406e-01,4.724664031406e-01,4.724664031406e-01
2.160000000000e+00,4.701100469601e-01,4.701100469601e-01,4.701100469601e-01
2.165000000000e+00,4.677654392613e-01,4.677654392613e-01,4.677654392613e-01
2.170000000000e+00,4.654325216385e-01,4.654325216385e-01,4.654325216385e-01
2.175000000000e+00,4.631112359678e-01,4.631112359678e-01,4.631112359678e-01
2.180000000000e+00,4.608015244064e-01,4.608015244064e-01,4.608015244064e-01
2.185000000000e+00,4.585033293916e-01,4.585033293916e-01,4.585033293916e-01
2.190000000000e+00,4.562165936399e-01,4.562165936399e-01,4.562165936399e-01
2.195000000000e+00,4.539412601458e-01,4.539412601458e-01,4.539412601458e-01
2.200000000000e+00,4.516772721811e-01,4.516772721811e-01,4.516772721811e-01
2.205000000000e+00,4.494245732935e-01,4.494245732935e-01,4.494245732935e-01
2.210000000000e+00,4.471831073058e-01,4.471831073058e-01,4.471831073058e-01
2.215000000000e+00,4.449528183147e-01,4.449528183147e-01,4.449528183147e-01
2.220000000000e+00,4.427336506899e-01,4.427336506899e-01,4.427336506899e-01
2.225000000000e+00,4.405255490730e-01,4.405255490730e-01,4.405255490730e-01
2.230000000000e+00,4.383284583761e-01,4.383284583761e-01,4.383284583761e-01
2.235000000000e+00,4.361423237813e-01,4.361423237813e-01,4.361423237813e-01
2.240000000000e+00,4.339670907391e-01,4.339670907391e-01,4.339670907391e-01
2.245000000000e+00,4.318027049673e-01,4.318027049673e-01,4.318027049673e-01
2.250000000000e+00,4.296491124505e-01,4.296491124505e-01,4.296491124505e-01
2.255000000000e+00,4.275062594381e-01,4.275062594381e-01,4.275062594381e-01
2.260000000000e+00,4.253740924439e-01,4.253740924439e-01,4.253740924439e-01
2.265000000000e+00,4.232525582445e-01,4.232525582445e-01,4.232525582445e-01
2.270000000000e+00,4.211416038785e-01,4.211416038785e-01,4.211416038785e-01
2.275000000000e+00,4.299280214946e-01,4.299280214946e-01,4.299280214946e-01
2.280000000000e+00,4.381396577485e-01,4.381396577485e-01,4.381396577485e-01
2.285000000000e+00,4.458052745463e-01,4.458052745463e-01,4.458052745463e-01
2.290000000000e+00,4.529522274212e-01,4.529522274212e-01,4.529522274212e-01
2.295000000000e+00,4.596065341410e-01,4.596065341410e-01,4.596065341410e-01
2.300000000000e+00,4.657929399698e-01,4.657929399698e-01,4.657929399698e-01
2.305000000000e+00,4.715349797470e-01,4.715349797470e-01,4.715349797470e-01
2.310000000000e+00,4.768550369379e-01,4.768550369379e-01,4.768550369379e-01
2.315000000000e+00,4.817743998046e-01,4.817743998046e-01,4.817743998046e-01
2.320000000000e+00,4.863133148380e-01,4.863133148380e-01,4.863133148380e-01
2.325000000000e+00,4.904910375825e-01,4.904910375825e-01,4.904910375825e-01
2.330000000000e+00,4.943258809829e-01,4.943258809829e-01,4.943258809829e-01
2.335000000000e+00,4.978352613729e-01,4.978352613729e-01,4.978352613729e-01
2.340000000000e+00,5.010357422208e-01,5.010357422208e-01,5.010357422208e-01
2.345000000000e+00,5.039430757412e-01,5.039430757412e-01,5.039430757412e-01
2.350000000000e+00,5.065722424779e-01,5.065722424779e-01,5.065722424779e-01
2.355000000000e+00,5.089374889553e-01,5.089374889553e-01,5.089374889553e-01
2.360000000000e+00,5.110523634945e-01,5.110523634945e-01,5.110523634945e-01
2.365000000000e+00,5.129297502817e-01,5.129297502817e-01,5.129297502817e-01
2.370000000000e+00,5.145819017751e-01,5.145819017751e-01,5.145819017751e-01
2.375000000000e+00,5.160204695318e-01,5.160204695318e-01,5.160204695318e-01
2.380000000000e+00,5.172565335305e-01,5.172565335305e-01,5.172565335305e-01
2.385000000000e+00,5.183006300645e-01,5.183006300645e-01,5.183006300645e-01
2.390000000000e+00,5.191627782737e-01,5.191627782737e-01,5.191627782737e-01
2.395000000000e+00,5.198525053831e-01,5.198525053831e-01,5.198525053831e-01
2.400000000000e+00,5.203788707103e-01,5.203788707103e-01,5.203788707103e-01
2.405000000000e+00,5.207504885015e-01,5.207504885015e-01,5.207504885015e-01
2.410000000000e+00,5.209755496544e-01,5.209755496544e-01,5.209755496544e-01
2.415000000000e+00,5.210618423808e-01,5.210618423808e-01,5.210618423808e-01
2.420000000000e+00,5.210167718625e-01,5.210167718625e-01,5.210167718625e-01
2.425000000000e+00,5.208473789471e-01,5.208473789471e-01,5.208473789471e-01
2.430000000000e+00,5.205603579332e-01,5.205603579332e-01,5.205603579332e-01
2.435000000000e+00,5.201620734873e-01,5.201620734873e-01,5.201620734873e-01
2.440000000000e+00,5.196585767359e-01,5.196585767359e-01,5.196585767359e-01
2.445000000000e+00,5.190556205727e-01,5.190556205727e-01,5.190556205727e-01
2.450000000000e+00,5.183586742189e-01,5.183586742189e-01,5.183586742189e-01
2.455000000000e+00,5.175729370740e-01,5.175729370740e-01,5.175729370740e-01
2.460000000000e+00,5.167033518900e-01,5.167033518900e-01,5.167033518900e-01
2.465000000000e+00,5.157546173040e-01,5.157546173040e-01,5.157546173040e-01
2.470000000000e+00,5.147311997587e-01,5.147311997587e-01,5.147311997587e-01
2.475000000000e+00,5.136373448421e-01,5.136373448421e-01,5.136373448421e-01
2.480000000000e+00,5.124770880736e-01,5.124770880736e-01,5.124770880736e-01
2.485000000000e+00,5.112542651644e-01,5.112542651644e-01,5.112542651644e-01
2.490000000000e+00,5.099725217767e-01,5.099725217767e-01,5.099725217767e-01
2.495000000000e+00,5.086353228081e-01,5.086353228081e-01,5.086353228081e-01
2.500000000000e+00,5.072459612217e-01,5.072459612217e-01,5.072459612217e-01
2.505000000000e+00,5.058075664465e-01,5.058075664465e-01,5.058075664465e-01
2.510000000000e+00,5.043231123676e-01,5.043231123676e-01,5.043231123676e-01
2.515000000000e+00,5.027954249268e-01,5.027954249268e-01,5.027954249268e-01
2.520000000000e+00,5.012271893523e-01,5.012271893523e-01,5.012271893523e-01
2.525000000000e+00,4.996209570357e-01,4.996209570357e-01,4.996209570357e-01
2.530000000000e+00,4.979791520739e-01,4.979791520739e-01,4.979791520739e-01
2.535000000000e+00,4.963040774913e-01,4.963040774913e-01,4.963040774913e-01
2.540000000000e+00,4.945979211590e-01,4.945979211590e-01,4.945979211590e-01
2.545000000000e+00,4.928627614251e-01,4.928627614251e-01,4.928627614251e-01
2.550000000000e+00,4.911005724698e-01,4.911005724698e-01,4.911005724698e-01
2.555000000000e+00,4.893132294005e-01,4.893132294005e-01,4.893132294005e-01
2.560000000000e+00,4.875025130965e-01,4.875025130965e-01,4.875025130965e-01
2.565000000000e+00,4.856701148196e-01,4.856701148196e-01,4.856701148196e-01
2.570000000000e+00,4.838176405977e-01,4.838176405977e-01,4.838176405977e-01
2.575000000000e+00,4.819466153957e-01,4.819466153957e-01,4.819466153957e-01
2.580000000000e+00,4.800584870826e-01,4.800584870826e-01,4.800584870826e-01
2.585000000000e+00,4.781546302054e-01,4.781546302054e-01,4.781546302054e-01
2.590000000000e+00,4.762363495781e-01,4.762363495781e-01,4.762363495781e-01
2.595000000000e+00,4.743048836962e-01,4.743048836962e-01,4.743048836962e-01
2.600000000000e+00,4.723614079847e-01,4.723614079847e-01,4.723614079847e-01
2.605000000000e+00,4.704070378873e-01,4.704070378873e-01,4.704070378873e-01
2.610000000000e+00,4.684428318045e-01,4.684428318045e-01,4.684428318045e-01
2.615000000000e+00,4.664697938897e-01,4.664697938897e-01,4.664697938897e-01
2.620000000000e+00,4.644888767070e-01,4.644888767070e-01,4.644888767070e-01
2.625000000000e+00,4.625009837612e-01,4.625009837612e-01,4.625009837612e-01
2.630000000000e+00,4.605069719027e-01,4.605069719027e-01,4.605069719027e-01
2.635000000000e+00,4.585076536161e-01,4.585076536161e-01,4.585076536161e-01
2.640000000000e+00,4.565037991969e-01,4.565037991969e-01,4.565037991969e-01
2.645000000000e+00,4.544961388216e-01,4.544961388216e-01,4.544961388216e-01
2.650000000000e+00,4.524853645172e-01,4.524853645172e-01,4.524853645172e-01
2.655000000000e+00,4.504721320345e-01,4.504721320345e-01,4.504721320345e-01
2.660000000000e+00,4.484570626299e-01,4.484570626299e-01,4.484570626299e-01
2.665000000000e+00,4.464407447599e-01,4.464407447599e-01,4.464407447599e-01
2.670000000000e+00,4.444237356937e-01,4.444237356937e-01,4.444237356937e-01
2.675000000000e+00,4.424065630466e-01,4.424065630466e-01,4.424065630466e-01
2.680000000000e+00,4.403897262381e-01,4.403897262381e-01,4.403897262381e-01
2.685000000000e+00,4.383736978800e-01,4.383736978800e-01,4.383736978800e-01
2.690000000000e+00,4.363589250953e-01,4.363589250953e-01,4.363589250953e-01
2.695000000000e+00,4.343458307743e-01,4.343458307743e-01,4.343458307743e-01
2.700000000000e+00,4.323348147678e-01,4.323348147678e-01,4.323348147678e-01
2.705000000000e+00,4.303262550232e-01,4.303262550232e-01,4.303262550232e-01
2.710000000000e+00,4.283205086647e-01,4.283205086647e-01,4.283205086647e-01
2.715000000000e+00,4.263179130206e-01,4.263179130206e-01,4.263179130206e-01
2.720000000000e+00,4.243187866007e-01,4.243187866007e-01,4.243187866007e-01
2.725000000000e+00,4.223234300262e-01,4.223234300262e-01,4.223234300262e-01
2.730000000000e+00,4.203321269133e-01,4.203321269133e-01,4.203321269133e-01
2.735000000000e+00,4.183451447146e-01,4.183451447146e-01,4.183451447146e-01
2.740000000000e+00,4.163627355191e-01,4.163627355191e-01,4.163627355191e-01
2.745000000000e+00,4.143851368129e-01,4.143851368129e-01,4.143851368129e-01
2.750000000000e+00,4.124125722029e-01,4.124125722029e-01,4.124125722029e-01
2.755000000000e+00,4.104452521051e-01,4.104452521051e-01,4.104452521051e-01
2.760000000000e+00,4.084833743997e-01,4.084833743997e-01,4.084833743997e-01
2.765000000000e+00,4.065271250532e-01,4.065271250532e-01,4.065271250532e-01
2.770000000000e+00,4.045766787114e-01,4.045766787114e-01,4.045766787114e-01
2.775000000000e+00,4.026321992620e-01,4.026321992620e-01,4.026321992620e-01
2.780000000000e+00,4.006938403714e-01,4.006938403714e-01,4.006938403714e-01
2.785000000000e+00,3.987617459932e-01,3.987617459932e-01,3.987617459932e-01
2.790000000000e+00,3.968360508540e-01,3.968360508540e-01,3.968360508540e-01
2.795000000000e+00,3.949168809137e-01,3.949168809137e-01,3.949168809137e-01
2.800000000000e+00,3.930043538043e-01,3.930043538043e-01,3.930043538043e-01
2.805000000000e+00,3.910985792469e-01,3.910985792469e-01,3.910985792469e-01
2.810000000000e+00,3.891996594485e-01,3.891996594485e-01,3.891996594485e-01
2.815000000000e+00,3.873076894789e-01,3.873076894789e-01,3.873076894789e-01
2.820000000000e+00,3.854227576300e-01,3.854227576300e-01,3.854227576300e-01
2.825000000000e+00,3.835449457566e-01,3.835449457566e-01,3.835449457566e-01
2.830000000000e+00,3.816743296012e-01,3.816743296012e-01,3.816743296012e-01
2.835000000000e+00,3.798109791028e-01,3.798109791028e-01,3.798109791028e-01
2.840000000000e+00,3.779549586899e-01,3.779549586899e-01,3.779549586899e-01
2.845000000000e+00,3.761063275606e-01,3.761063275606e-01,3.761063275606e-01
2.850000000000e+00,3.742651399473e-01,3.742651399473e-01,3.742651399473e-01
2.855000000000e+00,3.724314453697e-01,3.724314453697e-01,3.724314453697e-01
2.860000000000e+00,3.706052888748e-01,3.706052888748e-01,3.706052888748e-01
2.865000000000e+00,3.687867112652e-01,3.687867112652e-01,3.687867112652e-01
2.870000000000e+00,3.669757493166e-01,3.669757493166e-01,3.669757493166e-01
2.875000000000e+00,3.651724359841e-01,3.651724359841e-01,3.651724359841e-01
2.880000000000e+00,3.633768005988e-01,3.633768005988e-01,3.633768005988e-01
2.885000000000e+00,3.615888690545e-01,3.615888690545e-01,3.615888690545e-01
2.890000000000e+00,3.598086639853e-01,3.598086639853e-01,3.598086639853e-01
2.895000000000e+00,3.580362049348e-01,3.580362049348e-01,3.580362049348e-01
2.900000000000e+00,3.562715085164e-01,3.562715085164e-01,3.562715085164e-01
2.905000000000e+00,3.545145885663e-01,3.545145885663e-01,3.545145885663e-01
2.910000000000e+00,3.527654562885e-01,3.527654562885e-01,3.527654562885e-01
2.915000000000e+00,3.510241203934e-01,3.510241203934e-01,3.510241203934e-01
2.920000000000e+00,3.492905872287e-01,3.492905872287e-01,3.492905872287e-01
2.925000000000e+00,3.475648609043e-01,3.475648609043e-01,3.475648609043e-01
2.930000000000e+00,3.458469434114e-01,3.458469434114e-01,3.458469434114e-01
2.935000000000e+00,3.441368347352e-01,3.441368347352e-01,3.441368347352e-01
2.940000000000e+00,3.424345329620e-01,3.424345329620e-01,3.424345329620e-01
2.945000000000e+00,3.407400343817e-01,3.407400343817e-01,3.407400343817e-01
2.950000000000e+00,3.390533335847e-01,3.390533335847e-01,3.390533335847e-01
2.955000000000e+00,3.373744235541e-01,3.373744235541e-01,3.373744235541e-01
2.960000000000e+00,3.357032957533e-01,3.357032957533e-01,3.357032957533e-01
2.965000000000e+00,3.340399402097e-01,3.340399402097e-01,3.340399402097e-01
2.970000000000e+00,3.323843455938e-01,3.323843455938e-01,3.323843455938e-01
2.975000000000e+00,3.307364992947e-01,3.307364992947e-01,3.307364992947e-01
2.980000000000e+00,3.290963874914e-01,3.290963874914e-01,3.290963874914e-01
2.985000000000e+00,3.274639952213e-01,3.274639952213e-01,3.274639952213e-01
2.990000000000e+00,3.258393064448e-01,3.258393064448e-01,3.258393064448e-01
2.995000000000e+00,3.242223041068e-01,3.242223041068e-01,3.242223041068e-01
3.000000000000e+00,3.226129701952e-01,3.226129701952e-01,3.226129701952e-01
3.005000000000e+00,3.210112857966e-01,3.210112857966e-01,3.210112857966e-01
3.010000000000e+00,3.194172311488e-01,3.194172311488e-01,3.194172311488e-01
3.015000000000e+00,3.178307856917e-01,3.178307856917e-01,3.178307856917e-01
3.020000000000e+00,3.162519281142e-01,3.162519281142e-01,3.162519281142e-01
3.025000000000e+00,3.146806364001e-01,3.146806364001e-01,3.146806364001e-01
3.030000000000e+00,3.131168878710e-01,3.131168878710e-01,3.131168878710e-01
3.035000000000e+00,3.115606592274e-01,3.115606592274e-01,3.115606592274e-01
3.040000000000e+00,3.100119265873e-01,3.100119265873e-01,3.100119265873e-01
3.045000000000e+00,3.084706655237e-01,3.084706655237e-01,3.084706655237e-01
3.050000000000e+00,3.069368510990e-01,3.069368510990e-01,3.069368510990e-01
3.055000000000e+00,3.054104578992e-01,3.054104578992e-01,3.054104578992e-01
3.060000000000e+00,3.038914600647e-01,3.038914600647e-01,3.038914600647e-01
3.065000000000e+00,3.023798313212e-01,3.023798313212e-01,3.023798313212e-01
3.070000000000e+00,3.008755450080e-01,3.008755450080e-01,3.008755450080e-01
3.075000000000e+00,2.993785741049e-01,2.993785741049e-01,2.993785741049e-01
3.080000000000e+00,2.978888912585e-01,2.978888912585e-01,2.978888912585e-01
3.085000000000e+00,2.964064688062e-01,2.964064688062e-01,2.964064688062e-01
3.090000000000e+00,2.949312788000e-01,2.949312788000e-01,2.949312788000e-01
3.095000000000e+00,2.934632930280e-01,2.934632930280e-01,2.934632930280e-01
3.100000000000e+00,2.920024830358e-01,2.920024830358e-01,2.920024830358e-01
3.105000000000e+00,2.905488201463e-01,2.905488201463e-01,2.905488201463e-01
3.110000000000e+00,2.891022754785e-01,2.891022754785e-01,2.891022754785e-01
3.115000000000e+00,2.876628199654e-01,2.876628199654e-01,2.876628199654e-01
3.120000000000e+00,2.862304243714e-01,2.862304243714e-01,2.862304243714e-01
3.125000000000e+00,2.848050593079e-01,2.848050593079e-01,2.848050593079e-01
3.130000000000e+00,2.833866952489e-01,2.833866952489e-01,2.833866952489e-01
3.135000000000e+00,2.819753025457e-01,2.819753025457e-01,2.819753025457e-01
3.140000000000e+00,2.805708514404e-01,2.805708514404e-01,2.805708514404e-01
3.145000000000e+00,2.791733120790e-01,2.791733120790e-01,2.791733120790e-01
3.150000000000e+00,2.777826545240e-01,2.777826545240e-01,2.777826545240e-01
3.155000000000e+00,2.763988487661e-01,2.763988487661e-01,2.763988487661e-01
3.160000000000e+00,2.750218647351e-01,2.750218647351e-01,2.750218647351e-01
3.165000000000e+00,2.736516723108e-01,2.736516723108e-01,2.736516723108e-01
3.170000000000e+00,2.722882413328e-01,2.722882413328e-01,2.722882413328e-01
3.175000000000e+00,2.709315416100e-01,2.709315416100e-01,2.709315416100e-01
3.180000000000e+00,2.695815429299e-01,2.695815429299e-01,2.695815429299e-01
3.185000000000e+00,2.682382150664e-01,2.682382150664e-01,2.682382150664e-01
3.190000000000e+00,2.669015277886e-01,2.669015277886e-01,2.669015277886e-01
3.195000000000e+00,2.655714508681e-01,2.655714508681e-01,2.655714508681e-01
3.200000000000e+00,2.642479540862e-01,2.642479540862e-01,2.642479540862e-01
3.205000000000e+00,2.629310072406e-01,2.629310072406e-01,2.629310072406e-01
3.210000000000e+00,2.616205801523e-01,2.616205801523e-01,2.616205801523e-01
3.215000000000e+00,2.603166426714e-01,2.603166426714e-01,2.603166426714e-01
3.220000000000e+00,2.590191646826e-01,2.590191646826e-01,2.590191646826e-01
3.225000000000e+00,2.577281161114e-01,2.577281161114e-01,2.577281161114e-01
3.230000000000e+00,2.564434669286e-01,2.564434669286e-01,2.564434669286e-01
3.235000000000e+00,2.551651871553e-01,2.551651871553e-01,2.551651871553e-01
3.240000000000e+00,2.538932468679e-01,2.538932468679e-01,2.538932468679e-01
3.245000000000e+00,2.526276162017e-01,2.526276162017e-01,2.526276162017e-01
3.250000000000e+00,2.513682653559e-01,2.513682653559e-01,2.513682653559e-01
3.255000000000e+00,2.501151645965e-01,2.501151645965e-01,2.501151645965e-01
3.260000000000e+00,2.488682842607e-01,2.488682842607e-01,2.488682842607e-01
3.265000000000e+00,2.476275947599e-01,2.476275947599e-01,2.476275947599e-01
3.270000000000e+00,2.463930665831e-01,2.463930665831e-01,2.463930665831e-01
3.275000000000e+00,2.451646702999e-01,2.451646702999e-01,2.451646702999e-01
3.280000000000e+00,2.439423765632e-01,2.439423765632e-01,2.439423765632e-01
3.285000000000e+00,2.427261561121e-01,2.427261561121e-01,2.427261561121e-01
3.290000000000e+00,2.415159797742e-01,2.415159797742e-01,2.415159797742e-01
3.295000000000e+00,2.403118184682e-01,2.403118184682e-01,2.403118184682e-01
3.300000000000e+00,2.391136432059e-01,2.391136432059e-01,2.391136432059e-01
3.305000000000e+00,2.379214250942e-01,2.379214250942e-01,2.379214250942e-01
3.310000000000e+00,2.367351353374e-01,2.367351353374e-01,2.367351353374e-01
3.315000000000e+00,2.355547452386e-01,2.355547452386e-01,2.355547452386e-01
3.320000000000e+00,2.343802262015e-01,2.343802262015e-01,2.343802262015e-01
3.325000000000e+00,2.332115497323e-01,2.332115497323e-01,2.332115497323e-01
3.330000000000e+00,2.320486874405e-01,2.320486874405e-01,2.320486874405e-01
3.335000000000e+00,2.308916110409e-01,2.308916110409e-01,2.308916110409e-01
3.340000000000e+00,2.297402923546e-01,2.297402923546e-01,2.297402923546e-01
3.345000000000e+00,2.285947033100e-01,2.285947033100e-01,2.285947033100e-01
3.350000000000e+00,2.274548159442e-01,2.274548159442e-01,2.274548159442e-01
3.355000000000e+00,2.263206024037e-01,2.263206024037e-01,2.263206024037e-01
3.360000000000e+00,2.251920349455e-01,2.251920349455e-01,2.251920349455e-01
3.365000000000e+00,2.240690859380e-01,2.240690859380e-01,2.240690859380e-01
3.370000000000e+00,2.229517278614e-01,2.229517278614e-01,2.229517278614e-01
3.375000000000e+00,2.218399333089e-01,2.218399333089e-01,2.218399333089e-01
3.380000000000e+00,2.207336749870e-01,2.207336749870e-01,2.207336749870e-01
3.385000000000e+00,2.196329257160e-01,2.196329257160e-01,2.196329257160e-01
3.390000000000e+00,2.185376584309e-01,2.185376584309e-01,2.185376584309e-01
3.395000000000e+00,2.174478461815e-01,2.174478461815e-01,2.174478461815e-01
3.400000000000e+00,2.163634621329e-01,2.163634621329e-01,2.163634621329e-01
3.405000000000e+00,2.152844795660e-01,2.152844795660e-01,2.152844795660e-01
3.410000000000e+00,2.142108718776e-01,2.142108718776e-01,2.142108718776e-01
3.415000000000e+00,2.131426125808e-01,2.131426125808e-01,2.131426125808e-01
3.420000000000e+00,2.120796753050e-01,2.120796753050e-01,2.120796753050e-01
3.425000000000e+00,2.110220337967e-01,2.110220337967e-01,2.110220337967e-01
3.430000000000e+00,2.099696619186e-01,2.099696619186e-01,2.099696619186e-01
3.435000000000e+00,2.089225336509e-01,2.089225336509e-01,2.089225336509e-01
3.440000000000e+00,2.078806230904e-01,2.078806230904e-01,2.078806230904e-01
3.445000000000e+00,2.068439044510e-01,2.068439044510e-01,2.068439044510e-01
3.450000000000e+00,2.058123520638e-01,2.058123520638e-01,2.058123520638e-01
3.455000000000e+00,2.047859403766e-01,2.047859403766e-01,2.047859403766e-01
3.460000000000e+00,2.037646439545e-01,2.037646439545e-01,2.037646439545e-01
3.465000000000e+00,2.027484374792e-01,2.027484374792e-01,2.027484374792e-01
3.470000000000e+00,2.017372957495e-01,2.017372957495e-01,2.017372957495e-01
3.475000000000e+00,2.007311936805e-01,2.007311936805e-01,2.007311936805e-01
3.480000000000e+00,1.997301063043e-01,1.997301063043e-01,1.997301063043e-01
3.485000000000e+00,1.987340087690e-01,1.987340087690e-01,1.987340087690e-01
3.490000000000e+00,1.977428763389e-01,1.977428763389e-01,1.977428763389e-01
3.495000000000e+00,1.967566843946e-01,1.967566843946e-01,1.967566843946e-01
3.500000000000e+00,1.957754084322e-01,1.957754084322e-01,1.957754084322e-01
3.505000000000e+00,1.947990240633e-01,1.947990240633e-01,1.947990240633e-01
3.510000000000e+00,1.938275070150e-01,1.938275070150e-01,1.938275070150e-01
3.515000000000e+00,1.928608331293e-01,1.928608331293e-01,1.928608331293e-01
3.520000000000e+00,1.918989783628e-01,1.918989783628e-01,1.918989783628e-01
3.525000000000e+00,1.909419187870e-01,1.909419187870e-01,1.909419187870e-01
3.530000000000e+00,1.899896305869e-01,1.899896305869e-01,1.899896305869e-01
3.535000000000e+00,1.890420900619e-01,1.890420900619e-01,1.890420900619e-01
3.540000000000e+00,1.880992736245e-01,1.880992736245e-01,1.880992736245e-01
3.545000000000e+00,1.871611578007e-01,1.871611578007e-01,1.871611578007e-01
3.550000000000e+00,1.862277192290e-01,1.862277192290e-01,1.862277192290e-01
3.555000000000e+00,1.852989346606e-01,1.852989346606e-01,1.852989346606e-01
3.560000000000e+00,1.843747809588e-01,1.843747809588e-01,1.843747809588e-01
3.565000000000e+00,1.834552350983e-01,1.834552350983e-01,1.834552350983e-01
3.570000000000e+00,1.825402741656e-01,1.825402741656e-01,1.825402741656e-01
3.575000000000e+00,1.816298753580e-01,1.816298753580e-01,1.816298753580e-01
3.580000000000e+00,1.807240159832e-01,1.807240159832e-01,1.807240159832e-01
3.585000000000e+00,1.798226734592e-01,1.798226734592e-01,1.798226734592e-01
3.590000000000e+00,1.789258253140e-01,1.789258253140e-01,1.789258253140e-01
3.595000000000e+00,1.780334491845e-01,1.780334491845e-01,1.780334491845e-01
3.600000000000e+00,1.771455228170e-01,1.771455228170e-01,1.771455228170e-01
3.605000000000e+00,1.762620240660e-01,1.762620240660e-01,1.762620240660e-01
3.610000000000e+00,1.753829308943e-01,1.753829308943e-01,1.753829308943e-01
3.615000000000e+00,1.745082213724e-01,1.745082213724e-01,1.745082213724e-01
3.620000000000e+00,1.736378736780e-01,1.736378736780e-01,1.736378736780e-01
3.625000000000e+00,1.727718660955e-01,1.727718660955e-01,1.727718660955e-01
3.630000000000e+00,1.719101770160e-01,1.719101770160e-01,1.719101770160e-01
3.635000000000e+00,1.710527849362e-01,1.710527849362e-01,1.710527849362e-01
3.640000000000e+00,1.701996684586e-01,1.701996684586e-01,1.701996684586e-01
3.645000000000e+00,1.693508062907e-01,1.693508062907e-01,1.693508062907e-01
3.650000000000e+00,1.685061772446e-01,1.685061772446e-01,1.685061772446e-01
3.655000000000e+00,1.676657602365e-01,1.676657602365e-01,1.676657602365e-01
3.660000000000e+00,1.668295342864e-01,1.668295342864e-01,1.668295342864e-01
3.665000000000e+00,1.659974785177e-01,1.659974785177e-01,1.659974785177e-01
3.670000000000e+00,1.651695721565e-01,1.651695721565e-01,1.651695721565e-01
3.675000000000e+00,1.643457945314e-01,1.643457945314e-01,1.643457945314e-01
3.680000000000e+00,1.635261250728e-01,1.635261250728e-01,1.635261250728e-01
3.685000000000e+00,1.627105433127e-01,1.627105433127e-01,1.627105433127e-01
3.690000000000e+00,1.618990288842e-01,1.618990288842e-01,1.618990288842e-01
3.695000000000e+00,1.610915615207e-01,1.610915615207e-01,1.610915615207e-01
3.700000000000e+00,1.602881210560e-01,1.602881210560e-01,1.602881210560e-01
3.705000000000e+00,1.594886874235e-01,1.594886874235e-01,1.594886874235e-01
3.710000000000e+00,1.586932406558e-01,1.586932406558e-01,1.586932406558e-01
3.715000000000e+00,1.579017608843e-01,1.579017608843e-01,1.579017608843e-01
3.720000000000e+00,1.571142283387e-01,1.571142283387e-01,1.571142283387e-01
3.725000000000e+00,1.563306233465e-01,1.563306233465e-01,1.563306233465e-01
3.730000000000e+00,1.555509263327e-01,1.555509263327e-01,1.555509263327e-01
3.735000000000e+00,1.547751178192e-01,1.547751178192e-01,1.547751178192e-01
3.740000000000e+00,1.540031784246e-01,1.540031784246e-01,1.540031784246e-01
3.745000000000e+00,1.532350888633e-01,1.532350888633e-01,1.532350888633e-01
3.750000000000e+00,1.524708299454e-01,1.524708299454e-01,1.524708299454e-01
3.755000000000e+00,1.517103825762e-01,1.517103825762e-01,1.517103825762e-01
3.760000000000e+00,1.509537277557e-01,1.509537277557e-01,1.509537277557e-01
3.765000000000e+00,1.502008465781e-01,1.502008465781e-01,1.502008465781e-01
3.770000000000e+00,1.494517202316e-01,1.494517202316e-01,1.494517202316e-01
3.775000000000e+00,1.501405888661e-01,1.501405888661e-01,1.501405888661e-01
3.780000000000e+00,1.507560719611e-01,1.507560719611e-01,1.507560719611e-01
3.785000000000e+00,1.513019470202e-01,1.513019470202e-01,1.513019470202e-01
3.790000000000e+00,1.517818063261e-01,1.517818063261e-01,1.517818063261e-01
3.795000000000e+00,1.521990659790e-01,1.521990659790e-01,1.521990659790e-01
3.800000000000e+00,1.525569744942e-01,1.525569744942e-01,1.525569744942e-01
3.805000000000e+00,1.528586209797e-01,1.528586209797e-01,1.528586209797e-01
3.810000000000e+00,1.531069429161e-01,1.531069429161e-01,1.531069429161e-01
3.815000000000e+00,1.533047335557e-01,1.533047335557e-01,1.533047335557e-01
3.820000000000e+00,1.534546489620e-01,1.534546489620e-01,1.534546489620e-01
3.825000000000e+00,1.535592147050e-01,1.535592147050e-01,1.535592147050e-01
3.830000000000e+00,1.536208322302e-01,1.536208322302e-01,1.536208322302e-01
3.835000000000e+00,1.536417849169e-01,1.536417849169e-01,1.536417849169e-01
3.840000000000e+00,1.536242438415e-01,1.536242438415e-01,1.536242438415e-01
3.845000000000e+00,1.535702732585e-01,1.535702732585e-01,1.535702732585e-01
3.850000000000e+00,1.534818358159e-01,1.534818358159e-01,1.534818358159e-01
3.855000000000e+00,1.533607975143e-01,1.533607975143e-01,1.533607975143e-01
3.860000000000e+00,1.532089324258e-01,1.532089324258e-01,1.532089324258e-01
3.865000000000e+00,1.530279271816e-01,1.530279271816e-01,1.530279271816e-01
3.870000000000e+00,1.528193852413e-01,1.528193852413e-01,1.528193852413e-01
3.875000000000e+00,1.525848309539e-01,1.525848309539e-01,1.525848309539e-01
3.880000000000e+00,1.523257134201e-01,1.523257134201e-01,1.523257134201e-01
3.885000000000e+00,1.520434101674e-01,1.520434101674e-01,1.520434101674e-01
3.890000000000e+00,1.517392306447e-01,1.517392306447e-01,1.517392306447e-01
3.895000000000e+00,1.514144195472e-01,1.514144195472e-01,1.514144195472e-01
3.900000000000e+00,1.510701599791e-01,1.510701599791e-01,1.510701599791e-01
3.905000000000e+00,1.507075764616e-01,1.507075764616e-01,1.507075764616e-01
3.910000000000e+00,1.503277377944e-01,1.503277377944e-01,1.503277377944e-01
3.915000000000e+00,1.499316597780e-01,1.499316597780e-01,1.499316597780e-01
3.920000000000e+00,1.495203078023e-01,1.495203078023e-01,1.495203078023e-01
3.925000000000e+00,1.490945993102e-01,1.490945993102e-01,1.490945993102e-01
3.930000000000e+00,1.486554061395e-01,1.486554061395e-01,1.486554061395e-01
3.935000000000e+00,1.482035567521e-01,1.482035567521e-01,1.482035567521e-01
3.940000000000e+00,1.477398383533e-01,1.477398383533e-01,1.477398383533e-01
3.945000000000e+00,1.472649989084e-01,1.472649989084e-01,1.472649989084e-01
3.950000000000e+00,1.467797490604e-01,1.467797490604e-01,1.467797490604e-01
3.955000000000e+00,1.462847639547e-01,1.462847639547e-01,1.462847639547e-01
3.960000000000e+00,1.457806849746e-01,1.457806849746e-01,1.457806849746e-01
3.965000000000e+00,1.452681213917e-01,1.452681213917e-01,1.452681213917e-01
3.970000000000e+00,1.447476519363e-01,1.447476519363e-01,1.447476519363e-01
3.975000000000e+00,1.442198262914e-01,1.442198262914e-01,1.442198262914e-01
3.980000000000e+00,1.436851665128e-01,1.436851665128e-01,1.436851665128e-01
3.985000000000e+00,1.431441683812e-01,1.431441683812e-01,1.431441683812e-01
3.990000000000e+00,1.425973026872e-01,1.425973026872e-01,1.425973026872e-01
3.995000000000e+00,1.420450164545e-01,1.420450164545e-01,1.420450164545e-01
4.000000000000e+00,1.414877341030e-01,1.414877341030e-01,1.414877341030e-01
4.005000000000e+00,1.409258585548e-01,1.409258585548e-01,1.409258585548e-01
4.010000000000e+00,1.403597722873e-01,1.403597722873e-01,1.403597722873e-01
4.015000000000e+00,1.397898383337e-01,1.397898383337e-01,1.397898383337e-01
4.020000000000e+00,1.392164012354e-01,1.392164012354e-01,1.392164012354e-01
4.025000000000e+00,1.386397879482e-01,1.386397879482e-01,1.386397879482e-01
4.030000000000e+00,1.380603087030e-01,1.380603087030e-01,1.380603087030e-01
4.035000000000e+00,1.374782578263e-01,1.374782578263e-01,1.374782578263e-01
4.040000000000e+00,1.368939145190e-01,1.368939145190e-01,1.368939145190e-01
4.045000000000e+00,1.363075435985e-01,1.363075435985e-01,1.363075435985e-01
4.050000000000e+00,1.357193962034e-01,1.357193962034e-01,1.357193962034e-01
4.055000000000e+00,1.351297104650e-01,1.351297104650e-01,1.351297104650e-01
4.060000000000e+00,1.345387121452e-01,1.345387121452e-01,1.345387121452e-01
4.065000000000e+00,1.339466152436e-01,1.339466152436e-01,1.339466152436e-01
4.070000000000e+00,1.333536225747e-01,1.333536225747e-01,1.333536225747e-01
4.075000000000e+00,1.327599263175e-01,1.327599263175e-01,1.327599263175e-01
4.080000000000e+00,1.321657085377e-01,1.321657085377e-01,1.321657085377e-01
4.085000000000e+00,1.315711416844e-01,1.315711416844e-01,1.315711416844e-01
4.090000000000e+00,1.309763890633e-01,1.309763890633e-01,1.309763890633e-01
4.095000000000e+00,1.303816052859e-01,1.303816052859e-01,1.303816052859e-01
4.100000000000e+00,1.297869366972e-01,1.297869366972e-01,1.297869366972e-01
4.105000000000e+00,1.291925217827e-01,1.291925217827e-01,1.291925217827e-01
4.110000000000e+00,1.285984915550e-01,1.285984915550e-01,1.285984915550e-01
4.115000000000e+00,1.280049699222e-01,1.280049699222e-01,1.280049699222e-01
4.120000000000e+00,1.274120740375e-01,1.274120740375e-01,1.274120740375e-01
4.125000000000e+00,1.268199146327e-01,1.268199146327e-01,1.268199146327e-01
4.130000000000e+00,1.262285963345e-01,1.262285963345e-01,1.262285963345e-01
4.135000000000e+00,1.256382179660e-01,1.256382179660e-01,1.256382179660e-01
4.140000000000e+00,1.250488728332e-01,1.250488728332e-01,1.250488728332e-01
4.145000000000e+00,1.244606489975e-01,1.244606489975e-01,1.244606489975e-01
4.150000000000e+00,1.238736295348e-01,1.238736295348e-01,1.238736295348e-01
4.155000000000e+00,1.232878927825e-01,1.232878927825e-01,1.232878927825e-01
4.160000000000e+00,1.227035125735e-01,1.227035125735e-01,1.227035125735e-01
4.165000000000e+00,1.221205584598e-01,1.221205584598e-01,1.221205584598e-01
4.170000000000e+00,1.215390959244e-01,1.215390959244e-01,1.215390959244e-01
4.175000000000e+00,1.209591865831e-01,1.209591865831e-01,1.209591865831e-01
4.180000000000e+00,1.203808883765e-01,1.203808883765e-01,1.203808883765e-01
4.185000000000e+00,1.198042557528e-01,1.198042557528e-01,1.198042557528e-01
4.190000000000e+00,1.192293398411e-01,1.192293398411e-01,1.192293398411e-01
4.195000000000e+00,1.186561886168e-01,1.186561886168e-01,1.186561886168e-01
4.200000000000e+00,1.180848470586e-01,1.180848470586e-01,1.180848470586e-01
4.205000000000e+00,1.175153572982e-01,1.175153572982e-01,1.175153572982e-01
4.210000000000e+00,1.169477587618e-01,1.169477587618e-01,1.169477587618e-01
4.215000000000e+00,1.163820883062e-01,1.163820883062e-01,1.163820883062e-01
4.220000000000e+00,1.158183803463e-01,1.158183803463e-01,1.158183803463e-01
4.225000000000e+00,1.152566669783e-01,1.152566669783e-01,1.152566669783e-01
4.230000000000e+00,1.146969780953e-01,1.146969780953e-01,1.146969780953e-01
4.235000000000e+00,1.141393414986e-01,1.141393414986e-01,1.141393414986e-01
4.240000000000e+00,1.135837830021e-01,1.135837830021e-01,1.135837830021e-01
4.245000000000e+00,1.130303265332e-01,1.130303265332e-01,1.130303265332e-01
4.250000000000e+00,1.124789942271e-01,1.124789942271e-01,1.124789942271e-01
4.255000000000e+00,1.119298065181e-01,1.119298065181e-01,1.119298065181e-01
4.260000000000e+00,1.113827822251e-01,1.113827822251e-01,1.113827822251e-01
4.265000000000e+00,1.108379386338e-01,1.108379386338e-01,1.108379386338e-01
4.270000000000e+00,1.102952915743e-01,1.102952915743e-01,1.102952915743e-01
4.275000000000e+00,1.097548554953e-01,1.097548554953e-01,1.097548554953e-01
4.280000000000e+00,1.092166435345e-01,1.092166435345e-01,1.092166435345e-01
4.285000000000e+00,1.086806675855e-01,1.086806675855e-01,1.086806675855e-01
4.290000000000e+00,1.081469383615e-01,1.081469383615e-01,1.081469383615e-01
4.295000000000e+00,1.076154654560e-01,1.076154654560e-01,1.076154654560e-01
4.300000000000e+00,1.070862574002e-01,1.070862574002e-01,1.070862574002e-01
4.305000000000e+00,1.065593217176e-01,1.065593217176e-01,1.065593217176e-01
4.310000000000e+00,1.060346649769e-01,1.060346649769e-01,1.060346649769e-01
4.315000000000e+00,1.055122928403e-01,1.055122928403e-01,1.055122928403e-01
4.320000000000e+00,1.049922101118e-01,1.049922101118e-01,1.049922101118e-01
4.325000000000e+00,1.044744207810e-01,1.044744207810e-01,1.044744207810e-01
4.330000000000e+00,1.039589280665e-01,1.039589280665e-01,1.039589280665e-01
4.335000000000e+00,1.034457344558e-01,1.034457344558e-01,1.034457344558e-01
4.340000000000e+00,1.029348417441e-01,1.029348417441e-01,1.029348417441e-01
4.345000000000e+00,1.024262510709e-01,1.024262510709e-01,1.024262510709e-01
4.350000000000e+00,1.019199629547e-01,1.019199629547e-01,1.019199629547e-01
4.355000000000e+00,1.014159773261e-01,1.014159773261e-01,1.014159773261e-01
4.360000000000e+00,1.009142935595e-01,1.009142935595e-01,1.009142935595e-01
4.365000000000e+00,1.004149105027e-01,1.004149105027e-01,1.004149105027e-01
4.370000000000e+00,9.991782650577e-02,9.991782650577e-02,9.991782650577e-02
4.375000000000e+00,9.942303944760e-02,9.942303944760e-02,9.942303944760e-02
4.380000000000e+00,9.893054676197e-02,9.893054676197e-02,9.893054676197e-02
4.385000000000e+00,9.844034546191e-02,9.844034546191e-02,9.844034546191e-02
4.390000000000e+00,9.795243216289e-02,9.795243216289e-02,9.795243216289e-02
4.395000000000e+00,9.746680310500e-02,9.746680310500e-02,9.746680310500e-02
4.400000000000e+00,9.698345417388e-02,9.698345417388e-02,9.698345417388e-02
4.405000000000e+00,9.650238092075e-02,9.650238092075e-02,9.650238092075e-02
4.410000000000e+00,9.602357858134e-02,9.602357858134e-02,9.602357858134e-02
4.415000000000e+00,9.554704209396e-02,9.554704209396e-02,9.554704209396e-02
4.420000000000e+00,9.507276611664e-02,9.507276611664e-02,9.507276611664e-02
4.425000000000e+00,9.460074504343e-02,9.460074504343e-02,9.460074504343e-02
4.430000000000e+00,9.413097301988e-02,9.413097301988e-02,9.413097301988e-02
4.435000000000e+00,9.366344395778e-02,9.366344395778e-02,9.366344395778e-02
4.440000000000e+00,9.319815154915e-02,9.319815154915e-02,9.319815154915e-02
4.445000000000e+00,9.273508927951e-02,9.273508927951e-02,9.273508927951e-02
4.450000000000e+00,9.227425044054e-02,9.227425044054e-02,9.227425044054e-02
4.455000000000e+00,9.181562814208e-02,9.181562814208e-02,9.181562814208e-02
4.460000000000e+00,9.135921532353e-02,9.135921532353e-02,9.135921532353e-02
4.465000000000e+00,9.090500476471e-02,9.090500476471e-02,9.090500476471e-02
4.470000000000e+00,9.045298909612e-02,9.045298909612e-02,9.045298909612e-02
4.475000000000e+00,9.000316080875e-02,9.000316080875e-02,9.000316080875e-02
4.480000000000e+00,8.955551226337e-02,8.955551226337e-02,8.955551226337e-02
4.485000000000e+00,8.911003569935e-02,8.911003569935e-02,8.911003569935e-02
4.490000000000e+00,8.866672324304e-02,8.866672324304e-02,8.866672324304e-02
4.495000000000e+00,8.822556691576e-02,8.822556691576e-02,8.822556691576e-02
4.500000000000e+00,8.778655864131e-02,8.778655864131e-02,8.778655864131e-02
4.505000000000e+00,8.734969025321e-02,8.734969025321e-02,8.734969025321e-02
4.510000000000e+00,8.691495350149e-02,8.691495350149e-02,8.691495350149e-02
4.515000000000e+00,8.648234005916e-02,8.648234005916e-02,8.648234005916e-02
4.520000000000e+00,8.605184152838e-02,8.605184152838e-02,8.605184152838e-02
4.525000000000e+00,8.562344944625e-02,8.562344944625e-02,8.562344944625e-02
4.530000000000e+00,8.519715529041e-02,8.519715529041e-02,8.519715529041e-02
4.535000000000e+00,8.477295048425e-02,8.477295048425e-02,8.477295048425e-02
4.540000000000e+00,8.435082640191e-02,8.435082640191e-02,8.435082640191e-02
4.545000000000e+00,8.393077437303e-02,8.393077437303e-02,8.393077437303e-02
4.550000000000e+00,8.351278568721e-02,8.351278568721e-02,8.351278568721e-02
4.555000000000e+00,8.309685159831e-02,8.309685159831e-02,8.309685159831e-02
4.560000000000e+00,8.268296332846e-02,8.268296332846e-02,8.268296332846e-02
4.565000000000e+00,8.227111207189e-02,8.227111207189e-02,8.227111207189e-02
4.570000000000e+00,8.186128899860e-02,8.186128899860e-02,8.186128899860e-02
4.575000000000e+00,8.145348525778e-02,8.145348525778e-02,8.145348525778e-02
4.580000000000e+00,8.104769198105e-02,8.104769198105e-02,8.104769198105e-02
4.585000000000e+00,8.064390028562e-02,8.064390028562e-02,8.064390028562e-02
4.590000000000e+00,8.024210127718e-02,8.024210127718e-02,8.024210127718e-02
4.595000000000e+00,7.984228605267e-02,7.984228605267e-02,7.984228605267e-02
4.600000000000e+00,7.944444570295e-02,7.944444570295e-02,7.944444570295e-02
4.605000000000e+00,7.904857131527e-02,7.904857131527e-02,7.904857131527e-02
4.610000000000e+00,7.865465397564e-02,7.865465397564e-02,7.865465397564e-02
4.615000000000e+00,7.826268477104e-02,7.826268477104e-02,7.826268477104e-02
4.620000000000e+00,7.787265479159e-02,7.787265479159e-02,7.787265479159e-02
4.625000000000e+00,7.748455513249e-02,7.748455513249e-02,7.748455513249e-02
4.630000000000e+00,7.709837689594e-02,7.709837689594e-02,7.709837689594e-02
4.635000000000e+00,7.671411119294e-02,7.671411119294e-02,7.671411119294e-02
4.640000000000e+00,7.633174914497e-02,7.633174914497e-02,7.633174914497e-02
4.645000000000e+00,7.595128188558e-02,7.595128188558e-02,7.595128188558e-02
4.650000000000e+00,7.557270056192e-02,7.557270056192e-02,7.557270056192e-02
4.655000000000e+00,7.519599633616e-02,7.519599633616e-02,7.519599633616e-02
4.660000000000e+00,7.482116038681e-02,7.482116038681e-02,7.482116038681e-02
4.665000000000e+00,7.444818391003e-02,7.444818391003e-02,7.444818391003e-02
4.670000000000e+00,7.407705812082e-02,7.407705812082e-02,7.407705812082e-02
4.675000000000e+00,7.370777425411e-02,7.370777425411e-02,7.370777425411e-02
4.680000000000e+00,7.334032356588e-02,7.334032356588e-02,7.334032356588e-02
4.685000000000e+00,7.297469733413e-02,7.297469733413e-02,7.297469733413e-02
4.690000000000e+00,7.261088685982e-02,7.261088685982e-02,7.261088685982e-02
4.695000000000e+00,7.224888346776e-02,7.224888346776e-02,7.224888346776e-02
4.700000000000e+00,7.188867850747e-02,7.188867850747e-02,7.188867850747e-02
4.705000000000e+00,7.153026335392e-02,7.153026335392e-02,7.153026335392e-02
4.710000000000e+00,7.117362940831e-02,7.117362940831e-02,7.117362940831e-02
4.715000000000e+00,7.081876809870e-02,7.081876809870e-02,7.081876809870e-02
4.720000000000e+00,7.046567088073e-02,7.046567088073e-02,7.046567088073e-02
4.725000000000e+00,7.011432923816e-02,7.011432923816e-02,7.011432923816e-02
4.730000000000e+00,6.976473468347e-02,6.976473468347e-02,6.976473468347e-02
4.735000000000e+00,6.941687875839e-02,6.941687875839e-02,6.941687875839e-02
4.740000000000e+00,6.907075303436e-02,6.907075303436e-02,6.907075303436e-02
4.745000000000e+00,6.872634911302e-02,6.872634911302e-02,6.872634911302e-02
4.750000000000e+00,6.838365862664e-02,6.838365862664e-02,6.838365862664e-02
4.755000000000e+00,6.804267323849e-02,6.804267323849e-02,6.804267323849e-02
4.760000000000e+00,6.770338464324e-02,6.770338464324e-02,6.770338464324e-02
4.765000000000e+00,6.736578456725e-02,6.736578456725e-02,6.736578456725e-02
4.770000000000e+00,6.702986476896e-02,6.702986476896e-02,6.702986476896e-02
4.775000000000e+00,6.669561703912e-02,6.669561703912e-02,6.669561703912e-02
4.780000000000e+00,6.636303320107e-02,6.636303320107e-02,6.636303320107e-02
4.785000000000e+00,6.603210511099e-02,6.603210511099e-02,6.603210511099e-02
4.790000000000e+00,6.570282465815e-02,6.570282465815e-02,6.570282465815e-02
4.795000000000e+00,6.537518376505e-02,6.537518376505e-02,6.537518376505e-02
4.800000000000e+00,6.504917438767e-02,6.504917438767e-02,6.504917438767e-02
4.805000000000e+00,6.472478851559e-02,6.472478851559e-02,6.472478851559e-02
4.810000000000e+00,6.440201817216e-02,6.440201817216e-02,6.440201817216e-02
4.815000000000e+00,6.408085541466e-02,6.408085541466e-02,6.408085541466e-02
4.820000000000e+00,6.376129233434e-02,6.376129233434e-02,6.376129233434e-02
4.825000000000e+00,6.344332105661e-02,6.344332105661e-02,6.344332105661e-02
4.830000000000e+00,6.312693374107e-02,6.312693374107e-02,6.312693374107e-02
4.835000000000e+00,6.281212258163e-02,6.281212258163e-02,6.281212258163e-02
4.840000000000e+00,6.249887980652e-02,6.249887980652e-02,6.249887980652e-02
4.845000000000e+00,6.218719767841e-02,6.218719767841e-02,6.218719767841e-02
4.850000000000e+00,6.187706849437e-02,6.187706849437e-02,6.187706849437e-02
4.855000000000e+00,6.156848458600e-02,6.156848458600e-02,6.156848458600e-02
4.860000000000e+00,6.126143831935e-02,6.126143831935e-02,6.126143831935e-02
4.865000000000e+00,6.095592209499e-02,6.095592209499e-02,6.095592209499e-02
4.870000000000e+00,6.065192834801e-02,6.065192834801e-02,6.065192834801e-02
4.875000000000e+00,6.034944954799e-02,6.034944954799e-02,6.034944954799e-02
4.880000000000e+00,6.004847819900e-02,6.004847819900e-02,6.004847819900e-02
4.885000000000e+00,5.974900683956e-02,5.974900683956e-02,5.974900683956e-02
4.890000000000e+00,5.945102804267e-02,5.945102804267e-02,5.945102804267e-02
4.895000000000e+00,5.915453441567e-02,5.915453441567e-02,5.915453441567e-02
4.900000000000e+00,5.885951860030e-02,5.885951860030e-02,5.885951860030e-02
4.905000000000e+00,5.856597327259e-02,5.856597327259e-02,5.856597327259e-02
4.910000000000e+00,5.827389114283e-02,5.827389114283e-02,5.827389114283e-02
4.915000000000e+00,5.798326495549e-02,5.798326495549e-02,5.798326495549e-02
4.920000000000e+00,5.769408748919e-02,5.769408748919e-02,5.769408748919e-02
4.925000000000e+00,5.740635155658e-02,5.740635155658e-02,5.740635155658e-02
4.930000000000e+00,5.712005000434e-02,5.712005000434e-02,5.712005000434e-02
4.935000000000e+00,5.683517571300e-02,5.683517571300e-02,5.683517571300e-02
4.940000000000e+00,5.655172159695e-02,5.655172159695e-02,5.655172159695e-02
4.945000000000e+00,5.626968060431e-02,5.626968060431e-02,5.626968060431e-02
4.950000000000e+00,5.598904571683e-02,5.598904571683e-02,5.598904571683e-02
4.955000000000e+00,5.570980994984e-02,5.570980994984e-02,5.570980994984e-02
4.960000000000e+00,5.543196635210e-02,5.543196635210e-02,5.543196635210e-02
4.965000000000e+00,5.515550800575e-02,5.515550800575e-02,5.515550800575e-02
4.970000000000e+00,5.488042802617e-02,5.488042802617e-02,5.488042802617e-02
4.975000000000e+00,5.460671956189e-02,5.460671956189e-02,5.460671956189e-02
4.980000000000e+00,5.433437579448e-02,5.433437579448e-02,5.433437579448e-02
4.985000000000e+00,5.406338993845e-02,5.406338993845e-02,5.406338993845e-02
4.990000000000e+00,5.379375524113e-02,5.379375524113e-02,5.379375524113e-02
4.995000000000e+00,5.352546498255e-02,5.352546498255e-02,5.352546498255e-02
5.000000000000e+00,5.325851247535e-02,5.325851247535e-02,5.325851247535e-02
5.005000000000e+00,5.299289106460e-02,5.299289106460e-02,5.299289106460e-02
5.010000000000e+00,5.272859412778e-02,5.272859412778e-02,5.272859412778e-02
5.015000000000e+00,5.246561507456e-02,5.246561507456e-02,5.246561507456e-02
5.020000000000e+00,5.220394734675e-02,5.220394734675e-02,5.220394734675e-02
5.025000000000e+00,5.194358441813e-02,5.194358441813e-02,5.194358441813e-02
5.030000000000e+00,5.168451979436e-02,5.168451979436e-02,5.168451979436e-02
5.035000000000e+00,5.142674701282e-02,5.142674701282e-02,5.142674701282e-02
5.040000000000e+00,5.117025964253e-02,5.117025964253e-02,5.117025964253e-02
5.045000000000e+00,5.091505128396e-02,5.091505128396e-02,5.091505128396e-02
5.050000000000e+00,5.066111556896e-02,5.066111556896e-02,5.066111556896e-02
5.055000000000e+00,5.040844616061e-02,5.040844616061e-02,5.040844616061e-02
5.060000000000e+00,5.015703675308e-02,5.015703675308e-02,5.015703675308e-02
5.065000000000e+00,4.990688107150e-02,4.990688107150e-02,4.990688107150e-02
5.070000000000e+00,4.965797287185e-02,4.965797287185e-02,4.965797287185e-02
5.075000000000e+00,4.941030594080e-02,4.941030594080e-02,4.941030594080e-02
5.080000000000e+00,4.916387409562e-02,4.916387409562e-02,4.916387409562e-02
5.085000000000e+00,4.891867118400e-02,4.891867118400e-02,4.891867118400e-02
5.090000000000e+00,4.867469108394e-02,4.867469108394e-02,4.867469108394e-02
5.095000000000e+00,4.843192770361e-02,4.843192770361e-02,4.843192770361e-02
5.100000000000e+00,4.819037498125e-02,4.819037498125e-02,4.819037498125e-02
5.105000000000e+00,4.795002688498e-02,4.795002688498e-02,4.795002688498e-02
5.110000000000e+00,4.771087741271e-02,4.771087741271e-02,4.771087741271e-02
5.115000000000e+00,4.747292059200e-02,4.747292059200e-02,4.747292059200e-02
5.120000000000e+00,4.723615047989e-02,4.723615047989e-02,4.723615047989e-02
5.125000000000e+00,4.700056116283e-02,4.700056116283e-02,4.700056116283e-02
5.130000000000e+00,4.676614675649e-02,4.676614675649e-02,4.676614675649e-02
5.135000000000e+00,4.653290140566e-02,4.653290140566e-02,4.653290140566e-02
5.140000000000e+00,4.630081928410e-02,4.630081928410e-02,4.630081928410e-02
5.145000000000e+00,4.606989459440e-02,4.606989459440e-02,4.606989459440e-02
5.150000000000e+00,4.584012156789e-02,4.584012156789e-02,4.584012156789e-02
5.155000000000e+00,4.561149446444e-02,4.561149446444e-02,4.561149446444e-02
5.160000000000e+00,4.538400757239e-02,4.538400757239e-02,4.538400757239e-02
5.165000000000e+00,4.515765520836e-02,4.515765520836e-02,4.515765520836e-02
5.170000000000e+00,4.493243171718e-02,4.493243171718e-02,4.493243171718e-02
5.175000000000e+00,4.470833147169e-02,4.470833147169e-02,4.470833147169e-02
5.180000000000e+00,4.448534887268e-02,4.448534887268e-02,4.448534887268e-02
5.185000000000e+00,4.426347834870e-02,4.426347834870e-02,4.426347834870e-02
5.190000000000e+00,4.404271435593e-02,4.404271435593e-02,4.404271435593e-02
5.195000000000e+00,4.382305137812e-02,4.382305137812e-02,4.382305137812e-02
5.200000000000e+00,4.360448392635e-02,4.360448392635e-02,4.360448392635e-02
5.205000000000e+00,4.338700653900e-02,4.338700653900e-02,4.338700653900e-02
5.210000000000e+00,4.317061378155e-02,4.317061378155e-02,4.317061378155e-02
5.215000000000e+00,4.295530024649e-02,4.295530024649e-02,4.295530024649e-02
5.220000000000e+00,4.274106055318e-02,4.274106055318e-02,4.274106055318e-02
5.225000000000e+00,4.252788934771e-02,4.252788934771e-02,4.252788934771e-02
5.230000000000e+00,4.231578130279e-02,4.231578130279e-02,4.231578130279e-02
5.235000000000e+00,4.210473111759e-02,4.210473111759e-02,4.210473111759e-02
5.240000000000e+00,4.189473351766e-02,4.189473351766e-02,4.189473351766e-02
5.245000000000e+00,4.168578325477e-02,4.168578325477e-02,4.168578325477e-02
5.250000000000e+00,4.147787510678e-02,4.147787510678e-02,4.147787510678e-02
5.255000000000e+00,4.127100387752e-02,4.127100387752e-02,4.127100387752e-02
5.260000000000e+00,4.106516439669e-02,4.106516439669e-02,4.106516439669e-02
5.265000000000e+00,4.086035151969e-02,4.086035151969e-02,4.086035151969e-02
5.270000000000e+00,4.065656012753e-02,4.065656012753e-02,4.065656012753e-02
5.275000000000e+00,4.064273780586e-02,4.064273780586e-02,4.064273780586e-02
5.280000000000e+00,4.061976907099e-02,4.061976907099e-02,4.061976907099e-02
5.285000000000e+00,4.058814897890e-02,4.058814897890e-02,4.058814897890e-02
5.290000000000e+00,4.054834819710e-02,4.054834819710e-02,4.054834819710e-02
5.295000000000e+00,4.050081419529e-02,4.050081419529e-02,4.050081419529e-02
5.300000000000e+00,4.044597237797e-02,4.044597237797e-02,4.044597237797e-02
5.305000000000e+00,4.038422716176e-02,4.038422716176e-02,4.038422716176e-02
5.310000000000e+00,4.031596300022e-02,4.031596300022e-02,4.031596300022e-02
5.315000000000e+00,4.024154535858e-02,4.024154535858e-02,4.024154535858e-02
5.320000000000e+00,4.016132164111e-02,4.016132164111e-02,4.016132164111e-02
5.325000000000e+00,4.007562207303e-02,4.007562207303e-02,4.007562207303e-02
5.330000000000e+00,3.998476053963e-02,3.998476053963e-02,3.998476053963e-02
5.335000000000e+00,3.988903538425e-02,3.988903538425e-02,3.988903538425e-02
5.340000000000e+00,3.978873016750e-02,3.978873016750e-02,3.978873016750e-02
5.345000000000e+00,3.968411438935e-02,3.968411438935e-02,3.968411438935e-02
5.350000000000e+00,3.957544417605e-02,3.957544417605e-02,3.957544417605e-02
5.355000000000e+00,3.946296293350e-02,3.946296293350e-02,3.946296293350e-02
5.360000000000e+00,3.934690196879e-02,3.934690196879e-02,3.934690196879e-02
5.365000000000e+00,3.922748108137e-02,3.922748108137e-02,3.922748108137e-02
5.370000000000e+00,3.910490912546e-02,3.910490912546e-02,3.910490912546e-02
5.375000000000e+00,3.897938454496e-02,3.897938454496e-02,3.897938454496e-02
5.380000000000e+00,3.885109588225e-02,3.885109588225e-02,3.885109588225e-02
5.385000000000e+00,3.872022226228e-02,3.872022226228e-02,3.872022226228e-02
5.390000000000e+00,3.858693385290e-02,3.858693385290e-02,3.858693385290e-02
5.395000000000e+00,3.845139230286e-02,3.845139230286e-02,3.845139230286e-02
5.400000000000e+00,3.831375115834e-02,3.831375115834e-02,3.831375115834e-02
5.405000000000e+00,3.817415625926e-02,3.817415625926e-02,3.817415625926e-02
5.410000000000e+00,3.803274611615e-02,3.803274611615e-02,3.803274611615e-02
5.415000000000e+00,3.788965226874e-02,3.788965226874e-02,3.788965226874e-02
5.420000000000e+00,3.774499962697e-02,3.774499962697e-02,3.774499962697e-02
5.425000000000e+00,3.759890679542e-02,3.759890679542e-02,3.759890679542e-02
5.430000000000e+00,3.745148638187e-02,3.745148638187e-02,3.745148638187e-02
5.435000000000e+00,3.730284529085e-02,3.730284529085e-02,3.730284529085e-02
5.440000000000e+00,3.715308500282e-02,3.715308500282e-02,3.715308500282e-02
5.445000000000e+00,3.700230183977e-02,3.700230183977e-02,3.700230183977e-02
5.450000000000e+00,3.685058721785e-02,3.685058721785e-02,3.685058721785e-02
5.455000000000e+00,3.669802788766e-02,3.669802788766e-02,3.669802788766e-02
5.460000000000e+00,3.654470616281e-02,3.654470616281e-02,3.654470616281e-02
5.465000000000e+00,3.639070013737e-02,3.639070013737e-02,3.639070013737e-02
5.470000000000e+00,3.623608389266e-02,3.623608389266e-02,3.623608389266e-02
5.475000000000e+00,3.608092769400e-02,3.608092769400e-02,3.608092769400e-02
5.480000000000e+00,3.592529817780e-02,3.592529817780e-02,3.592529817780e-02
5.485000000000e+00,3.576925852955e-02,3.576925852955e-02,3.576925852955e-02
5.490000000000e+00,3.561286865318e-02,3.561286865318e-02,3.561286865318e-02
5.495000000000e+00,3.545618533201e-02,3.545618533201e-02,3.545618533201e-02
5.500000000000e+00,3.529926238202e-02,3.529926238202e-02,3.529926238202e-02
5.505000000000e+00,3.514215079753e-02,3.514215079753e-02,3.514215079753e-02
5.510000000000e+00,3.498489888976e-02,3.498489888976e-02,3.498489888976e-02
5.515000000000e+00,3.482755241873e-02,3.482755241873e-02,3.482755241873e-02
5.520000000000e+00,3.467015471860e-02,3.467015471860e-02,3.467015471860e-02
5.525000000000e+00,3.451274681697e-02,3.451274681697e-02,3.451274681697e-02
5.530000000000e+00,3.435536754835e-02,3.435536754835e-02,3.435536754835e-02
5.535000000000e+00,3.419805366204e-02,3.419805366204e-02,3.419805366204e-02
5.540000000000e+00,3.404083992482e-02,3.404083992482e-02,3.404083992482e-02
5.545000000000e+00,3.388375921857e-02,3.388375921857e-02,3.388375921857e-02
5.550000000000e+00,3.372684263314e-02,3.372684263314e-02,3.372684263314e-02
5.555000000000e+00,3.357011955467e-02,3.357011955467e-02,3.357011955467e-02
5.560000000000e+00,3.341361774967e-02,3.341361774967e-02,3.341361774967e-02
5.565000000000e+00,3.325736344489e-02,3.325736344489e-02,3.325736344489e-02
5.570000000000e+00,3.310138140334e-02,3.310138140334e-02,3.310138140334e-02
5.575000000000e+00,3.294569499664e-02,3.294569499664e-02,3.294569499664e-02
5.580000000000e+00,3.279032627375e-02,3.279032627375e-02,3.279032627375e-02
5.585000000000e+00,3.263529602644e-02,3.263529602644e-02,3.263529602644e-02
5.590000000000e+00,3.248062385143e-02,3.248062385143e-02,3.248062385143e-02
5.595000000000e+00,3.232632820967e-02,3.232632820967e-02,3.232632820967e-02
5.600000000000e+00,3.217242648257e-02,3.217242648257e-02,3.217242648257e-02
5.605000000000e+00,3.201893502554e-02,3.201893502554e-02,3.201893502554e-02
5.610000000000e+00,3.186586921897e-02,3.186586921897e-02,3.186586921897e-02
5.615000000000e+00,3.171324351661e-02,3.171324351661e-02,3.171324351661e-02
5.620000000000e+00,3.156107149168e-02,3.156107149168e-02,3.156107149168e-02
5.625000000000e+00,3.140936588067e-02,3.140936588067e-02,3.140936588067e-02
5.630000000000e+00,3.125813862501e-02,3.125813862501e-02,3.125813862501e-02
5.635000000000e+00,3.110740091077e-02,3.110740091077e-02,3.110740091077e-02
5.640000000000e+00,3.095716320629e-02,3.095716320629e-02,3.095716320629e-02
5.645000000000e+00,3.080743529808e-02,3.080743529808e-02,3.080743529808e-02
5.650000000000e+00,3.065822632491e-02,3.065822632491e-02,3.065822632491e-02
5.655000000000e+00,3.050954481029e-02,3.050954481029e-02,3.050954481029e-02
5.660000000000e+00,3.036139869328e-02,3.036139869328e-02,3.036139869328e-02
5.665000000000e+00,3.021379535784e-02,3.021379535784e-02,3.021379535784e-02
5.670000000000e+00,3.006674166076e-02,3.006674166076e-02,3.006674166076e-02
5.675000000000e+00,2.992024395819e-02,2.992024395819e-02,2.992024395819e-02
5.680000000000e+00,2.977430813090e-02,2.977430813090e-02,2.977430813090e-02
5.685000000000e+00,2.962893960826e-02,2.962893960826e-02,2.962893960826e-02
5.690000000000e+00,2.948414339111e-02,2.948414339111e-02,2.948414339111e-02
5.695000000000e+00,2.933992407346e-02,2.933992407346e-02,2.933992407346e-02
5.700000000000e+00,2.919628586313e-02,2.919628586313e-02,2.919628586313e-02
5.705000000000e+00,2.905323260142e-02,2.905323260142e-02,2.905323260142e-02
5.710000000000e+00,2.891076778178e-02,2.891076778178e-02,2.891076778178e-02
5.715000000000e+00,2.876889456757e-02,2.876889456757e-02,2.876889456757e-02
5.720000000000e+00,2.862761580895e-02,2.862761580895e-02,2.862761580895e-02
5.725000000000e+00,2.848693405897e-02,2.848693405897e-02,2.848693405897e-02
5.730000000000e+00,2.834685158883e-02,2.834685158883e-02,2.834685158883e-02
5.735000000000e+00,2.820737040242e-02,2.820737040242e-02,2.820737040242e-02
5.740000000000e+00,2.806849225011e-02,2.806849225011e-02,2.806849225011e-02
5.745000000000e+00,2.793021864195e-02,2.793021864195e-02,2.793021864195e-02
5.750000000000e+00,2.779255086010e-02,2.779255086010e-02,2.779255086010e-02
5.755000000000e+00,2.765548997077e-02,2.765548997077e-02,2.765548997077e-02
5.760000000000e+00,2.751903683545e-02,2.751903683545e-02,2.751903683545e-02
5.765000000000e+00,2.738319212172e-02,2.738319212172e-02,2.738319212172e-02
5.770000000000e+00,2.724795631345e-02,2.724795631345e-02,2.724795631345e-02
5.775000000000e+00,2.711332972047e-02,2.711332972047e-02,2.711332972047e-02
5.780000000000e+00,2.697931248787e-02,2.697931248787e-02,2.697931248787e-02
5.785000000000e+00,2.684590460474e-02,2.684590460474e-02,2.684590460474e-02
5.790000000000e+00,2.671310591254e-02,2.671310591254e-02,2.671310591254e-02
5.795000000000e+00,2.658091611302e-02,2.658091611302e-02,2.658091611302e-02
5.800000000000e+00,2.644933477579e-02,2.644933477579e-02,2.644933477579e-02
5.805000000000e+00,2.631836134549e-02,2.631836134549e-02,2.631836134549e-02
5.810000000000e+00,2.618799514860e-02,2.618799514860e-02,2.618799514860e-02
5.815000000000e+00,2.605823539995e-02,2.605823539995e-02,2.605823539995e-02
5.820000000000e+00,2.592908120886e-02,2.592908120886e-02,2.592908120886e-02
5.825000000000e+00,2.580053158502e-02,2.580053158502e-02,2.580053158502e-02
5.830000000000e+00,2.567258544406e-02,2.567258544406e-02,2.567258544406e-02
5.835000000000e+00,2.554524161286e-02,2.554524161286e-02,2.554524161286e-02
5.840000000000e+00,2.541849883455e-02,2.541849883455e-02,2.541849883455e-02
5.845000000000e+00,2.529235577333e-02,2.529235577333e-02,2.529235577333e-02
5.850000000000e+00,2.516681101900e-02,2.516681101900e-02,2.516681101900e-02
5.855000000000e+00,2.504186309130e-02,2.504186309130e-02,2.504186309130e-02
5.860000000000e+00,2.491751044400e-02,2.491751044400e-02,2.491751044400e-02
5.865000000000e+00,2.479375146884e-02,2.479375146884e-02,2.479375146884e-02
5.870000000000e+00,2.467058449918e-02,2.467058449918e-02,2.467058449918e-02
5.875000000000e+00,2.454800781362e-02,2.454800781362e-02,2.454800781362e-02
5.880000000000e+00,2.442601963925e-02,2.442601963925e-02,2.442601963925e-02
5.885000000000e+00,2.430461815490e-02,2.430461815490e-02,2.430461815490e-02
5.890000000000e+00,2.418380149418e-02,2.418380149418e-02,2.418380149418e-02
5.895000000000e+00,2.406356774827e-02,2.406356774827e-02,2.406356774827e-02
5.900000000000e+00,2.394391496875e-02,2.394391496875e-02,2.394391496875e-02
5.905000000000e+00,2.382484117015e-02,2.382484117015e-02,2.382484117015e-02
5.910000000000e+00,2.370634433240e-02,2.370634433240e-02,2.370634433240e-02
5.915000000000e+00,2.358842240321e-02,2.358842240321e-02,2.358842240321e-02
5.920000000000e+00,2.347107330025e-02,2.347107330025e-02,2.347107330025e-02
5.925000000000e+00,2.335429491332e-02,2.335429491332e-02,2.335429491332e-02
5.930000000000e+00,2.323808510630e-02,2.323808510630e-02,2.323808510630e-02
5.935000000000e+00,2.312244171909e-02,2.312244171909e-02,2.312244171909e-02
5.940000000000e+00,2.300736256941e-02,2.300736256941e-02,2.300736256941e-02
5.945000000000e+00,2.289284545452e-02,2.289284545452e-02,2.289284545452e-02
5.950000000000e+00,2.277888815283e-02,2.277888815283e-02,2.277888815283e-02
5.955000000000e+00,2.266548842549e-02,2.266548842549e-02,2.266548842549e-02
5.960000000000e+00,2.255264401781e-02,2.255264401781e-02,2.255264401781e-02
5.965000000000e+00,2.244035266071e-02,2.244035266071e-02,2.244035266071e-02
5.970000000000e+00,2.232861207200e-02,2.232861207200e-02,2.232861207200e-02
5.975000000000e+00,2.221741995763e-02,2.221741995763e-02,2.221741995763e-02
5.980000000000e+00,2.210677401293e-02,2.210677401293e-02,2.210677401293e-02
5.985000000000e+00,2.199667192371e-02,2.199667192371e-02,2.199667192371e-02
5.990000000000e+00,2.188711136731e-02,2.188711136731e-02,2.188711136731e-02
5.995000000000e+00,2.177809001367e-02,2.177809001367e-02,2.177809001367e-02
6.000000000000e+00,2.166960552625e-02,2.166960552625e-02,2.166960552625e-02
6.005000000000e+00,2.156165556296e-02,2.156165556296e-02,2.156165556296e-02
6.010000000000e+00,2.145423777703e-02,2.145423777703e-02,2.145423777703e-02
6.015000000000e+00,2.134734981783e-02,2.134734981783e-02,2.134734981783e-02
6.020000000000e+00,2.124098933163e-02,2.124098933163e-02,2.124098933163e-02
6.025000000000e+00,2.113515396239e-02,2.113515396239e-02,2.113515396239e-02
6.030000000000e+00,2.102984135239e-02,2.102984135239e-02,2.102984135239e-02
6.035000000000e+00,2.092504914293e-02,2.092504914293e-02,2.092504914293e-02
6.040000000000e+00,2.082077497495e-02,2.082077497495e-02,2.082077497495e-02
6.045000000000e+00,2.071701648965e-02,2.071701648965e-02,2.071701648965e-02
6.050000000000e+00,2.061377132899e-02,2.061377132899e-02,2.061377132899e-02
6.055000000000e+00,2.051103713627e-02,2.051103713627e-02,2.051103713627e-02
6.060000000000e+00,2.040881155662e-02,2.040881155662e-02,2.040881155662e-02
6.065000000000e+00,2.030709223748e-02,2.030709223748e-02,2.030709223748e-02
6.070000000000e+00,2.020587682902e-02,2.020587682902e-02,2.020587682902e-02
6.075000000000e+00,2.010516298462e-02,2.010516298462e-02,2.010516298462e-02
6.080000000000e+00,2.000494836120e-02,2.000494836120e-02,2.000494836120e-02
6.085000000000e+00,1.990523061967e-02,1.990523061967e-02,1.990523061967e-02
6.090000000000e+00,1.980600742522e-02,1.980600742522e-02,1.980600742522e-02
6.095000000000e+00,1.970727644773e-02,1.970727644773e-02,1.970727644773e-02
6.100000000000e+00,1.960903536201e-02,1.960903536201e-02,1.960903536201e-02
6.105000000000e+00,1.951128184816e-02,1.951128184816e-02,1.951128184816e-02
6.110000000000e+00,1.941401359182e-02,1.941401359182e-02,1.941401359182e-02
6.115000000000e+00,1.931722828446e-02,1.931722828446e-02,1.931722828446e-02
6.120000000000e+00,1.922092362360e-02,1.922092362360e-02,1.922092362360e-02
6.125000000000e+00,1.912509731308e-02,1.912509731308e-02,1.912509731308e-02
6.130000000000e+00,1.902974706324e-02,1.902974706324e-02,1.902974706324e-02
6.135000000000e+00,1.893487059117e-02,1.893487059117e-02,1.893487059117e-02
6.140000000000e+00,1.884046562087e-02,1.884046562087e-02,1.884046562087e-02
6.145000000000e+00,1.874652988348e-02,1.874652988348e-02,1.874652988348e-02
6.150000000000e+00,1.865306111738e-02,1.865306111738e-02,1.865306111738e-02
6.155000000000e+00,1.856005706842e-02,1.856005706842e-02,1.856005706842e-02
6.160000000000e+00,1.846751549003e-02,1.846751549003e-02,1.846751549003e-02
6.165000000000e+00,1.837543414338e-02,1.837543414338e-02,1.837543414338e-02
6.170000000000e+00,1.828381079749e-02,1.828381079749e-02,1.828381079749e-02
6.175000000000e+00,1.819264322937e-02,1.819264322937e-02,1.819264322937e-02
6.180000000000e+00,1.810192922412e-02,1.810192922412e-02,1.810192922412e-02
6.185000000000e+00,1.801166657507e-02,1.801166657507e-02,1.801166657507e-02
6.190000000000e+00,1.792185308381e-02,1.792185308381e-02,1.792185308381e-02
6.195000000000e+00,1.783248656036e-02,1.783248656036e-02,1.783248656036e-02
6.200000000000e+00,1.774356482319e-02,1.774356482319e-02,1.774356482319e-02
6.205000000000e+00,1.765508569933e-02,1.765508569933e-02,1.765508569933e-02
6.210000000000e+00,1.756704702444e-02,1.756704702444e-02,1.756704702444e-02
6.215000000000e+00,1.747944664285e-02,1.747944664285e-02,1.747944664285e-02
6.220000000000e+00,1.739228240766e-02,1.739228240766e-02,1.739228240766e-02
6.225000000000e+00,1.730555218075e-02,1.730555218075e-02,1.730555218075e-02
6.230000000000e+00,1.721925383287e-02,1.721925383287e-02,1.721925383287e-02
6.235000000000e+00,1.713338524365e-02,1.713338524365e-02,1.713338524365e-02
6.240000000000e+00,1.704794430165e-02,1.704794430165e-02,1.704794430165e-02
6.245000000000e+00,1.696292890444e-02,1.696292890444e-02,1.696292890444e-02
6.250000000000e+00,1.687833695853e-02,1.687833695853e-02,1.687833695853e-02
6.255000000000e+00,1.679416637951e-02,1.679416637951e-02,1.679416637951e-02
6.260000000000e+00,1.671041509200e-02,1.671041509200e-02,1.671041509200e-02
6.265000000000e+00,1.662708102969e-02,1.662708102969e-02,1.662708102969e-02
6.270000000000e+00,1.654416213537e-02,1.654416213537e-02,1.654416213537e-02
6.275000000000e+00,1.646165636094e-02,1.646165636094e-02,1.646165636094e-02
6.280000000000e+00,1.637956166740e-02,1.637956166740e-02,1.637956166740e-02
6.285000000000e+00,1.629787602488e-02,1.629787602488e-02,1.629787602488e-02
6.290000000000e+00,1.621659741264e-02,1.621659741264e-02,1.621659741264e-02
6.295000000000e+00,1.613572381907e-02,1.613572381907e-02,1.613572381907e-02
6.300000000000e+00,1.605525324169e-02,1.605525324169e-02,1.605525324169e-02
6.305000000000e+00,1.597518368716e-02,1.597518368716e-02,1.597518368716e-02
6.310000000000e+00,1.589551317125e-02,1.589551317125e-02,1.589551317125e-02
6.315000000000e+00,1.581623971888e-02,1.581623971888e-02,1.581623971888e-02
6.320000000000e+00,1.573736136406e-02,1.573736136406e-02,1.573736136406e-02
6.325000000000e+00,1.565887614990e-02,1.565887614990e-02,1.565887614990e-02
6.330000000000e+00,1.558078212862e-02,1.558078212862e-02,1.558078212862e-02
6.335000000000e+00,1.550307736152e-02,1.550307736152e-02,1.550307736152e-02
6.340000000000e+00,1.542575991895e-02,1.542575991895e-02,1.542575991895e-02
6.345000000000e+00,1.534882788032e-02,1.534882788032e-02,1.534882788032e-02
6.350000000000e+00,1.527227933408e-02,1.527227933408e-02,1.527227933408e-02
6.355000000000e+00,1.519611237767e-02,1.519611237767e-02,1.519611237767e-02
6.360000000000e+00,1.512032511756e-02,1.512032511756e-02,1.512032511756e-02
6.365000000000e+00,1.504491566916e-02,1.504491566916e-02,1.504491566916e-02
6.370000000000e+00,1.496988215686e-02,1.496988215686e-02,1.496988215686e-02
6.375000000000e+00,1.489522271396e-02,1.489522271396e-02,1.489522271396e-02
6.380000000000e+00,1.482093548267e-02,1.482093548267e-02,1.482093548267e-02
6.385000000000e+00,1.474701861409e-02,1.474701861409e-02,1.474701861409e-02
6.390000000000e+00,1.467347026816e-02,1.467347026816e-02,1.467347026816e-02
6.395000000000e+00,1.460028861366e-02,1.460028861366e-02,1.460028861366e-02
6.400000000000e+00,1.452747182818e-02,1.452747182818e-02,1.452747182818e-02
6.405000000000e+00,1.445501809806e-02,1.445501809806e-02,1.445501809806e-02
6.410000000000e+00,1.438292561841e-02,1.438292561841e-02,1.438292561841e-02
6.415000000000e+00,1.431119259304e-02,1.431119259304e-02,1.431119259304e-02
6.420000000000e+00,1.423981723445e-02,1.423981723445e-02,1.423981723445e-02
6.425000000000e+00,1.416879776382e-02,1.416879776382e-02,1.416879776382e-02
6.430000000000e+00,1.409813241092e-02,1.409813241092e-02,1.409813241092e-02
6.435000000000e+00,1.402781941413e-02,1.402781941413e-02,1.402781941413e-02
6.440000000000e+00,1.395785702042e-02,1.395785702042e-02,1.395785702042e-02
6.445000000000e+00,1.388824348524e-02,1.388824348524e-02,1.388824348524e-02
6.450000000000e+00,1.381897707260e-02,1.381897707260e-02,1.381897707260e-02
6.455000000000e+00,1.375005605492e-02,1.375005605492e-02,1.375005605492e-02
6.460000000000e+00,1.368147871310e-02,1.368147871310e-02,1.368147871310e-02
6.465000000000e+00,1.361324333641e-02,1.361324333641e-02,1.361324333641e-02
6.470000000000e+00,1.354534822251e-02,1.354534822251e-02,1.354534822251e-02
6.475000000000e+00,1.347779167737e-02,1.347779167737e-02,1.347779167737e-02
6.480000000000e+00,1.341057201529e-02,1.341057201529e-02,1.341057201529e-02
6.485000000000e+00,1.334368755881e-02,1.334368755881e-02,1.334368755881e-02
6.490000000000e+00,1.327713663872e-02,1.327713663872e-02,1.327713663872e-02
6.495000000000e+00,1.321091759400e-02,1.321091759400e-02,1.321091759400e-02
6.500000000000e+00,1.314502877177e-02,1.314502877177e-02,1.314502877177e-02
6.505000000000e+00,1.307946852733e-02,1.307946852733e-02,1.307946852733e-02
6.510000000000e+00,1.301423522402e-02,1.301423522402e-02,1.301423522402e-02
6.515000000000e+00,1.294932723327e-02,1.294932723327e-02,1.294932723327e-02
6.520000000000e+00,1.288474293452e-02,1.288474293452e-02,1.288474293452e-02
6.525000000000e+00,1.282048071520e-02,1.282048071520e-02,1.282048071520e-02
6.530000000000e+00,1.275653897069e-02,1.275653897069e-02,1.275653897069e-02
6.535000000000e+00,1.269291610430e-02,1.269291610430e-02,1.269291610430e-02
6.540000000000e+00,1.262961052720e-02,1.262961052720e-02,1.262961052720e-02
6.545000000000e+00,1.256662065843e-02,1.256662065843e-02,1.256662065843e-02
6.550000000000e+00,1.250394492482e-02,1.250394492482e-02,1.250394492482e-02
6.555000000000e+00,1.244158176099e-02,1.244158176099e-02,1.244158176099e-02
6.560000000000e+00,1.237952960930e-02,1.237952960930e-02,1.237952960930e-02
6.565000000000e+00,1.231778691980e-02,1.231778691980e-02,1.231778691980e-02
6.570000000000e+00,1.225635215023e-02,1.225635215023e-02,1.225635215023e-02
6.575000000000e+00,1.219522376596e-02,1.219522376596e-02,1.219522376596e-02
6.580000000000e+00,1.213440023994e-02,1.213440023994e-02,1.213440023994e-02
6.585000000000e+00,1.207388005271e-02,1.207388005271e-02,1.207388005271e-02
6.590000000000e+00,1.201366169233e-02,1.201366169233e-02,1.201366169233e-02
6.595000000000e+00,1.195374365434e-02,1.195374365434e-02,1.195374365434e-02
6.600000000000e+00,1.189412444177e-02,1.189412444177e-02,1.189412444177e-02
6.605000000000e+00,1.183480256503e-02,1.183480256503e-02,1.183480256503e-02
6.610000000000e+00,1.177577654195e-02,1.177577654195e-02,1.177577654195e-02
6.615000000000e+00,1.171704489772e-02,1.171704489772e-02,1.171704489772e-02
6.620000000000e+00,1.165860616482e-02,1.165860616482e-02,1.165860616482e-02
6.625000000000e+00,1.160045888304e-02,1.160045888304e-02,1.160045888304e-02
6.630000000000e+00,1.154260159940e-02,1.154260159940e-02,1.154260159940e-02
6.635000000000e+00,1.148503286814e-02,1.148503286814e-02,1.148503286814e-02
6.640000000000e+00,1.142775125071e-02,1.142775125071e-02,1.142775125071e-02
6.645000000000e+00,1.137075531565e-02,1.137075531565e-02,1.137075531565e-02
6.650000000000e+00,1.131404363867e-02,1.131404363867e-02,1.131404363867e-02
6.655000000000e+00,1.125761480251e-02,1.125761480251e-02,1.125761480251e-02
6.660000000000e+00,1.120146739699e-02,1.120146739699e-02,1.120146739699e-02
6.665000000000e+00,1.114560001892e-02,1.114560001892e-02,1.114560001892e-02
6.670000000000e+00,1.109001127209e-02,1.109001127209e-02,1.109001127209e-02
6.675000000000e+00,1.103469976724e-02,1.103469976724e-02,1.103469976724e-02
6.680000000000e+00,1.097966412200e-02,1.097966412200e-02,1.097966412200e-02
6.685000000000e+00,1.092490296090e-02,1.092490296090e-02,1.092490296090e-02
6.690000000000e+00,1.087041491530e-02,1.087041491530e-02,1.087041491530e-02
6.695000000000e+00,1.081619862337e-02,1.081619862337e-02,1.081619862337e-02
6.700000000000e+00,1.076225273004e-02,1.076225273004e-02,1.076225273004e-02
6.705000000000e+00,1.070857588701e-02,1.070857588701e-02,1.070857588701e-02
6.710000000000e+00,1.065516675268e-02,1.065516675268e-02,1.065516675268e-02
6.715000000000e+00,1.060202399212e-02,1.060202399212e-02,1.060202399212e-02
6.720000000000e+00,1.054914627704e-02,1.054914627704e-02,1.054914627704e-02
6.725000000000e+00,1.049653228578e-02,1.049653228578e-02,1.049653228578e-02
6.730000000000e+00,1.044418070325e-02,1.044418070325e-02,1.044418070325e-02
6.735000000000e+00,1.039209022091e-02,1.039209022091e-02,1.039209022091e-02
6.740000000000e+00,1.034025953673e-02,1.034025953673e-02,1.034025953673e-02
6.745000000000e+00,1.028868735516e-02,1.028868735516e-02,1.028868735516e-02
6.750000000000e+00,1.023737238711e-02,1.023737238711e-02,1.023737238711e-02
6.755000000000e+00,1.018631334992e-02,1.018631334992e-02,1.018631334992e-02
6.760000000000e+00,1.013550896729e-02,1.013550896729e-02,1.013550896729e-02
6.765000000000e+00,1.008495796930e-02,1.008495796930e-02,1.008495796930e-02
6.770000000000e+00,1.003465909236e-02,1.003465909236e-02,1.003465909236e-02
6.775000000000e+00,1.000950415510e-02,1.000950415510e-02,1.000950415510e-02
6.780000000000e+00,9.983260626161e-03,9.983260626161e-03,9.983260626162e-03
6.785000000000e+00,9.955993144945e-03,9.955993144945e-03,9.955993144946e-03
6.790000000000e+00,9.927763140766e-03,9.927763140766e-03,9.927763140766e-03
6.795000000000e+00,9.898628989685e-03,9.898628989685e-03,9.898628989685e-03
6.800000000000e+00,9.868646163703e-03,9.868646163703e-03,9.868646163703e-03
6.805000000000e+00,9.837867372684e-03,9.837867372684e-03,9.837867372684e-03
6.810000000000e+00,9.806342699343e-03,9.806342699343e-03,9.806342699343e-03
6.815000000000e+00,9.774119727657e-03,9.774119727657e-03,9.774119727657e-03
6.820000000000e+00,9.741243665012e-03,9.741243665012e-03,9.741243665012e-03
6.825000000000e+00,9.707757458388e-03,9.707757458388e-03,9.707757458388e-03
6.830000000000e+00,9.673701904876e-03,9.673701904876e-03,9.673701904876e-03
6.835000000000e+00,9.639115756811e-03,9.639115756811e-03,9.639115756811e-03
6.840000000000e+00,9.604035821761e-03,9.604035821761e-03,9.604035821761e-03
6.845000000000e+00,9.568497057658e-03,9.568497057658e-03,9.568497057658e-03
6.850000000000e+00,9.532532663272e-03,9.532532663272e-03,9.532532663272e-03
6.855000000000e+00,9.496174164275e-03,9.496174164275e-03,9.496174164275e-03
6.860000000000e+00,9.459451495115e-03,9.459451495115e-03,9.459451495114e-03
6.865000000000e+00,9.422393076881e-03,9.422393076881e-03,9.422393076881e-03
6.870000000000e+00,9.385025891384e-03,9.385025891384e-03,9.385025891384e-03
6.875000000000e+00,9.347375551612e-03,9.347375551612e-03,9.347375551612e-03
6.880000000000e+00,9.309466368752e-03,9.309466368752e-03,9.309466368752e-03
6.885000000000e+00,9.271321415946e-03,9.271321415946e-03,9.271321415946e-03
6.890000000000e+00,9.232962588927e-03,9.232962588927e-03,9.232962588927e-03
6.895000000000e+00,9.194410663708e-03,9.194410663708e-03,9.194410663708e-03
6.900000000000e+00,9.155685351444e-03,9.155685351444e-03,9.155685351444e-03
6.905000000000e+00,9.116805350627e-03,9.116805350627e-03,9.116805350627e-03
6.910000000000e+00,9.077788396730e-03,9.077788396730e-03,9.077788396730e-03
6.915000000000e+00,9.038651309426e-03,9.038651309426e-03,9.038651309426e-03
6.920000000000e+00,8.999410037509e-03,8.999410037509e-03,8.999410037509e-03
6.925000000000e+00,8.960079701616e-03,8.960079701616e-03,8.960079701616e-03
6.930000000000e+00,8.920674634873e-03,8.920674634873e-03,8.920674634873e-03
6.935000000000e+00,8.881208421545e-03,8.881208421545e-03,8.881208421545e-03
6.940000000000e+00,8.841693933813e-03,8.841693933813e-03,8.841693933813e-03
6.945000000000e+00,8.802143366747e-03,8.802143366747e-03,8.802143366747e-03
6.950000000000e+00,8.762568271576e-03,8.762568271576e-03,8.762568271576e-03
6.955000000000e+00,8.722979587331e-03,8.722979587331e-03,8.722979587331e-03
6.960000000000e+00,8.683387670951e-03,8.683387670951e-03,8.683387670951e-03
6.965000000000e+00,8.643802325909e-03,8.643802325909e-03,8.643802325909e-03
6.970000000000e+00,8.604232829450e-03,8.604232829450e-03,8.604232829450e-03
6.975000000000e+00,8.564687958491e-03,8.564687958491e-03,8.564687958491e-03
6.980000000000e+00,8.525176014265e-03,8.525176014265e-03,8.525176014264e-03
6.985000000000e+00,8.485704845756e-03,8.485704845756e-03,8.485704845756e-03
6.990000000000e+00,8.446281871994e-03,8.446281871994e-03,8.446281871994e-03
6.995000000000e+00,8.406914103256e-03,8.406914103256e-03,8.406914103255e-03
7.000000000000e+00,8.367608161236e-03,8.367608161236e-03,8.367608161236e-03
7.005000000000e+00,8.328370298232e-03,8.328370298232e-03,8.328370298232e-03
7.010000000000e+00,8.289206415391e-03,8.289206415391e-03,8.289206415390e-03
7.015000000000e+00,8.250122080064e-03,8.250122080064e-03,8.250122080064e-03
7.020000000000e+00,8.211122542318e-03,8.211122542318e-03,8.211122542318e-03
7.025000000000e+00,8.172212750638e-03,8.172212750638e-03,8.172212750638e-03
7.030000000000e+00,8.133397366858e-03,8.133397366858e-03,8.133397366858e-03
7.035000000000e+00,8.094680780375e-03,8.094680780375e-03,8.094680780375e-03
7.040000000000e+00,8.056067121651e-03,8.056067121651e-03,8.056067121651e-03
7.045000000000e+00,8.017560275075e-03,8.017560275075e-03,8.017560275075e-03
7.050000000000e+00,7.979163891179e-03,7.979163891179e-03,7.979163891179e-03
7.055000000000e+00,7.940881398270e-03,7.940881398270e-03,7.940881398270e-03
7.060000000000e+00,7.902716013485e-03,7.902716013485e-03,7.902716013485e-03
7.065000000000e+00,7.864670753310e-03,7.864670753310e-03,7.864670753310e-03
7.070000000000e+00,7.826748443587e-03,7.826748443587e-03,7.826748443587e-03
7.075000000000e+00,7.788951729024e-03,7.788951729024e-03,7.788951729024e-03
7.080000000000e+00,7.751283082248e-03,7.751283082248e-03,7.751283082248e-03
7.085000000000e+00,7.713744812413e-03,7.713744812413e-03,7.713744812413e-03
7.090000000000e+00,7.676339073385e-03,7.676339073385e-03,7.676339073385e-03
7.095000000000e+00,7.639067871528e-03,7.639067871528e-03,7.639067871528e-03
7.100000000000e+00,7.601933073113e-03,7.601933073113e-03,7.601933073113e-03
7.105000000000e+00,7.564936411354e-03,7.564936411354e-03,7.564936411354e-03
7.110000000000e+00,7.528079493116e-03,7.528079493116e-03,7.528079493116e-03
7.115000000000e+00,7.491363805279e-03,7.491363805279e-03,7.491363805279e-03
7.120000000000e+00,7.454790720797e-03,7.454790720797e-03,7.454790720797e-03
7.125000000000e+00,7.418361504468e-03,7.418361504468e-03,7.418361504468e-03
7.130000000000e+00,7.382077318406e-03,7.382077318406e-03,7.382077318405e-03
7.135000000000e+00,7.345939227257e-03,7.345939227257e-03,7.345939227256e-03
7.140000000000e+00,7.309948203157e-03,7.309948203157e-03,7.309948203157e-03
7.145000000000e+00,7.274105130445e-03,7.274105130445e-03,7.274105130445e-03
7.150000000000e+00,7.238410810145e-03,7.238410810145e-03,7.238410810145e-03
7.155000000000e+00,7.202865964234e-03,7.202865964234e-03,7.202865964234e-03
7.160000000000e+00,7.167471239691e-03,7.167471239691e-03,7.167471239691e-03
7.165000000000e+00,7.132227212356e-03,7.132227212356e-03,7.132227212356e-03
7.170000000000e+00,7.097134390599e-03,7.097134390599e-03,7.097134390599e-03
7.175000000000e+00,7.062193218802e-03,7.062193218802e-03,7.062193218802e-03
7.180000000000e+00,7.027404080681e-03,7.027404080681e-03,7.027404080681e-03
7.185000000000e+00,6.992767302432e-03,6.992767302432e-03,6.992767302432e-03
7.190000000000e+00,6.958283155739e-03,6.958283155739e-03,6.958283155739e-03
7.195000000000e+00,6.923951860616e-03,6.923951860616e-03,6.923951860616e-03
7.200000000000e+00,6.889773588125e-03,6.889773588125e-03,6.889773588125e-03
7.205000000000e+00,6.855748462951e-03,6.855748462951e-03,6.855748462951e-03
7.210000000000e+00,6.821876565855e-03,6.821876565855e-03,6.821876565855e-03
7.215000000000e+00,6.788157936002e-03,6.788157936002e-03,6.788157936002e-03
7.220000000000e+00,6.754592573182e-03,6.754592573182e-03,6.754592573182e-03
7.225000000000e+00,6.721180439916e-03,6.721180439916e-03,6.721180439916e-03
7.230000000000e+00,6.687921463454e-03,6.687921463454e-03,6.687921463454e-03
7.235000000000e+00,6.654815537689e-03,6.654815537689e-03,6.654815537689e-03
7.240000000000e+00,6.621862524962e-03,6.621862524962e-03,6.621862524962e-03
7.245000000000e+00,6.589062257785e-03,6.589062257785e-03,6.589062257785e-03
7.250000000000e+00,6.556414540480e-03,6.556414540480e-03,6.556414540480e-03
7.255000000000e+00,6.523919150732e-03,6.523919150732e-03,6.523919150732e-03
7.260000000000e+00,6.491575841072e-03,6.491575841072e-03,6.491575841072e-03
7.265000000000e+00,6.459384340280e-03,6.459384340280e-03,6.459384340280e-03
7.270000000000e+00,6.427344354727e-03,6.427344354727e-03,6.427344354727e-03
7.275000000000e+00,6.395455569638e-03,6.395455569638e-03,6.395455569638e-03
7.280000000000e+00,6.363717650307e-03,6.363717650307e-03,6.363717650307e-03
7.285000000000e+00,6.332130243242e-03,6.332130243242e-03,6.332130243242e-03
7.290000000000e+00,6.300692977256e-03,6.300692977256e-03,6.300692977256e-03
7.295000000000e+00,6.269405464508e-03,6.269405464508e-03,6.269405464508e-03
7.300000000000e+00,6.238267301482e-03,6.238267301482e-03,6.238267301482e-03
7.305000000000e+00,6.207278069929e-03,6.207278069929e-03,6.207278069929e-03
7.310000000000e+00,6.176437337756e-03,6.176437337756e-03,6.176437337756e-03
7.315000000000e+00,6.145744659872e-03,6.145744659872e-03,6.145744659872e-03
7.320000000000e+00,6.115199578992e-03,6.115199578992e-03,6.115199578992e-03
7.325000000000e+00,6.084801626399e-03,6.084801626399e-03,6.084801626399e-03
7.330000000000e+00,6.054550322672e-03,6.054550322672e-03,6.054550322672e-03
7.335000000000e+00,6.024445178375e-03,6.024445178375e-03,6.024445178375e-03
7.340000000000e+00,5.994485694711e-03,5.994485694711e-03,5.994485694711e-03
7.345000000000e+00,5.964671364145e-03,5.964671364145e-03,5.964671364145e-03
7.350000000000e+00,5.935001670996e-03,5.935001670996e-03,5.935001670996e-03
7.355000000000e+00,5.905476091996e-03,5.905476091996e-03,5.905476091996e-03
7.360000000000e+00,5.876094096825e-03,5.876094096825e-03,5.876094096825e-03
7.365000000000e+00,5.846855148617e-03,5.846855148617e-03,5.846855148617e-03
7.370000000000e+00,5.817758704443e-03,5.817758704443e-03,5.817758704443e-03
7.375000000000e+00,5.788804215762e-03,5.788804215762e-03,5.788804215762e-03
7.380000000000e+00,5.759991128861e-03,5.759991128861e-03,5.759991128861e-03
7.385000000000e+00,5.731318885262e-03,5.731318885262e-03,5.731318885262e-03
7.390000000000e+00,5.702786922115e-03,5.702786922115e-03,5.702786922115e-03
7.395000000000e+00,5.674394672570e-03,5.674394672570e-03,5.674394672570e-03
7.400000000000e+00,5.646141566124e-03,5.646141566124e-03,5.646141566124e-03
7.405000000000e+00,5.618027028963e-03,5.618027028963e-03,5.618027028963e-03
7.410000000000e+00,5.590050484270e-03,5.590050484270e-03,5.590050484270e-03
7.415000000000e+00,5.562211352533e-03,5.562211352533e-03,5.562211352533e-03
7.420000000000e+00,5.534509051827e-03,5.534509051827e-03,5.534509051827e-03
7.425000000000e+00,5.506942998086e-03,5.506942998086e-03,5.506942998086e-03
7.430000000000e+00,5.479512605357e-03,5.479512605357e-03,5.479512605357e-03
7.435000000000e+00,5.452217286047e-03,5.452217286047e-03,5.452217286047e-03
7.440000000000e+00,5.425056451153e-03,5.425056451153e-03,5.425056451153e-03
7.445000000000e+00,5.398029510476e-03,5.398029510476e-03,5.398029510476e-03
7.450000000000e+00,5.371135872837e-03,5.371135872837e-03,5.371135872837e-03
7.455000000000e+00,5.344374946266e-03,5.344374946266e-03,5.344374946266e-03
7.460000000000e+00,5.317746138192e-03,5.317746138192e-03,5.317746138192e-03
7.465000000000e+00,5.291248855617e-03,5.291248855617e-03,5.291248855617e-03
7.470000000000e+00,5.264882505286e-03,5.264882505286e-03,5.264882505286e-03
7.475000000000e+00,5.238646493843e-03,5.238646493843e-03,5.238646493843e-03
7.480000000000e+00,5.212540227980e-03,5.212540227980e-03,5.212540227980e-03
7.485000000000e+00,5.186563114581e-03,5.186563114581e-03,5.186563114581e-03
7.490000000000e+00,5.160714560855e-03,5.160714560855e-03,5.160714560855e-03
7.495000000000e+00,5.134993974463e-03,5.134993974463e-03,5.134993974463e-03
7.500000000000e+00,5.109400763636e-03,5.109400763636e-03,5.109400763636e-03
7.505000000000e+00,5.083934337291e-03,5.083934337291e-03,5.083934337291e-03
7.510000000000e+00,5.058594105138e-03,5.058594105138e-03,5.058594105138e-03
7.515000000000e+00,5.033379477780e-03,5.033379477780e-03,5.033379477780e-03
7.520000000000e+00,5.008289866807e-03,5.008289866807e-03,5.008289866807e-03
7.525000000000e+00,4.983324684891e-03,4.983324684891e-03,4.983324684891e-03
7.530000000000e+00,4.958483345865e-03,4.958483345865e-03,4.958483345865e-03
7.535000000000e+00,4.933765264809e-03,4.933765264809e-03,4.933765264809e-03
7.540000000000e+00,4.909169858123e-03,4.909169858123e-03,4.909169858123e-03
7.545000000000e+00,4.884696543596e-03,4.884696543596e-03,4.884696543596e-03
7.550000000000e+00,4.860344740479e-03,4.860344740479e-03,4.860344740479e-03
7.555000000000e+00,4.836113869543e-03,4.836113869543e-03,4.836113869543e-03
7.560000000000e+00,4.812003353140e-03,4.812003353140e-03,4.812003353140e-03
7.565000000000e+00,4.788012615260e-03,4.788012615260e-03,4.788012615260e-03
7.570000000000e+00,4.764141081582e-03,4.764141081582e-03,4.764141081582e-03
7.575000000000e+00,4.740388179525e-03,4.740388179525e-03,4.740388179525e-03
7.580000000000e+00,4.716753338291e-03,4.716753338291e-03,4.716753338292e-03
7.585000000000e+00,4.693235988914e-03,4.693235988914e-03,4.693235988914e-03
7.590000000000e+00,4.669835564294e-03,4.669835564294e-03,4.669835564294e-03
7.595000000000e+00,4.646551499238e-03,4.646551499238e-03,4.646551499238e-03
7.600000000000e+00,4.623383230498e-03,4.623383230498e-03,4.623383230498e-03
7.605000000000e+00,4.600330196798e-03,4.600330196798e-03,4.600330196798e-03
7.610000000000e+00,4.577391838871e-03,4.577391838871e-03,4.577391838871e-03
7.615000000000e+00,4.554567599484e-03,4.554567599484e-03,4.554567599484e-03
7.620000000000e+00,4.531856923465e-03,4.531856923465e-03,4.531856923465e-03
7.625000000000e+00,4.509259257728e-03,4.509259257728e-03,4.509259257728e-03
7.630000000000e+00,4.486774051299e-03,4.486774051299e-03,4.486774051299e-03
7.635000000000e+00,4.464400755331e-03,4.464400755331e-03,4.464400755331e-03
7.640000000000e+00,4.442138823127e-03,4.442138823127e-03,4.442138823127e-03
7.645000000000e+00,4.419987710161e-03,4.419987710161e-03,4.419987710161e-03
7.650000000000e+00,4.397946874087e-03,4.397946874087e-03,4.397946874087e-03
7.655000000000e+00,4.376015774762e-03,4.376015774762e-03,4.376015774762e-03
7.660000000000e+00,4.354193874253e-03,4.354193874253e-03,4.354193874253e-03
7.665000000000e+00,4.332480636854e-03,4.332480636854e-03,4.332480636854e-03
7.670000000000e+00,4.310875529094e-03,4.310875529094e-03,4.310875529094e-03
7.675000000000e+00,4.289378019752e-03,4.289378019752e-03,4.289378019752e-03
7.680000000000e+00,4.267987579859e-03,4.267987579859e-03,4.267987579859e-03
7.685000000000e+00,4.246703682711e-03,4.246703682711e-03,4.246703682711e-03
7.690000000000e+00,4.225525803875e-03,4.225525803875e-03,4.225525803875e-03
7.695000000000e+00,4.204453421193e-03,4.204453421193e-03,4.204453421193e-03
7.700000000000e+00,4.183486014792e-03,4.183486014792e-03,4.183486014792e-03
7.705000000000e+00,4.162623067082e-03,4.162623067082e-03,4.162623067082e-03
7.710000000000e+00,4.141864062763e-03,4.141864062763e-03,4.141864062763e-03
7.715000000000e+00,4.121208488830e-03,4.121208488830e-03,4.121208488830e-03
7.720000000000e+00,4.100655834571e-03,4.100655834571e-03,4.100655834571e-03
7.725000000000e+00,4.080205591569e-03,4.080205591569e-03,4.080205591569e-03
7.730000000000e+00,4.059857253706e-03,4.059857253706e-03,4.059857253706e-03
7.735000000000e+00,4.039610317158e-03,4.039610317158e-03,4.039610317158e-03
7.740000000000e+00,4.019464280402e-03,4.019464280402e-03,4.019464280402e-03
7.745000000000e+00,3.999418644208e-03,3.999418644208e-03,3.999418644208e-03
7.750000000000e+00,3.979472911640e-03,3.979472911640e-03,3.979472911640e-03
7.755000000000e+00,3.959626588055e-03,3.959626588055e-03,3.959626588055e-03
7.760000000000e+00,3.939879181100e-03,3.939879181100e-03,3.939879181101e-03
7.765000000000e+00,3.920230200712e-03,3.920230200712e-03,3.920230200711e-03
7.770000000000e+00,3.900679159106e-03,3.900679159106e-03,3.900679159106e-03
7.775000000000e+00,3.881225570784e-03,3.881225570784e-03,3.881225570784e-03
7.780000000000e+00,3.861868952521e-03,3.861868952521e-03,3.861868952521e-03
7.785000000000e+00,3.842608823364e-03,3.842608823364e-03,3.842608823364e-03
7.790000000000e+00,3.823444704629e-03,3.823444704629e-03,3.823444704629e-03
7.795000000000e+00,3.804376119895e-03,3.804376119895e-03,3.804376119895e-03
7.800000000000e+00,3.785402594997e-03,3.785402594997e-03,3.785402594997e-03
7.805000000000e+00,3.766523658023e-03,3.766523658023e-03,3.766523658023e-03
7.810000000000e+00,3.747738839308e-03,3.747738839308e-03,3.747738839308e-03
7.815000000000e+00,3.729047671427e-03,3.729047671427e-03,3.729047671427e-03
7.820000000000e+00,3.710449689187e-03,3.710449689187e-03,3.710449689187e-03
7.825000000000e+00,3.691944429627e-03,3.691944429627e-03,3.691944429627e-03
7.830000000000e+00,3.673531432002e-03,3.673531432002e-03,3.673531432002e-03
7.835000000000e+00,3.655210237786e-03,3.655210237786e-03,3.655210237786e-03
7.840000000000e+00,3.636980390658e-03,3.636980390658e-03,3.636980390658e-03
7.845000000000e+00,3.618841436498e-03,3.618841436498e-03,3.618841436498e-03
7.850000000000e+00,3.600792923379e-03,3.600792923379e-03,3.600792923379e-03
7.855000000000e+00,3.582834401558e-03,3.582834401558e-03,3.582834401558e-03
7.860000000000e+00,3.564965423473e-03,3.564965423473e-03,3.564965423473e-03
7.865000000000e+00,3.547185543729e-03,3.547185543729e-03,3.547185543729e-03
7.870000000000e+00,3.529494319096e-03,3.529494319096e-03,3.529494319096e-03
7.875000000000e+00,3.511891308498e-03,3.511891308498e-03,3.511891308498e-03
7.880000000000e+00,3.494376073005e-03,3.494376073005e-03,3.494376073005e-03
7.885000000000e+00,3.476948175825e-03,3.476948175825e-03,3.476948175825e-03
7.890000000000e+00,3.459607182298e-03,3.459607182298e-03,3.459607182298e-03
7.895000000000e+00,3.442352659885e-03,3.442352659885e-03,3.442352659885e-03
7.900000000000e+00,3.425184178160e-03,3.425184178160e-03,3.425184178160e-03
7.905000000000e+00,3.408101308804e-03,3.408101308804e-03,3.408101308804e-03
7.910000000000e+00,3.391103625592e-03,3.391103625592e-03,3.391103625592e-03
7.915000000000e+00,3.374190704390e-03,3.374190704390e-03,3.374190704390e-03
7.920000000000e+00,3.357362123143e-03,3.357362123143e-03,3.357362123143e-03
7.925000000000e+00,3.340617461866e-03,3.340617461866e-03,3.340617461866e-03
7.930000000000e+00,3.323956302637e-03,3.323956302637e-03,3.323956302637e-03
7.935000000000e+00,3.307378229588e-03,3.307378229588e-03,3.307378229588e-03
7.940000000000e+00,3.290882828894e-03,3.290882828894e-03,3.290882828894e-03
7.945000000000e+00,3.274469688770e-03,3.274469688770e-03,3.274469688770e-03
7.950000000000e+00,3.258138399454e-03,3.258138399454e-03,3.258138399454e-03
7.955000000000e+00,3.241888553206e-03,3.241888553206e-03,3.241888553206e-03
7.960000000000e+00,3.225719744293e-03,3.225719744293e-03,3.225719744293e-03
7.965000000000e+00,3.209631568984e-03,3.209631568984e-03,3.209631568984e-03
7.970000000000e+00,3.193623625541e-03,3.193623625541e-03,3.193623625540e-03
7.975000000000e+00,3.177695514206e-03,3.177695514206e-03,3.177695514206e-03
7.980000000000e+00,3.161846837199e-03,3.161846837199e-03,3.161846837199e-03
7.985000000000e+00,3.146077198703e-03,3.146077198703e-03,3.146077198703e-03
7.990000000000e+00,3.130386204857e-03,3.130386204857e-03,3.130386204857e-03
7.995000000000e+00,3.114773463749e-03,3.114773463749e-03,3.114773463749e-03
8.000000000000e+00,3.099238585405e-03,3.099238585405e-03,3.099238585405e-03
8.005000000000e+00,3.083781181781e-03,3.083781181781e-03,3.083781181781e-03
8.010000000000e+00,3.068400866752e-03,3.068400866752e-03,3.068400866752e-03
8.015000000000e+00,3.053097256109e-03,3.053097256109e-03,3.053097256109e-03
8.020000000000e+00,3.037869967542e-03,3.037869967542e-03,3.037869967542e-03
8.025000000000e+00,3.022718620637e-03,3.022718620637e-03,3.022718620637e-03
8.030000000000e+00,3.007642836865e-03,3.007642836865e-03,3.007642836865e-03
8.035000000000e+00,2.992642239575e-03,2.992642239575e-03,2.992642239576e-03
8.040000000000e+00,2.977716453983e-03,2.977716453983e-03,2.977716453983e-03
8.045000000000e+00,2.962865107163e-03,2.962865107163e-03,2.962865107163e-03
8.050000000000e+00,2.948087828039e-03,2.948087828039e-03,2.948087828039e-03
8.055000000000e+00,2.933384247379e-03,2.933384247379e-03,2.933384247379e-03
8.060000000000e+00,2.918753997782e-03,2.918753997782e-03,2.918753997782e-03
8.065000000000e+00,2.904196713671e-03,2.904196713671e-03,2.904196713671e-03
8.070000000000e+00,2.889712031285e-03,2.889712031285e-03,2.889712031285e-03
8.075000000000e+00,2.875299588668e-03,2.875299588668e-03,2.875299588668e-03
8.080000000000e+00,2.860959025665e-03,2.860959025665e-03,2.860959025665e-03
8.085000000000e+00,2.846689983908e-03,2.846689983908e-03,2.846689983908e-03
8.090000000000e+00,2.832492106810e-03,2.832492106810e-03,2.832492106810e-03
8.095000000000e+00,2.818365039558e-03,2.818365039558e-03,2.818365039558e-03
8.100000000000e+00,2.804308429101e-03,2.804308429101e-03,2.804308429101e-03
8.105000000000e+00,2.790321924144e-03,2.790321924144e-03,2.790321924144e-03
8.110000000000e+00,2.776405175139e-03,2.776405175139e-03,2.776405175139e-03
8.115000000000e+00,2.762557834275e-03,2.762557834275e-03,2.762557834275e-03
8.120000000000e+00,2.748779555473e-03,2.748779555473e-03,2.748779555473e-03
8.125000000000e+00,2.735069994372e-03,2.735069994372e-03,2.735069994372e-03
8.130000000000e+00,2.721428808329e-03,2.721428808329e-03,2.721428808329e-03
8.135000000000e+00,2.707855656402e-03,2.707855656402e-03,2.707855656402e-03
8.140000000000e+00,2.694350199346e-03,2.694350199346e-03,2.694350199346e-03
8.145000000000e+00,2.680912099606e-03,2.680912099606e-03,2.680912099606e-03
8.150000000000e+00,2.667541021305e-03,2.667541021305e-03,2.667541021305e-03
8.155000000000e+00,2.654236630239e-03,2.654236630239e-03,2.654236630239e-03
8.160000000000e+00,2.640998593867e-03,2.640998593867e-03,2.640998593867e-03
8.165000000000e+00,2.627826581305e-03,2.627826581305e-03,2.627826581305e-03
8.170000000000e+00,2.614720263313e-03,2.614720263313e-03,2.614720263313e-03
8.175000000000e+00,2.601679312294e-03,2.601679312294e-03,2.601679312294e-03
8.180000000000e+00,2.588703402280e-03,2.588703402280e-03,2.588703402280e-03
8.185000000000e+00,2.575792208926e-03,2.575792208926e-03,2.575792208926e-03
8.190000000000e+00,2.562945409505e-03,2.562945409505e-03,2.562945409505e-03
8.195000000000e+00,2.550162682894e-03,2.550162682894e-03,2.550162682894e-03
8.200000000000e+00,2.537443709572e-03,2.537443709572e-03,2.537443709572e-03
8.205000000000e+00,2.524788171608e-03,2.524788171608e-03,2.524788171608e-03
8.210000000000e+00,2.512195752654e-03,2.512195752654e-03,2.512195752654e-03
8.215000000000e+00,2.499666137941e-03,2.499666137941e-03,2.499666137941e-03
8.220000000000e+00,2.487199014265e-03,2.487199014265e-03,2.487199014265e-03
8.225000000000e+00,2.474794069984e-03,2.474794069984e-03,2.474794069984e-03
8.230000000000e+00,2.462450995009e-03,2.462450995009e-03,2.462450995009e-03
8.235000000000e+00,2.450169480794e-03,2.450169480794e-03,2.450169480794e-03
8.240000000000e+00,2.437949220333e-03,2.437949220333e-03,2.437949220333e-03
8.245000000000e+00,2.425789908149e-03,2.425789908149e-03,2.425789908149e-03
8.250000000000e+00,2.413691240285e-03,2.413691240285e-03,2.413691240285e-03
8.255000000000e+00,2.401652914303e-03,2.401652914303e-03,2.401652914303e-03
8.260000000000e+00,2.389674629268e-03,2.389674629268e-03,2.389674629268e-03
8.265000000000e+00,2.377756085748e-03,2.377756085748e-03,2.377756085748e-03
8.270000000000e+00,2.365896985801e-03,2.365896985801e-03,2.365896985801e-03
8.275000000000e+00,2.357376506083e-03,2.357376506083e-03,2.357376506083e-03
8.280000000000e+00,2.348738580274e-03,2.348738580274e-03,2.348738580274e-03
8.285000000000e+00,2.339991594608e-03,2.339991594608e-03,2.339991594608e-03
8.290000000000e+00,2.331143513061e-03,2.331143513061e-03,2.331143513061e-03
8.295000000000e+00,2.322201898011e-03,2.322201898011e-03,2.322201898011e-03
8.300000000000e+00,2.313173929884e-03,2.313173929884e-03,2.313173929884e-03
8.305000000000e+00,2.304066425855e-03,2.304066425855e-03,2.304066425855e-03
8.310000000000e+00,2.294885857624e-03,2.294885857624e-03,2.294885857624e-03
8.315000000000e+00,2.285638368331e-03,2.285638368331e-03,2.285638368331e-03
8.320000000000e+00,2.276329788645e-03,2.276329788645e-03,2.276329788645e-03
8.325000000000e+00,2.266965652069e-03,2.266965652069e-03,2.266965652069e-03
8.330000000000e+00,2.257551209494e-03,2.257551209494e-03,2.257551209494e-03
8.335000000000e+00,2.248091443047e-03,2.248091443047e-03,2.248091443047e-03
8.340000000000e+00,2.238591079262e-03,2.238591079262e-03,2.238591079262e-03
8.345000000000e+00,2.229054601608e-03,2.229054601608e-03,2.229054601608e-03
8.350000000000e+00,2.219486262408e-03,2.219486262408e-03,2.219486262408e-03
8.355000000000e+00,2.209890094171e-03,2.209890094171e-03,2.209890094171e-03
8.360000000000e+00,2.200269920376e-03,2.200269920376e-03,2.200269920376e-03
8.365000000000e+00,2.190629365730e-03,2.190629365730e-03,2.190629365730e-03
8.370000000000e+00,2.180971865920e-03,2.180971865920e-03,2.180971865920e-03
8.375000000000e+00,2.171300676896e-03,2.171300676896e-03,2.171300676896e-03
8.380000000000e+00,2.161618883695e-03,2.161618883695e-03,2.161618883695e-03
8.385000000000e+00,2.151929408839e-03,2.151929408839e-03,2.151929408839e-03
8.390000000000e+00,2.142235020319e-03,2.142235020319e-03,2.142235020319e-03
8.395000000000e+00,2.132538339195e-03,2.132538339195e-03,2.132538339195e-03
8.400000000000e+00,2.122841846815e-03,2.122841846815e-03,2.122841846815e-03
8.405000000000e+00,2.113147891696e-03,2.113147891696e-03,2.113147891696e-03
8.410000000000e+00,2.103458696056e-03,2.103458696056e-03,2.103458696056e-03
8.415000000000e+00,2.093776362033e-03,2.093776362033e-03,2.093776362033e-03
8.420000000000e+00,2.084102877601e-03,2.084102877601e-03,2.084102877601e-03
8.425000000000e+00,2.074440122194e-03,2.074440122194e-03,2.074440122194e-03
8.430000000000e+00,2.064789872061e-03,2.064789872061e-03,2.064789872061e-03
8.435000000000e+00,2.055153805351e-03,2.055153805351e-03,2.055153805351e-03
8.440000000000e+00,2.045533506958e-03,2.045533506958e-03,2.045533506958e-03
8.445000000000e+00,2.035930473127e-03,2.035930473127e-03,2.035930473127e-03
8.450000000000e+00,2.026346115828e-03,2.026346115828e-03,2.026346115828e-03
8.455000000000e+00,2.016781766931e-03,2.016781766931e-03,2.016781766931e-03
8.460000000000e+00,2.007238682161e-03,2.007238682161e-03,2.007238682161e-03
8.465000000000e+00,1.997718044873e-03,1.997718044873e-03,1.997718044873e-03
8.470000000000e+00,1.988220969632e-03,1.988220969632e-03,1.988220969632e-03
8.475000000000e+00,1.978748505630e-03,1.978748505630e-03,1.978748505630e-03
8.480000000000e+00,1.969301639921e-03,1.969301639921e-03,1.969301639921e-03
8.485000000000e+00,1.959881300512e-03,1.959881300512e-03,1.959881300512e-03
8.490000000000e+00,1.950488359297e-03,1.950488359297e-03,1.950488359297e-03
8.495000000000e+00,1.941123634843e-03,1.941123634843e-03,1.941123634843e-03
8.500000000000e+00,1.931787895050e-03,1.931787895050e-03,1.931787895050e-03
8.505000000000e+00,1.922481859674e-03,1.922481859674e-03,1.922481859674e-03
8.510000000000e+00,1.913206202726e-03,1.913206202726e-03,1.913206202727e-03
8.515000000000e+00,1.903961554761e-03,1.903961554761e-03,1.903961554761e-03
8.520000000000e+00,1.894748505044e-03,1.894748505044e-03,1.894748505044e-03
8.525000000000e+00,1.885567603622e-03,1.885567603622e-03,1.885567603622e-03
8.530000000000e+00,1.876419363284e-03,1.876419363284e-03,1.876419363284e-03
8.535000000000e+00,1.867304261435e-03,1.867304261435e-03,1.867304261435e-03
8.540000000000e+00,1.858222741869e-03,1.858222741869e-03,1.858222741869e-03
8.545000000000e+00,1.849175216463e-03,1.849175216463e-03,1.849175216463e-03
8.550000000000e+00,1.840162066783e-03,1.840162066783e-03,1.840162066783e-03
8.555000000000e+00,1.831183645615e-03,1.831183645615e-03,1.831183645615e-03
8.560000000000e+00,1.822240278416e-03,1.822240278416e-03,1.822240278416e-03
8.565000000000e+00,1.813332264701e-03,1.813332264701e-03,1.813332264701e-03
8.570000000000e+00,1.804459879357e-03,1.804459879357e-03,1.804459879357e-03
8.575000000000e+00,1.795623373894e-03,1.795623373894e-03,1.795623373894e-03
8.580000000000e+00,1.786822977634e-03,1.786822977634e-03,1.786822977634e-03
8.585000000000e+00,1.778058898845e-03,1.778058898845e-03,1.778058898845e-03
8.590000000000e+00,1.769331325815e-03,1.769331325815e-03,1.769331325815e-03
8.595000000000e+00,1.760640427875e-03,1.760640427875e-03,1.760640427875e-03
8.600000000000e+00,1.751986356374e-03,1.751986356374e-03,1.751986356374e-03
8.605000000000e+00,1.743369245604e-03,1.743369245604e-03,1.743369245604e-03
8.610000000000e+00,1.734789213680e-03,1.734789213680e-03,1.734789213680e-03
8.615000000000e+00,1.726246363376e-03,1.726246363376e-03,1.726246363376e-03
8.620000000000e+00,1.717740782923e-03,1.717740782923e-03,1.717740782923e-03
8.625000000000e+00,1.709272546763e-03,1.709272546763e-03,1.709272546763e-03
8.630000000000e+00,1.700841716273e-03,1.700841716273e-03,1.700841716273e-03
8.635000000000e+00,1.692448340444e-03,1.692448340444e-03,1.692448340444e-03
8.640000000000e+00,1.684092456537e-03,1.684092456537e-03,1.684092456537e-03
8.645000000000e+00,1.675774090697e-03,1.675774090697e-03,1.675774090697e-03
8.650000000000e+00,1.667493258546e-03,1.667493258546e-03,1.667493258546e-03
8.655000000000e+00,1.659249965738e-03,1.659249965738e-03,1.659249965738e-03
8.660000000000e+00,1.651044208495e-03,1.651044208495e-03,1.651044208495e-03
8.665000000000e+00,1.642875974109e-03,1.642875974109e-03,1.642875974109e-03
8.670000000000e+00,1.634745241428e-03,1.634745241428e-03,1.634745241428e-03
8.675000000000e+00,1.626651981307e-03,1.626651981307e-03,1.626651981307e-03
8.680000000000e+00,1.618596157045e-03,1.618596157045e-03,1.618596157045e-03
8.685000000000e+00,1.610577724803e-03,1.610577724803e-03,1.610577724803e-03
8.690000000000e+00,1.602596633989e-03,1.602596633989e-03,1.602596633989e-03
8.695000000000e+00,1.594652827636e-03,1.594652827636e-03,1.594652827636e-03
8.700000000000e+00,1.586746242758e-03,1.586746242758e-03,1.586746242758e-03
8.705000000000e+00,1.578876810684e-03,1.578876810684e-03,1.578876810684e-03
8.710000000000e+00,1.571044457382e-03,1.571044457382e-03,1.571044457382e-03
8.715000000000e+00,1.563249103761e-03,1.563249103761e-03,1.563249103761e-03
8.720000000000e+00,1.555490665964e-03,1.555490665964e-03,1.555490665964e-03
8.725000000000e+00,1.547769055642e-03,1.547769055642e-03,1.547769055642e-03
8.730000000000e+00,1.540084180216e-03,1.540084180216e-03,1.540084180216e-03
8.735000000000e+00,1.532435943123e-03,1.532435943123e-03,1.532435943123e-03
8.740000000000e+00,1.524824244060e-03,1.524824244060e-03,1.524824244060e-03
8.745000000000e+00,1.517248979202e-03,1.517248979202e-03,1.517248979202e-03
8.750000000000e+00,1.509710041416e-03,1.509710041416e-03,1.509710041416e-03
8.755000000000e+00,1.502207320468e-03,1.502207320468e-03,1.502207320468e-03
8.760000000000e+00,1.494740703213e-03,1.494740703213e-03,1.494740703213e-03
8.765000000000e+00,1.487310073780e-03,1.487310073780e-03,1.487310073780e-03
8.770000000000e+00,1.479915313743e-03,1.479915313743e-03,1.479915313743e-03
8.775000000000e+00,1.472556302290e-03,1.472556302290e-03,1.472556302290e-03
8.780000000000e+00,1.465232916378e-03,1.465232916378e-03,1.465232916378e-03
8.785000000000e+00,1.457945030883e-03,1.457945030883e-03,1.457945030883e-03
8.790000000000e+00,1.450692518742e-03,1.450692518742e-03,1.450692518742e-03
8.795000000000e+00,1.443475251086e-03,1.443475251086e-03,1.443475251086e-03
8.800000000000e+00,1.436293097372e-03,1.436293097372e-03,1.436293097372e-03
8.805000000000e+00,1.429145925499e-03,1.429145925499e-03,1.429145925499e-03
8.810000000000e+00,1.422033601929e-03,1.422033601929e-03,1.422033601929e-03
8.815000000000e+00,1.414955991791e-03,1.414955991791e-03,1.414955991791e-03
8.820000000000e+00,1.407912958989e-03,1.407912958989e-03,1.407912958989e-03
8.825000000000e+00,1.400904366299e-03,1.400904366299e-03,1.400904366299e-03
8.830000000000e+00,1.393930075464e-03,1.393930075464e-03,1.393930075464e-03
8.835000000000e+00,1.386989947282e-03,1.386989947282e-03,1.386989947282e-03
8.840000000000e+00,1.380083841689e-03,1.380083841689e-03,1.380083841689e-03
8.845000000000e+00,1.373211617842e-03,1.373211617842e-03,1.373211617842e-03
8.850000000000e+00,1.366373134193e-03,1.366373134193e-03,1.366373134193e-03
8.855000000000e+00,1.359568248563e-03,1.359568248563e-03,1.359568248563e-03
8.860000000000e+00,1.352796818208e-03,1.352796818208e-03,1.352796818208e-03
8.865000000000e+00,1.346058699886e-03,1.346058699886e-03,1.346058699886e-03
8.870000000000e+00,1.339353749916e-03,1.339353749916e-03,1.339353749916e-03
8.875000000000e+00,1.332681824240e-03,1.332681824240e-03,1.332681824240e-03
8.880000000000e+00,1.326042778475e-03,1.326042778475e-03,1.326042778475e-03
8.885000000000e+00,1.319436467967e-03,1.319436467967e-03,1.319436467967e-03
8.890000000000e+00,1.312862747842e-03,1.312862747842e-03,1.312862747842e-03
8.895000000000e+00,1.306321473049e-03,1.306321473049e-03,1.306321473048e-03
8.900000000000e+00,1.299812498408e-03,1.299812498408e-03,1.299812498408e-03
8.905000000000e+00,1.293335678652e-03,1.293335678652e-03,1.293335678652e-03
8.910000000000e+00,1.286890868468e-03,1.286890868468e-03,1.286890868468e-03
8.915000000000e+00,1.280477922530e-03,1.280477922530e-03,1.280477922530e-03
8.920000000000e+00,1.274096695540e-03,1.274096695540e-03,1.274096695540e-03
8.925000000000e+00,1.267747042260e-03,1.267747042260e-03,1.267747042260e-03
8.930000000000e+00,1.261428817545e-03,1.261428817545e-03,1.261428817545e-03
8.935000000000e+00,1.255141876371e-03,1.255141876371e-03,1.255141876371e-03
8.940000000000e+00,1.248886073867e-03,1.248886073867e-03,1.248886073867e-03
8.945000000000e+00,1.242661265340e-03,1.242661265340e-03,1.242661265340e-03
8.950000000000e+00,1.236467306300e-03,1.236467306300e-03,1.236467306300e-03
8.955000000000e+00,1.230304052486e-03,1.230304052486e-03,1.230304052486e-03
8.960000000000e+00,1.224171359889e-03,1.224171359889e-03,1.224171359889e-03
8.965000000000e+00,1.218069084773e-03,1.218069084773e-03,1.218069084773e-03
8.970000000000e+00,1.211997083694e-03,1.211997083694e-03,1.211997083694e-03
8.975000000000e+00,1.205955213520e-03,1.205955213520e-03,1.205955213520e-03
8.980000000000e+00,1.199943331450e-03,1.199943331450e-03,1.199943331450e-03
8.985000000000e+00,1.193961295033e-03,1.193961295033e-03,1.193961295033e-03
8.990000000000e+00,1.188008962177e-03,1.188008962177e-03,1.188008962177e-03
8.995000000000e+00,1.182086191173e-03,1.182086191173e-03,1.182086191173e-03
9.000000000000e+00,1.176192840702e-03,1.176192840702e-03,1.176192840702e-03
9.005000000000e+00,1.170328769852e-03,1.170328769852e-03,1.170328769852e-03
9.010000000000e+00,1.164493838130e-03,1.164493838130e-03,1.164493838130e-03
9.015000000000e+00,1.158687905474e-03,1.158687905474e-03,1.158687905474e-03
9.020000000000e+00,1.152910832263e-03,1.152910832263e-03,1.152910832263e-03
9.025000000000e+00,1.147162479327e-03,1.147162479327e-03,1.147162479327e-03
9.030000000000e+00,1.141442707960e-03,1.141442707960e-03,1.141442707960e-03
9.035000000000e+00,1.135751379925e-03,1.135751379925e-03,1.135751379925e-03
9.040000000000e+00,1.130088357463e-03,1.130088357463e-03,1.130088357463e-03
9.045000000000e+00,1.124453503304e-03,1.124453503304e-03,1.124453503304e-03
9.050000000000e+00,1.118846680672e-03,1.118846680672e-03,1.118846680672e-03
9.055000000000e+00,1.113267753289e-03,1.113267753289e-03,1.113267753289e-03
9.060000000000e+00,1.107716585390e-03,1.107716585390e-03,1.107716585390e-03
9.065000000000e+00,1.102193041718e-03,1.102193041718e-03,1.102193041718e-03
9.070000000000e+00,1.096696987537e-03,1.096696987537e-03,1.096696987537e-03
9.075000000000e+00,1.091228288636e-03,1.091228288636e-03,1.091228288636e-03
9.080000000000e+00,1.085786811329e-03,1.085786811329e-03,1.085786811329e-03
9.085000000000e+00,1.080372422466e-03,1.080372422466e-03,1.080372422466e-03
9.090000000000e+00,1.074984989432e-03,1.074984989432e-03,1.074984989432e-03
9.095000000000e+00,1.069624380151e-03,1.069624380151e-03,1.069624380150e-03
9.100000000000e+00,1.064290463091e-03,1.064290463091e-03,1.064290463091e-03
9.105000000000e+00,1.058983107267e-03,1.058983107267e-03,1.058983107267e-03
9.110000000000e+00,1.053702182243e-03,1.053702182243e-03,1.053702182243e-03
9.115000000000e+00,1.048447558132e-03,1.048447558132e-03,1.048447558132e-03
9.120000000000e+00,1.043219105603e-03,1.043219105603e-03,1.043219105603e-03
9.125000000000e+00,1.038016695878e-03,1.038016695878e-03,1.038016695878e-03
9.130000000000e+00,1.032840200736e-03,1.032840200736e-03,1.032840200736e-03
9.135000000000e+00,1.027689492516e-03,1.027689492516e-03,1.027689492516e-03
9.140000000000e+00,1.022564444114e-03,1.022564444114e-03,1.022564444114e-03
9.145000000000e+00,1.017464928987e-03,1.017464928987e-03,1.017464928987e-03
9.150000000000e+00,1.012390821154e-03,1.012390821154e-03,1.012390821154e-03
9.155000000000e+00,1.007341995194e-03,1.007341995194e-03,1.007341995194e-03
9.160000000000e+00,1.002318326251e-03,1.002318326251e-03,1.002318326251e-03
9.165000000000e+00,9.973196900279e-04,9.973196900279e-04,9.973196900279e-04
9.170000000000e+00,9.923459627928e-04,9.923459627928e-04,9.923459627928e-04
9.175000000000e+00,9.873970213754e-04,9.873970213754e-04,9.873970213754e-04
9.180000000000e+00,9.824727431679e-04,9.824727431679e-04,9.824727431679e-04
9.185000000000e+00,9.775730061246e-04,9.775730061246e-04,9.775730061245e-04
9.190000000000e+00,9.726976887617e-04,9.726976887617e-04,9.726976887617e-04
9.195000000000e+00,9.678466701565e-04,9.678466701565e-04,9.678466701565e-04
9.200000000000e+00,9.630198299471e-04,9.630198299471e-04,9.630198299471e-04
9.205000000000e+00,9.582170483314e-04,9.582170483314e-04,9.582170483314e-04
9.210000000000e+00,9.534382060663e-04,9.534382060663e-04,9.534382060663e-04
9.215000000000e+00,9.486831844671e-04,9.486831844671e-04,9.486831844670e-04
9.220000000000e+00,9.439518654059e-04,9.439518654059e-04,9.439518654059e-04
9.225000000000e+00,9.392441313112e-04,9.392441313112e-04,9.392441313112e-04
9.230000000000e+00,9.345598651663e-04,9.345598651663e-04,9.345598651663e-04
9.235000000000e+00,9.298989505082e-04,9.298989505082e-04,9.298989505082e-04
9.240000000000e+00,9.252612714262e-04,9.252612714262e-04,9.252612714263e-04
9.245000000000e+00,9.206467125608e-04,9.206467125608e-04,9.206467125608e-04
9.250000000000e+00,9.160551591020e-04,9.160551591020e-04,9.160551591020e-04
9.255000000000e+00,9.114864967878e-04,9.114864967878e-04,9.114864967878e-04
9.260000000000e+00,9.069406119028e-04,9.069406119028e-04,9.069406119029e-04
9.265000000000e+00,9.024173912769e-04,9.024173912769e-04,9.024173912769e-04
9.270000000000e+00,8.979167222829e-04,8.979167222829e-04,8.979167222829e-04
9.275000000000e+00,8.934384928354e-04,8.934384928354e-04,8.934384928355e-04
9.280000000000e+00,8.889825913892e-04,8.889825913892e-04,8.889825913892e-04
9.285000000000e+00,8.845489069369e-04,8.845489069369e-04,8.845489069369e-04
9.290000000000e+00,8.801373290077e-04,8.801373290077e-04,8.801373290078e-04
9.295000000000e+00,8.757477476653e-04,8.757477476653e-04,8.757477476654e-04
9.300000000000e+00,8.713800535061e-04,8.713800535061e-04,8.713800535062e-04
9.305000000000e+00,8.670341376573e-04,8.670341376573e-04,8.670341376573e-04
9.310000000000e+00,8.627098917748e-04,8.627098917748e-04,8.627098917748e-04
9.315000000000e+00,8.584072080416e-04,8.584072080416e-04,8.584072080417e-04
9.320000000000e+00,8.541259791657e-04,8.541259791657e-04,8.541259791657e-04
9.325000000000e+00,8.498660983778e-04,8.498660983778e-04,8.498660983778e-04
9.330000000000e+00,8.456274594297e-04,8.456274594297e-04,8.456274594297e-04
9.335000000000e+00,8.414099565921e-04,8.414099565921e-04,8.414099565922e-04
9.340000000000e+00,8.372134846526e-04,8.372134846526e-04,8.372134846526e-04
9.345000000000e+00,8.330379389134e-04,8.330379389134e-04,8.330379389135e-04
9.350000000000e+00,8.288832151896e-04,8.288832151896e-04,8.288832151897e-04
9.355000000000e+00,8.247492098068e-04,8.247492098068e-04,8.247492098068e-04
9.360000000000e+00,8.206358195991e-04,8.206358195991e-04,8.206358195991e-04
9.365000000000e+00,8.165429419070e-04,8.165429419070e-04,8.165429419071e-04
9.370000000000e+00,8.124704745754e-04,8.124704745754e-04,8.124704745754e-04
9.375000000000e+00,8.084183159510e-04,8.084183159510e-04,8.084183159510e-04
9.380000000000e+00,8.043863648808e-04,8.043863648808e-04,8.043863648808e-04
9.385000000000e+00,8.003745207094e-04,8.003745207094e-04,8.003745207094e-04
9.390000000000e+00,7.963826832772e-04,7.963826832772e-04,7.963826832772e-04
9.395000000000e+00,7.924107529180e-04,7.924107529180e-04,7.924107529180e-04
9.400000000000e+00,7.884586304571e-04,7.884586304571e-04,7.884586304571e-04
9.405000000000e+00,7.845262172087e-04,7.845262172087e-04,7.845262172087e-04
9.410000000000e+00,7.806134149743e-04,7.806134149743e-04,7.806134149743e-04
9.415000000000e+00,7.767201260400e-04,7.767201260400e-04,7.767201260400e-04
9.420000000000e+00,7.728462531747e-04,7.728462531747e-04,7.728462531747e-04
9.425000000000e+00,7.689916996276e-04,7.689916996276e-04,7.689916996276e-04
9.430000000000e+00,7.651563691263e-04,7.651563691263e-04,7.651563691263e-04
9.435000000000e+00,7.613401658744e-04,7.613401658744e-04,7.613401658743e-04
9.440000000000e+00,7.575429945496e-04,7.575429945496e-04,7.575429945496e-04
9.445000000000e+00,7.537647603013e-04,7.537647603013e-04,7.537647603013e-04
9.450000000000e+00,7.500053687483e-04,7.500053687483e-04,7.500053687483e-04
9.455000000000e+00,7.462647259772e-04,7.462647259772e-04,7.462647259771e-04
9.460000000000e+00,7.425427385393e-04,7.425427385393e-04,7.425427385393e-04
9.465000000000e+00,7.388393134496e-04,7.388393134496e-04,7.388393134495e-04
9.470000000000e+00,7.351543581834e-04,7.351543581834e-04,7.351543581833e-04
9.475000000000e+00,7.314877806752e-04,7.314877806752e-04,7.314877806751e-04
9.480000000000e+00,7.278394893159e-04,7.278394893159e-04,7.278394893158e-04
9.485000000000e+00,7.242093929508e-04,7.242093929508e-04,7.242093929508e-04
9.490000000000e+00,7.205974008778e-04,7.205974008778e-04,7.205974008777e-04
9.495000000000e+00,7.170034228445e-04,7.170034228445e-04,7.170034228443e-04
9.500000000000e+00,7.134273690468e-04,7.134273690468e-04,7.134273690467e-04
9.505000000000e+00,7.098691501265e-04,7.098691501265e-04,7.098691501265e-04
9.510000000000e+00,7.063286771692e-04,7.063286771692e-04,7.063286771691e-04
9.515000000000e+00,7.028058617018e-04,7.028058617018e-04,7.028058617017e-04
9.520000000000e+00,6.993006156912e-04,6.993006156912e-04,6.993006156911e-04
9.525000000000e+00,6.958128515413e-04,6.958128515413e-04,6.958128515413e-04
9.530000000000e+00,6.923424820917e-04,6.923424820917e-04,6.923424820916e-04
9.535000000000e+00,6.888894206149e-04,6.888894206149e-04,6.888894206148e-04
9.540000000000e+00,6.854535808148e-04,6.854535808148e-04,6.854535808147e-04
9.545000000000e+00,6.820348768241e-04,6.820348768241e-04,6.820348768241e-04
9.550000000000e+00,6.786332232028e-04,6.786332232028e-04,6.786332232027e-04
9.555000000000e+00,6.752485349354e-04,6.752485349354e-04,6.752485349354e-04
9.560000000000e+00,6.718807274296e-04,6.718807274296e-04,6.718807274297e-04
9.565000000000e+00,6.685297165139e-04,6.685297165139e-04,6.685297165139e-04
9.570000000000e+00,6.651954184352e-04,6.651954184352e-04,6.651954184353e-04
9.575000000000e+00,6.618777498575e-04,6.618777498575e-04,6.618777498576e-04
9.580000000000e+00,6.585766278594e-04,6.585766278594e-04,6.585766278594e-04
9.585000000000e+00,6.552919699320e-04,6.552919699320e-04,6.552919699321e-04
9.590000000000e+00,6.520236939773e-04,6.520236939773e-04,6.520236939773e-04
9.595000000000e+00,6.487717183057e-04,6.487717183057e-04,6.487717183058e-04
9.600000000000e+00,6.455359616345e-04,6.455359616345e-04,6.455359616345e-04
9.605000000000e+00,6.423163430855e-04,6.423163430855e-04,6.423163430855e-04
9.610000000000e+00,6.391127821831e-04,6.391127821831e-04,6.391127821831e-04
9.615000000000e+00,6.359251988526e-04,6.359251988526e-04,6.359251988526e-04
9.620000000000e+00,6.327535134180e-04,6.327535134180e-04,6.327535134180e-04
9.625000000000e+00,6.295976465999e-04,6.295976465999e-04,6.295976465999e-04
9.630000000000e+00,6.264575195140e-04,6.264575195140e-04,6.264575195140e-04
9.635000000000e+00,6.233330536688e-04,6.233330536688e-04,6.233330536687e-04
9.640000000000e+00,6.202241709635e-04,6.202241709635e-04,6.202241709634e-04
9.645000000000e+00,6.171307936866e-04,6.171307936866e-04,6.171307936866e-04
9.650000000000e+00,6.140528445138e-04,6.140528445138e-04,6.140528445138e-04
9.655000000000e+00,6.109902465057e-04,6.109902465057e-04,6.109902465057e-04
9.660000000000e+00,6.079429231065e-04,6.079429231065e-04,6.079429231065e-04
9.665000000000e+00,6.049107981416e-04,6.049107981416e-04,6.049107981416e-04
9.670000000000e+00,6.018937958161e-04,6.018937958161e-04,6.018937958161e-04
9.675000000000e+00,5.988918407127e-04,5.988918407127e-04,5.988918407127e-04
9.680000000000e+00,5.959048577898e-04,5.959048577898e-04,5.959048577898e-04
9.685000000000e+00,5.929327723799e-04,5.929327723799e-04,5.929327723799e-04
9.690000000000e+00,5.899755101874e-04,5.899755101874e-04,5.899755101874e-04
9.695000000000e+00,5.870329972872e-04,5.870329972872e-04,5.870329972872e-04
9.700000000000e+00,5.841051601224e-04,5.841051601224e-04,5.841051601225e-04
9.705000000000e+00,5.811919255029e-04,5.811919255029e-04,5.811919255029e-04
9.710000000000e+00,5.782932206030e-04,5.782932206030e-04,5.782932206031e-04
9.715000000000e+00,5.754089729605e-04,5.754089729605e-04,5.754089729605e-04
9.720000000000e+00,5.725391104739e-04,5.725391104739e-04,5.725391104740e-04
9.725000000000e+00,5.696835614014e-04,5.696835614014e-04,5.696835614015e-04
9.730000000000e+00,5.668422543587e-04,5.668422543587e-04,5.668422543588e-04
9.735000000000e+00,5.640151183172e-04,5.640151183172e-04,5.640151183173e-04
9.740000000000e+00,5.612020826026e-04,5.612020826026e-04,5.612020826027e-04
9.745000000000e+00,5.584030768927e-04,5.584030768927e-04,5.584030768927e-04
9.750000000000e+00,5.556180312159e-04,5.556180312159e-04,5.556180312160e-04
9.755000000000e+00,5.528468759496e-04,5.528468759496e-04,5.528468759497e-04
9.760000000000e+00,5.500895418181e-04,5.500895418181e-04,5.500895418182e-04
9.765000000000e+00,5.473459598911e-04,5.473459598911e-04,5.473459598912e-04
9.770000000000e+00,5.446160615820e-04,5.446160615820e-04,5.446160615821e-04
9.775000000000e+00,5.423318242443e-04,5.423318242443e-04,5.423318242444e-04
9.780000000000e+00,5.400379084265e-04,5.400379084265e-04,5.400379084265e-04
9.785000000000e+00,5.377353900528e-04,5.377353900528e-04,5.377353900528e-04
9.790000000000e+00,5.354252895621e-04,5.354252895621e-04,5.354252895622e-04
9.795000000000e+00,5.331085746290e-04,5.331085746290e-04,5.331085746290e-04
9.800000000000e+00,5.307861627520e-04,5.307861627520e-04,5.307861627521e-04
9.805000000000e+00,5.284589237156e-04,5.284589237156e-04,5.284589237157e-04
9.810000000000e+00,5.261276819320e-04,5.261276819320e-04,5.261276819320e-04
9.815000000000e+00,5.237932186688e-04,5.237932186688e-04,5.237932186688e-04
9.820000000000e+00,5.214562741679e-04,5.214562741679e-04,5.214562741679e-04
9.825000000000e+00,5.191175496606e-04,5.191175496606e-04,5.191175496606e-04
9.830000000000e+00,5.167777092850e-04,5.167777092850e-04,5.167777092850e-04
9.835000000000e+00,5.144373819094e-04,5.144373819094e-04,5.144373819094e-04
9.840000000000e+00,5.120971628667e-04,5.120971628667e-04,5.120971628667e-04
9.845000000000e+00,5.097576156043e-04,5.097576156043e-04,5.097576156044e-04
9.850000000000e+00,5.074192732536e-04,5.074192732536e-04,5.074192732536e-04
9.855000000000e+00,5.050826401221e-04,5.050826401221e-04,5.050826401221e-04
9.860000000000e+00,5.027481931138e-04,5.027481931138e-04,5.027481931138e-04
9.865000000000e+00,5.004163830795e-04,5.004163830795e-04,5.004163830795e-04
9.870000000000e+00,4.980876361014e-04,4.980876361014e-04,4.980876361014e-04
9.875000000000e+00,4.957623547148e-04,4.957623547148e-04,4.957623547148e-04
9.880000000000e+00,4.934409190704e-04,4.934409190704e-04,4.934409190704e-04
9.885000000000e+00,4.911236880398e-04,4.911236880398e-04,4.911236880398e-04
9.890000000000e+00,4.888110002668e-04,4.888110002668e-04,4.888110002668e-04
9.895000000000e+00,4.865031751678e-04,4.865031751678e-04,4.865031751678e-04
9.900000000000e+00,4.842005138826e-04,4.842005138826e-04,4.842005138826e-04
9.905000000000e+00,4.819033001796e-04,4.819033001796e-04,4.819033001796e-04
9.910000000000e+00,4.796118013165e-04,4.796118013165e-04,4.796118013164e-04
9.915000000000e+00,4.773262688582e-04,4.773262688582e-04,4.773262688582e-04
9.920000000000e+00,4.750469394561e-04,4.750469394561e-04,4.750469394561e-04
9.925000000000e+00,4.727740355885e-04,4.727740355885e-04,4.727740355885e-04
9.930000000000e+00,4.705077662646e-04,4.705077662646e-04,4.705077662646e-04
9.935000000000e+00,4.682483276948e-04,4.682483276948e-04,4.682483276948e-04
9.940000000000e+00,4.659959039277e-04,4.659959039277e-04,4.659959039277e-04
9.945000000000e+00,4.637506674565e-04,4.637506674565e-04,4.637506674565e-04
9.950000000000e+00,4.615127797948e-04,4.615127797948e-04,4.615127797948e-04
9.955000000000e+00,4.592823920256e-04,4.592823920256e-04,4.592823920256e-04
9.960000000000e+00,4.570596453223e-04,4.570596453223e-04,4.570596453223e-04
9.965000000000e+00,4.548446714447e-04,4.548446714447e-04,4.548446714447e-04
9.970000000000e+00,4.526375932109e-04,4.526375932109e-04,4.526375932108e-04
9.975000000000e+00,4.504385249457e-04,4.504385249457e-04,4.504385249457e-04
9.980000000000e+00,4.482475729077e-04,4.482475729077e-04,4.482475729077e-04
9.985000000000e+00,4.460648356947e-04,4.460648356947e-04,4.460648356947e-04
9.990000000000e+00,4.438904046297e-04,4.438904046297e-04,4.438904046297e-04
9.995000000000e+00,4.417243641285e-04,4.417243641285e-04,4.417243641284e-04
1.000000000000e+01,4.395667920480e-04,4.395667920480e-04,4.395667920480e-04
1.000500000000e+01,4.374177600192e-04,4.374177600192e-04,4.374177600192e-04
1.001000000000e+01,4.352773337620e-04,4.352773337620e-04,4.352773337620e-04
1.001500000000e+01,4.331455733863e-04,4.331455733863e-04,4.331455733863e-04
1.002000000000e+01,4.310225336772e-04,4.310225336772e-04,4.310225336772e-04
1.002500000000e+01,4.289082643668e-04,4.289082643668e-04,4.289082643668e-04
1.003000000000e+01,4.268028103923e-04,4.268028103923e-04,4.268028103922e-04
1.003500000000e+01,4.247062121419e-04,4.247062121419e-04,4.247062121418e-04
1.004000000000e+01,4.226185056883e-04,4.226185056883e-04,4.226185056883e-04
1.004500000000e+01,4.205397230110e-04,4.205397230110e-04,4.205397230110e-04
1.005000000000e+01,4.184698922073e-04,4.184698922073e-04,4.184698922074e-04
1.005500000000e+01,4.164090376936e-04,4.164090376936e-04,4.164090376936e-04
1.006000000000e+01,4.143571803960e-04,4.143571803960e-04,4.143571803960e-04
1.006500000000e+01,4.123143379323e-04,4.123143379323e-04,4.123143379324e-04
1.007000000000e+01,4.102805247848e-04,4.102805247848e-04,4.102805247849e-04
1.007500000000e+01,4.082557524643e-04,4.082557524643e-04,4.082557524643e-04
1.008000000000e+01,4.062400296665e-04,4.062400296665e-04,4.062400296665e-04
1.008500000000e+01,4.042333624206e-04,4.042333624206e-04,4.042333624206e-04
1.009000000000e+01,4.022357542303e-04,4.022357542303e-04,4.022357542302e-04
1.009500000000e+01,4.002472062083e-04,4.002472062083e-04,4.002472062083e-04
1.010000000000e+01,3.982677172040e-04,3.982677172040e-04,3.982677172040e-04
1.010500000000e+01,3.962972839247e-04,3.962972839247e-04,3.962972839247e-04
1.011000000000e+01,3.943359010512e-04,3.943359010512e-04,3.943359010512e-04
1.011500000000e+01,3.923835613475e-04,3.923835613475e-04,3.923835613475e-04
1.012000000000e+01,3.904402557651e-04,3.904402557651e-04,3.904402557651e-04
1.012500000000e+01,3.885059735423e-04,3.885059735423e-04,3.885059735424e-04
1.013000000000e+01,3.865807022985e-04,3.865807022985e-04,3.865807022985e-04
1.013500000000e+01,3.846644281235e-04,3.846644281235e-04,3.846644281235e-04
1.014000000000e+01,3.827571356632e-04,3.827571356632e-04,3.827571356632e-04
1.014500000000e+01,3.808588082006e-04,3.808588082006e-04,3.808588082006e-04
1.015000000000e+01,3.789694277322e-04,3.789694277322e-04,3.789694277322e-04
1.015500000000e+01,3.770889750420e-04,3.770889750420e-04,3.770889750420e-04
1.016000000000e+01,3.752174297706e-04,3.752174297706e-04,3.752174297705e-04
1.016500000000e+01,3.733547704813e-04,3.733547704813e-04,3.733547704814e-04
1.017000000000e+01,3.715009747235e-04,3.715009747235e-04,3.715009747235e-04
1.017500000000e+01,3.696560190917e-04,3.696560190917e-04,3.696560190917e-04
1.018000000000e+01,3.678198792827e-04,3.678198792827e-04,3.678198792827e-04
1.018500000000e+01,3.659925301495e-04,3.659925301495e-04,3.659925301495e-04
1.019000000000e+01,3.641739457526e-04,3.641739457526e-04,3.641739457526e-04
1.019500000000e+01,3.623640994087e-04,3.623640994087e-04,3.623640994087e-04
1.020000000000e+01,3.605629637368e-04,3.605629637368e-04,3.605629637368e-04
1.020500000000e+01,3.587705107027e-04,3.587705107027e-04,3.587705107026e-04
1.021000000000e+01,3.569867116600e-04,3.569867116600e-04,3.569867116600e-04
1.021500000000e+01,3.552115373906e-04,3.552115373906e-04,3.552115373906e-04
1.022000000000e+01,3.534449581421e-04,3.534449581421e-04,3.534449581421e-04
1.022500000000e+01,3.516869436633e-04,3.516869436633e-04,3.516869436633e-04
1.023000000000e+01,3.499374632389e-04,3.499374632389e-04,3.499374632389e-04
1.023500000000e+01,3.481964857212e-04,3.481964857212e-04,3.481964857212e-04
1.024000000000e+01,3.464639795612e-04,3.464639795612e-04,3.464639795612e-04
1.024500000000e+01,3.447399128377e-04,3.447399128377e-04,3.447399128377e-04
1.025000000000e+01,3.430242532848e-04,3.430242532848e-04,3.430242532848e-04
1.025500000000e+01,3.413169683184e-04,3.413169683184e-04,3.413169683184e-04
1.026000000000e+01,3.396180250609e-04,3.396180250609e-04,3.396180250609e-04
1.026500000000e+01,3.379273903653e-04,3.379273903653e-04,3.379273903653e-04
1.027000000000e+01,3.362450308373e-04,3.362450308373e-04,3.362450308373e-04
1.027500000000e+01,3.345709128567e-04,3.345709128567e-04,3.345709128567e-04
1.028000000000e+01,3.329050025981e-04,3.329050025981e-04,3.329050025980e-04
1.028500000000e+01,3.312472660494e-04,3.312472660494e-04,3.312472660494e-04
1.029000000000e+01,3.295976690307e-04,3.295976690307e-04,3.295976690306e-04
1.029500000000e+01,3.279561772113e-04,3.279561772113e-04,3.279561772113e-04
1.030000000000e+01,3.263227561260e-04,3.263227561260e-04,3.263227561260e-04
1.030500000000e+01,3.246973711911e-04,3.246973711911e-04,3.246973711911e-04
1.031000000000e+01,3.230799877187e-04,3.230799877187e-04,3.230799877187e-04
1.031500000000e+01,3.214705709310e-04,3.214705709310e-04,3.214705709310e-04
1.032000000000e+01,3.198690859734e-04,3.198690859734e-04,3.198690859733e-04
1.032500000000e+01,3.182754979272e-04,3.182754979272e-04,3.182754979272e-04
1.033000000000e+01,3.166897718215e-04,3.166897718215e-04,3.166897718215e-04
1.033500000000e+01,3.151118726445e-04,3.151118726445e-04,3.151118726445e-04
1.034000000000e+01,3.135417653542e-04,3.135417653542e-04,3.135417653542e-04
1.034500000000e+01,3.119794148886e-04,3.119794148886e-04,3.119794148886e-04
1.035000000000e+01,3.104247861750e-04,3.104247861750e-04,3.104247861750e-04
1.035500000000e+01,3.088778441396e-04,3.088778441396e-04,3.088778441396e-04
1.036000000000e+01,3.073385537157e-04,3.073385537157e-04,3.073385537156e-04
1.036500000000e+01,3.058068798519e-04,3.058068798519e-04,3.058068798519e-04
1.037000000000e+01,3.042827875202e-04,3.042827875202e-04,3.042827875202e-04
1.037500000000e+01,3.027662417226e-04,3.027662417226e-04,3.027662417225e-04
1.038000000000e+01,3.012572074985e-04,3.012572074985e-04,3.012572074985e-04
1.038500000000e+01,2.997556499311e-04,2.997556499311e-04,2.997556499311e-04
1.039000000000e+01,2.982615341535e-04,2.982615341535e-04,2.982615341535e-04
1.039500000000e+01,2.967748253545e-04,2.967748253545e-04,2.967748253545e-04
1.040000000000e+01,2.952954887841e-04,2.952954887841e-04,2.952954887841e-04
1.040500000000e+01,2.938234897588e-04,2.938234897588e-04,2.938234897587e-04
1.041000000000e+01,2.923587936661e-04,2.923587936661e-04,2.923587936660e-04
1.041500000000e+01,2.909013659696e-04,2.909013659696e-04,2.909013659696e-04
1.042000000000e+01,2.894511722132e-04,2.894511722132e-04,2.894511722132e-04
1.042500000000e+01,2.880081780249e-04,2.880081780249e-04,2.880081780249e-04
1.043000000000e+01,2.865723491209e-04,2.865723491209e-04,2.865723491209e-04
1.043500000000e+01,2.851436513092e-04,2.851436513092e-04,2.851436513092e-04
1.044000000000e+01,2.837220504931e-04,2.837220504931e-04,2.837220504931e-04
1.044500000000e+01,2.823075126741e-04,2.823075126741e-04,2.823075126741e-04
1.045000000000e+01,2.809000039551e-04,2.809000039551e-04,2.809000039551e-04
1.045500000000e+01,2.794994905434e-04,2.794994905434e-04,2.794994905434e-04
1.046000000000e+01,2.781059387529e-04,2.781059387529e-04,2.781059387529e-04
1.046500000000e+01,2.767193150070e-04,2.767193150070e-04,2.767193150070e-04
1.047000000000e+01,2.753395858407e-04,2.753395858407e-04,2.753395858407e-04
1.047500000000e+01,2.739667179027e-04,2.739667179027e-04,2.739667179027e-04
1.048000000000e+01,2.726006779578e-04,2.726006779578e-04,2.726006779577e-04
1.048500000000e+01,2.712414328881e-04,2.712414328881e-04,2.712414328882e-04
1.049000000000e+01,2.698889496957e-04,2.698889496957e-04,2.698889496957e-04
1.049500000000e+01,2.685431955032e-04,2.685431955032e-04,2.685431955032e-04
1.050000000000e+01,2.672041375564e-04,2.672041375564e-04,2.672041375564e-04
1.050500000000e+01,2.658717432248e-04,2.658717432248e-04,2.658717432248e-04
1.051000000000e+01,2.645459800032e-04,2.645459800032e-04,2.645459800032e-04
1.051500000000e+01,2.632268155132e-04,2.632268155132e-04,2.632268155132e-04
1.052000000000e+01,2.619142175036e-04,2.619142175036e-04,2.619142175036e-04
1.052500000000e+01,2.606081538523e-04,2.606081538523e-04,2.606081538523e-04
1.053000000000e+01,2.593085925665e-04,2.593085925665e-04,2.593085925665e-04
1.053500000000e+01,2.580155017839e-04,2.580155017839e-04,2.580155017839e-04
1.054000000000e+01,2.567288497734e-04,2.567288497734e-04,2.567288497734e-04
1.054500000000e+01,2.554486049358e-04,2.554486049358e-04,2.554486049357e-04
1.055000000000e+01,2.541747358043e-04,2.541747358043e-04,2.541747358043e-04
1.055500000000e+01,2.529072110454e-04,2.529072110454e-04,2.529072110454e-04
1.056000000000e+01,2.516459994590e-04,2.516459994590e-04,2.516459994589e-04
1.056500000000e+01,2.503910699791e-04,2.503910699791e-04,2.503910699791e-04
1.057000000000e+01,2.491423916741e-04,2.491423916741e-04,2.491423916741e-04
1.057500000000e+01,2.478999337471e-04,2.478999337471e-04,2.478999337471e-04
1.058000000000e+01,2.466636655363e-04,2.466636655363e-04,2.466636655363e-04
1.058500000000e+01,2.454335565151e-04,2.454335565151e-04,2.454335565151e-04
1.059000000000e+01,2.442095762923e-04,2.442095762923e-04,2.442095762923e-04
1.059500000000e+01,2.429916946123e-04,2.429916946123e-04,2.429916946123e-04
1.060000000000e+01,2.417798813553e-04,2.417798813553e-04,2.417798813553e-04
1.060500000000e+01,2.405741065371e-04,2.405741065371e-04,2.405741065371e-04
1.061000000000e+01,2.393743403094e-04,2.393743403094e-04,2.393743403094e-04
1.061500000000e+01,2.381805529595e-04,2.381805529595e-04,2.381805529595e-04
1.062000000000e+01,2.369927149107e-04,2.369927149107e-04,2.369927149107e-04
1.062500000000e+01,2.358107967217e-04,2.358107967217e-04,2.358107967217e-04
1.063000000000e+01,2.346347690870e-04,2.346347690870e-04,2.346347690870e-04
1.063500000000e+01,2.334646028363e-04,2.334646028363e-04,2.334646028363e-04
1.064000000000e+01,2.323002689348e-04,2.323002689348e-04,2.323002689348e-04
1.064500000000e+01,2.311417384828e-04,2.311417384828e-04,2.311417384828e-04
1.065000000000e+01,2.299889827154e-04,2.299889827154e-04,2.299889827154e-04
1.065500000000e+01,2.288419730023e-04,2.288419730023e-04,2.288419730023e-04
1.066000000000e+01,2.277006808480e-04,2.277006808480e-04,2.277006808480e-04
1.066500000000e+01,2.265650778908e-04,2.265650778908e-04,2.265650778908e-04
1.067000000000e+01,2.254351359031e-04,2.254351359031e-04,2.254351359031e-04
1.067500000000e+01,2.243108267909e-04,2.243108267909e-04,2.243108267909e-04
1.068000000000e+01,2.231921225933e-04,2.231921225933e-04,2.231921225934e-04
1.068500000000e+01,2.220789954827e-04,2.220789954827e-04,2.220789954827e-04
1.069000000000e+01,2.209714177638e-04,2.209714177638e-04,2.209714177638e-04
1.069500000000e+01,2.198693618736e-04,2.198693618736e-04,2.198693618736e-04
1.070000000000e+01,2.187728003811e-04,2.187728003811e-04,2.187728003811e-04
1.070500000000e+01,2.176817059866e-04,2.176817059866e-04,2.176817059866e-04
1.071000000000e+01,2.165960515218e-04,2.165960515218e-04,2.165960515218e-04
1.071500000000e+01,2.155158099487e-04,2.155158099487e-04,2.155158099487e-04
1.072000000000e+01,2.144409543598e-04,2.144409543598e-04,2.144409543598e-04
1.072500000000e+01,2.133714579775e-04,2.133714579775e-04,2.133714579775e-04
1.073000000000e+01,2.123072941534e-04,2.123072941534e-04,2.123072941534e-04
1.073500000000e+01,2.112484363682e-04,2.112484363682e-04,2.112484363682e-04
1.074000000000e+01,2.101948582312e-04,2.101948582312e-04,2.101948582312e-04
1.074500000000e+01,2.091465334795e-04,2.091465334795e-04,2.091465334795e-04
1.075000000000e+01,2.081034359780e-04,2.081034359780e-04,2.081034359780e-04
1.075500000000e+01,2.070655397186e-04,2.070655397186e-04,2.070655397187e-04
1.076000000000e+01,2.060328188201e-04,2.060328188201e-04,2.060328188201e-04
1.076500000000e+01,2.050052475270e-04,2.050052475270e-04,2.050052475270e-04
1.077000000000e+01,2.039828002099e-04,2.039828002099e-04,2.039828002100e-04
1.077500000000e+01,2.029654513644e-04,2.029654513644e-04,2.029654513644e-04
1.078000000000e+01,2.019531756108e-04,2.019531756108e-04,2.019531756109e-04
1.078500000000e+01,2.009459476936e-04,2.009459476936e-04,2.009459476937e-04
1.079000000000e+01,1.999437424811e-04,1.999437424811e-04,1.999437424811e-04
1.079500000000e+01,1.989465349645e-04,1.989465349645e-04,1.989465349645e-04
1.080000000000e+01,1.979543002579e-04,1.979543002579e-04,1.979543002579e-04
1.080500000000e+01,1.969670135975e-04,1.969670135975e-04,1.969670135976e-04
1.081000000000e+01,1.959846503412e-04,1.959846503412e-04,1.959846503413e-04
1.081500000000e+01,1.950071859680e-04,1.950071859680e-04,1.950071859680e-04
1.082000000000e+01,1.940345960774e-04,1.940345960774e-04,1.940345960774e-04
1.082500000000e+01,1.930668563891e-04,1.930668563891e-04,1.930668563892e-04
1.083000000000e+01,1.921039427425e-04,1.921039427425e-04,1.921039427425e-04
1.083500000000e+01,1.911458310958e-04,1.911458310958e-04,1.911458310958e-04
1.084000000000e+01,1.901924975258e-04,1.901924975258e-04,1.901924975259e-04
1.084500000000e+01,1.892439182275e-04,1.892439182275e-04,1.892439182275e-04
1.085000000000e+01,1.883000695131e-04,1.883000695131e-04,1.883000695131e-04
1.085500000000e+01,1.873609278119e-04,1.873609278119e-04,1.873609278119e-04
1.086000000000e+01,1.864264696696e-04,1.864264696696e-04,1.864264696697e-04
1.086500000000e+01,1.854966717479e-04,1.854966717479e-04,1.854966717480e-04
1.087000000000e+01,1.845715108238e-04,1.845715108238e-04,1.845715108238e-04
1.087500000000e+01,1.836509637890e-04,1.836509637890e-04,1.836509637891e-04
1.088000000000e+01,1.827350076498e-04,1.827350076498e-04,1.827350076499e-04
1.088500000000e+01,1.818236195262e-04,1.818236195262e-04,1.818236195262e-04
1.089000000000e+01,1.809167766513e-04,1.809167766513e-04,1.809167766514e-04
1.089500000000e+01,1.800144563713e-04,1.800144563713e-04,1.800144563713e-04
1.090000000000e+01,1.791166361443e-04,1.791166361443e-04,1.791166361443e-04
1.090500000000e+01,1.782232935402e-04,1.782232935402e-04,1.782232935403e-04
1.091000000000e+01,1.773344062403e-04,1.773344062403e-04,1.773344062404e-04
1.091500000000e+01,1.764499520363e-04,1.764499520363e-04,1.764499520364e-04
1.092000000000e+01,1.755699088302e-04,1.755699088302e-04,1.755699088302e-04
1.092500000000e+01,1.746942546334e-04,1.746942546334e-04,1.746942546334e-04
1.093000000000e+01,1.738229675667e-04,1.738229675667e-04,1.738229675667e-04
1.093500000000e+01,1.729560258594e-04,1.729560258594e-04,1.729560258594e-04
1.094000000000e+01,1.720934078487e-04,1.720934078487e-04,1.720934078487e-04
1.094500000000e+01,1.712350919796e-04,1.712350919796e-04,1.712350919796e-04
1.095000000000e+01,1.703810568039e-04,1.703810568039e-04,1.703810568039e-04
1.095500000000e+01,1.695312809803e-04,1.695312809803e-04,1.695312809803e-04
1.096000000000e+01,1.686857432731e-04,1.686857432731e-04,1.686857432731e-04
1.096500000000e+01,1.678444225524e-04,1.678444225524e-04,1.678444225524e-04
1.097000000000e+01,1.670072977932e-04,1.670072977932e-04,1.670072977932e-04
1.097500000000e+01,1.661743480751e-04,1.661743480751e-04,1.661743480750e-04
1.098000000000e+01,1.653455525815e-04,1.653455525815e-04,1.653455525815e-04
1.098500000000e+01,1.645208905996e-04,1.645208905996e-04,1.645208905996e-04
1.099000000000e+01,1.637003415193e-04,1.637003415193e-04,1.637003415193e-04
1.099500000000e+01,1.628838848332e-04,1.628838848332e-04,1.628838848332e-04
1.100000000000e+01,1.620715001358e-04,1.620715001358e-04,1.620715001358e-04
1.100500000000e+01,1.612631671232e-04,1.612631671232e-04,1.612631671232e-04
1.101000000000e+01,1.604588655923e-04,1.604588655923e-04,1.604588655923e-04
1.101500000000e+01,1.596585754409e-04,1.596585754409e-04,1.596585754409e-04
1.102000000000e+01,1.588622766665e-04,1.588622766665e-04,1.588622766664e-04
1.102500000000e+01,1.580699493662e-04,1.580699493662e-04,1.580699493662e-04
1.103000000000e+01,1.572815737363e-04,1.572815737363e-04,1.572815737363e-04
1.103500000000e+01,1.564971300715e-04,1.564971300715e-04,1.564971300715e-04
1.104000000000e+01,1.557165987648e-04,1.557165987648e-04,1.557165987648e-04
1.104500000000e+01,1.549399603067e-04,1.549399603067e-04,1.549399603067e-04
1.105000000000e+01,1.541671952847e-04,1.541671952847e-04,1.541671952847e-04
1.105500000000e+01,1.533982843832e-04,1.533982843832e-04,1.533982843832e-04
1.106000000000e+01,1.526332083826e-04,1.526332083826e-04,1.526332083826e-04
1.106500000000e+01,1.518719481592e-04,1.518719481592e-04,1.518719481592e-04
1.107000000000e+01,1.511144846843e-04,1.511144846843e-04,1.511144846843e-04
1.107500000000e+01,1.503607990243e-04,1.503607990243e-04,1.503607990243e-04
1.108000000000e+01,1.496108723395e-04,1.496108723395e-04,1.496108723395e-04
1.108500000000e+01,1.488646858843e-04,1.488646858843e-04,1.488646858843e-04
1.109000000000e+01,1.481222210065e-04,1.481222210065e-04,1.481222210065e-04
1.109500000000e+01,1.473834591468e-04,1.473834591468e-04,1.473834591467e-04
1.110000000000e+01,1.466483818382e-04,1.466483818382e-04,1.466483818382e-04
1.110500000000e+01,1.459169707059e-04,1.459169707059e-04,1.459169707058e-04
1.111000000000e+01,1.451892074665e-04,1.451892074665e-04,1.451892074665e-04
1.111500000000e+01,1.444650739279e-04,1.444650739279e-04,1.444650739278e-04
1.112000000000e+01,1.437445519884e-04,1.437445519884e-04,1.437445519884e-04
1.112500000000e+01,1.430276236368e-04,1.430276236368e-04,1.430276236368e-04
1.113000000000e+01,1.423142709513e-04,1.423142709513e-04,1.423142709512e-04
1.113500000000e+01,1.416044760997e-04,1.416044760997e-04,1.416044760997e-04
1.114000000000e+01,1.408982213385e-04,1.408982213385e-04,1.408982213385e-04
1.114500000000e+01,1.401954890128e-04,1.401954890128e-04,1.401954890128e-04
1.115000000000e+01,1.394962615556e-04,1.394962615556e-04,1.394962615555e-04
1.115500000000e+01,1.388005214873e-04,1.388005214873e-04,1.388005214874e-04
1.116000000000e+01,1.381082514158e-04,1.381082514158e-04,1.381082514157e-04
1.116500000000e+01,1.374194340352e-04,1.374194340352e-04,1.374194340352e-04
1.117000000000e+01,1.367340521263e-04,1.367340521263e-04,1.367340521263e-04
1.117500000000e+01,1.360520885555e-04,1.360520885555e-04,1.360520885555e-04
1.118000000000e+01,1.353735262747e-04,1.353735262747e-04,1.353735262747e-04
1.118500000000e+01,1.346983483207e-04,1.346983483207e-04,1.346983483207e-04
1.119000000000e+01,1.340265378150e-04,1.340265378150e-04,1.340265378150e-04
1.119500000000e+01,1.333580779630e-04,1.333580779630e-04,1.333580779631e-04
1.120000000000e+01,1.326929520542e-04,1.326929520542e-04,1.326929520542e-04
1.120500000000e+01,1.320311434609e-04,1.320311434609e-04,1.320311434610e-04
1.121000000000e+01,1.313726356389e-04,1.313726356389e-04,1.313726356389e-04
1.121500000000e+01,1.307174121259e-04,1.307174121259e-04,1.307174121260e-04
1.122000000000e+01,1.300654565422e-04,1.300654565422e-04,1.300654565422e-04
1.122500000000e+01,1.294167525892e-04,1.294167525892e-04,1.294167525893e-04
1.123000000000e+01,1.287712840502e-04,1.287712840502e-04,1.287712840502e-04
1.123500000000e+01,1.281290347887e-04,1.281290347887e-04,1.281290347888e-04
1.124000000000e+01,1.274899887493e-04,1.274899887493e-04,1.274899887493e-04
1.124500000000e+01,1.268541299561e-04,1.268541299561e-04,1.268541299561e-04
1.125000000000e+01,1.262214425131e-04,1.262214425131e-04,1.262214425131e-04
1.125500000000e+01,1.255919106037e-04,1.255919106037e-04,1.255919106037e-04
1.126000000000e+01,1.249655184899e-04,1.249655184899e-04,1.249655184899e-04
1.126500000000e+01,1.243422505123e-04,1.243422505123e-04,1.243422505123e-04
1.127000000000e+01,1.237220910895e-04,1.237220910895e-04,1.237220910896e-04
1.127500000000e+01,1.231619434341e-04,1.231619434341e-04,1.231619434341e-04
1.128000000000e+01,1.226018135618e-04,1.226018135618e-04,1.226018135618e-04
1.128500000000e+01,1.220418367694e-04,1.220418367694e-04,1.220418367694e-04
1.129000000000e+01,1.214821410758e-04,1.214821410758e-04,1.214821410758e-04
1.129500000000e+01,1.209228475809e-04,1.209228475809e-04,1.209228475810e-04
1.130000000000e+01,1.203640708061e-04,1.203640708061e-04,1.203640708061e-04
1.130500000000e+01,1.198059190184e-04,1.198059190184e-04,1.198059190184e-04
1.131000000000e+01,1.192484945389e-04,1.192484945389e-04,1.192484945389e-04
1.131500000000e+01,1.186918940361e-04,1.186918940361e-04,1.186918940361e-04
1.132000000000e+01,1.181362088049e-04,1.181362088049e-04,1.181362088049e-04
1.132500000000e+01,1.175815250320e-04,1.175815250320e-04,1.175815250320e-04
1.133000000000e+01,1.170279240480e-04,1.170279240480e-04,1.170279240480e-04
1.133500000000e+01,1.164754825680e-04,1.164754825680e-04,1.164754825681e-04
1.134000000000e+01,1.159242729195e-04,1.159242729195e-04,1.159242729195e-04
1.134500000000e+01,1.153743632598e-04,1.153743632598e-04,1.153743632598e-04
1.135000000000e+01,1.148258177825e-04,1.148258177825e-04,1.148258177825e-04
1.135500000000e+01,1.142786969143e-04,1.142786969143e-04,1.142786969142e-04
1.136000000000e+01,1.137330575012e-04,1.137330575012e-04,1.137330575012e-04
1.136500000000e+01,1.131889529872e-04,1.131889529872e-04,1.131889529872e-04
1.137000000000e+01,1.126464335826e-04,1.126464335826e-04,1.126464335826e-04
1.137500000000e+01,1.121055464254e-04,1.121055464254e-04,1.121055464254e-04
1.138000000000e+01,1.115663357336e-04,1.115663357336e-04,1.115663357335e-04
1.138500000000e+01,1.110288429514e-04,1.110288429514e-04,1.110288429514e-04
1.139000000000e+01,1.104931068872e-04,1.104931068872e-04,1.104931068872e-04
1.139500000000e+01,1.099591638452e-04,1.099591638452e-04,1.099591638451e-04
1.140000000000e+01,1.094270477506e-04,1.094270477506e-04,1.094270477506e-04
1.140500000000e+01,1.088967902688e-04,1.088967902688e-04,1.088967902688e-04
1.141000000000e+01,1.083684209185e-04,1.083684209185e-04,1.083684209185e-04
1.141500000000e+01,1.078419671795e-04,1.078419671795e-04,1.078419671795e-04
1.142000000000e+01,1.073174545949e-04,1.073174545949e-04,1.073174545949e-04
1.142500000000e+01,1.067949068689e-04,1.067949068689e-04,1.067949068689e-04
1.143000000000e+01,1.062743459590e-04,1.062743459590e-04,1.062743459589e-04
1.143500000000e+01,1.057557921645e-04,1.057557921645e-04,1.057557921645e-04
1.144000000000e+01,1.052392642102e-04,1.052392642102e-04,1.052392642101e-04
1.144500000000e+01,1.047247793260e-04,1.047247793260e-04,1.047247793260e-04
1.145000000000e+01,1.042123533227e-04,1.042123533227e-04,1.042123533227e-04
1.145500000000e+01,1.037020006645e-04,1.037020006645e-04,1.037020006645e-04
1.146000000000e+01,1.031937345368e-04,1.031937345368e-04,1.031937345368e-04
1.146500000000e+01,1.026875669122e-04,1.026875669122e-04,1.026875669122e-04
1.147000000000e+01,1.021835086118e-04,1.021835086118e-04,1.021835086118e-04
1.147500000000e+01,1.016815693649e-04,1.016815693649e-04,1.016815693649e-04
1.148000000000e+01,1.011817578644e-04,1.011817578644e-04,1.011817578644e-04
1.148500000000e+01,1.006840818206e-04,1.006840818206e-04,1.006840818206e-04
1.149000000000e+01,1.001885480117e-04,1.001885480117e-04,1.001885480116e-04
1.149500000000e+01,9.969516233196e-05,9.969516233196e-05,9.969516233196e-05
1.150000000000e+01,9.920392983791e-05,9.920392983791e-05,9.920392983792e-05
1.150500000000e+01,9.871485479159e-05,9.871485479159e-05,9.871485479157e-05
1.151000000000e+01,9.822794070219e-05,9.822794070219e-05,9.822794070215e-05
1.151500000000e+01,9.774319036550e-05,9.774319036550e-05,9.774319036546e-05
1.152000000000e+01,9.726060590133e-05,9.726060590133e-05,9.726060590132e-05
1.152500000000e+01,9.678018878924e-05,9.678018878924e-05,9.678018878922e-05
1.153000000000e+01,9.630193990242e-05,9.630193990242e-05,9.630193990237e-05
1.153500000000e+01,9.582585953990e-05,9.582585953990e-05,9.582585953993e-05
1.154000000000e+01,9.535194745724e-05,9.535194745724e-05,9.535194745721e-05
1.154500000000e+01,9.488020289565e-05,9.488020289565e-05,9.488020289567e-05
1.155000000000e+01,9.441062460974e-05,9.441062460974e-05,9.441062460974e-05
1.155500000000e+01,9.394321089379e-05,9.394321089379e-05,9.394321089382e-05
1.156000000000e+01,9.347795960687e-05,9.347795960687e-05,9.347795960685e-05
1.156500000000e+01,9.301486819662e-05,9.301486819662e-05,9.301486819667e-05
1.157000000000e+01,9.255393372188e-05,9.255393372188e-05,9.255393372184e-05
1.157500000000e+01,9.209515287423e-05,9.209515287423e-05,9.209515287421e-05
1.158000000000e+01,9.163852199845e-05,9.163852199845e-05,9.163852199844e-05
1.158500000000e+01,9.118403711194e-05,9.118403711194e-05,9.118403711194e-05
1.159000000000e+01,9.073169392326e-05,9.073169392326e-05,9.073169392328e-05
1.159500000000e+01,9.028148784963e-05,9.028148784963e-05,9.028148784963e-05
1.160000000000e+01,8.983341403372e-05,8.983341403372e-05,8.983341403369e-05
1.160500000000e+01,8.938746735944e-05,8.938746735944e-05,8.938746735941e-05
1.161000000000e+01,8.894364246710e-05,8.894364246710e-05,8.894364246706e-05
1.161500000000e+01,8.850193376771e-05,8.850193376771e-05,8.850193376767e-05
1.162000000000e+01,8.806233545661e-05,8.806233545661e-05,8.806233545654e-05
1.162500000000e+01,8.762484152646e-05,8.762484152646e-05,8.762484152647e-05
1.163000000000e+01,8.718944577952e-05,8.718944577952e-05,8.718944577949e-05
1.163500000000e+01,8.675614183932e-05,8.675614183932e-05,8.675614183927e-05
1.164000000000e+01,8.632492316185e-05,8.632492316185e-05,8.632492316182e-05
1.164500000000e+01,8.589578304604e-05,8.589578304604e-05,8.589578304605e-05
1.165000000000e+01,8.546871464385e-05,8.546871464385e-05,8.546871464383e-05
1.165500000000e+01,8.504371096976e-05,8.504371096976e-05,8.504371096973e-05
1.166000000000e+01,8.462076490985e-05,8.462076490985e-05,8.462076490984e-05
1.166500000000e+01,8.419986923042e-05,8.419986923042e-05,8.419986923042e-05
1.167000000000e+01,8.378101658611e-05,8.378101658611e-05,8.378101658610e-05
1.167500000000e+01,8.336419952769e-05,8.336419952769e-05,8.336419952768e-05
1.168000000000e+01,8.294941050946e-05,8.294941050946e-05,8.294941050945e-05
1.168500000000e+01,8.253664189619e-05,8.253664189619e-05,8.253664189620e-05
1.169000000000e+01,8.212588596979e-05,8.212588596979e-05,8.212588596974e-05
1.169500000000e+01,8.171713493566e-05,8.171713493566e-05,8.171713493563e-05
1.170000000000e+01,8.131038092862e-05,8.131038092862e-05,8.131038092860e-05
1.170500000000e+01,8.090561601864e-05,8.090561601864e-05,8.090561601862e-05
1.171000000000e+01,8.050283221622e-05,8.050283221622e-05,8.050283221620e-05
1.171500000000e+01,8.010202147754e-05,8.010202147754e-05,8.010202147749e-05
1.172000000000e+01,7.970317570930e-05,7.970317570930e-05,7.970317570923e-05
1.172500000000e+01,7.930628677333e-05,7.930628677333e-05,7.930628677327e-05
1.173000000000e+01,7.891134649100e-05,7.891134649100e-05,7.891134649096e-05
1.173500000000e+01,7.851834664735e-05,7.851834664735e-05,7.851834664729e-05
1.174000000000e+01,7.812727899506e-05,7.812727899506e-05,7.812727899504e-05
1.174500000000e+01,7.773813525815e-05,7.773813525815e-05,7.773813525812e-05
1.175000000000e+01,7.735090713556e-05,7.735090713556e-05,7.735090713552e-05
1.175500000000e+01,7.696558630448e-05,7.696558630448e-05,7.696558630446e-05
1.176000000000e+01,7.658216442357e-05,7.658216442357e-05,7.658216442354e-05
1.176500000000e+01,7.620063313597e-05,7.620063313597e-05,7.620063313595e-05
1.177000000000e+01,7.582098407215e-05,7.582098407215e-05,7.582098407211e-05
1.177500000000e+01,7.544320885264e-05,7.544320885264e-05,7.544320885259e-05
1.178000000000e+01,7.506729909060e-05,7.506729909060e-05,7.506729909058e-05
1.178500000000e+01,7.469324639422e-05,7.469324639422e-05,7.469324639423e-05
1.179000000000e+01,7.432104236910e-05,7.432104236910e-05,7.432104236910e-05
1.179500000000e+01,7.395067862036e-05,7.395067862036e-05,7.395067862035e-05
1.180000000000e+01,7.358214675473e-05,7.358214675473e-05,7.358214675471e-05
1.180500000000e+01,7.321543838252e-05,7.321543838252e-05,7.321543838253e-05
1.181000000000e+01,7.285054511946e-05,7.285054511946e-05,7.285054511943e-05
1.181500000000e+01,7.248745858843e-05,7.248745858843e-05,7.248745858840e-05
1.182000000000e+01,7.212617042117e-05,7.212617042117e-05,7.212617042115e-05
1.182500000000e+01,7.176667225976e-05,7.176667225976e-05,7.176667225975e-05
1.183000000000e+01,7.140895575818e-05,7.140895575818e-05,7.140895575815e-05
1.183500000000e+01,7.105301258366e-05,7.105301258366e-05,7.105301258369e-05
1.184000000000e+01,7.069883441798e-05,7.069883441798e-05,7.069883441793e-05
1.184500000000e+01,7.034641295876e-05,7.034641295876e-05,7.034641295878e-05
1.185000000000e+01,6.999573992063e-05,6.999573992063e-05,6.999573992059e-05
1.185500000000e+01,6.964680703628e-05,6.964680703628e-05,6.964680703628e-05
1.186000000000e+01,6.929960605757e-05,6.929960605757e-05,6.929960605752e-05
1.186500000000e+01,6.895412875646e-05,6.895412875646e-05,6.895412875645e-05
1.187000000000e+01,6.861036692598e-05,6.861036692598e-05,6.861036692596e-05
1.187500000000e+01,6.826831238105e-05,6.826831238105e-05,6.826831238104e-05
1.188000000000e+01,6.792795695936e-05,6.792795695936e-05,6.792795695935e-05
1.188500000000e+01,6.758929252208e-05,6.758929252208e-05,6.758929252203e-05
1.189000000000e+01,6.725231095460e-05,6.725231095460e-05,6.725231095455e-05
1.189500000000e+01,6.691700416722e-05,6.691700416722e-05,6.691700416720e-05
1.190000000000e+01,6.658336409580e-05,6.658336409580e-05,6.658336409578e-05
1.190500000000e+01,6.625138270231e-05,6.625138270231e-05,6.625138270232e-05
1.191000000000e+01,6.592105197540e-05,6.592105197540e-05,6.592105197541e-05
1.191500000000e+01,6.559236393096e-05,6.559236393096e-05,6.559236393094e-05
1.192000000000e+01,6.526531061255e-05,6.526531061255e-05,6.526531061254e-05
1.192500000000e+01,6.493988409191e-05,6.493988409191e-05,6.493988409189e-05
1.193000000000e+01,6.461607646930e-05,6.461607646930e-05,6.461607646928e-05
1.193500000000e+01,6.429387987401e-05,6.429387987401e-05,6.429387987399e-05
1.194000000000e+01,6.397328646460e-05,6.397328646460e-05,6.397328646456e-05
1.194500000000e+01,6.365428842933e-05,6.365428842933e-05,6.365428842934e-05
1.195000000000e+01,6.333687798644e-05,6.333687798644e-05,6.333687798642e-05
1.195500000000e+01,6.302104738441e-05,6.302104738441e-05,6.302104738438e-05
1.196000000000e+01,6.270678890228e-05,6.270678890228e-05,6.270678890221e-05
1.196500000000e+01,6.239409484985e-05,6.239409484985e-05,6.239409484986e-05
1.197000000000e+01,6.208295756794e-05,6.208295756794e-05,6.208295756793e-05
1.197500000000e+01,6.177336942857e-05,6.177336942857e-05,6.177336942852e-05
1.198000000000e+01,6.146532283512e-05,6.146532283512e-05,6.146532283507e-05
1.198500000000e+01,6.115881022258e-05,6.115881022258e-05,6.115881022254e-05
1.199000000000e+01,6.085382405760e-05,6.085382405760e-05,6.085382405755e-05
1.199500000000e+01,6.055035683871e-05,6.055035683871e-05,6.055035683865e-05
1.200000000000e+01,6.024840109640e-05,6.024840109640e-05,6.024840109639e-05
1.200500000000e+01,5.994794939321e-05,5.994794939321e-05,5.994794939323e-05
1.201000000000e+01,5.964899432387e-05,5.964899432387e-05,5.964899432379e-05
1.201500000000e+01,5.935152851535e-05,5.935152851535e-05,5.935152851532e-05
1.202000000000e+01,5.905554462692e-05,5.905554462692e-05,5.905554462689e-05
1.202500000000e+01,5.876103535023e-05,5.876103535023e-05,5.876103535023e-05
1.203000000000e+01,5.846799340934e-05,5.846799340934e-05,5.846799340934e-05
1.203500000000e+01,5.817641156077e-05,5.817641156077e-05,5.817641156077e-05
1.204000000000e+01,5.788628259350e-05,5.788628259350e-05,5.788628259346e-05
1.204500000000e+01,5.759759932901e-05,5.759759932901e-05,5.759759932900e-05
1.205000000000e+01,5.731035462127e-05,5.731035462127e-05,5.731035462121e-05
1.205500000000e+01,5.702454135677e-05,5.702454135677e-05,5.702454135674e-05
1.206000000000e+01,5.674015245446e-05,5.674015245446e-05,5.674015245445e-05
1.206500000000e+01,5.645718086577e-05,5.645718086577e-05,5.645718086575e-05
1.207000000000e+01,5.617561957461e-05,5.617561957461e-05,5.617561957456e-05
1.207500000000e+01,5.589546159726e-05,5.589546159726e-05,5.589546159720e-05
1.208000000000e+01,5.561669998243e-05,5.561669998243e-05,5.561669998239e-05
1.208500000000e+01,5.533932781113e-05,5.533932781113e-05,5.533932781111e-05
1.209000000000e+01,5.506333819669e-05,5.506333819669e-05,5.506333819666e-05
1.209500000000e+01,5.478872428468e-05,5.478872428468e-05,5.478872428466e-05
1.210000000000e+01,5.451547925284e-05,5.451547925284e-05,5.451547925279e-05
1.210500000000e+01,5.424359631104e-05,5.424359631104e-05,5.424359631102e-05
1.211000000000e+01,5.397306870119e-05,5.397306870119e-05,5.397306870116e-05
1.211500000000e+01,5.370388969720e-05,5.370388969720e-05,5.370388969718e-05
1.212000000000e+01,5.343605260486e-05,5.343605260486e-05,5.343605260484e-05
1.212500000000e+01,5.316955076182e-05,5.316955076182e-05,5.316955076183e-05
1.213000000000e+01,5.290437753744e-05,5.290437753744e-05,5.290437753738e-05
1.213500000000e+01,5.264052633277e-05,5.264052633277e-05,5.264052633274e-05
1.214000000000e+01,5.237799058039e-05,5.237799058039e-05,5.237799058037e-05
1.214500000000e+01,5.211676374440e-05,5.211676374440e-05,5.211676374438e-05
1.215000000000e+01,5.185683932025e-05,5.185683932025e-05,5.185683932023e-05
1.215500000000e+01,5.159821083469e-05,5.159821083469e-05,5.159821083470e-05
1.216000000000e+01,5.134087184566e-05,5.134087184566e-05,5.134087184563e-05
1.216500000000e+01,5.108481594216e-05,5.108481594216e-05,5.108481594213e-05
1.217000000000e+01,5.083003674420e-05,5.083003674420e-05,5.083003674421e-05
1.217500000000e+01,5.057652790265e-05,5.057652790265e-05,5.057652790266e-05
1.218000000000e+01,5.032428309913e-05,5.032428309913e-05,5.032428309910e-05
1.218500000000e+01,5.007329604595e-05,5.007329604595e-05,5.007329604593e-05
1.219000000000e+01,4.982356048594e-05,4.982356048594e-05,4.982356048593e-05
1.219500000000e+01,4.957507019237e-05,4.957507019237e-05,4.957507019236e-05
1.220000000000e+01,4.932781896883e-05,4.932781896883e-05,4.932781896877e-05
1.220500000000e+01,4.908180064910e-05,4.908180064910e-05,4.908180064908e-05
1.221000000000e+01,4.883700909707e-05,4.883700909707e-05,4.883700909704e-05
1.221500000000e+01,4.859343820659e-05,4.859343820659e-05,4.859343820658e-05
1.222000000000e+01,4.835108190136e-05,4.835108190136e-05,4.835108190137e-05
1.222500000000e+01,4.810993413480e-05,4.810993413480e-05,4.810993413480e-05
1.223000000000e+01,4.786998888996e-05,4.786998888996e-05,4.786998888993e-05
1.223500000000e+01,4.763124017936e-05,4.763124017936e-05,4.763124017937e-05
1.224000000000e+01,4.739368204492e-05,4.739368204492e-05,4.739368204490e-05
1.224500000000e+01,4.715730855777e-05,4.715730855777e-05,4.715730855777e-05
1.225000000000e+01,4.692211381819e-05,4.692211381819e-05,4.692211381818e-05
1.225500000000e+01,4.668809195544e-05,4.668809195544e-05,4.668809195543e-05
1.226000000000e+01,4.645523712767e-05,4.645523712767e-05,4.645523712766e-05
1.226500000000e+01,4.622354352177e-05,4.622354352177e-05,4.622354352178e-05
1.227000000000e+01,4.599300535327e-05,4.599300535327e-05,4.599300535326e-05
1.227500000000e+01,4.576361686619e-05,4.576361686619e-05,4.576361686616e-05
1.228000000000e+01,4.553537233293e-05,4.553537233293e-05,4.553537233288e-05
1.228500000000e+01,4.530826605415e-05,4.530826605415e-05,4.530826605419e-05
1.229000000000e+01,4.508229235863e-05,4.508229235863e-05,4.508229235863e-05
1.229500000000e+01,4.485744560314e-05,4.485744560314e-05,4.485744560311e-05
1.230000000000e+01,4.463372017234e-05,4.463372017234e-05,4.463372017231e-05
1.230500000000e+01,4.441111047863e-05,4.441111047863e-05,4.441111047862e-05
1.231000000000e+01,4.418961096204e-05,4.418961096204e-05,4.418961096202e-05
1.231500000000e+01,4.396921609008e-05,4.396921609008e-05,4.396921609007e-05
1.232000000000e+01,4.374992035765e-05,4.374992035765e-05,4.374992035763e-05
1.232500000000e+01,4.353171828689e-05,4.353171828689e-05,4.353171828689e-05
1.233000000000e+01,4.331460442706e-05,4.331460442706e-05,4.331460442701e-05
1.233500000000e+01,4.309857335441e-05,4.309857335441e-05,4.309857335441e-05
1.234000000000e+01,4.288361967206e-05,4.288361967206e-05,4.288361967206e-05
1.234500000000e+01,4.266973800989e-05,4.266973800989e-05,4.266973800989e-05
1.235000000000e+01,4.245692302437e-05,4.245692302437e-05,4.245692302436e-05
1.235500000000e+01,4.224516939848e-05,4.224516939848e-05,4.224516939850e-05
1.236000000000e+01,4.203447184159e-05,4.203447184159e-05,4.203447184156e-05
1.236500000000e+01,4.182482508928e-05,4.182482508928e-05,4.182482508931e-05
1.237000000000e+01,4.161622390326e-05,4.161622390326e-05,4.161622390328e-05
1.237500000000e+01,4.140866307127e-05,4.140866307127e-05,4.140866307128e-05
1.238000000000e+01,4.120213740687e-05,4.120213740687e-05,4.120213740689e-05
1.238500000000e+01,4.099664174943e-05,4.099664174943e-05,4.099664174943e-05
1.239000000000e+01,4.079217096389e-05,4.079217096389e-05,4.079217096391e-05
1.239500000000e+01,4.058871994076e-05,4.058871994076e-05,4.058871994075e-05
1.240000000000e+01,4.038628359587e-05,4.038628359587e-05,4.038628359587e-05
1.240500000000e+01,4.018485687036e-05,4.018485687036e-05,4.018485687037e-05
1.241000000000e+01,3.998443473048e-05,3.998443473048e-05,3.998443473051e-05
1.241500000000e+01,3.978501216753e-05,3.978501216753e-05,3.978501216754e-05
1.242000000000e+01,3.958658419768e-05,3.958658419768e-05,3.958658419770e-05
1.242500000000e+01,3.938914586190e-05,3.938914586190e-05,3.938914586193e-05
1.243000000000e+01,3.919269222580e-05,3.919269222580e-05,3.919269222582e-05
1.243500000000e+01,3.899721837955e-05,3.899721837955e-05,3.899721837958e-05
1.244000000000e+01,3.880271943774e-05,3.880271943774e-05,3.880271943777e-05
1.244500000000e+01,3.860919053924e-05,3.860919053924e-05,3.860919053926e-05
1.245000000000e+01,3.841662684712e-05,3.841662684712e-05,3.841662684715e-05
1.245500000000e+01,3.822502354852e-05,3.822502354852e-05,3.822502354854e-05
1.246000000000e+01,3.803437585453e-05,3.803437585453e-05,3.803437585457e-05
1.246500000000e+01,3.784467900007e-05,3.784467900007e-05,3.784467900010e-05
1.247000000000e+01,3.765592824376e-05,3.765592824376e-05,3.765592824375e-05
1.247500000000e+01,3.746811886785e-05,3.746811886785e-05,3.746811886788e-05
1.248000000000e+01,3.728124617805e-05,3.728124617805e-05,3.728124617807e-05
1.248500000000e+01,3.709530550345e-05,3.709530550345e-05,3.709530550349e-05
1.249000000000e+01,3.691029219641e-05,3.691029219641e-05,3.691029219640e-05
1.249500000000e+01,3.672620163240e-05,3.672620163240e-05,3.672620163242e-05
1.250000000000e+01,3.654302920995e-05,3.654302920995e-05,3.654302920995e-05
1.250500000000e+01,3.636077035048e-05,3.636077035048e-05,3.636077035050e-05
1.251000000000e+01,3.617942049823e-05,3.617942049823e-05,3.617942049823e-05
1.251500000000e+01,3.599897512013e-05,3.599897512013e-05,3.599897512016e-05
1.252000000000e+01,3.581942970567e-05,3.581942970567e-05,3.581942970571e-05
1.252500000000e+01,3.564077976682e-05,3.564077976682e-05,3.564077976686e-05
1.253000000000e+01,3.546302083792e-05,3.546302083792e-05,3.546302083793e-05
1.253500000000e+01,3.528614847553e-05,3.528614847553e-05,3.528614847555e-05
1.254000000000e+01,3.511015825837e-05,3.511015825837e-05,3.511015825841e-05
1.254500000000e+01,3.493504578717e-05,3.493504578717e-05,3.493504578722e-05
1.255000000000e+01,3.476080668460e-05,3.476080668460e-05,3.476080668463e-05
1.255500000000e+01,3.458743659512e-05,3.458743659512e-05,3.458743659514e-05
1.256000000000e+01,3.441493118491e-05,3.441493118491e-05,3.441493118495e-05
1.256500000000e+01,3.424328614173e-05,3.424328614173e-05,3.424328614175e-05
1.257000000000e+01,3.407249717484e-05,3.407249717484e-05,3.407249717486e-05
1.257500000000e+01,3.390256001487e-05,3.390256001487e-05,3.390256001490e-05
1.258000000000e+01,3.373347041376e-05,3.373347041376e-05,3.373347041379e-05
1.258500000000e+01,3.356522414458e-05,3.356522414458e-05,3.356522414461e-05
1.259000000000e+01,3.339781700149e-05,3.339781700149e-05,3.339781700149e-05
1.259500000000e+01,3.323124479961e-05,3.323124479961e-05,3.323124479961e-05
1.260000000000e+01,3.306550337492e-05,3.306550337492e-05,3.306550337492e-05
1.260500000000e+01,3.290058858414e-05,3.290058858414e-05,3.290058858418e-05
1.261000000000e+01,3.273649630467e-05,3.273649630467e-05,3.273649630467e-05
1.261500000000e+01,3.257322243443e-05,3.257322243443e-05,3.257322243441e-05
1.262000000000e+01,3.241076289181e-05,3.241076289181e-05,3.241076289183e-05
1.262500000000e+01,3.224911361554e-05,3.224911361554e-05,3.224911361556e-05
1.263000000000e+01,3.208827056459e-05,3.208827056459e-05,3.208827056459e-05
1.263500000000e+01,3.192822971809e-05,3.192822971809e-05,3.192822971805e-05
1.264000000000e+01,3.176898707519e-05,3.176898707519e-05,3.176898707524e-05
1.264500000000e+01,3.161053865501e-05,3.161053865501e-05,3.161053865507e-05
1.265000000000e+01,3.145288049651e-05,3.145288049651e-05,3.145288049648e-05
1.265500000000e+01,3.129600865840e-05,3.129600865840e-05,3.129600865838e-05
1.266000000000e+01,3.113991921902e-05,3.113991921902e-05,3.113991921903e-05
1.266500000000e+01,3.098460827628e-05,3.098460827628e-05,3.098460827630e-05
1.267000000000e+01,3.083007194755e-05,3.083007194755e-05,3.083007194757e-05
1.267500000000e+01,3.067630636955e-05,3.067630636955e-05,3.067630636956e-05
1.268000000000e+01,3.052330769826e-05,3.052330769826e-05,3.052330769826e-05
1.268500000000e+01,3.037107210884e-05,3.037107210884e-05,3.037107210886e-05
1.269000000000e+01,3.021959579549e-05,3.021959579549e-05,3.021959579548e-05
1.269500000000e+01,3.006887497142e-05,3.006887497142e-05,3.006887497138e-05
1.270000000000e+01,2.991890586871e-05,2.991890586871e-05,2.991890586874e-05
1.270500000000e+01,2.976968473822e-05,2.976968473822e-05,2.976968473821e-05
1.271000000000e+01,2.962120784951e-05,2.962120784951e-05,2.962120784952e-05
1.271500000000e+01,2.947347149075e-05,2.947347149075e-05,2.947347149076e-05
1.272000000000e+01,2.932647196861e-05,2.932647196861e-05,2.932647196862e-05
1.272500000000e+01,2.918020560817e-05,2.918020560817e-05,2.918020560819e-05
1.273000000000e+01,2.903466875284e-05,2.903466875284e-05,2.903466875284e-05
1.273500000000e+01,2.888985776428e-05,2.888985776428e-05,2.888985776429e-05
1.274000000000e+01,2.874576902226e-05,2.874576902226e-05,2.874576902229e-05
1.274500000000e+01,2.860239892465e-05,2.860239892465e-05,2.860239892468e-05
1.275000000000e+01,2.845974388723e-05,2.845974388723e-05,2.845974388726e-05
1.275500000000e+01,2.831780034369e-05,2.831780034369e-05,2.831780034372e-05
1.276000000000e+01,2.817656474548e-05,2.817656474548e-05,2.817656474551e-05
1.276500000000e+01,2.803603356178e-05,2.803603356178e-05,2.803603356182e-05
1.277000000000e+01,2.789620327934e-05,2.789620327934e-05,2.789620327937e-05
1.277500000000e+01,2.776456900966e-05,2.776456900966e-05,2.776456900969e-05
1.278000000000e+01,2.763322555641e-05,2.763322555641e-05,2.763322555646e-05
1.278500000000e+01,2.750218930512e-05,2.750218930512e-05,2.750218930516e-05
1.279000000000e+01,2.737147568974e-05,2.737147568974e-05,2.737147568980e-05
1.279500000000e+01,2.724109923979e-05,2.724109923979e-05,2.724109923983e-05
1.280000000000e+01,2.711107362525e-05,2.711107362525e-05,2.711107362530e-05
1.280500000000e+01,2.698141169919e-05,2.698141169919e-05,2.698141169923e-05
1.281000000000e+01,2.685212553839e-05,2.685212553839e-05,2.685212553841e-05
1.281500000000e+01,2.672322648195e-05,2.672322648195e-05,2.672322648200e-05
1.282000000000e+01,2.659472516799e-05,2.659472516799e-05,2.659472516801e-05
1.282500000000e+01,2.646663156859e-05,2.646663156859e-05,2.646663156865e-05
1.283000000000e+01,2.633895502300e-05,2.633895502300e-05,2.633895502298e-05
1.283500000000e+01,2.621170426922e-05,2.621170426922e-05,2.621170426924e-05
1.284000000000e+01,2.608488747410e-05,2.608488747410e-05,2.608488747413e-05
1.284500000000e+01,2.595851226186e-05,2.595851226186e-05,2.595851226191e-05
1.285000000000e+01,2.583258574129e-05,2.583258574129e-05,2.583258574129e-05
1.285500000000e+01,2.570711453163e-05,2.570711453163e-05,2.570711453163e-05
1.286000000000e+01,2.558210478714e-05,2.558210478714e-05,2.558210478716e-05
1.286500000000e+01,2.545756222048e-05,2.545756222048e-05,2.545756222052e-05
1.287000000000e+01,2.533349212497e-05,2.533349212497e-05,2.533349212499e-05
1.287500000000e+01,2.520989939571e-05,2.520989939571e-05,2.520989939570e-05
1.288000000000e+01,2.508678854974e-05,2.508678854974e-05,2.508678854980e-05
1.288500000000e+01,2.496416374517e-05,2.496416374517e-05,2.496416374520e-05
1.289000000000e+01,2.484202879933e-05,2.484202879933e-05,2.484202879934e-05
1.289500000000e+01,2.472038720613e-05,2.472038720613e-05,2.472038720614e-05
1.290000000000e+01,2.459924215250e-05,2.459924215250e-05,2.459924215255e-05
1.290500000000e+01,2.447859653403e-05,2.447859653403e-05,2.447859653405e-05
1.291000000000e+01,2.435845296989e-05,2.435845296989e-05,2.435845296990e-05
1.291500000000e+01,2.423881381693e-05,2.423881381693e-05,2.423881381692e-05
1.292000000000e+01,2.411968118321e-05,2.411968118321e-05,2.411968118324e-05
1.292500000000e+01,2.400105694076e-05,2.400105694076e-05,2.400105694082e-05
1.293000000000e+01,2.388294273775e-05,2.388294273775e-05,2.388294273776e-05
1.293500000000e+01,2.376534001011e-05,2.376534001011e-05,2.376534001008e-05
1.294000000000e+01,2.364824999249e-05,2.364824999249e-05,2.364824999250e-05
1.294500000000e+01,2.353167372877e-05,2.353167372877e-05,2.353167372878e-05
1.295000000000e+01,2.341561208199e-05,2.341561208199e-05,2.341561208199e-05
1.295500000000e+01,2.330006574383e-05,2.330006574383e-05,2.330006574381e-05
1.296000000000e+01,2.318503524360e-05,2.318503524360e-05,2.318503524361e-05
1.296500000000e+01,2.307052095684e-05,2.307052095684e-05,2.307052095688e-05
1.297000000000e+01,2.295652311339e-05,2.295652311339e-05,2.295652311338e-05
1.297500000000e+01,2.284304180518e-05,2.284304180518e-05,2.284304180517e-05
1.298000000000e+01,2.273007699360e-05,2.273007699360e-05,2.273007699362e-05
1.298500000000e+01,2.261762851643e-05,2.261762851643e-05,2.261762851645e-05
1.299000000000e+01,2.250569609456e-05,2.250569609456e-05,2.250569609456e-05
1.299500000000e+01,2.239427933830e-05,2.239427933830e-05,2.239427933830e-05
1.300000000000e+01,2.228337775336e-05,2.228337775336e-05,2.228337775334e-05
1.300500000000e+01,2.217299074659e-05,2.217299074659e-05,2.217299074663e-05
1.301000000000e+01,2.206311763143e-05,2.206311763143e-05,2.206311763145e-05
1.301500000000e+01,2.195375763304e-05,2.195375763304e-05,2.195375763304e-05
1.302000000000e+01,2.184490989326e-05,2.184490989326e-05,2.184490989329e-05
1.302500000000e+01,2.173657347523e-05,2.173657347523e-05,2.173657347524e-05
1.303000000000e+01,2.162874736784e-05,2.162874736784e-05,2.162874736785e-05
1.303500000000e+01,2.152143048999e-05,2.152143048999e-05,2.152143048997e-05
1.304000000000e+01,2.141462169455e-05,2.141462169455e-05,2.141462169454e-05
1.304500000000e+01,2.130831977218e-05,2.130831977218e-05,2.130831977220e-05
1.305000000000e+01,2.120252345498e-05,2.120252345498e-05,2.120252345497e-05
1.305500000000e+01,2.109723141991e-05,2.109723141991e-05,2.109723141991e-05
1.306000000000e+01,2.099244229208e-05,2.099244229208e-05,2.099244229213e-05
1.306500000000e+01,2.088815464782e-05,2.088815464782e-05,2.088815464786e-05
1.307000000000e+01,2.078436701770e-05,2.078436701770e-05,2.078436701771e-05
1.307500000000e+01,2.068107788927e-05,2.068107788927e-05,2.068107788927e-05
1.308000000000e+01,2.057828570977e-05,2.057828570977e-05,2.057828570979e-05
1.308500000000e+01,2.047598888868e-05,2.047598888868e-05,2.047598888870e-05
1.309000000000e+01,2.037418580006e-05,2.037418580006e-05,2.037418580006e-05
1.309500000000e+01,2.027287478491e-05,2.027287478491e-05,2.027287478491e-05
1.310000000000e+01,2.017205415333e-05,2.017205415333e-05,2.017205415335e-05
1.310500000000e+01,2.007172218654e-05,2.007172218654e-05,2.007172218657e-05
1.311000000000e+01,1.997187713890e-05,1.997187713890e-05,1.997187713890e-05
1.311500000000e+01,1.987251723973e-05,1.987251723973e-05,1.987251723975e-05
1.312000000000e+01,1.977364069511e-05,1.977364069511e-05,1.977364069513e-05
1.312500000000e+01,1.967524568955e-05,1.967524568955e-05,1.967524568958e-05
1.313000000000e+01,1.957733038758e-05,1.957733038758e-05,1.957733038760e-05
1.313500000000e+01,1.947989293526e-05,1.947989293526e-05,1.947989293527e-05
1.314000000000e+01,1.938293146164e-05,1.938293146164e-05,1.938293146165e-05
1.314500000000e+01,1.928644408011e-05,1.928644408011e-05,1.928644408016e-05
1.315000000000e+01,1.919042888971e-05,1.919042888971e-05,1.919042888973e-05
1.315500000000e+01,1.909488397634e-05,1.909488397634e-05,1.909488397637e-05
1.316000000000e+01,1.899980741395e-05,1.899980741395e-05,1.899980741394e-05
1.316500000000e+01,1.890519726563e-05,1.890519726563e-05,1.890519726567e-05
1.317000000000e+01,1.881105158469e-05,1.881105158469e-05,1.881105158469e-05
1.317500000000e+01,1.871736841560e-05,1.871736841560e-05,1.871736841561e-05
1.318000000000e+01,1.862414579502e-05,1.862414579502e-05,1.862414579501e-05
1.318500000000e+01,1.853138175262e-05,1.853138175262e-05,1.853138175265e-05
1.319000000000e+01,1.843907431198e-05,1.843907431198e-05,1.843907431198e-05
1.319500000000e+01,1.834722149138e-05,1.834722149138e-05,1.834722149138e-05
1.320000000000e+01,1.825582130457e-05,1.825582130457e-05,1.825582130459e-05
1.320500000000e+01,1.816487176149e-05,1.816487176149e-05,1.816487176151e-05
1.321000000000e+01,1.807437086896e-05,1.807437086896e-05,1.807437086897e-05
1.321500000000e+01,1.798431663134e-05,1.798431663134e-05,1.798431663132e-05
1.322000000000e+01,1.789470705112e-05,1.789470705112e-05,1.789470705114e-05
1.322500000000e+01,1.780554012956e-05,1.780554012956e-05,1.780554012962e-05
1.323000000000e+01,1.771681386718e-05,1.771681386718e-05,1.771681386720e-05
1.323500000000e+01,1.762852626432e-05,1.762852626432e-05,1.762852626434e-05
1.324000000000e+01,1.754067532164e-05,1.754067532164e-05,1.754067532165e-05
1.324500000000e+01,1.745325904056e-05,1.745325904056e-05,1.745325904060e-05
1.325000000000e+01,1.736627542376e-05,1.736627542376e-05,1.736627542378e-05
1.325500000000e+01,1.727972247552e-05,1.727972247552e-05,1.727972247551e-05
1.326000000000e+01,1.719359820219e-05,1.719359820219e-05,1.719359820222e-05
1.326500000000e+01,1.710790061254e-05,1.710790061254e-05,1.710790061256e-05
1.327000000000e+01,1.702262771809e-05,1.702262771809e-05,1.702262771812e-05
1.327500000000e+01,1.693777753349e-05,1.693777753349e-05,1.693777753349e-05
1.328000000000e+01,1.685334807679e-05,1.685334807679e-05,1.685334807681e-05
1.328500000000e+01,1.676933736980e-05,1.676933736980e-05,1.676933736979e-05
1.329000000000e+01,1.668574343830e-05,1.668574343830e-05,1.668574343832e-05
1.329500000000e+01,1.660256431237e-05,1.660256431237e-05,1.660256431235e-05
1.330000000000e+01,1.651979802657e-05,1.651979802657e-05,1.651979802661e-05
1.330500000000e+01,1.643744262027e-05,1.643744262027e-05,1.643744262032e-05
1.331000000000e+01,1.635549613779e-05,1.635549613779e-05,1.635549613782e-05
1.331500000000e+01,1.627395662863e-05,1.627395662863e-05,1.627395662866e-05
1.332000000000e+01,1.619282214770e-05,1.619282214770e-05,1.619282214773e-05
1.332500000000e+01,1.611209075548e-05,1.611209075548e-05,1.611209075551e-05
1.333000000000e+01,1.603176051817e-05,1.603176051817e-05,1.603176051816e-05
1.333500000000e+01,1.595182950790e-05,1.595182950790e-05,1.595182950790e-05
1.334000000000e+01,1.587229580285e-05,1.587229580285e-05,1.587229580286e-05
1.334500000000e+01,1.579315748741e-05,1.579315748741e-05,1.579315748740e-05
1.335000000000e+01,1.571441265231e-05,1.571441265231e-05,1.571441265231e-05
1.335500000000e+01,1.563605939473e-05,1.563605939473e-05,1.563605939473e-05
1.336000000000e+01,1.555809581843e-05,1.555809581843e-05,1.555809581840e-05
1.336500000000e+01,1.548052003389e-05,1.548052003389e-05,1.548052003387e-05
1.337000000000e+01,1.540333015833e-05,1.540333015833e-05,1.540333015833e-05
1.337500000000e+01,1.532652431589e-05,1.532652431589e-05,1.532652431591e-05
1.338000000000e+01,1.525010063769e-05,1.525010063769e-05,1.525010063771e-05
1.338500000000e+01,1.517405726187e-05,1.517405726187e-05,1.517405726186e-05
1.339000000000e+01,1.509839233372e-05,1.509839233372e-05,1.509839233373e-05
1.339500000000e+01,1.502310400574e-05,1.502310400574e-05,1.502310400574e-05
1.340000000000e+01,1.494819043767e-05,1.494819043767e-05,1.494819043765e-05
1.340500000000e+01,1.487364979659e-05,1.487364979659e-05,1.487364979658e-05
1.341000000000e+01,1.479948025695e-05,1.479948025695e-05,1.479948025692e-05
1.341500000000e+01,1.472568000062e-05,1.472568000062e-05,1.472568000063e-05
1.342000000000e+01,1.465224721696e-05,1.465224721696e-05,1.465224721697e-05
1.342500000000e+01,1.457918010282e-05,1.457918010282e-05,1.457918010282e-05
1.343000000000e+01,1.450647686260e-05,1.450647686260e-05,1.450647686261e-05
1.343500000000e+01,1.443413570830e-05,1.443413570830e-05,1.443413570832e-05
1.344000000000e+01,1.436215485950e-05,1.436215485950e-05,1.436215485951e-05
1.344500000000e+01,1.429053254345e-05,1.429053254345e-05,1.429053254345e-05
1.345000000000e+01,1.421926699503e-05,1.421926699503e-05,1.421926699503e-05
1.345500000000e+01,1.414835645681e-05,1.414835645681e-05,1.414835645683e-05
1.346000000000e+01,1.407779917905e-05,1.407779917905e-05,1.407779917905e-05
1.346500000000e+01,1.400759341973e-05,1.400759341973e-05,1.400759341973e-05
1.347000000000e+01,1.393773744453e-05,1.393773744453e-05,1.393773744454e-05
1.347500000000e+01,1.386822952688e-05,1.386822952688e-05,1.386822952689e-05
1.348000000000e+01,1.379906794793e-05,1.379906794793e-05,1.379906794793e-05
1.348500000000e+01,1.373025099657e-05,1.373025099657e-05,1.373025099658e-05
1.349000000000e+01,1.366177696944e-05,1.366177696944e-05,1.366177696942e-05
1.349500000000e+01,1.359364417090e-05,1.359364417090e-05,1.359364417089e-05
1.350000000000e+01,1.352585091309e-05,1.352585091309e-05,1.352585091309e-05
1.350500000000e+01,1.345839551583e-05,1.345839551583e-05,1.345839551582e-05
1.351000000000e+01,1.339127630672e-05,1.339127630672e-05,1.339127630673e-05
1.351500000000e+01,1.332449162106e-05,1.332449162106e-05,1.332449162107e-05
1.352000000000e+01,1.325803980187e-05,1.325803980187e-05,1.325803980185e-05
1.352500000000e+01,1.319191919986e-05,1.319191919986e-05,1.319191919986e-05
1.353000000000e+01,1.312612817347e-05,1.312612817347e-05,1.312612817346e-05
1.353500000000e+01,1.306066508878e-05,1.306066508878e-05,1.306066508876e-05
1.354000000000e+01,1.299552831957e-05,1.299552831957e-05,1.299552831957e-05
1.354500000000e+01,1.293071624725e-05,1.293071624725e-05,1.293071624726e-05
1.355000000000e+01,1.286622726089e-05,1.286622726089e-05,1.286622726090e-05
1.355500000000e+01,1.280205975717e-05,1.280205975717e-05,1.280205975717e-05
1.356000000000e+01,1.273821214035e-05,1.273821214035e-05,1.273821214037e-05
1.356500000000e+01,1.267468282232e-05,1.267468282232e-05,1.267468282233e-05
1.357000000000e+01,1.261147022250e-05,1.261147022250e-05,1.261147022250e-05
1.357500000000e+01,1.254857276786e-05,1.254857276786e-05,1.254857276784e-05
1.358000000000e+01,1.248598889291e-05,1.248598889291e-05,1.248598889291e-05
1.358500000000e+01,1.242371703963e-05,1.242371703963e-05,1.242371703962e-05
1.359000000000e+01,1.236175565751e-05,1.236175565751e-05,1.236175565752e-05
1.359500000000e+01,1.230010320348e-05,1.230010320348e-05,1.230010320347e-05
1.360000000000e+01,1.223875814190e-05,1.223875814190e-05,1.223875814189e-05
1.360500000000e+01,1.217771894454e-05,1.217771894454e-05,1.217771894453e-05
1.361000000000e+01,1.211698409057e-05,1.211698409057e-05,1.211698409056e-05
1.361500000000e+01,1.205655206649e-05,1.205655206649e-05,1.205655206649e-05
1.362000000000e+01,1.199642136616e-05,1.199642136616e-05,1.199642136616e-05
1.362500000000e+01,1.193659049071e-05,1.193659049071e-05,1.193659049072e-05
1.363000000000e+01,1.187705794859e-05,1.187705794859e-05,1.187705794860e-05
1.363500000000e+01,1.181782225548e-05,1.181782225548e-05,1.181782225550e-05
1.364000000000e+01,1.175888193430e-05,1.175888193430e-05,1.175888193429e-05
1.364500000000e+01,1.170023551514e-05,1.170023551514e-05,1.170023551516e-05
1.365000000000e+01,1.164188153530e-05,1.164188153530e-05,1.164188153531e-05
1.365500000000e+01,1.158381853920e-05,1.158381853920e-05,1.158381853921e-05
1.366000000000e+01,1.152604507837e-05,1.152604507837e-05,1.152604507838e-05
1.366500000000e+01,1.146855971145e-05,1.146855971145e-05,1.146855971145e-05
1.367000000000e+01,1.141136100411e-05,1.141136100411e-05,1.141136100410e-05
1.367500000000e+01,1.135444752907e-05,1.135444752907e-05,1.135444752905e-05
1.368000000000e+01,1.129781786603e-05,1.129781786603e-05,1.129781786602e-05
1.368500000000e+01,1.124147060169e-05,1.124147060169e-05,1.124147060167e-05
1.369000000000e+01,1.118540432966e-05,1.118540432966e-05,1.118540432963e-05
1.369500000000e+01,1.112961765048e-05,1.112961765048e-05,1.112961765047e-05
1.370000000000e+01,1.107410917158e-05,1.107410917158e-05,1.107410917158e-05
1.370500000000e+01,1.101887750722e-05,1.101887750722e-05,1.101887750720e-05
1.371000000000e+01,1.096392127850e-05,1.096392127850e-05,1.096392127850e-05
1.371500000000e+01,1.090923911331e-05,1.090923911331e-05,1.090923911330e-05
1.372000000000e+01,1.085482964630e-05,1.085482964630e-05,1.085482964632e-05
1.372500000000e+01,1.080069151887e-05,1.080069151887e-05,1.080069151886e-05
1.373000000000e+01,1.074682337910e-05,1.074682337910e-05,1.074682337909e-05
1.373500000000e+01,1.069322388175e-05,1.069322388175e-05,1.069322388175e-05
1.374000000000e+01,1.063989168825e-05,1.063989168825e-05,1.063989168823e-05
1.374500000000e+01,1.058682546661e-05,1.058682546661e-05,1.058682546660e-05
1.375000000000e+01,1.053402389144e-05,1.053402389144e-05,1.053402389141e-05
1.375500000000e+01,1.048148564391e-05,1.048148564391e-05,1.048148564390e-05
1.376000000000e+01,1.042920941170e-05,1.042920941170e-05,1.042920941169e-05
1.376500000000e+01,1.037719388899e-05,1.037719388899e-05,1.037719388901e-05
1.377000000000e+01,1.032543777644e-05,1.032543777644e-05,1.032543777643e-05
1.377500000000e+01,1.027393978112e-05,1.027393978112e-05,1.027393978109e-05
1.378000000000e+01,1.022269861653e-05,1.022269861653e-05,1.022269861649e-05
1.378500000000e+01,1.017171300251e-05,1.017171300251e-05,1.017171300252e-05
1.379000000000e+01,1.012098166528e-05,1.012098166528e-05,1.012098166530e-05
1.379500000000e+01,1.007050333736e-05,1.007050333736e-05,1.007050333737e-05
1.380000000000e+01,1.002027675756e-05,1.002027675756e-05,1.002027675755e-05
1.380500000000e+01,9.970300670936e-06,9.970300670936e-06,9.970300670946e-06
1.381000000000e+01,9.920573828787e-06,9.920573828787e-06,9.920573828811e-06
1.381500000000e+01,9.871094988597e-06,9.871094988597e-06,9.871094988593e-06
1.382000000000e+01,9.821862914022e-06,9.821862914022e-06,9.821862913993e-06
1.382500000000e+01,9.772876374858e-06,9.772876374858e-06,9.772876374872e-06
1.383000000000e+01,9.724134147006e-06,9.724134147006e-06,9.724134147029e-06
1.383500000000e+01,9.675635012450e-06,9.675635012450e-06,9.675635012463e-06
1.384000000000e+01,9.627377759225e-06,9.627377759225e-06,9.627377759221e-06
1.384500000000e+01,9.579361181387e-06,9.579361181387e-06,9.579361181414e-06
1.385000000000e+01,9.531584078985e-06,9.531584078985e-06,9.531584078991e-06
1.385500000000e+01,9.484045258033e-06,9.484045258033e-06,9.484045258007e-06
1.386000000000e+01,9.436743530479e-06,9.436743530479e-06,9.436743530460e-06
1.386500000000e+01,9.389677714179e-06,9.389677714179e-06,9.389677714237e-06
1.387000000000e+01,9.342846632866e-06,9.342846632866e-06,9.342846632889e-06
1.387500000000e+01,9.296249116125e-06,9.296249116125e-06,9.296249116137e-06
1.388000000000e+01,9.249883999360e-06,9.249883999360e-06,9.249883999387e-06
1.388500000000e+01,9.203750123770e-06,9.203750123770e-06,9.203750123803e-06
1.389000000000e+01,9.157846336317e-06,9.157846336317e-06,9.157846336339e-06
1.389500000000e+01,9.112171489702e-06,9.112171489702e-06,9.112171489668e-06
1.390000000000e+01,9.066724442334e-06,9.066724442334e-06,9.066724442347e-06
1.390500000000e+01,9.021504058303e-06,9.021504058303e-06,9.021504058304e-06
1.391000000000e+01,8.976509207354e-06,8.976509207354e-06,8.976509207337e-06
1.391500000000e+01,8.931738764856e-06,8.931738764856e-06,8.931738764842e-06
1.392000000000e+01,8.887191611778e-06,8.887191611778e-06,8.887191611764e-06
1.392500000000e+01,8.842866634657e-06,8.842866634657e-06,8.842866634609e-06
1.393000000000e+01,8.798762725577e-06,8.798762725577e-06,8.798762725567e-06
1.393500000000e+01,8.754878782138e-06,8.754878782138e-06,8.754878782101e-06
1.394000000000e+01,8.711213707427e-06,8.711213707427e-06,8.711213707404e-06
1.394500000000e+01,8.667766409997e-06,8.667766409997e-06,8.667766409958e-06
1.395000000000e+01,8.624535803833e-06,8.624535803833e-06,8.624535803806e-06
1.395500000000e+01,8.581520808332e-06,8.581520808332e-06,8.581520808292e-06
1.396000000000e+01,8.538720348271e-06,8.538720348271e-06,8.538720348219e-06
1.396500000000e+01,8.496133353785e-06,8.496133353785e-06,8.496133353794e-06
1.397000000000e+01,8.453758760337e-06,8.453758760337e-06,8.453758760356e-06
1.397500000000e+01,8.411595508693e-06,8.411595508693e-06,8.411595508669e-06
1.398000000000e+01,8.369642544896e-06,8.369642544896e-06,8.369642544891e-06
1.398500000000e+01,8.327898820243e-06,8.327898820243e-06,8.327898820240e-06
1.399000000000e+01,8.286363291251e-06,8.286363291251e-06,8.286363291228e-06
1.399500000000e+01,8.245034919640e-06,8.245034919640e-06,8.245034919597e-06
1.400000000000e+01,8.203912672303e-06,8.203912672303e-06,8.203912672289e-06
1.400500000000e+01,8.162995521281e-06,8.162995521281e-06,8.162995521238e-06
1.401000000000e+01,8.122282443735e-06,8.122282443735e-06,8.122282443718e-06
1.401500000000e+01,8.081772421928e-06,8.081772421928e-06,8.081772421925e-06
1.402000000000e+01,8.041464443191e-06,8.041464443191e-06,8.041464443176e-06
1.402500000000e+01,8.001357499904e-06,8.001357499904e-06,8.001357499888e-06
1.403000000000e+01,7.961450589469e-06,7.961450589469e-06,7.961450589472e-06
1.403500000000e+01,7.921742714283e-06,7.921742714283e-06,7.921742714274e-06
1.404000000000e+01,7.882232881717e-06,7.882232881717e-06,7.882232881728e-06
1.404500000000e+01,7.842920104091e-06,7.842920104091e-06,7.842920104106e-06
1.405000000000e+01,7.803803398645e-06,7.803803398645e-06,7.803803398637e-06
1.405500000000e+01,7.764881787520e-06,7.764881787520e-06,7.764881787558e-06
1.406000000000e+01,7.726154297731e-06,7.726154297731e-06,7.726154297750e-06
1.406500000000e+01,7.687619961142e-06,7.687619961142e-06,7.687619961184e-06
1.407000000000e+01,7.649277814446e-06,7.649277814446e-06,7.649277814491e-06
1.407500000000e+01,7.611126899135e-06,7.611126899135e-06,7.611126899163e-06
1.408000000000e+01,7.573166261481e-06,7.573166261481e-06,7.573166261520e-06
1.408500000000e+01,7.535394952511e-06,7.535394952511e-06,7.535394952526e-06
1.409000000000e+01,7.497812027982e-06,7.497812027982e-06,7.497812028024e-06
1.409500000000e+01,7.460416548360e-06,7.460416548360e-06,7.460416548399e-06
1.410000000000e+01,7.423207578794e-06,7.423207578794e-06,7.423207578796e-06
1.410500000000e+01,7.386184189094e-06,7.386184189094e-06,7.386184189089e-06
1.411000000000e+01,7.349345453708e-06,7.349345453708e-06,7.349345453693e-06
1.411500000000e+01,7.312690451699e-06,7.312690451699e-06,7.312690451692e-06
1.412000000000e+01,7.276218266722e-06,7.276218266722e-06,7.276218266696e-06
1.412500000000e+01,7.239927986998e-06,7.239927986998e-06,7.239927986990e-06
1.413000000000e+01,7.203818705298e-06,7.203818705298e-06,7.203818705285e-06
1.413500000000e+01,7.167889518915e-06,7.167889518915e-06,7.167889518890e-06
1.414000000000e+01,7.132139529644e-06,7.132139529644e-06,7.132139529649e-06
1.414500000000e+01,7.096567843756e-06,7.096567843756e-06,7.096567843766e-06
1.415000000000e+01,7.061173571981e-06,7.061173571981e-06,7.061173571977e-06
1.415500000000e+01,7.025955829482e-06,7.025955829482e-06,7.025955829451e-06
1.416000000000e+01,6.990913735836e-06,6.990913735836e-06,6.990913735812e-06
1.416500000000e+01,6.956046415007e-06,6.956046415007e-06,6.956046414989e-06
1.417000000000e+01,6.921352995331e-06,6.921352995331e-06,6.921352995327e-06
1.417500000000e+01,6.886832609487e-06,6.886832609487e-06,6.886832609452e-06
1.418000000000e+01,6.852484394482e-06,6.852484394482e-06,6.852484394478e-06
1.418500000000e+01,6.818307491625e-06,6.818307491625e-06,6.818307491624e-06
1.419000000000e+01,6.784301046506e-06,6.784301046506e-06,6.784301046510e-06
1.419500000000e+01,6.750464208979e-06,6.750464208979e-06,6.750464208992e-06
1.420000000000e+01,6.716796133133e-06,6.716796133133e-06,6.716796133151e-06
1.420500000000e+01,6.683295977280e-06,6.683295977280e-06,6.683295977278e-06
1.421000000000e+01,6.649962903926e-06,6.649962903926e-06,6.649962903956e-06
1.421500000000e+01,6.616796079754e-06,6.616796079754e-06,6.616796079753e-06
1.422000000000e+01,6.583794675605e-06,6.583794675605e-06,6.583794675610e-06
1.422500000000e+01,6.550957866451e-06,6.550957866451e-06,6.550957866439e-06
1.423000000000e+01,6.518284831382e-06,6.518284831382e-06,6.518284831422e-06
1.423500000000e+01,6.485774753579e-06,6.485774753579e-06,6.485774753600e-06
1.424000000000e+01,6.453426820299e-06,6.453426820299e-06,6.453426820333e-06
1.424500000000e+01,6.421240222851e-06,6.421240222851e-06,6.421240222853e-06
1.425000000000e+01,6.389214156576e-06,6.389214156576e-06,6.389214156588e-06
1.425500000000e+01,6.357347820829e-06,6.357347820829e-06,6.357347820856e-06
1.426000000000e+01,6.325640418959e-06,6.325640418959e-06,6.325640418987e-06
1.426500000000e+01,6.294091158284e-06,6.294091158284e-06,6.294091158289e-06
1.427000000000e+01,6.262699250081e-06,6.262699250081e-06,6.262699250110e-06
1.427500000000e+01,6.232451793928e-06,6.232451793928e-06,6.232451793957e-06
1.428000000000e+01,6.202307017790e-06,6.202307017790e-06,6.202307017805e-06
1.428500000000e+01,6.172266759307e-06,6.172266759307e-06,6.172266759304e-06
1.429000000000e+01,6.142332732350e-06,6.142332732350e-06,6.142332732396e-06
1.429500000000e+01,6.112506533237e-06,6.112506533237e-06,6.112506533248e-06
1.430000000000e+01,6.082789646627e-06,6.082789646627e-06,6.082789646650e-06
1.430500000000e+01,6.053183451141e-06,6.053183451141e-06,6.053183451161e-06
1.431000000000e+01,6.023689224695e-06,6.023689224695e-06,6.023689224713e-06
1.431500000000e+01,5.994308149586e-06,5.994308149586e-06,5.994308149608e-06
1.432000000000e+01,5.965041317314e-06,5.965041317314e-06,5.965041317348e-06
1.432500000000e+01,5.935889733179e-06,5.935889733179e-06,5.935889733174e-06
1.433000000000e+01,5.906854320650e-06,5.906854320650e-06,5.906854320688e-06
1.433500000000e+01,5.877935925518e-06,5.877935925518e-06,5.877935925538e-06
1.434000000000e+01,5.849135319848e-06,5.849135319848e-06,5.849135319908e-06
1.434500000000e+01,5.820453205736e-06,5.820453205736e-06,5.820453205757e-06
1.435000000000e+01,5.791890218883e-06,5.791890218883e-06,5.791890218925e-06
1.435500000000e+01,5.763446931995e-06,5.763446931995e-06,5.763446932049e-06
1.436000000000e+01,5.735123858013e-06,5.735123858013e-06,5.735123858061e-06
1.436500000000e+01,5.706921453184e-06,5.706921453184e-06,5.706921453206e-06
1.437000000000e+01,5.678840119991e-06,5.678840119991e-06,5.678840120042e-06
1.437500000000e+01,5.650880209926e-06,5.650880209926e-06,5.650880209964e-06
1.438000000000e+01,5.623042026136e-06,5.623042026136e-06,5.623042026160e-06
1.438500000000e+01,5.595325825936e-06,5.595325825936e-06,5.595325825964e-06
1.439000000000e+01,5.567731823198e-06,5.567731823198e-06,5.567731823259e-06
1.439500000000e+01,5.540260190626e-06,5.540260190626e-06,5.540260190663e-06
1.440000000000e+01,5.512911061916e-06,5.512911061916e-06,5.512911061957e-06
1.440500000000e+01,5.485684533811e-06,5.485684533811e-06,5.485684533830e-06
1.441000000000e+01,5.458580668053e-06,5.458580668053e-06,5.458580668108e-06
1.441500000000e+01,5.431599493245e-06,5.431599493245e-06,5.431599493276e-06
1.442000000000e+01,5.404741006616e-06,5.404741006616e-06,5.404741006627e-06
1.442500000000e+01,5.378005175697e-06,5.378005175697e-06,5.378005175713e-06
1.443000000000e+01,5.351391939925e-06,5.351391939925e-06,5.351391939962e-06
1.443500000000e+01,5.324901212155e-06,5.324901212155e-06,5.324901212160e-06
1.444000000000e+01,5.298532880106e-06,5.298532880106e-06,5.298532880136e-06
1.444500000000e+01,5.272286807736e-06,5.272286807736e-06,5.272286807732e-06
1.445000000000e+01,5.246162836542e-06,5.246162836542e-06,5.246162836564e-06
1.445500000000e+01,5.220160786804e-06,5.220160786804e-06,5.220160786809e-06
1.446000000000e+01,5.194280458762e-06,5.194280458762e-06,5.194280458779e-06
1.446500000000e+01,5.168521633740e-06,5.168521633740e-06,5.168521633757e-06
1.447000000000e+01,5.142884075207e-06,5.142884075207e-06,5.142884075232e-06
1.447500000000e+01,5.117367529794e-06,5.117367529794e-06,5.117367529767e-06
1.448000000000e+01,5.091971728255e-06,5.091971728255e-06,5.091971728239e-06
1.448500000000e+01,5.066696386383e-06,5.066696386383e-06,5.066696386387e-06
1.449000000000e+01,5.041541205878e-06,5.041541205878e-06,5.041541205878e-06
1.449500000000e+01,5.016505875175e-06,5.016505875175e-06,5.016505875164e-06
1.450000000000e+01,4.991590070231e-06,4.991590070231e-06,4.991590070240e-06
1.450500000000e+01,4.966793455270e-06,4.966793455270e-06,4.966793455300e-06
1.451000000000e+01,4.942115683490e-06,4.942115683490e-06,4.942115683531e-06
1.451500000000e+01,4.917556397742e-06,4.917556397742e-06,4.917556397776e-06
1.452000000000e+01,4.893115231171e-06,4.893115231171e-06,4.893115231248e-06
1.452500000000e+01,4.868791807819e-06,4.868791807819e-06,4.868791807838e-06
1.453000000000e+01,4.844585743207e-06,4.844585743207e-06,4.844585743237e-06
1.453500000000e+01,4.820496644888e-06,4.820496644888e-06,4.820496644900e-06
1.454000000000e+01,4.796524112961e-06,4.796524112961e-06,4.796524113003e-06
1.454500000000e+01,4.772667740575e-06,4.772667740575e-06,4.772667740580e-06
1.455000000000e+01,4.748927114394e-06,4.748927114394e-06,4.748927114411e-06
1.455500000000e+01,4.725301815049e-06,4.725301815049e-06,4.725301815068e-06
1.456000000000e+01,4.701791417559e-06,4.701791417559e-06,4.701791417583e-06
1.456500000000e+01,4.678395491738e-06,4.678395491738e-06,4.678395491742e-06
1.457000000000e+01,4.655113602575e-06,4.655113602575e-06,4.655113602593e-06
1.457500000000e+01,4.631945310603e-06,4.631945310603e-06,4.631945310599e-06
1.458000000000e+01,4.608890172238e-06,4.608890172238e-06,4.608890172252e-06
1.458500000000e+01,4.585947740112e-06,4.585947740112e-06,4.585947740118e-06
1.459000000000e+01,4.563117563381e-06,4.563117563381e-06,4.563117563398e-06
1.459500000000e+01,4.540399188026e-06,4.540399188026e-06,4.540399188032e-06
1.460000000000e+01,4.517792157125e-06,4.517792157125e-06,4.517792157143e-06
1.460500000000e+01,4.495296011127e-06,4.495296011127e-06,4.495296011128e-06
1.461000000000e+01,4.472910288102e-06,4.472910288102e-06,4.472910288149e-06
1.461500000000e+01,4.450634523980e-06,4.450634523980e-06,4.450634523997e-06
1.462000000000e+01,4.428468252776e-06,4.428468252776e-06,4.428468252805e-06
1.462500000000e+01,4.406411006814e-06,4.406411006814e-06,4.406411006821e-06
1.463000000000e+01,4.384462316920e-06,4.384462316920e-06,4.384462316959e-06
1.463500000000e+01,4.362621712627e-06,4.362621712627e-06,4.362621712603e-06
1.464000000000e+01,4.340888722350e-06,4.340888722350e-06,4.340888722373e-06
1.464500000000e+01,4.319262873567e-06,4.319262873567e-06,4.319262873558e-06
1.465000000000e+01,4.297743692980e-06,4.297743692980e-06,4.297743692998e-06
1.465500000000e+01,4.276330706674e-06,4.276330706674e-06,4.276330706683e-06
1.466000000000e+01,4.255023440264e-06,4.255023440264e-06,4.255023440314e-06
1.466500000000e+01,4.233821419034e-06,4.233821419034e-06,4.233821419067e-06
1.467000000000e+01,4.212724168076e-06,4.212724168076e-06,4.212724168130e-06
1.467500000000e+01,4.191731212407e-06,4.191731212407e-06,4.191731212447e-06
1.468000000000e+01,4.170842077098e-06,4.170842077098e-06,4.170842077136e-06
1.468500000000e+01,4.150056287380e-06,4.150056287380e-06,4.150056287399e-06
1.469000000000e+01,4.129373368752e-06,4.129373368752e-06,4.129373368752e-06
1.469500000000e+01,4.108792847084e-06,4.108792847084e-06,4.108792847097e-06
1.470000000000e+01,4.088314248713e-06,4.088314248713e-06,4.088314248750e-06
1.470500000000e+01,4.067937100529e-06,4.067937100529e-06,4.067937100548e-06
1.471000000000e+01,4.047660930066e-06,4.047660930066e-06,4.047660930104e-06
1.471500000000e+01,4.027485265576e-06,4.027485265576e-06,4.027485265581e-06
1.472000000000e+01,4.007409636114e-06,4.007409636114e-06,4.007409636146e-06
1.472500000000e+01,3.987433571600e-06,3.987433571600e-06,3.987433571587e-06
1.473000000000e+01,3.967556602894e-06,3.967556602894e-06,3.967556602913e-06
1.473500000000e+01,3.947778261857e-06,3.947778261857e-06,3.947778261854e-06
1.474000000000e+01,3.928098081413e-06,3.928098081413e-06,3.928098081433e-06
1.474500000000e+01,3.908515595601e-06,3.908515595601e-06,3.908515595623e-06
1.475000000000e+01,3.889030339637e-06,3.889030339637e-06,3.889030339672e-06
1.475500000000e+01,3.869641849955e-06,3.869641849955e-06,3.869641849960e-06
1.476000000000e+01,3.850349664261e-06,3.850349664261e-06,3.850349664293e-06
1.476500000000e+01,3.831153321576e-06,3.831153321576e-06,3.831153321577e-06
1.477000000000e+01,3.812052362273e-06,3.812052362273e-06,3.812052362293e-06
1.477500000000e+01,3.793046328126e-06,3.793046328126e-06,3.793046328131e-06
1.478000000000e+01,3.774134762336e-06,3.774134762336e-06,3.774134762360e-06
1.478500000000e+01,3.755317209574e-06,3.755317209574e-06,3.755317209598e-06
1.479000000000e+01,3.736593216008e-06,3.736593216008e-06,3.736593216027e-06
1.479500000000e+01,3.717962329335e-06,3.717962329335e-06,3.717962329333e-06
1.480000000000e+01,3.699424098810e-06,3.699424098810e-06,3.699424098826e-06
1.480500000000e+01,3.680978075271e-06,3.680978075271e-06,3.680978075289e-06
1.481000000000e+01,3.662623811165e-06,3.662623811165e-06,3.662623811171e-06
1.481500000000e+01,3.644360860567e-06,3.644360860567e-06,3.644360860545e-06
1.482000000000e+01,3.626188779208e-06,3.626188779208e-06,3.626188779235e-06
1.482500000000e+01,3.608107124487e-06,3.608107124487e-06,3.608107124508e-06
1.483000000000e+01,3.590115455496e-06,3.590115455496e-06,3.590115455531e-06
1.483500000000e+01,3.572213333031e-06,3.572213333031e-06,3.572213333064e-06
1.484000000000e+01,3.554400319613e-06,3.554400319613e-06,3.554400319670e-06
1.484500000000e+01,3.536675979496e-06,3.536675979496e-06,3.536675979520e-06
1.485000000000e+01,3.519039878686e-06,3.519039878686e-06,3.519039878723e-06
1.485500000000e+01,3.501491584950e-06,3.501491584950e-06,3.501491584947e-06
1.486000000000e+01,3.484030667828e-06,3.484030667828e-06,3.484030667871e-06
1.486500000000e+01,3.466656698639e-06,3.466656698639e-06,3.466656698643e-06
1.487000000000e+01,3.449369250498e-06,3.449369250498e-06,3.449369250506e-06
1.487500000000e+01,3.432167898316e-06,3.432167898316e-06,3.432167898306e-06
1.488000000000e+01,3.415052218809e-06,3.415052218809e-06,3.415052218829e-06
1.488500000000e+01,3.398021790509e-06,3.398021790509e-06,3.398021790488e-06
1.489000000000e+01,3.381076193763e-06,3.381076193763e-06,3.381076193784e-06
1.489500000000e+01,3.364215010743e-06,3.364215010743e-06,3.364215010729e-06
1.490000000000e+01,3.347437825446e-06,3.347437825446e-06,3.347437825467e-06
1.490500000000e+01,3.330744223702e-06,3.330744223702e-06,3.330744223715e-06
1.491000000000e+01,3.314133793170e-06,3.314133793170e-06,3.314133793181e-06
1.491500000000e+01,3.297606123349e-06,3.297606123349e-06,3.297606123380e-06
1.492000000000e+01,3.281160805571e-06,3.281160805571e-06,3.281160805580e-06
1.492500000000e+01,3.264797433009e-06,3.264797433009e-06,3.264797433030e-06
1.493000000000e+01,3.248515600672e-06,3.248515600672e-06,3.248515600723e-06
1.493500000000e+01,3.232314905410e-06,3.232314905410e-06,3.232314905422e-06
1.494000000000e+01,3.216194945911e-06,3.216194945911e-06,3.216194945921e-06
1.494500000000e+01,3.200155322699e-06,3.200155322699e-06,3.200155322705e-06
1.495000000000e+01,3.184195638137e-06,3.184195638137e-06,3.184195638127e-06
1.495500000000e+01,3.168315496421e-06,3.168315496421e-06,3.168315496391e-06
1.496000000000e+01,3.152514503581e-06,3.152514503581e-06,3.152514503617e-06
1.496500000000e+01,3.136792267476e-06,3.136792267476e-06,3.136792267479e-06
1.497000000000e+01,3.121148397797e-06,3.121148397797e-06,3.121148397832e-06
1.497500000000e+01,3.105582506056e-06,3.105582506056e-06,3.105582506049e-06
1.498000000000e+01,3.090094205590e-06,3.090094205590e-06,3.090094205633e-06
1.498500000000e+01,3.074683111553e-06,3.074683111553e-06,3.074683111585e-06
1.499000000000e+01,3.059348840915e-06,3.059348840915e-06,3.059348840966e-06
1.499500000000e+01,3.044091012457e-06,3.044091012457e-06,3.044091012502e-06
1.500000000000e+01,3.028909246765e-06,3.028909246765e-06,3.028909246845e-06
1.500500000000e+01,3.013803166229e-06,3.013803166229e-06,3.013803166247e-06
1.501000000000e+01,2.998772395036e-06,2.998772395036e-06,2.998772395095e-06
1.501500000000e+01,2.983816559168e-06,2.983816559168e-06,2.983816559216e-06
1.502000000000e+01,2.968935286392e-06,2.968935286392e-06,2.968935286416e-06
1.502500000000e+01,2.954128206261e-06,2.954128206261e-06,2.954128206306e-06
1.503000000000e+01,2.939394950102e-06,2.939394950102e-06,2.939394950121e-06
1.503500000000e+01,2.924735151016e-06,2.924735151016e-06,2.924735151046e-06
1.504000000000e+01,2.910148443872e-06,2.910148443872e-06,2.910148443888e-06
1.504500000000e+01,2.895634465298e-06,2.895634465298e-06,2.895634465321e-06
1.505000000000e+01,2.881192853677e-06,2.881192853677e-06,2.881192853707e-06
1.505500000000e+01,2.866823249141e-06,2.866823249141e-06,2.866823249149e-06
1.506000000000e+01,2.852525293566e-06,2.852525293566e-06,2.852525293552e-06
1.506500000000e+01,2.838298630563e-06,2.838298630563e-06,2.838298630595e-06
1.507000000000e+01,2.824142905476e-06,2.824142905476e-06,2.824142905489e-06
1.507500000000e+01,2.810057765371e-06,2.810057765371e-06,2.810057765368e-06
1.508000000000e+01,2.796042859033e-06,2.796042859033e-06,2.796042859075e-06
1.508500000000e+01,2.782097836958e-06,2.782097836958e-06,2.782097836982e-06
1.509000000000e+01,2.768222351346e-06,2.768222351346e-06,2.768222351376e-06
1.509500000000e+01,2.754416056096e-06,2.754416056096e-06,2.754416056115e-06
1.510000000000e+01,2.740678606798e-06,2.740678606798e-06,2.740678606802e-06
1.510500000000e+01,2.727009660727e-06,2.727009660727e-06,2.727009660728e-06
1.511000000000e+01,2.713408876835e-06,2.713408876835e-06,2.713408876827e-06
1.511500000000e+01,2.699875915747e-06,2.699875915747e-06,2.699875915737e-06
1.512000000000e+01,2.686410439749e-06,2.686410439749e-06,2.686410439777e-06
1.512500000000e+01,2.673012112788e-06,2.673012112788e-06,2.673012112798e-06
1.513000000000e+01,2.659680600458e-06,2.659680600458e-06,2.659680600455e-06
1.513500000000e+01,2.646415569998e-06,2.646415569998e-06,2.646415569955e-06
1.514000000000e+01,2.633216690283e-06,2.633216690283e-06,2.633216690288e-06
1.514500000000e+01,2.620083631818e-06,2.620083631818e-06,2.620083631836e-06
1.515000000000e+01,2.607016066729e-06,2.607016066729e-06,2.607016066730e-06
1.515500000000e+01,2.594013668758e-06,2.594013668758e-06,2.594013668776e-06
1.516000000000e+01,2.581076113256e-06,2.581076113256e-06,2.581076113317e-06
1.516500000000e+01,2.568203077173e-06,2.568203077173e-06,2.568203077164e-06
1.517000000000e+01,2.555394239053e-06,2.555394239053e-06,2.555394239042e-06
1.517500000000e+01,2.542649279030e-06,2.542649279030e-06,2.542649279005e-06
1.518000000000e+01,2.529967878814e-06,2.529967878814e-06,2.529967878835e-06
1.518500000000e+01,2.517349721690e-06,2.517349721690e-06,2.517349721689e-06
1.519000000000e+01,2.504794492507e-06,2.504794492507e-06,2.504794492467e-06
1.519500000000e+01,2.492301877673e-06,2.492301877673e-06,2.492301877611e-06
1.520000000000e+01,2.479871565147e-06,2.479871565147e-06,2.479871565165e-06
1.520500000000e+01,2.467503244433e-06,2.467503244433e-06,2.467503244379e-06
1.521000000000e+01,2.455196606572e-06,2.455196606572e-06,2.455196606574e-06
1.521500000000e+01,2.442951344132e-06,2.442951344132e-06,2.442951344135e-06
1.522000000000e+01,2.430767151209e-06,2.430767151209e-06,2.430767151197e-06
1.522500000000e+01,2.418643723409e-06,2.418643723409e-06,2.418643723403e-06
1.523000000000e+01,2.406580757852e-06,2.406580757852e-06,2.406580757848e-06
1.523500000000e+01,2.394577953156e-06,2.394577953156e-06,2.394577953150e-06
1.524000000000e+01,2.382635009435e-06,2.382635009435e-06,2.382635009447e-06
1.524500000000e+01,2.370751628291e-06,2.370751628291e-06,2.370751628275e-06
1.525000000000e+01,2.358927512804e-06,2.358927512804e-06,2.358927512856e-06
1.525500000000e+01,2.347162367531e-06,2.347162367531e-06,2.347162367538e-06
1.526000000000e+01,2.335455898493e-06,2.335455898493e-06,2.335455898486e-06
1.526500000000e+01,2.323807813171e-06,2.323807813171e-06,2.323807813179e-06
1.527000000000e+01,2.312217820501e-06,2.312217820501e-06,2.312217820475e-06
1.527500000000e+01,2.300685630860e-06,2.300685630860e-06,2.300685630825e-06
1.528000000000e+01,2.289210956067e-06,2.289210956067e-06,2.289210956108e-06
1.528500000000e+01,2.277793509374e-06,2.277793509374e-06,2.277793509324e-06
1.529000000000e+01,2.266433005454e-06,2.266433005454e-06,2.266433005445e-06
1.529500000000e+01,2.255129160401e-06,2.255129160401e-06,2.255129160401e-06
1.530000000000e+01,2.243881691719e-06,2.243881691719e-06,2.243881691757e-06
1.530500000000e+01,2.232690318318e-06,2.232690318318e-06,2.232690318341e-06
1.531000000000e+01,2.221554760504e-06,2.221554760504e-06,2.221554760504e-06
1.531500000000e+01,2.210474739976e-06,2.210474739976e-06,2.210474739996e-06
1.532000000000e+01,2.199449979814e-06,2.199449979814e-06,2.199449979861e-06
1.532500000000e+01,2.188480204478e-06,2.188480204478e-06,2.188480204495e-06
1.533000000000e+01,2.177565139798e-06,2.177565139798e-06,2.177565139825e-06
1.533500000000e+01,2.166704512968e-06,2.166704512968e-06,2.166704512986e-06
1.534000000000e+01,2.155898052540e-06,2.155898052540e-06,2.155898052558e-06
1.534500000000e+01,2.145145488416e-06,2.145145488416e-06,2.145145488440e-06
1.535000000000e+01,2.134446551843e-06,2.134446551843e-06,2.134446551872e-06
1.535500000000e+01,2.123800975406e-06,2.123800975406e-06,2.123800975429e-06
1.536000000000e+01,2.113208493021e-06,2.113208493021e-06,2.113208493066e-06
1.536500000000e+01,2.102668839926e-06,2.102668839926e-06,2.102668839915e-06
1.537000000000e+01,2.092181752681e-06,2.092181752681e-06,2.092181752725e-06
1.537500000000e+01,2.081746969157e-06,2.081746969157e-06,2.081746969192e-06
1.538000000000e+01,2.071364228527e-06,2.071364228527e-06,2.071364228523e-06
1.538500000000e+01,2.061033271267e-06,2.061033271267e-06,2.061033271244e-06
1.539000000000e+01,2.050753839143e-06,2.050753839143e-06,2.050753839124e-06
1.539500000000e+01,2.040525675208e-06,2.040525675208e-06,2.040525675214e-06
1.540000000000e+01,2.030348523795e-06,2.030348523795e-06,2.030348523828e-06
1.540500000000e+01,2.020222130510e-06,2.020222130510e-06,2.020222130492e-06
1.541000000000e+01,2.010146242225e-06,2.010146242225e-06,2.010146242235e-06
1.541500000000e+01,2.000120607076e-06,2.000120607076e-06,2.000120607069e-06
1.542000000000e+01,1.990144974452e-06,1.990144974452e-06,1.990144974465e-06
1.542500000000e+01,1.980219094989e-06,1.980219094989e-06,1.980219094974e-06
1.543000000000e+01,1.970342720569e-06,1.970342720569e-06,1.970342720553e-06
1.543500000000e+01,1.960515604308e-06,1.960515604308e-06,1.960515604285e-06
1.544000000000e+01,1.950737500552e-06,1.950737500552e-06,1.950737500573e-06
1.544500000000e+01,1.941008164872e-06,1.941008164872e-06,1.941008164874e-06
1.545000000000e+01,1.931327354056e-06,1.931327354056e-06,1.931327354052e-06
1.545500000000e+01,1.921694826106e-06,1.921694826106e-06,1.921694826101e-06
1.546000000000e+01,1.912110340227e-06,1.912110340227e-06,1.912110340215e-06
1.546500000000e+01,1.902573656828e-06,1.902573656828e-06,1.902573656796e-06
1.547000000000e+01,1.893084537508e-06,1.893084537508e-06,1.893084537501e-06
1.547500000000e+01,1.883642745057e-06,1.883642745057e-06,1.883642745032e-06
1.548000000000e+01,1.874248043446e-06,1.874248043446e-06,1.874248043482e-06
1.548500000000e+01,1.864900197823e-06,1.864900197823e-06,1.864900197795e-06
1.549000000000e+01,1.855598974507e-06,1.855598974507e-06,1.855598974504e-06
1.549500000000e+01,1.846344140981e-06,1.846344140981e-06,1.846344140971e-06
1.550000000000e+01,1.837135465888e-06,1.837135465888e-06,1.837135465870e-06
1.550500000000e+01,1.827972719023e-06,1.827972719023e-06,1.827972718996e-06
1.551000000000e+01,1.818855671329e-06,1.818855671329e-06,1.818855671306e-06
1.551500000000e+01,1.809784094891e-06,1.809784094891e-06,1.809784094866e-06
1.552000000000e+01,1.800757762931e-06,1.800757762931e-06,1.800757762941e-06
1.552500000000e+01,1.791776449801e-06,1.791776449801e-06,1.791776449776e-06
1.553000000000e+01,1.782839930978e-06,1.782839930978e-06,1.782839930961e-06
1.553500000000e+01,1.773947983057e-06,1.773947983057e-06,1.773947983061e-06
1.554000000000e+01,1.765100383749e-06,1.765100383749e-06,1.765100383719e-06
1.554500000000e+01,1.756296911872e-06,1.756296911872e-06,1.756296911841e-06
1.555000000000e+01,1.747537347348e-06,1.747537347348e-06,1.747537347331e-06
1.555500000000e+01,1.738821471194e-06,1.738821471194e-06,1.738821471193e-06
1.556000000000e+01,1.730149065520e-06,1.730149065520e-06,1.730149065536e-06
1.556500000000e+01,1.721519913524e-06,1.721519913524e-06,1.721519913508e-06
1.557000000000e+01,1.712933799482e-06,1.712933799482e-06,1.712933799509e-06
1.557500000000e+01,1.704390508749e-06,1.704390508749e-06,1.704390508780e-06
1.558000000000e+01,1.695889827747e-06,1.695889827747e-06,1.695889827745e-06
1.558500000000e+01,1.687431543964e-06,1.687431543964e-06,1.687431543982e-06
1.559000000000e+01,1.679015445950e-06,1.679015445950e-06,1.679015445952e-06
1.559500000000e+01,1.670641323306e-06,1.670641323306e-06,1.670641323299e-06
1.560000000000e+01,1.662308966683e-06,1.662308966683e-06,1.662308966704e-06
1.560500000000e+01,1.654018167778e-06,1.654018167778e-06,1.654018167789e-06
1.561000000000e+01,1.645768719324e-06,1.645768719324e-06,1.645768719316e-06
1.561500000000e+01,1.637560415089e-06,1.637560415089e-06,1.637560415100e-06
1.562000000000e+01,1.629393049869e-06,1.629393049869e-06,1.629393049876e-06
1.562500000000e+01,1.621266419484e-06,1.621266419484e-06,1.621266419484e-06
1.563000000000e+01,1.613180320771e-06,1.613180320771e-06,1.613180320773e-06
1.563500000000e+01,1.605134551581e-06,1.605134551581e-06,1.605134551608e-06
1.564000000000e+01,1.597128910772e-06,1.597128910772e-06,1.597128910803e-06
1.564500000000e+01,1.589163198206e-06,1.589163198206e-06,1.589163198206e-06
1.565000000000e+01,1.581237214744e-06,1.581237214744e-06,1.581237214757e-06
1.565500000000e+01,1.573350762237e-06,1.573350762237e-06,1.573350762258e-06
1.566000000000e+01,1.565503643528e-06,1.565503643528e-06,1.565503643519e-06
1.566500000000e+01,1.557695662440e-06,1.557695662440e-06,1.557695662432e-06
1.567000000000e+01,1.549926623775e-06,1.549926623775e-06,1.549926623778e-06
1.567500000000e+01,1.542196333311e-06,1.542196333311e-06,1.542196333320e-06
1.568000000000e+01,1.534504597791e-06,1.534504597791e-06,1.534504597788e-06
1.568500000000e+01,1.526851224924e-06,1.526851224924e-06,1.526851224888e-06
1.569000000000e+01,1.519236023377e-06,1.519236023377e-06,1.519236023351e-06
1.569500000000e+01,1.511658802771e-06,1.511658802771e-06,1.511658802802e-06
1.570000000000e+01,1.504119373679e-06,1.504119373679e-06,1.504119373645e-06
1.570500000000e+01,1.496617547614e-06,1.496617547614e-06,1.496617547590e-06
1.571000000000e+01,1.489153137034e-06,1.489153137034e-06,1.489153137025e-06
1.571500000000e+01,1.481725955328e-06,1.481725955328e-06,1.481725955291e-06
1.572000000000e+01,1.474335816819e-06,1.474335816819e-06,1.474335816846e-06
1.572500000000e+01,1.466982536754e-06,1.466982536754e-06,1.466982536708e-06
1.573000000000e+01,1.459665931302e-06,1.459665931302e-06,1.459665931276e-06
1.573500000000e+01,1.452385817549e-06,1.452385817549e-06,1.452385817576e-06
1.574000000000e+01,1.445142013492e-06,1.445142013492e-06,1.445142013493e-06
1.574500000000e+01,1.437934338038e-06,1.437934338038e-06,1.437934338012e-06
1.575000000000e+01,1.430762610996e-06,1.430762610996e-06,1.430762610971e-06
1.575500000000e+01,1.423626653072e-06,1.423626653072e-06,1.423626653074e-06
1.576000000000e+01,1.416526285869e-06,1.416526285869e-06,1.416526285871e-06
1.576500000000e+01,1.409461331878e-06,1.409461331878e-06,1.409461331886e-06
1.577000000000e+01,1.402431614476e-06,1.402431614476e-06,1.402431614448e-06
1.577500000000e+01,1.395567104161e-06,1.395567104161e-06,1.395567104153e-06
1.578000000000e+01,1.388730483411e-06,1.388730483411e-06,1.388730483417e-06
1.578500000000e+01,1.381921922690e-06,1.381921922690e-06,1.381921922670e-06
1.579000000000e+01,1.375141576514e-06,1.375141576514e-06,1.375141576500e-06
1.579500000000e+01,1.368389584265e-06,1.368389584265e-06,1.368389584248e-06
1.580000000000e+01,1.361666070970e-06,1.361666070970e-06,1.361666070995e-06
1.580500000000e+01,1.354971148038e-06,1.354971148038e-06,1.354971148016e-06
1.581000000000e+01,1.348304913962e-06,1.348304913962e-06,1.348304913954e-06
1.581500000000e+01,1.341667454985e-06,1.341667454985e-06,1.341667454997e-06
1.582000000000e+01,1.335058845736e-06,1.335058845736e-06,1.335058845733e-06
1.582500000000e+01,1.328479149832e-06,1.328479149832e-06,1.328479149822e-06
1.583000000000e+01,1.321928420453e-06,1.321928420453e-06,1.321928420411e-06
1.583500000000e+01,1.315406700887e-06,1.315406700887e-06,1.315406700872e-06
1.584000000000e+01,1.308914025049e-06,1.308914025049e-06,1.308914025043e-06
1.584500000000e+01,1.302450417974e-06,1.302450417974e-06,1.302450417958e-06
1.585000000000e+01,1.296015896288e-06,1.296015896288e-06,1.296015896261e-06
1.585500000000e+01,1.289610468649e-06,1.289610468649e-06,1.289610468657e-06
1.586000000000e+01,1.283234136179e-06,1.283234136179e-06,1.283234136175e-06
1.586500000000e+01,1.276886892859e-06,1.276886892859e-06,1.276886892843e-06
1.587000000000e+01,1.270568725920e-06,1.270568725920e-06,1.270568725879e-06
1.587500000000e+01,1.264279616199e-06,1.264279616199e-06,1.264279616207e-06
1.588000000000e+01,1.258019538495e-06,1.258019538495e-06,1.258019538480e-06
1.588500000000e+01,1.251788461892e-06,1.251788461892e-06,1.251788461862e-06
1.589000000000e+01,1.245586350072e-06,1.245586350072e-06,1.245586350086e-06
1.589500000000e+01,1.239413161619e-06,1.239413161619e-06,1.239413161632e-06
1.590000000000e+01,1.233268850295e-06,1.233268850295e-06,1.233268850283e-06
1.590500000000e+01,1.227153365314e-06,1.227153365314e-06,1.227153365286e-06
1.591000000000e+01,1.221066651594e-06,1.221066651594e-06,1.221066651574e-06
1.591500000000e+01,1.215008650004e-06,1.215008650004e-06,1.215008649987e-06
1.592000000000e+01,1.208979297593e-06,1.208979297593e-06,1.208979297573e-06
1.592500000000e+01,1.202978527810e-06,1.202978527810e-06,1.202978527782e-06
1.593000000000e+01,1.197006270711e-06,1.197006270711e-06,1.197006270679e-06
1.593500000000e+01,1.191062453164e-06,1.191062453164e-06,1.191062453169e-06
1.594000000000e+01,1.185146999027e-06,1.185146999027e-06,1.185146999028e-06
1.594500000000e+01,1.179259829339e-06,1.179259829339e-06,1.179259829353e-06
1.595000000000e+01,1.173400862480e-06,1.173400862480e-06,1.173400862463e-06
1.595500000000e+01,1.167570014342e-06,1.167570014342e-06,1.167570014341e-06
1.596000000000e+01,1.161767198475e-06,1.161767198475e-06,1.161767198492e-06
1.596500000000e+01,1.155992326238e-06,1.155992326238e-06,1.155992326229e-06
1.597000000000e+01,1.150245306936e-06,1.150245306936e-06,1.150245306933e-06
1.597500000000e+01,1.144526047954e-06,1.144526047954e-06,1.144526047965e-06
1.598000000000e+01,1.138834454878e-06,1.138834454878e-06,1.138834454858e-06
1.598500000000e+01,1.133170431619e-06,1.133170431619e-06,1.133170431608e-06
1.599000000000e+01,1.127533880523e-06,1.127533880523e-06,1.127533880491e-06
1.599500000000e+01,1.121924702481e-06,1.121924702481e-06,1.121924702470e-06
1.600000000000e+01,1.116342797028e-06,1.116342797028e-06,1.116342797029e-06
1.600500000000e+01,1.110788062441e-06,1.110788062441e-06,1.110788062416e-06
1.601000000000e+01,1.105260395834e-06,1.105260395834e-06,1.105260395812e-06
1.601500000000e+01,1.099759693240e-06,1.099759693240e-06,1.099759693237e-06
1.602000000000e+01,1.094285849699e-06,1.094285849699e-06,1.094285849700e-06
1.602500000000e+01,1.088838759333e-06,1.088838759333e-06,1.088838759328e-06
1.603000000000e+01,1.083418315424e-06,1.083418315424e-06,1.083418315415e-06
1.603500000000e+01,1.078024410482e-06,1.078024410482e-06,1.078024410472e-06
1.604000000000e+01,1.072656936315e-06,1.072656936315e-06,1.072656936340e-06
1.604500000000e+01,1.067315784091e-06,1.067315784091e-06,1.067315784085e-06
1.605000000000e+01,1.062000844400e-06,1.062000844400e-06,1.062000844392e-06
1.605500000000e+01,1.056712007311e-06,1.056712007311e-06,1.056712007353e-06
1.606000000000e+01,1.051449162425e-06,1.051449162425e-06,1.051449162409e-06
1.606500000000e+01,1.046212198932e-06,1.046212198932e-06,1.046212198940e-06
1.607000000000e+01,1.041001005652e-06,1.041001005652e-06,1.041001005647e-06
1.607500000000e+01,1.035815471091e-06,1.035815471091e-06,1.035815471105e-06
1.608000000000e+01,1.030655483477e-06,1.030655483477e-06,1.030655483490e-06
1.608500000000e+01,1.025520930806e-06,1.025520930806e-06,1.025520930833e-06
1.609000000000e+01,1.020411700881e-06,1.020411700881e-06,1.020411700868e-06
1.609500000000e+01,1.015327681351e-06,1.015327681351e-06,1.015327681365e-06
1.610000000000e+01,1.010268759743e-06,1.010268759743e-06,1.010268759748e-06
1.610500000000e+01,1.005234823499e-06,1.005234823499e-06,1.005234823495e-06
1.611000000000e+01,1.000225760008e-06,1.000225760008e-06,1.000225760000e-06
1.611500000000e+01,9.952414566340e-07,9.952414566340e-07,9.952414566346e-07
1.612000000000e+01,9.902818007455e-07,9.902818007455e-07,9.902818007811e-07
1.612500000000e+01,9.853466797442e-07,9.853466797442e-07,9.853466797348e-07
1.613000000000e+01,9.804359810891e-07,9.804359810891e-07,9.804359810929e-07
1.613500000000e+01,9.755495923212e-07,9.755495923212e-07,9.755495923470e-07
1.614000000000e+01,9.706874010864e-07,9.706874010864e-07,9.706874010787e-07
1.614500000000e+01,9.658492951576e-07,9.658492951576e-07,9.658492951407e-07
1.615000000000e+01,9.610351624546e-07,9.610351624546e-07,9.610351624194e-07
1.615500000000e+01,9.562448910639e-07,9.562448910639e-07,9.562448910358e-07
1.616000000000e+01,9.514783692569e-07,9.514783692569e-07,9.514783692604e-07
1.616500000000e+01,9.467354855073e-07,9.467354855073e-07,9.467354855061e-07
1.617000000000e+01,9.420161285072e-07,9.420161285072e-07,9.420161284977e-07
1.617500000000e+01,9.373201871825e-07,9.373201871825e-07,9.373201871735e-07
1.618000000000e+01,9.326475507076e-07,9.326475507076e-07,9.326475506702e-07
1.618500000000e+01,9.279981085190e-07,9.279981085190e-07,9.279981085032e-07
1.619000000000e+01,9.233717503279e-07,9.233717503279e-07,9.233717502825e-07
1.619500000000e+01,9.187683661327e-07,9.187683661327e-07,9.187683661056e-07
1.620000000000e+01,9.141878462302e-07,9.141878462302e-07,9.141878462239e-07
1.620500000000e+01,9.096300812264e-07,9.096300812264e-07,9.096300812399e-07
1.621000000000e+01,9.050949620463e-07,9.050949620463e-07,9.050949620389e-07
1.621500000000e+01,9.005823799439e-07,9.005823799439e-07,9.005823799440e-07
1.622000000000e+01,8.960922265103e-07,8.960922265103e-07,8.960922264888e-07
1.622500000000e+01,8.916243936828e-07,8.916243936828e-07,8.916243936462e-07
1.623000000000e+01,8.871787737521e-07,8.871787737521e-07,8.871787737197e-07
1.623500000000e+01,8.827552593699e-07,8.827552593699e-07,8.827552593387e-07
1.624000000000e+01,8.783537435554e-07,8.783537435554e-07,8.783537435396e-07
1.624500000000e+01,8.739741197021e-07,8.739741197021e-07,8.739741197016e-07
1.625000000000e+01,8.696162815833e-07,8.696162815833e-07,8.696162815539e-07
1.625500000000e+01,8.652801233576e-07,8.652801233576e-07,8.652801233528e-07
1.626000000000e+01,8.609655395745e-07,8.609655395745e-07,8.609655395520e-07
1.626500000000e+01,8.566724251785e-07,8.566724251785e-07,8.566724251891e-07
1.627000000000e+01,8.524006755140e-07,8.524006755140e-07,8.524006754574e-07
1.627500000000e+01,8.481501863293e-07,8.481501863293e-07,8.481501863226e-07
1.628000000000e+01,8.439208537798e-07,8.439208537798e-07,8.439208537742e-07
1.628500000000e+01,8.397125744323e-07,8.397125744323e-07,8.397125743857e-07
1.629000000000e+01,8.355252452676e-07,8.355252452676e-07,8.355252452611e-07
1.629500000000e+01,8.313587636836e-07,8.313587636836e-07,8.313587636713e-07
1.630000000000e+01,8.272130274978e-07,8.272130274978e-07,8.272130274554e-07
1.630500000000e+01,8.230879349497e-07,8.230879349497e-07,8.230879349437e-07
1.631000000000e+01,8.189833847034e-07,8.189833847034e-07,8.189833846365e-07
1.631500000000e+01,8.148992758487e-07,8.148992758487e-07,8.148992757997e-07
1.632000000000e+01,8.108355079037e-07,8.108355079037e-07,8.108355078839e-07
1.632500000000e+01,8.067919808159e-07,8.067919808159e-07,8.067919808062e-07
1.633000000000e+01,8.027685949635e-07,8.027685949635e-07,8.027685949105e-07
1.633500000000e+01,7.987652511569e-07,7.987652511569e-07,7.987652511262e-07
1.634000000000e+01,7.947818506392e-07,7.947818506392e-07,7.947818506180e-07
1.634500000000e+01,7.908182950877e-07,7.908182950877e-07,7.908182950951e-07
1.635000000000e+01,7.868744866141e-07,7.868744866141e-07,7.868744866085e-07
1.635500000000e+01,7.829503277651e-07,7.829503277651e-07,7.829503277557e-07
1.636000000000e+01,7.790457215232e-07,7.790457215232e-07,7.790457216051e-07
1.636500000000e+01,7.751605713065e-07,7.751605713065e-07,7.751605712974e-07
1.637000000000e+01,7.712947809693e-07,7.712947809693e-07,7.712947809791e-07
1.637500000000e+01,7.674482548016e-07,7.674482548016e-07,7.674482548278e-07
1.638000000000e+01,7.636208975298e-07,7.636208975298e-07,7.636208975301e-07
1.638500000000e+01,7.598126143160e-07,7.598126143160e-07,7.598126143194e-07
1.639000000000e+01,7.560233107577e-07,7.560233107577e-07,7.560233108062e-07
1.639500000000e+01,7.522528928879e-07,7.522528928879e-07,7.522528929313e-07
1.640000000000e+01,7.485012671741e-07,7.485012671741e-07,7.485012671962e-07
1.640500000000e+01,7.447683405185e-07,7.447683405185e-07,7.447683405436e-07
1.641000000000e+01,7.410540202567e-07,7.410540202567e-07,7.410540202583e-07
1.641500000000e+01,7.373582141572e-07,7.373582141572e-07,7.373582141944e-07
1.642000000000e+01,7.336808304212e-07,7.336808304212e-07,7.336808304444e-07
1.642500000000e+01,7.300217776809e-07,7.300217776809e-07,7.300217777200e-07
1.643000000000e+01,7.263809649995e-07,7.263809649995e-07,7.263809650197e-07
1.643500000000e+01,7.227583018698e-07,7.227583018698e-07,7.227583018576e-07
1.644000000000e+01,7.191536982130e-07,7.191536982130e-07,7.191536982519e-07
1.644500000000e+01,7.155670643785e-07,7.155670643785e-07,7.155670643944e-07
1.645000000000e+01,7.119983111418e-07,7.119983111418e-07,7.119983111624e-07
1.645500000000e+01,7.084473497042e-07,7.084473497042e-07,7.084473497643e-07
1.646000000000e+01,7.049140916911e-07,7.049140916911e-07,7.049140917386e-07
1.646500000000e+01,7.013984491512e-07,7.013984491512e-07,7.013984491914e-07
1.647000000000e+01,6.979003345549e-07,6.979003345549e-07,6.979003345557e-07
1.647500000000e+01,6.944196607932e-07,6.944196607932e-07,6.944196608408e-07
1.648000000000e+01,6.909563411762e-07,6.909563411762e-07,6.909563412061e-07
1.648500000000e+01,6.875102894322e-07,6.875102894322e-07,6.875102894296e-07
1.649000000000e+01,6.840814197058e-07,6.840814197058e-07,6.840814197429e-07
1.649500000000e+01,6.806696465567e-07,6.806696465567e-07,6.806696465769e-07
1.650000000000e+01,6.772748849583e-07,6.772748849583e-07,6.772748849848e-07
1.650500000000e+01,6.738970502963e-07,6.738970502963e-07,6.738970503088e-07
1.651000000000e+01,6.705360583672e-07,6.705360583672e-07,6.705360583790e-07
1.651500000000e+01,6.671918253764e-07,6.671918253764e-07,6.671918254218e-07
1.652000000000e+01,6.638642679375e-07,6.638642679375e-07,6.638642680009e-07
1.652500000000e+01,6.605533030699e-07,6.605533030699e-07,6.605533031080e-07
1.653000000000e+01,6.572588481980e-07,6.572588481980e-07,6.572588482506e-07
1.653500000000e+01,6.539808211488e-07,6.539808211488e-07,6.539808212174e-07
1.654000000000e+01,6.507191401512e-07,6.507191401512e-07,6.507191401895e-07
1.654500000000e+01,6.474737238339e-07,6.474737238339e-07,6.474737238403e-07
1.655000000000e+01,6.442444912237e-07,6.442444912237e-07,6.442444912558e-07
1.655500000000e+01,6.410313617443e-07,6.410313617443e-07,6.410313617884e-07
1.656000000000e+01,6.378342552144e-07,6.378342552144e-07,6.378342552744e-07
1.656500000000e+01,6.346530918459e-07,6.346530918459e-07,6.346530918643e-07
1.657000000000e+01,6.314877922426e-07,6.314877922426e-07,6.314877923124e-07
1.657500000000e+01,6.283382773985e-07,6.283382773985e-07,6.283382774418e-07
1.658000000000e+01,6.252044686960e-07,6.252044686960e-07,6.252044687554e-07
1.658500000000e+01,6.220862879041e-07,6.220862879041e-07,6.220862879633e-07
1.659000000000e+01,6.189836571772e-07,6.189836571772e-07,6.189836571885e-07
1.659500000000e+01,6.158964990528e-07,6.158964990528e-07,6.158964990696e-07
1.660000000000e+01,6.128247364505e-07,6.128247364505e-07,6.128247365444e-07
1.660500000000e+01,6.097682926698e-07,6.097682926698e-07,6.097682927144e-07
1.661000000000e+01,6.067270913887e-07,6.067270913887e-07,6.067270914532e-07
1.661500000000e+01,6.037010566617e-07,6.037010566617e-07,6.037010567380e-07
1.662000000000e+01,6.006901129186e-07,6.006901129186e-07,6.006901129122e-07
1.662500000000e+01,5.976941849624e-07,5.976941849624e-07,5.976941850107e-07
1.663000000000e+01,5.947131979677e-07,5.947131979677e-07,5.947131979939e-07
1.663500000000e+01,5.917470774792e-07,5.917470774792e-07,5.917470775009e-07
1.664000000000e+01,5.887957494098e-07,5.887957494098e-07,5.887957494699e-07
1.664500000000e+01,5.858591400389e-07,5.858591400389e-07,5.858591400347e-07
1.665000000000e+01,5.829371760110e-07,5.829371760110e-07,5.829371760478e-07
1.665500000000e+01,5.800297843337e-07,5.800297843337e-07,5.800297843468e-07
1.666000000000e+01,5.771368923761e-07,5.771368923761e-07,5.771368924096e-07
1.666500000000e+01,5.742584278672e-07,5.742584278672e-07,5.742584279031e-07
1.667000000000e+01,5.713943188943e-07,5.713943188943e-07,5.713943189462e-07
1.667500000000e+01,5.685444939010e-07,5.685444939010e-07,5.685444939394e-07
1.668000000000e+01,5.657088816858e-07,5.657088816858e-07,5.657088817558e-07
1.668500000000e+01,5.628874114004e-07,5.628874114004e-07,5.628874114426e-07
1.669000000000e+01,5.600800125480e-07,5.600800125480e-07,5.600800126198e-07
1.669500000000e+01,5.572866149816e-07,5.572866149816e-07,5.572866150416e-07
1.670000000000e+01,5.545071489024e-07,5.545071489024e-07,5.545071489609e-07
1.670500000000e+01,5.517415448579e-07,5.517415448579e-07,5.517415448848e-07
1.671000000000e+01,5.489897337410e-07,5.489897337410e-07,5.489897337741e-07
1.671500000000e+01,5.462516467872e-07,5.462516467872e-07,5.462516468357e-07
1.672000000000e+01,5.435272155740e-07,5.435272155740e-07,5.435272156169e-07
1.672500000000e+01,5.408163720186e-07,5.408163720186e-07,5.408163720200e-07
1.673000000000e+01,5.381190483769e-07,5.381190483769e-07,5.381190484021e-07
1.673500000000e+01,5.354351772409e-07,5.354351772409e-07,5.354351772894e-07
1.674000000000e+01,5.327646915382e-07,5.327646915382e-07,5.327646915840e-07
1.674500000000e+01,5.301075245296e-07,5.301075245296e-07,5.301075245661e-07
1.675000000000e+01,5.274636098078e-07,5.274636098078e-07,5.274636098574e-07
1.675500000000e+01,5.248328812956e-07,5.248328812956e-07,5.248328813486e-07
1.676000000000e+01,5.222152732446e-07,5.222152732446e-07,5.222152733173e-07
1.676500000000e+01,5.196107202335e-07,5.196107202335e-07,5.196107202473e-07
1.677000000000e+01,5.170191571662e-07,5.170191571662e-07,5.170191572174e-07
1.677500000000e+01,5.144405192707e-07,5.144405192707e-07,5.144405193697e-07
1.678000000000e+01,5.118747420972e-07,5.118747420972e-07,5.118747421230e-07
1.678500000000e+01,5.093217615166e-07,5.093217615166e-07,5.093217615428e-07
1.679000000000e+01,5.067815137190e-07,5.067815137190e-07,5.067815137252e-07
1.679500000000e+01,5.042539352122e-07,5.042539352122e-07,5.042539352453e-07
1.680000000000e+01,5.017389628198e-07,5.017389628198e-07,5.017389628624e-07
1.680500000000e+01,4.992365336801e-07,4.992365336801e-07,4.992365337273e-07
1.681000000000e+01,4.967465852444e-07,4.967465852444e-07,4.967465852877e-07
1.681500000000e+01,4.942690552752e-07,4.942690552752e-07,4.942690553284e-07
1.682000000000e+01,4.918038818451e-07,4.918038818451e-07,4.918038818675e-07
1.682500000000e+01,4.893510033350e-07,4.893510033350e-07,4.893510033941e-07
1.683000000000e+01,4.869103584328e-07,4.869103584328e-07,4.869103584404e-07
1.683500000000e+01,4.844818861316e-07,4.844818861316e-07,4.844818861593e-07
1.684000000000e+01,4.820655257283e-07,4.820655257283e-07,4.820655257445e-07
1.684500000000e+01,4.796612168224e-07,4.796612168224e-07,4.796612168489e-07
1.685000000000e+01,4.772688993141e-07,4.772688993141e-07,4.772688993386e-07
1.685500000000e+01,4.748885134030e-07,4.748885134030e-07,4.748885134318e-07
1.686000000000e+01,4.725199995867e-07,4.725199995867e-07,4.725199996122e-07
1.686500000000e+01,4.701632986591e-07,4.701632986591e-07,4.701632986671e-07
1.687000000000e+01,4.678183517093e-07,4.678183517093e-07,4.678183517354e-07
1.687500000000e+01,4.654851001198e-07,4.654851001198e-07,4.654851001482e-07
1.688000000000e+01,4.631634855651e-07,4.631634855651e-07,4.631634856275e-07
1.688500000000e+01,4.608534500105e-07,4.608534500105e-07,4.608534500255e-07
1.689000000000e+01,4.585549357103e-07,4.585549357103e-07,4.585549357293e-07
1.689500000000e+01,4.562678852068e-07,4.562678852068e-07,4.562678852679e-07
1.690000000000e+01,4.539922413285e-07,4.539922413285e-07,4.539922413778e-07
1.690500000000e+01,4.517279471888e-07,4.517279471888e-07,4.517279472479e-07
1.691000000000e+01,4.494749461847e-07,4.494749461847e-07,4.494749462400e-07
1.691500000000e+01,4.472331819953e-07,4.472331819953e-07,4.472331820574e-07
1.692000000000e+01,4.450025985804e-07,4.450025985804e-07,4.450025986375e-07
1.692500000000e+01,4.427831401790e-07,4.427831401790e-07,4.427831401824e-07
1.693000000000e+01,4.405747513084e-07,4.405747513084e-07,4.405747513274e-07
1.693500000000e+01,4.383773767620e-07,4.383773767620e-07,4.383773768249e-07
1.694000000000e+01,4.361909616087e-07,4.361909616087e-07,4.361909615990e-07
1.694500000000e+01,4.340154511911e-07,4.340154511911e-07,4.340154511735e-07
1.695000000000e+01,4.318507911244e-07,4.318507911244e-07,4.318507911523e-07
1.695500000000e+01,4.296969272947e-07,4.296969272947e-07,4.296969273194e-07
1.696000000000e+01,4.275538058580e-07,4.275538058580e-07,4.275538058966e-07
1.696500000000e+01,4.254213732388e-07,4.254213732388e-07,4.254213732242e-07
1.697000000000e+01,4.232995761285e-07,4.232995761285e-07,4.232995761528e-07
1.697500000000e+01,4.211883614845e-07,4.211883614845e-07,4.211883615195e-07
1.698000000000e+01,4.190876765284e-07,4.190876765284e-07,4.190876765636e-07
1.698500000000e+01,4.169974687452e-07,4.169974687452e-07,4.169974687512e-07
1.699000000000e+01,4.149176858815e-07,4.149176858815e-07,4.149176859098e-07
1.699500000000e+01,4.128482759446e-07,4.128482759446e-07,4.128482759445e-07
1.700000000000e+01,4.107891872008e-07,4.107891872008e-07,4.107891872335e-07
1.700500000000e+01,4.087403681746e-07,4.087403681746e-07,4.087403681628e-07
1.701000000000e+01,4.067017676470e-07,4.067017676470e-07,4.067017676807e-07
1.701500000000e+01,4.046733346545e-07,4.046733346545e-07,4.046733346563e-07
1.702000000000e+01,4.026550184877e-07,4.026550184877e-07,4.026550185176e-07
1.702500000000e+01,4.006467686898e-07,4.006467686898e-07,4.006467687228e-07
1.703000000000e+01,3.986485350559e-07,3.986485350559e-07,3.986485350779e-07
1.703500000000e+01,3.966602676314e-07,3.966602676314e-07,3.966602676681e-07
1.704000000000e+01,3.946819167106e-07,3.946819167106e-07,3.946819167645e-07
1.704500000000e+01,3.927134328358e-07,3.927134328358e-07,3.927134328368e-07
1.705000000000e+01,3.907547667960e-07,3.907547667960e-07,3.907547667964e-07
1.705500000000e+01,3.888058696253e-07,3.888058696253e-07,3.888058696483e-07
1.706000000000e+01,3.868666926023e-07,3.868666926023e-07,3.868666926007e-07
1.706500000000e+01,3.849371872484e-07,3.849371872484e-07,3.849371872628e-07
1.707000000000e+01,3.830173053268e-07,3.830173053268e-07,3.830173053459e-07
1.707500000000e+01,3.811069988411e-07,3.811069988411e-07,3.811069988693e-07
1.708000000000e+01,3.792062200344e-07,3.792062200344e-07,3.792062200651e-07
1.708500000000e+01,3.773149213879e-07,3.773149213879e-07,3.773149213962e-07
1.709000000000e+01,3.754330556197e-07,3.754330556197e-07,3.754330556301e-07
1.709500000000e+01,3.735605756839e-07,3.735605756839e-07,3.735605757577e-07
1.710000000000e+01,3.716974347690e-07,3.716974347690e-07,3.716974347912e-07
1.710500000000e+01,3.698435862970e-07,3.698435862970e-07,3.698435863277e-07
1.711000000000e+01,3.679989839222e-07,3.679989839222e-07,3.679989839487e-07
1.711500000000e+01,3.661635815300e-07,3.661635815300e-07,3.661635815572e-07
1.712000000000e+01,3.643373332358e-07,3.643373332358e-07,3.643373332533e-07
1.712500000000e+01,3.625201933838e-07,3.625201933838e-07,3.625201933788e-07
1.713000000000e+01,3.607121165460e-07,3.607121165460e-07,3.607121165401e-07
1.713500000000e+01,3.589130575207e-07,3.589130575207e-07,3.589130575713e-07
1.714000000000e+01,3.571229713319e-07,3.571229713319e-07,3.571229713516e-07
1.714500000000e+01,3.553418132277e-07,3.553418132277e-07,3.553418132288e-07
1.715000000000e+01,3.535695386794e-07,3.535695386794e-07,3.535695386639e-07
1.715500000000e+01,3.518061033806e-07,3.518061033806e-07,3.518061033755e-07
1.716000000000e+01,3.500514632456e-07,3.500514632456e-07,3.500514632704e-07
1.716500000000e+01,3.483055744086e-07,3.483055744086e-07,3.483055744390e-07
1.717000000000e+01,3.465683932227e-07,3.465683932227e-07,3.465683932439e-07
1.717500000000e+01,3.448398762586e-07,3.448398762586e-07,3.448398763149e-07
1.718000000000e+01,3.431199803035e-07,3.431199803035e-07,3.431199803390e-07
1.718500000000e+01,3.414086623603e-07,3.414086623603e-07,3.414086623770e-07
1.719000000000e+01,3.397058796461e-07,3.397058796461e-07,3.397058796798e-07
1.719500000000e+01,3.380115895916e-07,3.380115895916e-07,3.380115896407e-07
1.720000000000e+01,3.363257498397e-07,3.363257498397e-07,3.363257498735e-07
1.720500000000e+01,3.346483182445e-07,3.346483182445e-07,3.346483182425e-07
1.721000000000e+01,3.329792528704e-07,3.329792528704e-07,3.329792528942e-07
1.721500000000e+01,3.313185119908e-07,3.313185119908e-07,3.313185120368e-07
1.722000000000e+01,3.296660540874e-07,3.296660540874e-07,3.296660541153e-07
1.722500000000e+01,3.280218378488e-07,3.280218378488e-07,3.280218378778e-07
1.723000000000e+01,3.263858221697e-07,3.263858221697e-07,3.263858221946e-07
1.723500000000e+01,3.247579661498e-07,3.247579661498e-07,3.247579662004e-07
1.724000000000e+01,3.231382290928e-07,3.231382290928e-07,3.231382291833e-07
1.724500000000e+01,3.215265705053e-07,3.215265705053e-07,3.215265705183e-07
1.725000000000e+01,3.199229500959e-07,3.199229500959e-07,3.199229501167e-07
1.725500000000e+01,3.183273277742e-07,3.183273277742e-07,3.183273278332e-07
1.726000000000e+01,3.167396636497e-07,3.167396636497e-07,3.167396636405e-07
1.726500000000e+01,3.151599180307e-07,3.151599180307e-07,3.151599180323e-07
1.727000000000e+01,3.135880514238e-07,3.135880514238e-07,3.135880514283e-07
1.727500000000e+01,3.120411703078e-07,3.120411703078e-07,3.120411703414e-07
1.728000000000e+01,3.105011680823e-07,3.105011680823e-07,3.105011680881e-07
1.728500000000e+01,3.089680512211e-07,3.089680512211e-07,3.089680512227e-07
1.729000000000e+01,3.074418241770e-07,3.074418241770e-07,3.074418242324e-07
1.729500000000e+01,3.059224894882e-07,3.059224894882e-07,3.059224894283e-07
1.730000000000e+01,3.044100478810e-07,3.044100478810e-07,3.044100478764e-07
1.730500000000e+01,3.029044983657e-07,3.029044983657e-07,3.029044984340e-07
1.731000000000e+01,3.014058383294e-07,3.014058383294e-07,3.014058383114e-07
1.731500000000e+01,2.999140636230e-07,2.999140636230e-07,2.999140635397e-07
1.732000000000e+01,2.984291686449e-07,2.984291686449e-07,2.984291687209e-07
1.732500000000e+01,2.969511464195e-07,2.969511464195e-07,2.969511464060e-07
1.733000000000e+01,2.954799886730e-07,2.954799886730e-07,2.954799886803e-07
1.733500000000e+01,2.940156859043e-07,2.940156859043e-07,2.940156859145e-07
1.734000000000e+01,2.925582274537e-07,2.925582274537e-07,2.925582274187e-07
1.734500000000e+01,2.911076015669e-07,2.911076015669e-07,2.911076015827e-07
1.735000000000e+01,2.896637954567e-07,2.896637954567e-07,2.896637954626e-07
1.735500000000e+01,2.882267953612e-07,2.882267953612e-07,2.882267953822e-07
1.736000000000e+01,2.867965865996e-07,2.867965865996e-07,2.867965865994e-07
1.736500000000e+01,2.853731536248e-07,2.853731536248e-07,2.853731535847e-07
1.737000000000e+01,2.839564800735e-07,2.839564800735e-07,2.839564800654e-07
1.737500000000e+01,2.825465488138e-07,2.825465488138e-07,2.825465488443e-07
1.738000000000e+01,2.811433419906e-07,2.811433419906e-07,2.811433419997e-07
1.738500000000e+01,2.797468410687e-07,2.797468410687e-07,2.797468410582e-07
1.739000000000e+01,2.783570268737e-07,2.783570268737e-07,2.783570268663e-07
1.739500000000e+01,2.769738796307e-07,2.769738796307e-07,2.769738796270e-07
1.740000000000e+01,2.755973790013e-07,2.755973790013e-07,2.755973790171e-07
1.740500000000e+01,2.742275041189e-07,2.742275041189e-07,2.742275041029e-07
1.741000000000e+01,2.728642336218e-07,2.728642336218e-07,2.728642335997e-07
1.741500000000e+01,2.715075456851e-07,2.715075456851e-07,2.715075457202e-07
1.742000000000e+01,2.701574180505e-07,2.701574180505e-07,2.701574180550e-07
1.742500000000e+01,2.688138280553e-07,2.688138280553e-07,2.688138280451e-07
1.743000000000e+01,2.674767526592e-07,2.674767526592e-07,2.674767526435e-07
1.743500000000e+01,2.661461684702e-07,2.661461684702e-07,2.661461684756e-07
1.744000000000e+01,2.648220517695e-07,2.648220517695e-07,2.648220517780e-07
1.744500000000e+01,2.635043785340e-07,2.635043785340e-07,2.635043785284e-07
1.745000000000e+01,2.621931244592e-07,2.621931244592e-07,2.621931244798e-07
1.745500000000e+01,2.608882649797e-07,2.608882649797e-07,2.608882650236e-07
1.746000000000e+01,2.595897752892e-07,2.595897752892e-07,2.595897753032e-07
1.746500000000e+01,2.582976303595e-07,2.582976303595e-07,2.582976303489e-07
1.747000000000e+01,2.570118049585e-07,2.570118049585e-07,2.570118049301e-07
1.747500000000e+01,2.557322736674e-07,2.557322736674e-07,2.557322736490e-07
1.748000000000e+01,2.544590108962e-07,2.544590108962e-07,2.544590109042e-07
1.748500000000e+01,2.531919909001e-07,2.531919909001e-07,2.531919908917e-07
1.749000000000e+01,2.519311877931e-07,2.519311877931e-07,2.519311877697e-07
1.749500000000e+01,2.506765755625e-07,2.506765755625e-07,2.506765755607e-07
1.750000000000e+01,2.494281280816e-07,2.494281280816e-07,2.494281280634e-07
1.750500000000e+01,2.481858191225e-07,2.481858191225e-07,2.481858190822e-07
1.751000000000e+01,2.469496223676e-07,2.469496223676e-07,2.469496223763e-07
1.751500000000e+01,2.457195114210e-07,2.457195114210e-07,2.457195114189e-07
1.752000000000e+01,2.444954598189e-07,2.444954598189e-07,2.444954598261e-07
1.752500000000e+01,2.432774410400e-07,2.432774410400e-07,2.432774410051e-07
1.753000000000e+01,2.420654285147e-07,2.420654285147e-07,2.420654284783e-07
1.753500000000e+01,2.408593956343e-07,2.408593956343e-07,2.408593956651e-07
1.754000000000e+01,2.396593157596e-07,2.396593157596e-07,2.396593157968e-07
1.754500000000e+01,2.384651622289e-07,2.384651622289e-07,2.384651622247e-07
1.755000000000e+01,2.372769083658e-07,2.372769083658e-07,2.372769083515e-07
1.755500000000e+01,2.360945274863e-07,2.360945274863e-07,2.360945274948e-07
1.756000000000e+01,2.349179929060e-07,2.349179929060e-07,2.349179929228e-07
1.756500000000e+01,2.337472779464e-07,2.337472779464e-07,2.337472779330e-07
1.757000000000e+01,2.325823559409e-07,2.325823559409e-07,2.325823559176e-07
1.757500000000e+01,2.314232002411e-07,2.314232002411e-07,2.314232002803e-07
1.758000000000e+01,2.302697842220e-07,2.302697842220e-07,2.302697841922e-07
1.758500000000e+01,2.291220812872e-07,2.291220812872e-07,2.291220812586e-07
1.759000000000e+01,2.279800648740e-07,2.279800648740e-07,2.279800648515e-07
1.759500000000e+01,2.268437084580e-07,2.268437084580e-07,2.268437084621e-07
1.760000000000e+01,2.257129855575e-07,2.257129855575e-07,2.257129855263e-07
1.760500000000e+01,2.245878697375e-07,2.245878697375e-07,2.245878697092e-07
1.761000000000e+01,2.234683346140e-07,2.234683346140e-07,2.234683346149e-07
1.761500000000e+01,2.223543538573e-07,2.223543538573e-07,2.223543539026e-07
1.762000000000e+01,2.212459011956e-07,2.212459011956e-07,2.212459012224e-07
1.762500000000e+01,2.201429504186e-07,2.201429504186e-07,2.201429504079e-07
1.763000000000e+01,2.190454753802e-07,2.190454753802e-07,2.190454753566e-07
1.763500000000e+01,2.179534500015e-07,2.179534500015e-07,2.179534500073e-07
1.764000000000e+01,2.168668482737e-07,2.168668482737e-07,2.168668482897e-07
1.764500000000e+01,2.157856442605e-07,2.157856442605e-07,2.157856442706e-07
1.765000000000e+01,2.147098121008e-07,2.147098121008e-07,2.147098121074e-07
1.765500000000e+01,2.136393260105e-07,2.136393260105e-07,2.136393260345e-07
1.766000000000e+01,2.125741602852e-07,2.125741602852e-07,2.125741603025e-07
1.766500000000e+01,2.115142893018e-07,2.115142893018e-07,2.115142892980e-07
1.767000000000e+01,2.104596875204e-07,2.104596875204e-07,2.104596875569e-07
1.767500000000e+01,2.094103294864e-07,2.094103294864e-07,2.094103295101e-07
1.768000000000e+01,2.083661898316e-07,2.083661898316e-07,2.083661898522e-07
1.768500000000e+01,2.073272432763e-07,2.073272432763e-07,2.073272433081e-07
1.769000000000e+01,2.062934646303e-07,2.062934646303e-07,2.062934646335e-07
1.769500000000e+01,2.052648287945e-07,2.052648287945e-07,2.052648288542e-07
1.770000000000e+01,2.042413107618e-07,2.042413107618e-07,2.042413107974e-07
1.770500000000e+01,2.032228856186e-07,2.032228856186e-07,2.032228856649e-07
1.771000000000e+01,2.022095285459e-07,2.022095285459e-07,2.022095285550e-07
1.771500000000e+01,2.012012148199e-07,2.012012148199e-07,2.012012148417e-07
1.772000000000e+01,2.001979198130e-07,2.001979198130e-07,2.001979198434e-07
1.772500000000e+01,1.991996189952e-07,1.991996189952e-07,1.991996190347e-07
1.773000000000e+01,1.982062879340e-07,1.982062879340e-07,1.982062879360e-07
1.773500000000e+01,1.972179022957e-07,1.972179022957e-07,1.972179023899e-07
1.774000000000e+01,1.962344378459e-07,1.962344378459e-07,1.962344378747e-07
1.774500000000e+01,1.952558704499e-07,1.952558704499e-07,1.952558704724e-07
1.775000000000e+01,1.942821760737e-07,1.942821760737e-07,1.942821760961e-07
1.775500000000e+01,1.933133307838e-07,1.933133307838e-07,1.933133308177e-07
1.776000000000e+01,1.923493107481e-07,1.923493107481e-07,1.923493107956e-07
1.776500000000e+01,1.913900922362e-07,1.913900922362e-07,1.913900922284e-07
1.777000000000e+01,1.904356516197e-07,1.904356516197e-07,1.904356516525e-07
1.777500000000e+01,1.894859653723e-07,1.894859653723e-07,1.894859654182e-07
1.778000000000e+01,1.885410100706e-07,1.885410100706e-07,1.885410101259e-07
1.778500000000e+01,1.876007623935e-07,1.876007623935e-07,1.876007624298e-07
1.779000000000e+01,1.866651991231e-07,1.866651991231e-07,1.866651991462e-07
1.779500000000e+01,1.857342971445e-07,1.857342971445e-07,1.857342971616e-07
1.780000000000e+01,1.848080334459e-07,1.848080334459e-07,1.848080334625e-07
1.780500000000e+01,1.838863851186e-07,1.838863851186e-07,1.838863851387e-07
1.781000000000e+01,1.829693293576e-07,1.829693293576e-07,1.829693293958e-07
1.781500000000e+01,1.820568434608e-07,1.820568434608e-07,1.820568435198e-07
1.782000000000e+01,1.811489048296e-07,1.811489048296e-07,1.811489048452e-07
1.782500000000e+01,1.802454909685e-07,1.802454909685e-07,1.802454909923e-07
1.783000000000e+01,1.793465794855e-07,1.793465794855e-07,1.793465795192e-07
1.783500000000e+01,1.784521480915e-07,1.784521480915e-07,1.784521481622e-07
1.784000000000e+01,1.775621746005e-07,1.775621746005e-07,1.775621746328e-07
1.784500000000e+01,1.766766369294e-07,1.766766369294e-07,1.766766369471e-07
1.785000000000e+01,1.757955130979e-07,1.757955130979e-07,1.757955131388e-07
1.785500000000e+01,1.749187812284e-07,1.749187812284e-07,1.749187812533e-07
1.786000000000e+01,1.740464195456e-07,1.740464195456e-07,1.740464196107e-07
1.786500000000e+01,1.731784063767e-07,1.731784063767e-07,1.731784064274e-07
1.787000000000e+01,1.723147201508e-07,1.723147201508e-07,1.723147201674e-07
1.787500000000e+01,1.714553393989e-07,1.714553393989e-07,1.714553394506e-07
1.788000000000e+01,1.706002427536e-07,1.706002427536e-07,1.706002427925e-07
1.788500000000e+01,1.697494089489e-07,1.697494089489e-07,1.697494089627e-07
1.789000000000e+01,1.689028168200e-07,1.689028168200e-07,1.689028168517e-07
1.789500000000e+01,1.680604453029e-07,1.680604453029e-07,1.680604453728e-07
1.790000000000e+01,1.672222734343e-07,1.672222734343e-07,1.672222734488e-07
1.790500000000e+01,1.663882803511e-07,1.663882803511e-07,1.663882803835e-07
1.791000000000e+01,1.655584452901e-07,1.655584452901e-07,1.655584453248e-07
1.791500000000e+01,1.647327475882e-07,1.647327475882e-07,1.647327476639e-07
1.792000000000e+01,1.639111666813e-07,1.639111666813e-07,1.639111666936e-07
1.792500000000e+01,1.630936821046e-07,1.630936821046e-07,1.630936821123e-07
1.793000000000e+01,1.622802734920e-07,1.622802734920e-07,1.622802735546e-07
1.793500000000e+01,1.614709205760e-07,1.614709205760e-07,1.614709206199e-07
1.794000000000e+01,1.606656031869e-07,1.606656031869e-07,1.606656032053e-07
1.794500000000e+01,1.598643012530e-07,1.598643012530e-07,1.598643012532e-07
1.795000000000e+01,1.590669947998e-07,1.590669947998e-07,1.590669947870e-07
1.795500000000e+01,1.582736639501e-07,1.582736639501e-07,1.582736639852e-07
1.796000000000e+01,1.574842889231e-07,1.574842889231e-07,1.574842889367e-07
1.796500000000e+01,1.566988500346e-07,1.566988500346e-07,1.566988500127e-07
1.797000000000e+01,1.559173276961e-07,1.559173276961e-07,1.559173277543e-07
1.797500000000e+01,1.551397024150e-07,1.551397024150e-07,1.551397024387e-07
1.798000000000e+01,1.543659547936e-07,1.543659547936e-07,1.543659548098e-07
1.798500000000e+01,1.535960655292e-07,1.535960655292e-07,1.535960655465e-07
1.799000000000e+01,1.528300154136e-07,1.528300154136e-07,1.528300154367e-07
1.799500000000e+01,1.520677853326e-07,1.520677853326e-07,1.520677853807e-07
1.800000000000e+01,1.513093562656e-07,1.513093562656e-07,1.513093562701e-07
1.800500000000e+01,1.505547092856e-07,1.505547092856e-07,1.505547092941e-07
1.801000000000e+01,1.498038255581e-07,1.498038255581e-07,1.498038255595e-07
1.801500000000e+01,1.490566863416e-07,1.490566863416e-07,1.490566863658e-07
1.802000000000e+01,1.483132729863e-07,1.483132729863e-07,1.483132730089e-07
1.802500000000e+01,1.475735669343e-07,1.475735669343e-07,1.475735669559e-07
1.803000000000e+01,1.468375497192e-07,1.468375497192e-07,1.468375497109e-07
1.803500000000e+01,1.461052029653e-07,1.461052029653e-07,1.461052029587e-07
1.804000000000e+01,1.453765083877e-07,1.453765083877e-07,1.453765084005e-07
1.804500000000e+01,1.446514477913e-07,1.446514477913e-07,1.446514477736e-07
1.805000000000e+01,1.439300030710e-07,1.439300030710e-07,1.439300030805e-07
1.805500000000e+01,1.432121562112e-07,1.432121562112e-07,1.432121562653e-07
1.806000000000e+01,1.424978892848e-07,1.424978892848e-07,1.424978892834e-07
1.806500000000e+01,1.417871844537e-07,1.417871844537e-07,1.417871844529e-07
1.807000000000e+01,1.410800239677e-07,1.410800239677e-07,1.410800239827e-07
1.807500000000e+01,1.403763901645e-07,1.403763901645e-07,1.403763902024e-07
1.808000000000e+01,1.396762654689e-07,1.396762654689e-07,1.396762654662e-07
1.808500000000e+01,1.389796323930e-07,1.389796323930e-07,1.389796323820e-07
1.809000000000e+01,1.382864735353e-07,1.382864735353e-07,1.382864735516e-07
1.809500000000e+01,1.375967715803e-07,1.375967715803e-07,1.375967715907e-07
1.810000000000e+01,1.369105092985e-07,1.369105092985e-07,1.369105093100e-07
1.810500000000e+01,1.362276695457e-07,1.362276695457e-07,1.362276695406e-07
1.811000000000e+01,1.355482352625e-07,1.355482352625e-07,1.355482352184e-07
1.811500000000e+01,1.348721894743e-07,1.348721894743e-07,1.348721894604e-07
1.812000000000e+01,1.341995152904e-07,1.341995152904e-07,1.341995152819e-07
1.812500000000e+01,1.335301959042e-07,1.335301959042e-07,1.335301958800e-07
1.813000000000e+01,1.328642145922e-07,1.328642145922e-07,1.328642145737e-07
1.813500000000e+01,1.322015547141e-07,1.322015547141e-07,1.322015547001e-07
1.814000000000e+01,1.315421997119e-07,1.315421997119e-07,1.315421996813e-07
1.814500000000e+01,1.308861331100e-07,1.308861331100e-07,1.308861330691e-07
1.815000000000e+01,1.302333385147e-07,1.302333385147e-07,1.302333385051e-07
1.815500000000e+01,1.295837996135e-07,1.295837996135e-07,1.295837996164e-07
1.816000000000e+01,1.289375001750e-07,1.289375001750e-07,1.289375001341e-07
1.816500000000e+01,1.282944240485e-07,1.282944240485e-07,1.282944240173e-07
1.817000000000e+01,1.276545551636e-07,1.276545551636e-07,1.276545551229e-07
1.817500000000e+01,1.270178775295e-07,1.270178775295e-07,1.270178775342e-07
1.818000000000e+01,1.263843752352e-07,1.263843752352e-07,1.263843752283e-07
1.818500000000e+01,1.257540324486e-07,1.257540324486e-07,1.257540324319e-07
1.819000000000e+01,1.251268334164e-07,1.251268334164e-07,1.251268333933e-07
1.819500000000e+01,1.245027624636e-07,1.245027624636e-07,1.245027624485e-07
1.820000000000e+01,1.238818039931e-07,1.238818039931e-07,1.238818039570e-07
1.820500000000e+01,1.232639424856e-07,1.232639424856e-07,1.232639424355e-07
1.821000000000e+01,1.226491624988e-07,1.226491624988e-07,1.226491624410e-07
1.821500000000e+01,1.220374486672e-07,1.220374486672e-07,1.220374486629e-07
1.822000000000e+01,1.214287857019e-07,1.214287857019e-07,1.214287856349e-07
1.822500000000e+01,1.208231583900e-07,1.208231583900e-07,1.208231583223e-07
1.823000000000e+01,1.202205515943e-07,1.202205515943e-07,1.202205515513e-07
1.823500000000e+01,1.196209502530e-07,1.196209502530e-07,1.196209502368e-07
1.824000000000e+01,1.190243393793e-07,1.190243393793e-07,1.190243393201e-07
1.824500000000e+01,1.184307040608e-07,1.184307040608e-07,1.184307039996e-07
1.825000000000e+01,1.178400294596e-07,1.178400294596e-07,1.178400294513e-07
1.825500000000e+01,1.172523008115e-07,1.172523008115e-07,1.172523008304e-07
1.826000000000e+01,1.166675034259e-07,1.166675034259e-07,1.166675033804e-07
1.826500000000e+01,1.160856226853e-07,1.160856226853e-07,1.160856226295e-07
1.827000000000e+01,1.155066440450e-07,1.155066440450e-07,1.155066439953e-07
1.827500000000e+01,1.149305530329e-07,1.149305530329e-07,1.149305530235e-07
1.828000000000e+01,1.143573352487e-07,1.143573352487e-07,1.143573351988e-07
1.828500000000e+01,1.137869763640e-07,1.137869763640e-07,1.137869763391e-07
1.829000000000e+01,1.132194621218e-07,1.132194621218e-07,1.132194621050e-07
1.829500000000e+01,1.126547783360e-07,1.126547783360e-07,1.126547783169e-07
1.830000000000e+01,1.120929108912e-07,1.120929108912e-07,1.120929108706e-07
1.830500000000e+01,1.115338457425e-07,1.115338457425e-07,1.115338456859e-07
1.831000000000e+01,1.109775689146e-07,1.109775689146e-07,1.109775689362e-07
1.831500000000e+01,1.104240665023e-07,1.104240665023e-07,1.104240665184e-07
1.832000000000e+01,1.098733246694e-07,1.098733246694e-07,1.098733246701e-07
1.832500000000e+01,1.093253296485e-07,1.093253296485e-07,1.093253296572e-07
1.833000000000e+01,1.087800677412e-07,1.087800677412e-07,1.087800677463e-07
1.833500000000e+01,1.082375253172e-07,1.082375253172e-07,1.082375253476e-07
1.834000000000e+01,1.076976888139e-07,1.076976888139e-07,1.076976888251e-07
1.834500000000e+01,1.071605447366e-07,1.071605447366e-07,1.071605447955e-07
1.835000000000e+01,1.066260796577e-07,1.066260796577e-07,1.066260796702e-07
1.835500000000e+01,1.060942802166e-07,1.060942802166e-07,1.060942802582e-07
1.836000000000e+01,1.055651331191e-07,1.055651331191e-07,1.055651331711e-07
1.836500000000e+01,1.050386251377e-07,1.050386251377e-07,1.050386251440e-07
1.837000000000e+01,1.045147431103e-07,1.045147431103e-07,1.045147431367e-07
1.837500000000e+01,1.039934739407e-07,1.039934739407e-07,1.039934740281e-07
1.838000000000e+01,1.034748045980e-07,1.034748045980e-07,1.034748046469e-07
1.838500000000e+01,1.029587221161e-07,1.029587221161e-07,1.029587221128e-07
1.839000000000e+01,1.024452135938e-07,1.024452135938e-07,1.024452136371e-07
1.839500000000e+01,1.019342661938e-07,1.019342661938e-07,1.019342662471e-07
1.840000000000e+01,1.014258671432e-07,1.014258671432e-07,1.014258671656e-07
1.840500000000e+01,1.009200037326e-07,1.009200037326e-07,1.009200037477e-07
1.841000000000e+01,1.004166633159e-07,1.004166633159e-07,1.004166633334e-07
1.841500000000e+01,9.991583331015e-08,9.991583331015e-08,9.991583334780e-08
1.842000000000e+01,9.941750119513e-08,9.941750119513e-08,9.941750121144e-08
1.842500000000e+01,9.892165451300e-08,9.892165451300e-08,9.892165449028e-08
1.843000000000e+01,9.842828086804e-08,9.842828086804e-08,9.842828086633e-08
1.843500000000e+01,9.793736792634e-08,9.793736792634e-08,9.793736790042e-08
1.844000000000e+01,9.744890341549e-08,9.744890341549e-08,9.744890341511e-08
1.844500000000e+01,9.696287512426e-08,9.696287512426e-08,9.696287511586e-08
1.845000000000e+01,9.647927090231e-08,9.647927090231e-08,9.647927091574e-08
1.845500000000e+01,9.599807865988e-08,9.599807865988e-08,9.599807867011e-08
1.846000000000e+01,9.551928636750e-08,9.551928636750e-08,9.551928635283e-08
1.846500000000e+01,9.504288205567e-08,9.504288205567e-08,9.504288203025e-08
1.847000000000e+01,9.456885381458e-08,9.456885381458e-08,9.456885381278e-08
1.847500000000e+01,9.409718979380e-08,9.409718979380e-08,9.409718982826e-08
1.848000000000e+01,9.362787820200e-08,9.362787820200e-08,9.362787819018e-08
1.848500000000e+01,9.316090730665e-08,9.316090730665e-08,9.316090727511e-08
1.849000000000e+01,9.269626543370e-08,9.269626543370e-08,9.269626545686e-08
1.849500000000e+01,9.223394096734e-08,9.223394096734e-08,9.223394096454e-08
1.850000000000e+01,9.177392234967e-08,9.177392234967e-08,9.177392234955e-08
1.850500000000e+01,9.131619808042e-08,9.131619808042e-08,9.131619807363e-08
1.851000000000e+01,9.086075671669e-08,9.086075671669e-08,9.086075671937e-08
1.851500000000e+01,9.040758687261e-08,9.040758687261e-08,9.040758686983e-08
1.852000000000e+01,8.995667721912e-08,8.995667721912e-08,8.995667719215e-08
1.852500000000e+01,8.950801648363e-08,8.950801648363e-08,8.950801644246e-08
1.853000000000e+01,8.906159344977e-08,8.906159344977e-08,8.906159347058e-08
1.853500000000e+01,8.861739695713e-08,8.861739695713e-08,8.861739694544e-08
1.854000000000e+01,8.817541590091e-08,8.817541590091e-08,8.817541587800e-08
1.854500000000e+01,8.773563923172e-08,8.773563923172e-08,8.773563919248e-08
1.855000000000e+01,8.729805595527e-08,8.729805595527e-08,8.729805595949e-08
1.855500000000e+01,8.686265513210e-08,8.686265513210e-08,8.686265516580e-08
1.856000000000e+01,8.642942587727e-08,8.642942587727e-08,8.642942582232e-08
1.856500000000e+01,8.599835736018e-08,8.599835736018e-08,8.599835731218e-08
1.857000000000e+01,8.556943880419e-08,8.556943880419e-08,8.556943882836e-08
1.857500000000e+01,8.514265948644e-08,8.514265948644e-08,8.514265950270e-08
1.858000000000e+01,8.471800873752e-08,8.471800873752e-08,8.471800873326e-08
1.858500000000e+01,8.429547594126e-08,8.429547594126e-08,8.429547592603e-08
1.859000000000e+01,8.387505053440e-08,8.387505053440e-08,8.387505053131e-08
1.859500000000e+01,8.345672200637e-08,8.345672200637e-08,8.345672203669e-08
1.860000000000e+01,8.304047989904e-08,8.304047989904e-08,8.304047993032e-08
1.860500000000e+01,8.262631380640e-08,8.262631380640e-08,8.262631382619e-08
1.861000000000e+01,8.221421337437e-08,8.221421337437e-08,8.221421344107e-08
1.861500000000e+01,8.180416830049e-08,8.180416830049e-08,8.180416835460e-08
1.862000000000e+01,8.139616833367e-08,8.139616833367e-08,8.139616836811e-08
1.862500000000e+01,8.099020327398e-08,8.099020327398e-08,8.099020329575e-08
1.863000000000e+01,8.058626297232e-08,8.058626297232e-08,8.058626302471e-08
1.863500000000e+01,8.018433733023e-08,8.018433733023e-08,8.018433740382e-08
1.864000000000e+01,7.978441629961e-08,7.978441629961e-08,7.978441634913e-08
1.864500000000e+01,7.938648988246e-08,7.938648988246e-08,7.938648992478e-08
1.865000000000e+01,7.899054813066e-08,7.899054813066e-08,7.899054817890e-08
1.865500000000e+01,7.859658114569e-08,7.859658114569e-08,7.859658120734e-08
1.866000000000e+01,7.820457907840e-08,7.820457907840e-08,7.820457914480e-08
1.866500000000e+01,7.781453212878e-08,7.781453212878e-08,7.781453220456e-08
1.867000000000e+01,7.742643054566e-08,7.742643054566e-08,7.742643059802e-08
1.867500000000e+01,7.704026462654e-08,7.704026462654e-08,7.704026469615e-08
1.868000000000e+01,7.665602471727e-08,7.665602471727e-08,7.665602478508e-08
1.868500000000e+01,7.627370121189e-08,7.627370121189e-08,7.627370125020e-08
1.869000000000e+01,7.589328455232e-08,7.589328455232e-08,7.589328463318e-08
1.869500000000e+01,7.551476522815e-08,7.551476522815e-08,7.551476532781e-08
1.870000000000e+01,7.513813377642e-08,7.513813377642e-08,7.513813386234e-08
1.870500000000e+01,7.476338078135e-08,7.476338078135e-08,7.476338082827e-08
1.871000000000e+01,7.439049687412e-08,7.439049687412e-08,7.439049694227e-08
1.871500000000e+01,7.401947273265e-08,7.401947273265e-08,7.401947284862e-08
1.872000000000e+01,7.365029908134e-08,7.365029908134e-08,7.365029914402e-08
1.872500000000e+01,7.328296669086e-08,7.328296669086e-08,7.328296672268e-08
1.873000000000e+01,7.291746637789e-08,7.291746637789e-08,7.291746646255e-08
1.873500000000e+01,7.255378900494e-08,7.255378900494e-08,7.255378907736e-08
1.874000000000e+01,7.219192548007e-08,7.219192548007e-08,7.219192555800e-08
1.874500000000e+01,7.183186675670e-08,7.183186675670e-08,7.183186679299e-08
1.875000000000e+01,7.147360383335e-08,7.147360383335e-08,7.147360385281e-08
1.875500000000e+01,7.111712775347e-08,7.111712775347e-08,7.111712778083e-08
1.876000000000e+01,7.076242960513e-08,7.076242960513e-08,7.076242966351e-08
1.876500000000e+01,7.040950052090e-08,7.040950052090e-08,7.040950055767e-08
1.877000000000e+01,7.005833167753e-08,7.005833167753e-08,7.005833172951e-08
1.877500000000e+01,6.971117312112e-08,6.971117312112e-08,6.971117315667e-08
1.878000000000e+01,6.936563586077e-08,6.936563586077e-08,6.936563587570e-08
1.878500000000e+01,6.902171718301e-08,6.902171718301e-08,6.902171719870e-08
1.879000000000e+01,6.867941412589e-08,6.867941412589e-08,6.867941420768e-08
1.879500000000e+01,6.833872349294e-08,6.833872349294e-08,6.833872352070e-08
1.880000000000e+01,6.799964186659e-08,6.799964186659e-08,6.799964187177e-08
1.880500000000e+01,6.766216562072e-08,6.766216562072e-08,6.766216562355e-08
1.881000000000e+01,6.732629093281e-08,6.732629093281e-08,6.732629096964e-08
1.881500000000e+01,6.699201379531e-08,6.699201379531e-08,6.699201380585e-08
1.882000000000e+01,6.665933002653e-08,6.665933002653e-08,6.665933009822e-08
1.882500000000e+01,6.632823528101e-08,6.632823528101e-08,6.632823530853e-08
1.883000000000e+01,6.599872505930e-08,6.599872505930e-08,6.599872508195e-08
1.883500000000e+01,6.567079471731e-08,6.567079471731e-08,6.567079472612e-08
1.884000000000e+01,6.534443947517e-08,6.534443947517e-08,6.534443947570e-08
1.884500000000e+01,6.501965442571e-08,6.501965442571e-08,6.501965441701e-08
1.885000000000e+01,6.469643454238e-08,6.469643454238e-08,6.469643458728e-08
1.885500000000e+01,6.437477468694e-08,6.437477468694e-08,6.437477472801e-08
1.886000000000e+01,6.405466961663e-08,6.405466961663e-08,6.405466961344e-08
1.886500000000e+01,6.373611399108e-08,6.373611399108e-08,6.373611398590e-08
1.887000000000e+01,6.341910237882e-08,6.341910237882e-08,6.341910239790e-08
1.887500000000e+01,6.310362926344e-08,6.310362926344e-08,6.310362930684e-08
1.888000000000e+01,6.278968904956e-08,6.278968904956e-08,6.278968901073e-08
1.888500000000e+01,6.247727606831e-08,6.247727606831e-08,6.247727602417e-08
1.889000000000e+01,6.216638458275e-08,6.216638458275e-08,6.216638464003e-08
1.889500000000e+01,6.185700879282e-08,6.185700879282e-08,6.185700882041e-08
1.890000000000e+01,6.154914284017e-08,6.154914284017e-08,6.154914285277e-08
1.890500000000e+01,6.124278081273e-08,6.124278081273e-08,6.124278080753e-08
1.891000000000e+01,6.093791674895e-08,6.093791674895e-08,6.093791671891e-08
1.891500000000e+01,6.063454464197e-08,6.063454464197e-08,6.063454457770e-08
1.892000000000e+01,6.033265844346e-08,6.033265844346e-08,6.033265841293e-08
1.892500000000e+01,6.003225206734e-08,6.003225206734e-08,6.003225204041e-08
1.893000000000e+01,5.973331939325e-08,5.973331939325e-08,5.973331937687e-08
1.893500000000e+01,5.943585426991e-08,5.943585426991e-08,5.943585423573e-08
1.894000000000e+01,5.913985051824e-08,5.913985051824e-08,5.913985049363e-08
1.894500000000e+01,5.884530193437e-08,5.884530193437e-08,5.884530186865e-08
1.895000000000e+01,5.855220229245e-08,5.855220229245e-08,5.855220229015e-08
1.895500000000e+01,5.826054534738e-08,5.826054534738e-08,5.826054532123e-08
1.896000000000e+01,5.797032483733e-08,5.797032483733e-08,5.797032479659e-08
1.896500000000e+01,5.768153448617e-08,5.768153448617e-08,5.768153442362e-08
1.897000000000e+01,5.739416800574e-08,5.739416800574e-08,5.739416799036e-08
1.897500000000e+01,5.710821909806e-08,5.710821909806e-08,5.710821908933e-08
1.898000000000e+01,5.682368145738e-08,5.682368145738e-08,5.682368142540e-08
1.898500000000e+01,5.654054877208e-08,5.654054877208e-08,5.654054873367e-08
1.899000000000e+01,5.625881472660e-08,5.625881472660e-08,5.625881468350e-08
1.899500000000e+01,5.597847300312e-08,5.597847300312e-08,5.597847297921e-08
1.900000000000e+01,5.569951728324e-08,5.569951728324e-08,5.569951725448e-08
1.900500000000e+01,5.542194124957e-08,5.542194124957e-08,5.542194118300e-08
1.901000000000e+01,5.514573858719e-08,5.514573858719e-08,5.514573859395e-08
1.901500000000e+01,5.487090298503e-08,5.487090298503e-08,5.487090301124e-08
1.902000000000e+01,5.459742813727e-08,5.459742813727e-08,5.459742813229e-08
1.902500000000e+01,5.432530774451e-08,5.432530774451e-08,5.432530768796e-08
1.903000000000e+01,5.405453551503e-08,5.405453551503e-08,5.405453552000e-08
1.903500000000e+01,5.378510516584e-08,5.378510516584e-08,5.378510515276e-08
1.904000000000e+01,5.351701042382e-08,5.351701042382e-08,5.351701040158e-08
1.904500000000e+01,5.325024502666e-08,5.325024502666e-08,5.325024495192e-08
1.905000000000e+01,5.298480272380e-08,5.298480272380e-08,5.298480269500e-08
1.905500000000e+01,5.272067727737e-08,5.272067727737e-08,5.272067726180e-08
1.906000000000e+01,5.245786246299e-08,5.245786246299e-08,5.245786247740e-08
1.906500000000e+01,5.219635207058e-08,5.219635207058e-08,5.219635205087e-08
1.907000000000e+01,5.193613990509e-08,5.193613990509e-08,5.193613988006e-08
1.907500000000e+01,5.167721978721e-08,5.167721978721e-08,5.167721972409e-08
1.908000000000e+01,5.141958555405e-08,5.141958555405e-08,5.141958553626e-08
1.908500000000e+01,5.116323105971e-08,5.116323105971e-08,5.116323101854e-08
1.909000000000e+01,5.090815017592e-08,5.090815017592e-08,5.090815016156e-08
1.909500000000e+01,5.065433679257e-08,5.065433679257e-08,5.065433678291e-08
1.910000000000e+01,5.040178481820e-08,5.040178481820e-08,5.040178476288e-08
1.910500000000e+01,5.015048818052e-08,5.015048818052e-08,5.015048816240e-08
1.911000000000e+01,4.990044082683e-08,4.990044082683e-08,4.990044084667e-08
1.911500000000e+01,4.965163672448e-08,4.965163672448e-08,4.965163674302e-08
1.912000000000e+01,4.940406986121e-08,4.940406986121e-08,4.940406985750e-08
1.912500000000e+01,4.915773424558e-08,4.915773424558e-08,4.915773419441e-08
1.913000000000e+01,4.891262390729e-08,4.891262390729e-08,4.891262391770e-08
1.913500000000e+01,4.866873289747e-08,4.866873289747e-08,4.866873287335e-08
1.914000000000e+01,4.842605528903e-08,4.842605528903e-08,4.842605530878e-08
1.914500000000e+01,4.818458517692e-08,4.818458517692e-08,4.818458516010e-08
1.915000000000e+01,4.794431667836e-08,4.794431667836e-08,4.794431663509e-08
1.915500000000e+01,4.770524393312e-08,4.770524393312e-08,4.770524390272e-08
1.916000000000e+01,4.746736110370e-08,4.746736110370e-08,4.746736108789e-08
1.916500000000e+01,4.723066237558e-08,4.723066237558e-08,4.723066235956e-08
1.917000000000e+01,4.699514195734e-08,4.699514195734e-08,4.699514197603e-08
1.917500000000e+01,4.676079408091e-08,4.676079408091e-08,4.676079410126e-08
1.918000000000e+01,4.652761300166e-08,4.652761300166e-08,4.652761301063e-08
1.918500000000e+01,4.629559299856e-08,4.629559299856e-08,4.629559297389e-08
1.919000000000e+01,4.606472837434e-08,4.606472837434e-08,4.606472839979e-08
1.919500000000e+01,4.583501345556e-08,4.583501345556e-08,4.583501345360e-08
1.920000000000e+01,4.560644259273e-08,4.560644259273e-08,4.560644256843e-08
1.920500000000e+01,4.537901016043e-08,4.537901016043e-08,4.537901011773e-08
1.921000000000e+01,4.515271055734e-08,4.515271055734e-08,4.515271060279e-08
1.921500000000e+01,4.492753820636e-08,4.492753820636e-08,4.492753823133e-08
1.922000000000e+01,4.470348755464e-08,4.470348755464e-08,4.470348759863e-08
1.922500000000e+01,4.448055307364e-08,4.448055307364e-08,4.448055310504e-08
1.923000000000e+01,4.425872925919e-08,4.425872925919e-08,4.425872922232e-08
1.923500000000e+01,4.403801063150e-08,4.403801063150e-08,4.403801063919e-08
1.924000000000e+01,4.381839173520e-08,4.381839173520e-08,4.381839171175e-08
1.924500000000e+01,4.359986713937e-08,4.359986713937e-08,4.359986714312e-08
1.925000000000e+01,4.338243143753e-08,4.338243143753e-08,4.338243146371e-08
1.925500000000e+01,4.316607924766e-08,4.316607924766e-08,4.316607927986e-08
1.926000000000e+01,4.295080521222e-08,4.295080521222e-08,4.295080524495e-08
1.926500000000e+01,4.273660399811e-08,4.273660399811e-08,4.273660400658e-08
1.927000000000e+01,4.252347029665e-08,4.252347029665e-08,4.252347034439e-08
1.927500000000e+01,4.231139882363e-08,4.231139882363e-08,4.231139883831e-08
1.928000000000e+01,4.210038431921e-08,4.210038431921e-08,4.210038434107e-08
1.928500000000e+01,4.189042154794e-08,4.189042154794e-08,4.189042153032e-08
1.929000000000e+01,4.168150529871e-08,4.168150529871e-08,4.168150533209e-08
1.929500000000e+01,4.147363038474e-08,4.147363038474e-08,4.147363040666e-08
1.930000000000e+01,4.126679164350e-08,4.126679164350e-08,4.126679167776e-08
1.930500000000e+01,4.106098393669e-08,4.106098393669e-08,4.106098396796e-08
1.931000000000e+01,4.085620215020e-08,4.085620215020e-08,4.085620215878e-08
1.931500000000e+01,4.065244119406e-08,4.065244119406e-08,4.065244120054e-08
1.932000000000e+01,4.044969600236e-08,4.044969600236e-08,4.044969599861e-08
1.932500000000e+01,4.024796153322e-08,4.024796153322e-08,4.024796154407e-08
1.933000000000e+01,4.004723276873e-08,4.004723276873e-08,4.004723280302e-08
1.933500000000e+01,3.984750471487e-08,3.984750471487e-08,3.984750475451e-08
1.934000000000e+01,3.964877240146e-08,3.964877240146e-08,3.964877243649e-08
1.934500000000e+01,3.945103088209e-08,3.945103088209e-08,3.945103087292e-08
1.935000000000e+01,3.925427523406e-08,3.925427523406e-08,3.925427529288e-08
1.935500000000e+01,3.905850055829e-08,3.905850055829e-08,3.905850061250e-08
1.936000000000e+01,3.886370197925e-08,3.886370197925e-08,3.886370198888e-08
1.936500000000e+01,3.866987464493e-08,3.866987464493e-08,3.866987464219e-08
1.937000000000e+01,3.847701372667e-08,3.847701372667e-08,3.847701374177e-08
1.937500000000e+01,3.828511441919e-08,3.828511441919e-08,3.828511447515e-08
1.938000000000e+01,3.809417194042e-08,3.809417194042e-08,3.809417198977e-08
1.938500000000e+01,3.790418153149e-08,3.790418153149e-08,3.790418155749e-08
1.939000000000e+01,3.771513845659e-08,3.771513845659e-08,3.771513846995e-08
1.939500000000e+01,3.752703800293e-08,3.752703800293e-08,3.752703803080e-08
1.940000000000e+01,3.733987548062e-08,3.733987548062e-08,3.733987548668e-08
1.940500000000e+01,3.715364622262e-08,3.715364622262e-08,3.715364621489e-08
1.941000000000e+01,3.696834558462e-08,3.696834558462e-08,3.696834560995e-08
1.941500000000e+01,3.678396894498e-08,3.678396894498e-08,3.678396897072e-08
1.942000000000e+01,3.660051170462e-08,3.660051170462e-08,3.660051170538e-08
1.942500000000e+01,3.641796928695e-08,3.641796928695e-08,3.641796931218e-08
1.943000000000e+01,3.623633713776e-08,3.623633713776e-08,3.623633719412e-08
1.943500000000e+01,3.605561072515e-08,3.605561072515e-08,3.605561075200e-08
1.944000000000e+01,3.587578553941e-08,3.587578553941e-08,3.587578555733e-08
1.944500000000e+01,3.569685709298e-08,3.569685709298e-08,3.569685711767e-08
1.945000000000e+01,3.551882092029e-08,3.551882092029e-08,3.551882095061e-08
1.945500000000e+01,3.534167257773e-08,3.534167257773e-08,3.534167261276e-08
1.946000000000e+01,3.516540764351e-08,3.516540764351e-08,3.516540769534e-08
1.946500000000e+01,3.499002171761e-08,3.499002171761e-08,3.499002171960e-08
1.947000000000e+01,3.481551042164e-08,3.481551042164e-08,3.481551043195e-08
1.947500000000e+01,3.464186939878e-08,3.464186939878e-08,3.464186940044e-08
1.948000000000e+01,3.446909431368e-08,3.446909431368e-08,3.446909430327e-08
1.948500000000e+01,3.429718085235e-08,3.429718085235e-08,3.429718083686e-08
1.949000000000e+01,3.412612472209e-08,3.412612472209e-08,3.412612474535e-08
1.949500000000e+01,3.395592165138e-08,3.395592165138e-08,3.395592167575e-08
1.950000000000e+01,3.378656738977e-08,3.378656738977e-08,3.378656739664e-08
1.950500000000e+01,3.361805770784e-08,3.361805770784e-08,3.361805771448e-08
1.951000000000e+01,3.345038839703e-08,3.345038839703e-08,3.345038843019e-08
1.951500000000e+01,3.328355526960e-08,3.328355526960e-08,3.328355528760e-08
1.952000000000e+01,3.311755415853e-08,3.311755415853e-08,3.311755413192e-08
1.952500000000e+01,3.295238091740e-08,3.295238091740e-08,3.295238089789e-08
1.953000000000e+01,3.278803142032e-08,3.278803142032e-08,3.278803143747e-08
1.953500000000e+01,3.262450156181e-08,3.262450156181e-08,3.262450159315e-08
1.954000000000e+01,3.246178725675e-08,3.246178725675e-08,3.246178726980e-08
1.954500000000e+01,3.229988444022e-08,3.229988444022e-08,3.229988443551e-08
1.955000000000e+01,3.213878906748e-08,3.213878906748e-08,3.213878903678e-08
1.955500000000e+01,3.197849711380e-08,3.197849711380e-08,3.197849709377e-08
1.956000000000e+01,3.181900457444e-08,3.181900457444e-08,3.181900453154e-08
1.956500000000e+01,3.166030746451e-08,3.166030746451e-08,3.166030743821e-08
1.957000000000e+01,3.150240181887e-08,3.150240181887e-08,3.150240183771e-08
1.957500000000e+01,3.134528369207e-08,3.134528369207e-08,3.134528370431e-08
1.958000000000e+01,3.118894915824e-08,3.118894915824e-08,3.118894915697e-08
1.958500000000e+01,3.103339431100e-08,3.103339431100e-08,3.103339428631e-08
1.959000000000e+01,3.087861526335e-08,3.087861526335e-08,3.087861527596e-08
1.959500000000e+01,3.072460814762e-08,3.072460814762e-08,3.072460814203e-08
1.960000000000e+01,3.057136911533e-08,3.057136911533e-08,3.057136910818e-08
1.960500000000e+01,3.041889433711e-08,3.041889433711e-08,3.041889432869e-08
1.961000000000e+01,3.026718000265e-08,3.026718000265e-08,3.026717999401e-08
1.961500000000e+01,3.011622232055e-08,3.011622232055e-08,3.011622231237e-08
1.962000000000e+01,2.996601751825e-08,2.996601751825e-08,2.996601750149e-08
1.962500000000e+01,2.981656184197e-08,2.981656184197e-08,2.981656181053e-08
1.963000000000e+01,2.966785155656e-08,2.966785155656e-08,2.966785151271e-08
1.963500000000e+01,2.951988294548e-08,2.951988294548e-08,2.951988292286e-08
1.964000000000e+01,2.937265231064e-08,2.937265231064e-08,2.937265227666e-08
1.964500000000e+01,2.922615597237e-08,2.922615597237e-08,2.922615594592e-08
1.965000000000e+01,2.908039026927e-08,2.908039026927e-08,2.908039025885e-08
1.965500000000e+01,2.893535155820e-08,2.893535155820e-08,2.893535156275e-08
1.966000000000e+01,2.879103621411e-08,2.879103621411e-08,2.879103620710e-08
1.966500000000e+01,2.864744063001e-08,2.864744063001e-08,2.864744059657e-08
1.967000000000e+01,2.850456121684e-08,2.850456121684e-08,2.850456122744e-08
1.967500000000e+01,2.836239440343e-08,2.836239440343e-08,2.836239438512e-08
1.968000000000e+01,2.822093663637e-08,2.822093663637e-08,2.822093661794e-08
1.968500000000e+01,2.808018437993e-08,2.808018437993e-08,2.808018433998e-08
1.969000000000e+01,2.794013411599e-08,2.794013411599e-08,2.794013407419e-08
1.969500000000e+01,2.780078234396e-08,2.780078234396e-08,2.780078233493e-08
1.970000000000e+01,2.766212558066e-08,2.766212558066e-08,2.766212558437e-08
1.970500000000e+01,2.752416036026e-08,2.752416036026e-08,2.752416033052e-08
1.971000000000e+01,2.738688323420e-08,2.738688323420e-08,2.738688322702e-08
1.971500000000e+01,2.725029077108e-08,2.725029077108e-08,2.725029073090e-08
1.972000000000e+01,2.711437955660e-08,2.711437955660e-08,2.711437951250e-08
1.972500000000e+01,2.697914619346e-08,2.697914619346e-08,2.697914615507e-08
1.973000000000e+01,2.684458730129e-08,2.684458730129e-08,2.684458728819e-08
1.973500000000e+01,2.671069951655e-08,2.671069951655e-08,2.671069951653e-08
1.974000000000e+01,2.657747949246e-08,2.657747949246e-08,2.657747946617e-08
1.974500000000e+01,2.644492389892e-08,2.644492389892e-08,2.644492389065e-08
1.975000000000e+01,2.631302942240e-08,2.631302942240e-08,2.631302940676e-08
1.975500000000e+01,2.618179276591e-08,2.618179276591e-08,2.618179274693e-08
1.976000000000e+01,2.605121064886e-08,2.605121064886e-08,2.605121064130e-08
1.976500000000e+01,2.592127980703e-08,2.592127980703e-08,2.592127979598e-08
1.977000000000e+01,2.579199699245e-08,2.579199699245e-08,2.579199695528e-08
1.977500000000e+01,2.566335897334e-08,2.566335897334e-08,2.566335897917e-08
1.978000000000e+01,2.553536253402e-08,2.553536253402e-08,2.553536254499e-08
1.978500000000e+01,2.540800447485e-08,2.540800447485e-08,2.540800447099e-08
1.979000000000e+01,2.528128161213e-08,2.528128161213e-08,2.528128161081e-08
1.979500000000e+01,2.515519077801e-08,2.515519077801e-08,2.515519076084e-08
1.980000000000e+01,2.502972882046e-08,2.502972882046e-08,2.502972879388e-08
1.980500000000e+01,2.490489260314e-08,2.490489260314e-08,2.490489258309e-08
1.981000000000e+01,2.478067900534e-08,2.478067900534e-08,2.478067902524e-08
1.981500000000e+01,2.465708492193e-08,2.465708492193e-08,2.465708492814e-08
1.982000000000e+01,2.453410726322e-08,2.453410726322e-08,2.453410728777e-08
1.982500000000e+01,2.441174295496e-08,2.441174295496e-08,2.441174295169e-08
1.983000000000e+01,2.428998893819e-08,2.428998893819e-08,2.428998899451e-08
1.983500000000e+01,2.416884216924e-08,2.416884216924e-08,2.416884219705e-08
1.984000000000e+01,2.404829961956e-08,2.404829961956e-08,2.404829963299e-08
1.984500000000e+01,2.392835827576e-08,2.392835827576e-08,2.392835829924e-08
1.985000000000e+01,2.380901513941e-08,2.380901513941e-08,2.380901519980e-08
1.985500000000e+01,2.369026722708e-08,2.369026722708e-08,2.369026726992e-08
1.986000000000e+01,2.357211157019e-08,2.357211157019e-08,2.357211161450e-08
1.986500000000e+01,2.345454521495e-08,2.345454521495e-08,2.345454524003e-08
1.987000000000e+01,2.333756522233e-08,2.333756522233e-08,2.333756524406e-08
1.987500000000e+01,2.322116866792e-08,2.322116866792e-08,2.322116869693e-08
1.988000000000e+01,2.310535264190e-08,2.310535264190e-08,2.310535264547e-08
1.988500000000e+01,2.299011424897e-08,2.299011424897e-08,2.299011426891e-08
1.989000000000e+01,2.287545060827e-08,2.287545060827e-08,2.287545066873e-08
1.989500000000e+01,2.276135885327e-08,2.276135885327e-08,2.276135889125e-08
1.990000000000e+01,2.264783613177e-08,2.264783613177e-08,2.264783618457e-08
1.990500000000e+01,2.253487960577e-08,2.253487960577e-08,2.253487963538e-08
1.991000000000e+01,2.242248645143e-08,2.242248645143e-08,2.242248646382e-08
1.991500000000e+01,2.231065385899e-08,2.231065385899e-08,2.231065386638e-08
1.992000000000e+01,2.219937903270e-08,2.219937903270e-08,2.219937905568e-08
1.992500000000e+01,2.208865919074e-08,2.208865919074e-08,2.208865920878e-08
1.993000000000e+01,2.197849156519e-08,2.197849156519e-08,2.197849157010e-08
1.993500000000e+01,2.186887340190e-08,2.186887340190e-08,2.186887341784e-08
1.994000000000e+01,2.175980196047e-08,2.175980196047e-08,2.175980195750e-08
1.994500000000e+01,2.165127451416e-08,2.165127451416e-08,2.165127453102e-08
1.995000000000e+01,2.154328834984e-08,2.154328834984e-08,2.154328833656e-08
1.995500000000e+01,2.143584076789e-08,2.143584076789e-08,2.143584074634e-08
1.996000000000e+01,2.132892908216e-08,2.132892908216e-08,2.132892908523e-08
1.996500000000e+01,2.122255061991e-08,2.122255061991e-08,2.122255059490e-08
1.997000000000e+01,2.111670272169e-08,2.111670272169e-08,2.111670274877e-08
1.997500000000e+01,2.101138274137e-08,2.101138274137e-08,2.101138275185e-08
1.998000000000e+01,2.090658804596e-08,2.090658804596e-08,2.090658803611e-08
1.998500000000e+01,2.080231601562e-08,2.080231601562e-08,2.080231599580e-08
1.999000000000e+01,2.069856404360e-08,2.069856404360e-08,2.069856404672e-08
1.999500000000e+01,2.059532953612e-08,2.059532953612e-08,2.059532953645e-08
2.000000000000e+01,2.049260991233e-08,2.049260991233e-08,2.049260992497e-08
2.000500000000e+01,2.039040260428e-08,2.039040260428e-08,2.039040259434e-08
2.001000000000e+01,2.028870505680e-08,2.028870505680e-08,2.028870504061e-08
2.001500000000e+01,2.018751472748e-08,2.018751472748e-08,2.018751473719e-08
2.002000000000e+01,2.008682908658e-08,2.008682908658e-08,2.008682911384e-08
2.002500000000e+01,1.998664561697e-08,1.998664561697e-08,1.998664561347e-08
2.003000000000e+01,1.988696181410e-08,1.988696181410e-08,1.988696180958e-08
2.003500000000e+01,1.978777518587e-08,1.978777518587e-08,1.978777514807e-08
2.004000000000e+01,1.968908325265e-08,1.968908325265e-08,1.968908323824e-08
2.004500000000e+01,1.959088354714e-08,1.959088354714e-08,1.959088351450e-08
2.005000000000e+01,1.949317361437e-08,1.949317361437e-08,1.949317361958e-08
2.005500000000e+01,1.939595101160e-08,1.939595101160e-08,1.939595100047e-08
2.006000000000e+01,1.929921330829e-08,1.929921330829e-08,1.929921327604e-08
2.006500000000e+01,1.920295808599e-08,1.920295808599e-08,1.920295810342e-08
2.007000000000e+01,1.910718293834e-08,1.910718293834e-08,1.910718291449e-08
2.007500000000e+01,1.901188547097e-08,1.901188547097e-08,1.901188546326e-08
2.008000000000e+01,1.891706330146e-08,1.891706330146e-08,1.891706330958e-08
2.008500000000e+01,1.882271405925e-08,1.882271405925e-08,1.882271405303e-08
2.009000000000e+01,1.872883538562e-08,1.872883538562e-08,1.872883535742e-08
2.009500000000e+01,1.863542493362e-08,1.863542493362e-08,1.863542492409e-08
2.010000000000e+01,1.854248036798e-08,1.854248036798e-08,1.854248038686e-08
2.010500000000e+01,1.844999936511e-08,1.844999936511e-08,1.844999938869e-08
2.011000000000e+01,1.835797961298e-08,1.835797961298e-08,1.835797958858e-08
2.011500000000e+01,1.826641881110e-08,1.826641881110e-08,1.826641880468e-08
2.012000000000e+01,1.817531467046e-08,1.817531467046e-08,1.817531465473e-08
2.012500000000e+01,1.808466491346e-08,1.808466491346e-08,1.808466488957e-08
2.013000000000e+01,1.799446727386e-08,1.799446727386e-08,1.799446729368e-08
2.013500000000e+01,1.790471949672e-08,1.790471949672e-08,1.790471950450e-08
2.014000000000e+01,1.781541933834e-08,1.781541933834e-08,1.781541936149e-08
2.014500000000e+01,1.772656456624e-08,1.772656456624e-08,1.772656458096e-08
2.015000000000e+01,1.763815295903e-08,1.763815295903e-08,1.763815297910e-08
2.015500000000e+01,1.755018230644e-08,1.755018230644e-08,1.755018233041e-08
2.016000000000e+01,1.746265040920e-08,1.746265040920e-08,1.746265042481e-08
2.016500000000e+01,1.737555507901e-08,1.737555507901e-08,1.737555510939e-08
2.017000000000e+01,1.728889413849e-08,1.728889413849e-08,1.728889415944e-08
2.017500000000e+01,1.720266542111e-08,1.720266542111e-08,1.720266544538e-08
2.018000000000e+01,1.711686677117e-08,1.711686677117e-08,1.711686682103e-08
2.018500000000e+01,1.703149604369e-08,1.703149604369e-08,1.703149606789e-08
2.019000000000e+01,1.694655110441e-08,1.694655110441e-08,1.694655110865e-08
2.019500000000e+01,1.686202982970e-08,1.686202982970e-08,1.686202985205e-08
2.020000000000e+01,1.677793010654e-08,1.677793010654e-08,1.677793012184e-08
2.020500000000e+01,1.669424983242e-08,1.669424983242e-08,1.669424984993e-08
2.021000000000e+01,1.661098691534e-08,1.661098691534e-08,1.661098695562e-08
2.021500000000e+01,1.652813927373e-08,1.652813927373e-08,1.652813930399e-08
2.022000000000e+01,1.644570483639e-08,1.644570483639e-08,1.644570486965e-08
2.022500000000e+01,1.636368154247e-08,1.636368154247e-08,1.636368156836e-08
2.023000000000e+01,1.628206734138e-08,1.628206734138e-08,1.628206733819e-08
2.023500000000e+01,1.620086019276e-08,1.620086019276e-08,1.620086020759e-08
2.024000000000e+01,1.612005806643e-08,1.612005806643e-08,1.612005808994e-08
2.024500000000e+01,1.603965894234e-08,1.603965894234e-08,1.603965897689e-08
2.025000000000e+01,1.595966081051e-08,1.595966081051e-08,1.595966079604e-08
2.025500000000e+01,1.588006167098e-08,1.588006167098e-08,1.588006167205e-08
2.026000000000e+01,1.580085953378e-08,1.580085953378e-08,1.580085953284e-08
2.026500000000e+01,1.572205241885e-08,1.572205241885e-08,1.572205244281e-08
2.027000000000e+01,1.564363835600e-08,1.564363835600e-08,1.564363834479e-08
2.027500000000e+01,1.556591296791e-08,1.556591296791e-08,1.556591297872e-08
2.028000000000e+01,1.548856072349e-08,1.548856072349e-08,1.548856072635e-08
2.028500000000e+01,1.541158046949e-08,1.541158046949e-08,1.541158047645e-08
2.029000000000e+01,1.533497102390e-08,1.533497102390e-08,1.533497102031e-08
2.029500000000e+01,1.525873117778e-08,1.525873117778e-08,1.525873118292e-08
2.030000000000e+01,1.518285969697e-08,1.518285969697e-08,1.518285970718e-08
2.030500000000e+01,1.510735532376e-08,1.510735532376e-08,1.510735533355e-08
2.031000000000e+01,1.503221677844e-08,1.503221677844e-08,1.503221677438e-08
2.031500000000e+01,1.495744276081e-08,1.495744276081e-08,1.495744273592e-08
2.032000000000e+01,1.488303195157e-08,1.488303195157e-08,1.488303197510e-08
2.032500000000e+01,1.480898301368e-08,1.480898301368e-08,1.480898301343e-08
2.033000000000e+01,1.473529459364e-08,1.473529459364e-08,1.473529458728e-08
2.033500000000e+01,1.466196532266e-08,1.466196532266e-08,1.466196531855e-08
2.034000000000e+01,1.458899381786e-08,1.458899381786e-08,1.458899384309e-08
2.034500000000e+01,1.451637868333e-08,1.451637868333e-08,1.451637870755e-08
2.035000000000e+01,1.444411851120e-08,1.444411851120e-08,1.444411850256e-08
2.035500000000e+01,1.437221188256e-08,1.437221188256e-08,1.437221185204e-08
2.036000000000e+01,1.430065736848e-08,1.430065736848e-08,1.430065734835e-08
2.036500000000e+01,1.422945353080e-08,1.422945353080e-08,1.422945353580e-08
2.037000000000e+01,1.415859892307e-08,1.415859892307e-08,1.415859893290e-08
2.037500000000e+01,1.408809209127e-08,1.408809209127e-08,1.408809208464e-08
2.038000000000e+01,1.401793157461e-08,1.401793157461e-08,1.401793155632e-08
2.038500000000e+01,1.394811590622e-08,1.394811590622e-08,1.394811591445e-08
2.039000000000e+01,1.387864361386e-08,1.387864361386e-08,1.387864358334e-08
2.039500000000e+01,1.380951322055e-08,1.380951322055e-08,1.380951323399e-08
2.040000000000e+01,1.374072324519e-08,1.374072324519e-08,1.374072325076e-08
2.040500000000e+01,1.367227220312e-08,1.367227220312e-08,1.367227221896e-08
2.041000000000e+01,1.360415860671e-08,1.360415860671e-08,1.360415859408e-08
2.041500000000e+01,1.353638096583e-08,1.353638096583e-08,1.353638094567e-08
2.042000000000e+01,1.346893778840e-08,1.346893778840e-08,1.346893779309e-08
2.042500000000e+01,1.340182758084e-08,1.340182758084e-08,1.340182758669e-08
2.043000000000e+01,1.333504884846e-08,1.333504884846e-08,1.333504881441e-08
2.043500000000e+01,1.326860009598e-08,1.326860009598e-08,1.326860007719e-08
2.044000000000e+01,1.320247982784e-08,1.320247982784e-08,1.320247982050e-08
2.044500000000e+01,1.313668654863e-08,1.313668654863e-08,1.313668654801e-08
2.045000000000e+01,1.307121876343e-08,1.307121876343e-08,1.307121876410e-08
2.045500000000e+01,1.300607497813e-08,1.300607497813e-08,1.300607497290e-08
2.046000000000e+01,1.294125369977e-08,1.294125369977e-08,1.294125371076e-08
2.046500000000e+01,1.287675343686e-08,1.287675343686e-08,1.287675345674e-08
2.047000000000e+01,1.281257269961e-08,1.281257269961e-08,1.281257269707e-08
2.047500000000e+01,1.274871000025e-08,1.274871000025e-08,1.274870999912e-08
2.048000000000e+01,1.268516385327e-08,1.268516385327e-08,1.268516384782e-08
2.048500000000e+01,1.262193277565e-08,1.262193277565e-08,1.262193278423e-08
2.049000000000e+01,1.255901528709e-08,1.255901528709e-08,1.255901531288e-08
2.049500000000e+01,1.249640991024e-08,1.249640991024e-08,1.249640988847e-08
2.050000000000e+01,1.243411517089e-08,1.243411517089e-08,1.243411517710e-08
2.050500000000e+01,1.237212959815e-08,1.237212959815e-08,1.237212960573e-08
2.051000000000e+01,1.231045172466e-08,1.231045172466e-08,1.231045168408e-08
2.051500000000e+01,1.224908008672e-08,1.224908008672e-08,1.224908007543e-08
2.052000000000e+01,1.218801322449e-08,1.218801322449e-08,1.218801319480e-08
2.052500000000e+01,1.212724968209e-08,1.212724968209e-08,1.212724966474e-08
2.053000000000e+01,1.206678800780e-08,1.206678800780e-08,1.206678801742e-08
2.053500000000e+01,1.200662675414e-08,1.200662675414e-08,1.200662676059e-08
2.054000000000e+01,1.194676447803e-08,1.194676447803e-08,1.194676448754e-08
2.054500000000e+01,1.188719974088e-08,1.188719974088e-08,1.188719976694e-08
2.055000000000e+01,1.182793110872e-08,1.182793110872e-08,1.182793108403e-08
2.055500000000e+01,1.176895715229e-08,1.176895715229e-08,1.176895715789e-08
2.056000000000e+01,1.171027644714e-08,1.171027644714e-08,1.171027646393e-08
2.056500000000e+01,1.165188757372e-08,1.165188757372e-08,1.165188758523e-08
2.057000000000e+01,1.159378911744e-08,1.159378911744e-08,1.159378910188e-08
2.057500000000e+01,1.153597966881e-08,1.153597966881e-08,1.153597965609e-08
2.058000000000e+01,1.147845782342e-08,1.147845782342e-08,1.147845782901e-08
2.058500000000e+01,1.142122218210e-08,1.142122218210e-08,1.142122220795e-08
2.059000000000e+01,1.136427135091e-08,1.136427135091e-08,1.136427131936e-08
2.059500000000e+01,1.130760394126e-08,1.130760394126e-08,1.130760394479e-08
2.060000000000e+01,1.125121856990e-08,1.125121856990e-08,1.125121855851e-08
2.060500000000e+01,1.119511385900e-08,1.119511385900e-08,1.119511384858e-08
2.061000000000e+01,1.113928843622e-08,1.113928843622e-08,1.113928843046e-08
2.061500000000e+01,1.108374093471e-08,1.108374093471e-08,1.108374096627e-08
2.062000000000e+01,1.102846999316e-08,1.102846999316e-08,1.102847000029e-08
2.062500000000e+01,1.097347425584e-08,1.097347425584e-08,1.097347428756e-08
2.063000000000e+01,1.091875237265e-08,1.091875237265e-08,1.091875239078e-08
2.063500000000e+01,1.086430299910e-08,1.086430299910e-08,1.086430303167e-08
2.064000000000e+01,1.081012479637e-08,1.081012479637e-08,1.081012482556e-08
2.064500000000e+01,1.075621643133e-08,1.075621643133e-08,1.075621643816e-08
2.065000000000e+01,1.070257657657e-08,1.070257657657e-08,1.070257656245e-08
2.065500000000e+01,1.064920391038e-08,1.064920391038e-08,1.064920392103e-08
2.066000000000e+01,1.059609711680e-08,1.059609711680e-08,1.059609710882e-08
2.066500000000e+01,1.054325488562e-08,1.054325488562e-08,1.054325489675e-08
2.067000000000e+01,1.049067591239e-08,1.049067591239e-08,1.049067589766e-08
2.067500000000e+01,1.043835889843e-08,1.043835889843e-08,1.043835889316e-08
2.068000000000e+01,1.038630255084e-08,1.038630255084e-08,1.038630255666e-08
2.068500000000e+01,1.033450558252e-08,1.033450558252e-08,1.033450557766e-08
2.069000000000e+01,1.028296671212e-08,1.028296671212e-08,1.028296671260e-08
2.069500000000e+01,1.023168466413e-08,1.023168466413e-08,1.023168468077e-08
2.070000000000e+01,1.018065816877e-08,1.018065816877e-08,1.018065815525e-08
2.070500000000e+01,1.012988596211e-08,1.012988596211e-08,1.012988600295e-08
2.071000000000e+01,1.007936678595e-08,1.007936678595e-08,1.007936677609e-08
2.071500000000e+01,1.002909938792e-08,1.002909938792e-08,1.002909940525e-08
2.072000000000e+01,9.979082521394e-09,9.979082521394e-09,9.979082542547e-09
2.072500000000e+01,9.929314945537e-09,9.929314945537e-09,9.929314976173e-09
2.073000000000e+01,9.879795425272e-09,9.879795425272e-09,9.879795446527e-09
2.073500000000e+01,9.830522731279e-09,9.830522731279e-09,9.830522745351e-09
2.074000000000e+01,9.781495639987e-09,9.781495639987e-09,9.781495667199e-09
2.074500000000e+01,9.732712933562e-09,9.732712933562e-09,9.732712967529e-09
2.075000000000e+01,9.684173399898e-09,9.684173399898e-09,9.684173397565e-09
2.075500000000e+01,9.635875832603e-09,9.635875832603e-09,9.635875830707e-09
2.076000000000e+01,9.587819030989e-09,9.587819030989e-09,9.587819049209e-09
2.076500000000e+01,9.540001800057e-09,9.540001800057e-09,9.540001791836e-09
2.077000000000e+01,9.492422950484e-09,9.492422950484e-09,9.492422958102e-09
2.077500000000e+01,9.445081298610e-09,9.445081298610e-09,9.445081308092e-09
2.078000000000e+01,9.397975666420e-09,9.397975666420e-09,9.397975683101e-09
2.078500000000e+01,9.351104881529e-09,9.351104881529e-09,9.351104901868e-09
2.079000000000e+01,9.304467777170e-09,9.304467777170e-09,9.304467790070e-09
2.079500000000e+01,9.258063192170e-09,9.258063192170e-09,9.258063208129e-09
2.080000000000e+01,9.211889970939e-09,9.211889970939e-09,9.211889988373e-09
2.080500000000e+01,9.165946963452e-09,9.165946963452e-09,9.165946978945e-09
2.081000000000e+01,9.120233025225e-09,9.120233025225e-09,9.120233031845e-09
2.081500000000e+01,9.074747017305e-09,9.074747017305e-09,9.074747041812e-09
2.082000000000e+01,9.029487806246e-09,9.029487806246e-09,9.029487825833e-09
2.082500000000e+01,8.984454264089e-09,8.984454264089e-09,8.984454286868e-09
2.083000000000e+01,8.939645268349e-09,8.939645268349e-09,8.939645261984e-09
2.083500000000e+01,8.895059701987e-09,8.895059701987e-09,8.895059722403e-09
2.084000000000e+01,8.850696453396e-09,8.850696453396e-09,8.850696455076e-09
2.084500000000e+01,8.806554416381e-09,8.806554416381e-09,8.806554412246e-09
2.085000000000e+01,8.762632490132e-09,8.762632490132e-09,8.762632538205e-09
2.085500000000e+01,8.718929579212e-09,8.718929579212e-09,8.718929629609e-09
2.086000000000e+01,8.675444593529e-09,8.675444593529e-09,8.675444613960e-09
2.086500000000e+01,8.632176448320e-09,8.632176448320e-09,8.632176498933e-09
2.087000000000e+01,8.589124064127e-09,8.589124064127e-09,8.589124089458e-09
2.087500000000e+01,8.546286366777e-09,8.546286366777e-09,8.546286414032e-09
2.088000000000e+01,8.503662287359e-09,8.503662287359e-09,8.503662326052e-09
2.088500000000e+01,8.461250762203e-09,8.461250762203e-09,8.461250817588e-09
2.089000000000e+01,8.419050732860e-09,8.419050732860e-09,8.419050765279e-09
2.089500000000e+01,8.377061146078e-09,8.377061146078e-09,8.377061174977e-09
2.090000000000e+01,8.335280953779e-09,8.335280953779e-09,8.335280997751e-09
2.090500000000e+01,8.293709113042e-09,8.293709113042e-09,8.293709160230e-09
2.091000000000e+01,8.252344586074e-09,8.252344586074e-09,8.252344587186e-09
2.091500000000e+01,8.211186340194e-09,8.211186340194e-09,8.211186357393e-09
2.092000000000e+01,8.170233347807e-09,8.170233347807e-09,8.170233359966e-09
2.092500000000e+01,8.129484586384e-09,8.129484586384e-09,8.129484608738e-09
2.093000000000e+01,8.088939038435e-09,8.088939038435e-09,8.088939075773e-09
2.093500000000e+01,8.048595691495e-09,8.048595691495e-09,8.048595744618e-09
2.094000000000e+01,8.008453538094e-09,8.008453538094e-09,8.008453560394e-09
2.094500000000e+01,7.968511575738e-09,7.968511575738e-09,7.968511624853e-09
2.095000000000e+01,7.928768806885e-09,7.928768806885e-09,7.928768836749e-09
2.095500000000e+01,7.889224238926e-09,7.889224238926e-09,7.889224276561e-09
2.096000000000e+01,7.849876884158e-09,7.849876884158e-09,7.849876922266e-09
2.096500000000e+01,7.810725759763e-09,7.810725759763e-09,7.810725773649e-09
2.097000000000e+01,7.771769887791e-09,7.771769887791e-09,7.771769908835e-09
2.097500000000e+01,7.733008295127e-09,7.733008295127e-09,7.733008324100e-09
2.098000000000e+01,7.694440013478e-09,7.694440013478e-09,7.694440040799e-09
2.098500000000e+01,7.656064079348e-09,7.656064079348e-09,7.656064118514e-09
2.099000000000e+01,7.617879534013e-09,7.617879534013e-09,7.617879540542e-09
2.099500000000e+01,7.579885423501e-09,7.579885423501e-09,7.579885450110e-09
2.100000000000e+01,7.542080798571e-09,7.542080798571e-09,7.542080795414e-09
2.100500000000e+01,7.504464714687e-09,7.504464714687e-09,7.504464735593e-09
2.101000000000e+01,7.467036232000e-09,7.467036232000e-09,7.467036257281e-09
2.101500000000e+01,7.429794415323e-09,7.429794415323e-09,7.429794461566e-09
2.102000000000e+01,7.392738334110e-09,7.392738334110e-09,7.392738347160e-09
2.102500000000e+01,7.355867062434e-09,7.355867062434e-09,7.355867100447e-09
2.103000000000e+01,7.319179678966e-09,7.319179678966e-09,7.319179676536e-09
2.103500000000e+01,7.282675266951e-09,7.282675266951e-09,7.282675288379e-09
2.104000000000e+01,7.246352914187e-09,7.246352914187e-09,7.246352946937e-09
2.104500000000e+01,7.210211713004e-09,7.210211713004e-09,7.210211747351e-09
2.105000000000e+01,7.174250760243e-09,7.174250760243e-09,7.174250770424e-09
2.105500000000e+01,7.138469157229e-09,7.138469157229e-09,7.138469193508e-09
2.106000000000e+01,7.102866009759e-09,7.102866009759e-09,7.102866051189e-09
2.106500000000e+01,7.067440428071e-09,7.067440428071e-09,7.067440471277e-09
2.107000000000e+01,7.032191526828e-09,7.032191526828e-09,7.032191541428e-09
2.107500000000e+01,6.997118425095e-09,6.997118425095e-09,6.997118442896e-09
2.108000000000e+01,6.962220246318e-09,6.962220246318e-09,6.962220258055e-09
2.108500000000e+01,6.927496118303e-09,6.927496118303e-09,6.927496119695e-09
2.109000000000e+01,6.892945173193e-09,6.892945173193e-09,6.892945195825e-09
2.109500000000e+01,6.858566547451e-09,6.858566547451e-09,6.858566561694e-09
2.110000000000e+01,6.824359381833e-09,6.824359381833e-09,6.824359409202e-09
2.110500000000e+01,6.790322821374e-09,6.790322821374e-09,6.790322864850e-09
2.111000000000e+01,6.756456015362e-09,6.756456015362e-09,6.756456040816e-09
2.111500000000e+01,6.722758117319e-09,6.722758117319e-09,6.722758126468e-09
2.112000000000e+01,6.689228284979e-09,6.689228284979e-09,6.689228304578e-09
2.112500000000e+01,6.655865680272e-09,6.655865680272e-09,6.655865687019e-09
2.113000000000e+01,6.622669469297e-09,6.622669469297e-09,6.622669485671e-09
2.113500000000e+01,6.589638822305e-09,6.589638822305e-09,6.589638851666e-09
2.114000000000e+01,6.556772913681e-09,6.556772913681e-09,6.556772933934e-09
2.114500000000e+01,6.524070921919e-09,6.524070921919e-09,6.524070945531e-09
2.115000000000e+01,6.491532029603e-09,6.491532029603e-09,6.491532012658e-09
2.115500000000e+01,6.459155423389e-09,6.459155423389e-09,6.459155433024e-09
2.116000000000e+01,6.426940293986e-09,6.426940293986e-09,6.426940275948e-09
2.116500000000e+01,6.394885836129e-09,6.394885836129e-09,6.394885845954e-09
2.117000000000e+01,6.362991248569e-09,6.362991248569e-09,6.362991267689e-09
2.117500000000e+01,6.331255734044e-09,6.331255734044e-09,6.331255777392e-09
2.118000000000e+01,6.299678499268e-09,6.299678499268e-09,6.299678515025e-09
2.118500000000e+01,6.268258754904e-09,6.268258754904e-09,6.268258807793e-09
2.119000000000e+01,6.236995715547e-09,6.236995715547e-09,6.236995728042e-09
2.119500000000e+01,6.205888599708e-09,6.205888599708e-09,6.205888627496e-09
2.120000000000e+01,6.174936629791e-09,6.174936629791e-09,6.174936661239e-09
2.120500000000e+01,6.144139032072e-09,6.144139032072e-09,6.144139037293e-09
2.121000000000e+01,6.113495036686e-09,6.113495036686e-09,6.113495039357e-09
2.121500000000e+01,6.083003877602e-09,6.083003877602e-09,6.083003886850e-09
2.122000000000e+01,6.052664792609e-09,6.052664792609e-09,6.052664796534e-09
2.122500000000e+01,6.022477023290e-09,6.022477023290e-09,6.022477066147e-09
2.123000000000e+01,5.992439815014e-09,5.992439815014e-09,5.992439795330e-09
2.123500000000e+01,5.962552416905e-09,5.962552416905e-09,5.962552429285e-09
2.124000000000e+01,5.932814081833e-09,5.932814081833e-09,5.932814077397e-09
2.124500000000e+01,5.903224066390e-09,5.903224066390e-09,5.903224076236e-09
2.125000000000e+01,5.873781630877e-09,5.873781630877e-09,5.873781623720e-09
2.125500000000e+01,5.844486039276e-09,5.844486039276e-09,5.844486053963e-09
2.126000000000e+01,5.815336559244e-09,5.815336559244e-09,5.815336555169e-09
2.126500000000e+01,5.786332462085e-09,5.786332462085e-09,5.786332464017e-09
2.127000000000e+01,5.757473022735e-09,5.757473022735e-09,5.757473055273e-09
2.127500000000e+01,5.728757519747e-09,5.728757519747e-09,5.728757503101e-09
2.128000000000e+01,5.700185235268e-09,5.700185235268e-09,5.700185246445e-09
2.128500000000e+01,5.671755455026e-09,5.671755455026e-09,5.671755438337e-09
2.129000000000e+01,5.643467468309e-09,5.643467468309e-09,5.643467435274e-09
2.129500000000e+01,5.615320567946e-09,5.615320567946e-09,5.615320573677e-09
2.130000000000e+01,5.587314050296e-09,5.587314050296e-09,5.587314046382e-09
2.130500000000e+01,5.559447215222e-09,5.559447215222e-09,5.559447197741e-09
2.131000000000e+01,5.531719366079e-09,5.531719366079e-09,5.531719334901e-09
2.131500000000e+01,5.504129809697e-09,5.504129809697e-09,5.504129815122e-09
2.132000000000e+01,5.476677856359e-09,5.476677856359e-09,5.476677814555e-09
2.132500000000e+01,5.449362819790e-09,5.449362819790e-09,5.449362803886e-09
2.133000000000e+01,5.422184017135e-09,5.422184017135e-09,5.422184000742e-09
2.133500000000e+01,5.395140768943e-09,5.395140768943e-09,5.395140727589e-09
2.134000000000e+01,5.368232399152e-09,5.368232399152e-09,5.368232374962e-09
2.134500000000e+01,5.341458235072e-09,5.341458235072e-09,5.341458264470e-09
2.135000000000e+01,5.314817607365e-09,5.314817607365e-09,5.314817614048e-09
2.135500000000e+01,5.288309850031e-09,5.288309850031e-09,5.288309816147e-09
2.136000000000e+01,5.261934300393e-09,5.261934300393e-09,5.261934304563e-09
2.136500000000e+01,5.235690299076e-09,5.235690299076e-09,5.235690285856e-09
2.137000000000e+01,5.209577189994e-09,5.209577189994e-09,5.209577204863e-09
2.137500000000e+01,5.183594320332e-09,5.183594320332e-09,5.183594346178e-09
2.138000000000e+01,5.157741040530e-09,5.157741040530e-09,5.157741028747e-09
2.138500000000e+01,5.132016704269e-09,5.132016704269e-09,5.132016759362e-09
2.139000000000e+01,5.106420668451e-09,5.106420668451e-09,5.106420622831e-09
2.139500000000e+01,5.080952293185e-09,5.080952293185e-09,5.080952294319e-09
2.140000000000e+01,5.055610941773e-09,5.055610941773e-09,5.055610899623e-09
2.140500000000e+01,5.030395980689e-09,5.030395980689e-09,5.030395979589e-09
2.141000000000e+01,5.005306779568e-09,5.005306779568e-09,5.005306807435e-09
2.141500000000e+01,4.980342711190e-09,4.980342711190e-09,4.980342714862e-09
2.142000000000e+01,4.955503151459e-09,4.955503151459e-09,4.955503081644e-09
2.142500000000e+01,4.930787479395e-09,4.930787479395e-09,4.930787514802e-09
2.143000000000e+01,4.906195077113e-09,4.906195077113e-09,4.906195102596e-09
2.143500000000e+01,4.881725329809e-09,4.881725329809e-09,4.881725337837e-09
2.144000000000e+01,4.857377625745e-09,4.857377625745e-09,4.857377641327e-09
2.144500000000e+01,4.833151356236e-09,4.833151356236e-09,4.833151336446e-09
2.145000000000e+01,4.809045915630e-09,4.809045915630e-09,4.809045912958e-09
2.145500000000e+01,4.785060701295e-09,4.785060701295e-09,4.785060754148e-09
2.146000000000e+01,4.761195113608e-09,4.761195113608e-09,4.761195119605e-09
2.146500000000e+01,4.737448555932e-09,4.737448555932e-09,4.737448558602e-09
2.147000000000e+01,4.713820434607e-09,4.713820434607e-09,4.713820425419e-09
2.147500000000e+01,4.690310158936e-09,4.690310158936e-09,4.690310169197e-09
2.148000000000e+01,4.666917141165e-09,4.666917141165e-09,4.666917094605e-09
2.148500000000e+01,4.643640796472e-09,4.643640796472e-09,4.643640805818e-09
2.149000000000e+01,4.620480542951e-09,4.620480542951e-09,4.620480539706e-09
2.149500000000e+01,4.597435801601e-09,4.597435801601e-09,4.597435801009e-09
2.150000000000e+01,4.574505996304e-09,4.574505996304e-09,4.574506019284e-09
2.150500000000e+01,4.551690553819e-09,4.551690553819e-09,4.551690599161e-09
2.151000000000e+01,4.528988903761e-09,4.528988903761e-09,4.528988915876e-09
2.151500000000e+01,4.506400478593e-09,4.506400478593e-09,4.506400526029e-09
2.152000000000e+01,4.483924713606e-09,4.483924713606e-09,4.483924680984e-09
2.152500000000e+01,4.461561046908e-09,4.461561046908e-09,4.461561069303e-09
2.153000000000e+01,4.439308919408e-09,4.439308919408e-09,4.439308921395e-09
2.153500000000e+01,4.417167774806e-09,4.417167774806e-09,4.417167776807e-09
2.154000000000e+01,4.395137059574e-09,4.395137059574e-09,4.395137088722e-09
2.154500000000e+01,4.373216222946e-09,4.373216222946e-09,4.373216208414e-09
2.155000000000e+01,4.351404716903e-09,4.351404716903e-09,4.351404726059e-09
2.155500000000e+01,4.329701996158e-09,4.329701996158e-09,4.329702002809e-09
2.156000000000e+01,4.308107518144e-09,4.308107518144e-09,4.308107537661e-09
2.156500000000e+01,4.286620743001e-09,4.286620743001e-09,4.286620750552e-09
2.157000000000e+01,4.265241133559e-09,4.265241133559e-09,4.265241136347e-09
2.157500000000e+01,4.243968155330e-09,4.243968155330e-09,4.243968135509e-09
2.158000000000e+01,4.222801276489e-09,4.222801276489e-09,4.222801263150e-09
2.158500000000e+01,4.201739967866e-09,4.201739967866e-09,4.201739975296e-09
2.159000000000e+01,4.180783702929e-09,4.180783702929e-09,4.180783714316e-09
2.159500000000e+01,4.159931957770e-09,4.159931957770e-09,4.159931893517e-09
2.160000000000e+01,4.139184211098e-09,4.139184211098e-09,4.139184281045e-09
2.160500000000e+01,4.118539944218e-09,4.118539944218e-09,4.118539924231e-09
2.161000000000e+01,4.097998641024e-09,4.097998641024e-09,4.097998665488e-09
2.161500000000e+01,4.077559787985e-09,4.077559787985e-09,4.077559782477e-09
2.162000000000e+01,4.057222874128e-09,4.057222874128e-09,4.057222923548e-09
2.162500000000e+01,4.036987391031e-09,4.036987391031e-09,4.036987436544e-09
2.163000000000e+01,4.016852832808e-09,4.016852832808e-09,4.016852835096e-09
2.163500000000e+01,3.996818696093e-09,3.996818696093e-09,3.996818766103e-09
2.164000000000e+01,3.976884480034e-09,3.976884480034e-09,3.976884488887e-09
2.164500000000e+01,3.957049686276e-09,3.957049686276e-09,3.957049710124e-09
2.165000000000e+01,3.937313818948e-09,3.937313818948e-09,3.937313820116e-09
2.165500000000e+01,3.917676384653e-09,3.917676384653e-09,3.917676373488e-09
2.166000000000e+01,3.898136892456e-09,3.898136892456e-09,3.898136908261e-09
2.166500000000e+01,3.878694853868e-09,3.878694853868e-09,3.878694912238e-09
2.167000000000e+01,3.859349782840e-09,3.859349782840e-09,3.859349831146e-09
2.167500000000e+01,3.840101195742e-09,3.840101195742e-09,3.840101142225e-09
2.168000000000e+01,3.820948611362e-09,3.820948611362e-09,3.820948608268e-09
2.168500000000e+01,3.801891550883e-09,3.801891550883e-09,3.801891572114e-09
2.169000000000e+01,3.782929537879e-09,3.782929537879e-09,3.782929512694e-09
2.169500000000e+01,3.764062098299e-09,3.764062098299e-09,3.764062133625e-09
2.170000000000e+01,3.745288760456e-09,3.745288760456e-09,3.745288767410e-09
2.170500000000e+01,3.726609055017e-09,3.726609055017e-09,3.726609133012e-09
2.171000000000e+01,3.708022514989e-09,3.708022514989e-09,3.708022588252e-09
2.171500000000e+01,3.689528675707e-09,3.689528675707e-09,3.689528694766e-09
2.172000000000e+01,3.671127074826e-09,3.671127074826e-09,3.671127123707e-09
2.172500000000e+01,3.652817252304e-09,3.652817252304e-09,3.652817256297e-09
2.173000000000e+01,3.634598750395e-09,3.634598750395e-09,3.634598784959e-09
2.173500000000e+01,3.616471113637e-09,3.616471113637e-09,3.616471176830e-09
2.174000000000e+01,3.598433888838e-09,3.598433888838e-09,3.598433961418e-09
2.174500000000e+01,3.580486625067e-09,3.580486625067e-09,3.580486677290e-09
2.175000000000e+01,3.562628873641e-09,3.562628873641e-09,3.562628893228e-09
2.175500000000e+01,3.544860188116e-09,3.544860188116e-09,3.544860199140e-09
2.176000000000e+01,3.527180124274e-09,3.527180124274e-09,3.527180155441e-09
2.176500000000e+01,3.509588240114e-09,3.509588240114e-09,3.509588249866e-09
2.177000000000e+01,3.492084095837e-09,3.492084095837e-09,3.492084162455e-09
2.177500000000e+01,3.474706458136e-09,3.474706458136e-09,3.474706546129e-09
2.178000000000e+01,3.457413579744e-09,3.457413579744e-09,3.457413593356e-09
2.178500000000e+01,3.440205131172e-09,3.440205131172e-09,3.440205203075e-09
2.179000000000e+01,3.423080780028e-09,3.423080780028e-09,3.423080783927e-09
2.179500000000e+01,3.406040191250e-09,3.406040191250e-09,3.406040184623e-09
2.180000000000e+01,3.389083027334e-09,3.389083027334e-09,3.389082999791e-09
2.180500000000e+01,3.372208948542e-09,3.372208948542e-09,3.372208948219e-09
2.181000000000e+01,3.355417613110e-09,3.355417613110e-09,3.355417646743e-09
2.181500000000e+01,3.338708677434e-09,3.338708677434e-09,3.338708735613e-09
2.182000000000e+01,3.322081796257e-09,3.322081796257e-09,3.322081811238e-09
2.182500000000e+01,3.305536622838e-09,3.305536622838e-09,3.305536651950e-09
2.183000000000e+01,3.289072809116e-09,3.289072809116e-09,3.289072773424e-09
2.183500000000e+01,3.272690005868e-09,3.272690005868e-09,3.272689998877e-09
2.184000000000e+01,3.256387862853e-09,3.256387862853e-09,3.256387824476e-09
2.184500000000e+01,3.240166028953e-09,3.240166028953e-09,3.240166052856e-09
2.185000000000e+01,3.224024152305e-09,3.224024152305e-09,3.224024156815e-09
2.185500000000e+01,3.207961880429e-09,3.207961880429e-09,3.207961877841e-09
2.186000000000e+01,3.191978860342e-09,3.191978860342e-09,3.191978887954e-09
2.186500000000e+01,3.176074738675e-09,3.176074738675e-09,3.176074822310e-09
2.187000000000e+01,3.160249161775e-09,3.160249161775e-09,3.160249170196e-09
2.187500000000e+01,3.144501775812e-09,3.144501775812e-09,3.144501744487e-09
2.188000000000e+01,3.128832226872e-09,3.128832226872e-09,3.128832244298e-09
2.188500000000e+01,3.113240161045e-09,3.113240161045e-09,3.113240157044e-09
2.189000000000e+01,3.097725224514e-09,3.097725224514e-09,3.097725272838e-09
2.189500000000e+01,3.082287063636e-09,3.082287063636e-09,3.082287051687e-09
2.190000000000e+01,3.066925325017e-09,3.066925325017e-09,3.066925326637e-09
2.190500000000e+01,3.051639655586e-09,3.051639655586e-09,3.051639653821e-09
2.191000000000e+01,3.036429702663e-09,3.036429702663e-09,3.036429767961e-09
2.191500000000e+01,3.021295114024e-09,3.021295114024e-09,3.021295073845e-09
2.192000000000e+01,3.006235537963e-09,3.006235537963e-09,3.006235560974e-09
2.192500000000e+01,2.991250623347e-09,2.991250623347e-09,2.991250666793e-09
2.193000000000e+01,2.976340019675e-09,2.976340019675e-09,2.976340010083e-09
2.193500000000e+01,2.961503377126e-09,2.961503377126e-09,2.961503377074e-09
2.194000000000e+01,2.946740346611e-09,2.946740346611e-09,2.946740355391e-09
2.194500000000e+01,2.932050579814e-09,2.932050579814e-09,2.932050614281e-09
2.195000000000e+01,2.917433729240e-09,2.917433729240e-09,2.917433733379e-09
2.195500000000e+01,2.902889448253e-09,2.902889448253e-09,2.902889454390e-09
2.196000000000e+01,2.888417391116e-09,2.888417391116e-09,2.888417413693e-09
2.196500000000e+01,2.874017213023e-09,2.874017213023e-09,2.874017200822e-09
2.197000000000e+01,2.859688570141e-09,2.859688570141e-09,2.859688544094e-09
2.197500000000e+01,2.845431119632e-09,2.845431119632e-09,2.845431101845e-09
2.198000000000e+01,2.831244519690e-09,2.831244519690e-09,2.831244506759e-09
2.198500000000e+01,2.817128429566e-09,2.817128429566e-09,2.817128508766e-09
2.199000000000e+01,2.803082509597e-09,2.803082509597e-09,2.803082513559e-09
2.199500000000e+01,2.789106421226e-09,2.789106421226e-09,2.789106431737e-09
2.200000000000e+01,2.775199827028e-09,2.775199827028e-09,2.775199837379e-09
2.200500000000e+01,2.761362390733e-09,2.761362390733e-09,2.761362427988e-09
2.201000000000e+01,2.747593777242e-09,2.747593777242e-09,2.747593798515e-09
2.201500000000e+01,2.733893652650e-09,2.733893652650e-09,2.733893630087e-09
2.202000000000e+01,2.720261684260e-09,2.720261684260e-09,2.720261708878e-09
2.202500000000e+01,2.706697540600e-09,2.706697540600e-09,2.706697558558e-09
2.203000000000e+01,2.693200891441e-09,2.693200891441e-09,2.693200896824e-09
2.203500000000e+01,2.679771407807e-09,2.679771407807e-09,2.679771417333e-09
2.204000000000e+01,2.666408761989e-09,2.666408761989e-09,2.666408807578e-09
2.204500000000e+01,2.653112627559e-09,2.653112627559e-09,2.653112670760e-09
2.205000000000e+01,2.639882679378e-09,2.639882679378e-09,2.639882710133e-09
2.205500000000e+01,2.626718593607e-09,2.626718593607e-09,2.626718605126e-09
2.206000000000e+01,2.613620047717e-09,2.613620047717e-09,2.613620023040e-09
2.206500000000e+01,2.600586720498e-09,2.600586720498e-09,2.600586793786e-09
2.207000000000e+01,2.587618292065e-09,2.587618292065e-09,2.587618350778e-09
2.207500000000e+01,2.574714443863e-09,2.574714443863e-09,2.574714474379e-09
2.208000000000e+01,2.561874858679e-09,2.561874858679e-09,2.561874914522e-09
2.208500000000e+01,2.549099220642e-09,2.549099220642e-09,2.549099254377e-09
2.209000000000e+01,2.536387215231e-09,2.536387215231e-09,2.536387259725e-09
2.209500000000e+01,2.523738529277e-09,2.523738529277e-09,2.523738574970e-09
2.210000000000e+01,2.511152850969e-09,2.511152850969e-09,2.511152885644e-09
2.210500000000e+01,2.498629869856e-09,2.498629869856e-09,2.498629913571e-09
2.211000000000e+01,2.486169276851e-09,2.486169276851e-09,2.486169269905e-09
2.211500000000e+01,2.473770764231e-09,2.473770764231e-09,2.473770774743e-09
2.212000000000e+01,2.461434025640e-09,2.461434025640e-09,2.461433994866e-09
2.212500000000e+01,2.449158756091e-09,2.449158756091e-09,2.449158766418e-09
2.213000000000e+01,2.436944651967e-09,2.436944651967e-09,2.436944683906e-09
2.213500000000e+01,2.424791411019e-09,2.424791411019e-09,2.424791408794e-09
2.214000000000e+01,2.412698732369e-09,2.412698732369e-09,2.412698753404e-09
2.214500000000e+01,2.400666316510e-09,2.400666316510e-09,2.400666364989e-09
2.215000000000e+01,2.388693865304e-09,2.388693865304e-09,2.388693854955e-09
2.215500000000e+01,2.376781081981e-09,2.376781081981e-09,2.376781099692e-09
2.216000000000e+01,2.364927671139e-09,2.364927671139e-09,2.364927624469e-09
2.216500000000e+01,2.353133338743e-09,2.353133338743e-09,2.353133360516e-09
2.217000000000e+01,2.341397792123e-09,2.341397792123e-09,2.341397801482e-09
2.217500000000e+01,2.329720739970e-09,2.329720739970e-09,2.329720697929e-09
2.218000000000e+01,2.318101892337e-09,2.318101892337e-09,2.318101929052e-09
2.218500000000e+01,2.306540960637e-09,2.306540960637e-09,2.306540984767e-09
2.219000000000e+01,2.295037657638e-09,2.295037657638e-09,2.295037651540e-09
2.219500000000e+01,2.283591697459e-09,2.283591697459e-09,2.283591682289e-09
2.220000000000e+01,2.272202795573e-09,2.272202795573e-09,2.272202784835e-09
2.220500000000e+01,2.260870668799e-09,2.260870668799e-09,2.260870671009e-09
2.221000000000e+01,2.249595035299e-09,2.249595035299e-09,2.249595015456e-09
2.221500000000e+01,2.238375614578e-09,2.238375614578e-09,2.238375591556e-09
2.222000000000e+01,2.227212127477e-09,2.227212127477e-09,2.227212106470e-09
2.222500000000e+01,2.216104296170e-09,2.216104296170e-09,2.216104327286e-09
2.223000000000e+01,2.205051844163e-09,2.205051844163e-09,2.205051856043e-09
2.223500000000e+01,2.194054496285e-09,2.194054496285e-09,2.194054485571e-09
2.224000000000e+01,2.183111978689e-09,2.183111978689e-09,2.183111962519e-09
2.224500000000e+01,2.172224018845e-09,2.172224018845e-09,2.172224037000e-09
2.225000000000e+01,2.161390345537e-09,2.161390345537e-09,2.161390332852e-09
2.225500000000e+01,2.150610688859e-09,2.150610688859e-09,2.150610672828e-09
2.226000000000e+01,2.139884780206e-09,2.139884780206e-09,2.139884798904e-09
2.226500000000e+01,2.129212352278e-09,2.129212352278e-09,2.129212387380e-09
2.227000000000e+01,2.118593139069e-09,2.118593139069e-09,2.118593160700e-09
2.227500000000e+01,2.108026875863e-09,2.108026875863e-09,2.108026914135e-09
2.228000000000e+01,2.097513299231e-09,2.097513299231e-09,2.097513285242e-09
2.228500000000e+01,2.087052147027e-09,2.087052147027e-09,2.087052177896e-09
2.229000000000e+01,2.076643158379e-09,2.076643158379e-09,2.076643143193e-09
2.229500000000e+01,2.066286073691e-09,2.066286073691e-09,2.066286055015e-09
2.230000000000e+01,2.055980634631e-09,2.055980634631e-09,2.055980633607e-09
2.230500000000e+01,2.045726584128e-09,2.045726584128e-09,2.045726605765e-09
2.231000000000e+01,2.035523666372e-09,2.035523666372e-09,2.035523663333e-09
2.231500000000e+01,2.025371626802e-09,2.025371626802e-09,2.025371624047e-09
2.232000000000e+01,2.015270212105e-09,2.015270212105e-09,2.015270191530e-09
2.232500000000e+01,2.005219170209e-09,2.005219170209e-09,2.005219180416e-09
2.233000000000e+01,1.995218250280e-09,1.995218250280e-09,1.995218264838e-09
2.233500000000e+01,1.985267202714e-09,1.985267202714e-09,1.985267222662e-09
2.234000000000e+01,1.975365779134e-09,1.975365779134e-09,1.975365792192e-09
2.234500000000e+01,1.965513732385e-09,1.965513732385e-09,1.965513734309e-09
2.235000000000e+01,1.955710816527e-09,1.955710816527e-09,1.955710800770e-09
2.235500000000e+01,1.945956786830e-09,1.945956786830e-09,1.945956752992e-09
2.236000000000e+01,1.936251399770e-09,1.936251399770e-09,1.936251382306e-09
2.236500000000e+01,1.926594413024e-09,1.926594413024e-09,1.926594440396e-09
2.237000000000e+01,1.916985585462e-09,1.916985585462e-09,1.916985585616e-09
2.237500000000e+01,1.907424677145e-09,1.907424677145e-09,1.907424682290e-09
2.238000000000e+01,1.897911449318e-09,1.897911449318e-09,1.897911399663e-09
2.238500000000e+01,1.888445664404e-09,1.888445664404e-09,1.888445718046e-09
2.239000000000e+01,1.879027086001e-09,1.879027086001e-09,1.879027089519e-09
2.239500000000e+01,1.869655478875e-09,1.869655478875e-09,1.869655467252e-09
2.240000000000e+01,1.860330608954e-09,1.860330608954e-09,1.860330602537e-09
2.240500000000e+01,1.851052243325e-09,1.851052243325e-09,1.851052246206e-09
2.241000000000e+01,1.841820150226e-09,1.841820150226e-09,1.841820163102e-09
2.241500000000e+01,1.832634099043e-09,1.832634099043e-09,1.832634117103e-09
2.242000000000e+01,1.823493860306e-09,1.823493860306e-09,1.823493847181e-09
2.242500000000e+01,1.814399205677e-09,1.814399205677e-09,1.814399248638e-09
2.243000000000e+01,1.805349907952e-09,1.805349907952e-09,1.805349893558e-09
2.243500000000e+01,1.796345741054e-09,1.796345741054e-09,1.796345720642e-09
2.244000000000e+01,1.787386480025e-09,1.787386480025e-09,1.787386481042e-09
2.244500000000e+01,1.778471901022e-09,1.778471901022e-09,1.778471936268e-09
2.245000000000e+01,1.769601781315e-09,1.769601781315e-09,1.769601800488e-09
2.245500000000e+01,1.760775899274e-09,1.760775899274e-09,1.760775927125e-09
2.246000000000e+01,1.751994034375e-09,1.751994034375e-09,1.751994034402e-09
2.246500000000e+01,1.743255967184e-09,1.743255967184e-09,1.743256011370e-09
2.247000000000e+01,1.734561479358e-09,1.734561479358e-09,1.734561476337e-09
2.247500000000e+01,1.725910353638e-09,1.725910353638e-09,1.725910361867e-09
2.248000000000e+01,1.717302373844e-09,1.717302373844e-09,1.717302325433e-09
2.248500000000e+01,1.708737324869e-09,1.708737324869e-09,1.708737317710e-09
2.249000000000e+01,1.700214992677e-09,1.700214992677e-09,1.700215001529e-09
2.249500000000e+01,1.691735164294e-09,1.691735164294e-09,1.691735158169e-09
2.250000000000e+01,1.683297627804e-09,1.683297627804e-09,1.683297606895e-09
2.250500000000e+01,1.674902172344e-09,1.674902172344e-09,1.674902204570e-09
2.251000000000e+01,1.666548588102e-09,1.666548588102e-09,1.666548545413e-09
2.251500000000e+01,1.658236666306e-09,1.658236666306e-09,1.658236657836e-09
2.252000000000e+01,1.649966199224e-09,1.649966199224e-09,1.649966207070e-09
2.252500000000e+01,1.641736980158e-09,1.641736980158e-09,1.641737003422e-09
2.253000000000e+01,1.633548803435e-09,1.633548803435e-09,1.633548772237e-09
2.253500000000e+01,1.625401464408e-09,1.625401464408e-09,1.625401480184e-09
2.254000000000e+01,1.617294759447e-09,1.617294759447e-09,1.617294767955e-09
2.254500000000e+01,1.609228485935e-09,1.609228485935e-09,1.609228496139e-09
2.255000000000e+01,1.601202442265e-09,1.601202442265e-09,1.601202443226e-09
2.255500000000e+01,1.593216427831e-09,1.593216427831e-09,1.593216435928e-09
2.256000000000e+01,1.585270243027e-09,1.585270243027e-09,1.585270233358e-09
2.256500000000e+01,1.577363689239e-09,1.577363689239e-09,1.577363713876e-09
2.257000000000e+01,1.569496568844e-09,1.569496568844e-09,1.569496586071e-09
2.257500000000e+01,1.561668685202e-09,1.561668685202e-09,1.561668684055e-09
2.258000000000e+01,1.553879842650e-09,1.553879842650e-09,1.553879837105e-09
2.258500000000e+01,1.546129846503e-09,1.546129846503e-09,1.546129840967e-09
2.259000000000e+01,1.538418503042e-09,1.538418503042e-09,1.538418477957e-09
2.259500000000e+01,1.530745619516e-09,1.530745619516e-09,1.530745649305e-09
2.260000000000e+01,1.523111004130e-09,1.523111004130e-09,1.523110995212e-09
2.260500000000e+01,1.515514466048e-09,1.515514466048e-09,1.515514483634e-09
2.261000000000e+01,1.507955815383e-09,1.507955815383e-09,1.507955781918e-09
2.261500000000e+01,1.500434863193e-09,1.500434863193e-09,1.500434861996e-09
2.262000000000e+01,1.492951421478e-09,1.492951421478e-09,1.492951404439e-09
2.262500000000e+01,1.485505303176e-09,1.485505303176e-09,1.485505340885e-09
2.263000000000e+01,1.478096322155e-09,1.478096322155e-09,1.478096320098e-09
2.263500000000e+01,1.470724293211e-09,1.470724293211e-09,1.470724313521e-09
2.264000000000e+01,1.463389032063e-09,1.463389032063e-09,1.463389001187e-09
2.264500000000e+01,1.456090355347e-09,1.456090355347e-09,1.456090369840e-09
2.265000000000e+01,1.448828080615e-09,1.448828080615e-09,1.448828107682e-09
2.265500000000e+01,1.441602026326e-09,1.441602026326e-09,1.441602020306e-09
2.266000000000e+01,1.434412011845e-09,1.434412011845e-09,1.434412037737e-09
2.266500000000e+01,1.427257857436e-09,1.427257857436e-09,1.427257864047e-09
2.267000000000e+01,1.420139384261e-09,1.420139384261e-09,1.420139351735e-09
2.267500000000e+01,1.413056414371e-09,1.413056414371e-09,1.413056407675e-09
2.268000000000e+01,1.406008770705e-09,1.406008770705e-09,1.406008770695e-09
2.268500000000e+01,1.398996277084e-09,1.398996277084e-09,1.398996301614e-09
2.269000000000e+01,1.392018758206e-09,1.392018758206e-09,1.392018750610e-09
2.269500000000e+01,1.385076039647e-09,1.385076039647e-09,1.385076075223e-09
2.270000000000e+01,1.378167947847e-09,1.378167947847e-09,1.378167949644e-09
2.270500000000e+01,1.371294310116e-09,1.371294310116e-09,1.371294343557e-09
2.271000000000e+01,1.364454954621e-09,1.364454954621e-09,1.364454957803e-09
2.271500000000e+01,1.357649710387e-09,1.357649710387e-09,1.357649758987e-09
2.272000000000e+01,1.350878407292e-09,1.350878407292e-09,1.350878358739e-09
2.272500000000e+01,1.344140876062e-09,1.344140876062e-09,1.344140858257e-09
2.273000000000e+01,1.337436948266e-09,1.337436948266e-09,1.337436914475e-09
2.273500000000e+01,1.330766456314e-09,1.330766456314e-09,1.330766475896e-09
2.274000000000e+01,1.324129233449e-09,1.324129233449e-09,1.324129197929e-09
2.274500000000e+01,1.317525113748e-09,1.317525113748e-09,1.317525135820e-09
2.275000000000e+01,1.310953932115e-09,1.310953932115e-09,1.310953922537e-09
2.275500000000e+01,1.304415524275e-09,1.304415524275e-09,1.304415528678e-09
2.276000000000e+01,1.297909726774e-09,1.297909726774e-09,1.297909708314e-09
2.276500000000e+01,1.291436376973e-09,1.291436376973e-09,1.291436407863e-09
2.277000000000e+01,1.284995313042e-09,1.284995313042e-09,1.284995303420e-09
2.277500000000e+01,1.278586373961e-09,1.278586373961e-09,1.278586398084e-09
2.278000000000e+01,1.272209399510e-09,1.272209399510e-09,1.272209407762e-09
2.278500000000e+01,1.265864230269e-09,1.265864230269e-09,1.265864289374e-09
2.279000000000e+01,1.259550707613e-09,1.259550707613e-09,1.259550726856e-09
2.279500000000e+01,1.253268673709e-09,1.253268673709e-09,1.253268713328e-09
2.280000000000e+01,1.247017971507e-09,1.247017971507e-09,1.247017963788e-09
2.280500000000e+01,1.240798444746e-09,1.240798444746e-09,1.240798448769e-09
2.281000000000e+01,1.234609937939e-09,1.234609937939e-09,1.234609934559e-09
2.281500000000e+01,1.228452296378e-09,1.228452296378e-09,1.228452348160e-09
2.282000000000e+01,1.222325366124e-09,1.222325366124e-09,1.222325394031e-09
2.282500000000e+01,1.216228994007e-09,1.216228994007e-09,1.216228997140e-09
2.283000000000e+01,1.210163027620e-09,1.210163027620e-09,1.210163012577e-09
2.283500000000e+01,1.204127315316e-09,1.204127315316e-09,1.204127304346e-09
2.284000000000e+01,1.198121706205e-09,1.198121706205e-09,1.198121756670e-09
2.284500000000e+01,1.192146050150e-09,1.192146050150e-09,1.192146060890e-09
2.285000000000e+01,1.186200197760e-09,1.186200197760e-09,1.186200185384e-09
2.285500000000e+01,1.180284000392e-09,1.180284000392e-09,1.180283996410e-09
2.286000000000e+01,1.174397310142e-09,1.174397310142e-09,1.174397318035e-09
2.286500000000e+01,1.168539979845e-09,1.168539979845e-09,1.168540010171e-09
2.287000000000e+01,1.162711863070e-09,1.162711863070e-09,1.162711870183e-09
2.287500000000e+01,1.156912814115e-09,1.156912814115e-09,1.156912805580e-09
2.288000000000e+01,1.151142688005e-09,1.151142688005e-09,1.151142681046e-09
2.288500000000e+01,1.145401340489e-09,1.145401340489e-09,1.145401313116e-09
2.289000000000e+01,1.139688628034e-09,1.139688628034e-09,1.139688620272e-09
2.289500000000e+01,1.134004407824e-09,1.134004407824e-09,1.134004413026e-09
2.290000000000e+01,1.128348537754e-09,1.128348537754e-09,1.128348547063e-09
2.290500000000e+01,1.122720876429e-09,1.122720876429e-09,1.122720869882e-09
2.291000000000e+01,1.117121283159e-09,1.117121283159e-09,1.117121266872e-09
2.291500000000e+01,1.111549617954e-09,1.111549617954e-09,1.111549636999e-09
2.292000000000e+01,1.106005741523e-09,1.106005741523e-09,1.106005748708e-09
2.292500000000e+01,1.100489515271e-09,1.100489515271e-09,1.100489542236e-09
2.293000000000e+01,1.095000801294e-09,1.095000801294e-09,1.095000765984e-09
2.293500000000e+01,1.089539462372e-09,1.089539462372e-09,1.089539458311e-09
2.294000000000e+01,1.084105361975e-09,1.084105361975e-09,1.084105395656e-09
2.294500000000e+01,1.078698364250e-09,1.078698364250e-09,1.078698363363e-09
2.295000000000e+01,1.073318334023e-09,1.073318334023e-09,1.073318310674e-09
2.295500000000e+01,1.067965136793e-09,1.067965136793e-09,1.067965130280e-09
2.296000000000e+01,1.062638638732e-09,1.062638638732e-09,1.062638627538e-09
2.296500000000e+01,1.057338706677e-09,1.057338706677e-09,1.057338715805e-09
2.297000000000e+01,1.052065208130e-09,1.052065208130e-09,1.052065248672e-09
2.297500000000e+01,1.046818011255e-09,1.046818011255e-09,1.046817969439e-09
2.298000000000e+01,1.041596984871e-09,1.041596984871e-09,1.041596978140e-09
2.298500000000e+01,1.036401998455e-09,1.036401998455e-09,1.036402019448e-09
2.299000000000e+01,1.031232922130e-09,1.031232922130e-09,1.031232898717e-09
2.299500000000e+01,1.026089626671e-09,1.026089626671e-09,1.026089653593e-09
2.300000000000e+01,1.020971983495e-09,1.020971983495e-09,1.020972006115e-09
2.300500000000e+01,1.015879864662e-09,1.015879864662e-09,1.015879878691e-09
2.301000000000e+01,1.010813142869e-09,1.010813142869e-09,1.010813150487e-09
2.301500000000e+01,1.005771691448e-09,1.005771691448e-09,1.005771685236e-09
2.302000000000e+01,1.000755384363e-09,1.000755384363e-09,1.000755411373e-09
2.302500000000e+01,9.957640962069e-10,9.957640962069e-10,9.957641000530e-10
2.303000000000e+01,9.907977021969e-10,9.907977021969e-10,9.907976856211e-10
2.303500000000e+01,9.858560781735e-10,9.858560781735e-10,9.858560537534e-10
2.304000000000e+01,9.809391005964e-10,9.809391005964e-10,9.809390872682e-10
2.304500000000e+01,9.760466465411e-10,9.760466465411e-10,9.760466591542e-10
2.305000000000e+01,9.711785936963e-10,9.711785936963e-10,9.711786252048e-10
2.305500000000e+01,9.663348203609e-10,9.663348203609e-10,9.663348161049e-10
2.306000000000e+01,9.615152054404e-10,9.615152054404e-10,9.615152068063e-10
2.306500000000e+01,9.567196284447e-10,9.567196284447e-10,9.567196450338e-10
2.307000000000e+01,9.519479694842e-10,9.519479694842e-10,9.519479599350e-10
2.307500000000e+01,9.472001092675e-10,9.472001092675e-10,9.472001254070e-10
2.308000000000e+01,9.424759290982e-10,9.424759290982e-10,9.424759544087e-10
2.308500000000e+01,9.377753108716e-10,9.377753108716e-10,9.377753405196e-10
2.309000000000e+01,9.330981370723e-10,9.330981370723e-10,9.330981248727e-10
2.309500000000e+01,9.284442907709e-10,9.284442907709e-10,9.284442658145e-10
2.310000000000e+01,9.238136556213e-10,9.238136556213e-10,9.238136554156e-10
2.310500000000e+01,9.192061158574e-10,9.192061158574e-10,9.192061505788e-10
2.311000000000e+01,9.146215562908e-10,9.146215562908e-10,9.146215413705e-10
2.311500000000e+01,9.100598623074e-10,9.100598623074e-10,9.100598431934e-10
2.312000000000e+01,9.055209198647e-10,9.055209198647e-10,9.055209042525e-10
2.312500000000e+01,9.010046154892e-10,9.010046154892e-10,9.010045959572e-10
2.313000000000e+01,8.965108362731e-10,8.965108362731e-10,8.965108332399e-10
2.313500000000e+01,8.920394698718e-10,8.920394698718e-10,8.920394497796e-10
2.314000000000e+01,8.875904045011e-10,8.875904045011e-10,8.875903912989e-10
2.314500000000e+01,8.831635289343e-10,8.831635289343e-10,8.831635310136e-10
2.315000000000e+01,8.787587324994e-10,8.787587324994e-10,8.787587080324e-10
2.315500000000e+01,8.743759050762e-10,8.743759050762e-10,8.743758654630e-10
2.316000000000e+01,8.700149370941e-10,8.700149370941e-10,8.700149655960e-10
2.316500000000e+01,8.656757195287e-10,8.656757195287e-10,8.656757204813e-10
2.317000000000e+01,8.613581438994e-10,8.613581438994e-10,8.613581296509e-10
2.317500000000e+01,8.570621022668e-10,8.570621022668e-10,8.570620665676e-10
2.318000000000e+01,8.527874872296e-10,8.527874872296e-10,8.527874997619e-10
2.318500000000e+01,8.485341919223e-10,8.485341919223e-10,8.485342185316e-10
2.319000000000e+01,8.443021100124e-10,8.443021100124e-10,8.443021164858e-10
2.319500000000e+01,8.400911356978e-10,8.400911356978e-10,8.400911272663e-10
2.320000000000e+01,8.359011637038e-10,8.359011637038e-10,8.359011692655e-10
2.320500000000e+01,8.317320892811e-10,8.317320892811e-10,8.317320850162e-10
2.321000000000e+01,8.275838082027e-10,8.275838082027e-10,8.275838334194e-10
2.321500000000e+01,8.234562167613e-10,8.234562167613e-10,8.234562138530e-10
2.322000000000e+01,8.193492117671e-10,8.193492117671e-10,8.193492186220e-10
2.322500000000e+01,8.152626905447e-10,8.152626905447e-10,8.152627011052e-10
2.323000000000e+01,8.111965509310e-10,8.111965509310e-10,8.111965795477e-10
2.323500000000e+01,8.071506912723e-10,8.071506912723e-10,8.071507233631e-10
2.324000000000e+01,8.031250104220e-10,8.031250104220e-10,8.031250701491e-10
2.324500000000e+01,7.991194077378e-10,7.991194077378e-10,7.991194483999e-10
2.325000000000e+01,7.951337830796e-10,7.951337830796e-10,7.951337996239e-10
2.325500000000e+01,7.911680368065e-10,7.911680368065e-10,7.911680278844e-10
2.326000000000e+01,7.872220697748e-10,7.872220697748e-10,7.872220794392e-10
2.326500000000e+01,7.832957833351e-10,7.832957833351e-10,7.832958162867e-10
2.327000000000e+01,7.793890793300e-10,7.793890793300e-10,7.793891052545e-10
2.327500000000e+01,7.755070249593e-10,7.755070249593e-10,7.755070491298e-10
2.328000000000e+01,7.716440805213e-10,7.716440805213e-10,7.716440615288e-10
2.328500000000e+01,7.678001629900e-10,7.678001629900e-10,7.678002005792e-10
2.329000000000e+01,7.639751891541e-10,7.639751891541e-10,7.639752484837e-10
2.329500000000e+01,7.601690756476e-10,7.601690756476e-10,7.601690719859e-10
2.330000000000e+01,7.563817389778e-10,7.563817389778e-10,7.563817993468e-10
2.330500000000e+01,7.526130955532e-10,7.526130955531e-10,7.526131183509e-10
2.331000000000e+01,7.488630617082e-10,7.488630617082e-10,7.488630439145e-10
2.331500000000e+01,7.451315537283e-10,7.451315537283e-10,7.451315529116e-10
2.332000000000e+01,7.414184878724e-10,7.414184878724e-10,7.414185086324e-10
2.332500000000e+01,7.377237803949e-10,7.377237803949e-10,7.377238317345e-10
2.333000000000e+01,7.340473475663e-10,7.340473475663e-10,7.340473314075e-10
2.333500000000e+01,7.303891056927e-10,7.303891056927e-10,7.303890868871e-10
2.334000000000e+01,7.267489711341e-10,7.267489711341e-10,7.267489951785e-10
2.334500000000e+01,7.231268603221e-10,7.231268603221e-10,7.231268895161e-10
2.335000000000e+01,7.195226897762e-10,7.195226897762e-10,7.195227369117e-10
2.335500000000e+01,7.159363761195e-10,7.159363761195e-10,7.159363867329e-10
2.336000000000e+01,7.123678360935e-10,7.123678360935e-10,7.123678297682e-10
2.336500000000e+01,7.088169865717e-10,7.088169865717e-10,7.088170114274e-10
2.337000000000e+01,7.052837445734e-10,7.052837445734e-10,7.052837764107e-10
2.337500000000e+01,7.017680272752e-10,7.017680272752e-10,7.017680370958e-10
2.338000000000e+01,6.982697520235e-10,6.982697520235e-10,6.982697480213e-10
2.338500000000e+01,6.947888363452e-10,6.947888363452e-10,6.947888522912e-10
2.339000000000e+01,6.913251979580e-10,6.913251979580e-10,6.913251985957e-10
2.339500000000e+01,6.878787547803e-10,6.878787547803e-10,6.878787720711e-10
2.340000000000e+01,6.844494249406e-10,6.844494249406e-10,6.844494401525e-10
2.340500000000e+01,6.810371267860e-10,6.810371267860e-10,6.810371542061e-10
2.341000000000e+01,6.776417788903e-10,6.776417788903e-10,6.776417892254e-10
2.341500000000e+01,6.742633000618e-10,6.742633000618e-10,6.742632584469e-10
2.342000000000e+01,6.709016093504e-10,6.709016093504e-10,6.709016238143e-10
2.342500000000e+01,6.675566260544e-10,6.675566260544e-10,6.675566564670e-10
2.343000000000e+01,6.642282697271e-10,6.642282697271e-10,6.642282570682e-10
2.343500000000e+01,6.609164601822e-10,6.609164601822e-10,6.609164458110e-10
2.344000000000e+01,6.576211174998e-10,6.576211174998e-10,6.576211025004e-10
2.344500000000e+01,6.543421620313e-10,6.543421620313e-10,6.543421571605e-10
2.345000000000e+01,6.510795144045e-10,6.510795144045e-10,6.510795254460e-10
2.345500000000e+01,6.478330955280e-10,6.478330955280e-10,6.478330931068e-10
2.346000000000e+01,6.446028265954e-10,6.446028265954e-10,6.446028218431e-10
2.346500000000e+01,6.413886290892e-10,6.413886290892e-10,6.413886211353e-10
2.347000000000e+01,6.381904247844e-10,6.381904247844e-10,6.381904140616e-10
2.347500000000e+01,6.350081357522e-10,6.350081357522e-10,6.350081203890e-10
2.348000000000e+01,6.318416843626e-10,6.318416843626e-10,6.318416942515e-10
2.348500000000e+01,6.286909932876e-10,6.286909932876e-10,6.286909988982e-10
2.349000000000e+01,6.255559855038e-10,6.255559855038e-10,6.255559647236e-10
2.349500000000e+01,6.224365842949e-10,6.224365842949e-10,6.224365317615e-10
2.350000000000e+01,6.193327132538e-10,6.193327132538e-10,6.193327220694e-10
2.350500000000e+01,6.162442962846e-10,6.162442962846e-10,6.162443171391e-10
2.351000000000e+01,6.131712576047e-10,6.131712576047e-10,6.131712514291e-10
2.351500000000e+01,6.101135217463e-10,6.101135217463e-10,6.101134877679e-10
2.352000000000e+01,6.070710135577e-10,6.070710135577e-10,6.070709776040e-10
2.352500000000e+01,6.040436582052e-10,6.040436582052e-10,6.040436566977e-10
2.353000000000e+01,6.010313811737e-10,6.010313811737e-10,6.010313763727e-10
2.353500000000e+01,5.980341082684e-10,5.980341082684e-10,5.980341037159e-10
2.354000000000e+01,5.950517656149e-10,5.950517656149e-10,5.950517609103e-10
2.354500000000e+01,5.920842796608e-10,5.920842796608e-10,5.920842823221e-10
2.355000000000e+01,5.891315771760e-10,5.891315771760e-10,5.891315489303e-10
2.355500000000e+01,5.861935852532e-10,5.861935852532e-10,5.861935870068e-10
2.356000000000e+01,5.832702313086e-10,5.832702313086e-10,5.832702533007e-10
2.356500000000e+01,5.803614430820e-10,5.803614430820e-10,5.803614500453e-10
2.357000000000e+01,5.774671486371e-10,5.774671486371e-10,5.774671122701e-10
2.357500000000e+01,5.745872763619e-10,5.745872763619e-10,5.745872561720e-10
2.358000000000e+01,5.717217549686e-10,5.717217549686e-10,5.717217468589e-10
2.358500000000e+01,5.688705134934e-10,5.688705134934e-10,5.688705288750e-10
2.359000000000e+01,5.660334812967e-10,5.660334812967e-10,5.660334465882e-10
2.359500000000e+01,5.632105880630e-10,5.632105880630e-10,5.632105323909e-10
2.360000000000e+01,5.604017638002e-10,5.604017638002e-10,5.604017370899e-10
2.360500000000e+01,5.576069388399e-10,5.576069388399e-10,5.576069265732e-10
2.361000000000e+01,5.548260438366e-10,5.548260438366e-10,5.548260635568e-10
2.361500000000e+01,5.520590097675e-10,5.520590097675e-10,5.520589795760e-10
2.362000000000e+01,5.493057679318e-10,5.493057679318e-10,5.493057638624e-10
2.362500000000e+01,5.465662499505e-10,5.465662499505e-10,5.465662587559e-10
2.363000000000e+01,5.438403877656e-10,5.438403877656e-10,5.438403591619e-10
2.363500000000e+01,5.411281136395e-10,5.411281136395e-10,5.411280834246e-10
2.364000000000e+01,5.384293601543e-10,5.384293601543e-10,5.384293804913e-10
2.364500000000e+01,5.357440602113e-10,5.357440602113e-10,5.357440788988e-10
2.365000000000e+01,5.330721470299e-10,5.330721470299e-10,5.330721097970e-10
2.365500000000e+01,5.304135541471e-10,5.304135541471e-10,5.304135158679e-10
2.366000000000e+01,5.277682154166e-10,5.277682154166e-10,5.277681746546e-10
2.366500000000e+01,5.251360650078e-10,5.251360650078e-10,5.251360783118e-10
2.367000000000e+01,5.225170374051e-10,5.225170374051e-10,5.225170291176e-10
2.367500000000e+01,5.199110674070e-10,5.199110674070e-10,5.199110328266e-10
2.368000000000e+01,5.173180901248e-10,5.173180901248e-10,5.173180628335e-10
2.368500000000e+01,5.147380409822e-10,5.147380409822e-10,5.147380176838e-10
2.369000000000e+01,5.121708557137e-10,5.121708557137e-10,5.121708477747e-10
2.369500000000e+01,5.096164703643e-10,5.096164703643e-10,5.096164451872e-10
2.370000000000e+01,5.070748212877e-10,5.070748212877e-10,5.070747857457e-10
2.370500000000e+01,5.045458451456e-10,5.045458451456e-10,5.045458385703e-10
2.371000000000e+01,5.020294789068e-10,5.020294789068e-10,5.020294487362e-10
2.371500000000e+01,4.995256598459e-10,4.995256598459e-10,4.995256590197e-10
2.372000000000e+01,4.970343255420e-10,4.970343255420e-10,4.970343229736e-10
2.372500000000e+01,4.945554138780e-10,4.945554138780e-10,4.945554299036e-10
2.373000000000e+01,4.920888630393e-10,4.920888630393e-10,4.920888248801e-10
2.373500000000e+01,4.896346115123e-10,4.896346115123e-10,4.896345740212e-10
2.374000000000e+01,4.871925980840e-10,4.871925980840e-10,4.871925486476e-10
2.374500000000e+01,4.847627618398e-10,4.847627618398e-10,4.847627837155e-10
2.375000000000e+01,4.823450421635e-10,4.823450421635e-10,4.823450059078e-10
2.375500000000e+01,4.799393787351e-10,4.799393787351e-10,4.799393487768e-10
2.376000000000e+01,4.775457115300e-10,4.775457115300e-10,4.775456711451e-10
2.376500000000e+01,4.751639808180e-10,4.751639808180e-10,4.751639522747e-10
2.377000000000e+01,4.727941271617e-10,4.727941271617e-10,4.727941086043e-10
2.377500000000e+01,4.704360914156e-10,4.704360914156e-10,4.704360720402e-10
2.378000000000e+01,4.680898147246e-10,4.680898147246e-10,4.680898009590e-10
2.378500000000e+01,4.657552385229e-10,4.657552385229e-10,4.657552212988e-10
2.379000000000e+01,4.634323045329e-10,4.634323045329e-10,4.634322632424e-10
2.379500000000e+01,4.611209547637e-10,4.611209547637e-10,4.611209317075e-10
2.380000000000e+01,4.588211315099e-10,4.588211315099e-10,4.588211154213e-10
2.380500000000e+01,4.565327773506e-10,4.565327773506e-10,4.565327588304e-10
2.381000000000e+01,4.542558351480e-10,4.542558351480e-10,4.542558105595e-10
2.381500000000e+01,4.519902480460e-10,4.519902480460e-10,4.519902335415e-10
2.382000000000e+01,4.497359594690e-10,4.497359594690e-10,4.497359563170e-10
2.382500000000e+01,4.474929131210e-10,4.474929131210e-10,4.474929104235e-10
2.383000000000e+01,4.452610529840e-10,4.452610529840e-10,4.452610409944e-10
2.383500000000e+01,4.430403233165e-10,4.430403233165e-10,4.430403064752e-10
2.384000000000e+01,4.408306686531e-10,4.408306686531e-10,4.408306483972e-10
2.384500000000e+01,4.386320338022e-10,4.386320338022e-10,4.386320656712e-10
2.385000000000e+01,4.364443638455e-10,4.364443638455e-10,4.364443906164e-10
2.385500000000e+01,4.342676041365e-10,4.342676041365e-10,4.342676094533e-10
2.386000000000e+01,4.321017002993e-10,4.321017002993e-10,4.321017161020e-10
2.386500000000e+01,4.299465982271e-10,4.299465982271e-10,4.299465956288e-10
2.387000000000e+01,4.278022440812e-10,4.278022440812e-10,4.278022184868e-10
2.387500000000e+01,4.256685842899e-10,4.256685842899e-10,4.256685991251e-10
2.388000000000e+01,4.235455655468e-10,4.235455655468e-10,4.235456015993e-10
2.388500000000e+01,4.214331348100e-10,4.214331348100e-10,4.214331387821e-10
2.389000000000e+01,4.193312393004e-10,4.193312393004e-10,4.193312086784e-10
2.389500000000e+01,4.172398265010e-10,4.172398265010e-10,4.172397849042e-10
2.390000000000e+01,4.151588441552e-10,4.151588441552e-10,4.151588656180e-10
2.390500000000e+01,4.130882402660e-10,4.130882402660e-10,4.130882793273e-10
2.391000000000e+01,4.110279630941e-10,4.110279630941e-10,4.110279491422e-10
2.391500000000e+01,4.089779611575e-10,4.089779611575e-10,4.089779489632e-10
2.392000000000e+01,4.069381832297e-10,4.069381832297e-10,4.069381895581e-10
2.392500000000e+01,4.049085783387e-10,4.049085783387e-10,4.049085853171e-10
2.393000000000e+01,4.028890957655e-10,4.028890957655e-10,4.028891131662e-10
2.393500000000e+01,4.008796850435e-10,4.008796850435e-10,4.008796755774e-10
2.394000000000e+01,3.988802959566e-10,3.988802959566e-10,3.988803153262e-10
2.394500000000e+01,3.968908785384e-10,3.968908785384e-10,3.968909005387e-10
2.395000000000e+01,3.949113830709e-10,3.949113830709e-10,3.949113580643e-10
2.395500000000e+01,3.929417600833e-10,3.929417600833e-10,3.929417409130e-10
2.396000000000e+01,3.909819603507e-10,3.909819603507e-10,3.909820125431e-10
2.396500000000e+01,3.890319348933e-10,3.890319348933e-10,3.890319681211e-10
2.397000000000e+01,3.870916349745e-10,3.870916349745e-10,3.870916532194e-10
2.397500000000e+01,3.851610121005e-10,3.851610121005e-10,3.851610091926e-10
2.398000000000e+01,3.832400180186e-10,3.832400180186e-10,3.832400173793e-10
2.398500000000e+01,3.813286047161e-10,3.813286047161e-10,3.813286152242e-10
2.399000000000e+01,3.794267244194e-10,3.794267244194e-10,3.794267233152e-10
2.399500000000e+01,3.775343295925e-10,3.775343295925e-10,3.775343116026e-10
2.400000000000e+01,3.756513729361e-10,3.756513729361e-10,3.756513637225e-10
2.400500000000e+01,3.737778073864e-10,3.737778073864e-10,3.737778006210e-10
2.401000000000e+01,3.719135861137e-10,3.719135861137e-10,3.719136225251e-10
2.401500000000e+01,3.700586625214e-10,3.700586625214e-10,3.700586825619e-10
2.402000000000e+01,3.682129902453e-10,3.682129902453e-10,3.682130357567e-10
2.402500000000e+01,3.663765231515e-10,3.663765231515e-10,3.663765129294e-10
2.403000000000e+01,3.645492153363e-10,3.645492153363e-10,3.645491995355e-10
2.403500000000e+01,3.627310211243e-10,3.627310211243e-10,3.627310327715e-10
2.404000000000e+01,3.609218950676e-10,3.609218950676e-10,3.609219076907e-10
2.404500000000e+01,3.591217919450e-10,3.591217919450e-10,3.591218067182e-10
2.405000000000e+01,3.573306667600e-10,3.573306667600e-10,3.573306486659e-10
2.405500000000e+01,3.555484747407e-10,3.555484747407e-10,3.555484644867e-10
2.406000000000e+01,3.537751713379e-10,3.537751713379e-10,3.537751361174e-10
2.406500000000e+01,3.520107122246e-10,3.520107122246e-10,3.520106805404e-10
2.407000000000e+01,3.502550532945e-10,3.502550532945e-10,3.502550354131e-10
2.407500000000e+01,3.485081506609e-10,3.485081506609e-10,3.485081220111e-10
2.408000000000e+01,3.467699606561e-10,3.467699606561e-10,3.467699639895e-10
2.408500000000e+01,3.450404398297e-10,3.450404398297e-10,3.450404043873e-10
2.409000000000e+01,3.433195449480e-10,3.433195449480e-10,3.433195451221e-10
2.409500000000e+01,3.416072329925e-10,3.416072329925e-10,3.416072063514e-10
2.410000000000e+01,3.399034611594e-10,3.399034611594e-10,3.399034667697e-10
2.410500000000e+01,3.382081868580e-10,3.382081868580e-10,3.382081574511e-10
2.411000000000e+01,3.365213677098e-10,3.365213677098e-10,3.365213221195e-10
2.411500000000e+01,3.348429615476e-10,3.348429615476e-10,3.348429657999e-10
2.412000000000e+01,3.331729264145e-10,3.331729264145e-10,3.331729601585e-10
2.412500000000e+01,3.315112205625e-10,3.315112205625e-10,3.315112119972e-10
2.413000000000e+01,3.298578024517e-10,3.298578024517e-10,3.298577951022e-10
2.413500000000e+01,3.282126307494e-10,3.282126307494e-10,3.282126179211e-10
2.414000000000e+01,3.265756643288e-10,3.265756643288e-10,3.265757005943e-10
2.414500000000e+01,3.249468622682e-10,3.249468622682e-10,3.249468612512e-10
2.415000000000e+01,3.233261838498e-10,3.233261838498e-10,3.233261670438e-10
2.415500000000e+01,3.217135885588e-10,3.217135885588e-10,3.217135690455e-10
2.416000000000e+01,3.201090360824e-10,3.201090360824e-10,3.201090530631e-10
2.416500000000e+01,3.185124863088e-10,3.185124863088e-10,3.185124648222e-10
2.417000000000e+01,3.169238993260e-10,3.169238993260e-10,3.169239258986e-10
2.417500000000e+01,3.153432354212e-10,3.153432354212e-10,3.153432350626e-10
2.418000000000e+01,3.137704550794e-10,3.137704550794e-10,3.137704625605e-10
2.418500000000e+01,3.122055189827e-10,3.122055189827e-10,3.122054606631e-10
2.419000000000e+01,3.106483880092e-10,3.106483880092e-10,3.106483713199e-10
2.419500000000e+01,3.090990232321e-10,3.090990232321e-10,3.090990127976e-10
2.420000000000e+01,3.075573859186e-10,3.075573859186e-10,3.075574100115e-10
2.420500000000e+01,3.060234375291e-10,3.060234375291e-10,3.060234274492e-10
2.421000000000e+01,3.044971397161e-10,3.044971397161e-10,3.044971197269e-10
2.421500000000e+01,3.029784543232e-10,3.029784543232e-10,3.029784192492e-10
2.422000000000e+01,3.014673433846e-10,3.014673433846e-10,3.014673477460e-10
2.422500000000e+01,2.999637691233e-10,2.999637691233e-10,2.999637332674e-10
2.423000000000e+01,2.984676939511e-10,2.984676939511e-10,2.984676527612e-10
2.423500000000e+01,2.969790804670e-10,2.969790804670e-10,2.969790549311e-10
2.424000000000e+01,2.954978914566e-10,2.954978914566e-10,2.954978696053e-10
2.424500000000e+01,2.940240898910e-10,2.940240898910e-10,2.940240985315e-10
2.425000000000e+01,2.925576389259e-10,2.925576389259e-10,2.925576255871e-10
2.425500000000e+01,2.910985019008e-10,2.910985019008e-10,2.910984702195e-10
2.426000000000e+01,2.896466423380e-10,2.896466423380e-10,2.896466442212e-10
2.426500000000e+01,2.882020239417e-10,2.882020239417e-10,2.882019901919e-10
2.427000000000e+01,2.867646105971e-10,2.867646105971e-10,2.867645615112e-10
2.427500000000e+01,2.853343663694e-10,2.853343663694e-10,2.853343526857e-10
2.428000000000e+01,2.839112555032e-10,2.839112555032e-10,2.839112715655e-10
2.428500000000e+01,2.824952424211e-10,2.824952424211e-10,2.824952308203e-10
2.429000000000e+01,2.810862917234e-10,2.810862917234e-10,2.810862669411e-10
2.429500000000e+01,2.796843681867e-10,2.796843681867e-10,2.796843329956e-10
2.430000000000e+01,2.782894367635e-10,2.782894367635e-10,2.782894494392e-10
2.430500000000e+01,2.769014625809e-10,2.769014625809e-10,2.769014409053e-10
2.431000000000e+01,2.755204109400e-10,2.755204109400e-10,2.755203621408e-10
2.431500000000e+01,2.741462473148e-10,2.741462473148e-10,2.741461797310e-10
2.432000000000e+01,2.727789373515e-10,2.727789373515e-10,2.727788955984e-10
2.432500000000e+01,2.714184468679e-10,2.714184468679e-10,2.714184349291e-10
2.433000000000e+01,2.700647418520e-10,2.700647418520e-10,2.700647146041e-10
2.433500000000e+01,2.687177884613e-10,2.687177884613e-10,2.687177582622e-10
2.434000000000e+01,2.673775530225e-10,2.673775530225e-10,2.673775768271e-10
2.434500000000e+01,2.660440020298e-10,2.660440020298e-10,2.660440371024e-10
2.435000000000e+01,2.647171021448e-10,2.647171021448e-10,2.647171150231e-10
2.435500000000e+01,2.633968201952e-10,2.633968201952e-10,2.633968212487e-10
2.436000000000e+01,2.620831231741e-10,2.620831231741e-10,2.620831537986e-10
2.436500000000e+01,2.607759782393e-10,2.607759782393e-10,2.607760096834e-10
2.437000000000e+01,2.594753527125e-10,2.594753527125e-10,2.594753645672e-10
2.437500000000e+01,2.581812140781e-10,2.581812140781e-10,2.581812061246e-10
2.438000000000e+01,2.568935299829e-10,2.568935299829e-10,2.568935426587e-10
2.438500000000e+01,2.556122682349e-10,2.556122682349e-10,2.556122736011e-10
2.439000000000e+01,2.543373968027e-10,2.543373968027e-10,2.543374044127e-10
2.439500000000e+01,2.530688838147e-10,2.530688838147e-10,2.530689044140e-10
2.440000000000e+01,2.518066975582e-10,2.518066975582e-10,2.518067240555e-10
2.440500000000e+01,2.505508064786e-10,2.505508064786e-10,2.505508442457e-10
2.441000000000e+01,2.493011791788e-10,2.493011791788e-10,2.493011940080e-10
2.441500000000e+01,2.480577844182e-10,2.480577844182e-10,2.480577961020e-10
2.442000000000e+01,2.468205911120e-10,2.468205911120e-10,2.468206296077e-10
2.442500000000e+01,2.455895683305e-10,2.455895683305e-10,2.455895892158e-10
2.443000000000e+01,2.443646852981e-10,2.443646852981e-10,2.443646846939e-10
2.443500000000e+01,2.431459113930e-10,2.431459113930e-10,2.431459195157e-10
2.444000000000e+01,2.419332161457e-10,2.419332161457e-10,2.419332654231e-10
2.444500000000e+01,2.407265692390e-10,2.407265692390e-10,2.407265925515e-10
2.445000000000e+01,2.395259405068e-10,2.395259405068e-10,2.395259326752e-10
2.445500000000e+01,2.383312999334e-10,2.383312999334e-10,2.383313027407e-10
2.446000000000e+01,2.371426176528e-10,2.371426176528e-10,2.371426103464e-10
2.446500000000e+01,2.359598639481e-10,2.359598639481e-10,2.359598924103e-10
2.447000000000e+01,2.347830092503e-10,2.347830092503e-10,2.347829991276e-10
2.447500000000e+01,2.336120241382e-10,2.336120241382e-10,2.336120258973e-10
2.448000000000e+01,2.324468793371e-10,2.324468793371e-10,2.324468806342e-10
2.448500000000e+01,2.312875457186e-10,2.312875457186e-10,2.312875932639e-10
2.449000000000e+01,2.301339942991e-10,2.301339942991e-10,2.301340315217e-10
2.449500000000e+01,2.289861962401e-10,2.289861962401e-10,2.289862135061e-10
2.450000000000e+01,2.278441228465e-10,2.278441228465e-10,2.278441605810e-10
2.450500000000e+01,2.267077455664e-10,2.267077455664e-10,2.267077571080e-10
2.451000000000e+01,2.255770359906e-10,2.255770359906e-10,2.255770119808e-10
2.451500000000e+01,2.244519658512e-10,2.244519658512e-10,2.244519632819e-10
2.452000000000e+01,2.233325070215e-10,2.233325070215e-10,2.233325406193e-10
2.452500000000e+01,2.222186315151e-10,2.222186315151e-10,2.222186703541e-10
2.453000000000e+01,2.211103114849e-10,2.211103114849e-10,2.211103135654e-10
2.453500000000e+01,2.200075192231e-10,2.200075192231e-10,2.200075109050e-10
2.454000000000e+01,2.189102271598e-10,2.189102271598e-10,2.189102086446e-10
2.454500000000e+01,2.178184078626e-10,2.178184078626e-10,2.178184350776e-10
2.455000000000e+01,2.167320340362e-10,2.167320340362e-10,2.167319965231e-10
2.455500000000e+01,2.156510785211e-10,2.156510785211e-10,2.156510622768e-10
2.456000000000e+01,2.145755142934e-10,2.145755142934e-10,2.145755166057e-10
2.456500000000e+01,2.135053144640e-10,2.135053144640e-10,2.135053478775e-10
2.457000000000e+01,2.124404522779e-10,2.124404522779e-10,2.124404685724e-10
2.457500000000e+01,2.113809011136e-10,2.113809011136e-10,2.113808851424e-10
2.458000000000e+01,2.103266344821e-10,2.103266344821e-10,2.103266575802e-10
2.458500000000e+01,2.092776260268e-10,2.092776260268e-10,2.092776651505e-10
2.459000000000e+01,2.082338495226e-10,2.082338495226e-10,2.082338427913e-10
2.459500000000e+01,2.071952788748e-10,2.071952788748e-10,2.071952569643e-10
2.460000000000e+01,2.061618881194e-10,2.061618881194e-10,2.061619257869e-10
2.460500000000e+01,2.051336514214e-10,2.051336514214e-10,2.051336558431e-10
2.461000000000e+01,2.041105430748e-10,2.041105430748e-10,2.041105404172e-10
2.461500000000e+01,2.030925375021e-10,2.030925375021e-10,2.030925336794e-10
2.462000000000e+01,2.020796092529e-10,2.020796092529e-10,2.020796072925e-10
2.462500000000e+01,2.010717330041e-10,2.010717330041e-10,2.010717442623e-10
2.463000000000e+01,2.000688835587e-10,2.000688835587e-10,2.000688566897e-10
2.463500000000e+01,1.990710358455e-10,1.990710358455e-10,1.990710277135e-10
2.464000000000e+01,1.980781649182e-10,1.980781649182e-10,1.980781422720e-10
2.464500000000e+01,1.970902459550e-10,1.970902459550e-10,1.970902482519e-10
2.465000000000e+01,1.961072542579e-10,1.961072542579e-10,1.961072658028e-10
2.465500000000e+01,1.951291652520e-10,1.951291652520e-10,1.951291616062e-10
2.466000000000e+01,1.941559544852e-10,1.941559544852e-10,1.941559648644e-10
2.466500000000e+01,1.931875976271e-10,1.931875976271e-10,1.931876321885e-10
2.467000000000e+01,1.922240704687e-10,1.922240704687e-10,1.922240539348e-10
2.467500000000e+01,1.912653489219e-10,1.912653489219e-10,1.912653351065e-10
2.468000000000e+01,1.903114090185e-10,1.903114090185e-10,1.903114427650e-10
2.468500000000e+01,1.893622269101e-10,1.893622269101e-10,1.893622488666e-10
2.469000000000e+01,1.884177788669e-10,1.884177788669e-10,1.884177955800e-10
2.469500000000e+01,1.874780412779e-10,1.874780412779e-10,1.874780353173e-10
2.470000000000e+01,1.865429906494e-10,1.865429906494e-10,1.865429791127e-10
2.470500000000e+01,1.856126036053e-10,1.856126036053e-10,1.856126199828e-10
2.471000000000e+01,1.846868568857e-10,1.846868568857e-10,1.846868697968e-10
2.471500000000e+01,1.837657273470e-10,1.837657273470e-10,1.837657449196e-10
2.472000000000e+01,1.828491919610e-10,1.828491919610e-10,1.828491932114e-10
2.472500000000e+01,1.819372278141e-10,1.819372278141e-10,1.819372519416e-10
2.473000000000e+01,1.810298121072e-10,1.810298121072e-10,1.810298196473e-10
2.473500000000e+01,1.801269221549e-10,1.801269221549e-10,1.801269419557e-10
2.474000000000e+01,1.792285353850e-10,1.792285353850e-10,1.792285596546e-10
2.474500000000e+01,1.783346293376e-10,1.783346293376e-10,1.783346560876e-10
2.475000000000e+01,1.774451816651e-10,1.774451816651e-10,1.774451807021e-10
2.475500000000e+01,1.765601701314e-10,1.765601701314e-10,1.765601815912e-10
2.476000000000e+01,1.756795726109e-10,1.756795726109e-10,1.756796149497e-10
2.476500000000e+01,1.748033670888e-10,1.748033670888e-10,1.748033786850e-10
2.477000000000e+01,1.739315316600e-10,1.739315316600e-10,1.739315394798e-10
2.477500000000e+01,1.730647249603e-10,1.730647249603e-10,1.730647413739e-10
2.478000000000e+01,1.722022082919e-10,1.722022082919e-10,1.722022318465e-10
2.478500000000e+01,1.713439618767e-10,1.713439618767e-10,1.713439808312e-10
2.479000000000e+01,1.704899659562e-10,1.704899659562e-10,1.704899526255e-10
2.479500000000e+01,1.696402007954e-10,1.696402007954e-10,1.696402166934e-10
2.480000000000e+01,1.687946466863e-10,1.687946466863e-10,1.687946680546e-10
2.480500000000e+01,1.679532839513e-10,1.679532839513e-10,1.679533096096e-10
2.481000000000e+01,1.671160929463e-10,1.671160929463e-10,1.671161181403e-10
2.481500000000e+01,1.662830540638e-10,1.662830540638e-10,1.662830692880e-10
2.482000000000e+01,1.654541477353e-10,1.654541477353e-10,1.654541772286e-10
2.482500000000e+01,1.646293544346e-10,1.646293544346e-10,1.646293908471e-10
2.483000000000e+01,1.638086546798e-10,1.638086546798e-10,1.638086558295e-10
2.483500000000e+01,1.629920290360e-10,1.629920290360e-10,1.629920558871e-10
2.484000000000e+01,1.621794581172e-10,1.621794581172e-10,1.621794984453e-10
2.484500000000e+01,1.613709225886e-10,1.613709225886e-10,1.613709196907e-10
2.485000000000e+01,1.605664031686e-10,1.605664031686e-10,1.605664137096e-10
2.485500000000e+01,1.597658806303e-10,1.597658806303e-10,1.597658853125e-10
2.486000000000e+01,1.589693358038e-10,1.589693358038e-10,1.589693491508e-10
2.486500000000e+01,1.581767495774e-10,1.581767495774e-10,1.581767686405e-10
2.487000000000e+01,1.573881028992e-10,1.573881028992e-10,1.573880973697e-10
2.487500000000e+01,1.566033767786e-10,1.566033767786e-10,1.566033674297e-10
2.488000000000e+01,1.558225522878e-10,1.558225522878e-10,1.558225592134e-10
2.488500000000e+01,1.550456105627e-10,1.550456105627e-10,1.550456358072e-10
2.489000000000e+01,1.542725328042e-10,1.542725328042e-10,1.542725636239e-10
2.489500000000e+01,1.535033002795e-10,1.535033002795e-10,1.535032949087e-10
2.490000000000e+01,1.527378943228e-10,1.527378943228e-10,1.527379004285e-10
2.490500000000e+01,1.519762963365e-10,1.519762963365e-10,1.519763195569e-10
2.491000000000e+01,1.512184877921e-10,1.512184877921e-10,1.512184539308e-10
2.491500000000e+01,1.504644502306e-10,1.504644502306e-10,1.504644036313e-10
2.492000000000e+01,1.497141652638e-10,1.497141652638e-10,1.497141805247e-10
2.492500000000e+01,1.489676145747e-10,1.489676145747e-10,1.489676012362e-10
2.493000000000e+01,1.482247799180e-10,1.482247799180e-10,1.482247516232e-10
2.493500000000e+01,1.474856431212e-10,1.474856431212e-10,1.474856238300e-10
2.494000000000e+01,1.467501860845e-10,1.467501860845e-10,1.467501608717e-10
2.494500000000e+01,1.460183907819e-10,1.460183907819e-10,1.460183678523e-10
2.495000000000e+01,1.452902392613e-10,1.452902392613e-10,1.452901971014e-10
2.495500000000e+01,1.445657136447e-10,1.445657136447e-10,1.445656686975e-10
2.496000000000e+01,1.438447961294e-10,1.438447961294e-10,1.438447536229e-10
2.496500000000e+01,1.431274689871e-10,1.431274689871e-10,1.431274616349e-10
2.497000000000e+01,1.424137145655e-10,1.424137145655e-10,1.424137033725e-10
2.497500000000e+01,1.417035152875e-10,1.417035152875e-10,1.417034875677e-10
2.498000000000e+01,1.409968536521e-10,1.409968536521e-10,1.409968565510e-10
2.498500000000e+01,1.402937122342e-10,1.402937122342e-10,1.402937406211e-10
2.499000000000e+01,1.395940736850e-10,1.395940736850e-10,1.395940812609e-10
2.499500000000e+01,1.388979207321e-10,1.388979207321e-10,1.388979117445e-10
2.500000000000e+01,1.382052361795e-10,1.382052361795e-10,1.382052188649e-10
2.500500000000e+01,1.375160029079e-10,1.375160029079e-10,1.375160032358e-10
2.501000000000e+01,1.368302038744e-10,1.368302038744e-10,1.368302008121e-10
2.501500000000e+01,1.361478221131e-10,1.361478221131e-10,1.361478089803e-10
2.502000000000e+01,1.354688407345e-10,1.354688407345e-10,1.354688149841e-10
2.502500000000e+01,1.347932429259e-10,1.347932429259e-10,1.347932539064e-10
2.503000000000e+01,1.341210119515e-10,1.341210119515e-10,1.341210209019e-10
2.503500000000e+01,1.334521311520e-10,1.334521311520e-10,1.334521081192e-10
2.504000000000e+01,1.327865839445e-10,1.327865839445e-10,1.327865780746e-10
2.504500000000e+01,1.321243538230e-10,1.321243538230e-10,1.321243532041e-10
2.505000000000e+01,1.314654243579e-10,1.314654243579e-10,1.314654193099e-10
2.505500000000e+01,1.308097791956e-10,1.308097791956e-10,1.308097639850e-10
2.506000000000e+01,1.301574020593e-10,1.301574020593e-10,1.301573923378e-10
2.506500000000e+01,1.295082767480e-10,1.295082767480e-10,1.295082860547e-10
2.507000000000e+01,1.288623871366e-10,1.288623871366e-10,1.288623688283e-10
2.507500000000e+01,1.282197171763e-10,1.282197171763e-10,1.282196963940e-10
2.508000000000e+01,1.275802508936e-10,1.275802508936e-10,1.275802345668e-10
2.508500000000e+01,1.269439723906e-10,1.269439723906e-10,1.269439507805e-10
2.509000000000e+01,1.263108658450e-10,1.263108658450e-10,1.263108581655e-10
2.509500000000e+01,1.256809155094e-10,1.256809155094e-10,1.256808997783e-10
2.510000000000e+01,1.250541057115e-10,1.250541057115e-10,1.250540760728e-10
2.510500000000e+01,1.244304208537e-10,1.244304208537e-10,1.244304115130e-10
2.511000000000e+01,1.238098454132e-10,1.238098454132e-10,1.238098045346e-10
2.511500000000e+01,1.231923639414e-10,1.231923639414e-10,1.231923352517e-10
2.512000000000e+01,1.225779610637e-10,1.225779610637e-10,1.225779202897e-10
2.512500000000e+01,1.219666214797e-10,1.219666214797e-10,1.219666227080e-10
2.513000000000e+01,1.213583299625e-10,1.213583299625e-10,1.213583113081e-10
2.513500000000e+01,1.207530713586e-10,1.207530713586e-10,1.207530274273e-10
2.514000000000e+01,1.201508305879e-10,1.201508305879e-10,1.201507982892e-10
2.514500000000e+01,1.195515926430e-10,1.195515926430e-10,1.195515843910e-10
2.515000000000e+01,1.189553425895e-10,1.189553425895e-10,1.189552944997e-10
2.515500000000e+01,1.183620655650e-10,1.183620655650e-10,1.183620511937e-10
2.516000000000e+01,1.177717467796e-10,1.177717467796e-10,1.177717139690e-10
2.516500000000e+01,1.171843715153e-10,1.171843715153e-10,1.171843341184e-10
2.517000000000e+01,1.165999251256e-10,1.165999251256e-10,1.165998743709e-10
2.517500000000e+01,1.160183930355e-10,1.160183930355e-10,1.160183332495e-10
2.518000000000e+01,1.154397607410e-10,1.154397607410e-10,1.154397190372e-10
2.518500000000e+01,1.148640138089e-10,1.148640138089e-10,1.148639620468e-10
2.519000000000e+01,1.142911378766e-10,1.142911378766e-10,1.142910904150e-10
2.519500000000e+01,1.137211186519e-10,1.137211186519e-10,1.137210627534e-10
2.520000000000e+01,1.131539419122e-10,1.131539419122e-10,1.131538918454e-10
2.520500000000e+01,1.125895935050e-10,1.125895935050e-10,1.125895776779e-10
2.521000000000e+01,1.120280593470e-10,1.120280593470e-10,1.120280277949e-10
2.521500000000e+01,1.114693254239e-10,1.114693254239e-10,1.114692932669e-10
2.522000000000e+01,1.109133777904e-10,1.109133777904e-10,1.109133260030e-10
2.522500000000e+01,1.103602025698e-10,1.103602025698e-10,1.103601763315e-10
2.523000000000e+01,1.098097859535e-10,1.098097859535e-10,1.098097346297e-10
2.523500000000e+01,1.092621142008e-10,1.092621142008e-10,1.092620784040e-10
2.524000000000e+01,1.087171736388e-10,1.087171736388e-10,1.087171428032e-10
2.524500000000e+01,1.081749506619e-10,1.081749506619e-10,1.081749001436e-10
2.525000000000e+01,1.076354317316e-10,1.076354317316e-10,1.076354076021e-10
2.525500000000e+01,1.070986033760e-10,1.070986033760e-10,1.070985849240e-10
2.526000000000e+01,1.065644521899e-10,1.065644521899e-10,1.065643910310e-10
2.526500000000e+01,1.060329648342e-10,1.060329648342e-10,1.060329297410e-10
2.527000000000e+01,1.055041280356e-10,1.055041280356e-10,1.055040803903e-10
2.527500000000e+01,1.049779285865e-10,1.049779285865e-10,1.049778611006e-10
2.528000000000e+01,1.044543533445e-10,1.044543533445e-10,1.044542889921e-10
2.528500000000e+01,1.039333892322e-10,1.039333892322e-10,1.039333496161e-10
2.529000000000e+01,1.034150232369e-10,1.034150232369e-10,1.034149875625e-10
2.529500000000e+01,1.028992424104e-10,1.028992424104e-10,1.028992232838e-10
2.530000000000e+01,1.023860338684e-10,1.023860338684e-10,1.023859678559e-10
2.530500000000e+01,1.018753847906e-10,1.018753847906e-10,1.018753528693e-10
2.531000000000e+01,1.013672824200e-10,1.013672824200e-10,1.013672175390e-10
2.531500000000e+01,1.008617140630e-10,1.008617140630e-10,1.008616690022e-10
2.532000000000e+01,1.003586670888e-10,1.003586670888e-10,1.003586161144e-10
2.532500000000e+01,9.985812892923e-11,9.985812892923e-11,9.985809151814e-11
2.533000000000e+01,9.936008707858e-11,9.936008707858e-11,9.936004650560e-11
2.533500000000e+01,9.886452909300e-11,9.886452909300e-11,9.886447547767e-11
2.534000000000e+01,9.837144259048e-11,9.837144259048e-11,9.837135628126e-11
2.534500000000e+01,9.788081525043e-11,9.788081525043e-11,9.788076773484e-11
2.535000000000e+01,9.739263481340e-11,9.739263481340e-11,9.739261522918e-11
2.535500000000e+01,9.690688908084e-11,9.690688908084e-11,9.690685681042e-11
2.536000000000e+01,9.642356591475e-11,9.642356591475e-11,9.642347586110e-11
2.536500000000e+01,9.594265323745e-11,9.594265323745e-11,9.594260921735e-11
2.537000000000e+01,9.546413903122e-11,9.546413903122e-11,9.546411891882e-11
2.537500000000e+01,9.498801133807e-11,9.498801133807e-11,9.498796901397e-11
2.538000000000e+01,9.451425825945e-11,9.451425825945e-11,9.451423273006e-11
2.538500000000e+01,9.404286795591e-11,9.404286795591e-11,9.404282803602e-11
2.539000000000e+01,9.357382864689e-11,9.357382864689e-11,9.357377514637e-11
2.539500000000e+01,9.310712861039e-11,9.310712861039e-11,9.310708197395e-11
2.540000000000e+01,9.264275618268e-11,9.264275618268e-11,9.264273446690e-11
2.540500000000e+01,9.218069975806e-11,9.218069975806e-11,9.218065166097e-11
2.541000000000e+01,9.172094778853e-11,9.172094778853e-11,9.172090265672e-11
2.541500000000e+01,9.126348878354e-11,9.126348878354e-11,9.126345877722e-11
2.542000000000e+01,9.080831130973e-11,9.080831130973e-11,9.080824265089e-11
2.542500000000e+01,9.035540399058e-11,9.035540399058e-11,9.035533660812e-11
2.543000000000e+01,8.990475550622e-11,8.990475550622e-11,8.990471184438e-11
2.543500000000e+01,8.945635459310e-11,8.945635459310e-11,8.945627835038e-11
2.544000000000e+01,8.901019004372e-11,8.901019004372e-11,8.901014844944e-11
2.544500000000e+01,8.856625070636e-11,8.856625070636e-11,8.856622262241e-11
2.545000000000e+01,8.812452548485e-11,8.812452548485e-11,8.812448060444e-11
2.545500000000e+01,8.768500333820e-11,8.768500333820e-11,8.768493858359e-11
2.546000000000e+01,8.724767328045e-11,8.724767328045e-11,8.724760297853e-11
2.546500000000e+01,8.681252438031e-11,8.681252438031e-11,8.681247107394e-11
2.547000000000e+01,8.637954576091e-11,8.637954576091e-11,8.637949724010e-11
2.547500000000e+01,8.594872659958e-11,8.594872659958e-11,8.594867425766e-11
2.548000000000e+01,8.552005612752e-11,8.552005612752e-11,8.552000464884e-11
2.548500000000e+01,8.509352362957e-11,8.509352362957e-11,8.509345921305e-11
2.549000000000e+01,8.466911844394e-11,8.466911844394e-11,8.466904897819e-11
2.549500000000e+01,8.424682996197e-11,8.424682996197e-11,8.424677181390e-11
2.550000000000e+01,8.382664762781e-11,8.382664762781e-11,8.382659914919e-11
2.550500000000e+01,8.340856093822e-11,8.340856093822e-11,8.340850709379e-11
2.551000000000e+01,8.299255944227e-11,8.299255944227e-11,8.299250001265e-11
2.551500000000e+01,8.257863274112e-11,8.257863274112e-11,8.257858968127e-11
2.552000000000e+01,8.216677048771e-11,8.216677048771e-11,8.216671006105e-11
2.552500000000e+01,8.175696238657e-11,8.175696238657e-11,8.175691676263e-11
2.553000000000e+01,8.134919819351e-11,8.134919819351e-11,8.134915840401e-11
2.553500000000e+01,8.094346771539e-11,8.094346771539e-11,8.094342789843e-11
2.554000000000e+01,8.053976080985e-11,8.053976080985e-11,8.053966718462e-11
2.554500000000e+01,8.013806738512e-11,8.013806738512e-11,8.013803080067e-11
2.555000000000e+01,7.973837739967e-11,7.973837739967e-11,7.973830581568e-11
2.555500000000e+01,7.934068086204e-11,7.934068086204e-11,7.934063642776e-11
2.556000000000e+01,7.894496783058e-11,7.894496783058e-11,7.894492544241e-11
2.556500000000e+01,7.855122841316e-11,7.855122841316e-11,7.855116468588e-11
2.557000000000e+01,7.815945276697e-11,7.815945276697e-11,7.815941107793e-11
2.557500000000e+01,7.776963109826e-11,7.776963109826e-11,7.776958399005e-11
2.558000000000e+01,7.738175366211e-11,7.738175366211e-11,7.738170420893e-11
2.558500000000e+01,7.699581076215e-11,7.699581076215e-11,7.699573618905e-11
2.559000000000e+01,7.661179275037e-11,7.661179275037e-11,7.661173109701e-11
2.559500000000e+01,7.622969002682e-11,7.622969002682e-11,7.622960505513e-11
2.560000000000e+01,7.584949303945e-11,7.584949303945e-11,7.584944356311e-11
2.560500000000e+01,7.547119228379e-11,7.547119228379e-11,7.547115020475e-11
2.561000000000e+01,7.509477830277e-11,7.509477830277e-11,7.509470356438e-11
2.561500000000e+01,7.472024168647e-11,7.472024168647e-11,7.472020185812e-11
2.562000000000e+01,7.434757307188e-11,7.434757307188e-11,7.434754458285e-11
2.562500000000e+01,7.397676314265e-11,7.397676314265e-11,7.397675509747e-11
2.563000000000e+01,7.360780262892e-11,7.360780262892e-11,7.360777082812e-11
2.563500000000e+01,7.324068230700e-11,7.324068230700e-11,7.324064532017e-11
2.564000000000e+01,7.287539299921e-11,7.287539299921e-11,7.287536590011e-11
2.564500000000e+01,7.251192557364e-11,7.251192557364e-11,7.251188570374e-11
2.565000000000e+01,7.215027094388e-11,7.215027094388e-11,7.215025484471e-11
2.565500000000e+01,7.179042006886e-11,7.179042006886e-11,7.179040037137e-11
2.566000000000e+01,7.143236395256e-11,7.143236395256e-11,7.143231608708e-11
2.566500000000e+01,7.107609364383e-11,7.107609364383e-11,7.107604331455e-11
2.567000000000e+01,7.072160023616e-11,7.072160023616e-11,7.072157856880e-11
2.567500000000e+01,7.036887486743e-11,7.036887486743e-11,7.036882730302e-11
2.568000000000e+01,7.001790871972e-11,7.001790871972e-11,7.001790238739e-11
2.568500000000e+01,6.966869301907e-11,6.966869301907e-11,6.966867578737e-11
2.569000000000e+01,6.932121903530e-11,6.932121903530e-11,6.932119484388e-11
2.569500000000e+01,6.897547808172e-11,6.897547808172e-11,6.897545198769e-11
2.570000000000e+01,6.863146151499e-11,6.863146151499e-11,6.863142354340e-11
2.570500000000e+01,6.828916073486e-11,6.828916073486e-11,6.828916060960e-11
2.571000000000e+01,6.794856718395e-11,6.794856718395e-11,6.794851802963e-11
2.571500000000e+01,6.760967234758e-11,6.760967234758e-11,6.760966087544e-11
2.572000000000e+01,6.727246775352e-11,6.727246775352e-11,6.727244390632e-11
2.572500000000e+01,6.693694497177e-11,6.693694497177e-11,6.693692327210e-11
2.573000000000e+01,6.660309561439e-11,6.660309561439e-11,6.660308353274e-11
2.573500000000e+01,6.627091133527e-11,6.627091133527e-11,6.627090891324e-11
2.574000000000e+01,6.594038382990e-11,6.594038382990e-11,6.594034985016e-11
2.574500000000e+01,6.561150483520e-11,6.561150483520e-11,6.561146729117e-11
2.575000000000e+01,6.528426612930e-11,6.528426612930e-11,6.528423689497e-11
2.575500000000e+01,6.495865953133e-11,6.495865953133e-11,6.495864910331e-11
2.576000000000e+01,6.463467690119e-11,6.463467690119e-11,6.463468607274e-11
2.576500000000e+01,6.431231013941e-11,6.431231013941e-11,6.431233759354e-11
2.577000000000e+01,6.399155118690e-11,6.399155118690e-11,6.399153792704e-11
2.577500000000e+01,6.367239202475e-11,6.367239202475e-11,6.367238039400e-11
2.578000000000e+01,6.335482467406e-11,6.335482467406e-11,6.335479449957e-11
2.578500000000e+01,6.303884119571e-11,6.303884119571e-11,6.303883238285e-11
2.579000000000e+01,6.272443369016e-11,6.272443369016e-11,6.272439230184e-11
2.579500000000e+01,6.241159429730e-11,6.241159429730e-11,6.241157092803e-11
2.580000000000e+01,6.210031519618e-11,6.210031519618e-11,6.210027437632e-11
2.580500000000e+01,6.179058860489e-11,6.179058860489e-11,6.179056425769e-11
2.581000000000e+01,6.148240678029e-11,6.148240678029e-11,6.148237331785e-11
2.581500000000e+01,6.117576201790e-11,6.117576201790e-11,6.117574188793e-11
2.582000000000e+01,6.087064665163e-11,6.087064665163e-11,6.087058705958e-11
2.582500000000e+01,6.056705305363e-11,6.056705305363e-11,6.056699495758e-11
2.583000000000e+01,6.026497363411e-11,6.026497363411e-11,6.026491600494e-11
2.583500000000e+01,5.996440084112e-11,5.996440084112e-11,5.996437262112e-11
2.584000000000e+01,5.966532716035e-11,5.966532716035e-11,5.966531157129e-11
2.584500000000e+01,5.936774511500e-11,5.936774511500e-11,5.936773001673e-11
2.585000000000e+01,5.907164726555e-11,5.907164726555e-11,5.907161991037e-11
2.585500000000e+01,5.877702620957e-11,5.877702620957e-11,5.877700271891e-11
2.586000000000e+01,5.848387458156e-11,5.848387458156e-11,5.848382327679e-11
2.586500000000e+01,5.819218505275e-11,5.819218505275e-11,5.819216769841e-11
2.587000000000e+01,5.790195033093e-11,5.790195033093e-11,5.790190245625e-11
2.587500000000e+01,5.761316316023e-11,5.761316316023e-11,5.761313649978e-11
2.588000000000e+01,5.732581632100e-11,5.732581632100e-11,5.732578349389e-11
2.588500000000e+01,5.703990262959e-11,5.703990262959e-11,5.703987050009e-11
2.589000000000e+01,5.675541493816e-11,5.675541493816e-11,5.675538851197e-11
2.589500000000e+01,5.647234613453e-11,5.647234613453e-11,5.647233951905e-11
2.590000000000e+01,5.619068914200e-11,5.619068914200e-11,5.619062884709e-11
2.590500000000e+01,5.591043691914e-11,5.591043691914e-11,5.591037803469e-11
2.591000000000e+01,5.563158245967e-11,5.563158245967e-11,5.563154274741e-11
2.591500000000e+01,5.535411879223e-11,5.535411879223e-11,5.535406766035e-11
2.592000000000e+01,5.507803898023e-11,5.507803898023e-11,5.507800689983e-11
2.592500000000e+01,5.480333612168e-11,5.480333612168e-11,5.480331181150e-11
2.593000000000e+01,5.453000334902e-11,5.453000334902e-11,5.452996821574e-11
2.593500000000e+01,5.425803382893e-11,5.425803382893e-11,5.425799768108e-11
2.594000000000e+01,5.398742076218e-11,5.398742076218e-11,5.398739180877e-11
2.594500000000e+01,5.371815738343e-11,5.371815738343e-11,5.371814676822e-11
2.595000000000e+01,5.345023696112e-11,5.345023696112e-11,5.345019786965e-11
2.595500000000e+01,5.318365279723e-11,5.318365279723e-11,5.318361425693e-11
2.596000000000e+01,5.291839822715e-11,5.291839822715e-11,5.291835287548e-11
2.596500000000e+01,5.265446661952e-11,5.265446661952e-11,5.265443400517e-11
2.597000000000e+01,5.239185137606e-11,5.239185137606e-11,5.239181886741e-11
2.597500000000e+01,5.213054593136e-11,5.213054593136e-11,5.213052401948e-11
2.598000000000e+01,5.187054375281e-11,5.187054375281e-11,5.187048449724e-11
2.598500000000e+01,5.161183834034e-11,5.161183834034e-11,5.161178439220e-11
2.599000000000e+01,5.135442322631e-11,5.135442322631e-11,5.135436983564e-11
2.599500000000e+01,5.109829197535e-11,5.109829197535e-11,5.109825912461e-11
2.600000000000e+01,5.084343818416e-11,5.084343818416e-11,5.084339998123e-11
2.600500000000e+01,5.058985548139e-11,5.058985548139e-11,5.058985066837e-11
2.601000000000e+01,5.033753752749e-11,5.033753752749e-11,5.033751629196e-11
2.601500000000e+01,5.008647801448e-11,5.008647801448e-11,5.008646523470e-11
2.602000000000e+01,4.983667066589e-11,4.983667066589e-11,4.983663439850e-11
2.602500000000e+01,4.958810923651e-11,4.958810923651e-11,4.958809564255e-11
2.603000000000e+01,4.934078751231e-11,4.934078751231e-11,4.934075724280e-11
2.603500000000e+01,4.909469931024e-11,4.909469931024e-11,4.909467601769e-11
2.604000000000e+01,4.884983847808e-11,4.884983847808e-11,4.884980739042e-11
2.604500000000e+01,4.860619889431e-11,4.860619889431e-11,4.860616606186e-11
2.605000000000e+01,4.836377446794e-11,4.836377446794e-11,4.836375700047e-11
2.605500000000e+01,4.812255913834e-11,4.812255913834e-11,4.812254009155e-11
2.606000000000e+01,4.788254687512e-11,4.788254687512e-11,4.788253139667e-11
2.606500000000e+01,4.764373167797e-11,4.764373167797e-11,4.764371158883e-11
2.607000000000e+01,4.740610757651e-11,4.740610757651e-11,4.740606602722e-11
2.607500000000e+01,4.716966863011e-11,4.716966863011e-11,4.716962962045e-11
2.608000000000e+01,4.693440892781e-11,4.693440892781e-11,4.693441053358e-11
2.608500000000e+01,4.670032258809e-11,4.670032258809e-11,4.670030886392e-11
2.609000000000e+01,4.646740375880e-11,4.646740375880e-11,4.646740483577e-11
2.609500000000e+01,4.623564661695e-11,4.623564661695e-11,4.623564152059e-11
2.610000000000e+01,4.600504536861e-11,4.600504536861e-11,4.600501780523e-11
2.610500000000e+01,4.577559424873e-11,4.577559424873e-11,4.577556796426e-11
2.611000000000e+01,4.554728752103e-11,4.554728752103e-11,4.554727564585e-11
2.611500000000e+01,4.532011947783e-11,4.532011947783e-11,4.532009485106e-11
2.612000000000e+01,4.509408443993e-11,4.509408443993e-11,4.509402596847e-11
2.612500000000e+01,4.486917675643e-11,4.486917675643e-11,4.486915130567e-11
2.613000000000e+01,4.464539080464e-11,4.464539080464e-11,4.464535986426e-11
2.613500000000e+01,4.442272098989e-11,4.442272098989e-11,4.442269612663e-11
2.614000000000e+01,4.420116174544e-11,4.420116174544e-11,4.420112747403e-11
2.614500000000e+01,4.398070753229e-11,4.398070753229e-11,4.398067465211e-11
2.615000000000e+01,4.376135283908e-11,4.376135283908e-11,4.376130140406e-11
2.615500000000e+01,4.354309218193e-11,4.354309218193e-11,4.354305228317e-11
2.616000000000e+01,4.332592010431e-11,4.332592010431e-11,4.332588977083e-11
2.616500000000e+01,4.310983117692e-11,4.310983117692e-11,4.310982106312e-11
2.617000000000e+01,4.289481999752e-11,4.289481999752e-11,4.289481668549e-11
2.617500000000e+01,4.268088119082e-11,4.268088119082e-11,4.268084934995e-11
2.618000000000e+01,4.246800940835e-11,4.246800940835e-11,4.246796496709e-11
2.618500000000e+01,4.225619932829e-11,4.225619932829e-11,4.225619288997e-11
2.619000000000e+01,4.204544565539e-11,4.204544565539e-11,4.204541619678e-11
2.619500000000e+01,4.183574312079e-11,4.183574312079e-11,4.183571626121e-11
2.620000000000e+01,4.162708648193e-11,4.162708648193e-11,4.162705774274e-11
2.620500000000e+01,4.141947052237e-11,4.141947052237e-11,4.141945361859e-11
2.621000000000e+01,4.121289005171e-11,4.121289005171e-11,4.121286695809e-11
2.621500000000e+01,4.100733990543e-11,4.100733990543e-11,4.100735073927e-11
2.622000000000e+01,4.080281494476e-11,4.080281494476e-11,4.080277050554e-11
2.622500000000e+01,4.059931005657e-11,4.059931005657e-11,4.059924709213e-11
2.623000000000e+01,4.039682015323e-11,4.039682015323e-11,4.039677266149e-11
2.623500000000e+01,4.019534017247e-11,4.019534017247e-11,4.019529940636e-11
2.624000000000e+01,3.999486507730e-11,3.999486507730e-11,3.999484580681e-11
2.624500000000e+01,3.979538985582e-11,3.979538985582e-11,3.979537315936e-11
2.625000000000e+01,3.959690952115e-11,3.959690952115e-11,3.959690955211e-11
2.625500000000e+01,3.939941911126e-11,3.939941911126e-11,3.939942753098e-11
2.626000000000e+01,3.920291368889e-11,3.920291368889e-11,3.920290972539e-11
2.626500000000e+01,3.900738834139e-11,3.900738834139e-11,3.900738158622e-11
2.627000000000e+01,3.881283818061e-11,3.881283818061e-11,3.881284224450e-11
2.627500000000e+01,3.861934798453e-11,3.861934798453e-11,3.861934111714e-11
2.628000000000e+01,3.842681845293e-11,3.842681845293e-11,3.842679286070e-11
2.628500000000e+01,3.823524500772e-11,3.823524500772e-11,3.823522269204e-11
2.629000000000e+01,3.804462308319e-11,3.804462308319e-11,3.804462211834e-11
2.629500000000e+01,3.785494812656e-11,3.785494812656e-11,3.785495896796e-11
2.630000000000e+01,3.766621559833e-11,3.766621559833e-11,3.766619073360e-11
2.630500000000e+01,3.747842097268e-11,3.747842097268e-11,3.747838944734e-11
2.631000000000e+01,3.729155973785e-11,3.729155973785e-11,3.729152635194e-11
2.631500000000e+01,3.710562739650e-11,3.710562739650e-11,3.710559572409e-11
2.632000000000e+01,3.692061946601e-11,3.692061946601e-11,3.692060640262e-11
2.632500000000e+01,3.673653147879e-11,3.673653147879e-11,3.673652876118e-11
2.633000000000e+01,3.655335898255e-11,3.655335898255e-11,3.655336906192e-11
2.633500000000e+01,3.637109754058e-11,3.637109754058e-11,3.637110323887e-11
2.634000000000e+01,3.618974273200e-11,3.618974273200e-11,3.618971883886e-11
2.634500000000e+01,3.600929015198e-11,3.600929015198e-11,3.600930327933e-11
2.635000000000e+01,3.582973541194e-11,3.582973541194e-11,3.582973044824e-11
2.635500000000e+01,3.565107413977e-11,3.565107413977e-11,3.565108893728e-11
2.636000000000e+01,3.547330197999e-11,3.547330197999e-11,3.547330283478e-11
2.636500000000e+01,3.529641459395e-11,3.529641459395e-11,3.529640338954e-11
2.637000000000e+01,3.512040765995e-11,3.512040765995e-11,3.512039809269e-11
2.637500000000e+01,3.494527687341e-11,3.494527687341e-11,3.494528704265e-11
2.638000000000e+01,3.477101794698e-11,3.477101794698e-11,3.477100781176e-11
2.638500000000e+01,3.459762661069e-11,3.459762661069e-11,3.459760494981e-11
2.639000000000e+01,3.442509861202e-11,3.442509861202e-11,3.442507386447e-11
2.639500000000e+01,3.425342971603e-11,3.425342971603e-11,3.425339831533e-11
2.640000000000e+01,3.408261570544e-11,3.408261570544e-11,3.408259767284e-11
2.640500000000e+01,3.391265238072e-11,3.391265238072e-11,3.391266098112e-11
2.641000000000e+01,3.374353556013e-11,3.374353556013e-11,3.374351945165e-11
2.641500000000e+01,3.357526107984e-11,3.357526107984e-11,3.357527649767e-11
2.642000000000e+01,3.340782479393e-11,3.340782479393e-11,3.340780937584e-11
2.642500000000e+01,3.324122257446e-11,3.324122257446e-11,3.324120817165e-11
2.643000000000e+01,3.307545031153e-11,3.307545031153e-11,3.307544558323e-11
2.643500000000e+01,3.291050391328e-11,3.291050391328e-11,3.291049871966e-11
2.644000000000e+01,3.274637930596e-11,3.274637930596e-11,3.274633892407e-11
2.644500000000e+01,3.258307243391e-11,3.258307243391e-11,3.258304150379e-11
2.645000000000e+01,3.242057925961e-11,3.242057925961e-11,3.242055824990e-11
2.645500000000e+01,3.225889576368e-11,3.225889576368e-11,3.225887447920e-11
2.646000000000e+01,3.209801794488e-11,3.209801794488e-11,3.209799879996e-11
2.646500000000e+01,3.193794182013e-11,3.193794182013e-11,3.193788343113e-11
2.647000000000e+01,3.177866342448e-11,3.177866342448e-11,3.177863661226e-11
2.647500000000e+01,3.162017881114e-11,3.162017881114e-11,3.162015669102e-11
2.648000000000e+01,3.146248405143e-11,3.146248405143e-11,3.146246720969e-11
2.648500000000e+01,3.130557523481e-11,3.130557523481e-11,3.130552977673e-11
2.649000000000e+01,3.114944846880e-11,3.114944846880e-11,3.114945316348e-11
2.649500000000e+01,3.099409987904e-11,3.099409987904e-11,3.099409090674e-11
2.650000000000e+01,3.083952560918e-11,3.083952560918e-11,3.083947175601e-11
2.650500000000e+01,3.068572182091e-11,3.068572182091e-11,3.068571230617e-11
2.651000000000e+01,3.053268469392e-11,3.053268469392e-11,3.053265638462e-11
2.651500000000e+01,3.038041042583e-11,3.038041042583e-11,3.038039555146e-11
2.652000000000e+01,3.022889523222e-11,3.022889523222e-11,3.022885889135e-11
2.652500000000e+01,3.007813534653e-11,3.007813534653e-11,3.007813272040e-11
2.653000000000e+01,2.992812702003e-11,2.992812702003e-11,2.992809661303e-11
2.653500000000e+01,2.977886652183e-11,2.977886652183e-11,2.977885030747e-11
2.654000000000e+01,2.963035013874e-11,2.963035013874e-11,2.963029132651e-11
2.654500000000e+01,2.948257417533e-11,2.948257417533e-11,2.948249410449e-11
2.655000000000e+01,2.933553495379e-11,2.933553495379e-11,2.933550312236e-11
2.655500000000e+01,2.918922881395e-11,2.918922881395e-11,2.918916672779e-11
2.656000000000e+01,2.904365211317e-11,2.904365211317e-11,2.904358449098e-11
2.656500000000e+01,2.889880122632e-11,2.889880122632e-11,2.889879643499e-11
2.657000000000e+01,2.875467254573e-11,2.875467254573e-11,2.875467488692e-11
2.657500000000e+01,2.861126248111e-11,2.861126248111e-11,2.861127872970e-11
2.658000000000e+01,2.846856745950e-11,2.846856745950e-11,2.846854157689e-11
2.658500000000e+01,2.832658392524e-11,2.832658392524e-11,2.832655657552e-11
2.659000000000e+01,2.818530833986e-11,2.818530833986e-11,2.818531794002e-11
2.659500000000e+01,2.804473718206e-11,2.804473718206e-11,2.804470000972e-11
2.660000000000e+01,2.790486694762e-11,2.790486694762e-11,2.790484325822e-11
2.660500000000e+01,2.776569414938e-11,2.776569414938e-11,2.776564355799e-11
2.661000000000e+01,2.762721531710e-11,2.762721531710e-11,2.762718080365e-11
2.661500000000e+01,2.748942699751e-11,2.748942699751e-11,2.748938364946e-11
2.662000000000e+01,2.735232575412e-11,2.735232575412e-11,2.735226639524e-11
2.662500000000e+01,2.721590816724e-11,2.721590816724e-11,2.721583229094e-11
2.663000000000e+01,2.708017083390e-11,2.708017083390e-11,2.708014594281e-11
2.663500000000e+01,2.694511036775e-11,2.694511036775e-11,2.694507193602e-11
2.664000000000e+01,2.681072339903e-11,2.681072339903e-11,2.681069851568e-11
2.664500000000e+01,2.667700657448e-11,2.667700657448e-11,2.667694899840e-11
2.665000000000e+01,2.654395655729e-11,2.654395655729e-11,2.654391650785e-11
2.665500000000e+01,2.641157002701e-11,2.641157002701e-11,2.641152179815e-11
2.666000000000e+01,2.627984367951e-11,2.627984367951e-11,2.627979669994e-11
2.666500000000e+01,2.614877422687e-11,2.614877422687e-11,2.614871751076e-11
2.667000000000e+01,2.601835839735e-11,2.601835839735e-11,2.601829634577e-11
2.667500000000e+01,2.588859293532e-11,2.588859293532e-11,2.588854242779e-11
2.668000000000e+01,2.575947460116e-11,2.575947460116e-11,2.575942622825e-11
2.668500000000e+01,2.563100017121e-11,2.563100017121e-11,2.563096135233e-11
2.669000000000e+01,2.550316643769e-11,2.550316643769e-11,2.550316708084e-11
2.669500000000e+01,2.537597020867e-11,2.537597020867e-11,2.537588441252e-11
2.670000000000e+01,2.524940830792e-11,2.524940830792e-11,2.524936690612e-11
2.670500000000e+01,2.512347757492e-11,2.512347757492e-11,2.512339982789e-11
2.671000000000e+01,2.499817486476e-11,2.499817486476e-11,2.499816400279e-11
2.671500000000e+01,2.487349704804e-11,2.487349704804e-11,2.487340870795e-11
2.672000000000e+01,2.474944101085e-11,2.474944101085e-11,2.474947186022e-11
2.672500000000e+01,2.462600365467e-11,2.462600365467e-11,2.462594914057e-11
2.673000000000e+01,2.450318189631e-11,2.450318189631e-11,2.450317508476e-11
2.673500000000e+01,2.438097266782e-11,2.438097266782e-11,2.438094550387e-11
2.674000000000e+01,2.425937291646e-11,2.425937291646e-11,2.425933592284e-11
2.674500000000e+01,2.413837960458e-11,2.413837960458e-11,2.413832805613e-11
2.675000000000e+01,2.401798970960e-11,2.401798970960e-11,2.401801741957e-11
2.675500000000e+01,2.389820022391e-11,2.389820022391e-11,2.389817122305e-11
2.676000000000e+01,2.377900815478e-11,2.377900815478e-11,2.377900903816e-11
2.676500000000e+01,2.366041052436e-11,2.366041052436e-11,2.366036113639e-11
2.677000000000e+01,2.354240436953e-11,2.354240436953e-11,2.354239784029e-11
2.677500000000e+01,2.342498674189e-11,2.342498674189e-11,2.342496974055e-11
2.678000000000e+01,2.330815470764e-11,2.330815470764e-11,2.330814352950e-11
2.678500000000e+01,2.319190534758e-11,2.319190534758e-11,2.319187574220e-11
2.679000000000e+01,2.307623575697e-11,2.307623575697e-11,2.307624095775e-11
2.679500000000e+01,2.296114304549e-11,2.296114304549e-11,2.296109614101e-11
2.680000000000e+01,2.284662433719e-11,2.284662433719e-11,2.284662925114e-11
2.680500000000e+01,2.273267677039e-11,2.273267677039e-11,2.273267412242e-11
2.681000000000e+01,2.261929749763e-11,2.261929749763e-11,2.261931772664e-11
2.681500000000e+01,2.250648368558e-11,2.250648368558e-11,2.250645818083e-11
2.682000000000e+01,2.239423251503e-11,2.239423251503e-11,2.239422142707e-11
2.682500000000e+01,2.228254118075e-11,2.228254118075e-11,2.228255479141e-11
2.683000000000e+01,2.217140689145e-11,2.217140689145e-11,2.217141528571e-11
2.683500000000e+01,2.206082686973e-11,2.206082686973e-11,2.206079493415e-11
2.684000000000e+01,2.195079835201e-11,2.195079835201e-11,2.195080287810e-11
2.684500000000e+01,2.184131858843e-11,2.184131858843e-11,2.184128717870e-11
2.685000000000e+01,2.173238484282e-11,2.173238484282e-11,2.173238516533e-11
2.685500000000e+01,2.162399439262e-11,2.162399439262e-11,2.162398307620e-11
2.686000000000e+01,2.151614452881e-11,2.151614452881e-11,2.151613596599e-11
2.686500000000e+01,2.140883255585e-11,2.140883255585e-11,2.140878780655e-11
2.687000000000e+01,2.130205579161e-11,2.130205579161e-11,2.130205159396e-11
2.687500000000e+01,2.119581156731e-11,2.119581156731e-11,2.119580994667e-11
2.688000000000e+01,2.109009722745e-11,2.109009722745e-11,2.109011287830e-11
2.688500000000e+01,2.098491012976e-11,2.098491012976e-11,2.098488467983e-11
2.689000000000e+01,2.088024764509e-11,2.088024764509e-11,2.088028209944e-11
2.689500000000e+01,2.077610715742e-11,2.077610715742e-11,2.077610383453e-11
2.690000000000e+01,2.067248606373e-11,2.067248606373e-11,2.067250974602e-11
2.690500000000e+01,2.056938177396e-11,2.056938177396e-11,2.056939663648e-11
2.691000000000e+01,2.046679171095e-11,2.046679171095e-11,2.046684170962e-11
2.691500000000e+01,2.036471331038e-11,2.036471331038e-11,2.036470741446e-11
2.692000000000e+01,2.026314402069e-11,2.026314402069e-11,2.026316852411e-11
2.692500000000e+01,2.016208130303e-11,2.016208130303e-11,2.016210178456e-11
2.693000000000e+01,2.006152263122e-11,2.006152263122e-11,2.006154744740e-11
2.693500000000e+01,1.996146549161e-11,1.996146549161e-11,1.996145494052e-11
2.694000000000e+01,1.986190738313e-11,1.986190738313e-11,1.986192969276e-11
2.694500000000e+01,1.976284581712e-11,1.976284581712e-11,1.976282058773e-11
2.695000000000e+01,1.966427831736e-11,1.966427831736e-11,1.966429081855e-11
2.695500000000e+01,1.956620241993e-11,1.956620241993e-11,1.956618837266e-11
2.696000000000e+01,1.946861567321e-11,1.946861567321e-11,1.946861214171e-11
2.696500000000e+01,1.937151563779e-11,1.937151563779e-11,1.937152252879e-11
2.697000000000e+01,1.927489988641e-11,1.927489988641e-11,1.927488517218e-11
2.697500000000e+01,1.917876600391e-11,1.917876600391e-11,1.917870654898e-11
2.698000000000e+01,1.908311158717e-11,1.908311158717e-11,1.908310311943e-11
2.698500000000e+01,1.898793424502e-11,1.898793424502e-11,1.898789769898e-11
2.699000000000e+01,1.889323159824e-11,1.889323159824e-11,1.889323219843e-11
2.699500000000e+01,1.879900127945e-11,1.879900127945e-11,1.879898868430e-11
2.700000000000e+01,1.870524093308e-11,1.870524093308e-11,1.870519986563e-11
2.700500000000e+01,1.861194821527e-11,1.861194821527e-11,1.861192561828e-11
2.701000000000e+01,1.851912079389e-11,1.851912079389e-11,1.851914442879e-11
2.701500000000e+01,1.842675634839e-11,1.842675634839e-11,1.842670722013e-11
2.702000000000e+01,1.833485256981e-11,1.833485256981e-11,1.833479025277e-11
2.702500000000e+01,1.824340716070e-11,1.824340716070e-11,1.824334702984e-11
2.703000000000e+01,1.815241783505e-11,1.815241783505e-11,1.815240775943e-11
2.703500000000e+01,1.806188231826e-11,1.806188231826e-11,1.806182259695e-11
2.704000000000e+01,1.797179834705e-11,1.797179834705e-11,1.797176893956e-11
2.704500000000e+01,1.788216366944e-11,1.788216366944e-11,1.788214034363e-11
2.705000000000e+01,1.779297604467e-11,1.779297604467e-11,1.779295272363e-11
2.705500000000e+01,1.770423324316e-11,1.770423324316e-11,1.770416923634e-11
2.706000000000e+01,1.761593304642e-11,1.761593304642e-11,1.761591756830e-11
2.706500000000e+01,1.752807324704e-11,1.752807324704e-11,1.752797579009e-11
2.707000000000e+01,1.744065164862e-11,1.744065164862e-11,1.744064861625e-11
2.707500000000e+01,1.735366606570e-11,1.735366606570e-11,1.735360751941e-11
2.708000000000e+01,1.726711432372e-11,1.726711432372e-11,1.726706118282e-11
2.708500000000e+01,1.718099425896e-11,1.718099425896e-11,1.718092237891e-11
2.709000000000e+01,1.709530371849e-11,1.709530371849e-11,1.709527834675e-11
2.709500000000e+01,1.701004056010e-11,1.701004056010e-11,1.700998317266e-11
2.710000000000e+01,1.692520265230e-11,1.692520265230e-11,1.692515037209e-11
2.710500000000e+01,1.684078787418e-11,1.684078787418e-11,1.684071289566e-11
2.711000000000e+01,1.675679411543e-11,1.675679411543e-11,1.675682501843e-11
2.711500000000e+01,1.667321927628e-11,1.667321927628e-11,1.667316076970e-11
2.712000000000e+01,1.659006126739e-11,1.659006126739e-11,1.659001720873e-11
2.712500000000e+01,1.650731800986e-11,1.650731800986e-11,1.650725208103e-11
2.713000000000e+01,1.642498743516e-11,1.642498743516e-11,1.642499541592e-11
2.713500000000e+01,1.634306748507e-11,1.634306748507e-11,1.634302164130e-11
2.714000000000e+01,1.626155611163e-11,1.626155611163e-11,1.626151164983e-11
2.714500000000e+01,1.618045127710e-11,1.618045127710e-11,1.618037072642e-11
2.715000000000e+01,1.609975095389e-11,1.609975095389e-11,1.609974666347e-11
2.715500000000e+01,1.601945312453e-11,1.601945312453e-11,1.601938929736e-11
2.716000000000e+01,1.593955578160e-11,1.593955578160e-11,1.593957347901e-11
2.716500000000e+01,1.586005692770e-11,1.586005692770e-11,1.585999997008e-11
2.717000000000e+01,1.578095457540e-11,1.578095457540e-11,1.578098349984e-11
2.717500000000e+01,1.570224674716e-11,1.570224674716e-11,1.570222845166e-11
2.718000000000e+01,1.562393147531e-11,1.562393147531e-11,1.562391568519e-11
2.718500000000e+01,1.554600680200e-11,1.554600680200e-11,1.554593790234e-11
2.719000000000e+01,1.546847077912e-11,1.546847077912e-11,1.546850163051e-11
2.719500000000e+01,1.539132146831e-11,1.539132146831e-11,1.539128643236e-11
2.720000000000e+01,1.531455694085e-11,1.531455694085e-11,1.531454786114e-11
2.720500000000e+01,1.523817527765e-11,1.523817527765e-11,1.523810901728e-11
2.721000000000e+01,1.516217456918e-11,1.516217456918e-11,1.516218963998e-11
2.721500000000e+01,1.508655291545e-11,1.508655291545e-11,1.508649427001e-11
2.722000000000e+01,1.501130842593e-11,1.501130842593e-11,1.501129558488e-11
2.722500000000e+01,1.493643921952e-11,1.493643921952e-11,1.493639905326e-11
2.723000000000e+01,1.486194342451e-11,1.486194342451e-11,1.486193940376e-11
2.723500000000e+01,1.478781917851e-11,1.478781917851e-11,1.478778827805e-11
2.724000000000e+01,1.471406462844e-11,1.471406462844e-11,1.471404456165e-11
2.724500000000e+01,1.464067793044e-11,1.464067793044e-11,1.464065327283e-11
2.725000000000e+01,1.456765724985e-11,1.456765724985e-11,1.456771510250e-11
2.725500000000e+01,1.449500076117e-11,1.449500076117e-11,1.449494078104e-11
2.726000000000e+01,1.442270664800e-11,1.442270664800e-11,1.442269030114e-11
2.726500000000e+01,1.435077310300e-11,1.435077310300e-11,1.435072823272e-11
2.727000000000e+01,1.427919832782e-11,1.427919832782e-11,1.427921600158e-11
2.727500000000e+01,1.420798053312e-11,1.420798053312e-11,1.420794174603e-11
2.728000000000e+01,1.413711793845e-11,1.413711793845e-11,1.413711068731e-11
2.728500000000e+01,1.406660877226e-11,1.406660877226e-11,1.406656476820e-11
2.729000000000e+01,1.399645127183e-11,1.399645127183e-11,1.399643027552e-11
2.729500000000e+01,1.392664368321e-11,1.392664368321e-11,1.392660658918e-11
2.730000000000e+01,1.385718426123e-11,1.385718426123e-11,1.385718585711e-11
2.730500000000e+01,1.378807126942e-11,1.378807126942e-11,1.378805126764e-11
2.731000000000e+01,1.371930297993e-11,1.371930297993e-11,1.371932204282e-11
2.731500000000e+01,1.365087767359e-11,1.365087767359e-11,1.365084848989e-11
2.732000000000e+01,1.358279363975e-11,1.358279363975e-11,1.358281882405e-11
2.732500000000e+01,1.351504917632e-11,1.351504917632e-11,1.351506181909e-11
2.733000000000e+01,1.344764258969e-11,1.344764258969e-11,1.344768114978e-11
2.733500000000e+01,1.338057219469e-11,1.338057219469e-11,1.338057783457e-11
2.734000000000e+01,1.331383631458e-11,1.331383631458e-11,1.331388794007e-11
2.734500000000e+01,1.324743328096e-11,1.324743328096e-11,1.324741565448e-11
2.735000000000e+01,1.318136143375e-11,1.318136143375e-11,1.318140321285e-11
2.735500000000e+01,1.311561912116e-11,1.311561912116e-11,1.311562353961e-11
2.736000000000e+01,1.305020469963e-11,1.305020469963e-11,1.305022396885e-11
2.736500000000e+01,1.298511653381e-11,1.298511653381e-11,1.298508997224e-11
2.737000000000e+01,1.292035299648e-11,1.292035299648e-11,1.292039840478e-11
2.737500000000e+01,1.285591246857e-11,1.285591246857e-11,1.285589644887e-11
2.738000000000e+01,1.279179333906e-11,1.279179333906e-11,1.279180732830e-11
2.738500000000e+01,1.272799400498e-11,1.272799400498e-11,1.272801731612e-11
2.739000000000e+01,1.266451287133e-11,1.266451287133e-11,1.266456112047e-11
2.739500000000e+01,1.260134835109e-11,1.260134835109e-11,1.260135420615e-11
2.740000000000e+01,1.253849886516e-11,1.253849886516e-11,1.253850860741e-11
2.740500000000e+01,1.247596284229e-11,1.247596284229e-11,1.247594140977e-11
2.741000000000e+01,1.241373871907e-11,1.241373871907e-11,1.241381126608e-11
2.741500000000e+01,1.235182493992e-11,1.235182493992e-11,1.235183741292e-11
2.742000000000e+01,1.229021995698e-11,1.229021995698e-11,1.229021728526e-11
2.742500000000e+01,1.222892223012e-11,1.222892223012e-11,1.222888551395e-11
2.743000000000e+01,1.216793022691e-11,1.216793022691e-11,1.216795264543e-11
2.743500000000e+01,1.210724242255e-11,1.210724242255e-11,1.210719740643e-11
2.744000000000e+01,1.204685729983e-11,1.204685729983e-11,1.204685872307e-11
2.744500000000e+01,1.198677334912e-11,1.198677334912e-11,1.198674083162e-11
2.745000000000e+01,1.192698906834e-11,1.192698906834e-11,1.192699744022e-11
2.745500000000e+01,1.186750296287e-11,1.186750296287e-11,1.186747826298e-11
2.746000000000e+01,1.180831354555e-11,1.180831354555e-11,1.180829128255e-11
2.746500000000e+01,1.174941933665e-11,1.174941933665e-11,1.174938354735e-11
2.747000000000e+01,1.169081886381e-11,1.169081886381e-11,1.169082644195e-11
2.747500000000e+01,1.163251066203e-11,1.163251066203e-11,1.163244367319e-11
2.748000000000e+01,1.157449327358e-11,1.157449327358e-11,1.157447510741e-11
2.748500000000e+01,1.151676524804e-11,1.151676524804e-11,1.151668687554e-11
2.749000000000e+01,1.145932514221e-11,1.145932514221e-11,1.145933583274e-11
2.749500000000e+01,1.140217152008e-11,1.140217152008e-11,1.140216696504e-11
2.750000000000e+01,1.134530295280e-11,1.134530295280e-11,1.134531576109e-11
2.750500000000e+01,1.128871801867e-11,1.128871801867e-11,1.128865800344e-11
2.751000000000e+01,1.123241530305e-11,1.123241530305e-11,1.123241883444e-11
2.751500000000e+01,1.117639339838e-11,1.117639339838e-11,1.117638250860e-11
2.752000000000e+01,1.112065090410e-11,1.112065090410e-11,1.112062698177e-11
2.752500000000e+01,1.106518642666e-11,1.106518642666e-11,1.106517579265e-11
2.753000000000e+01,1.100999857944e-11,1.100999857944e-11,1.101002904577e-11
2.753500000000e+01,1.095508598274e-11,1.095508598274e-11,1.095506543190e-11
2.754000000000e+01,1.090044726374e-11,1.090044726374e-11,1.090045842102e-11
2.754500000000e+01,1.084608105648e-11,1.084608105648e-11,1.084605221917e-11
2.755000000000e+01,1.079198600179e-11,1.079198600179e-11,1.079200599787e-11
2.755500000000e+01,1.073816074730e-11,1.073816074730e-11,1.073811776614e-11
2.756000000000e+01,1.068460394738e-11,1.068460394738e-11,1.068458637102e-11
2.756500000000e+01,1.063131426310e-11,1.063131426310e-11,1.063126287785e-11
2.757000000000e+01,1.057829036221e-11,1.057829036221e-11,1.057832299181e-11
2.757500000000e+01,1.052553091913e-11,1.052553091913e-11,1.052549859593e-11
2.758000000000e+01,1.047303461485e-11,1.047303461485e-11,1.047304619657e-11
2.758500000000e+01,1.042080013698e-11,1.042080013698e-11,1.042073549773e-11
2.759000000000e+01,1.036882617964e-11,1.036882617964e-11,1.036883400566e-11
2.759500000000e+01,1.031711144349e-11,1.031711144349e-11,1.031709258040e-11
2.760000000000e+01,1.026565463565e-11,1.026565463565e-11,1.026568716185e-11
2.760500000000e+01,1.021445446971e-11,1.021445446971e-11,1.021444463587e-11
2.761000000000e+01,1.016350966564e-11,1.016350966564e-11,1.016352279814e-11
2.761500000000e+01,1.011281894985e-11,1.011281894985e-11,1.011281331492e-11
2.762000000000e+01,1.006238105504e-11,1.006238105504e-11,1.006240844472e-11
2.762500000000e+01,1.001219472028e-11,1.001219472028e-11,1.001220790683e-11
2.763000000000e+01,9.962258690906e-12,9.962258690906e-12,9.962296204874e-12
2.763500000000e+01,9.912571718509e-12,9.912571718509e-12,9.912525473975e-12
2.764000000000e+01,9.863132560915e-12,9.863132560915e-12,9.863171460640e-12
2.764500000000e+01,9.813939982142e-12,9.813939982142e-12,9.813946927229e-12
2.765000000000e+01,9.764992752375e-12,9.764992752375e-12,9.765033178144e-12
2.765500000000e+01,9.716289647931e-12,9.716289647931e-12,9.716300831111e-12
2.766000000000e+01,9.667829451228e-12,9.667829451228e-12,9.667847804796e-12
2.766500000000e+01,9.619610950761e-12,9.619610950761e-12,9.619578470618e-12
2.767000000000e+01,9.571632941064e-12,9.571632941064e-12,9.571662608394e-12
2.767500000000e+01,9.523894222685e-12,9.523894222685e-12,9.523882510840e-12
2.768000000000e+01,9.476393602154e-12,9.476393602154e-12,9.476391869986e-12
2.768500000000e+01,9.429129891952e-12,9.429129891952e-12,9.429111421846e-12
2.769000000000e+01,9.382101910485e-12,9.382101910485e-12,9.382126662106e-12
2.769500000000e+01,9.335308482051e-12,9.335308482051e-12,9.335295522800e-12
2.770000000000e+01,9.288748436812e-12,9.288748436812e-12,9.288744377277e-12
2.770500000000e+01,9.242420610765e-12,9.242420610765e-12,9.242411567329e-12
2.771000000000e+01,9.196323845711e-12,9.196323845711e-12,9.196349679453e-12
2.771500000000e+01,9.150456989230e-12,9.150456989230e-12,9.150435831017e-12
2.772000000000e+01,9.104818894647e-12,9.104818894647e-12,9.104814729543e-12
2.772500000000e+01,9.059408421009e-12,9.059408421009e-12,9.059350664074e-12
2.773000000000e+01,9.014224433050e-12,9.014224433050e-12,9.014264225113e-12
2.773500000000e+01,8.969265801169e-12,8.969265801169e-12,8.969242411731e-12
2.774000000000e+01,8.924531401398e-12,8.924531401398e-12,8.924548996513e-12
2.774500000000e+01,8.880020115375e-12,8.880020115375e-12,8.879987473243e-12
2.775000000000e+01,8.835730830316e-12,8.835730830316e-12,8.835768118695e-12
2.775500000000e+01,8.791662438985e-12,8.791662438985e-12,8.791628100231e-12
2.776000000000e+01,8.747813839672e-12,8.747813839672e-12,8.747820232274e-12
2.776500000000e+01,8.704183936158e-12,8.704183936158e-12,8.704160368110e-12
2.777000000000e+01,8.660771637695e-12,8.660771637695e-12,8.660825122093e-12
2.777500000000e+01,8.617587668586e-12,8.617587668586e-12,8.617570999412e-12
2.778000000000e+01,8.574618504458e-12,8.574618504458e-12,8.574604910575e-12
2.778500000000e+01,8.531863102058e-12,8.531863102058e-12,8.531838351623e-12
2.779000000000e+01,8.489320421964e-12,8.489320421964e-12,8.489360446914e-12
2.779500000000e+01,8.446989428636e-12,8.446989428636e-12,8.446942880023e-12
2.780000000000e+01,8.404869090460e-12,8.404869090460e-12,8.404885164233e-12
2.780500000000e+01,8.362958379786e-12,8.362958379786e-12,8.362925275030e-12
2.781000000000e+01,8.321256272970e-12,8.321256272970e-12,8.321276113531e-12
2.781500000000e+01,8.279761750405e-12,8.279761750405e-12,8.279763091494e-12
2.782000000000e+01,8.238473796555e-12,8.238473796555e-12,8.238510838997e-12
2.782500000000e+01,8.197391399984e-12,8.197391399984e-12,8.197358296970e-12
2.783000000000e+01,8.156513553381e-12,8.156513553381e-12,8.156536712581e-12
2.783500000000e+01,8.115839253587e-12,8.115839253587e-12,8.115833309658e-12
2.784000000000e+01,8.075367501614e-12,8.075367501614e-12,8.075335286481e-12
2.784500000000e+01,8.035097302668e-12,8.035097302668e-12,8.035066802799e-12
2.785000000000e+01,7.995027666162e-12,7.995027666162e-12,7.995070843279e-12
2.785500000000e+01,7.955157605736e-12,7.955157605736e-12,7.955144880885e-12
2.786000000000e+01,7.915486139269e-12,7.915486139269e-12,7.915494036102e-12
2.786500000000e+01,7.876012288891e-12,7.876012288891e-12,7.876013884691e-12
2.787000000000e+01,7.836735080994e-12,7.836735080994e-12,7.836792679471e-12
2.787500000000e+01,7.797653546241e-12,7.797653546241e-12,7.797644861562e-12
2.788000000000e+01,7.758766719570e-12,7.758766719570e-12,7.758783726088e-12
2.788500000000e+01,7.720073640205e-12,7.720073640205e-12,7.720066097179e-12
2.789000000000e+01,7.681573351657e-12,7.681573351657e-12,7.681614859155e-12
2.789500000000e+01,7.643264901729e-12,7.643264901729e-12,7.643278149897e-12
2.790000000000e+01,7.605147342514e-12,7.605147342514e-12,7.605169717747e-12
2.790500000000e+01,7.567219730404e-12,7.567219730404e-12,7.567207657888e-12
2.791000000000e+01,7.529481126079e-12,7.529481126079e-12,7.529518809640e-12
2.791500000000e+01,7.491930594516e-12,7.491930594516e-12,7.491937896280e-12
2.792000000000e+01,7.454567204980e-12,7.454567204980e-12,7.454603411823e-12
2.792500000000e+01,7.417390031023e-12,7.417390031023e-12,7.417390570745e-12
2.793000000000e+01,7.380398150480e-12,7.380398150480e-12,7.380441266232e-12
2.793500000000e+01,7.343590645464e-12,7.343590645464e-12,7.343589154147e-12
2.794000000000e+01,7.306966602360e-12,7.306966602360e-12,7.307027115384e-12
2.794500000000e+01,7.270525111819e-12,7.270525111819e-12,7.270527277065e-12
2.795000000000e+01,7.234265268751e-12,7.234265268751e-12,7.234301784447e-12
2.795500000000e+01,7.198186172319e-12,7.198186172319e-12,7.198196120241e-12
2.796000000000e+01,7.162286925924e-12,7.162286925924e-12,7.162336021197e-12
2.796500000000e+01,7.126566637204e-12,7.126566637204e-12,7.126573688607e-12
2.797000000000e+01,7.091024418022e-12,7.091024418022e-12,7.091056676128e-12
2.797500000000e+01,7.055659384454e-12,7.055659384454e-12,7.055673247748e-12
2.798000000000e+01,7.020470656777e-12,7.020470656777e-12,7.020485364569e-12
2.798500000000e+01,6.985457359466e-12,6.985457359466e-12,6.985435152364e-12
2.799000000000e+01,6.950618621173e-12,6.950618621173e-12,6.950673358774e-12
2.799500000000e+01,6.915953574722e-12,6.915953574722e-12,6.915939458223e-12
2.800000000000e+01,6.881461357093e-12,6.881461357093e-12,6.881461227116e-12
2.800500000000e+01,6.847141109410e-12,6.847141109410e-12,6.847164634868e-12
2.801000000000e+01,6.812991976932e-12,6.812991976932e-12,6.813053117248e-12
2.801500000000e+01,6.779013109034e-12,6.779013109034e-12,6.778981663550e-12
2.802000000000e+01,6.745203659196e-12,6.745203659196e-12,6.745237281909e-12
2.802500000000e+01,6.711562784990e-12,6.711562784990e-12,6.711595129830e-12
2.803000000000e+01,6.678089648067e-12,6.678089648067e-12,6.678155181199e-12
2.803500000000e+01,6.644783414138e-12,6.644783414138e-12,6.644753446512e-12
2.804000000000e+01,6.611643252966e-12,6.611643252966e-12,6.611664105662e-12
2.804500000000e+01,6.578668338344e-12,6.578668338344e-12,6.578667634870e-12
2.805000000000e+01,6.545857848087e-12,6.545857848087e-12,6.545819194269e-12
2.805500000000e+01,6.513210964013e-12,6.513210964013e-12,6.513218351421e-12
2.806000000000e+01,6.480726871928e-12,6.480726871928e-12,6.480763209671e-12
2.806500000000e+01,6.448404761613e-12,6.448404761613e-12,6.448394923592e-12
2.807000000000e+01,6.416243826803e-12,6.416243826803e-12,6.416251043803e-12
2.807500000000e+01,6.384243265180e-12,6.384243265180e-12,6.384219129535e-12
2.808000000000e+01,6.352402278348e-12,6.352402278348e-12,6.352440321563e-12
2.808500000000e+01,6.320720071823e-12,6.320720071823e-12,6.320745215706e-12
2.809000000000e+01,6.289195855016e-12,6.289195855016e-12,6.289233699707e-12
2.809500000000e+01,6.257828841214e-12,6.257828841214e-12,6.257823546487e-12
2.810000000000e+01,6.226618247570e-12,6.226618247570e-12,6.226628904661e-12
2.810500000000e+01,6.195563295078e-12,6.195563295078e-12,6.195579402974e-12
2.811000000000e+01,6.164663208564e-12,6.164663208564e-12,6.164689483704e-12
2.811500000000e+01,6.133917216668e-12,6.133917216668e-12,6.133871810235e-12
2.812000000000e+01,6.103324551824e-12,6.103324551824e-12,6.103298607729e-12
2.812500000000e+01,6.072884450248e-12,6.072884450248e-12,6.072841328449e-12
2.813000000000e+01,6.042596151920e-12,6.042596151920e-12,6.042628593940e-12
2.813500000000e+01,6.012458900565e-12,6.012458900565e-12,6.012455011923e-12
2.814000000000e+01,5.982471943641e-12,5.982471943641e-12,5.982474841499e-12
2.814500000000e+01,5.952634532319e-12,5.952634532319e-12,5.952623163157e-12
2.815000000000e+01,5.922945921467e-12,5.922945921467e-12,5.922971137910e-12
2.815500000000e+01,5.893405369634e-12,5.893405369634e-12,5.893404534809e-12
2.816000000000e+01,5.864012139033e-12,5.864012139033e-12,5.864005305487e-12
2.816500000000e+01,5.834765495525e-12,5.834765495525e-12,5.834754716232e-12
2.817000000000e+01,5.805664708601e-12,5.805664708601e-12,5.805703131404e-12
2.817500000000e+01,5.776709051368e-12,5.776709051368e-12,5.776676404681e-12
2.818000000000e+01,5.747897800528e-12,5.747897800528e-12,5.747893763589e-12
2.818500000000e+01,5.719230236367e-12,5.719230236367e-12,5.719206088450e-12
2.819000000000e+01,5.690705642734e-12,5.690705642734e-12,5.690741557746e-12
2.819500000000e+01,5.662323307025e-12,5.662323307025e-12,5.662293941309e-12
2.820000000000e+01,5.634082520169e-12,5.634082520169e-12,5.634084484867e-12
2.820500000000e+01,5.605982576609e-12,5.605982576609e-12,5.605978148344e-12
2.821000000000e+01,5.578022774287e-12,5.578022774287e-12,5.578010409238e-12
2.821500000000e+01,5.550202414628e-12,5.550202414628e-12,5.550189415748e-12
2.822000000000e+01,5.522520802520e-12,5.522520802520e-12,5.522533958685e-12
2.822500000000e+01,5.494977246302e-12,5.494977246302e-12,5.494937036732e-12
2.823000000000e+01,5.467571057745e-12,5.467571057745e-12,5.467563163555e-12
2.823500000000e+01,5.440301552038e-12,5.440301552038e-12,5.440276851662e-12
2.824000000000e+01,5.413168047768e-12,5.413168047768e-12,5.413173619167e-12
2.824500000000e+01,5.386169866908e-12,5.386169866908e-12,5.386175774549e-12
2.825000000000e+01,5.359306334798e-12,5.359306334798e-12,5.359333829909e-12
2.825500000000e+01,5.332576780131e-12,5.332576780131e-12,5.332565990068e-12
2.826000000000e+01,5.305980534934e-12,5.305980534934e-12,5.305978898802e-12
2.826500000000e+01,5.279516934554e-12,5.279516934554e-12,5.279513240330e-12
2.827000000000e+01,5.253185317643e-12,5.253185317643e-12,5.253207108341e-12
2.827500000000e+01,5.226985026139e-12,5.226985026139e-12,5.226962956686e-12
2.828000000000e+01,5.200915405254e-12,5.200915405254e-12,5.200907510659e-12
2.828500000000e+01,5.174975803454e-12,5.174975803454e-12,5.174975531579e-12
2.829000000000e+01,5.149165572445e-12,5.149165572445e-12,5.149183915907e-12
2.829500000000e+01,5.123484067161e-12,5.123484067161e-12,5.123490260399e-12
2.830000000000e+01,5.097930645741e-12,5.097930645741e-12,5.097914239589e-12
2.830500000000e+01,5.072504669520e-12,5.072504669520e-12,5.072467064350e-12
2.831000000000e+01,5.047205503010e-12,5.047205503010e-12,5.047194009000e-12
2.831500000000e+01,5.022032513884e-12,5.022032513884e-12,5.021986788517e-12
2.832000000000e+01,4.996985072964e-12,4.996985072964e-12,4.996963305153e-12
2.832500000000e+01,4.972062554202e-12,4.972062554202e-12,4.972065584475e-12
2.833000000000e+01,4.947264334667e-12,4.947264334667e-12,4.947280486683e-12
2.833500000000e+01,4.922589794529e-12,4.922589794529e-12,4.922576753343e-12
2.834000000000e+01,4.898038317044e-12,4.898038317044e-12,4.898009451424e-12
2.834500000000e+01,4.873609288537e-12,4.873609288537e-12,4.873598261368e-12
2.835000000000e+01,4.849302098391e-12,4.849302098391e-12,4.849319943685e-12
2.835500000000e+01,4.825116139029e-12,4.825116139029e-12,4.825095683297e-12
2.836000000000e+01,4.801050805898e-12,4.801050805898e-12,4.801061710508e-12
2.836500000000e+01,4.777105497459e-12,4.777105497459e-12,4.777104740598e-12
2.837000000000e+01,4.753279615165e-12,4.753279615165e-12,4.753288092585e-12
2.837500000000e+01,4.729572563455e-12,4.729572563455e-12,4.729567291878e-12
2.838000000000e+01,4.705983749730e-12,4.705983749730e-12,4.705998207792e-12
2.838500000000e+01,4.682512584347e-12,4.682512584347e-12,4.682482245904e-12
2.839000000000e+01,4.659158480598e-12,4.659158480598e-12,4.659169939336e-12
2.839500000000e+01,4.635920854698e-12,4.635920854698e-12,4.635894198195e-12
2.840000000000e+01,4.612799125772e-12,4.612799125772e-12,4.612781902600e-12
2.840500000000e+01,4.589792715839e-12,4.589792715839e-12,4.589793176489e-12
2.841000000000e+01,4.566901049796e-12,4.566901049796e-12,4.566942290182e-12
2.841500000000e+01,4.544123555407e-12,4.544123555407e-12,4.544106474347e-12
2.842000000000e+01,4.521459663289e-12,4.521459663289e-12,4.521450682783e-12
2.842500000000e+01,4.498908806894e-12,4.498908806894e-12,4.498889149767e-12
2.843000000000e+01,4.476470422498e-12,4.476470422498e-12,4.476498490719e-12
2.843500000000e+01,4.454143949188e-12,4.454143949188e-12,4.454101669397e-12
2.844000000000e+01,4.431928828845e-12,4.431928828845e-12,4.431933742452e-12
2.844500000000e+01,4.409824506131e-12,4.409824506131e-12,4.409811677905e-12
2.845000000000e+01,4.387830428478e-12,4.387830428478e-12,4.387855214106e-12
2.845500000000e+01,4.365946046070e-12,4.365946046070e-12,4.365935781691e-12
2.846000000000e+01,4.344170811834e-12,4.344170811834e-12,4.344183324911e-12
2.846500000000e+01,4.322504181421e-12,4.322504181421e-12,4.322509551727e-12
2.847000000000e+01,4.300945613197e-12,4.300945613197e-12,4.300951029516e-12
2.847500000000e+01,4.279494568229e-12,4.279494568229e-12,4.279472822780e-12
2.848000000000e+01,4.258150510269e-12,4.258150510269e-12,4.258126493724e-12
2.848500000000e+01,4.236912905743e-12,4.236912905743e-12,4.236920093714e-12
2.849000000000e+01,4.215781223735e-12,4.215781223735e-12,4.215805811200e-12
2.849500000000e+01,4.194754935980e-12,4.194754935980e-12,4.194711317984e-12
2.850000000000e+01,4.173833516842e-12,4.173833516842e-12,4.173825512857e-12
2.850500000000e+01,4.153016443308e-12,4.153016443308e-12,4.152996881678e-12
2.851000000000e+01,4.132303194973e-12,4.132303194973e-12,4.132317293770e-12
2.851500000000e+01,4.111693254025e-12,4.111693254025e-12,4.111668865816e-12
2.852000000000e+01,4.091186105233e-12,4.091186105233e-12,4.091195857280e-12
2.852500000000e+01,4.070781235939e-12,4.070781235939e-12,4.070782120439e-12
2.853000000000e+01,4.050478136036e-12,4.050478136036e-12,4.050487688485e-12
2.853500000000e+01,4.030276297963e-12,4.030276297963e-12,4.030263117497e-12
2.854000000000e+01,4.010175216689e-12,4.010175216689e-12,4.010168465903e-12
2.854500000000e+01,3.990174389703e-12,3.990174389703e-12,3.990142855639e-12
2.855000000000e+01,3.970273316996e-12,3.970273316996e-12,3.970255632703e-12
2.855500000000e+01,3.950471501056e-12,3.950471501056e-12,3.950459518075e-12
2.856000000000e+01,3.930768446848e-12,3.930768446848e-12,3.930782534949e-12
2.856500000000e+01,3.911163661809e-12,3.911163661809e-12,3.911158780550e-12
2.857000000000e+01,3.891656655830e-12,3.891656655830e-12,3.891667191570e-12
2.857500000000e+01,3.872246941246e-12,3.872246941246e-12,3.872221359374e-12
2.858000000000e+01,3.852934032824e-12,3.852934032824e-12,3.852932857995e-12
2.858500000000e+01,3.833717447751e-12,3.833717447751e-12,3.833708483477e-12
2.859000000000e+01,3.814596705620e-12,3.814596705620e-12,3.814595293032e-12
2.859500000000e+01,3.795571328423e-12,3.795571328423e-12,3.795527195178e-12
2.860000000000e+01,3.776640840532e-12,3.776640840532e-12,3.776635490884e-12
2.860500000000e+01,3.757804768693e-12,3.757804768693e-12,3.757797221881e-12
2.861000000000e+01,3.739062642011e-12,3.739062642011e-12,3.739047808795e-12
2.861500000000e+01,3.720413991940e-12,3.720413991940e-12,3.720391763709e-12
2.862000000000e+01,3.701858352270e-12,3.701858352270e-12,3.701834856598e-12
2.862500000000e+01,3.683395259115e-12,3.683395259115e-12,3.683347527461e-12
2.863000000000e+01,3.665024250904e-12,3.665024250904e-12,3.665004493040e-12
2.863500000000e+01,3.646744868368e-12,3.646744868368e-12,3.646707387887e-12
2.864000000000e+01,3.628556654526e-12,3.628556654526e-12,3.628509548889e-12
2.864500000000e+01,3.610459154678e-12,3.610459154678e-12,3.610464586891e-12
2.865000000000e+01,3.592451916392e-12,3.592451916392e-12,3.592459877721e-12
2.865500000000e+01,3.574534489489e-12,3.574534489489e-12,3.574491883525e-12
2.866000000000e+01,3.556706426040e-12,3.556706426040e-12,3.556683796961e-12
2.866500000000e+01,3.538967280345e-12,3.538967280345e-12,3.538947247032e-12
2.867000000000e+01,3.521316608930e-12,3.521316608930e-12,3.521328633615e-12
2.867500000000e+01,3.503753970531e-12,3.503753970531e-12,3.503735843386e-12
2.868000000000e+01,3.486278926086e-12,3.486278926086e-12,3.486283643549e-12
2.868500000000e+01,3.468891038721e-12,3.468891038721e-12,3.468880774956e-12
2.869000000000e+01,3.451589873741e-12,3.451589873741e-12,3.451581139312e-12
2.869500000000e+01,3.434374998621e-12,3.434374998621e-12,3.434335068185e-12
2.870000000000e+01,3.417245982990e-12,3.417245982990e-12,3.417238028099e-12
2.870500000000e+01,3.400202398626e-12,3.400202398626e-12,3.400175348436e-12
2.871000000000e+01,3.383243819441e-12,3.383243819441e-12,3.383206256086e-12
2.871500000000e+01,3.366369821472e-12,3.366369821472e-12,3.366310687624e-12
2.872000000000e+01,3.349579982872e-12,3.349579982872e-12,3.349567662827e-12
2.872500000000e+01,3.332873883895e-12,3.332873883895e-12,3.332880970687e-12
2.873000000000e+01,3.316251106892e-12,3.316251106892e-12,3.316263475252e-12
2.873500000000e+01,3.299711236294e-12,3.299711236294e-12,3.299691384467e-12
2.874000000000e+01,3.283253858606e-12,3.283253858606e-12,3.283231420849e-12
2.874500000000e+01,3.266878562394e-12,3.266878562394e-12,3.266838486882e-12
2.875000000000e+01,3.250584938277e-12,3.250584938277e-12,3.250601692759e-12
2.875500000000e+01,3.234372578917e-12,3.234372578917e-12,3.234327486711e-12
2.876000000000e+01,3.218241079004e-12,3.218241079004e-12,3.218239567194e-12
2.876500000000e+01,3.202190035252e-12,3.202190035252e-12,3.202155437900e-12
2.877000000000e+01,3.186219046385e-12,3.186219046385e-12,3.186229803005e-12
2.877500000000e+01,3.170327713131e-12,3.170327713131e-12,3.170308727515e-12
2.878000000000e+01,3.154515638206e-12,3.154515638206e-12,3.154523237115e-12
2.878500000000e+01,3.138782426308e-12,3.138782426308e-12,3.138747549037e-12
2.879000000000e+01,3.123127684109e-12,3.123127684109e-12,3.123122801742e-12
2.879500000000e+01,3.107551020240e-12,3.107551020240e-12,3.107554301188e-12
2.880000000000e+01,3.092052045284e-12,3.092052045284e-12,3.092034300276e-12
2.880500000000e+01,3.076630371768e-12,3.076630371768e-12,3.076638642305e-12
2.881000000000e+01,3.061285614150e-12,3.061285614150e-12,3.061323125406e-12
2.881500000000e+01,3.046017388812e-12,3.046017388812e-12,3.045983823546e-12
2.882000000000e+01,3.030825314048e-12,3.030825314048e-12,3.030804127279e-12
2.882500000000e+01,3.015709010056e-12,3.015709010056e-12,3.015701682913e-12
2.883000000000e+01,3.000668098928e-12,3.000668098928e-12,3.000700082039e-12
2.883500000000e+01,2.985702204643e-12,2.985702204643e-12,2.985686875907e-12
2.884000000000e+01,2.970810953053e-12,2.970810953053e-12,2.970832506450e-12
2.884500000000e+01,2.955993971877e-12,2.955993971877e-12,2.955996956788e-12
2.885000000000e+01,2.941250890689e-12,2.941250890689e-12,2.941259490107e-12
2.885500000000e+01,2.926581340913e-12,2.926581340913e-12,2.926572601025e-12
2.886000000000e+01,2.911984955810e-12,2.911984955810e-12,2.912006880604e-12
2.886500000000e+01,2.897461370470e-12,2.897461370470e-12,2.897442116708e-12
2.887000000000e+01,2.883010221804e-12,2.883010221804e-12,2.883009894287e-12
2.887500000000e+01,2.868631148532e-12,2.868631148532e-12,2.868632119645e-12
2.888000000000e+01,2.854323791178e-12,2.854323791178e-12,2.854351633103e-12
2.888500000000e+01,2.840087792057e-12,2.840087792057e-12,2.840125913659e-12
2.889000000000e+01,2.825922795269e-12,2.825922795269e-12,2.825938497700e-12
2.889500000000e+01,2.811828446690e-12,2.811828446690e-12,2.811827346958e-12
2.890000000000e+01,2.797804393959e-12,2.797804393959e-12,2.797820049175e-12
2.890500000000e+01,2.783850286475e-12,2.783850286475e-12,2.783857095776e-12
2.891000000000e+01,2.769965775386e-12,2.769965775386e-12,2.769988228366e-12
2.891500000000e+01,2.756150513578e-12,2.756150513578e-12,2.756125894013e-12
2.892000000000e+01,2.742404155669e-12,2.742404155669e-12,2.742434218099e-12
2.892500000000e+01,2.728726358000e-12,2.728726358000e-12,2.728743910030e-12
2.893000000000e+01,2.715116778626e-12,2.715116778626e-12,2.715143010269e-12
2.893500000000e+01,2.701575077307e-12,2.701575077307e-12,2.701569400221e-12
2.894000000000e+01,2.688100915499e-12,2.688100915499e-12,2.688107700574e-12
2.894500000000e+01,2.674693956349e-12,2.674693956349e-12,2.674667544295e-12
2.895000000000e+01,2.661353864681e-12,2.661353864681e-12,2.661340270210e-12
2.895500000000e+01,2.648080306994e-12,2.648080306994e-12,2.648067716291e-12
2.896000000000e+01,2.634872951448e-12,2.634872951448e-12,2.634865072439e-12
2.896500000000e+01,2.621731467858e-12,2.621731467858e-12,2.621732656745e-12
2.897000000000e+01,2.608655527687e-12,2.608655527687e-12,2.608675781251e-12
2.897500000000e+01,2.595644804036e-12,2.595644804036e-12,2.595622031829e-12
2.898000000000e+01,2.582698971637e-12,2.582698971637e-12,2.582673525317e-12
2.898500000000e+01,2.569817706842e-12,2.569817706842e-12,2.569812812482e-12
2.899000000000e+01,2.557000687621e-12,2.557000687621e-12,2.557011101578e-12
2.899500000000e+01,2.544247593547e-12,2.544247593547e-12,2.544230357307e-12
2.900000000000e+01,2.531558105791e-12,2.531558105791e-12,2.531601783623e-12
2.900500000000e+01,2.518931907117e-12,2.518931907117e-12,2.518948169423e-12
2.901000000000e+01,2.506368681870e-12,2.506368681870e-12,2.506384569962e-12
2.901500000000e+01,2.493868115967e-12,2.493868115967e-12,2.493834244933e-12
2.902000000000e+01,2.481429896894e-12,2.481429896894e-12,2.481435456931e-12
2.902500000000e+01,2.469053713695e-12,2.469053713695e-12,2.469040510230e-12
2.903000000000e+01,2.456739256966e-12,2.456739256966e-12,2.456727959745e-12
2.903500000000e+01,2.444486218843e-12,2.444486218843e-12,2.444452425498e-12
2.904000000000e+01,2.432294293001e-12,2.432294293001e-12,2.432306280836e-12
2.904500000000e+01,2.420163174642e-12,2.420163174642e-12,2.420144793063e-12
2.905000000000e+01,2.408092560485e-12,2.408092560485e-12,2.408136620220e-12
2.905500000000e+01,2.396082148766e-12,2.396082148766e-12,2.396050488921e-12
2.906000000000e+01,2.384131639224e-12,2.384131639224e-12,2.384112819698e-12
2.906500000000e+01,2.372240733096e-12,2.372240733096e-12,2.372206877783e-12
2.907000000000e+01,2.360409133108e-12,2.360409133108e-12,2.360423070160e-12
2.907500000000e+01,2.348636543469e-12,2.348636543469e-12,2.348629485894e-12
2.908000000000e+01,2.336922669865e-12,2.336922669865e-12,2.336947911370e-12
2.908500000000e+01,2.325267219448e-12,2.325267219448e-12,2.325249753356e-12
2.909000000000e+01,2.313669900832e-12,2.313669900832e-12,2.313718318454e-12
2.909500000000e+01,2.302130424082e-12,2.302130424082e-12,2.302113552520e-12
2.910000000000e+01,2.290648500711e-12,2.290648500711e-12,2.290672613402e-12
2.910500000000e+01,2.279223843672e-12,2.279223843672e-12,2.279246178580e-12
2.911000000000e+01,2.267856167346e-12,2.267856167346e-12,2.267866627839e-12
2.911500000000e+01,2.256545187541e-12,2.256545187541e-12,2.256553412471e-12
2.912000000000e+01,2.245290621482e-12,2.245290621482e-12,2.245310131555e-12
2.912500000000e+01,2.234092187805e-12,2.234092187805e-12,2.234112755586e-12
2.913000000000e+01,2.222949606549e-12,2.222949606549e-12,2.223021843125e-12
2.913500000000e+01,2.211862599147e-12,2.211862599147e-12,2.211833475468e-12
2.914000000000e+01,2.200830888425e-12,2.200830888425e-12,2.200863602209e-12
2.914500000000e+01,2.189854198589e-12,2.189854198589e-12,2.189904143103e-12
2.915000000000e+01,2.178932255221e-12,2.178932255221e-12,2.178985254249e-12
2.915500000000e+01,2.168064785272e-12,2.168064785272e-12,2.168055229081e-12
2.916000000000e+01,2.157251517055e-12,2.157251517055e-12,2.157307012834e-12
2.916500000000e+01,2.146492180238e-12,2.146492180238e-12,2.146470056750e-12
2.917000000000e+01,2.135786505837e-12,2.135786505837e-12,2.135793823638e-12
2.917500000000e+01,2.125134226209e-12,2.125134226209e-12,2.125136463744e-12
2.918000000000e+01,2.114535075047e-12,2.114535075047e-12,2.114526670781e-12
2.918500000000e+01,2.103988787371e-12,2.103988787371e-12,2.103979616255e-12
2.919000000000e+01,2.093495099524e-12,2.093495099524e-12,2.093501632742e-12
2.919500000000e+01,2.083053749163e-12,2.083053749163e-12,2.083025680387e-12
2.920000000000e+01,2.072664475254e-12,2.072664475254e-12,2.072694070317e-12
2.920500000000e+01,2.062327018065e-12,2.062327018065e-12,2.062341292487e-12
2.921000000000e+01,2.052041119157e-12,2.052041119157e-12,2.052102067724e-12
2.921500000000e+01,2.041806521385e-12,2.041806521385e-12,2.041812685437e-12
2.922000000000e+01,2.031622968881e-12,2.031622968881e-12,2.031643979801e-12
2.922500000000e+01,2.021490207057e-12,2.021490207057e-12,2.021463949854e-12
2.923000000000e+01,2.011407982593e-12,2.011407982593e-12,2.011434971943e-12
2.923500000000e+01,2.001376043433e-12,2.001376043433e-12,2.001369550615e-12
2.924000000000e+01,1.991394138779e-12,1.991394138779e-12,1.991417651298e-12
2.924500000000e+01,1.981462019081e-12,1.981462019081e-12,1.981453814141e-12
2.925000000000e+01,1.971579436036e-12,1.971579436036e-12,1.971618392911e-12
2.925500000000e+01,1.961746142580e-12,1.961746142580e-12,1.961740106337e-12
2.926000000000e+01,1.951961892880e-12,1.951961892880e-12,1.951959494498e-12
2.926500000000e+01,1.942226442328e-12,1.942226442328e-12,1.942175094175e-12
2.927000000000e+01,1.932539547538e-12,1.932539547538e-12,1.932543022836e-12
2.927500000000e+01,1.922902522164e-12,1.922902522164e-12,1.922882949440e-12
2.928000000000e+01,1.913313485776e-12,1.913313485776e-12,1.913299051406e-12
2.928500000000e+01,1.903772202728e-12,1.903772202728e-12,1.903757819614e-12
2.929000000000e+01,1.894278438370e-12,1.894278438370e-12,1.894301768278e-12
2.929500000000e+01,1.884831959050e-12,1.884831959050e-12,1.884804569105e-12
2.930000000000e+01,1.875432532118e-12,1.875432532118e-12,1.875433671721e-12
2.930500000000e+01,1.866079925929e-12,1.866079925929e-12,1.866067293003e-12
2.931000000000e+01,1.856773909845e-12,1.856773909845e-12,1.856819464943e-12
2.931500000000e+01,1.847514254239e-12,1.847514254239e-12,1.847516907024e-12
2.932000000000e+01,1.838300730496e-12,1.838300730496e-12,1.838324380483e-12
2.932500000000e+01,1.829133111011e-12,1.829133111011e-12,1.829094723341e-12
2.933000000000e+01,1.820011169197e-12,1.820011169197e-12,1.819987835845e-12
2.933500000000e+01,1.810934679478e-12,1.810934679478e-12,1.810893653426e-12
2.934000000000e+01,1.801903417299e-12,1.801903417299e-12,1.801902131085e-12
2.934500000000e+01,1.792917159114e-12,1.792917159114e-12,1.792881898451e-12
2.935000000000e+01,1.783975682400e-12,1.783975682400e-12,1.783985050275e-12
2.935500000000e+01,1.775078765644e-12,1.775078765644e-12,1.775023625663e-12
2.936000000000e+01,1.766226188350e-12,1.766226188350e-12,1.766243896889e-12
2.936500000000e+01,1.757417731039e-12,1.757417731039e-12,1.757398178210e-12
2.937000000000e+01,1.748653175242e-12,1.748653175242e-12,1.748699200786e-12
2.937500000000e+01,1.739932303503e-12,1.739932303503e-12,1.739901932162e-12
2.938000000000e+01,1.731254899380e-12,1.731254899380e-12,1.731262436894e-12
2.938500000000e+01,1.722620747438e-12,1.722620747438e-12,1.722592691315e-12
2.939000000000e+01,1.714029633250e-12,1.714029633250e-12,1.714079459261e-12
2.939500000000e+01,1.705481343397e-12,1.705481343397e-12,1.705456932206e-12
2.940000000000e+01,1.696975665463e-12,1.696975665463e-12,1.696950904940e-12
2.940500000000e+01,1.688512388035e-12,1.688512388035e-12,1.688489383892e-12
2.941000000000e+01,1.680091300700e-12,1.680091300700e-12,1.680104558313e-12
2.941500000000e+01,1.671712194043e-12,1.671712194043e-12,1.671705660375e-12
2.942000000000e+01,1.663374859643e-12,1.663374859643e-12,1.663400383013e-12
2.942500000000e+01,1.655079090072e-12,1.655079090072e-12,1.655075723190e-12
2.943000000000e+01,1.646824678895e-12,1.646824678895e-12,1.646867545158e-12
2.943500000000e+01,1.638611420660e-12,1.638611420660e-12,1.638618141077e-12
2.944000000000e+01,1.630439110901e-12,1.630439110901e-12,1.630430481495e-12
2.944500000000e+01,1.622307546135e-12,1.622307546135e-12,1.622302247002e-12
2.945000000000e+01,1.614216523855e-12,1.614216523855e-12,1.614238672173e-12
2.945500000000e+01,1.606165842532e-12,1.606165842532e-12,1.606167608578e-12
2.946000000000e+01,1.598155301607e-12,1.598155301607e-12,1.598156604844e-12
2.946500000000e+01,1.590184701490e-12,1.590184701490e-12,1.590197035800e-12
2.947000000000e+01,1.582253843558e-12,1.582253843558e-12,1.582274946067e-12
2.947500000000e+01,1.574362530150e-12,1.574362530150e-12,1.574322629304e-12
2.948000000000e+01,1.566510564562e-12,1.566510564562e-12,1.566505637677e-12
2.948500000000e+01,1.558697751048e-12,1.558697751048e-12,1.558683464018e-12
2.949000000000e+01,1.550923894812e-12,1.550923894812e-12,1.550894051019e-12
2.949500000000e+01,1.543188802007e-12,1.543188802007e-12,1.543151882564e-12
2.950000000000e+01,1.535492279730e-12,1.535492279730e-12,1.535466538985e-12
2.950500000000e+01,1.527834136022e-12,1.527834136022e-12,1.527809880122e-12
2.951000000000e+01,1.520214179856e-12,1.520214179856e-12,1.520217541872e-12
2.951500000000e+01,1.512632221144e-12,1.512632221144e-12,1.512595483535e-12
2.952000000000e+01,1.505088070726e-12,1.505088070726e-12,1.505098031136e-12
2.952500000000e+01,1.497581540367e-12,1.497581540367e-12,1.497605497900e-12
2.953000000000e+01,1.490112442755e-12,1.490112442755e-12,1.490117836748e-12
2.953500000000e+01,1.482680591499e-12,1.482680591499e-12,1.482709870103e-12
2.954000000000e+01,1.475285801119e-12,1.475285801119e-12,1.475277606229e-12
2.954500000000e+01,1.467927887050e-12,1.467927887050e-12,1.467918907016e-12
2.955000000000e+01,1.460606665630e-12,1.460606665630e-12,1.460590572180e-12
2.955500000000e+01,1.453321954104e-12,1.453321954104e-12,1.453300787803e-12
2.956000000000e+01,1.446073570615e-12,1.446073570615e-12,1.446066633348e-12
2.956500000000e+01,1.438861334199e-12,1.438861334199e-12,1.438838514497e-12
2.957000000000e+01,1.431685064788e-12,1.431685064788e-12,1.431671553642e-12
2.957500000000e+01,1.424544583198e-12,1.424544583198e-12,1.424503453723e-12
2.958000000000e+01,1.417439711130e-12,1.417439711130e-12,1.417435777647e-12
2.958500000000e+01,1.410370271167e-12,1.410370271167e-12,1.410322577277e-12
2.959000000000e+01,1.403336086764e-12,1.403336086764e-12,1.403297372132e-12
2.959500000000e+01,1.396336982251e-12,1.396336982251e-12,1.396308954787e-12
2.960000000000e+01,1.389372782824e-12,1.389372782824e-12,1.389358012287e-12
2.960500000000e+01,1.382443314544e-12,1.382443314544e-12,1.382428207108e-12
2.961000000000e+01,1.375548404333e-12,1.375548404333e-12,1.375514988647e-12
2.961500000000e+01,1.368687879969e-12,1.368687879969e-12,1.368636521596e-12
2.962000000000e+01,1.361861570079e-12,1.361861570079e-12,1.361827957591e-12
2.962500000000e+01,1.355069304144e-12,1.355069304144e-12,1.355043156707e-12
2.963000000000e+01,1.348310912485e-12,1.348310912485e-12,1.348317781437e-12
2.963500000000e+01,1.341586226265e-12,1.341586226265e-12,1.341564240650e-12
2.964000000000e+01,1.334895077485e-12,1.334895077485e-12,1.334875203625e-12
2.964500000000e+01,1.328237298976e-12,1.328237298976e-12,1.328222781150e-12
2.965000000000e+01,1.321612724400e-12,1.321612724400e-12,1.321590881136e-12
2.965500000000e+01,1.315021188243e-12,1.315021188243e-12,1.314974701907e-12
2.966000000000e+01,1.308462525812e-12,1.308462525812e-12,1.308472088893e-12
2.966500000000e+01,1.301936573232e-12,1.301936573232e-12,1.301908317314e-12
2.967000000000e+01,1.295443167440e-12,1.295443167440e-12,1.295428437838e-12
2.967500000000e+01,1.288982146184e-12,1.288982146184e-12,1.288936409551e-12
2.968000000000e+01,1.282553348016e-12,1.282553348016e-12,1.282540410946e-12
2.968500000000e+01,1.276156612290e-12,1.276156612290e-12,1.276163166633e-12
2.969000000000e+01,1.269791779160e-12,1.269791779160e-12,1.269812383910e-12
2.969500000000e+01,1.263458689571e-12,1.263458689571e-12,1.263456944354e-12
2.970000000000e+01,1.257157185260e-12,1.257157185260e-12,1.257154459709e-12
2.970500000000e+01,1.250887108751e-12,1.250887108751e-12,1.250832769011e-12
2.971000000000e+01,1.244648303349e-12,1.244648303349e-12,1.244646924091e-12
2.971500000000e+01,1.238440613140e-12,1.238440613140e-12,1.238405029544e-12
2.972000000000e+01,1.232263882983e-12,1.232263882983e-12,1.232208418139e-12
2.972500000000e+01,1.226117958510e-12,1.226117958510e-12,1.226079561379e-12
2.973000000000e+01,1.220002686121e-12,1.220002686121e-12,1.219986890031e-12
2.973500000000e+01,1.213917912978e-12,1.213917912978e-12,1.213896144315e-12
2.974000000000e+01,1.207863487005e-12,1.207863487005e-12,1.207880652211e-12
2.974500000000e+01,1.201839256881e-12,1.201839256881e-12,1.201832169540e-12
2.975000000000e+01,1.195845072041e-12,1.195845072041e-12,1.195838654599e-12
2.975500000000e+01,1.189880782666e-12,1.189880782666e-12,1.189855436132e-12
2.976000000000e+01,1.183946239684e-12,1.183946239684e-12,1.183940695214e-12
2.976500000000e+01,1.178041294765e-12,1.178041294765e-12,1.178017268321e-12
2.977000000000e+01,1.172165800316e-12,1.172165800316e-12,1.172157091012e-12
2.977500000000e+01,1.166319609480e-12,1.166319609480e-12,1.166285694869e-12
2.978000000000e+01,1.160502576132e-12,1.160502576132e-12,1.160530091094e-12
2.978500000000e+01,1.154714554872e-12,1.154714554872e-12,1.154720530923e-12
2.979000000000e+01,1.148955401026e-12,1.148955401026e-12,1.148946206499e-12
2.979500000000e+01,1.143224970639e-12,1.143224970639e-12,1.143148883865e-12
2.980000000000e+01,1.137523120475e-12,1.137523120475e-12,1.137540521715e-12
2.980500000000e+01,1.131849708009e-12,1.131849708009e-12,1.131840832906e-12
2.981000000000e+01,1.126204591427e-12,1.126204591427e-12,1.126187393208e-12
2.981500000000e+01,1.120587629621e-12,1.120587629621e-12,1.120567696837e-12
2.982000000000e+01,1.114998682186e-12,1.114998682186e-12,1.115002303379e-12
2.982500000000e+01,1.109437609417e-12,1.109437609417e-12,1.109428959999e-12
2.983000000000e+01,1.103904272303e-12,1.103904272303e-12,1.103897966356e-12
2.983500000000e+01,1.098398532529e-12,1.098398532529e-12,1.098367513068e-12
2.984000000000e+01,1.092920252466e-12,1.092920252466e-12,1.092907235072e-12
2.984500000000e+01,1.087469295172e-12,1.087469295172e-12,1.087454139629e-12
2.985000000000e+01,1.082045524387e-12,1.082045524387e-12,1.082061096766e-12
2.985500000000e+01,1.076648804530e-12,1.076648804530e-12,1.076654513718e-12
2.986000000000e+01,1.071279000696e-12,1.071279000696e-12,1.071288800717e-12
2.986500000000e+01,1.065935978652e-12,1.065935978652e-12,1.065940067425e-12
2.987000000000e+01,1.060619604833e-12,1.060619604833e-12,1.060615080167e-12
2.987500000000e+01,1.055329746342e-12,1.055329746342e-12,1.055290945376e-12
2.988000000000e+01,1.050066270942e-12,1.050066270942e-12,1.050041777579e-12
2.988500000000e+01,1.044829047056e-12,1.044829047056e-12,1.044805372170e-12
2.989000000000e+01,1.039617943763e-12,1.039617943763e-12,1.039598502626e-12
2.989500000000e+01,1.034432830794e-12,1.034432830794e-12,1.034411899353e-12
2.990000000000e+01,1.029273578530e-12,1.029273578530e-12,1.029282308344e-12
2.990500000000e+01,1.024140057998e-12,1.024140057998e-12,1.024109435534e-12
2.991000000000e+01,1.019032140867e-12,1.019032140867e-12,1.019031248554e-12
2.991500000000e+01,1.013949699446e-12,1.013949699446e-12,1.013929484247e-12
2.992000000000e+01,1.008892606681e-12,1.008892606681e-12,1.008871997344e-12
2.992500000000e+01,1.003860736152e-12,1.003860736152e-12,1.003846490005e-12
2.993000000000e+01,9.988539620681e-13,9.988539620681e-13,9.988418896982e-13
2.993500000000e+01,9.938721592653e-13,9.938721592653e-13,9.938404855950e-13
2.994000000000e+01,9.889152032044e-13,9.889152032044e-13,9.889277007389e-13
2.994500000000e+01,9.839829699669e-13,9.839829699669e-13,9.839776977974e-13
2.995000000000e+01,9.790753362518e-13,9.790753362518e-13,9.791068014398e-13
2.995500000000e+01,9.741921793732e-13,9.741921793732e-13,9.741752980458e-13
2.996000000000e+01,9.693333772566e-13,9.693333772566e-13,9.693392829310e-13
2.996500000000e+01,9.644988084362e-13,9.644988084362e-13,9.644774138254e-13
2.997000000000e+01,9.596883520520e-13,9.596883520520e-13,9.596794919146e-13
2.997500000000e+01,9.549018878463e-13,9.549018878463e-13,9.548736497456e-13
2.998000000000e+01,9.501392961613e-13,9.501392961613e-13,9.501399916442e-13
2.998500000000e+01,9.454004579355e-13,9.454004579355e-13,9.453866009168e-13
2.999000000000e+01,9.406852547014e-13,9.406852547014e-13,9.407012292460e-13
2.999500000000e+01,9.359935685820e-13,9.359935685820e-13,9.359536540145e-13
3.000000000000e+01,9.313252822881e-13,9.313252822881e-13,9.313245075388e-13
3.000500000000e+01,9.266802791154e-13,9.266802791154e-13,9.266809197627e-13
3.001000000000e+01,9.220584429413e-13,9.220584429413e-13,9.220833985709e-13
3.001500000000e+01,9.174596582226e-13,9.174596582226e-13,9.174694230241e-13
3.002000000000e+01,9.128838099919e-13,9.128838099919e-13,9.129064423532e-13
3.002500000000e+01,9.083307838555e-13,9.083307838555e-13,9.083240011427e-13
3.003000000000e+01,9.038004659896e-13,9.038004659896e-13,9.038102248053e-13
3.003500000000e+01,8.992927431384e-13,8.992927431384e-13,8.992708811128e-13
3.004000000000e+01,8.948075026108e-13,8.948075026108e-13,8.947856813112e-13
3.004500000000e+01,8.903446322775e-13,8.903446322775e-13,8.903302791562e-13
3.005000000000e+01,8.859040205685e-13,8.859040205685e-13,8.858966128402e-13
3.005500000000e+01,8.814855564701e-13,8.814855564701e-13,8.814896973348e-13
3.006000000000e+01,8.770891295222e-13,8.770891295222e-13,8.771220059210e-13
3.006500000000e+01,8.727146298157e-13,8.727146298157e-13,8.727071899995e-13
3.007000000000e+01,8.683619479893e-13,8.683619479893e-13,8.683782778948e-13
3.007500000000e+01,8.640309752274e-13,8.640309752274e-13,8.640210102282e-13
3.008000000000e+01,8.597216032567e-13,8.597216032567e-13,8.597105821956e-13
3.008500000000e+01,8.554337243442e-13,8.554337243442e-13,8.554056535809e-13
3.009000000000e+01,8.511672312940e-13,8.511672312940e-13,8.511700940290e-13
3.009500000000e+01,8.469220174447e-13,8.469220174447e-13,8.469040632011e-13
3.010000000000e+01,8.426979766670e-13,8.426979766670e-13,8.426811974057e-13
3.010500000000e+01,8.384950033608e-13,8.384950033608e-13,8.384922461106e-13
3.011000000000e+01,8.343129924525e-13,8.343129924525e-13,8.343029337331e-13
3.011500000000e+01,8.301518393926e-13,8.301518393926e-13,8.301076663181e-13
3.012000000000e+01,8.260114401532e-13,8.260114401532e-13,8.259831136316e-13
3.012500000000e+01,8.218916912249e-13,8.218916912250e-13,8.218769451862e-13
3.013000000000e+01,8.177924896147e-13,8.177924896147e-13,8.177766778865e-13
3.013500000000e+01,8.137137328431e-13,8.137137328431e-13,8.136869906083e-13
3.014000000000e+01,8.096553189419e-13,8.096553189419e-13,8.096482273641e-13
3.014500000000e+01,8.056171464511e-13,8.056171464511e-13,8.056209983108e-13
3.015000000000e+01,8.015991144169e-13,8.015991144169e-13,8.015803123882e-13
3.015500000000e+01,7.976011223892e-13,7.976011223892e-13,7.975431915241e-13
3.016000000000e+01,7.936230704184e-13,7.936230704184e-13,7.936030602272e-13
3.016500000000e+01,7.896648590537e-13,7.896648590537e-13,7.896351701635e-13
3.017000000000e+01,7.857263893402e-13,7.857263893402e-13,7.857192012140e-13
3.017500000000e+01,7.818075628165e-13,7.818075628165e-13,7.817830850550e-13
3.018000000000e+01,7.779082815123e-13,7.779082815123e-13,7.778845112473e-13
3.018500000000e+01,7.740284479458e-13,7.740284479458e-13,7.740143230256e-13
3.019000000000e+01,7.701679651215e-13,7.701679651215e-13,7.701423106615e-13
3.019500000000e+01,7.663267365275e-13,7.663267365275e-13,7.662583848866e-13
3.020000000000e+01,7.625046661334e-13,7.625046661334e-13,7.624588216690e-13
3.020500000000e+01,7.587016583876e-13,7.587016583876e-13,7.586787586559e-13
3.021000000000e+01,7.549176182152e-13,7.549176182152e-13,7.549024653997e-13
3.021500000000e+01,7.511524510152e-13,7.511524510152e-13,7.511031529867e-13
3.022000000000e+01,7.474060626588e-13,7.474060626588e-13,7.473763783421e-13
3.022500000000e+01,7.436783594862e-13,7.436783594862e-13,7.436685408111e-13
3.023000000000e+01,7.399692483051e-13,7.399692483051e-13,7.399523150714e-13
3.023500000000e+01,7.362786363878e-13,7.362786363878e-13,7.362215523357e-13
3.024000000000e+01,7.326064314690e-13,7.326064314690e-13,7.325910135701e-13
3.024500000000e+01,7.289525417438e-13,7.289525417438e-13,7.289246998789e-13
3.025000000000e+01,7.253168758650e-13,7.253168758650e-13,7.253042228961e-13
3.025500000000e+01,7.216993429410e-13,7.216993429410e-13,7.216531194034e-13
3.026000000000e+01,7.180998525336e-13,7.180998525336e-13,7.180846941571e-13
3.026500000000e+01,7.145183146554e-13,7.145183146554e-13,7.144948962137e-13
3.027000000000e+01,7.109546397681e-13,7.109546397681e-13,7.109445397853e-13
3.027500000000e+01,7.074087387798e-13,7.074087387798e-13,7.073840848603e-13
3.028000000000e+01,7.038805230431e-13,7.038805230431e-13,7.038634981637e-13
3.028500000000e+01,7.003699043524e-13,7.003699043524e-13,7.003685116522e-13
3.029000000000e+01,6.968767949425e-13,6.968767949425e-13,6.968812358495e-13
3.029500000000e+01,6.934011074854e-13,6.934011074854e-13,6.933658280454e-13
3.030000000000e+01,6.899427550890e-13,6.899427550890e-13,6.899381255110e-13
3.030500000000e+01,6.865016512944e-13,6.865016512944e-13,6.864845479093e-13
3.031000000000e+01,6.830777100741e-13,6.830777100741e-13,6.830690857645e-13
3.031500000000e+01,6.796708458295e-13,6.796708458295e-13,6.796203469741e-13
3.032000000000e+01,6.762809733888e-13,6.762809733888e-13,6.762546098606e-13
3.032500000000e+01,6.729080080053e-13,6.729080080053e-13,6.729202914448e-13
3.033000000000e+01,6.695518653547e-13,6.695518653547e-13,6.695579317109e-13
3.033500000000e+01,6.662124615334e-13,6.662124615334e-13,6.662115068436e-13
3.034000000000e+01,6.628897130563e-13,6.628897130563e-13,6.628825846708e-13
3.034500000000e+01,6.595835368546e-13,6.595835368546e-13,6.595825563103e-13
3.035000000000e+01,6.562938502737e-13,6.562938502737e-13,6.562823220986e-13
3.035500000000e+01,6.530205710715e-13,6.530205710715e-13,6.529841094118e-13
3.036000000000e+01,6.497636174158e-13,6.497636174158e-13,6.497444618483e-13
3.036500000000e+01,6.465229078829e-13,6.465229078829e-13,6.465080771900e-13
3.037000000000e+01,6.432983614547e-13,6.432983614547e-13,6.433211381408e-13
3.037500000000e+01,6.400898975176e-13,6.400898975176e-13,6.400946549011e-13
3.038000000000e+01,6.368974358599e-13,6.368974358599e-13,6.368877796600e-13
3.038500000000e+01,6.337208966699e-13,6.337208966699e-13,6.337187006772e-13
3.039000000000e+01,6.305602005341e-13,6.305602005341e-13,6.305765341478e-13
3.039500000000e+01,6.274152684350e-13,6.274152684350e-13,6.274094749814e-13
3.040000000000e+01,6.242860217491e-13,6.242860217491e-13,6.242777646972e-13
3.040500000000e+01,6.211723822451e-13,6.211723822451e-13,6.211776903281e-13
3.041000000000e+01,6.180742720821e-13,6.180742720821e-13,6.180946788318e-13
3.041500000000e+01,6.149916138070e-13,6.149916138070e-13,6.149738902829e-13
3.042000000000e+01,6.119243303534e-13,6.119243303534e-13,6.119484106018e-13
3.042500000000e+01,6.088723450390e-13,6.088723450390e-13,6.088863684691e-13
3.043000000000e+01,6.058355815641e-13,6.058355815641e-13,6.058345727649e-13
3.043500000000e+01,6.028139640095e-13,6.028139640095e-13,6.027674901800e-13
3.044000000000e+01,5.998074168346e-13,5.998074168346e-13,5.997747049680e-13
3.044500000000e+01,5.968158648757e-13,5.968158648757e-13,5.968242099759e-13
3.045000000000e+01,5.938392333438e-13,5.938392333438e-13,5.938070706380e-13
3.045500000000e+01,5.908774478229e-13,5.908774478229e-13,5.908249059398e-13
3.046000000000e+01,5.879304342685e-13,5.879304342685e-13,5.878920860357e-13
3.046500000000e+01,5.849981190048e-13,5.849981190048e-13,5.850154447584e-13
3.047000000000e+01,5.820804287241e-13,5.820804287241e-13,5.820569421464e-13
3.047500000000e+01,5.791772904839e-13,5.791772904839e-13,5.791154883129e-13
3.048000000000e+01,5.762886317056e-13,5.762886317056e-13,5.762473832485e-13
3.048500000000e+01,5.734143801726e-13,5.734143801726e-13,5.733791221392e-13
3.049000000000e+01,5.705544640285e-13,5.705544640285e-13,5.705288750857e-13
3.049500000000e+01,5.677088117752e-13,5.677088117752e-13,5.676833172458e-13
3.050000000000e+01,5.648773522715e-13,5.648773522715e-13,5.648621430814e-13
3.050500000000e+01,5.620600147305e-13,5.620600147305e-13,5.620522936129e-13
3.051000000000e+01,5.592567287188e-13,5.592567287188e-13,5.592614716742e-13
3.051500000000e+01,5.564674241541e-13,5.564674241541e-13,5.563991111824e-13
3.052000000000e+01,5.536920313036e-13,5.536920313036e-13,5.536580597940e-13
3.052500000000e+01,5.509304807825e-13,5.509304807825e-13,5.509461452073e-13
3.053000000000e+01,5.481827035517e-13,5.481827035517e-13,5.481444183382e-13
3.053500000000e+01,5.454486309168e-13,5.454486309168e-13,5.453968517518e-13
3.054000000000e+01,5.427281945257e-13,5.427281945257e-13,5.426665366867e-13
3.054500000000e+01,5.400213263676e-13,5.400213263676e-13,5.399937619420e-13
3.055000000000e+01,5.373279587704e-13,5.373279587704e-13,5.372974424434e-13
3.055500000000e+01,5.346480244000e-13,5.346480244000e-13,5.345935156012e-13
3.056000000000e+01,5.319814562578e-13,5.319814562578e-13,5.319148260838e-13
3.056500000000e+01,5.293281876795e-13,5.293281876795e-13,5.293172538474e-13
3.057000000000e+01,5.266881523332e-13,5.266881523332e-13,5.266503866943e-13
3.057500000000e+01,5.240612842180e-13,5.240612842180e-13,5.240015195216e-13
3.058000000000e+01,5.214475176620e-13,5.214475176620e-13,5.214195850790e-13
3.058500000000e+01,5.188467873209e-13,5.188467873209e-13,5.188299028749e-13
3.059000000000e+01,5.162590281764e-13,5.162590281764e-13,5.162474018120e-13
3.059500000000e+01,5.136841755343e-13,5.136841755343e-13,5.136399437409e-13
3.060000000000e+01,5.111221650231e-13,5.111221650231e-13,5.110850567078e-13
3.060500000000e+01,5.085729325926e-13,5.085729325926e-13,5.085439076102e-13
3.061000000000e+01,5.060364145118e-13,5.060364145118e-13,5.059897382503e-13
3.061500000000e+01,5.035125473675e-13,5.035125473675e-13,5.034442899299e-13
3.062000000000e+01,5.010012680630e-13,5.010012680630e-13,5.009758641561e-13
3.062500000000e+01,4.985025138161e-13,4.985025138161e-13,4.984673296980e-13
3.063000000000e+01,4.960162221580e-13,4.960162221580e-13,4.959777183681e-13
3.063500000000e+01,4.935423309312e-13,4.935423309312e-13,4.934686083473e-13
3.064000000000e+01,4.910807782882e-13,4.910807782882e-13,4.910338047389e-13
3.064500000000e+01,4.886315026902e-13,4.886315026902e-13,4.886026209797e-13
3.065000000000e+01,4.861944429050e-13,4.861944429050e-13,4.861834765929e-13
3.065500000000e+01,4.837695380062e-13,4.837695380062e-13,4.837287625991e-13
3.066000000000e+01,4.813567273710e-13,4.813567273710e-13,4.813323021086e-13
3.066500000000e+01,4.789559506789e-13,4.789559506789e-13,4.789384631758e-13
3.067000000000e+01,4.765671479105e-13,4.765671479105e-13,4.765559092539e-13
3.067500000000e+01,4.741902593455e-13,4.741902593455e-13,4.741462867537e-13
3.068000000000e+01,4.718252255616e-13,4.718252255616e-13,4.717874779666e-13
3.068500000000e+01,4.694719874329e-13,4.694719874329e-13,4.694278249279e-13
3.069000000000e+01,4.671304861282e-13,4.671304861282e-13,4.670926534887e-13
3.069500000000e+01,4.648006631100e-13,4.648006631100e-13,4.647398371498e-13
3.070000000000e+01,4.624824601324e-13,4.624824601324e-13,4.624324474427e-13
3.070500000000e+01,4.601758192405e-13,4.601758192405e-13,4.601392241111e-13
3.071000000000e+01,4.578806827679e-13,4.578806827679e-13,4.578535151230e-13
3.071500000000e+01,4.555969933362e-13,4.555969933362e-13,4.555616519902e-13
3.072000000000e+01,4.533246938530e-13,4.533246938530e-13,4.532546860686e-13
3.072500000000e+01,4.510637275107e-13,4.510637275107e-13,4.510491942864e-13
3.073000000000e+01,4.488140377851e-13,4.488140377851e-13,4.487719574976e-13
3.073500000000e+01,4.465755684337e-13,4.465755684337e-13,4.465187815948e-13
3.074000000000e+01,4.443482634948e-13,4.443482634948e-13,4.443200411830e-13
3.074500000000e+01,4.421320672856e-13,4.421320672856e-13,4.421123438631e-13
3.075000000000e+01,4.399269244010e-13,4.399269244010e-13,4.398964700705e-13
3.075500000000e+01,4.377327797124e-13,4.377327797124e-13,4.376746843771e-13
3.076000000000e+01,4.355495783661e-13,4.355495783661e-13,4.354922516680e-13
3.076500000000e+01,4.333772657819e-13,4.333772657819e-13,4.333514542704e-13
3.077000000000e+01,4.312157876519e-13,4.312157876519e-13,4.311554308403e-13
3.077500000000e+01,4.290652949074e-13,4.290652949074e-13,4.290184012623e-13
3.078000000000e+01,4.269255177937e-13,4.269255177937e-13,4.268798152382e-13
3.078500000000e+01,4.247964033539e-13,4.247964033539e-13,4.247523524053e-13
3.079000000000e+01,4.226778988716e-13,4.226778988716e-13,4.226356017287e-13
3.079500000000e+01,4.205699518704e-13,4.205699518704e-13,4.205212132091e-13
3.080000000000e+01,4.184725101144e-13,4.184725101144e-13,4.184384387357e-13
3.080500000000e+01,4.163855216075e-13,4.163855216075e-13,4.163524414722e-13
3.081000000000e+01,4.143089345937e-13,4.143089345937e-13,4.142722923037e-13
3.081500000000e+01,4.122426975564e-13,4.122426975564e-13,4.121878143088e-13
3.082000000000e+01,4.101867592186e-13,4.101867592186e-13,4.101124899974e-13
3.082500000000e+01,4.081410685420e-13,4.081410685420e-13,4.080982115950e-13
3.083000000000e+01,4.061055747270e-13,4.061055747270e-13,4.060713776081e-13
3.083500000000e+01,4.040802272123e-13,4.040802272123e-13,4.040282290372e-13
3.084000000000e+01,4.020649756744e-13,4.020649756744e-13,4.020386527042e-13
3.084500000000e+01,4.000597700268e-13,4.000597700268e-13,4.000455369000e-13
3.085000000000e+01,3.980645604200e-13,3.980645604200e-13,3.980183306455e-13
3.085500000000e+01,3.960792972407e-13,3.960792972407e-13,3.960318502830e-13
3.086000000000e+01,3.941039311111e-13,3.941039311111e-13,3.940699033379e-13
3.086500000000e+01,3.921384128885e-13,3.921384128885e-13,3.921059450410e-13
3.087000000000e+01,3.901826936647e-13,3.901826936647e-13,3.901622399966e-13
3.087500000000e+01,3.882367247652e-13,3.882367247652e-13,3.882014857611e-13
3.088000000000e+01,3.863004577486e-13,3.863004577486e-13,3.862609156419e-13
3.088500000000e+01,3.843738444059e-13,3.843738444059e-13,3.843675723110e-13
3.089000000000e+01,3.824568367598e-13,3.824568367598e-13,3.824302194245e-13
3.089500000000e+01,3.805493870639e-13,3.805493870639e-13,3.804858792339e-13
3.090000000000e+01,3.786514478023e-13,3.786514478023e-13,3.786078858759e-13
3.090500000000e+01,3.767629716882e-13,3.767629716882e-13,3.767410741840e-13
3.091000000000e+01,3.748839116636e-13,3.748839116636e-13,3.748754030232e-13
3.091500000000e+01,3.730142208985e-13,3.730142208985e-13,3.729880822341e-13
3.092000000000e+01,3.711538527900e-13,3.711538527900e-13,3.711331318724e-13
3.092500000000e+01,3.693027609612e-13,3.693027609612e-13,3.693074521635e-13
3.093000000000e+01,3.674608992609e-13,3.674608992609e-13,3.674309918063e-13
3.093500000000e+01,3.656282217624e-13,3.656282217624e-13,3.655779563536e-13
3.094000000000e+01,3.638046827629e-13,3.638046827629e-13,3.637728395876e-13
3.094500000000e+01,3.619902367822e-13,3.619902367822e-13,3.619571264218e-13
3.095000000000e+01,3.601848385625e-13,3.601848385625e-13,3.601692621070e-13
3.095500000000e+01,3.583884430668e-13,3.583884430668e-13,3.583646564745e-13
3.096000000000e+01,3.566010054786e-13,3.566010054786e-13,3.565621126007e-13
3.096500000000e+01,3.548224812007e-13,3.548224812007e-13,3.548097829203e-13
3.097000000000e+01,3.530528258546e-13,3.530528258546e-13,3.530454160747e-13
3.097500000000e+01,3.512919952791e-13,3.512919952791e-13,3.512553673695e-13
3.098000000000e+01,3.495399455298e-13,3.495399455298e-13,3.495242337148e-13
3.098500000000e+01,3.477966328782e-13,3.477966328782e-13,3.477579593999e-13
3.099000000000e+01,3.460620138107e-13,3.460620138107e-13,3.460483815868e-13
3.099500000000e+01,3.443360450273e-13,3.443360450273e-13,3.443180350317e-13
3.100000000000e+01,3.426186834416e-13,3.426186834416e-13,3.425758079940e-13
3.100500000000e+01,3.409098861789e-13,3.409098861789e-13,3.409010640621e-13
3.101000000000e+01,3.392096105759e-13,3.392096105759e-13,3.391668932880e-13
3.101500000000e+01,3.375178141794e-13,3.375178141794e-13,3.375069666941e-13
3.102000000000e+01,3.358344547459e-13,3.358344547459e-13,3.357847838821e-13
3.102500000000e+01,3.341594902399e-13,3.341594902399e-13,3.341369727442e-13
3.103000000000e+01,3.324928788336e-13,3.324928788336e-13,3.324762323149e-13
3.103500000000e+01,3.308345789059e-13,3.308345789059e-13,3.308107875517e-13
3.104000000000e+01,3.291845490412e-13,3.291845490412e-13,3.291478793562e-13
3.104500000000e+01,3.275427480284e-13,3.275427480284e-13,3.275378979599e-13
3.105000000000e+01,3.259091348605e-13,3.259091348605e-13,3.258842927757e-13
3.105500000000e+01,3.242836687333e-13,3.242836687333e-13,3.242446364952e-13
3.106000000000e+01,3.226663090443e-13,3.226663090443e-13,3.226608358836e-13
3.106500000000e+01,3.210570153922e-13,3.210570153922e-13,3.210340349166e-13
3.107000000000e+01,3.194557475756e-13,3.194557475756e-13,3.194167413433e-13
3.107500000000e+01,3.178624655923e-13,3.178624655923e-13,3.178369898701e-13
3.108000000000e+01,3.162771296384e-13,3.162771296384e-13,3.162303002529e-13
3.108500000000e+01,3.146997001071e-13,3.146997001071e-13,3.146918194631e-13
3.109000000000e+01,3.131301375881e-13,3.131301375881e-13,3.130953003680e-13
3.109500000000e+01,3.115684028665e-13,3.115684028665e-13,3.115307443365e-13
3.110000000000e+01,3.100144569218e-13,3.100144569218e-13,3.099882338149e-13
3.110500000000e+01,3.084682609272e-13,3.084682609272e-13,3.084550721403e-13
3.111000000000e+01,3.069297762487e-13,3.069297762487e-13,3.069176553293e-13
3.111500000000e+01,3.053989644437e-13,3.053989644437e-13,3.053780147117e-13
3.112000000000e+01,3.038757872609e-13,3.038757872609e-13,3.038552611817e-13
3.112500000000e+01,3.023602066386e-13,3.023602066386e-13,3.023368997746e-13
3.113000000000e+01,3.008521847043e-13,3.008521847043e-13,3.008401030944e-13
3.113500000000e+01,2.993516837737e-13,2.993516837737e-13,2.993424922414e-13
3.114000000000e+01,2.978586663495e-13,2.978586663495e-13,2.978297477011e-13
3.114500000000e+01,2.963730951210e-13,2.963730951210e-13,2.963388988064e-13
3.115000000000e+01,2.948949329628e-13,2.948949329628e-13,2.949072379697e-13
3.115500000000e+01,2.934241429340e-13,2.934241429340e-13,2.933805572843e-13
3.116000000000e+01,2.919606882774e-13,2.919606882774e-13,2.919548687159e-13
3.116500000000e+01,2.905045324187e-13,2.905045324187e-13,2.904907875742e-13
3.117000000000e+01,2.890556389652e-13,2.890556389652e-13,2.890270118469e-13
3.117500000000e+01,2.876139717055e-13,2.876139717055e-13,2.875796110234e-13
3.118000000000e+01,2.861794946082e-13,2.861794946082e-13,2.861627288529e-13
3.118500000000e+01,2.847521718211e-13,2.847521718211e-13,2.847413445826e-13
3.119000000000e+01,2.833319676705e-13,2.833319676705e-13,2.833306081683e-13
3.119500000000e+01,2.819188466599e-13,2.819188466599e-13,2.818947878227e-13
3.120000000000e+01,2.805127734700e-13,2.805127734700e-13,2.804948357700e-13
3.120500000000e+01,2.791137129567e-13,2.791137129567e-13,2.791034421605e-13
3.121000000000e+01,2.777216301512e-13,2.777216301512e-13,2.777179791002e-13
3.121500000000e+01,2.763364902587e-13,2.763364902587e-13,2.763102072617e-13
3.122000000000e+01,2.749582586574e-13,2.749582586574e-13,2.749492102800e-13
3.122500000000e+01,2.735869008982e-13,2.735869008982e-13,2.735793100663e-13
3.123000000000e+01,2.722223827033e-13,2.722223827033e-13,2.722497772035e-13
3.123500000000e+01,2.708646699657e-13,2.708646699657e-13,2.708481118683e-13
3.124000000000e+01,2.695137287481e-13,2.695137287481e-13,2.695322282147e-13
3.124500000000e+01,2.681695252824e-13,2.681695252824e-13,2.681423391606e-13
3.125000000000e+01,2.668320259685e-13,2.668320259685e-13,2.668484317878e-13
3.125500000000e+01,2.655011973737e-13,2.655011973737e-13,2.654726362400e-13
3.126000000000e+01,2.641770062320e-13,2.641770062320e-13,2.641816141844e-13
3.126500000000e+01,2.628594194429e-13,2.628594194429e-13,2.628518367512e-13
3.127000000000e+01,2.615484040710e-13,2.615484040710e-13,2.615588947762e-13
3.127500000000e+01,2.602439273446e-13,2.602439273446e-13,2.602285358897e-13
3.128000000000e+01,2.589459566557e-13,2.589459566557e-13,2.589474059021e-13
3.128500000000e+01,2.576544595586e-13,2.576544595586e-13,2.576438967426e-13
3.129000000000e+01,2.563694037691e-13,2.563694037691e-13,2.563754739389e-13
3.129500000000e+01,2.550907571642e-13,2.550907571642e-13,2.550727802506e-13
3.130000000000e+01,2.538184877806e-13,2.538184877806e-13,2.538151457112e-13
3.130500000000e+01,2.525525638147e-13,2.525525638147e-13,2.525479723900e-13
3.131000000000e+01,2.512929536209e-13,2.512929536209e-13,2.513123408877e-13
3.131500000000e+01,2.500396257118e-13,2.500396257118e-13,2.500118808659e-13
3.132000000000e+01,2.487925487565e-13,2.487925487565e-13,2.487895491894e-13
3.132500000000e+01,2.475516915805e-13,2.475516915805e-13,2.475314326601e-13
3.133000000000e+01,2.463170231647e-13,2.463170231647e-13,2.463057045114e-13
3.133500000000e+01,2.450885126444e-13,2.450885126444e-13,2.450662915869e-13
3.134000000000e+01,2.438661293089e-13,2.438661293089e-13,2.438416989608e-13
3.134500000000e+01,2.426498426006e-13,2.426498426006e-13,2.426289764517e-13
3.135000000000e+01,2.414396221141e-13,2.414396221141e-13,2.414440679462e-13
3.135500000000e+01,2.402354375957e-13,2.402354375957e-13,2.402174595951e-13
3.136000000000e+01,2.390372589423e-13,2.390372589423e-13,2.390291739547e-13
3.136500000000e+01,2.378450562011e-13,2.378450562011e-13,2.378310950724e-13
3.137000000000e+01,2.366587995685e-13,2.366587995685e-13,2.366466851263e-13
3.137500000000e+01,2.354784593895e-13,2.354784593895e-13,2.354494052384e-13
3.138000000000e+01,2.343040061569e-13,2.343040061569e-13,2.342970032275e-13
3.138500000000e+01,2.331354105107e-13,2.331354105107e-13,2.331177205967e-13
3.139000000000e+01,2.319726432371e-13,2.319726432371e-13,2.319682560406e-13
3.139500000000e+01,2.308156752682e-13,2.308156752682e-13,2.308041142925e-13
3.140000000000e+01,2.296644776808e-13,2.296644776808e-13,2.296509660982e-13
3.140500000000e+01,2.285190216961e-13,2.285190216961e-13,2.284869166863e-13
3.141000000000e+01,2.273792786785e-13,2.273792786785e-13,2.273875385699e-13
3.141500000000e+01,2.262452201355e-13,2.262452201355e-13,2.262158089963e-13
3.142000000000e+01,2.251168177165e-13,2.251168177165e-13,2.251101832431e-13
3.142500000000e+01,2.239940432122e-13,2.239940432122e-13,2.239905231281e-13
3.143000000000e+01,2.228768685541e-13,2.228768685541e-13,2.228837193510e-13
3.143500000000e+01,2.217652658136e-13,2.217652658136e-13,2.217464467067e-13
3.144000000000e+01,2.206592072012e-13,2.206592072012e-13,2.206580297905e-13
3.144500000000e+01,2.195586650663e-13,2.195586650663e-13,2.195385909967e-13
3.145000000000e+01,2.184636118958e-13,2.184636118958e-13,2.184714421413e-13
3.145500000000e+01,2.173740203142e-13,2.173740203142e-13,2.173839558115e-13
3.146000000000e+01,2.162898630820e-13,2.162898630820e-13,2.162629196821e-13
3.146500000000e+01,2.152111130961e-13,2.152111130961e-13,2.151954623316e-13
3.147000000000e+01,2.141377433880e-13,2.141377433880e-13,2.141490341238e-13
3.147500000000e+01,2.130697271241e-13,2.130697271241e-13,2.130325963286e-13
3.148000000000e+01,2.120070376045e-13,2.120070376045e-13,2.119965064198e-13
3.148500000000e+01,2.109496482623e-13,2.109496482623e-13,2.109264101102e-13
3.149000000000e+01,2.098975326631e-13,2.098975326631e-13,2.098977504380e-13
3.149500000000e+01,2.088506645046e-13,2.088506645046e-13,2.087987904790e-13
3.150000000000e+01,2.078090176153e-13,2.078090176153e-13,2.078029907192e-13
3.150500000000e+01,2.067725659545e-13,2.067725659545e-13,2.067558613728e-13
3.151000000000e+01,2.057412836111e-13,2.057412836111e-13,2.057342263033e-13
3.151500000000e+01,2.047151448035e-13,2.047151448035e-13,2.046876030296e-13
3.152000000000e+01,2.036941238784e-13,2.036941238784e-13,2.036974459514e-13
3.152500000000e+01,2.026781953106e-13,2.026781953106e-13,2.026636125981e-13
3.153000000000e+01,2.016673337021e-13,2.016673337021e-13,2.016638427401e-13
3.153500000000e+01,2.006615137817e-13,2.006615137817e-13,2.006667113943e-13
3.154000000000e+01,1.996607104040e-13,1.996607104040e-13,1.996457607821e-13
3.154500000000e+01,1.986648985493e-13,1.986648985493e-13,1.986121124153e-13
3.155000000000e+01,1.976740533224e-13,1.976740533224e-13,1.976712784946e-13
3.155500000000e+01,1.966881499524e-13,1.966881499524e-13,1.966852065960e-13
3.156000000000e+01,1.957071637918e-13,1.957071637918e-13,1.957227593119e-13
3.156500000000e+01,1.947310703162e-13,1.947310703162e-13,1.946997965650e-13
3.157000000000e+01,1.937598451235e-13,1.937598451235e-13,1.937995335236e-13
3.157500000000e+01,1.927934639331e-13,1.927934639331e-13,1.927300113339e-13
3.158000000000e+01,1.918319025856e-13,1.918319025856e-13,1.918559173669e-13
3.158500000000e+01,1.908751370422e-13,1.908751370422e-13,1.908387504761e-13
3.159000000000e+01,1.899231433838e-13,1.899231433838e-13,1.898996224787e-13
3.159500000000e+01,1.889758978106e-13,1.889758978106e-13,1.889518003997e-13
3.160000000000e+01,1.880333766418e-13,1.880333766418e-13,1.880451309696e-13
3.160500000000e+01,1.870955563142e-13,1.870955563142e-13,1.870787234584e-13
3.161000000000e+01,1.861624133826e-13,1.861624133826e-13,1.861555081737e-13
3.161500000000e+01,1.852339245184e-13,1.852339245184e-13,1.852328583037e-13
3.162000000000e+01,1.843100665095e-13,1.843100665095e-13,1.842737770182e-13
3.162500000000e+01,1.833908162595e-13,1.833908162595e-13,1.833936406907e-13
3.163000000000e+01,1.824761507872e-13,1.824761507872e-13,1.825117896192e-13
3.163500000000e+01,1.815660472260e-13,1.815660472260e-13,1.815927330851e-13
3.164000000000e+01,1.806604828235e-13,1.806604828235e-13,1.806580966712e-13
3.164500000000e+01,1.797594349405e-13,1.797594349405e-13,1.797403750992e-13
3.165000000000e+01,1.788628810509e-13,1.788628810509e-13,1.788811285127e-13
3.165500000000e+01,1.779707987409e-13,1.779707987409e-13,1.779591415601e-13
3.166000000000e+01,1.770831657085e-13,1.770831657085e-13,1.771107974504e-13
3.166500000000e+01,1.761999597628e-13,1.761999597628e-13,1.762203182275e-13
3.167000000000e+01,1.753211588239e-13,1.753211588239e-13,1.753730123558e-13
3.167500000000e+01,1.744467409216e-13,1.744467409216e-13,1.744301418356e-13
3.168000000000e+01,1.735766841955e-13,1.735766841955e-13,1.736231049608e-13
3.168500000000e+01,1.727109668943e-13,1.727109668943e-13,1.727352151088e-13
3.169000000000e+01,1.718495673750e-13,1.718495673750e-13,1.718756272367e-13
3.169500000000e+01,1.709924641027e-13,1.709924641027e-13,1.710092590660e-13
3.170000000000e+01,1.701396356498e-13,1.701396356498e-13,1.701537376260e-13
3.170500000000e+01,1.692910606956e-13,1.692910606956e-13,1.692720168156e-13
3.171000000000e+01,1.684467180257e-13,1.684467180257e-13,1.684685680483e-13
3.171500000000e+01,1.676065865316e-13,1.676065865316e-13,1.676086646939e-13
3.172000000000e+01,1.667706452100e-13,1.667706452100e-13,1.667345895365e-13
3.172500000000e+01,1.659388731623e-13,1.659388731623e-13,1.659272162509e-13
3.173000000000e+01,1.651112495942e-13,1.651112495942e-13,1.651388210805e-13
3.173500000000e+01,1.642877538152e-13,1.642877538152e-13,1.642358214356e-13
3.174000000000e+01,1.634683652379e-13,1.634683652379e-13,1.635031084587e-13
3.174500000000e+01,1.626530633775e-13,1.626530633775e-13,1.626875543410e-13
3.175000000000e+01,1.618418278515e-13,1.618418278515e-13,1.618415098512e-13
3.175500000000e+01,1.610346383789e-13,1.610346383789e-13,1.609996078860e-13
3.176000000000e+01,1.602314747801e-13,1.602314747801e-13,1.602075594985e-13
3.176500000000e+01,1.594323169760e-13,1.594323169760e-13,1.593897949821e-13
3.177000000000e+01,1.586371449875e-13,1.586371449875e-13,1.585766328648e-13
3.177500000000e+01,1.578459389353e-13,1.578459389353e-13,1.578817123605e-13
3.178000000000e+01,1.570586790394e-13,1.570586790394e-13,1.570797672962e-13
3.178500000000e+01,1.562753456181e-13,1.562753456181e-13,1.562335014477e-13
3.179000000000e+01,1.554959190882e-13,1.554959190882e-13,1.555238204178e-13
3.179500000000e+01,1.547203799639e-13,1.547203799639e-13,1.547628499057e-13
3.180000000000e+01,1.539487088568e-13,1.539487088568e-13,1.539633340550e-13
3.180500000000e+01,1.531808864750e-13,1.531808864750e-13,1.532126925095e-13
3.181000000000e+01,1.524168936230e-13,1.524168936230e-13,1.524388493789e-13
3.181500000000e+01,1.516567112009e-13,1.516567112009e-13,1.516071998515e-13
3.182000000000e+01,1.509003202041e-13,1.509003202041e-13,1.509123248853e-13
3.182500000000e+01,1.501477017229e-13,1.501477017229e-13,1.501188076378e-13
3.183000000000e+01,1.493988369418e-13,1.493988369418e-13,1.494021768654e-13
3.183500000000e+01,1.486537071391e-13,1.486537071391e-13,1.485817515400e-13
3.184000000000e+01,1.479122936865e-13,1.479122936865e-13,1.479353754595e-13
3.184500000000e+01,1.471745780487e-13,1.471745780487e-13,1.471847475280e-13
3.185000000000e+01,1.464405417827e-13,1.464405417827e-13,1.464110675343e-13
3.185500000000e+01,1.457101665377e-13,1.457101665377e-13,1.457199174127e-13
3.186000000000e+01,1.449834340543e-13,1.449834340543e-13,1.450328381656e-13
3.186500000000e+01,1.442603261640e-13,1.442603261640e-13,1.442049703615e-13
3.187000000000e+01,1.435408247892e-13,1.435408247892e-13,1.435508127440e-13
3.187500000000e+01,1.428249119423e-13,1.428249119423e-13,1.428352730016e-13
3.188000000000e+01,1.421125697254e-13,1.421125697254e-13,1.421435717818e-13
3.188500000000e+01,1.414037803300e-13,1.414037803300e-13,1.413879229859e-13
3.189000000000e+01,1.406985260363e-13,1.406985260363e-13,1.407467948937e-13
3.189500000000e+01,1.399967892130e-13,1.399967892130e-13,1.400066099793e-13
3.190000000000e+01,1.392985523165e-13,1.392985523165e-13,1.392841431784e-13
3.190500000000e+01,1.386037978909e-13,1.386037978909e-13,1.386029602381e-13
3.191000000000e+01,1.379125085674e-13,1.379125085674e-13,1.378750841491e-13
3.191500000000e+01,1.372246670636e-13,1.372246670636e-13,1.371886415139e-13
3.192000000000e+01,1.365402561835e-13,1.365402561835e-13,1.365598059342e-13
3.192500000000e+01,1.358592588169e-13,1.358592588169e-13,1.358605326551e-13
3.193000000000e+01,1.351816579386e-13,1.351816579386e-13,1.351528012527e-13
3.193500000000e+01,1.345074366088e-13,1.345074366088e-13,1.345081057671e-13
3.194000000000e+01,1.338365779717e-13,1.338365779717e-13,1.338595292038e-13
3.194500000000e+01,1.331690652560e-13,1.331690652560e-13,1.331605398960e-13
3.195000000000e+01,1.325048817738e-13,1.325048817738e-13,1.325634530056e-13
3.195500000000e+01,1.318440109204e-13,1.318440109204e-13,1.318428211213e-13
3.196000000000e+01,1.311864361741e-13,1.311864361741e-13,1.311790097592e-13
3.196500000000e+01,1.305321410954e-13,1.305321410954e-13,1.305228174931e-13
3.197000000000e+01,1.298811093270e-13,1.298811093270e-13,1.298930808599e-13
3.197500000000e+01,1.292333245930e-13,1.292333245930e-13,1.292637641058e-13
3.198000000000e+01,1.285887706988e-13,1.285887706988e-13,1.286219726352e-13
3.198500000000e+01,1.279474315305e-13,1.279474315305e-13,1.279257336133e-13
3.199000000000e+01,1.273092910546e-13,1.273092910546e-13,1.273117683567e-13
3.199500000000e+01,1.266743333175e-13,1.266743333175e-13,1.266328023055e-13
3.200000000000e+01,1.260425424453e-13,1.260425424453e-13,1.260377898476e-13
3.200500000000e+01,1.254139026432e-13,1.254139026432e-13,1.253959447429e-13
3.201000000000e+01,1.247883981951e-13,1.247883981951e-13,1.247710131221e-13
3.201500000000e+01,1.241660134634e-13,1.241660134634e-13,1.241747463708e-13
3.202000000000e+01,1.235467328885e-13,1.235467328885e-13,1.235366182744e-13
3.202500000000e+01,1.229305409883e-13,1.229305409883e-13,1.229202818023e-13
3.203000000000e+01,1.223174223580e-13,1.223174223580e-13,1.223105849826e-13
3.203500000000e+01,1.217073616696e-13,1.217073616696e-13,1.217164830459e-13
3.204000000000e+01,1.211003436715e-13,1.211003436715e-13,1.210603999648e-13
3.204500000000e+01,1.204963531883e-13,1.204963531883e-13,1.204809804437e-13
3.205000000000e+01,1.198953751202e-13,1.198953751202e-13,1.198489366235e-13
3.205500000000e+01,1.192973944427e-13,1.192973944427e-13,1.192965648895e-13
3.206000000000e+01,1.187023962061e-13,1.187023962061e-13,1.186790470414e-13
3.206500000000e+01,1.181103655357e-13,1.181103655357e-13,1.181146164263e-13
3.207000000000e+01,1.175212876305e-13,1.175212876305e-13,1.175051784437e-13
3.207500000000e+01,1.169351477636e-13,1.169351477636e-13,1.169492154268e-13
3.208000000000e+01,1.163519312815e-13,1.163519312815e-13,1.163319924366e-13
3.208500000000e+01,1.157716236037e-13,1.157716236037e-13,1.157595981361e-13
3.209000000000e+01,1.151942102224e-13,1.151942102224e-13,1.151450807853e-13
3.209500000000e+01,1.146196767025e-13,1.146196767025e-13,1.146004088560e-13
3.210000000000e+01,1.140480086803e-13,1.140480086803e-13,1.140576657035e-13
3.210500000000e+01,1.134791918644e-13,1.134791918644e-13,1.134802995072e-13
3.211000000000e+01,1.129132120341e-13,1.129132120341e-13,1.129146740378e-13
3.211500000000e+01,1.123500550399e-13,1.123500550399e-13,1.122982090204e-13
3.212000000000e+01,1.117897068030e-13,1.117897068030e-13,1.117883085577e-13
3.212500000000e+01,1.112321533146e-13,1.112321533146e-13,1.112469961560e-13
3.213000000000e+01,1.106773806357e-13,1.106773806357e-13,1.106832743263e-13
3.213500000000e+01,1.101253748972e-13,1.101253748972e-13,1.101312020795e-13
3.214000000000e+01,1.095761222987e-13,1.095761222987e-13,1.095864969399e-13
3.214500000000e+01,1.090296091090e-13,1.090296091090e-13,1.090055726072e-13
3.215000000000e+01,1.084858216652e-13,1.084858216652e-13,1.084773873070e-13
3.215500000000e+01,1.079447463725e-13,1.079447463725e-13,1.079741217605e-13
3.216000000000e+01,1.074063697041e-13,1.074063697041e-13,1.074483451296e-13
3.216500000000e+01,1.068706782006e-13,1.068706782006e-13,1.068948476935e-13
3.217000000000e+01,1.063376584695e-13,1.063376584695e-13,1.063540286384e-13
3.217500000000e+01,1.058072971855e-13,1.058072971855e-13,1.058330113771e-13
3.218000000000e+01,1.052795810894e-13,1.052795810894e-13,1.052928743335e-13
3.218500000000e+01,1.047544969883e-13,1.047544969883e-13,1.047436387879e-13
3.219000000000e+01,1.042320317550e-13,1.042320317550e-13,1.042456785715e-13
3.219500000000e+01,1.037121723280e-13,1.037121723280e-13,1.037154975754e-13
3.220000000000e+01,1.031949057107e-13,1.031949057107e-13,1.032238386239e-13
3.220500000000e+01,1.026802189714e-13,1.026802189714e-13,1.027159113600e-13
3.221000000000e+01,1.021680992429e-13,1.021680992429e-13,1.022275559885e-13
3.221500000000e+01,1.016585337222e-13,1.016585337222e-13,1.016891797760e-13
3.222000000000e+01,1.011515096701e-13,1.011515096701e-13,1.011573236998e-13
3.222500000000e+01,1.006470144110e-13,1.006470144110e-13,1.006257626308e-13
3.223000000000e+01,1.001450353325e-13,1.001450353325e-13,1.001303215107e-13
3.223500000000e+01,9.964555988516e-14,9.964555988516e-14,9.967693585315e-14
3.224000000000e+01,9.914857558197e-14,9.914857558197e-14,9.918278355445e-14
3.224500000000e+01,9.865406999832e-14,9.865406999832e-14,9.866147008329e-14
3.225000000000e+01,9.816203077156e-14,9.816203077156e-14,9.816505904772e-14
3.225500000000e+01,9.767244560067e-14,9.767244560067e-14,9.768570517459e-14
3.226000000000e+01,9.718530224601e-14,9.718530224601e-14,9.720645695757e-14
3.226500000000e+01,9.670058852896e-14,9.670058852896e-14,9.672384592224e-14
3.227000000000e+01,9.621829233166e-14,9.621829233166e-14,9.623471521396e-14
3.227500000000e+01,9.573842859969e-14,9.573842859969e-14,9.578421270453e-14
3.228000000000e+01,9.526095688111e-14,9.526095688111e-14,9.529918774560e-14
3.228500000000e+01,9.478586530993e-14,9.478586530993e-14,9.480184700340e-14
3.229000000000e+01,9.431314207622e-14,9.431314207622e-14,9.433377962697e-14
3.229500000000e+01,9.384277542596e-14,9.384277542596e-14,9.387442151639e-14
3.230000000000e+01,9.337475366093e-14,9.337475366093e-14,9.336283733460e-14
3.230500000000e+01,9.290906513854e-14,9.290906513854e-14,9.291969861497e-14
3.231000000000e+01,9.244569827172e-14,9.244569827172e-14,9.246112753320e-14
3.231500000000e+01,9.198464152874e-14,9.198464152874e-14,9.198468339518e-14
3.232000000000e+01,9.152588343309e-14,9.152588343309e-14,9.156868766571e-14
3.232500000000e+01,9.106941256325e-14,9.106941256325e-14,9.106476199069e-14
3.233000000000e+01,9.061521755260e-14,9.061521755260e-14,9.062401172140e-14
3.233500000000e+01,9.016328708920e-14,9.016328708920e-14,9.016747750639e-14
3.234000000000e+01,8.971360991563e-14,8.971360991563e-14,8.975376641055e-14
3.234500000000e+01,8.926617482881e-14,8.926617482881e-14,8.927600196856e-14
3.235000000000e+01,8.882097067981e-14,8.882097067981e-14,8.883018159491e-14
3.235500000000e+01,8.837798637368e-14,8.837798637368e-14,8.841057810978e-14
3.236000000000e+01,8.793721086925e-14,8.793721086925e-14,8.793452756732e-14
3.236500000000e+01,8.749863317893e-14,8.749863317893e-14,8.748769015045e-14
3.237000000000e+01,8.706224236854e-14,8.706224236854e-14,8.712304529289e-14
3.237500000000e+01,8.662802755707e-14,8.662802755707e-14,8.659549570905e-14
3.238000000000e+01,8.619597791653e-14,8.619597791653e-14,8.619982848942e-14
3.238500000000e+01,8.576608267171e-14,8.576608267171e-14,8.577620366011e-14
3.239000000000e+01,8.533833109999e-14,8.533833109999e-14,8.537487162176e-14
3.239500000000e+01,8.491271253113e-14,8.491271253113e-14,8.492697591359e-14
3.240000000000e+01,8.448921634709e-14,8.448921634709e-14,8.446730021417e-14
3.240500000000e+01,8.406783198176e-14,8.406783198176e-14,8.405842329879e-14
3.241000000000e+01,8.364854892081e-14,8.364854892081e-14,8.361246892241e-14
3.241500000000e+01,8.323135670144e-14,8.323135670144e-14,8.325986180118e-14
3.242000000000e+01,8.281624491219e-14,8.281624491219e-14,8.284661532172e-14
3.242500000000e+01,8.240320319271e-14,8.240320319271e-14,8.244959990940e-14
3.243000000000e+01,8.199222123355e-14,8.199222123355e-14,8.203763416869e-14
3.243500000000e+01,8.158328877593e-14,8.158328877593e-14,8.160771469980e-14
3.244000000000e+01,8.117639561157e-14,8.117639561157e-14,8.119518514516e-14
3.244500000000e+01,8.077153158241e-14,8.077153158241e-14,8.079999905527e-14
3.245000000000e+01,8.036868658044e-14,8.036868658044e-14,8.039584183079e-14
3.245500000000e+01,7.996785054744e-14,7.996785054744e-14,7.997119737852e-14
3.246000000000e+01,7.956901347480e-14,7.956901347480e-14,7.959765996710e-14
3.246500000000e+01,7.917216540329e-14,7.917216540329e-14,7.918270420715e-14
3.247000000000e+01,7.877729642282e-14,7.877729642282e-14,7.880727791972e-14
3.247500000000e+01,7.838439667224e-14,7.838439667224e-14,7.841568872188e-14
3.248000000000e+01,7.799345633911e-14,7.799345633911e-14,7.798795070148e-14
3.248500000000e+01,7.760446565948e-14,7.760446565948e-14,7.761186027780e-14
3.249000000000e+01,7.721741491769e-14,7.721741491769e-14,7.723951372114e-14
3.249500000000e+01,7.683229444613e-14,7.683229444613e-14,7.686979708407e-14
3.250000000000e+01,7.644909462501e-14,7.644909462501e-14,7.647685743511e-14
3.250500000000e+01,7.606780588216e-14,7.606780588216e-14,7.606912034946e-14
3.251000000000e+01,7.568841869282e-14,7.568841869282e-14,7.569641844580e-14
3.251500000000e+01,7.531092357938e-14,7.531092357938e-14,7.534340351824e-14
3.252000000000e+01,7.493531111120e-14,7.493531111120e-14,7.496988374481e-14
3.252500000000e+01,7.456157190438e-14,7.456157190438e-14,7.453269112060e-14
3.253000000000e+01,7.418969662153e-14,7.418969662153e-14,7.426977612667e-14
3.253500000000e+01,7.381967597155e-14,7.381967597155e-14,7.385194656458e-14
3.254000000000e+01,7.345150070945e-14,7.345150070945e-14,7.346798071957e-14
3.254500000000e+01,7.308516163609e-14,7.308516163609e-14,7.309144560760e-14
3.255000000000e+01,7.272064959798e-14,7.272064959798e-14,7.274886995782e-14
3.255500000000e+01,7.235795548704e-14,7.235795548704e-14,7.237416928086e-14
3.256000000000e+01,7.199707024045e-14,7.199707024045e-14,7.200719229396e-14
3.256500000000e+01,7.163798484036e-14,7.163798484036e-14,7.168736003989e-14
3.257000000000e+01,7.128069031370e-14,7.128069031370e-14,7.129783639035e-14
3.257500000000e+01,7.092517773201e-14,7.092517773201e-14,7.092350583772e-14
3.258000000000e+01,7.057143821114e-14,7.057143821114e-14,7.058599250195e-14
3.258500000000e+01,7.021946291113e-14,7.021946291113e-14,7.025012599657e-14
3.259000000000e+01,6.986924303592e-14,6.986924303592e-14,6.991252205224e-14
3.259500000000e+01,6.952076983319e-14,6.952076983319e-14,6.954075785197e-14
3.260000000000e+01,6.917403459413e-14,6.917403459413e-14,6.919833037796e-14
3.260500000000e+01,6.882902865323e-14,6.882902865323e-14,6.882882694477e-14
3.261000000000e+01,6.848574338806e-14,6.848574338806e-14,6.848698640841e-14
3.261500000000e+01,6.814417021909e-14,6.814417021909e-14,6.816698062116e-14
3.262000000000e+01,6.780430060945e-14,6.780430060945e-14,6.781362999259e-14
3.262500000000e+01,6.746612606476e-14,6.746612606476e-14,6.746161693224e-14
3.263000000000e+01,6.712963813287e-14,6.712963813288e-14,6.715673913934e-14
3.263500000000e+01,6.679482840372e-14,6.679482840372e-14,6.677354149817e-14
3.264000000000e+01,6.646168850908e-14,6.646168850908e-14,6.645838772042e-14
3.264500000000e+01,6.613021012236e-14,6.613021012236e-14,6.613197808854e-14
3.265000000000e+01,6.580038495844e-14,6.580038495844e-14,6.580264142718e-14
3.265500000000e+01,6.547220477341e-14,6.547220477341e-14,6.546116053677e-14
3.266000000000e+01,6.514566136442e-14,6.514566136442e-14,6.518534710443e-14
3.266500000000e+01,6.482074656945e-14,6.482074656945e-14,6.481798216644e-14
3.267000000000e+01,6.449745226712e-14,6.449745226712e-14,6.450679335513e-14
3.267500000000e+01,6.417577037650e-14,6.417577037650e-14,6.416351723322e-14
3.268000000000e+01,6.385569285688e-14,6.385569285688e-14,6.387232687871e-14
3.268500000000e+01,6.353721170760e-14,6.353721170760e-14,6.350832307859e-14
3.269000000000e+01,6.322031896786e-14,6.322031896786e-14,6.325111078476e-14
3.269500000000e+01,6.290500671649e-14,6.290500671649e-14,6.290279490028e-14
3.270000000000e+01,6.259126707179e-14,6.259126707179e-14,6.260675877455e-14
3.270500000000e+01,6.227909219130e-14,6.227909219130e-14,6.229667581134e-14
3.271000000000e+01,6.196847427166e-14,6.196847427166e-14,6.199418187125e-14
3.271500000000e+01,6.165940554836e-14,6.165940554836e-14,6.166355525778e-14
3.272000000000e+01,6.135187829558e-14,6.135187829558e-14,6.135805798779e-14
3.272500000000e+01,6.104588482599e-14,6.104588482599e-14,6.108483576112e-14
3.273000000000e+01,6.074141749056e-14,6.074141749056e-14,6.074140582077e-14
3.273500000000e+01,6.043846867839e-14,6.043846867839e-14,6.043324082236e-14
3.274000000000e+01,6.013703081649e-14,6.013703081649e-14,6.014842989483e-14
3.274500000000e+01,5.983709636960e-14,5.983709636960e-14,5.983363814316e-14
3.275000000000e+01,5.953865784003e-14,5.953865784003e-14,5.956782579466e-14
3.275500000000e+01,5.924170776744e-14,5.924170776744e-14,5.923557775200e-14
3.276000000000e+01,5.894623872868e-14,5.894623872868e-14,5.895687861284e-14
3.276500000000e+01,5.865224333759e-14,5.865224333759e-14,5.867635494397e-14
3.277000000000e+01,5.835971424482e-14,5.835971424482e-14,5.837776652646e-14
3.277500000000e+01,5.806864413766e-14,5.806864413766e-14,5.806321464402e-14
3.278000000000e+01,5.777902573985e-14,5.777902573985e-14,5.776339847572e-14
3.278500000000e+01,5.749085181137e-14,5.749085181137e-14,5.747106509600e-14
3.279000000000e+01,5.720411514833e-14,5.720411514833e-14,5.716682986048e-14
3.279500000000e+01,5.691880858273e-14,5.691880858273e-14,5.692372162454e-14
3.280000000000e+01,5.663492498230e-14,5.663492498230e-14,5.660954369818e-14
3.280500000000e+01,5.635245725032e-14,5.635245725032e-14,5.632752868464e-14
3.281000000000e+01,5.607139832545e-14,5.607139832545e-14,5.605698033869e-14
3.281500000000e+01,5.579174118157e-14,5.579174118157e-14,5.576826910345e-14
3.282000000000e+01,5.551347882756e-14,5.551347882756e-14,5.551524825556e-14
3.282500000000e+01,5.523660430718e-14,5.523660430718e-14,5.520539265006e-14
3.283000000000e+01,5.496111069884e-14,5.496111069884e-14,5.493698348020e-14
3.283500000000e+01,5.468699111549e-14,5.468699111549e-14,5.469117216963e-14
3.284000000000e+01,5.441423870440e-14,5.441423870440e-14,5.442328927920e-14
3.284500000000e+01,5.414284664700e-14,5.414284664700e-14,5.414889192130e-14
3.285000000000e+01,5.387280815872e-14,5.387280815872e-14,5.389783025850e-14
3.285500000000e+01,5.360411648884e-14,5.360411648884e-14,5.358416883118e-14
3.286000000000e+01,5.333676492026e-14,5.333676492026e-14,5.331259474141e-14
3.286500000000e+01,5.307074676940e-14,5.307074676940e-14,5.303105273492e-14
3.287000000000e+01,5.280605538599e-14,5.280605538599e-14,5.276927757637e-14
3.287500000000e+01,5.254268415293e-14,5.254268415293e-14,5.253602361160e-14
3.288000000000e+01,5.228062648612e-14,5.228062648612e-14,5.228695666416e-14
3.288500000000e+01,5.201987583426e-14,5.201987583426e-14,5.202856559773e-14
3.289000000000e+01,5.176042567876e-14,5.176042567876e-14,5.172809634646e-14
3.289500000000e+01,5.150226953349e-14,5.150226953349e-14,5.147802815626e-14
3.290000000000e+01,5.124540094470e-14,5.124540094470e-14,5.122506564032e-14
3.290500000000e+01,5.098981349079e-14,5.098981349079e-14,5.095798866997e-14
3.291000000000e+01,5.073550078221e-14,5.073550078221e-14,5.074884860310e-14
3.291500000000e+01,5.048245646126e-14,5.048245646126e-14,5.051042020735e-14
3.292000000000e+01,5.023067420193e-14,5.023067420193e-14,5.022539216293e-14
3.292500000000e+01,4.998014770978e-14,4.998014770978e-14,4.999437357183e-14
3.293000000000e+01,4.973087072174e-14,4.973087072174e-14,4.974701544730e-14
3.293500000000e+01,4.948283700599e-14,4.948283700599e-14,4.946885231209e-14
3.294000000000e+01,4.923604036176e-14,4.923604036176e-14,4.922904769790e-14
3.294500000000e+01,4.899047461922e-14,4.899047461922e-14,4.897796919841e-14
3.295000000000e+01,4.874613363931e-14,4.874613363931e-14,4.874821219300e-14
3.295500000000e+01,4.850301131359e-14,4.850301131359e-14,4.849064882249e-14
3.296000000000e+01,4.826110156405e-14,4.826110156405e-14,4.828255146455e-14
3.296500000000e+01,4.802039834303e-14,4.802039834303e-14,4.801964296029e-14
3.297000000000e+01,4.778089563300e-14,4.778089563300e-14,4.777161464709e-14
3.297500000000e+01,4.754258744647e-14,4.754258744647e-14,4.753647030543e-14
3.298000000000e+01,4.730546782577e-14,4.730546782577e-14,4.730928965057e-14
3.298500000000e+01,4.706953084297e-14,4.706953084297e-14,4.704063180678e-14
3.299000000000e+01,4.683477059969e-14,4.683477059969e-14,4.684037013333e-14
3.299500000000e+01,4.660118122698e-14,4.660118122698e-14,4.656818758673e-14
3.300000000000e+01,4.636875688514e-14,4.636875688514e-14,4.634412367419e-14
3.300500000000e+01,4.613749176361e-14,4.613749176361e-14,4.612715258715e-14
3.301000000000e+01,4.590738008079e-14,4.590738008079e-14,4.592533953574e-14
3.301500000000e+01,4.567841608393e-14,4.567841608393e-14,4.565957933365e-14
3.302000000000e+01,4.545059404897e-14,4.545059404897e-14,4.545857565968e-14
3.302500000000e+01,4.522390828038e-14,4.522390828038e-14,4.519183763021e-14
3.303000000000e+01,4.499835311105e-14,4.499835311105e-14,4.501972183279e-14
3.303500000000e+01,4.477392290213e-14,4.477392290213e-14,4.476497429860e-14
3.304000000000e+01,4.455061204288e-14,4.455061204288e-14,4.449937961803e-14
3.304500000000e+01,4.432841495057e-14,4.432841495057e-14,4.432395680719e-14
3.305000000000e+01,4.410732607028e-14,4.410732607028e-14,4.406219468782e-14
3.305500000000e+01,4.388733987481e-14,4.388733987481e-14,4.386171930564e-14
3.306000000000e+01,4.366845086453e-14,4.366845086453e-14,4.365604392327e-14
3.306500000000e+01,4.345065356723e-14,4.345065356723e-14,4.343600941383e-14
3.307000000000e+01,4.323394253800e-14,4.323394253800e-14,4.324526937502e-14
3.307500000000e+01,4.301831235907e-14,4.301831235907e-14,4.299453369343e-14
3.308000000000e+01,4.280375763970e-14,4.280375763970e-14,4.279061948493e-14
3.308500000000e+01,4.259027301603e-14,4.259027301603e-14,4.258035003275e-14
3.309000000000e+01,4.237785315097e-14,4.237785315097e-14,4.235903011818e-14
3.309500000000e+01,4.216649273403e-14,4.216649273403e-14,4.211831839507e-14
3.310000000000e+01,4.195618648120e-14,4.195618648120e-14,4.194487979773e-14
3.310500000000e+01,4.174692913484e-14,4.174692913484e-14,4.170924044026e-14
3.311000000000e+01,4.153871546353e-14,4.153871546352e-14,4.151285002512e-14
3.311500000000e+01,4.133154026191e-14,4.133154026191e-14,4.132335659338e-14
3.312000000000e+01,4.112539835063e-14,4.112539835063e-14,4.107311007783e-14
3.312500000000e+01,4.092028457615e-14,4.092028457615e-14,4.088513214429e-14
3.313000000000e+01,4.071619381061e-14,4.071619381061e-14,4.072424597922e-14
3.313500000000e+01,4.051312095175e-14,4.051312095175e-14,4.050424744969e-14
3.314000000000e+01,4.031106092277e-14,4.031106092277e-14,4.027407826211e-14
3.314500000000e+01,4.011000867215e-14,4.011000867215e-14,4.007805229545e-14
3.315000000000e+01,3.990995917359e-14,3.990995917359e-14,3.985132138974e-14
3.315500000000e+01,3.971090742587e-14,3.971090742587e-14,3.970383538793e-14
3.316000000000e+01,3.951284845267e-14,3.951284845267e-14,3.947951794247e-14
3.316500000000e+01,3.931577730254e-14,3.931577730254e-14,3.931023283978e-14
3.317000000000e+01,3.911968904869e-14,3.911968904869e-14,3.909419965998e-14
3.317500000000e+01,3.892457878892e-14,3.892457878892e-14,3.890075908481e-14
3.318000000000e+01,3.873044164546e-14,3.873044164546e-14,3.865610672138e-14
3.318500000000e+01,3.853727276490e-14,3.853727276490e-14,3.853205482966e-14
3.319000000000e+01,3.834506731799e-14,3.834506731799e-14,3.831305592490e-14
3.319500000000e+01,3.815382049961e-14,3.815382049961e-14,3.815659311289e-14
3.320000000000e+01,3.796352752859e-14,3.796352752859e-14,3.798381202263e-14
3.320500000000e+01,3.777418364759e-14,3.777418364759e-14,3.779339876201e-14
3.321000000000e+01,3.758578412302e-14,3.758578412302e-14,3.756973718598e-14
3.321500000000e+01,3.739832424488e-14,3.739832424488e-14,3.739793555965e-14
3.322000000000e+01,3.721179932667e-14,3.721179932667e-14,3.719800798545e-14
3.322500000000e+01,3.702620470527e-14,3.702620470527e-14,3.698430712347e-14
3.323000000000e+01,3.684153574081e-14,3.684153574081e-14,3.682333291155e-14
3.323500000000e+01,3.665778781656e-14,3.665778781656e-14,3.665133947708e-14
3.324000000000e+01,3.647495633881e-14,3.647495633881e-14,3.648302335203e-14
3.324500000000e+01,3.629303673678e-14,3.629303673678e-14,3.631007976345e-14
3.325000000000e+01,3.611202446247e-14,3.611202446247e-14,3.610857239731e-14
3.325500000000e+01,3.593191499057e-14,3.593191499057e-14,3.590476387500e-14
3.326000000000e+01,3.575270381833e-14,3.575270381833e-14,3.575294516803e-14
3.326500000000e+01,3.557438646547e-14,3.557438646547e-14,3.556862716891e-14
3.327000000000e+01,3.539695847406e-14,3.539695847406e-14,3.537090977600e-14
3.327500000000e+01,3.522041540838e-14,3.522041540838e-14,3.522185219699e-14
3.328000000000e+01,3.504475285485e-14,3.504475285485e-14,3.506032935285e-14
3.328500000000e+01,3.486996642191e-14,3.486996642191e-14,3.481924488151e-14
3.329000000000e+01,3.469605173989e-14,3.469605173989e-14,3.468463330735e-14
3.329500000000e+01,3.452300446091e-14,3.452300446091e-14,3.452779616716e-14
3.330000000000e+01,3.435082025878e-14,3.435082025878e-14,3.433470070977e-14
3.330500000000e+01,3.417949482890e-14,3.417949482890e-14,3.421414470779e-14
3.331000000000e+01,3.400902388812e-14,3.400902388812e-14,3.401993324990e-14
3.331500000000e+01,3.383940317466e-14,3.383940317466e-14,3.385537382504e-14
3.332000000000e+01,3.367062844801e-14,3.367062844801e-14,3.367144112088e-14
3.332500000000e+01,3.350269548877e-14,3.350269548877e-14,3.351121199289e-14
3.333000000000e+01,3.333560009862e-14,3.333560009862e-14,3.333849219643e-14
3.333500000000e+01,3.316933810018e-14,3.316933810018e-14,3.316486938673e-14
3.334000000000e+01,3.300390533688e-14,3.300390533688e-14,3.302474225497e-14
3.334500000000e+01,3.283929767290e-14,3.283929767290e-14,3.284056646083e-14
3.335000000000e+01,3.267551099304e-14,3.267551099304e-14,3.266279498109e-14
3.335500000000e+01,3.251254120262e-14,3.251254120262e-14,3.253315712744e-14
3.336000000000e+01,3.235038422740e-14,3.235038422740e-14,3.235821552319e-14
3.336500000000e+01,3.218903601344e-14,3.218903601344e-14,3.219274779079e-14
3.337000000000e+01,3.202849252703e-14,3.202849252703e-14,3.204003274281e-14
3.337500000000e+01,3.186874975457e-14,3.186874975457e-14,3.188449078912e-14
3.338000000000e+01,3.170980370250e-14,3.170980370250e-14,3.170200428389e-14
3.338500000000e+01,3.155165039714e-14,3.155165039714e-14,3.157675450009e-14
3.339000000000e+01,3.139428588467e-14,3.139428588467e-14,3.140585870173e-14
3.339500000000e+01,3.123770623096e-14,3.123770623096e-14,3.124342250949e-14
3.340000000000e+01,3.108190752151e-14,3.108190752151e-14,3.109309234538e-14
3.340500000000e+01,3.092688586135e-14,3.092688586135e-14,3.094893334061e-14
3.341000000000e+01,3.077263737493e-14,3.077263737493e-14,3.078150787710e-14
3.341500000000e+01,3.061915820603e-14,3.061915820603e-14,3.061952703217e-14
3.342000000000e+01,3.046644451766e-14,3.046644451766e-14,3.048997149375e-14
3.342500000000e+01,3.031449249198e-14,3.031449249198e-14,3.031347783159e-14
3.343000000000e+01,3.016329833017e-14,3.016329833017e-14,3.018294545011e-14
3.343500000000e+01,3.001285825238e-14,3.001285825238e-14,3.005171352420e-14
3.344000000000e+01,2.986316849759e-14,2.986316849759e-14,2.988256449920e-14
3.344500000000e+01,2.971422532356e-14,2.971422532356e-14,2.973855678234e-14
3.345000000000e+01,2.956602500670e-14,2.956602500670e-14,2.960447005817e-14
3.345500000000e+01,2.941856384199e-14,2.941856384199e-14,2.943491386121e-14
3.346000000000e+01,2.927183814290e-14,2.927183814290e-14,2.929559713732e-14
3.346500000000e+01,2.912584424128e-14,2.912584424128e-14,2.915384316408e-14
3.347000000000e+01,2.898057848727e-14,2.898057848727e-14,2.900601032108e-14
3.347500000000e+01,2.883603724922e-14,2.883603724922e-14,2.886672272985e-14
3.348000000000e+01,2.869221691360e-14,2.869221691360e-14,2.869722420486e-14
3.348500000000e+01,2.854911388489e-14,2.854911388489e-14,2.858594138739e-14
3.349000000000e+01,2.840672458550e-14,2.840672458550e-14,2.844472563394e-14
3.349500000000e+01,2.826504545569e-14,2.826504545569e-14,2.827639442647e-14
3.350000000000e+01,2.812407295349e-14,2.812407295349e-14,2.813454057435e-14
3.350500000000e+01,2.798380355457e-14,2.798380355457e-14,2.800668406079e-14
3.351000000000e+01,2.784423375220e-14,2.784423375220e-14,2.784087984236e-14
3.351500000000e+01,2.770536005710e-14,2.770536005710e-14,2.773878341900e-14
3.352000000000e+01,2.756717899745e-14,2.756717899745e-14,2.758270938291e-14
3.352500000000e+01,2.742968711870e-14,2.742968711870e-14,2.744773658540e-14
3.353000000000e+01,2.729288098356e-14,2.729288098356e-14,2.732090792093e-14
3.353500000000e+01,2.715675717185e-14,2.715675717185e-14,2.719265942552e-14
3.354000000000e+01,2.702131228048e-14,2.702131228048e-14,2.703832065625e-14
3.354500000000e+01,2.688654292332e-14,2.688654292332e-14,2.688172944073e-14
3.355000000000e+01,2.675244573114e-14,2.675244573114e-14,2.679488561171e-14
3.355500000000e+01,2.661901735148e-14,2.661901735148e-14,2.666139261273e-14
3.356000000000e+01,2.648625444864e-14,2.648625444864e-14,2.653026346575e-14
3.356500000000e+01,2.635415370354e-14,2.635415370354e-14,2.639424923867e-14
3.357000000000e+01,2.622271181365e-14,2.622271181365e-14,2.624012739927e-14
3.357500000000e+01,2.609192549291e-14,2.609192549291e-14,2.608016893835e-14
3.358000000000e+01,2.596179147167e-14,2.596179147167e-14,2.600724037650e-14
3.358500000000e+01,2.583230649657e-14,2.583230649657e-14,2.587517523521e-14
3.359000000000e+01,2.570346733047e-14,2.570346733047e-14,2.570658369605e-14
3.359500000000e+01,2.557527075238e-14,2.557527075238e-14,2.560848375121e-14
3.360000000000e+01,2.544771355740e-14,2.544771355740e-14,2.549420086826e-14
3.360500000000e+01,2.532079255658e-14,2.532079255658e-14,2.534644736771e-14
3.361000000000e+01,2.519450457689e-14,2.519450457689e-14,2.524462386863e-14
3.361500000000e+01,2.506884646112e-14,2.506884646112e-14,2.510611716520e-14
3.362000000000e+01,2.494381506782e-14,2.494381506782e-14,2.495797483982e-14
3.362500000000e+01,2.481940727119e-14,2.481940727119e-14,2.481758414439e-14
3.363000000000e+01,2.469561996104e-14,2.469561996104e-14,2.468486971213e-14
3.363500000000e+01,2.457245004267e-14,2.457245004267e-14,2.458543686518e-14
3.364000000000e+01,2.444989443683e-14,2.444989443683e-14,2.445830672048e-14
3.364500000000e+01,2.432795007962e-14,2.432795007962e-14,2.436359618609e-14
3.365000000000e+01,2.420661392242e-14,2.420661392242e-14,2.423354204919e-14
3.365500000000e+01,2.408588293184e-14,2.408588293184e-14,2.409038815854e-14
3.366000000000e+01,2.396575408958e-14,2.396575408958e-14,2.400163645425e-14
3.366500000000e+01,2.384622439242e-14,2.384622439242e-14,2.387003332311e-14
3.367000000000e+01,2.372729085211e-14,2.372729085211e-14,2.372592112737e-14
3.367500000000e+01,2.360895049530e-14,2.360895049530e-14,2.360278772201e-14
3.368000000000e+01,2.349120036349e-14,2.349120036349e-14,2.349457414584e-14
3.368500000000e+01,2.337403751291e-14,2.337403751291e-14,2.336551168668e-14
3.369000000000e+01,2.325745901448e-14,2.325745901448e-14,2.327606093220e-14
3.369500000000e+01,2.314146195374e-14,2.314146195374e-14,2.316244776258e-14
3.370000000000e+01,2.302604343075e-14,2.302604343075e-14,2.303052127137e-14
3.370500000000e+01,2.291120056005e-14,2.291120056005e-14,2.293699430757e-14
3.371000000000e+01,2.279693047055e-14,2.279693047055e-14,2.283162458576e-14
3.371500000000e+01,2.268323030550e-14,2.268323030550e-14,2.269194142354e-14
3.372000000000e+01,2.257009722239e-14,2.257009722239e-14,2.256612673296e-14
3.372500000000e+01,2.245752839288e-14,2.245752839288e-14,2.245991606355e-14
3.373000000000e+01,2.234552100276e-14,2.234552100276e-14,2.233090712650e-14
3.373500000000e+01,2.223407225182e-14,2.223407225182e-14,2.221732775881e-14
3.374000000000e+01,2.212317935384e-14,2.212317935384e-14,2.215350576657e-14
3.374500000000e+01,2.201283953650e-14,2.201283953650e-14,2.202253839937e-14
3.375000000000e+01,2.190305004129e-14,2.190305004129e-14,2.192101363241e-14
3.375500000000e+01,2.179380812348e-14,2.179380812348e-14,2.183506045955e-14
3.376000000000e+01,2.168511105200e-14,2.168511105200e-14,2.171549195646e-14
3.376500000000e+01,2.157695610943e-14,2.157695610943e-14,2.157394903231e-14
3.377000000000e+01,2.146934059189e-14,2.146934059189e-14,2.147803762648e-14
3.377500000000e+01,2.136226536641e-14,2.136226180897e-14,2.134795310758e-14
3.378000000000e+01,2.125572400736e-14,2.125571708372e-14,2.125594236407e-14
3.378500000000e+01,2.114971386051e-14,2.114970375249e-14,2.116013481154e-14
3.379000000000e+01,2.104423228449e-14,2.104421916497e-14,2.104818030991e-14
3.379500000000e+01,2.093927665069e-14,2.093926068402e-14,2.097264187263e-14
3.380000000000e+01,2.083484434325e-14,2.083482568567e-14,2.084763324532e-14
3.380500000000e+01,2.073093275899e-14,2.073091155905e-14,2.078761057531e-14
3.381000000000e+01,2.062753930739e-14,2.062751570630e-14,2.067338298211e-14
3.381500000000e+01,2.052466141052e-14,2.052463554252e-14,2.052181817221e-14
3.382000000000e+01,2.042229650301e-14,2.042226849569e-14,2.036182496615e-14
3.382500000000e+01,2.032044203197e-14,2.032041200664e-14,2.025634685683e-14
3.383000000000e+01,2.021909545699e-14,2.021906352895e-14,2.025253226662e-14
3.383500000000e+01,2.011825425006e-14,2.011822052890e-14,2.021836345187e-14
3.384000000000e+01,2.001791589553e-14,2.001788048541e-14,2.004479954130e-14
3.384500000000e+01,1.991807789006e-14,1.991804088998e-14,2.000312837127e-14
3.385000000000e+01,1.981873774256e-14,1.981869924660e-14,1.982320634015e-14
3.385500000000e+01,1.971989297416e-14,1.971985307174e-14,1.966592619530e-14
3.386000000000e+01,1.962154111814e-14,1.962149989423e-14,1.954416807231e-14
3.386500000000e+01,1.952367971990e-14,1.952363725524e-14,1.949946494169e-14
3.387000000000e+01,1.942630633687e-14,1.942626270820e-14,1.949008364663e-14
3.387500000000e+01,1.932941853852e-14,1.932937381873e-14,1.938884368594e-14
3.388000000000e+01,1.923301390625e-14,1.923296816462e-14,1.925220122779e-14
3.388500000000e+01,1.913709003338e-14,1.913704333572e-14,1.912699959124e-14
3.389000000000e+01,1.904164452506e-14,1.904159693389e-14,1.905427192625e-14
3.389500000000e+01,1.894667499827e-14,1.894662657299e-14,1.891873530015e-14
3.390000000000e+01,1.885217908171e-14,1.885212987873e-14,1.883424528975e-14
3.390500000000e+01,1.875815441580e-14,1.875810448870e-14,1.873075120422e-14
3.391000000000e+01,1.866459865258e-14,1.866454805225e-14,1.864849685735e-14
3.391500000000e+01,1.857150945569e-14,1.857145823049e-14,1.858715313228e-14
3.392000000000e+01,1.847888450033e-14,1.847883269614e-14,1.850786547902e-14
3.392500000000e+01,1.838672147317e-14,1.838666913358e-14,1.840413580715e-14
3.393000000000e+01,1.829501807230e-14,1.829496523870e-14,1.829560851183e-14
3.393500000000e+01,1.820377200723e-14,1.820371871890e-14,1.820350541091e-14
3.394000000000e+01,1.811298099878e-14,1.811292729302e-14,1.813262998892e-14
3.394500000000e+01,1.802264277906e-14,1.802258869127e-14,1.801874530649e-14
3.395000000000e+01,1.793275509138e-14,1.793270065517e-14,1.791028029730e-14
3.395500000000e+01,1.784331569028e-14,1.784326093752e-14,1.784256635596e-14
3.396000000000e+01,1.775432234136e-14,1.775426730233e-14,1.773682193649e-14
3.396500000000e+01,1.766577282135e-14,1.766571752474e-14,1.767579812400e-14
3.397000000000e+01,1.757766491796e-14,1.757760939101e-14,1.760030066615e-14
3.397500000000e+01,1.748999642988e-14,1.748994069843e-14,1.750316769911e-14
3.398000000000e+01,1.740276516674e-14,1.740270925528e-14,1.741670435991e-14
3.398500000000e+01,1.731596894900e-14,1.731591288077e-14,1.733208622482e-14
3.399000000000e+01,1.722960560795e-14,1.722954940498e-14,1.722967761574e-14
3.399500000000e+01,1.714367298565e-14,1.714361666882e-14,1.716654637009e-14
3.400000000000e+01,1.705816893488e-14,1.705811252397e-14,1.704998025394e-14
3.400500000000e+01,1.697309131905e-14,1.697303483283e-14,1.697127723678e-14
3.401000000000e+01,1.688843801220e-14,1.688838146844e-14,1.688764631845e-14
3.401500000000e+01,1.680420689893e-14,1.680415031446e-14,1.680918146712e-14
3.402000000000e+01,1.672039587436e-14,1.672033926512e-14,1.675609923484e-14
3.402500000000e+01,1.663700284404e-14,1.663694622513e-14,1.664550389980e-14
3.403000000000e+01,1.655402572396e-14,1.655396910966e-14,1.656188216745e-14
3.403500000000e+01,1.647146244044e-14,1.647140584428e-14,1.646885272462e-14
3.404000000000e+01,1.638931093013e-14,1.638925436491e-14,1.639405464094e-14
3.404500000000e+01,1.630756913993e-14,1.630751261775e-14,1.632470929682e-14
3.405000000000e+01,1.622623502695e-14,1.622617855925e-14,1.622511728141e-14
3.405500000000e+01,1.614530655845e-14,1.614525015607e-14,1.612076969677e-14
3.406000000000e+01,1.606478171183e-14,1.606472538497e-14,1.606866949635e-14
3.406500000000e+01,1.598465847452e-14,1.598460223285e-14,1.598449396269e-14
3.407000000000e+01,1.590493484398e-14,1.590487869662e-14,1.591304198074e-14
3.407500000000e+01,1.582560882762e-14,1.582555278318e-14,1.583570633683e-14
3.408000000000e+01,1.574667844278e-14,1.574662250939e-14,1.573691796983e-14
3.408500000000e+01,1.566814171666e-14,1.566808590198e-14,1.565299362618e-14
3.409000000000e+01,1.558999668628e-14,1.558994099753e-14,1.559704526017e-14
3.409500000000e+01,1.551224139843e-14,1.551218584242e-14,1.548876754476e-14
3.410000000000e+01,1.543487390963e-14,1.543481849277e-14,1.543675726993e-14
3.410500000000e+01,1.535789228605e-14,1.535783701438e-14,1.536606515410e-14
3.411000000000e+01,1.528129460353e-14,1.528123948271e-14,1.526799097844e-14
3.411500000000e+01,1.520507894746e-14,1.520502398283e-14,1.520897815492e-14
3.412000000000e+01,1.512924341276e-14,1.512918860934e-14,1.511865053207e-14
3.412500000000e+01,1.505378610387e-14,1.505373146636e-14,1.505562166255e-14
3.413000000000e+01,1.497870513463e-14,1.497865066744e-14,1.500544960961e-14
3.413500000000e+01,1.490399862831e-14,1.490394433557e-14,1.492528029359e-14
3.414000000000e+01,1.482966471750e-14,1.482961060309e-14,1.483480147075e-14
3.414500000000e+01,1.475570154411e-14,1.475564761164e-14,1.475644261886e-14
3.415000000000e+01,1.468210725930e-14,1.468205351215e-14,1.466235216728e-14
3.415500000000e+01,1.460888002343e-14,1.460882646477e-14,1.462778254793e-14
3.416000000000e+01,1.453601800604e-14,1.453596463880e-14,1.455884685311e-14
3.416500000000e+01,1.446351938579e-14,1.446346621271e-14,1.449020167251e-14
3.417000000000e+01,1.439138235040e-14,1.439132937403e-14,1.440949696816e-14
3.417500000000e+01,1.431960509664e-14,1.431955231933e-14,1.430898821074e-14
3.418000000000e+01,1.424818583025e-14,1.424813325419e-14,1.423840581435e-14
3.418500000000e+01,1.417712276591e-14,1.417707039312e-14,1.416651211130e-14
3.419000000000e+01,1.410641412721e-14,1.410636195955e-14,1.415339745609e-14
3.419500000000e+01,1.403605814658e-14,1.403600618576e-14,1.403423438940e-14
3.420000000000e+01,1.396605306526e-14,1.396600131285e-14,1.395327538719e-14
3.420500000000e+01,1.389639713327e-14,1.389634559071e-14,1.392512394720e-14
3.421000000000e+01,1.382708860934e-14,1.382703727793e-14,1.383694442528e-14
3.421500000000e+01,1.375812576087e-14,1.375807464180e-14,1.374684650434e-14
3.422000000000e+01,1.368950686392e-14,1.368945595826e-14,1.366239155614e-14
3.422500000000e+01,1.362123020311e-14,1.362117951183e-14,1.363827848418e-14
3.423000000000e+01,1.355329407164e-14,1.355324359559e-14,1.353677008567e-14
3.423500000000e+01,1.348569677121e-14,1.348564651115e-14,1.346309381717e-14
3.424000000000e+01,1.341843661198e-14,1.341838656858e-14,1.343172798946e-14
3.424500000000e+01,1.335151191253e-14,1.335146208637e-14,1.335397436013e-14
3.425000000000e+01,1.328492099984e-14,1.328487139140e-14,1.324503829415e-14
3.425500000000e+01,1.321866220920e-14,1.321861281892e-14,1.317684810120e-14
3.426000000000e+01,1.315273388424e-14,1.315268471244e-14,1.313497303293e-14
3.426500000000e+01,1.308713437681e-14,1.308708542376e-14,1.306797179160e-14
3.427000000000e+01,1.302186204700e-14,1.302181331290e-14,1.296327712276e-14
3.427500000000e+01,1.295691526306e-14,1.295686674806e-14,1.296933528677e-14
3.428000000000e+01,1.289229240138e-14,1.289224410555e-14,1.285760723949e-14
3.428500000000e+01,1.282799184647e-14,1.282794376982e-14,1.277282680781e-14
3.429000000000e+01,1.276401199085e-14,1.276396413336e-14,1.274134481147e-14
3.429500000000e+01,1.270035123508e-14,1.270030359666e-14,1.270152702407e-14
3.430000000000e+01,1.263700798771e-14,1.263696056821e-14,1.257582246301e-14
3.430500000000e+01,1.257398066518e-14,1.257393346444e-14,1.256920096157e-14
3.431000000000e+01,1.251126769188e-14,1.251122070965e-14,1.248458464388e-14
3.431500000000e+01,1.244886750000e-14,1.244882073604e-14,1.242680138551e-14
3.432000000000e+01,1.238677852960e-14,1.238673198359e-14,1.236470161380e-14
3.432500000000e+01,1.232499922849e-14,1.232495290009e-14,1.230549646229e-14
3.433000000000e+01,1.226352805222e-14,1.226348194105e-14,1.221862275955e-14
3.433500000000e+01,1.220236346404e-14,1.220231756970e-14,1.217543354457e-14
3.434000000000e+01,1.214150393488e-14,1.214145825692e-14,1.210533598893e-14
3.434500000000e+01,1.208094794327e-14,1.208090248123e-14,1.205657832201e-14
3.435000000000e+01,1.202069397536e-14,1.202064872874e-14,1.199832245428e-14
3.435500000000e+01,1.196074052481e-14,1.196069549309e-14,1.194796704241e-14
3.436000000000e+01,1.190108609281e-14,1.190104127544e-14,1.187780360725e-14
3.436500000000e+01,1.184172918804e-14,1.184168458445e-14,1.181601308140e-14
3.437000000000e+01,1.178266832659e-14,1.178262393620e-14,1.176301500398e-14
3.437500000000e+01,1.172390203197e-14,1.172385785415e-14,1.168139864505e-14
3.438000000000e+01,1.166542883503e-14,1.166538486916e-14,1.162625340728e-14
3.438500000000e+01,1.160724727396e-14,1.160720351940e-14,1.157378248684e-14
3.439000000000e+01,1.154935589426e-14,1.154931235033e-14,1.152984997178e-14
3.439500000000e+01,1.149175324865e-14,1.149170991467e-14,1.145787226931e-14
3.440000000000e+01,1.143443789707e-14,1.143439477236e-14,1.140920260936e-14
3.440500000000e+01,1.137740840667e-14,1.137736549052e-14,1.135890311355e-14
3.441000000000e+01,1.132066335173e-14,1.132062064340e-14,1.132340000251e-14
3.441500000000e+01,1.126420131362e-14,1.126415881239e-14,1.123578589124e-14
3.442000000000e+01,1.120802088081e-14,1.120797858594e-14,1.115974907457e-14
3.442500000000e+01,1.115212064881e-14,1.115207855953e-14,1.112712765454e-14
3.443000000000e+01,1.109649922011e-14,1.109645733567e-14,1.104117818679e-14
3.443500000000e+01,1.104115520420e-14,1.104111352382e-14,1.104668695098e-14
3.444000000000e+01,1.098608721749e-14,1.098604574038e-14,1.095406350053e-14
3.444500000000e+01,1.093129388328e-14,1.093125260866e-14,1.092307633873e-14
3.445000000000e+01,1.087677383175e-14,1.087673275883e-14,1.086737980618e-14
3.445500000000e+01,1.082252569991e-14,1.082248482788e-14,1.079536611245e-14
3.446000000000e+01,1.076854813156e-14,1.076850745961e-14,1.072932167498e-14
3.446500000000e+01,1.071483977728e-14,1.071479930459e-14,1.072706709828e-14
3.447000000000e+01,1.066139929435e-14,1.066135902012e-14,1.064184337945e-14
3.447500000000e+01,1.060822534678e-14,1.060818527017e-14,1.062077699507e-14
3.448000000000e+01,1.055531660522e-14,1.055527672541e-14,1.055785873674e-14
3.448500000000e+01,1.050267174696e-14,1.050263206311e-14,1.053878537895e-14
3.449000000000e+01,1.045028945588e-14,1.045024996716e-14,1.043679253032e-14
3.449500000000e+01,1.039816842243e-14,1.039812912801e-14,1.038472140960e-14
3.450000000000e+01,1.034630734360e-14,1.034626824263e-14,1.030891194395e-14
3.450500000000e+01,1.029470492284e-14,1.029466601449e-14,1.028808751151e-14
3.451000000000e+01,1.024335987012e-14,1.024332115354e-14,1.025598335814e-14
3.451500000000e+01,1.019227090181e-14,1.019223237615e-14,1.018162564302e-14
3.452000000000e+01,1.014143674068e-14,1.014139840510e-14,1.013417766025e-14
3.452500000000e+01,1.009085611589e-14,1.009081796954e-14,1.007817343426e-14
3.453000000000e+01,1.004052776292e-14,1.004048980495e-14,1.002938841792e-14
3.453500000000e+01,9.990450423563e-15,9.990412653136e-15,9.940855838955e-15
3.454000000000e+01,9.940622845895e-15,9.940585262155e-15,9.904109580900e-15
3.454500000000e+01,9.891043784224e-15,9.891006386323e-15,9.891151682333e-15
3.455000000000e+01,9.841711999076e-15,9.841674786166e-15,9.808774830090e-15
3.455500000000e+01,9.792626257159e-15,9.792589228391e-15,9.802596977860e-15
3.456000000000e+01,9.743785331330e-15,9.743748485857e-15,9.719606779191e-15
3.456500000000e+01,9.695188000566e-15,9.695151337542e-15,9.681374892953e-15
3.457000000000e+01,9.646833049937e-15,9.646796568516e-15,9.646955359711e-15
3.457500000000e+01,9.598719270569e-15,9.598682969907e-15,9.589035410887e-15
3.458000000000e+01,9.550845459619e-15,9.550809338872e-15,9.529810504650e-15
3.458500000000e+01,9.503210420242e-15,9.503174478567e-15,9.489026860624e-15
3.459000000000e+01,9.455812961561e-15,9.455777198120e-15,9.453617485274e-15
3.459500000000e+01,9.408651898643e-15,9.408616312595e-15,9.411825343159e-15
3.460000000000e+01,9.361726052459e-15,9.361690642968e-15,9.343875518270e-15
3.460500000000e+01,9.315034249864e-15,9.314999016094e-15,9.319056120568e-15
3.461000000000e+01,9.268575323563e-15,9.268540264681e-15,9.271818363671e-15
3.461500000000e+01,9.222348112082e-15,9.222313227258e-15,9.177941478064e-15
3.462000000000e+01,9.176351459742e-15,9.176316748145e-15,9.129754821279e-15
3.462500000000e+01,9.130584216625e-15,9.130549677429e-15,9.111700224087e-15
3.463000000000e+01,9.085045238550e-15,9.085010870931e-15,9.034465969544e-15
3.463500000000e+01,9.039733387042e-15,9.039699190178e-15,9.023029318016e-15
3.464000000000e+01,8.994647529305e-15,8.994613502375e-15,8.988676758947e-15
3.464500000000e+01,8.949786538191e-15,8.949752680378e-15,8.974401037657e-15
3.465000000000e+01,8.905149292174e-15,8.905115602664e-15,8.910152140734e-15
3.465500000000e+01,8.860734675323e-15,8.860701153304e-15,8.866500200670e-15
3.466000000000e+01,8.816541577272e-15,8.816508221935e-15,8.840538405720e-15
3.466500000000e+01,8.772568893192e-15,8.772535703730e-15,8.785753851492e-15
3.467000000000e+01,8.728815523765e-15,8.728782499375e-15,8.734961873138e-15
3.467500000000e+01,8.685280375156e-15,8.685247515036e-15,8.673091574017e-15
3.468000000000e+01,8.641962358985e-15,8.641929662338e-15,8.627788888795e-15
3.468500000000e+01,8.598860392301e-15,8.598827858332e-15,8.610678962044e-15
3.469000000000e+01,8.555973397553e-15,8.555941025470e-15,8.571010074992e-15
3.469500000000e+01,8.513300302565e-15,8.513268091579e-15,8.494301678903e-15
3.470000000000e+01,8.470840040509e-15,8.470807989834e-15,8.463166433617e-15
3.470500000000e+01,8.428591549877e-15,8.428559658730e-15,8.445223742689e-15
3.471000000000e+01,8.386553774455e-15,8.386522042057e-15,8.406217302231e-15
3.471500000000e+01,8.344725663297e-15,8.344694088871e-15,8.381717460948e-15
3.472000000000e+01,8.303106170700e-15,8.303074753472e-15,8.321738076620e-15
3.472500000000e+01,8.261694256175e-15,8.261662995374e-15,8.278920546681e-15
3.473000000000e+01,8.220488884422e-15,8.220457779282e-15,8.244946195292e-15
3.473500000000e+01,8.179489025305e-15,8.179458075062e-15,8.197467848827e-15
3.474000000000e+01,8.138693653828e-15,8.138662857720e-15,8.147878883095e-15
3.474500000000e+01,8.098101750103e-15,8.098071107373e-15,8.139000851998e-15
3.475000000000e+01,8.057712299332e-15,8.057681809226e-15,8.069908710734e-15
3.475500000000e+01,8.017524291777e-15,8.017493953544e-15,8.055519718569e-15
3.476000000000e+01,7.977536722736e-15,7.977506535628e-15,7.958101557759e-15
3.476500000000e+01,7.937748592519e-15,7.937718555791e-15,7.955245288285e-15
3.477000000000e+01,7.898158906420e-15,7.898129019332e-15,7.911940690509e-15
3.477500000000e+01,7.858766674696e-15,7.858736936509e-15,7.885091170086e-15
3.478000000000e+01,7.819570912540e-15,7.819541322519e-15,7.817469467721e-15
3.478500000000e+01,7.780570640056e-15,7.780541197469e-15,7.802183782805e-15
3.479000000000e+01,7.741764882234e-15,7.741735586354e-15,7.742250223720e-15
3.479500000000e+01,7.703152668931e-15,7.703123519033e-15,7.731890104471e-15
3.480000000000e+01,7.664733034839e-15,7.664704030200e-15,7.694529426581e-15
3.480500000000e+01,7.626505019465e-15,7.626476159368e-15,7.670080572242e-15
3.481000000000e+01,7.588467667107e-15,7.588438950836e-15,7.626784998512e-15
3.481500000000e+01,7.550620026830e-15,7.550591453674e-15,7.557716822195e-15
3.482000000000e+01,7.512961152441e-15,7.512932721691e-15,7.504531930198e-15
3.482500000000e+01,7.475490102466e-15,7.475461813418e-15,7.487177966483e-15
3.483000000000e+01,7.438205940128e-15,7.438177792079e-15,7.469518999994e-15
3.483500000000e+01,7.401107733322e-15,7.401079725573e-15,7.410367139839e-15
3.484000000000e+01,7.364194554589e-15,7.364166686445e-15,7.392904262121e-15
3.484500000000e+01,7.327465481099e-15,7.327437751867e-15,7.328527419779e-15
3.485000000000e+01,7.290919594623e-15,7.290892003616e-15,7.306393282266e-15
3.485500000000e+01,7.254555981513e-15,7.254528528044e-15,7.256502699802e-15
3.486000000000e+01,7.218373732676e-15,7.218346416063e-15,7.236773174090e-15
3.486500000000e+01,7.182371943555e-15,7.182344763118e-15,7.192025028093e-15
3.487000000000e+01,7.146549714104e-15,7.146522669167e-15,7.146694167675e-15
3.487500000000e+01,7.110906148763e-15,7.110879238654e-15,7.139098134249e-15
3.488000000000e+01,7.075440356444e-15,7.075413580493e-15,7.083830614190e-15
3.488500000000e+01,7.040151450499e-15,7.040124808040e-15,7.057050386707e-15
3.489000000000e+01,7.005038548704e-15,7.005012039074e-15,7.026326091180e-15
3.489500000000e+01,6.970100773235e-15,6.970074395774e-15,7.000529854616e-15
3.490000000000e+01,6.935337250646e-15,6.935311004696e-15,6.948771529693e-15
3.490500000000e+01,6.900747111846e-15,6.900720996755e-15,6.905413527108e-15
3.491000000000e+01,6.866329492082e-15,6.866303507198e-15,6.871756942900e-15
3.491500000000e+01,6.832083530910e-15,6.832057675587e-15,6.856390464925e-15
3.492000000000e+01,6.798008372180e-15,6.797982645773e-15,6.786291883834e-15
3.492500000000e+01,6.764103164012e-15,6.764077565879e-15,6.797095908195e-15
3.493000000000e+01,6.730367058773e-15,6.730341588277e-15,6.728438358163e-15
3.493500000000e+01,6.696799213059e-15,6.696773869565e-15,6.701542036620e-15
3.494000000000e+01,6.663398787672e-15,6.663373570549e-15,6.669645612392e-15
3.494500000000e+01,6.630164947601e-15,6.630139856219e-15,6.626220722196e-15
3.495000000000e+01,6.597096861997e-15,6.597071895731e-15,6.579587257587e-15
3.495500000000e+01,6.564193704156e-15,6.564168862383e-15,6.580063617460e-15
3.496000000000e+01,6.531454651499e-15,6.531429933599e-15,6.525423632516e-15
3.496500000000e+01,6.498878885547e-15,6.498854290904e-15,6.492788926451e-15
3.497000000000e+01,6.466465591904e-15,6.466441119904e-15,6.476320940851e-15
3.497500000000e+01,6.434213960236e-15,6.434189610270e-15,6.447579037265e-15
3.498000000000e+01,6.402123184252e-15,6.402098955710e-15,6.409190044085e-15
3.498500000000e+01,6.370192461679e-15,6.370168353958e-15,6.386409848343e-15
3.499000000000e+01,6.338420994248e-15,6.338397006747e-15,6.328144175951e-15
3.499500000000e+01,6.306807987672e-15,6.306784119790e-15,6.323737503421e-15
3.500000000000e+01,6.275352651623e-15,6.275328902766e-15,6.261800234393e-15
3.500500000000e+01,6.244054199716e-15,6.244030569290e-15,6.263225217717e-15
3.501000000000e+01,6.212911849488e-15,6.212888336904e-15,6.229847419958e-15
3.501500000000e+01,6.181924822379e-15,6.181901427051e-15,6.185257053050e-15
3.502000000000e+01,6.151092343712e-15,6.151069065054e-15,6.150914256243e-15
3.502500000000e+01,6.120413642674e-15,6.120390480105e-15,6.138803536830e-15
3.503000000000e+01,6.089887952294e-15,6.089864905237e-15,6.078158114487e-15
3.503500000000e+01,6.059514509430e-15,6.059491577308e-15,6.093984169732e-15
3.504000000000e+01,6.029292554743e-15,6.029269736985e-15,6.028332255359e-15
3.504500000000e+01,5.999221332684e-15,5.999198628718e-15,6.021260170112e-15
3.505000000000e+01,5.969300091470e-15,5.969277500730e-15,6.004207526841e-15
3.505500000000e+01,5.939528083068e-15,5.939505604991e-15,5.975296307317e-15
3.506000000000e+01,5.909904563177e-15,5.909882197201e-15,5.889776618958e-15
3.506500000000e+01,5.880428791208e-15,5.880406536773e-15,5.878316226875e-15
3.507000000000e+01,5.851100030265e-15,5.851077886816e-15,5.845958997388e-15
3.507500000000e+01,5.821917547126e-15,5.821895514110e-15,5.830882639827e-15
3.508000000000e+01,5.792880612229e-15,5.792858689095e-15,5.761508993102e-15
3.508500000000e+01,5.763988499648e-15,5.763966685850e-15,5.776818675875e-15
3.509000000000e+01,5.735240487080e-15,5.735218782071e-15,5.723940330557e-15
3.509500000000e+01,5.706635855822e-15,5.706614259061e-15,5.721620817509e-15
3.510000000000e+01,5.678173890758e-15,5.678152401705e-15,5.688989572992e-15
3.510500000000e+01,5.649853880336e-15,5.649832498454e-15,5.667852462935e-15
3.511000000000e+01,5.621675116555e-15,5.621653841310e-15,5.622244669433e-15
3.511500000000e+01,5.593636894945e-15,5.593615725805e-15,5.603881634942e-15
3.512000000000e+01,5.565738514548e-15,5.565717450985e-15,5.544276978386e-15
3.512500000000e+01,5.537979277903e-15,5.537958319390e-15,5.557549805634e-15
3.513000000000e+01,5.510358491029e-15,5.510337637042e-15,5.521442011369e-15
3.513500000000e+01,5.482875463404e-15,5.482854713422e-15,5.499455683037e-15
3.514000000000e+01,5.455529507950e-15,5.455508861455e-15,5.435363219020e-15
3.514500000000e+01,5.428319941018e-15,5.428299397494e-15,5.433406364847e-15
3.515000000000e+01,5.401246082368e-15,5.401225641301e-15,5.426681366294e-15
3.515500000000e+01,5.374307255150e-15,5.374286916030e-15,5.381996244460e-15
3.516000000000e+01,5.347502785893e-15,5.347482548212e-15,5.343517676202e-15
3.516500000000e+01,5.320832004485e-15,5.320811867736e-15,5.291172396918e-15
3.517000000000e+01,5.294294244153e-15,5.294274207834e-15,5.272818907494e-15
3.517500000000e+01,5.267888841454e-15,5.267868905063e-15,5.219164295065e-15
3.518000000000e+01,5.241615136249e-15,5.241595299288e-15,5.183943092273e-15
3.518500000000e+01,5.215472471696e-15,5.215452733670e-15,5.189740688153e-15
3.519000000000e+01,5.189460194226e-15,5.189440554641e-15,5.158150262828e-15
3.519500000000e+01,5.163577653531e-15,5.163558111896e-15,5.166197793052e-15
3.520000000000e+01,5.137824202546e-15,5.137804758373e-15,5.106726679118e-15
3.520500000000e+01,5.112199197433e-15,5.112179850237e-15,5.096472822265e-15
3.521000000000e+01,5.086701997567e-15,5.086682746863e-15,5.095245554905e-15
3.521500000000e+01,5.061331965516e-15,5.061312810823e-15,5.035020031540e-15
3.522000000000e+01,5.036088467027e-15,5.036069407867e-15,5.004247467891e-15
3.522500000000e+01,5.010970871012e-15,5.010951906908e-15,4.994972815697e-15
3.523000000000e+01,4.985978549529e-15,4.985959680008e-15,4.979105222616e-15
3.523500000000e+01,4.961110877770e-15,4.961092102359e-15,4.952400369753e-15
3.524000000000e+01,4.936367234042e-15,4.936348552272e-15,4.896021808693e-15
3.524500000000e+01,4.911746999751e-15,4.911728411155e-15,4.910648751247e-15
3.525000000000e+01,4.887249559391e-15,4.887231063504e-15,4.895271936244e-15
3.525500000000e+01,4.862874300524e-15,4.862855896885e-15,4.836264776803e-15
3.526000000000e+01,4.838620613768e-15,4.838602301916e-15,4.824188869521e-15
3.526500000000e+01,4.814487892779e-15,4.814469672257e-15,4.790163340448e-15
3.527000000000e+01,4.790475534239e-15,4.790457404591e-15,4.759354972712e-15
3.527500000000e+01,4.766583406502e-15,4.766564898609e-15,4.750576653957e-15
3.528000000000e+01,4.742810418392e-15,4.742791556997e-15,4.703253160237e-15
3.528500000000e+01,4.719155976812e-15,4.719136785422e-15,4.705861004285e-15
3.529000000000e+01,4.695619491570e-15,4.695599992512e-15,4.678829418449e-15
3.529500000000e+01,4.672200375365e-15,4.672180589847e-15,4.644844570803e-15
3.530000000000e+01,4.648898043775e-15,4.648877991939e-15,4.640864480586e-15
3.530500000000e+01,4.625711915247e-15,4.625691616224e-15,4.645137930563e-15
3.531000000000e+01,4.602641411085e-15,4.602620883040e-15,4.607633655418e-15
3.531500000000e+01,4.579685955436e-15,4.579665215617e-15,4.573126621217e-15
3.532000000000e+01,4.556844975277e-15,4.556824040064e-15,4.498225949165e-15
3.532500000000e+01,4.534117900408e-15,4.534096785349e-15,4.517711208240e-15
3.533000000000e+01,4.511504163434e-15,4.511482883290e-15,4.520734669144e-15
3.533500000000e+01,4.489003199757e-15,4.488981768537e-15,4.478422333696e-15
3.534000000000e+01,4.466614447559e-15,4.466592878563e-15,4.447690169404e-15
3.534500000000e+01,4.444337347797e-15,4.444315653643e-15,4.467780269856e-15
3.535000000000e+01,4.422171344182e-15,4.422149536847e-15,4.389399727792e-15
3.535500000000e+01,4.400115883175e-15,4.400093974018e-15,4.380126301323e-15
3.536000000000e+01,4.378170413969e-15,4.378148413769e-15,4.322857153097e-15
3.536500000000e+01,4.356334388477e-15,4.356312307458e-15,4.328417124152e-15
3.537000000000e+01,4.334607261323e-15,4.334585109181e-15,4.335394327576e-15
3.537500000000e+01,4.312988489829e-15,4.312966275758e-15,4.313722797635e-15
3.538000000000e+01,4.291477533998e-15,4.291455266716e-15,4.246446107450e-15
3.538500000000e+01,4.270073856509e-15,4.270051544280e-15,4.248807240196e-15
3.539000000000e+01,4.248776922698e-15,4.248754573355e-15,4.208002174622e-15
3.539500000000e+01,4.227586200550e-15,4.227563821515e-15,4.211137987321e-15
3.540000000000e+01,4.206501160686e-15,4.206478758991e-15,4.134483819774e-15
3.540500000000e+01,4.185521276347e-15,4.185498858655e-15,4.156555786055e-15
3.541000000000e+01,4.164646023389e-15,4.164623596008e-15,4.119188155231e-15
3.541500000000e+01,4.143874880264e-15,4.143852449168e-15,4.121798969701e-15
3.542000000000e+01,4.123207328012e-15,4.123184898856e-15,4.095641262109e-15
3.542500000000e+01,4.102642850244e-15,4.102620428380e-15,4.089332173440e-15
3.543000000000e+01,4.082180933137e-15,4.082158523629e-15,4.033988898469e-15
3.543500000000e+01,4.061821065416e-15,4.061798673054e-15,4.029796075375e-15
3.544000000000e+01,4.041562738344e-15,4.041540367657e-15,3.951140707281e-15
3.544500000000e+01,4.021405445710e-15,4.021383100979e-15,3.997410899330e-15
3.545000000000e+01,4.001348683817e-15,4.001326369089e-15,3.974708986946e-15
3.545500000000e+01,3.981391951469e-15,3.981369670566e-15,3.917661429659e-15
3.546000000000e+01,3.961534749961e-15,3.961512506493e-15,3.880127049124e-15
3.546500000000e+01,3.941776583065e-15,3.941754380438e-15,3.918402770301e-15
3.547000000000e+01,3.922116957018e-15,3.922094798449e-15,3.912005009368e-15
3.547500000000e+01,3.902555380513e-15,3.902533269033e-15,3.862542671293e-15
3.548000000000e+01,3.883091364685e-15,3.883069303152e-15,3.815819009026e-15
3.548500000000e+01,3.863724423098e-15,3.863702414207e-15,3.826756460811e-15
3.549000000000e+01,3.844454071737e-15,3.844432118023e-15,3.781202641307e-15
3.549500000000e+01,3.825279828991e-15,3.825257932842e-15,3.731505925820e-15
3.550000000000e+01,3.806201215647e-15,3.806179379308e-15,3.732150565259e-15
3.550500000000e+01,3.787217754875e-15,3.787195980458e-15,3.758482810767e-15
3.551000000000e+01,3.768328972217e-15,3.768307261704e-15,3.691290685390e-15
3.551500000000e+01,3.749534395576e-15,3.749512750827e-15,3.710939813715e-15
3.552000000000e+01,3.730833555203e-15,3.730811977965e-15,3.660737221627e-15
3.552500000000e+01,3.712225983688e-15,3.712204475597e-15,3.674772538602e-15
3.553000000000e+01,3.693711215948e-15,3.693689778534e-15,3.657417755210e-15
3.553500000000e+01,3.675288789211e-15,3.675267423908e-15,3.623006932294e-15
3.554000000000e+01,3.656958243014e-15,3.656936951159e-15,3.618901449539e-15
3.554500000000e+01,3.638719119183e-15,3.638697902024e-15,3.605407057633e-15
3.555000000000e+01,3.620570961825e-15,3.620549820526e-15,3.567150652011e-15
3.555500000000e+01,3.602513317318e-15,3.602492252962e-15,3.546600239999e-15
3.556000000000e+01,3.584545734299e-15,3.584524747892e-15,3.521623337229e-15
3.556500000000e+01,3.566667763652e-15,3.566646856128e-15,3.547070115046e-15
3.557000000000e+01,3.548878958498e-15,3.548858130720e-15,3.516934904438e-15
3.557500000000e+01,3.531178874183e-15,3.531158126951e-15,3.494929130165e-15
3.558000000000e+01,3.513567068269e-15,3.513546402319e-15,3.459598651697e-15
3.558500000000e+01,3.496043100521e-15,3.496022516530e-15,3.474216585315e-15
3.559000000000e+01,3.478606532898e-15,3.478586031486e-15,3.412410757091e-15
3.559500000000e+01,3.461256929538e-15,3.461236511274e-15,3.452563638775e-15
3.560000000000e+01,3.443993856755e-15,3.443973522155e-15,3.373280616571e-15
3.560500000000e+01,3.426816883020e-15,3.426796632553e-15,3.387573675314e-15
3.561000000000e+01,3.409725578956e-15,3.409705413046e-15,3.371253002141e-15
3.561500000000e+01,3.392719517325e-15,3.392699436352e-15,3.366244608383e-15
3.562000000000e+01,3.375798273017e-15,3.375778277320e-15,3.349054868501e-15
3.562500000000e+01,3.358961423041e-15,3.358941512921e-15,3.358331205173e-15
3.563000000000e+01,3.342208546515e-15,3.342188722235e-15,3.336987008823e-15
3.563500000000e+01,3.325539224653e-15,3.325519486440e-15,3.302889572028e-15
3.564000000000e+01,3.308953040755e-15,3.308933388807e-15,3.251689052102e-15
3.564500000000e+01,3.292449580201e-15,3.292430014680e-15,3.297499156865e-15
3.565000000000e+01,3.276028430435e-15,3.276008951475e-15,3.204225644444e-15
3.565500000000e+01,3.259689180957e-15,3.259669788665e-15,3.185101061798e-15
3.566000000000e+01,3.243431423315e-15,3.243412117769e-15,3.187689083666e-15
3.566500000000e+01,3.227254751091e-15,3.227235532345e-15,3.204650311077e-15
3.567000000000e+01,3.211158759893e-15,3.211139627977e-15,3.174094394093e-15
3.567500000000e+01,3.195143047347e-15,3.195124002267e-15,3.166045814942e-15
3.568000000000e+01,3.179207213081e-15,3.179188254824e-15,3.110822208943e-15
3.568500000000e+01,3.163350858722e-15,3.163331987253e-15,3.154593826264e-15
3.569000000000e+01,3.147573587881e-15,3.147554803146e-15,3.121818854039e-15
3.569500000000e+01,3.131875006147e-15,3.131856308073e-15,3.100682609514e-15
3.570000000000e+01,3.116254721073e-15,3.116236109571e-15,3.055078490448e-15
3.570500000000e+01,3.100712342170e-15,3.100693817134e-15,3.081064776933e-15
3.571000000000e+01,3.085247480895e-15,3.085229042204e-15,3.039824440254e-15
3.571500000000e+01,3.069859750642e-15,3.069841398160e-15,3.040802271666e-15
3.572000000000e+01,3.054548766734e-15,3.054530500312e-15,2.994831751228e-15
3.572500000000e+01,3.039314146409e-15,3.039295965885e-15,3.001287900094e-15
3.573000000000e+01,3.024155508817e-15,3.024137414016e-15,2.986970467859e-15
3.573500000000e+01,3.009072475003e-15,3.009054465739e-15,2.986201921057e-15
3.574000000000e+01,2.994064667904e-15,2.994046743981e-15,2.954754539169e-15
3.574500000000e+01,2.979131712337e-15,2.979113873547e-15,2.972837255235e-15
3.575000000000e+01,2.964273234989e-15,2.964255481115e-15,2.932278785515e-15
3.575500000000e+01,2.949488864408e-15,2.949471195225e-15,2.937292414050e-15
3.576000000000e+01,2.934778230995e-15,2.934760646268e-15,2.878690972557e-15
3.576500000000e+01,2.920140966993e-15,2.920123466481e-15,2.924544050518e-15
3.577000000000e+01,2.905576706479e-15,2.905559289932e-15,2.888853069185e-15
3.577500000000e+01,2.891085085356e-15,2.891067752516e-15,2.888514129156e-15
3.578000000000e+01,2.876665741341e-15,2.876648491945e-15,2.825915019545e-15
3.578500000000e+01,2.862318313958e-15,2.862301147736e-15,2.894898799436e-15
3.579000000000e+01,2.848042444528e-15,2.848025361205e-15,2.858115332944e-15
3.579500000000e+01,2.833837776161e-15,2.833820775456e-15,2.807778992113e-15
3.580000000000e+01,2.819703953747e-15,2.819687035375e-15,2.778754313925e-15
3.580500000000e+01,2.805640623947e-15,2.805623787615e-15,2.785801539877e-15
3.581000000000e+01,2.791647435182e-15,2.791630680597e-15,2.765649037094e-15
3.581500000000e+01,2.777724037629e-15,2.777707364491e-15,2.735560025792e-15
3.582000000000e+01,2.763870083208e-15,2.763853491214e-15,2.742703510892e-15
3.582500000000e+01,2.750085225575e-15,2.750068714419e-15,2.767692866085e-15
3.583000000000e+01,2.736369120112e-15,2.736352689484e-15,2.713994978636e-15
3.583500000000e+01,2.722721423922e-15,2.722705073509e-15,2.755964148396e-15
3.584000000000e+01,2.709141795817e-15,2.709125525303e-15,2.659137968734e-15
3.584500000000e+01,2.695629896308e-15,2.695613705376e-15,2.694668001386e-15
3.585000000000e+01,2.682185387603e-15,2.682169275931e-15,2.697651144227e-15
3.585500000000e+01,2.668807933592e-15,2.668791900859e-15,2.682469758748e-15
3.586000000000e+01,2.655497199842e-15,2.655481245723e-15,2.647626184306e-15
3.586500000000e+01,2.642252853588e-15,2.642236977757e-15,2.653821556886e-15
3.587000000000e+01,2.629074563724e-15,2.629058765852e-15,2.619060795227e-15
3.587500000000e+01,2.615962000795e-15,2.615946280554e-15,2.618854052039e-15
3.588000000000e+01,2.602914836990e-15,2.602899194049e-15,2.591512511387e-15
3.588500000000e+01,2.589932746132e-15,2.589917180159e-15,2.605668149203e-15
3.589000000000e+01,2.577015403671e-15,2.576999914334e-15,2.568693515906e-15
3.589500000000e+01,2.564162486676e-15,2.564147073641e-15,2.543466689658e-15
3.590000000000e+01,2.551373673825e-15,2.551358336758e-15,2.534931263487e-15
3.590500000000e+01,2.538648645400e-15,2.538633383966e-15,2.528036733154e-15
3.591000000000e+01,2.525987083277e-15,2.525971897142e-15,2.518064061662e-15
3.591500000000e+01,2.513388670919e-15,2.513373559746e-15,2.541927174175e-15
3.592000000000e+01,2.500853093367e-15,2.500838056820e-15,2.450428113326e-15
3.592500000000e+01,2.488380037232e-15,2.488365074976e-15,2.511867747255e-15
3.593000000000e+01,2.475969190690e-15,2.475954302388e-15,2.490703472378e-15
3.593500000000e+01,2.463620243471e-15,2.463605428787e-15,2.491203114078e-15
3.594000000000e+01,2.451332886852e-15,2.451318145450e-15,2.480400466857e-15
3.594500000000e+01,2.439106813650e-15,2.439092145194e-15,2.498540590825e-15
3.595000000000e+01,2.426941718214e-15,2.426927122369e-15,2.441716732025e-15
3.595500000000e+01,2.414837296418e-15,2.414822772849e-15,2.435819284966e-15
3.596000000000e+01,2.402793245653e-15,2.402778794023e-15,2.383103285301e-15
3.596500000000e+01,2.390809264817e-15,2.390794884792e-15,2.422333899495e-15
3.597000000000e+01,2.378885054311e-15,2.378870745558e-15,2.395027164547e-15
3.597500000000e+01,2.367020316032e-15,2.367006078217e-15,2.371054601770e-15
3.598000000000e+01,2.355214753361e-15,2.355200586151e-15,2.365590928425e-15
3.598500000000e+01,2.343468071160e-15,2.343453974222e-15,2.362962450862e-15
3.599000000000e+01,2.331779975761e-15,2.331765948765e-15,2.352853255009e-15
3.599500000000e+01,2.320150174964e-15,2.320136217577e-15,2.318001671536e-15
3.600000000000e+01,2.308578378023e-15,2.308564489916e-15,2.304736176788e-15
3.600500000000e+01,2.297064295644e-15,2.297050476488e-15,2.325918756448e-15
3.601000000000e+01,2.285607639975e-15,2.285593889441e-15,2.291939640847e-15
3.601500000000e+01,2.274208124600e-15,2.274194442360e-15,2.264938847379e-15
3.602000000000e+01,2.262865464531e-15,2.262851850259e-15,2.253157053229e-15
3.602500000000e+01,2.251579376201e-15,2.251565829572e-15,2.243724816786e-15
3.603000000000e+01,2.240349577460e-15,2.240336098148e-15,2.227973526055e-15
3.603500000000e+01,2.229175787561e-15,2.229162375243e-15,2.213943521096e-15
3.604000000000e+01,2.218057727161e-15,2.218044381514e-15,2.185739359920e-15
3.604500000000e+01,2.206995118307e-15,2.206981839009e-15,2.202122882389e-15
3.605000000000e+01,2.195987684434e-15,2.195974471166e-15,2.165272192102e-15
3.605500000000e+01,2.185035150358e-15,2.185022002799e-15,2.181327205856e-15
3.606000000000e+01,2.174137242263e-15,2.174124160095e-15,2.155932375683e-15
3.606500000000e+01,2.163293687703e-15,2.163280670609e-15,2.131898761439e-15
3.607000000000e+01,2.152504215589e-15,2.152491263252e-15,2.125489965009e-15
3.607500000000e+01,2.141768556183e-15,2.141755668289e-15,2.118979230098e-15
3.608000000000e+01,2.131086441094e-15,2.131073617330e-15,2.067139408433e-15
3.608500000000e+01,2.120457603269e-15,2.120444843321e-15,2.116814574289e-15
3.609000000000e+01,2.109881776987e-15,2.109869080544e-15,2.099849094071e-15
3.609500000000e+01,2.099358697852e-15,2.099346064604e-15,2.070279844239e-15
3.610000000000e+01,2.088888102787e-15,2.088875532425e-15,2.034322936291e-15
3.610500000000e+01,2.078469730027e-15,2.078457222244e-15,2.061027995224e-15
3.611000000000e+01,2.068103319112e-15,2.068090873601e-15,2.051913847644e-15
3.611500000000e+01,2.057788610881e-15,2.057776227337e-15,2.012645192893e-15
3.612000000000e+01,2.047525347468e-15,2.047513025586e-15,1.986678327569e-15
3.612500000000e+01,2.037313272289e-15,2.037301011768e-15,2.004951576179e-15
3.613000000000e+01,2.027152130043e-15,2.027139930581e-15,1.989429824278e-15
3.613500000000e+01,2.017041666701e-15,2.017029527998e-15,1.955957028636e-15
3.614000000000e+01,2.006981629501e-15,2.006969551258e-15,1.955605446324e-15
3.614500000000e+01,1.996971766942e-15,1.996959748862e-15,1.959878922186e-15
3.615000000000e+01,1.987011828777e-15,1.986999870563e-15,1.951060237796e-15
3.615500000000e+01,1.977101566008e-15,1.977089667364e-15,1.966626608739e-15
3.616000000000e+01,1.967240730876e-15,1.967228891510e-15,1.892972761217e-15
3.616500000000e+01,1.957429076862e-15,1.957417296481e-15,1.920674960962e-15
3.617000000000e+01,1.947666358673e-15,1.947654636986e-15,1.918194044015e-15
3.617500000000e+01,1.937952332241e-15,1.937940668959e-15,1.901083919113e-15
3.618000000000e+01,1.928286754716e-15,1.928275149549e-15,1.889919747776e-15
3.618500000000e+01,1.918669384456e-15,1.918657837118e-15,1.903136076352e-15
3.619000000000e+01,1.909099981029e-15,1.909088491234e-15,1.887514797027e-15
3.619500000000e+01,1.899578305198e-15,1.899566872661e-15,1.877647094757e-15
3.620000000000e+01,1.890104118920e-15,1.890092743358e-15,1.861135088598e-15
3.620500000000e+01,1.880677185342e-15,1.880665866473e-15,1.857035340713e-15
3.621000000000e+01,1.871297268789e-15,1.871286006332e-15,1.841794658079e-15
3.621500000000e+01,1.861964134763e-15,1.861952928439e-15,1.831535121374e-15
3.622000000000e+01,1.852677549935e-15,1.852666399467e-15,1.818113474333e-15
3.622500000000e+01,1.843437282141e-15,1.843426187250e-15,1.789304173214e-15
3.623000000000e+01,1.834243100373e-15,1.834232060785e-15,1.772868564906e-15
3.623500000000e+01,1.825094774775e-15,1.825083790216e-15,1.824567054395e-15
3.624000000000e+01,1.815992076641e-15,1.815981146837e-15,1.770050108845e-15
3.624500000000e+01,1.806934778402e-15,1.806923903082e-15,1.775889745228e-15
3.625000000000e+01,1.797922653624e-15,1.797911832518e-15,1.790520356928e-15
3.625500000000e+01,1.788955477005e-15,1.788944709843e-15,1.756242542173e-15
3.626000000000e+01,1.780033024365e-15,1.780022310880e-15,1.735284365079e-15
3.626500000000e+01,1.771155072642e-15,1.771144412567e-15,1.762399539439e-15
3.627000000000e+01,1.762321399887e-15,1.762310792956e-15,1.727270835850e-15
3.627500000000e+01,1.753531785257e-15,1.753521231208e-15,1.751888318792e-15
3.628000000000e+01,1.744786009012e-15,1.744775507581e-15,1.713269562016e-15
3.628500000000e+01,1.736083852507e-15,1.736073403433e-15,1.721030214074e-15
3.629000000000e+01,1.727425098187e-15,1.727414701210e-15,1.702770898985e-15
3.629500000000e+01,1.718809529584e-15,1.718799184445e-15,1.685932896137e-15
3.630000000000e+01,1.710236931308e-15,1.710226637749e-15,1.669196574555e-15
3.630500000000e+01,1.701707089044e-15,1.701696846808e-15,1.678996893177e-15
3.631000000000e+01,1.693219789544e-15,1.693209598377e-15,1.687214101553e-15
3.631500000000e+01,1.684774820627e-15,1.684764680274e-15,1.667066206030e-15
3.632000000000e+01,1.676371971167e-15,1.676361881375e-15,1.629922530687e-15
3.632500000000e+01,1.668011031093e-15,1.668000991611e-15,1.656215262258e-15
3.633000000000e+01,1.659691791381e-15,1.659681801959e-15,1.631749318099e-15
3.633500000000e+01,1.651414044049e-15,1.651404104438e-15,1.632920130953e-15
3.634000000000e+01,1.643177582154e-15,1.643167692106e-15,1.606561891779e-15
3.634500000000e+01,1.634982199783e-15,1.634972359052e-15,1.615124007933e-15
3.635000000000e+01,1.626827692052e-15,1.626817900392e-15,1.603030311682e-15
3.635500000000e+01,1.618713855098e-15,1.618704112264e-15,1.612681892113e-15
3.636000000000e+01,1.610640486074e-15,1.610630791823e-15,1.589573879711e-15
3.636500000000e+01,1.602607383145e-15,1.602597737236e-15,1.589931167996e-15
3.637000000000e+01,1.594614345484e-15,1.594604747676e-15,1.555943548727e-15
3.637500000000e+01,1.586661173264e-15,1.586651623317e-15,1.580465235508e-15
3.638000000000e+01,1.578747667656e-15,1.578738165332e-15,1.563108494420e-15
3.638500000000e+01,1.570873630821e-15,1.570864175883e-15,1.554130647068e-15
3.639000000000e+01,1.563038865908e-15,1.563029458120e-15,1.545455880773e-15
3.639500000000e+01,1.555243177048e-15,1.555233816175e-15,1.571891535580e-15
3.640000000000e+01,1.547486369348e-15,1.547477055157e-15,1.507323314859e-15
3.640500000000e+01,1.539768248888e-15,1.539758981146e-15,1.573118921315e-15
3.641000000000e+01,1.532088622714e-15,1.532079401189e-15,1.556080673066e-15
3.641500000000e+01,1.524447298834e-15,1.524438123297e-15,1.536362961704e-15
3.642000000000e+01,1.516844086217e-15,1.516834956438e-15,1.524388203590e-15
3.642500000000e+01,1.509278794780e-15,1.509269710531e-15,1.539816734894e-15
3.643000000000e+01,1.501751235392e-15,1.501742196446e-15,1.519128354334e-15
3.643500000000e+01,1.494261219862e-15,1.494252225994e-15,1.525474182793e-15
3.644000000000e+01,1.486808560940e-15,1.486799611925e-15,1.483297007366e-15
3.644500000000e+01,1.479393072310e-15,1.479384167925e-15,1.496957191706e-15
3.645000000000e+01,1.472014568583e-15,1.472005708605e-15,1.486047450512e-15
3.645500000000e+01,1.464672865297e-15,1.464664049505e-15,1.474544162817e-15
3.646000000000e+01,1.457367778909e-15,1.457359007082e-15,1.468435906469e-15
3.646500000000e+01,1.450099126791e-15,1.450090398711e-15,1.469359801988e-15
3.647000000000e+01,1.442866727227e-15,1.442858042675e-15,1.472208603201e-15
3.647500000000e+01,1.435670399405e-15,1.435661758165e-15,1.488892001163e-15
3.648000000000e+01,1.428509963419e-15,1.428501365274e-15,1.425048535978e-15
3.648500000000e+01,1.421385240255e-15,1.421376684991e-15,1.454557812828e-15
3.649000000000e+01,1.414296051797e-15,1.414287539200e-15,1.428792911689e-15
3.649500000000e+01,1.407242220813e-15,1.407233750670e-15,1.451202379893e-15
3.650000000000e+01,1.400223570958e-15,1.400215143058e-15,1.438503609282e-15
3.650500000000e+01,1.393239926765e-15,1.393231540897e-15,1.425571635166e-15
3.651000000000e+01,1.386291113643e-15,1.386282769598e-15,1.407962273010e-15
3.651500000000e+01,1.379376957870e-15,1.379368655440e-15,1.433366269538e-15
3.652000000000e+01,1.372497286594e-15,1.372489025570e-15,1.394913651347e-15
3.652500000000e+01,1.365651927821e-15,1.365643707997e-15,1.407498599960e-15
3.653000000000e+01,1.358840710417e-15,1.358832531588e-15,1.375677744056e-15
3.653500000000e+01,1.352063464101e-15,1.352055326063e-15,1.372864776774e-15
3.654000000000e+01,1.345320019443e-15,1.345311921991e-15,1.371365525363e-15
3.654500000000e+01,1.338610207855e-15,1.338602150788e-15,1.378512451085e-15
3.655000000000e+01,1.331933861591e-15,1.331925844708e-15,1.340328241255e-15
3.655500000000e+01,1.325290813744e-15,1.325282836844e-15,1.368014417972e-15
3.656000000000e+01,1.318680898236e-15,1.318672961120e-15,1.327641550430e-15
3.656500000000e+01,1.312103949819e-15,1.312096052288e-15,1.344781666772e-15
3.657000000000e+01,1.305559804069e-15,1.305551945926e-15,1.319186782939e-15
3.657500000000e+01,1.299048297382e-15,1.299040478431e-15,1.330927684089e-15
3.658000000000e+01,1.292569266970e-15,1.292561487015e-15,1.296788406515e-15
3.658500000000e+01,1.286122550857e-15,1.286114809704e-15,1.310209425357e-15
3.659000000000e+01,1.279707987875e-15,1.279700285330e-15,1.302725623017e-15
3.659500000000e+01,1.273325417659e-15,1.273317753530e-15,1.313748592448e-15
3.660000000000e+01,1.266974680645e-15,1.266967054740e-15,1.274927951710e-15
3.660500000000e+01,1.260655618064e-15,1.260648030192e-15,1.279789673307e-15
3.661000000000e+01,1.254368071938e-15,1.254360521911e-15,1.260277682906e-15
3.661500000000e+01,1.248111885080e-15,1.248104372708e-15,1.257045129837e-15
3.662000000000e+01,1.241886901084e-15,1.241879426179e-15,1.270782088474e-15
3.662500000000e+01,1.235692964325e-15,1.235685526701e-15,1.263051866343e-15
3.663000000000e+01,1.229529919955e-15,1.229522519425e-15,1.248063238912e-15
3.663500000000e+01,1.223397613897e-15,1.223390250276e-15,1.250577515573e-15
3.664000000000e+01,1.217295892842e-15,1.217288565948e-15,1.206232985302e-15
3.664500000000e+01,1.211224604248e-15,1.211217313897e-15,1.256298178156e-15
3.665000000000e+01,1.205183596333e-15,1.205176342341e-15,1.202025149790e-15
3.665500000000e+01,1.199172718070e-15,1.199165500257e-15,1.231822606092e-15
3.666000000000e+01,1.193191819188e-15,1.193184637373e-15,1.186203078855e-15
3.666500000000e+01,1.187240750163e-15,1.187233604168e-15,1.178520908683e-15
3.667000000000e+01,1.181319362218e-15,1.181312251864e-15,1.188716069628e-15
3.667500000000e+01,1.175427507320e-15,1.175420432428e-15,1.188463206921e-15
3.668000000000e+01,1.169565038170e-15,1.169557998563e-15,1.170952174510e-15
3.668500000000e+01,1.163731808207e-15,1.163724803710e-15,1.174767983582e-15
3.669000000000e+01,1.157927671599e-15,1.157920702038e-15,1.145754597682e-15
3.669500000000e+01,1.152152483244e-15,1.152145548443e-15,1.170046187371e-15
3.670000000000e+01,1.146406098761e-15,1.146399198547e-15,1.133793445262e-15
3.670500000000e+01,1.140688374490e-15,1.140681508691e-15,1.140144803473e-15
3.671000000000e+01,1.134999167488e-15,1.134992335932e-15,1.119065709437e-15
3.671500000000e+01,1.129338335524e-15,1.129331538040e-15,1.137848582758e-15
3.672000000000e+01,1.123705737078e-15,1.123698973496e-15,1.076648631105e-15
3.672500000000e+01,1.118101231333e-15,1.118094501484e-15,1.134182154435e-15
3.673000000000e+01,1.112524678177e-15,1.112517981894e-15,1.107209671783e-15
3.673500000000e+01,1.106975938196e-15,1.106969275311e-15,1.112523549719e-15
3.674000000000e+01,1.101454872672e-15,1.101448243017e-15,1.064299031187e-15
3.674500000000e+01,1.095961343576e-15,1.095954746987e-15,1.094875434665e-15
3.675000000000e+01,1.090495213571e-15,1.090488649882e-15,1.109762296503e-15
3.675500000000e+01,1.085056346003e-15,1.085049815051e-15,1.049760884107e-15
3.676000000000e+01,1.079644604901e-15,1.079638106521e-15,1.073917580661e-15
3.676500000000e+01,1.074259854969e-15,1.074253389001e-15,1.085910940814e-15
3.677000000000e+01,1.068901961590e-15,1.068895527871e-15,1.071907629117e-15
3.677500000000e+01,1.063570852559e-15,1.063564389184e-15,1.048784038809e-15
3.678000000000e+01,1.058266329534e-15,1.058259839663e-15,1.038222589547e-15
3.678500000000e+01,1.052988260063e-15,1.052981746694e-15,1.034590635072e-15
3.679000000000e+01,1.047736512349e-15,1.047729978322e-15,1.023470028840e-15
3.679500000000e+01,1.042510955245e-15,1.042504403255e-15,1.076172405926e-15
3.680000000000e+01,1.037311458249e-15,1.037304890852e-15,1.007906773407e-15
3.680500000000e+01,1.032137891508e-15,1.032131311125e-15,1.026484407897e-15
3.681000000000e+01,1.026990125808e-15,1.026983534735e-15,1.009573027571e-15
3.681500000000e+01,1.021868032574e-15,1.021861432987e-15,1.011439926404e-15
3.682000000000e+01,1.016771483869e-15,1.016764877828e-15,1.008319949092e-15
3.682500000000e+01,1.011700352386e-15,1.011693741843e-15,9.721925172275e-16
3.683000000000e+01,1.006654511450e-15,1.006647898255e-15,9.748370638766e-16
3.683500000000e+01,1.001633835014e-15,1.001627220917e-15,9.968592922778e-16
3.684000000000e+01,9.966381976536e-16,9.966315843116e-16,9.726878764721e-16
3.684500000000e+01,9.916674745663e-16,9.916608635476e-16,9.964576222321e-16
3.685000000000e+01,9.867215415684e-16,9.867149343569e-16,9.458157480345e-16
3.685500000000e+01,9.818002750918e-16,9.817936730909e-16,9.463099651231e-16
3.686000000000e+01,9.769035521812e-16,9.768969567178e-16,9.492470986205e-16
3.686500000000e+01,9.720312504909e-16,9.720246628196e-16,9.242701487742e-16
3.687000000000e+01,9.671832482824e-16,9.671766695886e-16,9.592451646142e-16
3.687500000000e+01,9.623594244212e-16,9.623528558246e-16,9.359538157912e-16
3.688000000000e+01,9.575596583741e-16,9.575531009322e-16,9.037589647689e-16
3.688500000000e+01,9.527838302062e-16,9.527772849172e-16,9.155469060376e-16
3.689000000000e+01,9.480318205784e-16,9.480252883840e-16,9.349905178350e-16
3.689500000000e+01,9.433035107440e-16,9.432969925323e-16,9.679307020282e-16
3.690000000000e+01,9.385987825463e-16,9.385922791545e-16,9.205645419835e-16
3.690500000000e+01,9.339175184156e-16,9.339110306327e-16,9.062129160624e-16
3.691000000000e+01,9.292596013665e-16,9.292531299352e-16,9.001251876262e-16
3.691500000000e+01,9.246249149950e-16,9.246184606144e-16,8.946390905462e-16
3.692000000000e+01,9.200133434757e-16,9.200069068033e-16,9.107666283053e-16
3.692500000000e+01,9.154247715589e-16,9.154183532127e-16,9.582998282663e-16
3.693000000000e+01,9.108590845681e-16,9.108526851286e-16,8.924288455305e-16
3.693500000000e+01,9.063161683970e-16,9.063097884092e-16,8.979858546353e-16
3.694000000000e+01,9.017959095069e-16,9.017895494816e-16,8.877099382848e-16
3.694500000000e+01,8.972981949238e-16,8.972918553397e-16,8.611157972756e-16
3.695000000000e+01,8.928229122356e-16,8.928165935410e-16,8.820259540202e-16
3.695500000000e+01,8.883699495897e-16,8.883636522036e-16,9.024626639947e-16
3.696000000000e+01,8.839391956898e-16,8.839329200038e-16,8.615284660483e-16
3.696500000000e+01,8.795305397938e-16,8.795242861730e-16,9.269045440324e-16
3.697000000000e+01,8.751438717104e-16,8.751376404951e-16,8.852521237255e-16
3.697500000000e+01,8.707790817969e-16,8.707728733039e-16,8.846126482209e-16
3.698000000000e+01,8.664360609563e-16,8.664298754799e-16,8.554542115242e-16
3.698500000000e+01,8.621147006350e-16,8.621085384478e-16,8.352718294473e-16
3.699000000000e+01,8.578148928194e-16,8.578087541741e-16,8.240728984775e-16
3.699500000000e+01,8.535365300340e-16,8.535304151640e-16,8.600022966627e-16
3.700000000000e+01,8.492795053383e-16,8.492734144587e-16,8.299491084941e-16
3.700500000000e+01,8.450437123245e-16,8.450376456330e-16,8.450451471952e-16
3.701000000000e+01,8.408290451146e-16,8.408230027924e-16,8.229699848333e-16
3.701500000000e+01,8.366353983579e-16,8.366293805707e-16,8.461256908161e-16
3.702000000000e+01,8.324626672285e-16,8.324566741271e-16,8.511545041909e-16
3.702500000000e+01,8.283107474226e-16,8.283047791437e-16,8.133632146179e-16
3.703000000000e+01,8.241795351559e-16,8.241735918229e-16,8.227979206256e-16
3.703500000000e+01,8.200689271613e-16,8.200630088849e-16,8.393293656859e-16
3.704000000000e+01,8.159788206859e-16,8.159729275647e-16,7.809696576161e-16
3.704500000000e+01,8.119091134889e-16,8.119032456103e-16,8.241130162404e-16
3.705000000000e+01,8.078597038388e-16,8.078538612793e-16,7.614947185110e-16
3.705500000000e+01,8.038304905111e-16,8.038246733369e-16,8.299627317898e-16
3.706000000000e+01,7.998213727856e-16,7.998155810532e-16,7.462890026820e-16
3.706500000000e+01,7.958322504440e-16,7.958264842007e-16,7.978526907760e-16
3.707000000000e+01,7.918630237674e-16,7.918572830517e-16,7.689938539871e-16
3.707500000000e+01,7.879135935339e-16,7.879078783761e-16,7.581589271052e-16
3.708000000000e+01,7.839838610159e-16,7.839781714384e-16,7.656378167453e-16
3.708500000000e+01,7.800737279779e-16,7.800680639959e-16,7.599537940557e-16
3.709000000000e+01,7.761830966742e-16,7.761774582956e-16,7.679613315428e-16
3.709500000000e+01,7.723118698461e-16,7.723062570722e-16,7.354017755399e-16
3.710000000000e+01,7.684599507195e-16,7.684543635454e-16,7.650896036135e-16
3.710500000000e+01,7.646272430030e-16,7.646216814177e-16,7.556903297597e-16
3.711000000000e+01,7.608136508849e-16,7.608081148719e-16,7.453024188435e-16
3.711500000000e+01,7.570190790312e-16,7.570135685686e-16,7.519909340124e-16
3.712000000000e+01,7.532434325831e-16,7.532379476440e-16,6.903577249492e-16
3.712500000000e+01,7.494866171546e-16,7.494811577072e-16,7.675073176257e-16
3.713000000000e+01,7.457485388303e-16,7.457431048385e-16,7.224776228300e-16
3.713500000000e+01,7.420291041629e-16,7.420236955862e-16,7.257249971740e-16
3.714000000000e+01,7.383282201710e-16,7.383228369649e-16,7.445499172306e-16
3.714500000000e+01,7.346457943368e-16,7.346404364530e-16,6.969851789343e-16
3.715000000000e+01,7.309817346036e-16,7.309764019903e-16,6.937848124991e-16
3.715500000000e+01,7.273359493737e-16,7.273306419758e-16,7.480637353768e-16
3.716000000000e+01,7.237083475062e-16,7.237030652651e-16,6.891115832638e-16
3.716500000000e+01,7.200988383144e-16,7.200935811688e-16,7.283667398460e-16
3.717000000000e+01,7.165073315638e-16,7.165020994495e-16,6.827062913248e-16
3.717500000000e+01,7.129337374699e-16,7.129285303200e-16,6.854810893299e-16
3.718000000000e+01,7.093779666958e-16,7.093727844409e-16,6.828640025733e-16
3.718500000000e+01,7.058399303499e-16,7.058347729183e-16,6.846251391923e-16
3.719000000000e+01,7.023195399840e-16,7.023144073019e-16,6.568744968443e-16
3.719500000000e+01,6.988167075908e-16,6.988115995822e-16,6.944386325172e-16
3.720000000000e+01,6.953313456019e-16,6.953262621889e-16,6.367166571805e-16
3.720500000000e+01,6.918633668855e-16,6.918583079883e-16,6.719264457653e-16
3.721000000000e+01,6.884126847442e-16,6.884076502815e-16,6.840638540264e-16
3.721500000000e+01,6.849792129131e-16,6.849742028018e-16,6.969119688968e-16
3.722000000000e+01,6.815628655572e-16,6.815578797129e-16,6.577265831679e-16
3.722500000000e+01,6.781635572696e-16,6.781585956064e-16,6.795460365207e-16
3.723000000000e+01,6.747812030694e-16,6.747762655002e-16,6.730554710155e-16
3.723500000000e+01,6.714157183994e-16,6.714108048357e-16,6.722455976011e-16
3.724000000000e+01,6.680670191239e-16,6.680621294763e-16,6.505857172496e-16
3.724500000000e+01,6.647350215269e-16,6.647301557050e-16,6.607849813296e-16
3.725000000000e+01,6.614196423098e-16,6.614148002222e-16,6.477133508354e-16
3.725500000000e+01,6.581207985896e-16,6.581159801438e-16,6.985330669564e-16
3.726000000000e+01,6.548384078962e-16,6.548336129992e-16,6.638161455181e-16
3.726500000000e+01,6.515723881712e-16,6.515676167290e-16,6.118488443669e-16
3.727000000000e+01,6.483226577651e-16,6.483179096832e-16,6.089729767792e-16
3.727500000000e+01,6.450891354356e-16,6.450844106189e-16,6.570890597870e-16
3.728000000000e+01,6.418717403458e-16,6.418670386985e-16,6.084211141385e-16
3.728500000000e+01,6.386703920616e-16,6.386657134874e-16,6.393580699828e-16
3.729000000000e+01,6.354850105503e-16,6.354803549525e-16,6.037753535478e-16
3.729500000000e+01,6.323155161780e-16,6.323108834595e-16,6.204895440524e-16
3.730000000000e+01,6.291618297083e-16,6.291572197716e-16,6.081425829467e-16
3.730500000000e+01,6.260238722997e-16,6.260192850469e-16,5.848834449395e-16
3.731000000000e+01,6.229015655039e-16,6.228970008369e-16,5.699748847430e-16
3.731500000000e+01,6.197948312639e-16,6.197902890844e-16,6.519196097661e-16
3.732000000000e+01,6.167035919119e-16,6.166990721215e-16,6.137365294203e-16
3.732500000000e+01,6.136277701677e-16,6.136232726674e-16,6.139931302044e-16
3.733000000000e+01,6.105672891360e-16,6.105628138271e-16,5.968946533918e-16
3.733500000000e+01,6.075220723055e-16,6.075176190890e-16,6.217450048043e-16
3.734000000000e+01,6.044920435462e-16,6.044876123230e-16,6.104207820132e-16
3.734500000000e+01,6.014771271077e-16,6.014727177787e-16,5.853325788520e-16
3.735000000000e+01,5.984772476177e-16,5.984728600838e-16,6.019603298471e-16
3.735500000000e+01,5.954923300794e-16,5.954879642415e-16,5.875898808178e-16
3.736000000000e+01,5.925222998703e-16,5.925179556293e-16,5.712845617862e-16
3.736500000000e+01,5.895670827401e-16,5.895627599969e-16,5.814236670953e-16
3.737000000000e+01,5.866266048085e-16,5.866223034642e-16,5.951397742058e-16
3.737500000000e+01,5.837007925639e-16,5.836965125197e-16,5.604940128467e-16
3.738000000000e+01,5.807895728613e-16,5.807853140183e-16,5.703780427792e-16
3.738500000000e+01,5.778928729205e-16,5.778886351801e-16,5.851403537135e-16
3.739000000000e+01,5.750106203241e-16,5.750064035878e-16,5.908488884196e-16
3.739500000000e+01,5.721427430162e-16,5.721385471856e-16,5.852303686687e-16
3.740000000000e+01,5.692891692998e-16,5.692849942768e-16,5.513313719768e-16
3.740500000000e+01,5.664498278359e-16,5.664456735225e-16,6.029506665150e-16
3.741000000000e+01,5.636246476411e-16,5.636205139396e-16,5.865279158288e-16
3.741500000000e+01,5.608135580861e-16,5.608094448989e-16,5.796753310074e-16
3.742000000000e+01,5.580164888937e-16,5.580123961236e-16,5.819348705504e-16
3.742500000000e+01,5.552333701373e-16,5.552292976871e-16,5.572456054661e-16
3.743000000000e+01,5.524641322392e-16,5.524600800121e-16,5.731678313782e-16
3.743500000000e+01,5.497087059683e-16,5.497046738678e-16,6.102096042710e-16
3.744000000000e+01,5.469670224392e-16,5.469630103690e-16,5.289000501496e-16
3.744500000000e+01,5.442390131099e-16,5.442350209740e-16,5.570377485293e-16
3.745000000000e+01,5.415246097802e-16,5.415206374828e-16,5.421195283591e-16
3.745500000000e+01,5.388237445900e-16,5.388197920358e-16,5.588908883728e-16
3.746000000000e+01,5.361363500178e-16,5.361324171116e-16,5.804006445349e-16
3.746500000000e+01,5.334623588787e-16,5.334584455258e-16,5.167256351037e-16
3.747000000000e+01,5.308017043231e-16,5.307978104289e-16,5.201286604546e-16
3.747500000000e+01,5.281543198345e-16,5.281504453049e-16,5.270214410043e-16
3.748000000000e+01,5.255201392284e-16,5.255162839695e-16,5.248401630476e-16
3.748500000000e+01,5.228990966503e-16,5.228952605686e-16,5.360730246553e-16
3.749000000000e+01,5.202911265741e-16,5.202873095765e-16,5.378916546558e-16
3.749500000000e+01,5.176961638005e-16,5.176923657942e-16,5.362212943303e-16
3.750000000000e+01,5.151141434556e-16,5.151103643480e-16,5.220021114723e-16
3.750500000000e+01,5.125450009886e-16,5.125412406878e-16,5.020644475285e-16
3.751000000000e+01,5.099886721712e-16,5.099849305852e-16,5.093574898805e-16
3.751500000000e+01,5.074450930950e-16,5.074413701325e-16,5.090330249560e-16
3.752000000000e+01,5.049142001705e-16,5.049104957405e-16,5.151916026084e-16
3.752500000000e+01,5.023959301254e-16,5.023922441372e-16,4.904026354172e-16
3.753000000000e+01,4.998902200029e-16,4.998865523661e-16,4.982736388545e-16
3.753500000000e+01,4.973970071601e-16,4.973933577849e-16,5.195746737022e-16
3.754000000000e+01,4.949162292668e-16,4.949125980635e-16,5.045073466215e-16
3.754500000000e+01,4.924478243034e-16,4.924442111828e-16,5.000699463753e-16
3.755000000000e+01,4.899917305598e-16,4.899881354331e-16,4.833254927101e-16
3.755500000000e+01,4.875478866335e-16,4.875443094123e-16,4.610843067706e-16
3.756000000000e+01,4.851162314284e-16,4.851126720246e-16,4.789354261019e-16
3.756500000000e+01,4.826967041531e-16,4.826931624790e-16,4.737708326158e-16
3.757000000000e+01,4.802892443193e-16,4.802857202876e-16,4.631587205248e-16
3.757500000000e+01,4.778937917404e-16,4.778902852642e-16,4.827926444737e-16
3.758000000000e+01,4.755102865301e-16,4.755067975228e-16,4.662668579671e-16
3.758500000000e+01,4.731386691007e-16,4.731351974762e-16,4.308992533043e-16
3.759000000000e+01,4.707788801617e-16,4.707754258341e-16,4.688116700143e-16
3.759500000000e+01,4.684308607182e-16,4.684274236022e-16,4.381515628223e-16
3.760000000000e+01,4.660945520697e-16,4.660911320802e-16,4.325337291364e-16
3.760500000000e+01,4.637698958084e-16,4.637664928609e-16,4.886646357023e-16
3.761000000000e+01,4.614568338178e-16,4.614534478280e-16,4.482295731896e-16
3.761500000000e+01,4.591553082714e-16,4.591519391553e-16,4.603578895002e-16
3.762000000000e+01,4.568652616308e-16,4.568619093051e-16,4.425659573305e-16
3.762500000000e+01,4.545866366448e-16,4.545833010264e-16,4.407176046146e-16
3.763000000000e+01,4.523193763478e-16,4.523160573538e-16,4.303013071199e-16
3.763500000000e+01,4.500634240581e-16,4.500601216063e-16,4.549471326792e-16
3.764000000000e+01,4.478187233768e-16,4.478154373852e-16,4.636939626590e-16
3.764500000000e+01,4.455852181863e-16,4.455819485734e-16,4.458291289835e-16
3.765000000000e+01,4.433628526489e-16,4.433595993336e-16,4.430029899781e-16
3.765500000000e+01,4.411515712055e-16,4.411483341068e-16,4.461939400985e-16
3.766000000000e+01,4.389513185738e-16,4.389480976113e-16,4.417149545354e-16
3.766500000000e+01,4.367620397474e-16,4.367588348411e-16,4.101909952058e-16
3.767000000000e+01,4.345836799943e-16,4.345804910646e-16,4.463281705135e-16
3.767500000000e+01,4.324161848554e-16,4.324130118229e-16,4.460991278002e-16
3.768000000000e+01,4.302595001433e-16,4.302563429291e-16,4.255786257895e-16
3.768500000000e+01,4.281135719407e-16,4.281104304663e-16,4.585409406624e-16
3.769000000000e+01,4.259783465993e-16,4.259752207865e-16,4.402568720036e-16
3.769500000000e+01,4.238537707384e-16,4.238506605094e-16,4.347531924532e-16
3.770000000000e+01,4.217397912435e-16,4.217366965209e-16,3.967156181004e-16
3.770500000000e+01,4.196363552651e-16,4.196332759718e-16,4.154997430747e-16
3.771000000000e+01,4.175434102170e-16,4.175403462765e-16,4.034687862388e-16
3.771500000000e+01,4.154609037757e-16,4.154578551115e-16,4.188233623012e-16
3.772000000000e+01,4.133887838784e-16,4.133857504146e-16,4.127580166787e-16
3.772500000000e+01,4.113269987219e-16,4.113239803830e-16,3.934941395658e-16
3.773000000000e+01,4.092754967616e-16,4.092724934722e-16,3.938977755868e-16
3.773500000000e+01,4.072342267097e-16,4.072312383952e-16,4.165668132341e-16
3.774000000000e+01,4.052031375345e-16,4.052001641203e-16,3.958295825672e-16
3.774500000000e+01,4.031821784587e-16,4.031792198706e-16,3.594188792594e-16
3.775000000000e+01,4.011712989581e-16,4.011683551224e-16,4.278409538508e-16
3.775500000000e+01,3.991704487606e-16,3.991675196040e-16,3.927405860084e-16
3.776000000000e+01,3.971795778450e-16,3.971766632944e-16,3.555687388365e-16
3.776500000000e+01,3.951986364394e-16,3.951957364220e-16,3.832414276532e-16
3.777000000000e+01,3.932275750201e-16,3.932246894637e-16,3.767092592682e-16
3.777500000000e+01,3.912663443105e-16,3.912634731430e-16,3.719536703748e-16
3.778000000000e+01,3.893148952797e-16,3.893120384296e-16,4.115334134181e-16
3.778500000000e+01,3.873731791414e-16,3.873703365374e-16,3.659972366255e-16
3.779000000000e+01,3.854411473526e-16,3.854383189238e-16,3.618130285027e-16
3.779500000000e+01,3.835187516125e-16,3.835159372882e-16,3.677302095410e-16
3.780000000000e+01,3.816059438610e-16,3.816031435710e-16,3.911147384304e-16
3.780500000000e+01,3.797026762779e-16,3.796998899523e-16,3.835299927957e-16
3.781000000000e+01,3.778089012814e-16,3.778061288506e-16,3.674874224062e-16
3.781500000000e+01,3.759245715269e-16,3.759218129219e-16,3.758540875432e-16
3.782000000000e+01,3.740496399062e-16,3.740468950580e-16,4.121690083349e-16
3.782500000000e+01,3.721840595459e-16,3.721813283860e-16,3.754534491971e-16
3.783000000000e+01,3.703277838064e-16,3.703250662666e-16,3.359655339520e-16
3.783500000000e+01,3.684807662807e-16,3.684780622931e-16,3.867256477305e-16
3.784000000000e+01,3.666429607932e-16,3.666402702904e-16,3.429203294309e-16
3.784500000000e+01,3.648143213988e-16,3.648116443135e-16,3.397485606213e-16
3.785000000000e+01,3.629948023813e-16,3.629921386467e-16,3.507643008116e-16
3.785500000000e+01,3.611843582528e-16,3.611817078023e-16,3.553636516178e-16
3.786000000000e+01,3.593829437519e-16,3.593803065194e-16,3.492248859050e-16
3.786500000000e+01,3.575905138433e-16,3.575878897629e-16,3.198086967693e-16
3.787000000000e+01,3.558070237161e-16,3.558044127223e-16,3.448470495679e-16
3.787500000000e+01,3.540324287829e-16,3.540298308105e-16,3.435197383122e-16
3.788000000000e+01,3.522666846789e-16,3.522640996629e-16,3.643001343145e-16
3.788500000000e+01,3.505097472603e-16,3.505071751362e-16,3.195872065540e-16
3.789000000000e+01,3.487615726035e-16,3.487590133071e-16,3.372844378489e-16
3.789500000000e+01,3.470221170042e-16,3.470195704715e-16,3.619363418695e-16
3.790000000000e+01,3.452913369759e-16,3.452888031432e-16,3.578635920294e-16
3.790500000000e+01,3.435691892489e-16,3.435666680530e-16,3.524759355748e-16
3.791000000000e+01,3.418556307695e-16,3.418531221474e-16,3.253138595444e-16
3.791500000000e+01,3.401506186986e-16,3.401481225876e-16,3.552624784979e-16
3.792000000000e+01,3.384541104109e-16,3.384516267486e-16,3.178973915093e-16
3.792500000000e+01,3.367660634935e-16,3.367635922180e-16,3.661212584298e-16
3.793000000000e+01,3.350864357452e-16,3.350839767946e-16,3.473297144825e-16
3.793500000000e+01,3.334151851753e-16,3.334127384882e-16,3.581851465398e-16
3.794000000000e+01,3.317522700023e-16,3.317498355175e-16,3.630686586703e-16
3.794500000000e+01,3.300976486533e-16,3.300952263101e-16,3.393475880096e-16
3.795000000000e+01,3.284512797627e-16,3.284488695005e-16,3.310599857185e-16
3.795500000000e+01,3.268131221711e-16,3.268107239297e-16,3.563539731669e-16
3.796000000000e+01,3.251831349246e-16,3.251807486440e-16,3.716267944804e-16
3.796500000000e+01,3.235612772734e-16,3.235589028940e-16,3.231679501993e-16
3.797000000000e+01,3.219475086710e-16,3.219451461334e-16,3.276023767812e-16
3.797500000000e+01,3.203417887730e-16,3.203394380183e-16,3.642298945897e-16
3.798000000000e+01,3.187440774364e-16,3.187417384058e-16,3.568975162572e-16
3.798500000000e+01,3.171543347183e-16,3.171520073533e-16,3.115648573379e-16
3.799000000000e+01,3.155725208751e-16,3.155702051176e-16,3.335101255706e-16
3.799500000000e+01,3.139985963613e-16,3.139962921534e-16,3.605142632613e-16
3.800000000000e+01,3.124325218288e-16,3.124302291128e-16,2.993361173824e-16
3.800500000000e+01,3.108742581256e-16,3.108719768443e-16,3.410685466696e-16
3.801000000000e+01,3.093237662950e-16,3.093214963914e-16,3.154482640997e-16
3.801500000000e+01,3.077810075746e-16,3.077787489920e-16,3.338652009163e-16
3.802000000000e+01,3.062459433955e-16,3.062436960773e-16,2.998654164656e-16
3.802500000000e+01,3.047185353809e-16,3.047162992710e-16,3.024035653446e-16
3.803000000000e+01,3.031987453455e-16,3.031965203881e-16,3.134627760124e-16
3.803500000000e+01,3.016865352946e-16,3.016843214339e-16,3.223799610463e-16
3.804000000000e+01,3.001818674227e-16,3.001796646035e-16,2.998243765872e-16
3.804500000000e+01,2.986847041131e-16,2.986825122804e-16,3.057930299174e-16
3.805000000000e+01,2.971950079367e-16,2.971928270356e-16,3.122737236409e-16
3.805500000000e+01,2.957127416510e-16,2.957105716270e-16,3.292313625573e-16
3.806000000000e+01,2.942378681992e-16,2.942357089981e-16,3.036665499874e-16
3.806500000000e+01,2.927703507094e-16,2.927682022772e-16,2.912941683285e-16
3.807000000000e+01,2.913101524936e-16,2.913080147766e-16,3.213129819061e-16
3.807500000000e+01,2.898572370468e-16,2.898551099916e-16,3.182291426674e-16
3.808000000000e+01,2.884115680460e-16,2.884094515994e-16,2.884045134184e-16
3.808500000000e+01,2.869731093494e-16,2.869710034585e-16,3.139086229369e-16
3.809000000000e+01,2.855418249955e-16,2.855397296076e-16,2.925238341514e-16
3.809500000000e+01,2.841176792021e-16,2.841155942649e-16,3.033295424430e-16
3.810000000000e+01,2.827006363655e-16,2.826985618268e-16,3.115098051061e-16
3.810500000000e+01,2.812906610595e-16,2.812885968675e-16,2.890836423750e-16
3.811000000000e+01,2.798877180346e-16,2.798856641378e-16,3.083855530313e-16
3.811500000000e+01,2.784917722173e-16,2.784897285642e-16,2.842095930023e-16
3.812000000000e+01,2.771027887088e-16,2.771007552484e-16,3.242848033912e-16
3.812500000000e+01,2.757207327844e-16,2.757187094659e-16,2.830290728011e-16
3.813000000000e+01,2.743455698927e-16,2.743435566654e-16,2.823123215742e-16
3.813500000000e+01,2.729772656546e-16,2.729752624682e-16,2.870543598955e-16
3.814000000000e+01,2.716157858623e-16,2.716137926668e-16,2.891739949534e-16
3.814500000000e+01,2.702610964788e-16,2.702591132243e-16,2.787339384828e-16
3.815000000000e+01,2.689131636367e-16,2.689111902737e-16,2.727291777333e-16
3.815500000000e+01,2.675719536378e-16,2.675699901169e-16,3.016024960286e-16
3.816000000000e+01,2.662374329516e-16,2.662354792238e-16,2.472328498138e-16
3.816500000000e+01,2.649095682152e-16,2.649076242315e-16,2.274691809319e-16
3.817000000000e+01,2.635883262317e-16,2.635863919436e-16,2.715648750519e-16
3.817500000000e+01,2.622736739701e-16,2.622717493293e-16,2.705544793896e-16
3.818000000000e+01,2.609655785640e-16,2.609636635223e-16,2.774779379430e-16
3.818500000000e+01,2.596640073110e-16,2.596621018206e-16,2.514400404199e-16
3.819000000000e+01,2.583689276716e-16,2.583670316849e-16,2.678855781922e-16
3.819500000000e+01,2.570803072689e-16,2.570784207384e-16,2.414956390203e-16
3.820000000000e+01,2.557981138873e-16,2.557962367659e-16,2.499890322910e-16
3.820500000000e+01,2.545223154719e-16,2.545204477126e-16,2.405362604277e-16
3.821000000000e+01,2.532528801276e-16,2.532510216837e-16,2.810539274028e-16
3.821500000000e+01,2.519897761185e-16,2.519879269436e-16,2.840316618401e-16
3.822000000000e+01,2.507329718669e-16,2.507311319148e-16,2.413329739545e-16
3.822500000000e+01,2.494824359526e-16,2.494806051773e-16,2.381724408667e-16
3.823000000000e+01,2.482381371123e-16,2.482363154680e-16,2.543763952456e-16
3.823500000000e+01,2.470000442383e-16,2.469982316794e-16,2.678048072076e-16
3.824000000000e+01,2.457681263783e-16,2.457663228596e-16,2.238710687304e-16
3.824500000000e+01,2.445423527342e-16,2.445405582106e-16,2.530901547116e-16
3.825000000000e+01,2.433226926617e-16,2.433209070882e-16,2.794105529849e-16
3.825500000000e+01,2.421091156692e-16,2.421073390013e-16,2.523269175054e-16
3.826000000000e+01,2.409015914172e-16,2.408998236104e-16,2.572862534288e-16
3.826500000000e+01,2.397000897175e-16,2.396983307277e-16,2.177707494376e-16
3.827000000000e+01,2.385045805325e-16,2.385028303157e-16,2.276903381687e-16
3.827500000000e+01,2.373150421087e-16,2.373132924869e-16,2.238287732764e-16
3.828000000000e+01,2.361314361358e-16,2.361296875028e-16,2.475497088723e-16
3.828500000000e+01,2.349537330449e-16,2.349519857731e-16,2.376549575006e-16
3.829000000000e+01,2.337819034138e-16,2.337801578554e-16,2.034234698570e-16
3.829500000000e+01,2.326159179659e-16,2.326141744537e-16,2.600707011953e-16
3.830000000000e+01,2.314557475698e-16,2.314540064185e-16,2.306030280852e-16
3.830500000000e+01,2.303013632388e-16,2.302996247456e-16,2.104130981433e-16
3.831000000000e+01,2.291527361298e-16,2.291510005753e-16,2.058172140338e-16
3.831500000000e+01,2.280098375428e-16,2.280081051919e-16,2.283679644009e-16
3.832000000000e+01,2.268726389204e-16,2.268709100230e-16,2.226285461191e-16
3.832500000000e+01,2.257411118468e-16,2.257393866387e-16,1.887628711926e-16
3.833000000000e+01,2.246152280474e-16,2.246135067508e-16,2.296658018972e-16
3.833500000000e+01,2.234949593881e-16,2.234932422123e-16,2.068200598783e-16
3.834000000000e+01,2.223802778742e-16,2.223785650164e-16,1.919301757649e-16
3.834500000000e+01,2.212711556505e-16,2.212694472963e-16,2.156074698775e-16
3.835000000000e+01,2.201675650000e-16,2.201658613239e-16,2.205152143531e-16
3.835500000000e+01,2.190694783434e-16,2.190677795095e-16,2.366276463292e-16
3.836000000000e+01,2.179768682386e-16,2.179751744010e-16,2.225224344401e-16
3.836500000000e+01,2.168897073798e-16,2.168880186832e-16,1.718761531191e-16
3.837000000000e+01,2.158079685972e-16,2.158062851771e-16,2.317754868367e-16
3.837500000000e+01,2.147316248559e-16,2.147299468395e-16,1.933769588484e-16
3.838000000000e+01,2.136606492554e-16,2.136589767616e-16,1.924694965196e-16
3.838500000000e+01,2.125950150291e-16,2.125933481694e-16,1.996780631685e-16
3.839000000000e+01,2.115346955437e-16,2.115330344219e-16,2.014304143725e-16
3.839500000000e+01,2.104796642982e-16,2.104780090113e-16,2.021313848199e-16
3.840000000000e+01,2.094298949235e-16,2.094282455618e-16,1.819369223590e-16
3.840500000000e+01,2.083853611817e-16,2.083837178295e-16,2.010325209822e-16
3.841000000000e+01,2.073460369656e-16,2.073443997009e-16,1.874780309092e-16
3.841500000000e+01,2.063118962978e-16,2.063102651931e-16,1.967488417890e-16
3.842000000000e+01,2.052829133303e-16,2.052812884527e-16,2.055004254425e-16
3.842500000000e+01,2.042590623436e-16,2.042574437552e-16,1.734135356212e-16
3.843000000000e+01,2.032403177466e-16,2.032387055044e-16,1.806737526797e-16
3.843500000000e+01,2.022266540752e-16,2.022250482318e-16,2.013124391101e-16
3.844000000000e+01,2.012180459924e-16,2.012164465960e-16,1.971939798494e-16
3.844500000000e+01,2.002144682872e-16,2.002128753818e-16,1.751906464856e-16
3.845000000000e+01,1.992158958742e-16,1.992143095000e-16,1.804546996285e-16
3.845500000000e+01,1.982223037929e-16,1.982207239862e-16,1.876629841215e-16
3.846000000000e+01,1.972336672073e-16,1.972320940009e-16,1.946912708669e-16
3.846500000000e+01,1.962499614048e-16,1.962483948282e-16,1.627885694206e-16
3.847000000000e+01,1.952711617962e-16,1.952696018756e-16,1.663830833521e-16
3.847500000000e+01,1.942972439145e-16,1.942956906732e-16,1.885712198102e-16
3.848000000000e+01,1.933281834148e-16,1.933266368732e-16,1.705497939772e-16
3.848500000000e+01,1.923639560735e-16,1.923624162492e-16,1.632921847957e-16
3.849000000000e+01,1.914045377875e-16,1.914030046956e-16,1.757826658252e-16
3.849500000000e+01,1.904499045739e-16,1.904483782271e-16,1.895979447687e-16
3.850000000000e+01,1.895000325695e-16,1.894985129780e-16,1.763474795781e-16
3.850500000000e+01,1.885548980296e-16,1.885533852015e-16,1.831165762624e-16
3.851000000000e+01,1.876144773281e-16,1.876129712696e-16,1.999536048692e-16
3.851500000000e+01,1.866787469566e-16,1.866772476716e-16,1.841756482694e-16
3.852000000000e+01,1.857476835238e-16,1.857461910146e-16,1.825839533949e-16
3.852500000000e+01,1.848212637550e-16,1.848197780220e-16,1.495557003339e-16
3.853000000000e+01,1.838994644915e-16,1.838979855336e-16,2.053490662157e-16
3.853500000000e+01,1.829822626900e-16,1.829807905043e-16,2.141394791281e-16
3.854000000000e+01,1.820696354222e-16,1.820681700043e-16,2.012428149566e-16
3.854500000000e+01,1.811615598738e-16,1.811601012181e-16,1.641312462914e-16
3.855000000000e+01,1.802580133445e-16,1.802565614438e-16,1.745241364798e-16
3.855500000000e+01,1.793589732469e-16,1.793575280929e-16,1.941035322147e-16
3.856000000000e+01,1.784644171063e-16,1.784629786896e-16,1.707998673530e-16
3.856500000000e+01,1.775743225602e-16,1.775728908701e-16,2.071478369089e-16
3.857000000000e+01,1.766886673573e-16,1.766872423820e-16,1.472476176983e-16
3.857500000000e+01,1.758074293575e-16,1.758060110843e-16,1.663609558656e-16
3.858000000000e+01,1.749305865307e-16,1.749291749459e-16,1.880242299304e-16
3.858500000000e+01,1.740581169570e-16,1.740567120461e-16,1.457707184450e-16
3.859000000000e+01,1.731899988255e-16,1.731886005731e-16,1.845865526070e-16
3.859500000000e+01,1.723262104343e-16,1.723248188241e-16,1.829264584401e-16
3.860000000000e+01,1.714667301896e-16,1.714653452046e-16,1.905430122870e-16
3.860500000000e+01,1.706115366050e-16,1.706101582277e-16,1.551247574480e-16
3.861000000000e+01,1.697606083016e-16,1.697592365136e-16,1.412739558691e-16
3.861500000000e+01,1.689139240069e-16,1.689125587893e-16,1.771300662252e-16
3.862000000000e+01,1.680714625545e-16,1.680701038877e-16,1.582785582815e-16
3.862500000000e+01,1.672332028835e-16,1.672318507474e-16,1.677200705976e-16
3.863000000000e+01,1.663991240381e-16,1.663977784122e-16,1.722055002370e-16
3.863500000000e+01,1.655692051669e-16,1.655678660301e-16,1.448178569136e-16
3.864000000000e+01,1.647434255225e-16,1.647420928532e-16,1.718820678933e-16
3.864500000000e+01,1.639217644609e-16,1.639204382373e-16,1.640741570273e-16
3.865000000000e+01,1.631042014412e-16,1.631028816408e-16,1.335866308537e-16
3.865500000000e+01,1.622907160247e-16,1.622894026249e-16,1.698273013839e-16
3.866000000000e+01,1.614812878748e-16,1.614799808525e-16,1.805368481355e-16
3.866500000000e+01,1.606758967562e-16,1.606745960880e-16,1.482984985038e-16
3.867000000000e+01,1.598745225345e-16,1.598732281968e-16,1.489799670580e-16
3.867500000000e+01,1.590771451758e-16,1.590758571447e-16,1.591541969556e-16
3.868000000000e+01,1.582837447460e-16,1.582824629972e-16,1.691850106616e-16
3.868500000000e+01,1.574943014104e-16,1.574930259196e-16,1.307841872251e-16
3.869000000000e+01,1.567087954333e-16,1.567075261758e-16,1.497698531118e-16
3.869500000000e+01,1.559272071774e-16,1.559259441284e-16,1.525321391244e-16
3.870000000000e+01,1.551495171032e-16,1.551482602376e-16,1.659073694007e-16
3.870500000000e+01,1.543757057688e-16,1.543744550615e-16,1.280762785919e-16
3.871000000000e+01,1.536057538291e-16,1.536045092547e-16,1.468237045156e-16
3.871500000000e+01,1.528396420356e-16,1.528384035687e-16,1.606762422241e-16
3.872000000000e+01,1.520773512358e-16,1.520761188508e-16,1.556675092957e-16
3.872500000000e+01,1.513188623725e-16,1.513176360437e-16,1.367634880371e-16
3.873000000000e+01,1.505641564838e-16,1.505629361854e-16,1.301236645419e-16
3.873500000000e+01,1.498132147023e-16,1.498120004084e-16,1.533095737296e-16
3.874000000000e+01,1.490660182546e-16,1.490648099392e-16,1.608490698231e-16
3.874500000000e+01,1.483225484608e-16,1.483213460979e-16,1.403511553822e-16
3.875000000000e+01,1.475827867346e-16,1.475815902981e-16,1.457850459185e-16
3.875500000000e+01,1.468467145819e-16,1.468455240457e-16,1.652791014958e-16
3.876000000000e+01,1.461143136011e-16,1.461131289391e-16,1.754850838626e-16
3.876500000000e+01,1.453855654823e-16,1.453843866683e-16,1.204049431434e-16
3.877000000000e+01,1.446604520070e-16,1.446592790147e-16,1.573541164665e-16
3.877500000000e+01,1.439389550474e-16,1.439377878507e-16,1.672844228211e-16
3.878000000000e+01,1.432210565663e-16,1.432198951388e-16,1.697161752538e-16
3.878500000000e+01,1.425067386162e-16,1.425055829318e-16,1.461709041188e-16
3.879000000000e+01,1.417959833393e-16,1.417948333717e-16,1.404657390753e-16
3.879500000000e+01,1.410887729669e-16,1.410876286899e-16,1.589318325254e-16
3.880000000000e+01,1.403850898188e-16,1.403839512062e-16,1.744121940178e-16
3.880500000000e+01,1.396849163028e-16,1.396837833285e-16,1.640615683076e-16
3.881000000000e+01,1.389882349149e-16,1.389871075527e-16,1.353312702887e-16
3.881500000000e+01,1.382950282381e-16,1.382939064619e-16,1.825674568150e-16
3.882000000000e+01,1.376052789421e-16,1.376041627258e-16,1.695352908940e-16
3.882500000000e+01,1.369189697835e-16,1.369178591011e-16,1.696625443027e-16
3.883000000000e+01,1.362360836044e-16,1.362349784299e-16,1.560091163103e-16
3.883500000000e+01,1.355566033328e-16,1.355555036403e-16,1.888492283852e-16
3.884000000000e+01,1.348805119817e-16,1.348794177454e-16,1.660972792135e-16
3.884500000000e+01,1.342077926489e-16,1.342067038429e-16,1.211395120288e-16
3.885000000000e+01,1.335384285164e-16,1.335373451150e-16,1.551239053777e-16
3.885500000000e+01,1.328724028503e-16,1.328713248277e-16,1.640738732559e-16
3.886000000000e+01,1.322096989997e-16,1.322086263304e-16,1.485990646682e-16
3.886500000000e+01,1.315503003973e-16,1.315492330557e-16,1.240256213639e-16
3.887000000000e+01,1.308941905581e-16,1.308931285186e-16,1.449323913496e-16
3.887500000000e+01,1.302413530793e-16,1.302402963166e-16,1.474823348215e-16
3.888000000000e+01,1.295917716400e-16,1.295907201288e-16,1.518027359298e-16
3.888500000000e+01,1.289454300008e-16,1.289443837157e-16,1.377434034653e-16
3.889000000000e+01,1.283023120030e-16,1.283012709189e-16,1.107845328841e-16
3.889500000000e+01,1.276624015687e-16,1.276613656606e-16,1.327631588057e-16
3.890000000000e+01,1.270256827003e-16,1.270246519431e-16,1.370590892975e-16
3.890500000000e+01,1.263921394797e-16,1.263911138485e-16,1.079934582493e-16
3.891000000000e+01,1.257617560684e-16,1.257607355383e-16,1.256562618675e-16
3.891500000000e+01,1.251345167067e-16,1.251335012531e-16,1.503678243974e-16
3.892000000000e+01,1.245104057138e-16,1.245093953119e-16,1.508076749610e-16
3.892500000000e+01,1.238894074868e-16,1.238884021120e-16,1.269069186823e-16
3.893000000000e+01,1.232715065008e-16,1.232705061287e-16,1.066001930016e-16
3.893500000000e+01,1.226566873082e-16,1.226556919145e-16,1.296070784096e-16
3.894000000000e+01,1.220449345387e-16,1.220439440989e-16,1.339712863950e-16
3.894500000000e+01,1.214362328982e-16,1.214352473883e-16,9.893906226451e-17
3.895000000000e+01,1.208305671694e-16,1.208295865652e-16,1.333522601567e-16
3.895500000000e+01,1.202279222106e-16,1.202269464881e-16,1.113850080160e-16
3.896000000000e+01,1.196282829555e-16,1.196273120909e-16,1.313979142019e-16
3.896500000000e+01,1.190316344133e-16,1.190306683827e-16,1.418797733635e-16
3.897000000000e+01,1.184379616678e-16,1.184370004474e-16,1.163906224743e-16
3.897500000000e+01,1.178472498770e-16,1.178462934433e-16,1.027857334846e-16
3.898000000000e+01,1.172594842732e-16,1.172585326027e-16,1.019341242119e-16
3.898500000000e+01,1.166746501622e-16,1.166737032315e-16,1.160427741299e-16
3.899000000000e+01,1.160927329233e-16,1.160917907090e-16,1.357319861796e-16
3.899500000000e+01,1.155137180083e-16,1.155127804873e-16,1.171017435956e-16
3.900000000000e+01,1.149375909420e-16,1.149366580911e-16,1.207819202880e-16
3.900500000000e+01,1.143643373211e-16,1.143634091173e-16,1.004590630206e-16
3.901000000000e+01,1.137939428143e-16,1.137930192348e-16,1.127104404642e-16
3.901500000000e+01,1.132263931618e-16,1.132254741836e-16,9.673510026137e-17
3.902000000000e+01,1.126616741747e-16,1.126607597752e-16,8.309197680632e-17
3.902500000000e+01,1.120997717350e-16,1.120988618917e-16,7.855332150813e-17
3.903000000000e+01,1.115406717953e-16,1.115397664855e-16,1.034975891055e-16
3.903500000000e+01,1.109843603779e-16,1.109834595793e-16,1.148243506566e-16
3.904000000000e+01,1.104308235751e-16,1.104299272654e-16,1.050295673698e-16
3.904500000000e+01,1.098800475485e-16,1.098791557054e-16,1.026986002474e-16
3.905000000000e+01,1.093320185285e-16,1.093311311300e-16,9.845067042343e-17
3.905500000000e+01,1.087867228145e-16,1.087858398386e-16,8.702549461504e-17
3.906000000000e+01,1.082441467741e-16,1.082432681989e-16,9.865256637849e-17
3.906500000000e+01,1.077042768428e-16,1.077034026465e-16,7.095921881080e-17
3.907000000000e+01,1.071670995239e-16,1.071662296848e-16,9.928273040523e-17
3.907500000000e+01,1.066326013879e-16,1.066317358844e-16,1.035242464169e-16
3.908000000000e+01,1.061007690723e-16,1.060999078829e-16,1.297363541095e-16
3.908500000000e+01,1.055715892814e-16,1.055707323847e-16,7.116237693176e-17
3.909000000000e+01,1.050450487855e-16,1.050441961603e-16,1.005621712946e-16
3.909500000000e+01,1.045211344212e-16,1.045202860463e-16,8.021776135923e-17
3.910000000000e+01,1.039998330906e-16,1.039989889448e-16,9.223194555543e-17
3.910500000000e+01,1.034811317611e-16,1.034802918235e-16,7.218447161569e-17
3.911000000000e+01,1.029650174652e-16,1.029641817149e-16,9.547985728328e-17
3.911500000000e+01,1.024514773000e-16,1.024506457162e-16,1.013939774107e-16
3.912000000000e+01,1.019404984270e-16,1.019396709890e-16,1.025792892163e-16
3.912500000000e+01,1.014320680716e-16,1.014312447588e-16,1.092541354143e-16
3.913000000000e+01,1.009261735232e-16,1.009253543151e-16,9.762629072229e-17
3.913500000000e+01,1.004228021342e-16,1.004219870104e-16,9.130416949678e-17
3.914000000000e+01,9.992194132047e-17,9.992113026071e-17,8.416064382020e-17
3.914500000000e+01,9.942357856038e-17,9.942277154444e-17,7.854311067349e-17
3.915000000000e+01,9.892770139486e-17,9.892689840264e-17,9.881496919340e-17
3.915500000000e+01,9.843429742696e-17,9.843349843846e-17,1.209798151682e-16
3.916000000000e+01,9.794335432156e-17,9.794255931686e-17,1.239244745532e-16
3.916500000000e+01,9.745485980505e-17,9.745406876434e-17,3.965656401364e-17
3.917000000000e+01,9.696880166505e-17,9.696801456862e-17,1.022040394591e-16
3.917500000000e+01,9.648516775009e-17,9.648438457832e-17,9.415233478273e-17
3.918000000000e+01,9.600394596930e-17,9.600316670265e-17,8.504827670372e-17
3.918500000000e+01,9.552512429210e-17,9.552434891115e-17,7.024795819391e-17
3.919000000000e+01,9.504869074793e-17,9.504791923335e-17,1.184584700963e-16
3.919500000000e+01,9.457463342594e-17,9.457386575848e-17,9.698711815315e-17
3.920000000000e+01,9.410294047467e-17,9.410217663519e-17,8.543674103513e-17
3.920500000000e+01,9.363360010176e-17,9.363284007120e-17,9.798497909568e-17
3.921000000000e+01,9.316660057370e-17,9.316584433310e-17,5.853664476772e-17
3.921500000000e+01,9.270193021546e-17,9.270117774596e-17,8.666883305990e-17
3.922000000000e+01,9.223957741028e-17,9.223882869309e-17,8.145930917087e-17
3.922500000000e+01,9.177953059929e-17,9.177878561574e-17,4.954671706153e-17
3.923000000000e+01,9.132177828132e-17,9.132103701281e-17,8.044174099672e-17
3.923500000000e+01,9.086630901253e-17,9.086557144056e-17,8.435413996948e-17
3.924000000000e+01,9.041311140617e-17,9.041237751233e-17,1.248156291516e-16
3.924500000000e+01,8.996217413228e-17,8.996144389825e-17,6.494461636849e-17
3.925000000000e+01,8.951348591740e-17,8.951275932495e-17,6.778844942807e-17
3.925500000000e+01,8.906703554430e-17,8.906631257530e-17,5.583308901718e-17
3.926000000000e+01,8.862281185171e-17,8.862209248810e-17,8.425290386177e-17
3.926500000000e+01,8.818080373400e-17,8.818008795783e-17,8.804794590309e-17
3.927000000000e+01,8.774100014096e-17,8.774028793435e-17,9.614945385963e-17
3.927500000000e+01,8.730339007747e-17,8.730268142263e-17,7.187437480793e-17
3.928000000000e+01,8.686796260326e-17,8.686725748250e-17,9.982891873839e-17
3.928500000000e+01,8.643470683262e-17,8.643400522833e-17,8.537731835067e-17
3.929000000000e+01,8.600361193414e-17,8.600291382880e-17,5.809207993785e-17
3.929500000000e+01,8.557466713041e-17,8.557397250659e-17,8.083489139026e-17
3.930000000000e+01,8.514786169781e-17,8.514717053815e-17,5.039206835779e-17
3.930500000000e+01,8.472318496617e-17,8.472249725340e-17,6.697718738593e-17
3.931000000000e+01,8.430062631855e-17,8.429994203550e-17,9.710135162449e-17
3.931500000000e+01,8.388017519096e-17,8.387949432055e-17,9.914258839658e-17
3.932000000000e+01,8.346182107211e-17,8.346114359731e-17,1.196574088754e-16
3.932500000000e+01,8.304555350312e-17,8.304487940702e-17,6.297561369568e-17
3.933000000000e+01,8.263136207728e-17,8.263069134304e-17,1.056565069181e-16
3.933500000000e+01,8.221923643979e-17,8.221856905064e-17,9.416737486973e-17
3.934000000000e+01,8.180916628747e-17,8.180850222675e-17,6.945178496939e-17
3.934500000000e+01,8.140114136857e-17,8.140048061968e-17,3.408757690034e-17
3.935000000000e+01,8.099515148243e-17,8.099449402886e-17,8.388988564979e-17
3.935500000000e+01,8.059118647928e-17,8.059053230462e-17,7.045298027791e-17
3.936000000000e+01,8.018923625999e-17,8.018858534788e-17,6.893258493775e-17
3.936500000000e+01,7.978929077577e-17,7.978864310994e-17,3.488223508946e-17
3.937000000000e+01,7.939134002797e-17,7.939069559224e-17,7.551242336174e-17
3.937500000000e+01,7.899537406779e-17,7.899473284607e-17,5.746491590194e-17
3.938000000000e+01,7.860138299608e-17,7.860074497233e-17,5.426202497766e-17
3.938500000000e+01,7.820935696302e-17,7.820872212131e-17,3.377011835348e-17
3.939000000000e+01,7.781928616796e-17,7.781865449242e-17,4.970249492285e-17
3.939500000000e+01,7.743116085910e-17,7.743053233394e-17,5.624150110333e-17
3.940000000000e+01,7.704497133328e-17,7.704434594280e-17,8.657276610536e-17
3.940500000000e+01,7.666070793576e-17,7.666008566433e-17,2.759056114235e-17
3.941000000000e+01,7.627836105992e-17,7.627774189199e-17,7.008750145367e-17
3.941500000000e+01,7.589792114708e-17,7.589730506716e-17,4.270990383681e-17
3.942000000000e+01,7.551937868621e-17,7.551876567892e-17,4.679129402109e-17
3.942500000000e+01,7.514272421374e-17,7.514211426376e-17,5.699282179862e-17
3.943000000000e+01,7.476794831329e-17,7.476734140536e-17,8.902484012337e-17
3.943500000000e+01,7.439504161543e-17,7.439443773439e-17,6.342905217542e-17
3.944000000000e+01,7.402399479748e-17,7.402339392824e-17,6.296112105028e-17
3.944500000000e+01,7.365479858325e-17,7.365420071080e-17,7.911223802191e-17
3.945000000000e+01,7.328744374283e-17,7.328684885221e-17,6.691657127889e-17
3.945500000000e+01,7.292192109231e-17,7.292132916865e-17,6.567147158653e-17
3.946000000000e+01,7.255822149361e-17,7.255763252213e-17,7.427605486645e-17
3.946500000000e+01,7.219633585422e-17,7.219574982019e-17,5.217553951673e-17
3.947000000000e+01,7.183625512699e-17,7.183567201577e-17,5.268800914236e-17
3.947500000000e+01,7.147797030987e-17,7.147739010688e-17,6.587791071454e-17
3.948000000000e+01,7.112147244573e-17,7.112089513647e-17,7.521374485506e-17
3.948500000000e+01,7.076675262211e-17,7.076617819214e-17,1.355189517443e-17
3.949000000000e+01,7.041380197098e-17,7.041323040595e-17,6.119200463856e-17
3.949500000000e+01,7.006261166857e-17,7.006204295419e-17,4.326726640101e-17
3.950000000000e+01,6.971317293510e-17,6.971260705716e-17,4.457828705249e-17
3.950500000000e+01,6.936547703458e-17,6.936491397893e-17,1.038026073103e-17
3.951000000000e+01,6.901951527459e-17,6.901895502716e-17,9.048751799824e-17
3.951500000000e+01,6.867527900608e-17,6.867472155286e-17,3.421311619820e-17
3.952000000000e+01,6.833275962312e-17,6.833220495018e-17,5.416880464007e-17
3.952500000000e+01,6.799194856271e-17,6.799139665618e-17,7.462281704716e-17
3.953000000000e+01,6.765283730455e-17,6.765228815064e-17,4.386334491358e-17
3.953500000000e+01,6.731541737085e-17,6.731487095582e-17,4.094751420639e-17
3.954000000000e+01,6.697968032609e-17,6.697913663629e-17,3.734179243856e-17
3.954500000000e+01,6.664561777682e-17,6.664507679866e-17,4.623930853609e-17
3.955000000000e+01,6.631322137146e-17,6.631268309142e-17,2.871601955963e-17
3.955500000000e+01,6.598248280010e-17,6.598194720471e-17,5.342884863715e-17
3.956000000000e+01,6.565339379423e-17,6.565286087012e-17,9.331915761360e-17
3.956500000000e+01,6.532594612663e-17,6.532541586047e-17,4.380346448992e-17
3.957000000000e+01,6.500013161109e-17,6.499960398962e-17,5.566860602776e-17
3.957500000000e+01,6.467594210222e-17,6.467541711226e-17,1.413736091489e-17
3.958000000000e+01,6.435336949527e-17,6.435284712369e-17,7.070060763916e-17
3.958500000000e+01,6.403240572591e-17,6.403188595965e-17,2.168263330184e-17
3.959000000000e+01,6.371304277002e-17,6.371252559609e-17,9.628749169802e-17
3.959500000000e+01,6.339527264352e-17,6.339475804900e-17,3.289933116900e-17
3.960000000000e+01,6.307908740214e-17,6.307857537415e-17,1.011613679565e-16
3.960500000000e+01,6.276447914123e-17,6.276396966698e-17,4.768546596776e-17
3.961000000000e+01,6.245143999557e-17,6.245093306231e-17,5.199807695628e-17
3.961500000000e+01,6.213996213915e-17,6.213945773423e-17,-7.804281282031e-18
3.962000000000e+01,6.183003778503e-17,6.182953589582e-17,4.163149487331e-17
3.962500000000e+01,6.152165918507e-17,6.152115979904e-17,3.707491076329e-17
3.963000000000e+01,6.121481862980e-17,6.121432173445e-17,3.354428646133e-17
3.963500000000e+01,6.090950844817e-17,6.090901403109e-17,5.956130030654e-17
3.964000000000e+01,6.060572100744e-17,6.060522905626e-17,5.612676241955e-17
3.964500000000e+01,6.030344871288e-17,6.030295921531e-17,8.111910180248e-18
3.965000000000e+01,6.000268400768e-17,6.000219695148e-17,6.408132595954e-17
3.965500000000e+01,5.970341937270e-17,5.970293474570e-17,5.899218620748e-18
3.966000000000e+01,5.940564732632e-17,5.940516511640e-17,3.049925030526e-17
3.966500000000e+01,5.910936042422e-17,5.910888061932e-17,-6.496102965411e-18
3.967000000000e+01,5.881455125920e-17,5.881407384733e-17,8.087090637835e-17
3.967500000000e+01,5.852121246103e-17,5.852073743025e-17,4.018606318315e-17
3.968000000000e+01,5.822933669622e-17,5.822886403466e-17,1.717709443135e-17
3.968500000000e+01,5.793891666785e-17,5.793844636370e-17,4.307945443542e-17
3.969000000000e+01,5.764994511543e-17,5.764947715692e-17,5.873685699989e-17
3.969500000000e+01,5.736241481463e-17,5.736194919007e-17,1.290565318987e-18
3.970000000000e+01,5.707631857719e-17,5.707585527493e-17,3.102896907263e-17
3.970500000000e+01,5.679164925068e-17,5.679118825915e-17,-5.310150924373e-18
3.971000000000e+01,5.650839971837e-17,5.650794102604e-17,4.314982809193e-17
3.971500000000e+01,5.622656289899e-17,5.622610649439e-17,2.897649614916e-17
3.972000000000e+01,5.594613174661e-17,5.594567761834e-17,4.492211820089e-17
3.972500000000e+01,5.566709925044e-17,5.566664738714e-17,4.856018972169e-18
3.973000000000e+01,5.538945843465e-17,5.538900882502e-17,4.582553972220e-17
3.973500000000e+01,5.511320235820e-17,5.511275499101e-17,2.176030927820e-17
3.974000000000e+01,5.483832411469e-17,5.483787897874e-17,4.307553434891e-17
3.974500000000e+01,5.456481683213e-17,5.456437391631e-17,1.348978782190e-17
3.975000000000e+01,5.429267367284e-17,5.429223296606e-17,5.162313110535e-17
3.975500000000e+01,5.402188783321e-17,5.402144932447e-17,6.559589152176e-17
3.976000000000e+01,5.375245254359e-17,5.375201622192e-17,3.472279825255e-17
3.976500000000e+01,5.348436106809e-17,5.348392692258e-17,6.833344784989e-17
3.977000000000e+01,5.321760670440e-17,5.321717472420e-17,3.484937926000e-17
3.977500000000e+01,5.295218385527e-17,5.295175295795e-17,4.069307899068e-17
3.978000000000e+01,5.268808475585e-17,5.268765498829e-17,7.902022619851e-18
3.978500000000e+01,5.242530280648e-17,5.242487421275e-17,3.345038786944e-17
3.979000000000e+01,5.216383144025e-17,5.216340406179e-17,2.973381732073e-17
3.979500000000e+01,5.190366412292e-17,5.190323799865e-17,5.356445394167e-17
3.980000000000e+01,5.164479435271e-17,5.164436951917e-17,6.145830935378e-17
3.980500000000e+01,5.138721566016e-17,5.138679215161e-17,1.615154912378e-17
3.981000000000e+01,5.113092160799e-17,5.113049945653e-17,4.340653370548e-17
3.981500000000e+01,5.087590579090e-17,5.087548502660e-17,2.426884061537e-17
3.982000000000e+01,5.062216183547e-17,5.062174248645e-17,3.958655552064e-17
3.982500000000e+01,5.036968339997e-17,5.036926549250e-17,-6.919924373339e-18
3.983000000000e+01,5.011846417423e-17,5.011804773280e-17,4.499670419166e-17
3.983500000000e+01,4.986849787945e-17,4.986808292691e-17,3.286856276729e-17
3.984000000000e+01,4.961977826808e-17,4.961936482569e-17,3.125803261715e-17
3.984500000000e+01,4.937229912366e-17,4.937188721118e-17,4.784540439017e-17
3.985000000000e+01,4.912605426068e-17,4.912564389642e-17,1.925116079916e-17
3.985500000000e+01,4.888103752438e-17,4.888062872531e-17,1.055432676868e-17
3.986000000000e+01,4.863724279067e-17,4.863683557247e-17,2.228167560920e-17
3.986500000000e+01,4.839466396593e-17,4.839425834305e-17,2.519205329733e-18
3.987000000000e+01,4.815329498687e-17,4.815289097261e-17,4.242421992233e-17
3.987500000000e+01,4.791312982041e-17,4.791272742695e-17,2.728632676883e-17
3.988000000000e+01,4.767416246349e-17,4.767376170197e-17,4.381905106086e-17
3.988500000000e+01,4.743638694294e-17,4.743598782352e-17,1.051527731053e-17
3.989000000000e+01,4.719979731536e-17,4.719939984724e-17,5.120191602128e-17
3.989500000000e+01,4.696438766691e-17,4.696399185841e-17,-1.131959858286e-17
3.990000000000e+01,4.673015211324e-17,4.672975797182e-17,4.372778000599e-17
3.990500000000e+01,4.649708479930e-17,4.649669233161e-17,2.298468987714e-17
3.991000000000e+01,4.626517989919e-17,4.626478911114e-17,4.623075304538e-17
3.991500000000e+01,4.603443161605e-17,4.603404251280e-17,2.432610275207e-17
3.992000000000e+01,4.580483418188e-17,4.580444676792e-17,5.083047698094e-17
3.992500000000e+01,4.557638185743e-17,4.557599613660e-17,5.699674568281e-17
3.993000000000e+01,4.534906893205e-17,4.534868490755e-17,5.299153463674e-17
3.993500000000e+01,4.512288972351e-17,4.512250739799e-17,1.251089956760e-17
3.994000000000e+01,4.489783857793e-17,4.489745795347e-17,-8.962000451265e-18
3.994500000000e+01,4.467390986959e-17,4.467353094773e-17,1.222242069333e-17
3.995000000000e+01,4.445109800079e-17,4.445072078259e-17,2.806651303667e-17
3.995500000000e+01,4.422939740174e-17,4.422902188779e-17,3.738671715330e-17
3.996000000000e+01,4.400880253040e-17,4.400842872083e-17,2.231279674303e-17
3.996500000000e+01,4.378930787236e-17,4.378893576689e-17,5.832461690075e-18
3.997000000000e+01,4.357090794067e-17,4.357053753862e-17,5.710934798471e-17
3.997500000000e+01,4.335359727575e-17,4.335322857606e-17,3.139381647966e-17
3.998000000000e+01,4.313737044522e-17,4.313700344648e-17,4.068052144666e-17
3.998500000000e+01,4.292222204378e-17,4.292185674422e-17,1.921508387025e-17
3.999000000000e+01,4.270814669307e-17,4.270778309062e-17,3.240467035833e-17
3.999500000000e+01,4.249513904153e-17,4.249477713382e-17,2.496590212747e-17
